panel,gender_of_panel,label,label_display,system,activity,role,model,gender_of_row,score_type,pearson_r,score_pvalue,n_seeds,n_subjects,used_by_figure,description
b,male,L_HDL_P,L Hdl P,nightingale_group,activity_self_selected_gait_speed,full model,long_seq,male,pearson_r,0.4581644643018297,3.4036590436841856e-42,10,1598,True,"HDL particle number - measures the total number of high-density lipoprotein particles, a key cardiovascular risk marker"
b,male,L_HDL_P,L Hdl P,nightingale_group,activity_self_selected_gait_speed,masked head,long_masked_head,male,pearson_r,0.4562750779827166,6.523679092514967e-42,10,1598,True,"HDL particle number - measures the total number of high-density lipoprotein particles, a key cardiovascular risk marker"
b,male,L_HDL_P,L Hdl P,nightingale_group,activity_self_selected_gait_speed,masked arms,long_masked_arms,male,pearson_r,0.461796398399631,2.1868995143150497e-42,10,1598,True,"HDL particle number - measures the total number of high-density lipoprotein particles, a key cardiovascular risk marker"
b,male,L_HDL_P,L Hdl P,nightingale_group,activity_self_selected_gait_speed,masked torso,long_masked_torso,male,pearson_r,0.4605815997089117,1.3861203133983013e-42,10,1598,True,"HDL particle number - measures the total number of high-density lipoprotein particles, a key cardiovascular risk marker"
b,male,L_HDL_P,L Hdl P,nightingale_group,activity_self_selected_gait_speed,masked legs,long_masked_legs,male,pearson_r,0.4560307379186837,8.919425656694687e-42,10,1598,True,"HDL particle number - measures the total number of high-density lipoprotein particles, a key cardiovascular risk marker"
b,male,L_HDL_P,L Hdl P,nightingale_group,activity_self_selected_gait_speed,all but head,long_all_but_head,male,pearson_r,0.4646723997920835,2.5159161139512153e-43,10,1598,True,"HDL particle number - measures the total number of high-density lipoprotein particles, a key cardiovascular risk marker"
b,male,L_HDL_P,L Hdl P,nightingale_group,activity_self_selected_gait_speed,all but arms,long_all_but_arms,male,pearson_r,0.4613799033154194,8.091961609379145e-43,10,1598,True,"HDL particle number - measures the total number of high-density lipoprotein particles, a key cardiovascular risk marker"
b,male,L_HDL_P,L Hdl P,nightingale_group,activity_self_selected_gait_speed,all but torso,long_all_but_torso,male,pearson_r,0.4628821281287429,2.9994416147236084e-43,10,1598,True,"HDL particle number - measures the total number of high-density lipoprotein particles, a key cardiovascular risk marker"
b,male,L_HDL_P,L Hdl P,nightingale_group,activity_self_selected_gait_speed,all but legs,long_all_but_legs,male,pearson_r,0.4575120003098478,5.2877314180940896e-42,10,1598,True,"HDL particle number - measures the total number of high-density lipoprotein particles, a key cardiovascular risk marker"
b,male,L_HDL_P,L Hdl P,nightingale_group,activity_tm_3kmh,full model,long_seq,male,pearson_r,0.4611042406267029,6.956329313877916e-42,10,1556,True,"HDL particle number - measures the total number of high-density lipoprotein particles, a key cardiovascular risk marker"
b,male,L_HDL_P,L Hdl P,nightingale_group,activity_tm_3kmh,masked head,long_masked_head,male,pearson_r,0.4565194547920096,3.5079748904181976e-41,10,1556,True,"HDL particle number - measures the total number of high-density lipoprotein particles, a key cardiovascular risk marker"
b,male,L_HDL_P,L Hdl P,nightingale_group,activity_tm_3kmh,masked arms,long_masked_arms,male,pearson_r,0.4619342840808163,9.868105171500632e-42,10,1556,True,"HDL particle number - measures the total number of high-density lipoprotein particles, a key cardiovascular risk marker"
b,male,L_HDL_P,L Hdl P,nightingale_group,activity_tm_3kmh,masked torso,long_masked_torso,male,pearson_r,0.4624530758201713,3.3119274136428546e-42,10,1556,True,"HDL particle number - measures the total number of high-density lipoprotein particles, a key cardiovascular risk marker"
b,male,L_HDL_P,L Hdl P,nightingale_group,activity_tm_3kmh,masked legs,long_masked_legs,male,pearson_r,0.4552223556154521,8.481292290772937e-41,10,1556,True,"HDL particle number - measures the total number of high-density lipoprotein particles, a key cardiovascular risk marker"
b,male,L_HDL_P,L Hdl P,nightingale_group,activity_tm_3kmh,all but head,long_all_but_head,male,pearson_r,0.4657270023478319,5.511200271429903e-43,10,1556,True,"HDL particle number - measures the total number of high-density lipoprotein particles, a key cardiovascular risk marker"
b,male,L_HDL_P,L Hdl P,nightingale_group,activity_tm_3kmh,all but arms,long_all_but_arms,male,pearson_r,0.4591604556552012,2.3575883222597155e-41,10,1556,True,"HDL particle number - measures the total number of high-density lipoprotein particles, a key cardiovascular risk marker"
b,male,L_HDL_P,L Hdl P,nightingale_group,activity_tm_3kmh,all but torso,long_all_but_torso,male,pearson_r,0.4628006612742107,2.148637985808226e-42,10,1556,True,"HDL particle number - measures the total number of high-density lipoprotein particles, a key cardiovascular risk marker"
b,male,L_HDL_P,L Hdl P,nightingale_group,activity_tm_3kmh,all but legs,long_all_but_legs,male,pearson_r,0.4614207108299186,5.3269714491293525e-42,10,1556,True,"HDL particle number - measures the total number of high-density lipoprotein particles, a key cardiovascular risk marker"
b,male,age,Age,age_gender_bmi_VAT,activity_self_selected_gait_speed,full model,long_seq,male,pearson_r,0.6284881808540765,3.161560206923393e-171,10,3257,True,Age of subject at time of measurement in years
b,male,age,Age,subject_group,activity_self_selected_gait_speed,full model,long_seq,male,pearson_r,0.6450534358316281,2.3998853842584887e-184,10,3257,False,Age of subject at time of measurement in years
b,male,age,Age,age_gender_bmi_VAT,activity_self_selected_gait_speed,masked head,long_masked_head,male,pearson_r,0.5815876778791969,2.1255734485998426e-141,10,3257,True,Age of subject at time of measurement in years
b,male,age,Age,subject_group,activity_self_selected_gait_speed,masked head,long_masked_head,male,pearson_r,0.600125673241777,8.725466550555365e-153,10,3257,False,Age of subject at time of measurement in years
b,male,age,Age,age_gender_bmi_VAT,activity_self_selected_gait_speed,masked arms,long_masked_arms,male,pearson_r,0.604682186729863,8.918683412765339e-156,10,3257,True,Age of subject at time of measurement in years
b,male,age,Age,subject_group,activity_self_selected_gait_speed,masked arms,long_masked_arms,male,pearson_r,0.6225326566412589,1.8922890045842225e-168,10,3257,False,Age of subject at time of measurement in years
b,male,age,Age,age_gender_bmi_VAT,activity_self_selected_gait_speed,masked torso,long_masked_torso,male,pearson_r,0.6034663548290858,3.117858416983736e-155,10,3257,True,Age of subject at time of measurement in years
b,male,age,Age,subject_group,activity_self_selected_gait_speed,masked torso,long_masked_torso,male,pearson_r,0.630780482775547,5.110289229817738e-174,10,3257,False,Age of subject at time of measurement in years
b,male,age,Age,age_gender_bmi_VAT,activity_self_selected_gait_speed,masked legs,long_masked_legs,male,pearson_r,0.588535087751102,3.288648663687377e-145,10,3257,True,Age of subject at time of measurement in years
b,male,age,Age,subject_group,activity_self_selected_gait_speed,masked legs,long_masked_legs,male,pearson_r,0.6214515425452048,6.867741253128168e-167,10,3257,False,Age of subject at time of measurement in years
b,male,age,Age,age_gender_bmi_VAT,activity_self_selected_gait_speed,all but head,long_all_but_head,male,pearson_r,0.4320311743665451,2.2829310808332835e-70,10,3257,True,Age of subject at time of measurement in years
b,male,age,Age,subject_group,activity_self_selected_gait_speed,all but head,long_all_but_head,male,pearson_r,0.5445145224077511,2.5429633930157452e-120,10,3257,False,Age of subject at time of measurement in years
b,male,age,Age,age_gender_bmi_VAT,activity_self_selected_gait_speed,all but arms,long_all_but_arms,male,pearson_r,0.4452731876698409,2.695731855773757e-76,10,3257,True,Age of subject at time of measurement in years
b,male,age,Age,subject_group,activity_self_selected_gait_speed,all but arms,long_all_but_arms,male,pearson_r,0.537379325500343,4.750245402695287e-117,10,3257,False,Age of subject at time of measurement in years
b,male,age,Age,age_gender_bmi_VAT,activity_self_selected_gait_speed,all but torso,long_all_but_torso,male,pearson_r,0.438387508691853,6.754132787455917e-74,10,3257,True,Age of subject at time of measurement in years
b,male,age,Age,subject_group,activity_self_selected_gait_speed,all but torso,long_all_but_torso,male,pearson_r,0.4925409958857401,3.026313603985257e-96,10,3257,False,Age of subject at time of measurement in years
b,male,age,Age,age_gender_bmi_VAT,activity_self_selected_gait_speed,all but legs,long_all_but_legs,male,pearson_r,0.49165968971678,1.8695000767015333e-95,10,3257,True,Age of subject at time of measurement in years
b,male,age,Age,subject_group,activity_self_selected_gait_speed,all but legs,long_all_but_legs,male,pearson_r,0.5211428410318972,9.103301301534413e-110,10,3257,False,Age of subject at time of measurement in years
b,male,age,Age,age_gender_bmi_VAT,activity_tm_3kmh,full model,long_seq,male,pearson_r,0.6333160086608378,3.7108786152871767e-174,10,3189,True,Age of subject at time of measurement in years
b,male,age,Age,subject_group,activity_tm_3kmh,full model,long_seq,male,pearson_r,0.6481756227300955,8.670065824908911e-185,10,3189,False,Age of subject at time of measurement in years
b,male,age,Age,age_gender_bmi_VAT,activity_tm_3kmh,masked head,long_masked_head,male,pearson_r,0.5940795448912881,3.6835769591766715e-145,10,3189,True,Age of subject at time of measurement in years
b,male,age,Age,subject_group,activity_tm_3kmh,masked head,long_masked_head,male,pearson_r,0.6126315369028635,1.9068788620416257e-157,10,3189,False,Age of subject at time of measurement in years
b,male,age,Age,age_gender_bmi_VAT,activity_tm_3kmh,masked arms,long_masked_arms,male,pearson_r,0.6130700528843823,1.6694077628523148e-159,10,3189,True,Age of subject at time of measurement in years
b,male,age,Age,subject_group,activity_tm_3kmh,masked arms,long_masked_arms,male,pearson_r,0.6260408562799948,1.6053655529937193e-169,10,3189,False,Age of subject at time of measurement in years
b,male,age,Age,age_gender_bmi_VAT,activity_tm_3kmh,masked torso,long_masked_torso,male,pearson_r,0.6063615669212988,1.2460572945403636e-155,10,3189,True,Age of subject at time of measurement in years
b,male,age,Age,subject_group,activity_tm_3kmh,masked torso,long_masked_torso,male,pearson_r,0.6300021413707544,3.13301780511953e-171,10,3189,False,Age of subject at time of measurement in years
b,male,age,Age,age_gender_bmi_VAT,activity_tm_3kmh,masked legs,long_masked_legs,male,pearson_r,0.6114059262275554,3.2272506214879706e-159,10,3189,True,Age of subject at time of measurement in years
b,male,age,Age,subject_group,activity_tm_3kmh,masked legs,long_masked_legs,male,pearson_r,0.6304640265779354,3.548305300350354e-172,10,3189,False,Age of subject at time of measurement in years
b,male,age,Age,age_gender_bmi_VAT,activity_tm_3kmh,all but head,long_all_but_head,male,pearson_r,0.4755056534570093,6.372811764746486e-87,10,3189,True,Age of subject at time of measurement in years
b,male,age,Age,subject_group,activity_tm_3kmh,all but head,long_all_but_head,male,pearson_r,0.5584701362878232,1.0834631762348653e-126,10,3189,False,Age of subject at time of measurement in years
b,male,age,Age,age_gender_bmi_VAT,activity_tm_3kmh,all but arms,long_all_but_arms,male,pearson_r,0.5016731929788592,1.994937998467165e-98,10,3189,True,Age of subject at time of measurement in years
b,male,age,Age,subject_group,activity_tm_3kmh,all but arms,long_all_but_arms,male,pearson_r,0.5578817643537738,1.160807470468796e-126,10,3189,False,Age of subject at time of measurement in years
b,male,age,Age,age_gender_bmi_VAT,activity_tm_3kmh,all but torso,long_all_but_torso,male,pearson_r,0.4814477754416775,3.459182475825363e-89,10,3189,True,Age of subject at time of measurement in years
b,male,age,Age,subject_group,activity_tm_3kmh,all but torso,long_all_but_torso,male,pearson_r,0.5173837636230039,1.9427828249304001e-106,10,3189,False,Age of subject at time of measurement in years
b,male,age,Age,age_gender_bmi_VAT,activity_tm_3kmh,all but legs,long_all_but_legs,male,pearson_r,0.5085476626783217,8.056508463293237e-103,10,3189,True,Age of subject at time of measurement in years
b,male,age,Age,subject_group,activity_tm_3kmh,all but legs,long_all_but_legs,male,pearson_r,0.5360757876899825,8.585787926743585e-116,10,3189,False,Age of subject at time of measurement in years
b,male,automorph_artery_fractal_dimension,Artery Fractal Dim,cardiovascular_system_group,activity_self_selected_gait_speed,full model,long_seq,male,pearson_r,0.1093755890638893,0.0002707391892419,10,2654,True,"Measures the fractal complexity specifically of retinal arteries, with values typically between 1-2 representing self-similar branching patterns in arterial network."
b,male,automorph_artery_fractal_dimension,Artery Fractal Dim,cardiovascular_system_group,activity_self_selected_gait_speed,masked head,long_masked_head,male,pearson_r,0.1229077524870628,0.0001355097590202,10,2654,True,"Measures the fractal complexity specifically of retinal arteries, with values typically between 1-2 representing self-similar branching patterns in arterial network."
b,male,automorph_artery_fractal_dimension,Artery Fractal Dim,cardiovascular_system_group,activity_self_selected_gait_speed,masked arms,long_masked_arms,male,pearson_r,0.0950684492116913,0.0010260547242448,10,2654,True,"Measures the fractal complexity specifically of retinal arteries, with values typically between 1-2 representing self-similar branching patterns in arterial network."
b,male,automorph_artery_fractal_dimension,Artery Fractal Dim,cardiovascular_system_group,activity_self_selected_gait_speed,masked torso,long_masked_torso,male,pearson_r,0.1098892193932269,0.0002101061036655,10,2654,True,"Measures the fractal complexity specifically of retinal arteries, with values typically between 1-2 representing self-similar branching patterns in arterial network."
b,male,automorph_artery_fractal_dimension,Artery Fractal Dim,cardiovascular_system_group,activity_self_selected_gait_speed,masked legs,long_masked_legs,male,pearson_r,0.1088230551443368,0.00031061513988,10,2654,True,"Measures the fractal complexity specifically of retinal arteries, with values typically between 1-2 representing self-similar branching patterns in arterial network."
b,male,automorph_artery_fractal_dimension,Artery Fractal Dim,cardiovascular_system_group,activity_self_selected_gait_speed,all but head,long_all_but_head,male,pearson_r,0.0838157141773749,0.0078772407928647,10,2654,True,"Measures the fractal complexity specifically of retinal arteries, with values typically between 1-2 representing self-similar branching patterns in arterial network."
b,male,automorph_artery_fractal_dimension,Artery Fractal Dim,cardiovascular_system_group,activity_self_selected_gait_speed,all but arms,long_all_but_arms,male,pearson_r,0.1157210351829559,0.0002101888382548,10,2654,True,"Measures the fractal complexity specifically of retinal arteries, with values typically between 1-2 representing self-similar branching patterns in arterial network."
b,male,automorph_artery_fractal_dimension,Artery Fractal Dim,cardiovascular_system_group,activity_self_selected_gait_speed,all but torso,long_all_but_torso,male,pearson_r,0.0948626403443044,0.0028386593824222,10,2654,True,"Measures the fractal complexity specifically of retinal arteries, with values typically between 1-2 representing self-similar branching patterns in arterial network."
b,male,automorph_artery_fractal_dimension,Artery Fractal Dim,cardiovascular_system_group,activity_self_selected_gait_speed,all but legs,long_all_but_legs,male,pearson_r,0.1237690335213225,5.753715931803434e-05,10,2654,True,"Measures the fractal complexity specifically of retinal arteries, with values typically between 1-2 representing self-similar branching patterns in arterial network."
b,male,automorph_artery_fractal_dimension,Artery Fractal Dim,cardiovascular_system_group,activity_tm_3kmh,full model,long_seq,male,pearson_r,0.10971707313558,0.0003554616747262,10,2595,True,"Measures the fractal complexity specifically of retinal arteries, with values typically between 1-2 representing self-similar branching patterns in arterial network."
b,male,automorph_artery_fractal_dimension,Artery Fractal Dim,cardiovascular_system_group,activity_tm_3kmh,masked head,long_masked_head,male,pearson_r,0.1106086670965617,0.0004384146396759,10,2595,True,"Measures the fractal complexity specifically of retinal arteries, with values typically between 1-2 representing self-similar branching patterns in arterial network."
b,male,automorph_artery_fractal_dimension,Artery Fractal Dim,cardiovascular_system_group,activity_tm_3kmh,masked arms,long_masked_arms,male,pearson_r,0.0797107346608015,0.0095324598166145,10,2595,True,"Measures the fractal complexity specifically of retinal arteries, with values typically between 1-2 representing self-similar branching patterns in arterial network."
b,male,automorph_artery_fractal_dimension,Artery Fractal Dim,cardiovascular_system_group,activity_tm_3kmh,masked torso,long_masked_torso,male,pearson_r,0.1097705812701387,0.0006141693314585,10,2595,True,"Measures the fractal complexity specifically of retinal arteries, with values typically between 1-2 representing self-similar branching patterns in arterial network."
b,male,automorph_artery_fractal_dimension,Artery Fractal Dim,cardiovascular_system_group,activity_tm_3kmh,masked legs,long_masked_legs,male,pearson_r,0.1071843932830808,0.001425433948522,10,2595,True,"Measures the fractal complexity specifically of retinal arteries, with values typically between 1-2 representing self-similar branching patterns in arterial network."
b,male,automorph_artery_fractal_dimension,Artery Fractal Dim,cardiovascular_system_group,activity_tm_3kmh,all but head,long_all_but_head,male,pearson_r,0.0981700791301562,0.0013817386930191,10,2595,True,"Measures the fractal complexity specifically of retinal arteries, with values typically between 1-2 representing self-similar branching patterns in arterial network."
b,male,automorph_artery_fractal_dimension,Artery Fractal Dim,cardiovascular_system_group,activity_tm_3kmh,all but arms,long_all_but_arms,male,pearson_r,0.10312040659716,0.0014368801755872,10,2595,True,"Measures the fractal complexity specifically of retinal arteries, with values typically between 1-2 representing self-similar branching patterns in arterial network."
b,male,automorph_artery_fractal_dimension,Artery Fractal Dim,cardiovascular_system_group,activity_tm_3kmh,all but torso,long_all_but_torso,male,pearson_r,0.0842339908304606,0.007724705668848,10,2595,True,"Measures the fractal complexity specifically of retinal arteries, with values typically between 1-2 representing self-similar branching patterns in arterial network."
b,male,automorph_artery_fractal_dimension,Artery Fractal Dim,cardiovascular_system_group,activity_tm_3kmh,all but legs,long_all_but_legs,male,pearson_r,0.1118646606445791,0.0003813663267984,10,2595,True,"Measures the fractal complexity specifically of retinal arteries, with values typically between 1-2 representing self-similar branching patterns in arterial network."
b,male,automorph_vein_fractal_dimension,Vein Fractal Dim,cardiovascular_system_group,activity_self_selected_gait_speed,full model,long_seq,male,pearson_r,0.2343920093413894,4.675732334957478e-16,10,2654,True,"Fractal dimension of retinal veins from image analysis, measuring the complexity and branching pattern of venous vasculature"
b,male,automorph_vein_fractal_dimension,Vein Fractal Dim,cardiovascular_system_group,activity_self_selected_gait_speed,masked head,long_masked_head,male,pearson_r,0.2292170244712187,2.310758131619767e-15,10,2654,True,"Fractal dimension of retinal veins from image analysis, measuring the complexity and branching pattern of venous vasculature"
b,male,automorph_vein_fractal_dimension,Vein Fractal Dim,cardiovascular_system_group,activity_self_selected_gait_speed,masked arms,long_masked_arms,male,pearson_r,0.2401689381237141,2.9774300562811097e-17,10,2654,True,"Fractal dimension of retinal veins from image analysis, measuring the complexity and branching pattern of venous vasculature"
b,male,automorph_vein_fractal_dimension,Vein Fractal Dim,cardiovascular_system_group,activity_self_selected_gait_speed,masked torso,long_masked_torso,male,pearson_r,0.2450072363879457,6.712351146440945e-17,10,2654,True,"Fractal dimension of retinal veins from image analysis, measuring the complexity and branching pattern of venous vasculature"
b,male,automorph_vein_fractal_dimension,Vein Fractal Dim,cardiovascular_system_group,activity_self_selected_gait_speed,masked legs,long_masked_legs,male,pearson_r,0.2124683988226758,8.28221015108484e-14,10,2654,True,"Fractal dimension of retinal veins from image analysis, measuring the complexity and branching pattern of venous vasculature"
b,male,automorph_vein_fractal_dimension,Vein Fractal Dim,cardiovascular_system_group,activity_self_selected_gait_speed,all but head,long_all_but_head,male,pearson_r,0.164348031400863,1.62842446563912e-08,10,2654,True,"Fractal dimension of retinal veins from image analysis, measuring the complexity and branching pattern of venous vasculature"
b,male,automorph_vein_fractal_dimension,Vein Fractal Dim,cardiovascular_system_group,activity_self_selected_gait_speed,all but arms,long_all_but_arms,male,pearson_r,0.1883433090176906,3.20909960405372e-10,10,2654,True,"Fractal dimension of retinal veins from image analysis, measuring the complexity and branching pattern of venous vasculature"
b,male,automorph_vein_fractal_dimension,Vein Fractal Dim,cardiovascular_system_group,activity_self_selected_gait_speed,all but torso,long_all_but_torso,male,pearson_r,0.1630464438435,1.7053246601196477e-08,10,2654,True,"Fractal dimension of retinal veins from image analysis, measuring the complexity and branching pattern of venous vasculature"
b,male,automorph_vein_fractal_dimension,Vein Fractal Dim,cardiovascular_system_group,activity_self_selected_gait_speed,all but legs,long_all_but_legs,male,pearson_r,0.2475955892814102,4.419042287687445e-17,10,2654,True,"Fractal dimension of retinal veins from image analysis, measuring the complexity and branching pattern of venous vasculature"
b,male,automorph_vein_fractal_dimension,Vein Fractal Dim,cardiovascular_system_group,activity_tm_3kmh,full model,long_seq,male,pearson_r,0.2125967181193238,8.101293870849388e-14,10,2595,True,"Fractal dimension of retinal veins from image analysis, measuring the complexity and branching pattern of venous vasculature"
b,male,automorph_vein_fractal_dimension,Vein Fractal Dim,cardiovascular_system_group,activity_tm_3kmh,masked head,long_masked_head,male,pearson_r,0.2113897601871088,2.508947494607704e-12,10,2595,True,"Fractal dimension of retinal veins from image analysis, measuring the complexity and branching pattern of venous vasculature"
b,male,automorph_vein_fractal_dimension,Vein Fractal Dim,cardiovascular_system_group,activity_tm_3kmh,masked arms,long_masked_arms,male,pearson_r,0.1986467484240245,3.95002801444979e-11,10,2595,True,"Fractal dimension of retinal veins from image analysis, measuring the complexity and branching pattern of venous vasculature"
b,male,automorph_vein_fractal_dimension,Vein Fractal Dim,cardiovascular_system_group,activity_tm_3kmh,masked torso,long_masked_torso,male,pearson_r,0.2130646264152698,2.8897110437583298e-12,10,2595,True,"Fractal dimension of retinal veins from image analysis, measuring the complexity and branching pattern of venous vasculature"
b,male,automorph_vein_fractal_dimension,Vein Fractal Dim,cardiovascular_system_group,activity_tm_3kmh,masked legs,long_masked_legs,male,pearson_r,0.1929756095386252,1.9219111269367724e-10,10,2595,True,"Fractal dimension of retinal veins from image analysis, measuring the complexity and branching pattern of venous vasculature"
b,male,automorph_vein_fractal_dimension,Vein Fractal Dim,cardiovascular_system_group,activity_tm_3kmh,all but head,long_all_but_head,male,pearson_r,0.1503658700675899,5.542602738424635e-07,10,2595,True,"Fractal dimension of retinal veins from image analysis, measuring the complexity and branching pattern of venous vasculature"
b,male,automorph_vein_fractal_dimension,Vein Fractal Dim,cardiovascular_system_group,activity_tm_3kmh,all but arms,long_all_but_arms,male,pearson_r,0.1744280480983217,2.531689762427688e-09,10,2595,True,"Fractal dimension of retinal veins from image analysis, measuring the complexity and branching pattern of venous vasculature"
b,male,automorph_vein_fractal_dimension,Vein Fractal Dim,cardiovascular_system_group,activity_tm_3kmh,all but torso,long_all_but_torso,male,pearson_r,0.1501351368461803,1.597106463793503e-07,10,2595,True,"Fractal dimension of retinal veins from image analysis, measuring the complexity and branching pattern of venous vasculature"
b,male,automorph_vein_fractal_dimension,Vein Fractal Dim,cardiovascular_system_group,activity_tm_3kmh,all but legs,long_all_but_legs,male,pearson_r,0.2340560725422966,5.3278596725882316e-14,10,2595,True,"Fractal dimension of retinal veins from image analysis, measuring the complexity and branching pattern of venous vasculature"
b,male,bmi,BMI,age_gender_bmi_VAT,activity_self_selected_gait_speed,full model,long_seq,male,pearson_r,0.8295635521473599,0.0,10,3256,True,Body Mass Index (weight/height^2)
b,male,bmi,BMI,subject_group,activity_self_selected_gait_speed,full model,long_seq,male,pearson_r,0.8516665598945474,0.0,10,3256,False,Body Mass Index (weight/height^2)
b,male,bmi,BMI,age_gender_bmi_VAT,activity_self_selected_gait_speed,masked head,long_masked_head,male,pearson_r,0.8240459243539251,0.0,10,3256,True,Body Mass Index (weight/height^2)
b,male,bmi,BMI,subject_group,activity_self_selected_gait_speed,masked head,long_masked_head,male,pearson_r,0.8484784287816339,0.0,10,3256,False,Body Mass Index (weight/height^2)
b,male,bmi,BMI,age_gender_bmi_VAT,activity_self_selected_gait_speed,masked arms,long_masked_arms,male,pearson_r,0.7469772045974958,3.5901037913322545e-280,10,3256,True,Body Mass Index (weight/height^2)
b,male,bmi,BMI,subject_group,activity_self_selected_gait_speed,masked arms,long_masked_arms,male,pearson_r,0.7920866251900216,0.0,10,3256,False,Body Mass Index (weight/height^2)
b,male,bmi,BMI,age_gender_bmi_VAT,activity_self_selected_gait_speed,masked torso,long_masked_torso,male,pearson_r,0.8252157714520093,0.0,10,3256,True,Body Mass Index (weight/height^2)
b,male,bmi,BMI,subject_group,activity_self_selected_gait_speed,masked torso,long_masked_torso,male,pearson_r,0.8518620956925951,0.0,10,3256,False,Body Mass Index (weight/height^2)
b,male,bmi,BMI,age_gender_bmi_VAT,activity_self_selected_gait_speed,masked legs,long_masked_legs,male,pearson_r,0.8117285670072203,0.0,10,3256,True,Body Mass Index (weight/height^2)
b,male,bmi,BMI,subject_group,activity_self_selected_gait_speed,masked legs,long_masked_legs,male,pearson_r,0.8368980945958379,0.0,10,3256,False,Body Mass Index (weight/height^2)
b,male,bmi,BMI,age_gender_bmi_VAT,activity_self_selected_gait_speed,all but head,long_all_but_head,male,pearson_r,0.5210426252707365,2.1155390032382303e-107,10,3256,True,Body Mass Index (weight/height^2)
b,male,bmi,BMI,subject_group,activity_self_selected_gait_speed,all but head,long_all_but_head,male,pearson_r,0.7227966722675958,4.699176603734769e-252,10,3256,False,Body Mass Index (weight/height^2)
b,male,bmi,BMI,age_gender_bmi_VAT,activity_self_selected_gait_speed,all but arms,long_all_but_arms,male,pearson_r,0.7923618038013533,0.0,10,3256,True,Body Mass Index (weight/height^2)
b,male,bmi,BMI,subject_group,activity_self_selected_gait_speed,all but arms,long_all_but_arms,male,pearson_r,0.8337863031692475,0.0,10,3256,False,Body Mass Index (weight/height^2)
b,male,bmi,BMI,age_gender_bmi_VAT,activity_self_selected_gait_speed,all but torso,long_all_but_torso,male,pearson_r,0.6704641717863915,5.190888134368334e-206,10,3256,True,Body Mass Index (weight/height^2)
b,male,bmi,BMI,subject_group,activity_self_selected_gait_speed,all but torso,long_all_but_torso,male,pearson_r,0.7458601349632685,3.2363793425411606e-280,10,3256,False,Body Mass Index (weight/height^2)
b,male,bmi,BMI,age_gender_bmi_VAT,activity_self_selected_gait_speed,all but legs,long_all_but_legs,male,pearson_r,0.6704836071702097,1.3707637178579686e-203,10,3256,True,Body Mass Index (weight/height^2)
b,male,bmi,BMI,subject_group,activity_self_selected_gait_speed,all but legs,long_all_but_legs,male,pearson_r,0.7723112000628231,2.25228454342205e-310,10,3256,False,Body Mass Index (weight/height^2)
b,male,bmi,BMI,age_gender_bmi_VAT,activity_tm_3kmh,full model,long_seq,male,pearson_r,0.8316184402141236,0.0,10,3188,True,Body Mass Index (weight/height^2)
b,male,bmi,BMI,subject_group,activity_tm_3kmh,full model,long_seq,male,pearson_r,0.8554804580297841,0.0,10,3188,False,Body Mass Index (weight/height^2)
b,male,bmi,BMI,age_gender_bmi_VAT,activity_tm_3kmh,masked head,long_masked_head,male,pearson_r,0.832282732372418,0.0,10,3188,True,Body Mass Index (weight/height^2)
b,male,bmi,BMI,subject_group,activity_tm_3kmh,masked head,long_masked_head,male,pearson_r,0.8568824282723426,0.0,10,3188,False,Body Mass Index (weight/height^2)
b,male,bmi,BMI,age_gender_bmi_VAT,activity_tm_3kmh,masked arms,long_masked_arms,male,pearson_r,0.7500890929904255,2.0310999760309368e-280,10,3188,True,Body Mass Index (weight/height^2)
b,male,bmi,BMI,subject_group,activity_tm_3kmh,masked arms,long_masked_arms,male,pearson_r,0.7950811724257112,0.0,10,3188,False,Body Mass Index (weight/height^2)
b,male,bmi,BMI,age_gender_bmi_VAT,activity_tm_3kmh,masked torso,long_masked_torso,male,pearson_r,0.8303177683853349,0.0,10,3188,True,Body Mass Index (weight/height^2)
b,male,bmi,BMI,subject_group,activity_tm_3kmh,masked torso,long_masked_torso,male,pearson_r,0.8546444189887696,0.0,10,3188,False,Body Mass Index (weight/height^2)
b,male,bmi,BMI,age_gender_bmi_VAT,activity_tm_3kmh,masked legs,long_masked_legs,male,pearson_r,0.8103271771139289,0.0,10,3188,True,Body Mass Index (weight/height^2)
b,male,bmi,BMI,subject_group,activity_tm_3kmh,masked legs,long_masked_legs,male,pearson_r,0.8380677835191331,0.0,10,3188,False,Body Mass Index (weight/height^2)
b,male,bmi,BMI,age_gender_bmi_VAT,activity_tm_3kmh,all but head,long_all_but_head,male,pearson_r,0.5361221542307086,1.0192374917686668e-113,10,3188,True,Body Mass Index (weight/height^2)
b,male,bmi,BMI,subject_group,activity_tm_3kmh,all but head,long_all_but_head,male,pearson_r,0.7224548352152823,7.550592116001662e-249,10,3188,False,Body Mass Index (weight/height^2)
b,male,bmi,BMI,age_gender_bmi_VAT,activity_tm_3kmh,all but arms,long_all_but_arms,male,pearson_r,0.7982560226770133,0.0,10,3188,True,Body Mass Index (weight/height^2)
b,male,bmi,BMI,subject_group,activity_tm_3kmh,all but arms,long_all_but_arms,male,pearson_r,0.8372170638558772,0.0,10,3188,False,Body Mass Index (weight/height^2)
b,male,bmi,BMI,age_gender_bmi_VAT,activity_tm_3kmh,all but torso,long_all_but_torso,male,pearson_r,0.6741904062170831,1.1959507053150398e-204,10,3188,True,Body Mass Index (weight/height^2)
b,male,bmi,BMI,subject_group,activity_tm_3kmh,all but torso,long_all_but_torso,male,pearson_r,0.7464761888927078,1.0274707796923449e-277,10,3188,False,Body Mass Index (weight/height^2)
b,male,bmi,BMI,age_gender_bmi_VAT,activity_tm_3kmh,all but legs,long_all_but_legs,male,pearson_r,0.6844909210208006,4.826650832400397e-215,10,3188,True,Body Mass Index (weight/height^2)
b,male,bmi,BMI,subject_group,activity_tm_3kmh,all but legs,long_all_but_legs,male,pearson_r,0.7812188134677627,1.897e-320,10,3188,False,Body Mass Index (weight/height^2)
b,male,body_arms_bmc,Arms BMC,bone_density_group,activity_self_selected_gait_speed,full model,long_seq,male,pearson_r,0.6228559254055046,3.3859614610275886e-163,10,3178,True,"Combined bone mineral content of both arms measured by DXA scan, representing total bilateral arm bone mass in grams"
b,male,body_arms_bmc,Arms BMC,bone_density_group,activity_self_selected_gait_speed,masked head,long_masked_head,male,pearson_r,0.6131483952805189,2.9054074883866478e-155,10,3178,True,"Combined bone mineral content of both arms measured by DXA scan, representing total bilateral arm bone mass in grams"
b,male,body_arms_bmc,Arms BMC,bone_density_group,activity_self_selected_gait_speed,masked arms,long_masked_arms,male,pearson_r,0.6071030101293163,3.530712134490402e-155,10,3178,True,"Combined bone mineral content of both arms measured by DXA scan, representing total bilateral arm bone mass in grams"
b,male,body_arms_bmc,Arms BMC,bone_density_group,activity_self_selected_gait_speed,masked torso,long_masked_torso,male,pearson_r,0.6197655295352406,3.486370685230956e-161,10,3178,True,"Combined bone mineral content of both arms measured by DXA scan, representing total bilateral arm bone mass in grams"
b,male,body_arms_bmc,Arms BMC,bone_density_group,activity_self_selected_gait_speed,masked legs,long_masked_legs,male,pearson_r,0.6073220842210162,4.545321490096161e-156,10,3178,True,"Combined bone mineral content of both arms measured by DXA scan, representing total bilateral arm bone mass in grams"
b,male,body_arms_bmc,Arms BMC,bone_density_group,activity_self_selected_gait_speed,all but head,long_all_but_head,male,pearson_r,0.5906226946471943,1.1173389859906936e-143,10,3178,True,"Combined bone mineral content of both arms measured by DXA scan, representing total bilateral arm bone mass in grams"
b,male,body_arms_bmc,Arms BMC,bone_density_group,activity_self_selected_gait_speed,all but arms,long_all_but_arms,male,pearson_r,0.5996931572535142,1.181178319868382e-147,10,3178,True,"Combined bone mineral content of both arms measured by DXA scan, representing total bilateral arm bone mass in grams"
b,male,body_arms_bmc,Arms BMC,bone_density_group,activity_self_selected_gait_speed,all but torso,long_all_but_torso,male,pearson_r,0.5873759989388808,3.851261042897323e-141,10,3178,True,"Combined bone mineral content of both arms measured by DXA scan, representing total bilateral arm bone mass in grams"
b,male,body_arms_bmc,Arms BMC,bone_density_group,activity_self_selected_gait_speed,all but legs,long_all_but_legs,male,pearson_r,0.6022298201860031,2.467045221435225e-151,10,3178,True,"Combined bone mineral content of both arms measured by DXA scan, representing total bilateral arm bone mass in grams"
b,male,body_arms_bmc,Arms BMC,bone_density_group,activity_tm_3kmh,full model,long_seq,male,pearson_r,0.6208780590465866,6.561947988948705e-156,10,3115,True,"Combined bone mineral content of both arms measured by DXA scan, representing total bilateral arm bone mass in grams"
b,male,body_arms_bmc,Arms BMC,bone_density_group,activity_tm_3kmh,masked head,long_masked_head,male,pearson_r,0.616134123473267,4.7532570989997305e-157,10,3115,True,"Combined bone mineral content of both arms measured by DXA scan, representing total bilateral arm bone mass in grams"
b,male,body_arms_bmc,Arms BMC,bone_density_group,activity_tm_3kmh,masked arms,long_masked_arms,male,pearson_r,0.6075289073386487,7.011948311006303e-150,10,3115,True,"Combined bone mineral content of both arms measured by DXA scan, representing total bilateral arm bone mass in grams"
b,male,body_arms_bmc,Arms BMC,bone_density_group,activity_tm_3kmh,masked torso,long_masked_torso,male,pearson_r,0.618492649364924,1.4827774091555918e-154,10,3115,True,"Combined bone mineral content of both arms measured by DXA scan, representing total bilateral arm bone mass in grams"
b,male,body_arms_bmc,Arms BMC,bone_density_group,activity_tm_3kmh,masked legs,long_masked_legs,male,pearson_r,0.6128904615637654,1.4380097880541086e-152,10,3115,True,"Combined bone mineral content of both arms measured by DXA scan, representing total bilateral arm bone mass in grams"
b,male,body_arms_bmc,Arms BMC,bone_density_group,activity_tm_3kmh,all but head,long_all_but_head,male,pearson_r,0.593478840394764,2.20457236070294e-143,10,3115,True,"Combined bone mineral content of both arms measured by DXA scan, representing total bilateral arm bone mass in grams"
b,male,body_arms_bmc,Arms BMC,bone_density_group,activity_tm_3kmh,all but arms,long_all_but_arms,male,pearson_r,0.6099513649372839,1.1426472491884916e-154,10,3115,True,"Combined bone mineral content of both arms measured by DXA scan, representing total bilateral arm bone mass in grams"
b,male,body_arms_bmc,Arms BMC,bone_density_group,activity_tm_3kmh,all but torso,long_all_but_torso,male,pearson_r,0.5877307283884854,5.54855552913349e-139,10,3115,True,"Combined bone mineral content of both arms measured by DXA scan, representing total bilateral arm bone mass in grams"
b,male,body_arms_bmc,Arms BMC,bone_density_group,activity_tm_3kmh,all but legs,long_all_but_legs,male,pearson_r,0.6012857407684995,5.780356451329245e-149,10,3115,True,"Combined bone mineral content of both arms measured by DXA scan, representing total bilateral arm bone mass in grams"
b,male,body_comp_android_fat_mass,Android Fat Mass,body_composition_group,activity_self_selected_gait_speed,full model,long_seq,male,pearson_r,0.4653188869423957,3.80546046454289e-84,10,3175,True,"Fat mass in the android region (upper body/abdominal area), measured in kilograms, indicating abdominal/visceral adiposity"
b,male,body_comp_android_fat_mass,Android Fat Mass,body_composition_group,activity_self_selected_gait_speed,masked head,long_masked_head,male,pearson_r,0.4651645716595717,4.709927483726474e-84,10,3175,True,"Fat mass in the android region (upper body/abdominal area), measured in kilograms, indicating abdominal/visceral adiposity"
b,male,body_comp_android_fat_mass,Android Fat Mass,body_composition_group,activity_self_selected_gait_speed,masked arms,long_masked_arms,male,pearson_r,0.464550787819265,7.418431853989828e-84,10,3175,True,"Fat mass in the android region (upper body/abdominal area), measured in kilograms, indicating abdominal/visceral adiposity"
b,male,body_comp_android_fat_mass,Android Fat Mass,body_composition_group,activity_self_selected_gait_speed,masked torso,long_masked_torso,male,pearson_r,0.4681296182870843,1.7084670955092583e-85,10,3175,True,"Fat mass in the android region (upper body/abdominal area), measured in kilograms, indicating abdominal/visceral adiposity"
b,male,body_comp_android_fat_mass,Android Fat Mass,body_composition_group,activity_self_selected_gait_speed,masked legs,long_masked_legs,male,pearson_r,0.4707933233564501,2.6441431306947064e-86,10,3175,True,"Fat mass in the android region (upper body/abdominal area), measured in kilograms, indicating abdominal/visceral adiposity"
b,male,body_comp_android_fat_mass,Android Fat Mass,body_composition_group,activity_self_selected_gait_speed,all but head,long_all_but_head,male,pearson_r,0.4766353930255819,5.603010156660583e-89,10,3175,True,"Fat mass in the android region (upper body/abdominal area), measured in kilograms, indicating abdominal/visceral adiposity"
b,male,body_comp_android_fat_mass,Android Fat Mass,body_composition_group,activity_self_selected_gait_speed,all but arms,long_all_but_arms,male,pearson_r,0.4718520363594914,4.495837506872677e-87,10,3175,True,"Fat mass in the android region (upper body/abdominal area), measured in kilograms, indicating abdominal/visceral adiposity"
b,male,body_comp_android_fat_mass,Android Fat Mass,body_composition_group,activity_self_selected_gait_speed,all but torso,long_all_but_torso,male,pearson_r,0.4830656818556416,1.0287414329659813e-91,10,3175,True,"Fat mass in the android region (upper body/abdominal area), measured in kilograms, indicating abdominal/visceral adiposity"
b,male,body_comp_android_fat_mass,Android Fat Mass,body_composition_group,activity_self_selected_gait_speed,all but legs,long_all_but_legs,male,pearson_r,0.4625516485021249,3.760690201275813e-83,10,3175,True,"Fat mass in the android region (upper body/abdominal area), measured in kilograms, indicating abdominal/visceral adiposity"
b,male,body_comp_android_fat_mass,Android Fat Mass,body_composition_group,activity_tm_3kmh,full model,long_seq,male,pearson_r,0.469689658374277,3.3195177862673875e-85,10,3112,True,"Fat mass in the android region (upper body/abdominal area), measured in kilograms, indicating abdominal/visceral adiposity"
b,male,body_comp_android_fat_mass,Android Fat Mass,body_composition_group,activity_tm_3kmh,masked head,long_masked_head,male,pearson_r,0.4679994164984892,1.2982490196439096e-84,10,3112,True,"Fat mass in the android region (upper body/abdominal area), measured in kilograms, indicating abdominal/visceral adiposity"
b,male,body_comp_android_fat_mass,Android Fat Mass,body_composition_group,activity_tm_3kmh,masked arms,long_masked_arms,male,pearson_r,0.4686685137875231,1.7852353402316295e-84,10,3112,True,"Fat mass in the android region (upper body/abdominal area), measured in kilograms, indicating abdominal/visceral adiposity"
b,male,body_comp_android_fat_mass,Android Fat Mass,body_composition_group,activity_tm_3kmh,masked torso,long_masked_torso,male,pearson_r,0.4725133009103824,2.1903190798913467e-86,10,3112,True,"Fat mass in the android region (upper body/abdominal area), measured in kilograms, indicating abdominal/visceral adiposity"
b,male,body_comp_android_fat_mass,Android Fat Mass,body_composition_group,activity_tm_3kmh,masked legs,long_masked_legs,male,pearson_r,0.4709216965518391,1.6085394292756504e-85,10,3112,True,"Fat mass in the android region (upper body/abdominal area), measured in kilograms, indicating abdominal/visceral adiposity"
b,male,body_comp_android_fat_mass,Android Fat Mass,body_composition_group,activity_tm_3kmh,all but head,long_all_but_head,male,pearson_r,0.4774641870256414,2.187085666871045e-88,10,3112,True,"Fat mass in the android region (upper body/abdominal area), measured in kilograms, indicating abdominal/visceral adiposity"
b,male,body_comp_android_fat_mass,Android Fat Mass,body_composition_group,activity_tm_3kmh,all but arms,long_all_but_arms,male,pearson_r,0.4734675624630277,1.156412510521629e-86,10,3112,True,"Fat mass in the android region (upper body/abdominal area), measured in kilograms, indicating abdominal/visceral adiposity"
b,male,body_comp_android_fat_mass,Android Fat Mass,body_composition_group,activity_tm_3kmh,all but torso,long_all_but_torso,male,pearson_r,0.4825082458587261,1.408857653115786e-90,10,3112,True,"Fat mass in the android region (upper body/abdominal area), measured in kilograms, indicating abdominal/visceral adiposity"
b,male,body_comp_android_fat_mass,Android Fat Mass,body_composition_group,activity_tm_3kmh,all but legs,long_all_but_legs,male,pearson_r,0.4681858703687129,1.734244288024421e-84,10,3112,True,"Fat mass in the android region (upper body/abdominal area), measured in kilograms, indicating abdominal/visceral adiposity"
b,male,body_comp_arms_tissue_mass,Arms Tissue Mass,body_composition_group,activity_self_selected_gait_speed,full model,long_seq,male,pearson_r,0.800941901912327,0.0,10,3175,True,"Total tissue mass (fat mass plus fat-free mass) in both arms combined, measured in kilograms via DXA"
b,male,body_comp_arms_tissue_mass,Arms Tissue Mass,body_composition_group,activity_self_selected_gait_speed,masked head,long_masked_head,male,pearson_r,0.8022114883803109,0.0,10,3175,True,"Total tissue mass (fat mass plus fat-free mass) in both arms combined, measured in kilograms via DXA"
b,male,body_comp_arms_tissue_mass,Arms Tissue Mass,body_composition_group,activity_self_selected_gait_speed,masked arms,long_masked_arms,male,pearson_r,0.7790876468839498,4.36371774e-314,10,3175,True,"Total tissue mass (fat mass plus fat-free mass) in both arms combined, measured in kilograms via DXA"
b,male,body_comp_arms_tissue_mass,Arms Tissue Mass,body_composition_group,activity_self_selected_gait_speed,masked torso,long_masked_torso,male,pearson_r,0.7939882797352249,0.0,10,3175,True,"Total tissue mass (fat mass plus fat-free mass) in both arms combined, measured in kilograms via DXA"
b,male,body_comp_arms_tissue_mass,Arms Tissue Mass,body_composition_group,activity_self_selected_gait_speed,masked legs,long_masked_legs,male,pearson_r,0.7969758237963958,0.0,10,3175,True,"Total tissue mass (fat mass plus fat-free mass) in both arms combined, measured in kilograms via DXA"
b,male,body_comp_arms_tissue_mass,Arms Tissue Mass,body_composition_group,activity_self_selected_gait_speed,all but head,long_all_but_head,male,pearson_r,0.7795775653723329,1.0209290674e-314,10,3175,True,"Total tissue mass (fat mass plus fat-free mass) in both arms combined, measured in kilograms via DXA"
b,male,body_comp_arms_tissue_mass,Arms Tissue Mass,body_composition_group,activity_self_selected_gait_speed,all but arms,long_all_but_arms,male,pearson_r,0.7966145340149572,0.0,10,3175,True,"Total tissue mass (fat mass plus fat-free mass) in both arms combined, measured in kilograms via DXA"
b,male,body_comp_arms_tissue_mass,Arms Tissue Mass,body_composition_group,activity_self_selected_gait_speed,all but torso,long_all_but_torso,male,pearson_r,0.7798314394597179,1.1613697e-316,10,3175,True,"Total tissue mass (fat mass plus fat-free mass) in both arms combined, measured in kilograms via DXA"
b,male,body_comp_arms_tissue_mass,Arms Tissue Mass,body_composition_group,activity_self_selected_gait_speed,all but legs,long_all_but_legs,male,pearson_r,0.7770012035634385,8.453381203317e-312,10,3175,True,"Total tissue mass (fat mass plus fat-free mass) in both arms combined, measured in kilograms via DXA"
b,male,body_comp_arms_tissue_mass,Arms Tissue Mass,body_composition_group,activity_tm_3kmh,full model,long_seq,male,pearson_r,0.7957158146735928,0.0,10,3112,True,"Total tissue mass (fat mass plus fat-free mass) in both arms combined, measured in kilograms via DXA"
b,male,body_comp_arms_tissue_mass,Arms Tissue Mass,body_composition_group,activity_tm_3kmh,masked head,long_masked_head,male,pearson_r,0.7987245207540041,0.0,10,3112,True,"Total tissue mass (fat mass plus fat-free mass) in both arms combined, measured in kilograms via DXA"
b,male,body_comp_arms_tissue_mass,Arms Tissue Mass,body_composition_group,activity_tm_3kmh,masked arms,long_masked_arms,male,pearson_r,0.7792584378010503,6.1729112808e-313,10,3112,True,"Total tissue mass (fat mass plus fat-free mass) in both arms combined, measured in kilograms via DXA"
b,male,body_comp_arms_tissue_mass,Arms Tissue Mass,body_composition_group,activity_tm_3kmh,masked torso,long_masked_torso,male,pearson_r,0.7892797852750911,2e-323,10,3112,True,"Total tissue mass (fat mass plus fat-free mass) in both arms combined, measured in kilograms via DXA"
b,male,body_comp_arms_tissue_mass,Arms Tissue Mass,body_composition_group,activity_tm_3kmh,masked legs,long_masked_legs,male,pearson_r,0.7975729553056533,0.0,10,3112,True,"Total tissue mass (fat mass plus fat-free mass) in both arms combined, measured in kilograms via DXA"
b,male,body_comp_arms_tissue_mass,Arms Tissue Mass,body_composition_group,activity_tm_3kmh,all but head,long_all_but_head,male,pearson_r,0.7760369710747241,2.0887271203674341e-305,10,3112,True,"Total tissue mass (fat mass plus fat-free mass) in both arms combined, measured in kilograms via DXA"
b,male,body_comp_arms_tissue_mass,Arms Tissue Mass,body_composition_group,activity_tm_3kmh,all but arms,long_all_but_arms,male,pearson_r,0.7967462443442505,0.0,10,3112,True,"Total tissue mass (fat mass plus fat-free mass) in both arms combined, measured in kilograms via DXA"
b,male,body_comp_arms_tissue_mass,Arms Tissue Mass,body_composition_group,activity_tm_3kmh,all but torso,long_all_but_torso,male,pearson_r,0.7808183815024716,1.629165003e-314,10,3112,True,"Total tissue mass (fat mass plus fat-free mass) in both arms combined, measured in kilograms via DXA"
b,male,body_comp_arms_tissue_mass,Arms Tissue Mass,body_composition_group,activity_tm_3kmh,all but legs,long_all_but_legs,male,pearson_r,0.7749276441772436,2.7745605463227247e-305,10,3112,True,"Total tissue mass (fat mass plus fat-free mass) in both arms combined, measured in kilograms via DXA"
b,male,body_head_bmc,Head BMC,bone_density_group,activity_self_selected_gait_speed,full model,long_seq,male,pearson_r,0.2891960433809469,2.4803031246560255e-29,10,3178,True,"Bone mineral content of the head/skull measured by DXA scan, representing skull bone mass in grams"
b,male,body_head_bmc,Head BMC,bone_density_group,activity_self_selected_gait_speed,masked head,long_masked_head,male,pearson_r,0.2732468354941658,5.605818301893566e-26,10,3178,True,"Bone mineral content of the head/skull measured by DXA scan, representing skull bone mass in grams"
b,male,body_head_bmc,Head BMC,bone_density_group,activity_self_selected_gait_speed,masked arms,long_masked_arms,male,pearson_r,0.2651646395351656,3.2939973558663287e-25,10,3178,True,"Bone mineral content of the head/skull measured by DXA scan, representing skull bone mass in grams"
b,male,body_head_bmc,Head BMC,bone_density_group,activity_self_selected_gait_speed,masked torso,long_masked_torso,male,pearson_r,0.2848429685989556,4.630011082992472e-28,10,3178,True,"Bone mineral content of the head/skull measured by DXA scan, representing skull bone mass in grams"
b,male,body_head_bmc,Head BMC,bone_density_group,activity_self_selected_gait_speed,masked legs,long_masked_legs,male,pearson_r,0.2700518049146292,4.516300641674376e-26,10,3178,True,"Bone mineral content of the head/skull measured by DXA scan, representing skull bone mass in grams"
b,male,body_head_bmc,Head BMC,bone_density_group,activity_self_selected_gait_speed,all but head,long_all_but_head,male,pearson_r,0.2952787420191767,6.83322611610959e-32,10,3178,True,"Bone mineral content of the head/skull measured by DXA scan, representing skull bone mass in grams"
b,male,body_head_bmc,Head BMC,bone_density_group,activity_self_selected_gait_speed,all but arms,long_all_but_arms,male,pearson_r,0.2838829179672498,3.8332665690722826e-29,10,3178,True,"Bone mineral content of the head/skull measured by DXA scan, representing skull bone mass in grams"
b,male,body_head_bmc,Head BMC,bone_density_group,activity_self_selected_gait_speed,all but torso,long_all_but_torso,male,pearson_r,0.2862615240562788,1.2138386464744071e-28,10,3178,True,"Bone mineral content of the head/skull measured by DXA scan, representing skull bone mass in grams"
b,male,body_head_bmc,Head BMC,bone_density_group,activity_self_selected_gait_speed,all but legs,long_all_but_legs,male,pearson_r,0.2555921365116863,2.153135956374865e-23,10,3178,True,"Bone mineral content of the head/skull measured by DXA scan, representing skull bone mass in grams"
b,male,body_head_bmc,Head BMC,bone_density_group,activity_tm_3kmh,full model,long_seq,male,pearson_r,0.2795658309931811,3.559498798047132e-26,10,3115,True,"Bone mineral content of the head/skull measured by DXA scan, representing skull bone mass in grams"
b,male,body_head_bmc,Head BMC,bone_density_group,activity_tm_3kmh,masked head,long_masked_head,male,pearson_r,0.2662324668783105,6.636068614618626e-23,10,3115,True,"Bone mineral content of the head/skull measured by DXA scan, representing skull bone mass in grams"
b,male,body_head_bmc,Head BMC,bone_density_group,activity_tm_3kmh,masked arms,long_masked_arms,male,pearson_r,0.2712854399480207,5.3879633506037e-26,10,3115,True,"Bone mineral content of the head/skull measured by DXA scan, representing skull bone mass in grams"
b,male,body_head_bmc,Head BMC,bone_density_group,activity_tm_3kmh,masked torso,long_masked_torso,male,pearson_r,0.2660145641912147,7.448479338533264e-25,10,3115,True,"Bone mineral content of the head/skull measured by DXA scan, representing skull bone mass in grams"
b,male,body_head_bmc,Head BMC,bone_density_group,activity_tm_3kmh,masked legs,long_masked_legs,male,pearson_r,0.2714123834238238,3.5245190131656367e-26,10,3115,True,"Bone mineral content of the head/skull measured by DXA scan, representing skull bone mass in grams"
b,male,body_head_bmc,Head BMC,bone_density_group,activity_tm_3kmh,all but head,long_all_but_head,male,pearson_r,0.2892806293535228,1.9269518941470303e-30,10,3115,True,"Bone mineral content of the head/skull measured by DXA scan, representing skull bone mass in grams"
b,male,body_head_bmc,Head BMC,bone_density_group,activity_tm_3kmh,all but arms,long_all_but_arms,male,pearson_r,0.2813397777806585,2.1972409290567364e-28,10,3115,True,"Bone mineral content of the head/skull measured by DXA scan, representing skull bone mass in grams"
b,male,body_head_bmc,Head BMC,bone_density_group,activity_tm_3kmh,all but torso,long_all_but_torso,male,pearson_r,0.2793758935956261,3.749347025781513e-28,10,3115,True,"Bone mineral content of the head/skull measured by DXA scan, representing skull bone mass in grams"
b,male,body_head_bmc,Head BMC,bone_density_group,activity_tm_3kmh,all but legs,long_all_but_legs,male,pearson_r,0.2581855600683561,1.097305009492079e-22,10,3115,True,"Bone mineral content of the head/skull measured by DXA scan, representing skull bone mass in grams"
b,male,body_legs_bmc,Legs BMC,bone_density_group,activity_self_selected_gait_speed,full model,long_seq,male,pearson_r,0.734894397205201,7.662506468512658e-263,10,3178,True,"Combined bone mineral content of both legs measured via DXA imaging, representing total mineral mass in both lower limb skeletons"
b,male,body_legs_bmc,Legs BMC,bone_density_group,activity_self_selected_gait_speed,masked head,long_masked_head,male,pearson_r,0.7310004375857314,1.7894205754820634e-257,10,3178,True,"Combined bone mineral content of both legs measured via DXA imaging, representing total mineral mass in both lower limb skeletons"
b,male,body_legs_bmc,Legs BMC,bone_density_group,activity_self_selected_gait_speed,masked arms,long_masked_arms,male,pearson_r,0.7375821684720736,3.164205676995941e-264,10,3178,True,"Combined bone mineral content of both legs measured via DXA imaging, representing total mineral mass in both lower limb skeletons"
b,male,body_legs_bmc,Legs BMC,bone_density_group,activity_self_selected_gait_speed,masked torso,long_masked_torso,male,pearson_r,0.7350503417064522,3.961635609734129e-263,10,3178,True,"Combined bone mineral content of both legs measured via DXA imaging, representing total mineral mass in both lower limb skeletons"
b,male,body_legs_bmc,Legs BMC,bone_density_group,activity_self_selected_gait_speed,masked legs,long_masked_legs,male,pearson_r,0.7222077477887971,1.3253822731921172e-250,10,3178,True,"Combined bone mineral content of both legs measured via DXA imaging, representing total mineral mass in both lower limb skeletons"
b,male,body_legs_bmc,Legs BMC,bone_density_group,activity_self_selected_gait_speed,all but head,long_all_but_head,male,pearson_r,0.724972786330982,1.8254340717304108e-251,10,3178,True,"Combined bone mineral content of both legs measured via DXA imaging, representing total mineral mass in both lower limb skeletons"
b,male,body_legs_bmc,Legs BMC,bone_density_group,activity_self_selected_gait_speed,all but arms,long_all_but_arms,male,pearson_r,0.7263094785926988,2.2372464004138308e-253,10,3178,True,"Combined bone mineral content of both legs measured via DXA imaging, representing total mineral mass in both lower limb skeletons"
b,male,body_legs_bmc,Legs BMC,bone_density_group,activity_self_selected_gait_speed,all but torso,long_all_but_torso,male,pearson_r,0.727224459608016,8.898936514252843e-256,10,3178,True,"Combined bone mineral content of both legs measured via DXA imaging, representing total mineral mass in both lower limb skeletons"
b,male,body_legs_bmc,Legs BMC,bone_density_group,activity_self_selected_gait_speed,all but legs,long_all_but_legs,male,pearson_r,0.7355526187603322,8.123665370945075e-262,10,3178,True,"Combined bone mineral content of both legs measured via DXA imaging, representing total mineral mass in both lower limb skeletons"
b,male,body_legs_bmc,Legs BMC,bone_density_group,activity_tm_3kmh,full model,long_seq,male,pearson_r,0.738040700605776,1.0802900703290291e-263,10,3115,True,"Combined bone mineral content of both legs measured via DXA imaging, representing total mineral mass in both lower limb skeletons"
b,male,body_legs_bmc,Legs BMC,bone_density_group,activity_tm_3kmh,masked head,long_masked_head,male,pearson_r,0.7311348965993592,4.138052098413249e-256,10,3115,True,"Combined bone mineral content of both legs measured via DXA imaging, representing total mineral mass in both lower limb skeletons"
b,male,body_legs_bmc,Legs BMC,bone_density_group,activity_tm_3kmh,masked arms,long_masked_arms,male,pearson_r,0.7368006058941187,2.656494938469671e-260,10,3115,True,"Combined bone mineral content of both legs measured via DXA imaging, representing total mineral mass in both lower limb skeletons"
b,male,body_legs_bmc,Legs BMC,bone_density_group,activity_tm_3kmh,masked torso,long_masked_torso,male,pearson_r,0.7405498008743989,1.5479072823597947e-266,10,3115,True,"Combined bone mineral content of both legs measured via DXA imaging, representing total mineral mass in both lower limb skeletons"
b,male,body_legs_bmc,Legs BMC,bone_density_group,activity_tm_3kmh,masked legs,long_masked_legs,male,pearson_r,0.7232741209277703,2.705856627096772e-248,10,3115,True,"Combined bone mineral content of both legs measured via DXA imaging, representing total mineral mass in both lower limb skeletons"
b,male,body_legs_bmc,Legs BMC,bone_density_group,activity_tm_3kmh,all but head,long_all_but_head,male,pearson_r,0.7219194237372937,1.7205422532232e-244,10,3115,True,"Combined bone mineral content of both legs measured via DXA imaging, representing total mineral mass in both lower limb skeletons"
b,male,body_legs_bmc,Legs BMC,bone_density_group,activity_tm_3kmh,all but arms,long_all_but_arms,male,pearson_r,0.7257566323382334,6.365924918006239e-248,10,3115,True,"Combined bone mineral content of both legs measured via DXA imaging, representing total mineral mass in both lower limb skeletons"
b,male,body_legs_bmc,Legs BMC,bone_density_group,activity_tm_3kmh,all but torso,long_all_but_torso,male,pearson_r,0.7298672703292063,9.467986381984951e-254,10,3115,True,"Combined bone mineral content of both legs measured via DXA imaging, representing total mineral mass in both lower limb skeletons"
b,male,body_legs_bmc,Legs BMC,bone_density_group,activity_tm_3kmh,all but legs,long_all_but_legs,male,pearson_r,0.7358044511856965,5.6816763945613575e-260,10,3115,True,"Combined bone mineral content of both legs measured via DXA imaging, representing total mineral mass in both lower limb skeletons"
b,male,bt__hct,BT Hct,hematopoietic_group,activity_self_selected_gait_speed,full model,long_seq,male,pearson_r,0.2099850413478456,1.397379387494668e-14,10,3236,True,Hematocrit - measures the percentage of blood volume occupied by red blood cells (%). Indicates the proportion of blood composed of RBCs.
b,male,bt__hct,BT Hct,hematopoietic_group,activity_self_selected_gait_speed,masked head,long_masked_head,male,pearson_r,0.1895889659363376,7.538604453462322e-13,10,3236,True,Hematocrit - measures the percentage of blood volume occupied by red blood cells (%). Indicates the proportion of blood composed of RBCs.
b,male,bt__hct,BT Hct,hematopoietic_group,activity_self_selected_gait_speed,masked arms,long_masked_arms,male,pearson_r,0.1790360633395649,3.0803938029384147e-12,10,3236,True,Hematocrit - measures the percentage of blood volume occupied by red blood cells (%). Indicates the proportion of blood composed of RBCs.
b,male,bt__hct,BT Hct,hematopoietic_group,activity_self_selected_gait_speed,masked torso,long_masked_torso,male,pearson_r,0.1971678172111673,3.624256320159184e-13,10,3236,True,Hematocrit - measures the percentage of blood volume occupied by red blood cells (%). Indicates the proportion of blood composed of RBCs.
b,male,bt__hct,BT Hct,hematopoietic_group,activity_self_selected_gait_speed,masked legs,long_masked_legs,male,pearson_r,0.1908176607743197,1.199165874323264e-13,10,3236,True,Hematocrit - measures the percentage of blood volume occupied by red blood cells (%). Indicates the proportion of blood composed of RBCs.
b,male,bt__hct,BT Hct,hematopoietic_group,activity_self_selected_gait_speed,all but head,long_all_but_head,male,pearson_r,0.1765040646733062,4.636415906254159e-12,10,3236,True,Hematocrit - measures the percentage of blood volume occupied by red blood cells (%). Indicates the proportion of blood composed of RBCs.
b,male,bt__hct,BT Hct,hematopoietic_group,activity_self_selected_gait_speed,all but arms,long_all_but_arms,male,pearson_r,0.1912407258983707,3.174949083699377e-13,10,3236,True,Hematocrit - measures the percentage of blood volume occupied by red blood cells (%). Indicates the proportion of blood composed of RBCs.
b,male,bt__hct,BT Hct,hematopoietic_group,activity_self_selected_gait_speed,all but torso,long_all_but_torso,male,pearson_r,0.2016452290562079,2.653389686575548e-15,10,3236,True,Hematocrit - measures the percentage of blood volume occupied by red blood cells (%). Indicates the proportion of blood composed of RBCs.
b,male,bt__hct,BT Hct,hematopoietic_group,activity_self_selected_gait_speed,all but legs,long_all_but_legs,male,pearson_r,0.1807216939012426,1.7582624929702878e-12,10,3236,True,Hematocrit - measures the percentage of blood volume occupied by red blood cells (%). Indicates the proportion of blood composed of RBCs.
b,male,bt__hct,BT Hct,hematopoietic_group,activity_tm_3kmh,full model,long_seq,male,pearson_r,0.2096520111336219,7.104533735503356e-16,10,3168,True,Hematocrit - measures the percentage of blood volume occupied by red blood cells (%). Indicates the proportion of blood composed of RBCs.
b,male,bt__hct,BT Hct,hematopoietic_group,activity_tm_3kmh,masked head,long_masked_head,male,pearson_r,0.2006286753934034,7.350894673455056e-15,10,3168,True,Hematocrit - measures the percentage of blood volume occupied by red blood cells (%). Indicates the proportion of blood composed of RBCs.
b,male,bt__hct,BT Hct,hematopoietic_group,activity_tm_3kmh,masked arms,long_masked_arms,male,pearson_r,0.185431678903892,4.568486203217947e-13,10,3168,True,Hematocrit - measures the percentage of blood volume occupied by red blood cells (%). Indicates the proportion of blood composed of RBCs.
b,male,bt__hct,BT Hct,hematopoietic_group,activity_tm_3kmh,masked torso,long_masked_torso,male,pearson_r,0.1925984197206017,9.23577505797681e-13,10,3168,True,Hematocrit - measures the percentage of blood volume occupied by red blood cells (%). Indicates the proportion of blood composed of RBCs.
b,male,bt__hct,BT Hct,hematopoietic_group,activity_tm_3kmh,masked legs,long_masked_legs,male,pearson_r,0.2048840355501557,2.1758379810698826e-15,10,3168,True,Hematocrit - measures the percentage of blood volume occupied by red blood cells (%). Indicates the proportion of blood composed of RBCs.
b,male,bt__hct,BT Hct,hematopoietic_group,activity_tm_3kmh,all but head,long_all_but_head,male,pearson_r,0.1865701528222181,4.555464309657811e-13,10,3168,True,Hematocrit - measures the percentage of blood volume occupied by red blood cells (%). Indicates the proportion of blood composed of RBCs.
b,male,bt__hct,BT Hct,hematopoietic_group,activity_tm_3kmh,all but arms,long_all_but_arms,male,pearson_r,0.1968818439078006,2.1680051660661273e-14,10,3168,True,Hematocrit - measures the percentage of blood volume occupied by red blood cells (%). Indicates the proportion of blood composed of RBCs.
b,male,bt__hct,BT Hct,hematopoietic_group,activity_tm_3kmh,all but torso,long_all_but_torso,male,pearson_r,0.1986641904821727,1.2764396338393948e-14,10,3168,True,Hematocrit - measures the percentage of blood volume occupied by red blood cells (%). Indicates the proportion of blood composed of RBCs.
b,male,bt__hct,BT Hct,hematopoietic_group,activity_tm_3kmh,all but legs,long_all_but_legs,male,pearson_r,0.192716704652044,4.4536022073912287e-14,10,3168,True,Hematocrit - measures the percentage of blood volume occupied by red blood cells (%). Indicates the proportion of blood composed of RBCs.
b,male,bt__hdl_cholesterol,BT HDL Cholesterol,blood_tests_lipids_group,activity_self_selected_gait_speed,full model,long_seq,male,pearson_r,0.3216058298386882,1.1301651147422719e-28,10,2397,True,HDL cholesterol blood concentration ('good' cholesterol) in mg/dL; protective factor for cardiovascular health
b,male,bt__hdl_cholesterol,BT HDL Cholesterol,blood_tests_lipids_group,activity_self_selected_gait_speed,masked head,long_masked_head,male,pearson_r,0.312799313392168,3.451981623211455e-27,10,2397,True,HDL cholesterol blood concentration ('good' cholesterol) in mg/dL; protective factor for cardiovascular health
b,male,bt__hdl_cholesterol,BT HDL Cholesterol,blood_tests_lipids_group,activity_self_selected_gait_speed,masked arms,long_masked_arms,male,pearson_r,0.3153139923284359,3.816581873269053e-27,10,2397,True,HDL cholesterol blood concentration ('good' cholesterol) in mg/dL; protective factor for cardiovascular health
b,male,bt__hdl_cholesterol,BT HDL Cholesterol,blood_tests_lipids_group,activity_self_selected_gait_speed,masked torso,long_masked_torso,male,pearson_r,0.3253864191639076,5.832387394823589e-29,10,2397,True,HDL cholesterol blood concentration ('good' cholesterol) in mg/dL; protective factor for cardiovascular health
b,male,bt__hdl_cholesterol,BT HDL Cholesterol,blood_tests_lipids_group,activity_self_selected_gait_speed,masked legs,long_masked_legs,male,pearson_r,0.3448334642651265,3.3865653180454908e-31,10,2397,True,HDL cholesterol blood concentration ('good' cholesterol) in mg/dL; protective factor for cardiovascular health
b,male,bt__hdl_cholesterol,BT HDL Cholesterol,blood_tests_lipids_group,activity_self_selected_gait_speed,all but head,long_all_but_head,male,pearson_r,0.3453689225663796,1.856449920567858e-33,10,2397,True,HDL cholesterol blood concentration ('good' cholesterol) in mg/dL; protective factor for cardiovascular health
b,male,bt__hdl_cholesterol,BT HDL Cholesterol,blood_tests_lipids_group,activity_self_selected_gait_speed,all but arms,long_all_but_arms,male,pearson_r,0.3490208105601832,2.191157391327195e-34,10,2397,True,HDL cholesterol blood concentration ('good' cholesterol) in mg/dL; protective factor for cardiovascular health
b,male,bt__hdl_cholesterol,BT HDL Cholesterol,blood_tests_lipids_group,activity_self_selected_gait_speed,all but torso,long_all_but_torso,male,pearson_r,0.3384272013346726,2.7435110398786754e-31,10,2397,True,HDL cholesterol blood concentration ('good' cholesterol) in mg/dL; protective factor for cardiovascular health
b,male,bt__hdl_cholesterol,BT HDL Cholesterol,blood_tests_lipids_group,activity_self_selected_gait_speed,all but legs,long_all_but_legs,male,pearson_r,0.3506336349164992,2.071033109332474e-33,10,2397,True,HDL cholesterol blood concentration ('good' cholesterol) in mg/dL; protective factor for cardiovascular health
b,male,bt__hdl_cholesterol,BT HDL Cholesterol,blood_tests_lipids_group,activity_tm_3kmh,full model,long_seq,male,pearson_r,0.315706813441424,9.217086166442656e-28,10,2341,True,HDL cholesterol blood concentration ('good' cholesterol) in mg/dL; protective factor for cardiovascular health
b,male,bt__hdl_cholesterol,BT HDL Cholesterol,blood_tests_lipids_group,activity_tm_3kmh,masked head,long_masked_head,male,pearson_r,0.3044782665776894,2.646512025468331e-25,10,2341,True,HDL cholesterol blood concentration ('good' cholesterol) in mg/dL; protective factor for cardiovascular health
b,male,bt__hdl_cholesterol,BT HDL Cholesterol,blood_tests_lipids_group,activity_tm_3kmh,masked arms,long_masked_arms,male,pearson_r,0.3102212944141619,4.4980374320148735e-26,10,2341,True,HDL cholesterol blood concentration ('good' cholesterol) in mg/dL; protective factor for cardiovascular health
b,male,bt__hdl_cholesterol,BT HDL Cholesterol,blood_tests_lipids_group,activity_tm_3kmh,masked torso,long_masked_torso,male,pearson_r,0.3211556248263331,2.441725887099778e-28,10,2341,True,HDL cholesterol blood concentration ('good' cholesterol) in mg/dL; protective factor for cardiovascular health
b,male,bt__hdl_cholesterol,BT HDL Cholesterol,blood_tests_lipids_group,activity_tm_3kmh,masked legs,long_masked_legs,male,pearson_r,0.3454244587308281,9.574239346571208e-33,10,2341,True,HDL cholesterol blood concentration ('good' cholesterol) in mg/dL; protective factor for cardiovascular health
b,male,bt__hdl_cholesterol,BT HDL Cholesterol,blood_tests_lipids_group,activity_tm_3kmh,all but head,long_all_but_head,male,pearson_r,0.3385638144029768,2.9451849681500765e-32,10,2341,True,HDL cholesterol blood concentration ('good' cholesterol) in mg/dL; protective factor for cardiovascular health
b,male,bt__hdl_cholesterol,BT HDL Cholesterol,blood_tests_lipids_group,activity_tm_3kmh,all but arms,long_all_but_arms,male,pearson_r,0.3269842522568184,1.454584275221401e-28,10,2341,True,HDL cholesterol blood concentration ('good' cholesterol) in mg/dL; protective factor for cardiovascular health
b,male,bt__hdl_cholesterol,BT HDL Cholesterol,blood_tests_lipids_group,activity_tm_3kmh,all but torso,long_all_but_torso,male,pearson_r,0.3317042324608696,1.9344435977612577e-30,10,2341,True,HDL cholesterol blood concentration ('good' cholesterol) in mg/dL; protective factor for cardiovascular health
b,male,bt__hdl_cholesterol,BT HDL Cholesterol,blood_tests_lipids_group,activity_tm_3kmh,all but legs,long_all_but_legs,male,pearson_r,0.335999054995131,2.2020839532671503e-30,10,2341,True,HDL cholesterol blood concentration ('good' cholesterol) in mg/dL; protective factor for cardiovascular health
b,male,liver_elasticity,Liver Elasticity,liver_group,activity_self_selected_gait_speed,full model,long_seq,male,pearson_r,0.1517075923793882,1.5541374684632707e-08,10,3232,True,"Measures the stiffness and elasticity of liver tissue using elastography techniques; a key biomarker for assessing liver fibrosis and disease progression, particularly in hepatitis and cirrhosis."
b,male,liver_elasticity,Liver Elasticity,liver_group,activity_self_selected_gait_speed,masked head,long_masked_head,male,pearson_r,0.1682799201053596,9.288649908811278e-11,10,3232,True,"Measures the stiffness and elasticity of liver tissue using elastography techniques; a key biomarker for assessing liver fibrosis and disease progression, particularly in hepatitis and cirrhosis."
b,male,liver_elasticity,Liver Elasticity,liver_group,activity_self_selected_gait_speed,masked arms,long_masked_arms,male,pearson_r,0.1370373618736484,1.692382509565185e-07,10,3232,True,"Measures the stiffness and elasticity of liver tissue using elastography techniques; a key biomarker for assessing liver fibrosis and disease progression, particularly in hepatitis and cirrhosis."
b,male,liver_elasticity,Liver Elasticity,liver_group,activity_self_selected_gait_speed,masked torso,long_masked_torso,male,pearson_r,0.1328115620526895,2.4746478005222138e-06,10,3232,True,"Measures the stiffness and elasticity of liver tissue using elastography techniques; a key biomarker for assessing liver fibrosis and disease progression, particularly in hepatitis and cirrhosis."
b,male,liver_elasticity,Liver Elasticity,liver_group,activity_self_selected_gait_speed,masked legs,long_masked_legs,male,pearson_r,0.1482754821677149,1.4362590808261342e-08,10,3232,True,"Measures the stiffness and elasticity of liver tissue using elastography techniques; a key biomarker for assessing liver fibrosis and disease progression, particularly in hepatitis and cirrhosis."
b,male,liver_elasticity,Liver Elasticity,liver_group,activity_self_selected_gait_speed,all but head,long_all_but_head,male,pearson_r,0.1223646146146845,1.216982178843506e-05,10,3232,True,"Measures the stiffness and elasticity of liver tissue using elastography techniques; a key biomarker for assessing liver fibrosis and disease progression, particularly in hepatitis and cirrhosis."
b,male,liver_elasticity,Liver Elasticity,liver_group,activity_self_selected_gait_speed,all but arms,long_all_but_arms,male,pearson_r,0.1078287419662608,3.579503681847431e-05,10,3232,True,"Measures the stiffness and elasticity of liver tissue using elastography techniques; a key biomarker for assessing liver fibrosis and disease progression, particularly in hepatitis and cirrhosis."
b,male,liver_elasticity,Liver Elasticity,liver_group,activity_self_selected_gait_speed,all but torso,long_all_but_torso,male,pearson_r,0.1530687353333243,7.084567779245437e-08,10,3232,True,"Measures the stiffness and elasticity of liver tissue using elastography techniques; a key biomarker for assessing liver fibrosis and disease progression, particularly in hepatitis and cirrhosis."
b,male,liver_elasticity,Liver Elasticity,liver_group,activity_self_selected_gait_speed,all but legs,long_all_but_legs,male,pearson_r,0.1172678815010836,6.127156044863679e-05,10,3232,True,"Measures the stiffness and elasticity of liver tissue using elastography techniques; a key biomarker for assessing liver fibrosis and disease progression, particularly in hepatitis and cirrhosis."
b,male,liver_elasticity,Liver Elasticity,liver_group,activity_tm_3kmh,full model,long_seq,male,pearson_r,0.1538355833918115,2.700825180747421e-09,10,3166,True,"Measures the stiffness and elasticity of liver tissue using elastography techniques; a key biomarker for assessing liver fibrosis and disease progression, particularly in hepatitis and cirrhosis."
b,male,liver_elasticity,Liver Elasticity,liver_group,activity_tm_3kmh,masked head,long_masked_head,male,pearson_r,0.1691435868658188,1.4762532076965472e-10,10,3166,True,"Measures the stiffness and elasticity of liver tissue using elastography techniques; a key biomarker for assessing liver fibrosis and disease progression, particularly in hepatitis and cirrhosis."
b,male,liver_elasticity,Liver Elasticity,liver_group,activity_tm_3kmh,masked arms,long_masked_arms,male,pearson_r,0.1261973623561514,1.3171184870286328e-06,10,3166,True,"Measures the stiffness and elasticity of liver tissue using elastography techniques; a key biomarker for assessing liver fibrosis and disease progression, particularly in hepatitis and cirrhosis."
b,male,liver_elasticity,Liver Elasticity,liver_group,activity_tm_3kmh,masked torso,long_masked_torso,male,pearson_r,0.121829980567223,5.511024627079668e-05,10,3166,True,"Measures the stiffness and elasticity of liver tissue using elastography techniques; a key biomarker for assessing liver fibrosis and disease progression, particularly in hepatitis and cirrhosis."
b,male,liver_elasticity,Liver Elasticity,liver_group,activity_tm_3kmh,masked legs,long_masked_legs,male,pearson_r,0.1490711395425366,2.8756187186256e-08,10,3166,True,"Measures the stiffness and elasticity of liver tissue using elastography techniques; a key biomarker for assessing liver fibrosis and disease progression, particularly in hepatitis and cirrhosis."
b,male,liver_elasticity,Liver Elasticity,liver_group,activity_tm_3kmh,all but head,long_all_but_head,male,pearson_r,0.1202301627762372,0.0002293788441131,10,3166,True,"Measures the stiffness and elasticity of liver tissue using elastography techniques; a key biomarker for assessing liver fibrosis and disease progression, particularly in hepatitis and cirrhosis."
b,male,liver_elasticity,Liver Elasticity,liver_group,activity_tm_3kmh,all but arms,long_all_but_arms,male,pearson_r,0.1116406643573512,5.0427072286902365e-05,10,3166,True,"Measures the stiffness and elasticity of liver tissue using elastography techniques; a key biomarker for assessing liver fibrosis and disease progression, particularly in hepatitis and cirrhosis."
b,male,liver_elasticity,Liver Elasticity,liver_group,activity_tm_3kmh,all but torso,long_all_but_torso,male,pearson_r,0.1501521705419007,2.357666114975424e-08,10,3166,True,"Measures the stiffness and elasticity of liver tissue using elastography techniques; a key biomarker for assessing liver fibrosis and disease progression, particularly in hepatitis and cirrhosis."
b,male,liver_elasticity,Liver Elasticity,liver_group,activity_tm_3kmh,all but legs,long_all_but_legs,male,pearson_r,0.1069882974621923,0.0004312386900266,10,3166,True,"Measures the stiffness and elasticity of liver tissue using elastography techniques; a key biomarker for assessing liver fibrosis and disease progression, particularly in hepatitis and cirrhosis."
b,male,liver_sound_speed,Liver Sound Speed,liver_group,activity_self_selected_gait_speed,full model,long_seq,male,pearson_r,0.5225894936658434,7.835485113183175e-107,10,3231,True,Measures the speed of sound propagation through liver tissue; a physical property used in ultrasound elastography and tissue characterization to assess liver stiffness and fibrosis.
b,male,liver_sound_speed,Liver Sound Speed,liver_group,activity_self_selected_gait_speed,masked head,long_masked_head,male,pearson_r,0.5242528240292257,4.942707666879571e-111,10,3231,True,Measures the speed of sound propagation through liver tissue; a physical property used in ultrasound elastography and tissue characterization to assess liver stiffness and fibrosis.
b,male,liver_sound_speed,Liver Sound Speed,liver_group,activity_self_selected_gait_speed,masked arms,long_masked_arms,male,pearson_r,0.5203627298000764,2.834010815754802e-106,10,3231,True,Measures the speed of sound propagation through liver tissue; a physical property used in ultrasound elastography and tissue characterization to assess liver stiffness and fibrosis.
b,male,liver_sound_speed,Liver Sound Speed,liver_group,activity_self_selected_gait_speed,masked torso,long_masked_torso,male,pearson_r,0.5199222727616937,8.006391194420915e-106,10,3231,True,Measures the speed of sound propagation through liver tissue; a physical property used in ultrasound elastography and tissue characterization to assess liver stiffness and fibrosis.
b,male,liver_sound_speed,Liver Sound Speed,liver_group,activity_self_selected_gait_speed,masked legs,long_masked_legs,male,pearson_r,0.5092919536884415,1.919379520202618e-102,10,3231,True,Measures the speed of sound propagation through liver tissue; a physical property used in ultrasound elastography and tissue characterization to assess liver stiffness and fibrosis.
b,male,liver_sound_speed,Liver Sound Speed,liver_group,activity_self_selected_gait_speed,all but head,long_all_but_head,male,pearson_r,0.4977163503637339,8.070449400159814e-97,10,3231,True,Measures the speed of sound propagation through liver tissue; a physical property used in ultrasound elastography and tissue characterization to assess liver stiffness and fibrosis.
b,male,liver_sound_speed,Liver Sound Speed,liver_group,activity_self_selected_gait_speed,all but arms,long_all_but_arms,male,pearson_r,0.5082642526401733,2.3709486854021323e-100,10,3231,True,Measures the speed of sound propagation through liver tissue; a physical property used in ultrasound elastography and tissue characterization to assess liver stiffness and fibrosis.
b,male,liver_sound_speed,Liver Sound Speed,liver_group,activity_self_selected_gait_speed,all but torso,long_all_but_torso,male,pearson_r,0.5047129078800653,6.30196688903952e-97,10,3231,True,Measures the speed of sound propagation through liver tissue; a physical property used in ultrasound elastography and tissue characterization to assess liver stiffness and fibrosis.
b,male,liver_sound_speed,Liver Sound Speed,liver_group,activity_self_selected_gait_speed,all but legs,long_all_but_legs,male,pearson_r,0.5380412124683975,5.591829177012287e-115,10,3231,True,Measures the speed of sound propagation through liver tissue; a physical property used in ultrasound elastography and tissue characterization to assess liver stiffness and fibrosis.
b,male,liver_sound_speed,Liver Sound Speed,liver_group,activity_tm_3kmh,full model,long_seq,male,pearson_r,0.5190188644641494,2.125819211196535e-104,10,3165,True,Measures the speed of sound propagation through liver tissue; a physical property used in ultrasound elastography and tissue characterization to assess liver stiffness and fibrosis.
b,male,liver_sound_speed,Liver Sound Speed,liver_group,activity_tm_3kmh,masked head,long_masked_head,male,pearson_r,0.5189833675727084,2.484157481696875e-104,10,3165,True,Measures the speed of sound propagation through liver tissue; a physical property used in ultrasound elastography and tissue characterization to assess liver stiffness and fibrosis.
b,male,liver_sound_speed,Liver Sound Speed,liver_group,activity_tm_3kmh,masked arms,long_masked_arms,male,pearson_r,0.5120002011497349,1.4408957689638345e-102,10,3165,True,Measures the speed of sound propagation through liver tissue; a physical property used in ultrasound elastography and tissue characterization to assess liver stiffness and fibrosis.
b,male,liver_sound_speed,Liver Sound Speed,liver_group,activity_tm_3kmh,masked torso,long_masked_torso,male,pearson_r,0.515994853993148,4.691943165296735e-104,10,3165,True,Measures the speed of sound propagation through liver tissue; a physical property used in ultrasound elastography and tissue characterization to assess liver stiffness and fibrosis.
b,male,liver_sound_speed,Liver Sound Speed,liver_group,activity_tm_3kmh,masked legs,long_masked_legs,male,pearson_r,0.5104832308493215,1.3438185572598796e-97,10,3165,True,Measures the speed of sound propagation through liver tissue; a physical property used in ultrasound elastography and tissue characterization to assess liver stiffness and fibrosis.
b,male,liver_sound_speed,Liver Sound Speed,liver_group,activity_tm_3kmh,all but head,long_all_but_head,male,pearson_r,0.4952417480099976,1.4938157120934565e-91,10,3165,True,Measures the speed of sound propagation through liver tissue; a physical property used in ultrasound elastography and tissue characterization to assess liver stiffness and fibrosis.
b,male,liver_sound_speed,Liver Sound Speed,liver_group,activity_tm_3kmh,all but arms,long_all_but_arms,male,pearson_r,0.5148297206443369,2.451462102447289e-101,10,3165,True,Measures the speed of sound propagation through liver tissue; a physical property used in ultrasound elastography and tissue characterization to assess liver stiffness and fibrosis.
b,male,liver_sound_speed,Liver Sound Speed,liver_group,activity_tm_3kmh,all but torso,long_all_but_torso,male,pearson_r,0.5032749996837504,6.806459444334367e-96,10,3165,True,Measures the speed of sound propagation through liver tissue; a physical property used in ultrasound elastography and tissue characterization to assess liver stiffness and fibrosis.
b,male,liver_sound_speed,Liver Sound Speed,liver_group,activity_tm_3kmh,all but legs,long_all_but_legs,male,pearson_r,0.5257794135146272,2.6795519155518056e-106,10,3165,True,Measures the speed of sound propagation through liver tissue; a physical property used in ultrasound elastography and tissue characterization to assess liver stiffness and fibrosis.
b,male,liver_viscosity,Liver Viscosity,liver_group,activity_self_selected_gait_speed,full model,long_seq,male,pearson_r,0.1926905061172444,9.93534080357519e-14,10,3232,True,"Measures the viscosity (thickness/resistance to flow) of liver tissue, typically obtained through ultrasound or imaging techniques to assess liver tissue properties and potential fibrosis or disease state."
b,male,liver_viscosity,Liver Viscosity,liver_group,activity_self_selected_gait_speed,masked head,long_masked_head,male,pearson_r,0.1991123640858083,3.3282954487864667e-12,10,3232,True,"Measures the viscosity (thickness/resistance to flow) of liver tissue, typically obtained through ultrasound or imaging techniques to assess liver tissue properties and potential fibrosis or disease state."
b,male,liver_viscosity,Liver Viscosity,liver_group,activity_self_selected_gait_speed,masked arms,long_masked_arms,male,pearson_r,0.1906001421111707,3.039357790585642e-13,10,3232,True,"Measures the viscosity (thickness/resistance to flow) of liver tissue, typically obtained through ultrasound or imaging techniques to assess liver tissue properties and potential fibrosis or disease state."
b,male,liver_viscosity,Liver Viscosity,liver_group,activity_self_selected_gait_speed,masked torso,long_masked_torso,male,pearson_r,0.1934977195945256,1.8372293342149625e-13,10,3232,True,"Measures the viscosity (thickness/resistance to flow) of liver tissue, typically obtained through ultrasound or imaging techniques to assess liver tissue properties and potential fibrosis or disease state."
b,male,liver_viscosity,Liver Viscosity,liver_group,activity_self_selected_gait_speed,masked legs,long_masked_legs,male,pearson_r,0.1809135868399291,1.3246660292178973e-12,10,3232,True,"Measures the viscosity (thickness/resistance to flow) of liver tissue, typically obtained through ultrasound or imaging techniques to assess liver tissue properties and potential fibrosis or disease state."
b,male,liver_viscosity,Liver Viscosity,liver_group,activity_self_selected_gait_speed,all but head,long_all_but_head,male,pearson_r,0.1929195860071915,1.3472607229057749e-12,10,3232,True,"Measures the viscosity (thickness/resistance to flow) of liver tissue, typically obtained through ultrasound or imaging techniques to assess liver tissue properties and potential fibrosis or disease state."
b,male,liver_viscosity,Liver Viscosity,liver_group,activity_self_selected_gait_speed,all but arms,long_all_but_arms,male,pearson_r,0.1808301939629815,1.9163447418202506e-12,10,3232,True,"Measures the viscosity (thickness/resistance to flow) of liver tissue, typically obtained through ultrasound or imaging techniques to assess liver tissue properties and potential fibrosis or disease state."
b,male,liver_viscosity,Liver Viscosity,liver_group,activity_self_selected_gait_speed,all but torso,long_all_but_torso,male,pearson_r,0.2090235039544508,1.9047137373211134e-15,10,3232,True,"Measures the viscosity (thickness/resistance to flow) of liver tissue, typically obtained through ultrasound or imaging techniques to assess liver tissue properties and potential fibrosis or disease state."
b,male,liver_viscosity,Liver Viscosity,liver_group,activity_self_selected_gait_speed,all but legs,long_all_but_legs,male,pearson_r,0.2267144857404681,7.962625177485648e-19,10,3232,True,"Measures the viscosity (thickness/resistance to flow) of liver tissue, typically obtained through ultrasound or imaging techniques to assess liver tissue properties and potential fibrosis or disease state."
b,male,liver_viscosity,Liver Viscosity,liver_group,activity_tm_3kmh,full model,long_seq,male,pearson_r,0.1810408403307461,1.8217298877657573e-12,10,3166,True,"Measures the viscosity (thickness/resistance to flow) of liver tissue, typically obtained through ultrasound or imaging techniques to assess liver tissue properties and potential fibrosis or disease state."
b,male,liver_viscosity,Liver Viscosity,liver_group,activity_tm_3kmh,masked head,long_masked_head,male,pearson_r,0.1847246976962508,6.366676503745641e-12,10,3166,True,"Measures the viscosity (thickness/resistance to flow) of liver tissue, typically obtained through ultrasound or imaging techniques to assess liver tissue properties and potential fibrosis or disease state."
b,male,liver_viscosity,Liver Viscosity,liver_group,activity_tm_3kmh,masked arms,long_masked_arms,male,pearson_r,0.1864371998729638,1.468212131754385e-12,10,3166,True,"Measures the viscosity (thickness/resistance to flow) of liver tissue, typically obtained through ultrasound or imaging techniques to assess liver tissue properties and potential fibrosis or disease state."
b,male,liver_viscosity,Liver Viscosity,liver_group,activity_tm_3kmh,masked torso,long_masked_torso,male,pearson_r,0.1871125859663267,2.244178710084288e-12,10,3166,True,"Measures the viscosity (thickness/resistance to flow) of liver tissue, typically obtained through ultrasound or imaging techniques to assess liver tissue properties and potential fibrosis or disease state."
b,male,liver_viscosity,Liver Viscosity,liver_group,activity_tm_3kmh,masked legs,long_masked_legs,male,pearson_r,0.1937353932649181,6.15572268436284e-14,10,3166,True,"Measures the viscosity (thickness/resistance to flow) of liver tissue, typically obtained through ultrasound or imaging techniques to assess liver tissue properties and potential fibrosis or disease state."
b,male,liver_viscosity,Liver Viscosity,liver_group,activity_tm_3kmh,all but head,long_all_but_head,male,pearson_r,0.2100855899861012,6.066486273949903e-15,10,3166,True,"Measures the viscosity (thickness/resistance to flow) of liver tissue, typically obtained through ultrasound or imaging techniques to assess liver tissue properties and potential fibrosis or disease state."
b,male,liver_viscosity,Liver Viscosity,liver_group,activity_tm_3kmh,all but arms,long_all_but_arms,male,pearson_r,0.1910024276583803,1.8621022179196808e-13,10,3166,True,"Measures the viscosity (thickness/resistance to flow) of liver tissue, typically obtained through ultrasound or imaging techniques to assess liver tissue properties and potential fibrosis or disease state."
b,male,liver_viscosity,Liver Viscosity,liver_group,activity_tm_3kmh,all but torso,long_all_but_torso,male,pearson_r,0.1978235617401149,4.9472956614797e-14,10,3166,True,"Measures the viscosity (thickness/resistance to flow) of liver tissue, typically obtained through ultrasound or imaging techniques to assess liver tissue properties and potential fibrosis or disease state."
b,male,liver_viscosity,Liver Viscosity,liver_group,activity_tm_3kmh,all but legs,long_all_but_legs,male,pearson_r,0.2074725654218693,8.228254809899592e-16,10,3166,True,"Measures the viscosity (thickness/resistance to flow) of liver tissue, typically obtained through ultrasound or imaging techniques to assess liver tissue properties and potential fibrosis or disease state."
b,male,lying_blood_pressure_pulse_rate,Heart Rate,cardiovascular_system_group,activity_self_selected_gait_speed,full model,long_seq,male,pearson_r,0.2766929978475344,7.589841842964181e-23,10,2689,True,Heart rate in beats per minute measured in lying/supine position
b,male,lying_blood_pressure_pulse_rate,Heart Rate,cardiovascular_system_group,activity_self_selected_gait_speed,masked head,long_masked_head,male,pearson_r,0.2644647535712625,6.734985126300733e-21,10,2689,True,Heart rate in beats per minute measured in lying/supine position
b,male,lying_blood_pressure_pulse_rate,Heart Rate,cardiovascular_system_group,activity_self_selected_gait_speed,masked arms,long_masked_arms,male,pearson_r,0.2976458132814915,3.3179591592583654e-27,10,2689,True,Heart rate in beats per minute measured in lying/supine position
b,male,lying_blood_pressure_pulse_rate,Heart Rate,cardiovascular_system_group,activity_self_selected_gait_speed,masked torso,long_masked_torso,male,pearson_r,0.2789236694526794,9.364742523171321e-24,10,2689,True,Heart rate in beats per minute measured in lying/supine position
b,male,lying_blood_pressure_pulse_rate,Heart Rate,cardiovascular_system_group,activity_self_selected_gait_speed,masked legs,long_masked_legs,male,pearson_r,0.2870833998796741,1.8886695393550169e-25,10,2689,True,Heart rate in beats per minute measured in lying/supine position
b,male,lying_blood_pressure_pulse_rate,Heart Rate,cardiovascular_system_group,activity_self_selected_gait_speed,all but head,long_all_but_head,male,pearson_r,0.3103292812264525,5.5764521170438155e-30,10,2689,True,Heart rate in beats per minute measured in lying/supine position
b,male,lying_blood_pressure_pulse_rate,Heart Rate,cardiovascular_system_group,activity_self_selected_gait_speed,all but arms,long_all_but_arms,male,pearson_r,0.2774574371133059,2.573134654224272e-22,10,2689,True,Heart rate in beats per minute measured in lying/supine position
b,male,lying_blood_pressure_pulse_rate,Heart Rate,cardiovascular_system_group,activity_self_selected_gait_speed,all but torso,long_all_but_torso,male,pearson_r,0.3177718960817153,6.225201106299042e-32,10,2689,True,Heart rate in beats per minute measured in lying/supine position
b,male,lying_blood_pressure_pulse_rate,Heart Rate,cardiovascular_system_group,activity_self_selected_gait_speed,all but legs,long_all_but_legs,male,pearson_r,0.2823482819823546,3.821164562235022e-24,10,2689,True,Heart rate in beats per minute measured in lying/supine position
b,male,lying_blood_pressure_pulse_rate,Heart Rate,cardiovascular_system_group,activity_tm_3kmh,full model,long_seq,male,pearson_r,0.269735674753166,1.1925363218620912e-20,10,2627,True,Heart rate in beats per minute measured in lying/supine position
b,male,lying_blood_pressure_pulse_rate,Heart Rate,cardiovascular_system_group,activity_tm_3kmh,masked head,long_masked_head,male,pearson_r,0.2547552575301119,3.6696948638678963e-19,10,2627,True,Heart rate in beats per minute measured in lying/supine position
b,male,lying_blood_pressure_pulse_rate,Heart Rate,cardiovascular_system_group,activity_tm_3kmh,masked arms,long_masked_arms,male,pearson_r,0.2894764783542584,1.7059814348494277e-25,10,2627,True,Heart rate in beats per minute measured in lying/supine position
b,male,lying_blood_pressure_pulse_rate,Heart Rate,cardiovascular_system_group,activity_tm_3kmh,masked torso,long_masked_torso,male,pearson_r,0.2750237842272938,2.610703276177248e-22,10,2627,True,Heart rate in beats per minute measured in lying/supine position
b,male,lying_blood_pressure_pulse_rate,Heart Rate,cardiovascular_system_group,activity_tm_3kmh,masked legs,long_masked_legs,male,pearson_r,0.2726150676416797,1.5065860931831209e-22,10,2627,True,Heart rate in beats per minute measured in lying/supine position
b,male,lying_blood_pressure_pulse_rate,Heart Rate,cardiovascular_system_group,activity_tm_3kmh,all but head,long_all_but_head,male,pearson_r,0.3068262652616013,5.029640825288828e-29,10,2627,True,Heart rate in beats per minute measured in lying/supine position
b,male,lying_blood_pressure_pulse_rate,Heart Rate,cardiovascular_system_group,activity_tm_3kmh,all but arms,long_all_but_arms,male,pearson_r,0.2637163528433124,2.069962632601125e-21,10,2627,True,Heart rate in beats per minute measured in lying/supine position
b,male,lying_blood_pressure_pulse_rate,Heart Rate,cardiovascular_system_group,activity_tm_3kmh,all but torso,long_all_but_torso,male,pearson_r,0.3209114164893221,9.185698963585964e-32,10,2627,True,Heart rate in beats per minute measured in lying/supine position
b,male,lying_blood_pressure_pulse_rate,Heart Rate,cardiovascular_system_group,activity_tm_3kmh,all but legs,long_all_but_legs,male,pearson_r,0.2878894588266504,2.878701329267477e-25,10,2627,True,Heart rate in beats per minute measured in lying/supine position
b,male,rdi,Rdi,sleep_group_group,activity_self_selected_gait_speed,full model,long_seq,male,pearson_r,0.3178924785611599,8.102755238199706e-34,10,2965,True,Respiratory Disturbance Index - total number of apneic and hypopneic events per hour of sleep (similar to AHI)
b,male,rdi,Rdi,sleep_group_group,activity_self_selected_gait_speed,masked head,long_masked_head,male,pearson_r,0.3142964438055345,1.200155418633311e-31,10,2965,True,Respiratory Disturbance Index - total number of apneic and hypopneic events per hour of sleep (similar to AHI)
b,male,rdi,Rdi,sleep_group_group,activity_self_selected_gait_speed,masked arms,long_masked_arms,male,pearson_r,0.3343899511455732,6.648324364106075e-37,10,2965,True,Respiratory Disturbance Index - total number of apneic and hypopneic events per hour of sleep (similar to AHI)
b,male,rdi,Rdi,sleep_group_group,activity_self_selected_gait_speed,masked torso,long_masked_torso,male,pearson_r,0.3131152371157137,2.714930083506573e-33,10,2965,True,Respiratory Disturbance Index - total number of apneic and hypopneic events per hour of sleep (similar to AHI)
b,male,rdi,Rdi,sleep_group_group,activity_self_selected_gait_speed,masked legs,long_masked_legs,male,pearson_r,0.3166045059912845,2.1903579230928816e-32,10,2965,True,Respiratory Disturbance Index - total number of apneic and hypopneic events per hour of sleep (similar to AHI)
b,male,rdi,Rdi,sleep_group_group,activity_self_selected_gait_speed,all but head,long_all_but_head,male,pearson_r,0.3540467872549908,2.552386841360749e-43,10,2965,True,Respiratory Disturbance Index - total number of apneic and hypopneic events per hour of sleep (similar to AHI)
b,male,rdi,Rdi,sleep_group_group,activity_self_selected_gait_speed,all but arms,long_all_but_arms,male,pearson_r,0.3040482962820378,7.814337816007129e-30,10,2965,True,Respiratory Disturbance Index - total number of apneic and hypopneic events per hour of sleep (similar to AHI)
b,male,rdi,Rdi,sleep_group_group,activity_self_selected_gait_speed,all but torso,long_all_but_torso,male,pearson_r,0.3733454969703529,5.621498420259791e-48,10,2965,True,Respiratory Disturbance Index - total number of apneic and hypopneic events per hour of sleep (similar to AHI)
b,male,rdi,Rdi,sleep_group_group,activity_self_selected_gait_speed,all but legs,long_all_but_legs,male,pearson_r,0.3423645743698703,9.910842142000467e-41,10,2965,True,Respiratory Disturbance Index - total number of apneic and hypopneic events per hour of sleep (similar to AHI)
b,male,rdi,Rdi,sleep_group_group,activity_tm_3kmh,full model,long_seq,male,pearson_r,0.3235007407002139,2.685151398966183e-35,10,2903,True,Respiratory Disturbance Index - total number of apneic and hypopneic events per hour of sleep (similar to AHI)
b,male,rdi,Rdi,sleep_group_group,activity_tm_3kmh,masked head,long_masked_head,male,pearson_r,0.3271913930284844,2.477795158288457e-34,10,2903,True,Respiratory Disturbance Index - total number of apneic and hypopneic events per hour of sleep (similar to AHI)
b,male,rdi,Rdi,sleep_group_group,activity_tm_3kmh,masked arms,long_masked_arms,male,pearson_r,0.3484132337491763,7.549678773517409e-41,10,2903,True,Respiratory Disturbance Index - total number of apneic and hypopneic events per hour of sleep (similar to AHI)
b,male,rdi,Rdi,sleep_group_group,activity_tm_3kmh,masked torso,long_masked_torso,male,pearson_r,0.3177408685789785,4.71584374883693e-34,10,2903,True,Respiratory Disturbance Index - total number of apneic and hypopneic events per hour of sleep (similar to AHI)
b,male,rdi,Rdi,sleep_group_group,activity_tm_3kmh,masked legs,long_masked_legs,male,pearson_r,0.3343861987169706,3.785893430606615e-37,10,2903,True,Respiratory Disturbance Index - total number of apneic and hypopneic events per hour of sleep (similar to AHI)
b,male,rdi,Rdi,sleep_group_group,activity_tm_3kmh,all but head,long_all_but_head,male,pearson_r,0.3395239442144636,1.856812868282738e-39,10,2903,True,Respiratory Disturbance Index - total number of apneic and hypopneic events per hour of sleep (similar to AHI)
b,male,rdi,Rdi,sleep_group_group,activity_tm_3kmh,all but arms,long_all_but_arms,male,pearson_r,0.3075713591575003,9.08986765648716e-32,10,2903,True,Respiratory Disturbance Index - total number of apneic and hypopneic events per hour of sleep (similar to AHI)
b,male,rdi,Rdi,sleep_group_group,activity_tm_3kmh,all but torso,long_all_but_torso,male,pearson_r,0.3747511150194983,3.293378777893001e-48,10,2903,True,Respiratory Disturbance Index - total number of apneic and hypopneic events per hour of sleep (similar to AHI)
b,male,rdi,Rdi,sleep_group_group,activity_tm_3kmh,all but legs,long_all_but_legs,male,pearson_r,0.3676802875942159,7.624257395879456e-46,10,2903,True,Respiratory Disturbance Index - total number of apneic and hypopneic events per hour of sleep (similar to AHI)
b,male,total_scan_vat_area,Total Scan Vat Area,age_gender_bmi_VAT,activity_self_selected_gait_speed,full model,long_seq,male,pearson_r,0.769214502247322,5.5770192722689175e-301,10,3164,True,"Visceral adipose tissue (VAT) area measured from DXA scan in square centimeters, representing the cross-sectional area of internal abdominal fat"
b,male,total_scan_vat_area,Total Scan Vat Area,body_composition_group,activity_self_selected_gait_speed,full model,long_seq,male,pearson_r,0.7983351542074975,0.0,10,3164,False,"Visceral adipose tissue (VAT) area measured from DXA scan in square centimeters, representing the cross-sectional area of internal abdominal fat"
b,male,total_scan_vat_area,Total Scan Vat Area,age_gender_bmi_VAT,activity_self_selected_gait_speed,masked head,long_masked_head,male,pearson_r,0.7711468508378638,2.4959812387345197e-303,10,3164,True,"Visceral adipose tissue (VAT) area measured from DXA scan in square centimeters, representing the cross-sectional area of internal abdominal fat"
b,male,total_scan_vat_area,Total Scan Vat Area,body_composition_group,activity_self_selected_gait_speed,masked head,long_masked_head,male,pearson_r,0.803575481044842,0.0,10,3164,False,"Visceral adipose tissue (VAT) area measured from DXA scan in square centimeters, representing the cross-sectional area of internal abdominal fat"
b,male,total_scan_vat_area,Total Scan Vat Area,age_gender_bmi_VAT,activity_self_selected_gait_speed,masked arms,long_masked_arms,male,pearson_r,0.7498595616863322,1.5949524749262732e-278,10,3164,True,"Visceral adipose tissue (VAT) area measured from DXA scan in square centimeters, representing the cross-sectional area of internal abdominal fat"
b,male,total_scan_vat_area,Total Scan Vat Area,body_composition_group,activity_self_selected_gait_speed,masked arms,long_masked_arms,male,pearson_r,0.7972314100152811,0.0,10,3164,False,"Visceral adipose tissue (VAT) area measured from DXA scan in square centimeters, representing the cross-sectional area of internal abdominal fat"
b,male,total_scan_vat_area,Total Scan Vat Area,age_gender_bmi_VAT,activity_self_selected_gait_speed,masked torso,long_masked_torso,male,pearson_r,0.7511857978557742,1.7659176475884707e-279,10,3164,True,"Visceral adipose tissue (VAT) area measured from DXA scan in square centimeters, representing the cross-sectional area of internal abdominal fat"
b,male,total_scan_vat_area,Total Scan Vat Area,body_composition_group,activity_self_selected_gait_speed,masked torso,long_masked_torso,male,pearson_r,0.7885480891851742,0.0,10,3164,False,"Visceral adipose tissue (VAT) area measured from DXA scan in square centimeters, representing the cross-sectional area of internal abdominal fat"
b,male,total_scan_vat_area,Total Scan Vat Area,age_gender_bmi_VAT,activity_self_selected_gait_speed,masked legs,long_masked_legs,male,pearson_r,0.7466402506965262,7.344103180996726e-272,10,3164,True,"Visceral adipose tissue (VAT) area measured from DXA scan in square centimeters, representing the cross-sectional area of internal abdominal fat"
b,male,total_scan_vat_area,Total Scan Vat Area,body_composition_group,activity_self_selected_gait_speed,masked legs,long_masked_legs,male,pearson_r,0.7879758030047299,5e-324,10,3164,False,"Visceral adipose tissue (VAT) area measured from DXA scan in square centimeters, representing the cross-sectional area of internal abdominal fat"
b,male,total_scan_vat_area,Total Scan Vat Area,age_gender_bmi_VAT,activity_self_selected_gait_speed,all but head,long_all_but_head,male,pearson_r,0.4433737690821809,2.993592303208443e-73,10,3164,True,"Visceral adipose tissue (VAT) area measured from DXA scan in square centimeters, representing the cross-sectional area of internal abdominal fat"
b,male,total_scan_vat_area,Total Scan Vat Area,body_composition_group,activity_self_selected_gait_speed,all but head,long_all_but_head,male,pearson_r,0.6957231229367569,6.80715368763337e-222,10,3164,False,"Visceral adipose tissue (VAT) area measured from DXA scan in square centimeters, representing the cross-sectional area of internal abdominal fat"
b,male,total_scan_vat_area,Total Scan Vat Area,age_gender_bmi_VAT,activity_self_selected_gait_speed,all but arms,long_all_but_arms,male,pearson_r,0.6609870879182742,6.779533578699079e-194,10,3164,True,"Visceral adipose tissue (VAT) area measured from DXA scan in square centimeters, representing the cross-sectional area of internal abdominal fat"
b,male,total_scan_vat_area,Total Scan Vat Area,body_composition_group,activity_self_selected_gait_speed,all but arms,long_all_but_arms,male,pearson_r,0.7235905207106426,2.7325457319664465e-243,10,3164,False,"Visceral adipose tissue (VAT) area measured from DXA scan in square centimeters, representing the cross-sectional area of internal abdominal fat"
b,male,total_scan_vat_area,Total Scan Vat Area,age_gender_bmi_VAT,activity_self_selected_gait_speed,all but torso,long_all_but_torso,male,pearson_r,0.7001320623107095,6.986243204458578e-228,10,3164,True,"Visceral adipose tissue (VAT) area measured from DXA scan in square centimeters, representing the cross-sectional area of internal abdominal fat"
b,male,total_scan_vat_area,Total Scan Vat Area,body_composition_group,activity_self_selected_gait_speed,all but torso,long_all_but_torso,male,pearson_r,0.7622559359531726,1.213620975239397e-289,10,3164,False,"Visceral adipose tissue (VAT) area measured from DXA scan in square centimeters, representing the cross-sectional area of internal abdominal fat"
b,male,total_scan_vat_area,Total Scan Vat Area,age_gender_bmi_VAT,activity_self_selected_gait_speed,all but legs,long_all_but_legs,male,pearson_r,0.6322942373269085,9.875542167797106e-173,10,3164,True,"Visceral adipose tissue (VAT) area measured from DXA scan in square centimeters, representing the cross-sectional area of internal abdominal fat"
b,male,total_scan_vat_area,Total Scan Vat Area,body_composition_group,activity_self_selected_gait_speed,all but legs,long_all_but_legs,male,pearson_r,0.7424567980097836,1.3216169049161718e-265,10,3164,False,"Visceral adipose tissue (VAT) area measured from DXA scan in square centimeters, representing the cross-sectional area of internal abdominal fat"
b,male,total_scan_vat_area,Total Scan Vat Area,age_gender_bmi_VAT,activity_tm_3kmh,full model,long_seq,male,pearson_r,0.7666874138983023,5.581931198197549e-295,10,3101,True,"Visceral adipose tissue (VAT) area measured from DXA scan in square centimeters, representing the cross-sectional area of internal abdominal fat"
b,male,total_scan_vat_area,Total Scan Vat Area,body_composition_group,activity_tm_3kmh,full model,long_seq,male,pearson_r,0.7971712298504967,0.0,10,3101,False,"Visceral adipose tissue (VAT) area measured from DXA scan in square centimeters, representing the cross-sectional area of internal abdominal fat"
b,male,total_scan_vat_area,Total Scan Vat Area,age_gender_bmi_VAT,activity_tm_3kmh,masked head,long_masked_head,male,pearson_r,0.7706828233622816,3.909910269149924e-299,10,3101,True,"Visceral adipose tissue (VAT) area measured from DXA scan in square centimeters, representing the cross-sectional area of internal abdominal fat"
b,male,total_scan_vat_area,Total Scan Vat Area,body_composition_group,activity_tm_3kmh,masked head,long_masked_head,male,pearson_r,0.8038892271075107,0.0,10,3101,False,"Visceral adipose tissue (VAT) area measured from DXA scan in square centimeters, representing the cross-sectional area of internal abdominal fat"
b,male,total_scan_vat_area,Total Scan Vat Area,age_gender_bmi_VAT,activity_tm_3kmh,masked arms,long_masked_arms,male,pearson_r,0.7409048084146503,3.248555887492444e-266,10,3101,True,"Visceral adipose tissue (VAT) area measured from DXA scan in square centimeters, representing the cross-sectional area of internal abdominal fat"
b,male,total_scan_vat_area,Total Scan Vat Area,body_composition_group,activity_tm_3kmh,masked arms,long_masked_arms,male,pearson_r,0.7908562627870346,0.0,10,3101,False,"Visceral adipose tissue (VAT) area measured from DXA scan in square centimeters, representing the cross-sectional area of internal abdominal fat"
b,male,total_scan_vat_area,Total Scan Vat Area,age_gender_bmi_VAT,activity_tm_3kmh,masked torso,long_masked_torso,male,pearson_r,0.7449824112211993,2.4500404150249787e-266,10,3101,True,"Visceral adipose tissue (VAT) area measured from DXA scan in square centimeters, representing the cross-sectional area of internal abdominal fat"
b,male,total_scan_vat_area,Total Scan Vat Area,body_composition_group,activity_tm_3kmh,masked torso,long_masked_torso,male,pearson_r,0.7823659821296057,1.397851860786e-312,10,3101,False,"Visceral adipose tissue (VAT) area measured from DXA scan in square centimeters, representing the cross-sectional area of internal abdominal fat"
b,male,total_scan_vat_area,Total Scan Vat Area,age_gender_bmi_VAT,activity_tm_3kmh,masked legs,long_masked_legs,male,pearson_r,0.7413599896495696,8.604283816248506e-265,10,3101,True,"Visceral adipose tissue (VAT) area measured from DXA scan in square centimeters, representing the cross-sectional area of internal abdominal fat"
b,male,total_scan_vat_area,Total Scan Vat Area,body_composition_group,activity_tm_3kmh,masked legs,long_masked_legs,male,pearson_r,0.7789690524985388,5.3489573463988e-310,10,3101,False,"Visceral adipose tissue (VAT) area measured from DXA scan in square centimeters, representing the cross-sectional area of internal abdominal fat"
b,male,total_scan_vat_area,Total Scan Vat Area,age_gender_bmi_VAT,activity_tm_3kmh,all but head,long_all_but_head,male,pearson_r,0.4901777224383507,3.612332788830542e-92,10,3101,True,"Visceral adipose tissue (VAT) area measured from DXA scan in square centimeters, representing the cross-sectional area of internal abdominal fat"
b,male,total_scan_vat_area,Total Scan Vat Area,body_composition_group,activity_tm_3kmh,all but head,long_all_but_head,male,pearson_r,0.6962235841574429,1.689781214540131e-217,10,3101,False,"Visceral adipose tissue (VAT) area measured from DXA scan in square centimeters, representing the cross-sectional area of internal abdominal fat"
b,male,total_scan_vat_area,Total Scan Vat Area,age_gender_bmi_VAT,activity_tm_3kmh,all but arms,long_all_but_arms,male,pearson_r,0.679117348163542,5.4716156982989445e-205,10,3101,True,"Visceral adipose tissue (VAT) area measured from DXA scan in square centimeters, representing the cross-sectional area of internal abdominal fat"
b,male,total_scan_vat_area,Total Scan Vat Area,body_composition_group,activity_tm_3kmh,all but arms,long_all_but_arms,male,pearson_r,0.7299539497181287,5.6511683401035666e-247,10,3101,False,"Visceral adipose tissue (VAT) area measured from DXA scan in square centimeters, representing the cross-sectional area of internal abdominal fat"
b,male,total_scan_vat_area,Total Scan Vat Area,age_gender_bmi_VAT,activity_tm_3kmh,all but torso,long_all_but_torso,male,pearson_r,0.6965567552703998,5.627658097065874e-222,10,3101,True,"Visceral adipose tissue (VAT) area measured from DXA scan in square centimeters, representing the cross-sectional area of internal abdominal fat"
b,male,total_scan_vat_area,Total Scan Vat Area,body_composition_group,activity_tm_3kmh,all but torso,long_all_but_torso,male,pearson_r,0.7649122982396444,4.29215134672116e-293,10,3101,False,"Visceral adipose tissue (VAT) area measured from DXA scan in square centimeters, representing the cross-sectional area of internal abdominal fat"
b,male,total_scan_vat_area,Total Scan Vat Area,age_gender_bmi_VAT,activity_tm_3kmh,all but legs,long_all_but_legs,male,pearson_r,0.6399864788726306,3.171646790454502e-175,10,3101,True,"Visceral adipose tissue (VAT) area measured from DXA scan in square centimeters, representing the cross-sectional area of internal abdominal fat"
b,male,total_scan_vat_area,Total Scan Vat Area,body_composition_group,activity_tm_3kmh,all but legs,long_all_but_legs,male,pearson_r,0.7411120024364044,6.780715405426823e-264,10,3101,False,"Visceral adipose tissue (VAT) area measured from DXA scan in square centimeters, representing the cross-sectional area of internal abdominal fat"
b,male,vigorous_activity_days,Vigorous Activity Days,lifestyle_ordinal,activity_self_selected_gait_speed,full model,long_seq,male,pearson_r,0.4218887744711253,1.5103112361232074e-29,10,1447,True,
b,male,vigorous_activity_days,Vigorous Activity Days,lifestyle_ordinal,activity_self_selected_gait_speed,masked head,long_masked_head,male,pearson_r,0.4150622596478679,7.209911191440046e-29,10,1447,True,
b,male,vigorous_activity_days,Vigorous Activity Days,lifestyle_ordinal,activity_self_selected_gait_speed,masked arms,long_masked_arms,male,pearson_r,0.4255797118515724,4.0467394672255944e-30,10,1447,True,
b,male,vigorous_activity_days,Vigorous Activity Days,lifestyle_ordinal,activity_self_selected_gait_speed,masked torso,long_masked_torso,male,pearson_r,0.3954513234247936,8.303147266794218e-26,10,1447,True,
b,male,vigorous_activity_days,Vigorous Activity Days,lifestyle_ordinal,activity_self_selected_gait_speed,masked legs,long_masked_legs,male,pearson_r,0.4106053021410497,5.772882847029215e-27,10,1447,True,
b,male,vigorous_activity_days,Vigorous Activity Days,lifestyle_ordinal,activity_self_selected_gait_speed,all but head,long_all_but_head,male,pearson_r,0.3668481297281799,1.4339801728609829e-21,10,1447,True,
b,male,vigorous_activity_days,Vigorous Activity Days,lifestyle_ordinal,activity_self_selected_gait_speed,all but arms,long_all_but_arms,male,pearson_r,0.3626266371817928,7.490326709298562e-21,10,1447,True,
b,male,vigorous_activity_days,Vigorous Activity Days,lifestyle_ordinal,activity_self_selected_gait_speed,all but torso,long_all_but_torso,male,pearson_r,0.4060318801289185,6.817267420386552e-28,10,1447,True,
b,male,vigorous_activity_days,Vigorous Activity Days,lifestyle_ordinal,activity_self_selected_gait_speed,all but legs,long_all_but_legs,male,pearson_r,0.3867032547188984,5.826921925177341e-23,10,1447,True,
b,male,vigorous_activity_days,Vigorous Activity Days,lifestyle_ordinal,activity_tm_3kmh,full model,long_seq,male,pearson_r,0.378726997703868,9.347533972685508e-23,10,1425,True,
b,male,vigorous_activity_days,Vigorous Activity Days,lifestyle_ordinal,activity_tm_3kmh,masked head,long_masked_head,male,pearson_r,0.3784337325176324,3.5520953773041976e-22,10,1425,True,
b,male,vigorous_activity_days,Vigorous Activity Days,lifestyle_ordinal,activity_tm_3kmh,masked arms,long_masked_arms,male,pearson_r,0.3741970379812852,4.2276107807130484e-22,10,1425,True,
b,male,vigorous_activity_days,Vigorous Activity Days,lifestyle_ordinal,activity_tm_3kmh,masked torso,long_masked_torso,male,pearson_r,0.3552903650589879,1.54398850550465e-20,10,1425,True,
b,male,vigorous_activity_days,Vigorous Activity Days,lifestyle_ordinal,activity_tm_3kmh,masked legs,long_masked_legs,male,pearson_r,0.376610396738177,5.778404708411207e-23,10,1425,True,
b,male,vigorous_activity_days,Vigorous Activity Days,lifestyle_ordinal,activity_tm_3kmh,all but head,long_all_but_head,male,pearson_r,0.3426715094724469,2.374809510322633e-18,10,1425,True,
b,male,vigorous_activity_days,Vigorous Activity Days,lifestyle_ordinal,activity_tm_3kmh,all but arms,long_all_but_arms,male,pearson_r,0.3587440120596553,1.34231980673282e-19,10,1425,True,
b,male,vigorous_activity_days,Vigorous Activity Days,lifestyle_ordinal,activity_tm_3kmh,all but torso,long_all_but_torso,male,pearson_r,0.3825604859746448,2.0818654121264216e-24,10,1425,True,
b,male,vigorous_activity_days,Vigorous Activity Days,lifestyle_ordinal,activity_tm_3kmh,all but legs,long_all_but_legs,male,pearson_r,0.3674635766574282,3.972213822116368e-21,10,1425,True,
b,male,wearable_weightlifting_monthly_hours,Weightlifting Monthly Hours,wearable_monthly_group,activity_self_selected_gait_speed,full model,long_seq,male,pearson_r,0.0800615408183544,0.1773722557051883,10,580,True,Monthly duration of weightlifting/resistance training activity (measured in hours) tracked via wearable device. Weightlifting is a high-intensity anaerobic exercise focusing on muscular strength and power.
b,male,wearable_weightlifting_monthly_hours,Weightlifting Monthly Hours,wearable_monthly_group,activity_self_selected_gait_speed,masked head,long_masked_head,male,pearson_r,0.0388824894238348,0.4319837161377067,10,580,True,Monthly duration of weightlifting/resistance training activity (measured in hours) tracked via wearable device. Weightlifting is a high-intensity anaerobic exercise focusing on muscular strength and power.
b,male,wearable_weightlifting_monthly_hours,Weightlifting Monthly Hours,wearable_monthly_group,activity_self_selected_gait_speed,masked arms,long_masked_arms,male,pearson_r,0.0607653843723886,0.338352457804603,10,580,True,Monthly duration of weightlifting/resistance training activity (measured in hours) tracked via wearable device. Weightlifting is a high-intensity anaerobic exercise focusing on muscular strength and power.
b,male,wearable_weightlifting_monthly_hours,Weightlifting Monthly Hours,wearable_monthly_group,activity_self_selected_gait_speed,masked torso,long_masked_torso,male,pearson_r,0.0093750683718571,0.7143529939690811,10,580,True,Monthly duration of weightlifting/resistance training activity (measured in hours) tracked via wearable device. Weightlifting is a high-intensity anaerobic exercise focusing on muscular strength and power.
b,male,wearable_weightlifting_monthly_hours,Weightlifting Monthly Hours,wearable_monthly_group,activity_self_selected_gait_speed,masked legs,long_masked_legs,male,pearson_r,0.0623250501513248,0.2525770360483725,10,580,True,Monthly duration of weightlifting/resistance training activity (measured in hours) tracked via wearable device. Weightlifting is a high-intensity anaerobic exercise focusing on muscular strength and power.
b,male,wearable_weightlifting_monthly_hours,Weightlifting Monthly Hours,wearable_monthly_group,activity_self_selected_gait_speed,all but head,long_all_but_head,male,pearson_r,0.076503345606547,0.2645726292875344,10,580,True,Monthly duration of weightlifting/resistance training activity (measured in hours) tracked via wearable device. Weightlifting is a high-intensity anaerobic exercise focusing on muscular strength and power.
b,male,wearable_weightlifting_monthly_hours,Weightlifting Monthly Hours,wearable_monthly_group,activity_self_selected_gait_speed,all but arms,long_all_but_arms,male,pearson_r,0.0470803620667801,0.440821194032222,10,580,True,Monthly duration of weightlifting/resistance training activity (measured in hours) tracked via wearable device. Weightlifting is a high-intensity anaerobic exercise focusing on muscular strength and power.
b,male,wearable_weightlifting_monthly_hours,Weightlifting Monthly Hours,wearable_monthly_group,activity_self_selected_gait_speed,all but torso,long_all_but_torso,male,pearson_r,0.0786058268781675,0.2285030775223185,10,580,True,Monthly duration of weightlifting/resistance training activity (measured in hours) tracked via wearable device. Weightlifting is a high-intensity anaerobic exercise focusing on muscular strength and power.
b,male,wearable_weightlifting_monthly_hours,Weightlifting Monthly Hours,wearable_monthly_group,activity_self_selected_gait_speed,all but legs,long_all_but_legs,male,pearson_r,0.0589668874350425,0.3640444103123306,10,580,True,Monthly duration of weightlifting/resistance training activity (measured in hours) tracked via wearable device. Weightlifting is a high-intensity anaerobic exercise focusing on muscular strength and power.
b,male,wearable_weightlifting_monthly_hours,Weightlifting Monthly Hours,wearable_monthly_group,activity_tm_3kmh,full model,long_seq,male,pearson_r,-0.0055102747808831,0.7828386093007735,10,574,True,Monthly duration of weightlifting/resistance training activity (measured in hours) tracked via wearable device. Weightlifting is a high-intensity anaerobic exercise focusing on muscular strength and power.
b,male,wearable_weightlifting_monthly_hours,Weightlifting Monthly Hours,wearable_monthly_group,activity_tm_3kmh,masked head,long_masked_head,male,pearson_r,0.0515983537722944,0.3246982154595107,10,574,True,Monthly duration of weightlifting/resistance training activity (measured in hours) tracked via wearable device. Weightlifting is a high-intensity anaerobic exercise focusing on muscular strength and power.
b,male,wearable_weightlifting_monthly_hours,Weightlifting Monthly Hours,wearable_monthly_group,activity_tm_3kmh,masked arms,long_masked_arms,male,pearson_r,0.0750770112677999,0.2628672870663084,10,574,True,Monthly duration of weightlifting/resistance training activity (measured in hours) tracked via wearable device. Weightlifting is a high-intensity anaerobic exercise focusing on muscular strength and power.
b,male,wearable_weightlifting_monthly_hours,Weightlifting Monthly Hours,wearable_monthly_group,activity_tm_3kmh,masked torso,long_masked_torso,male,pearson_r,-0.0145603509303048,0.7280006816929654,10,574,True,Monthly duration of weightlifting/resistance training activity (measured in hours) tracked via wearable device. Weightlifting is a high-intensity anaerobic exercise focusing on muscular strength and power.
b,male,wearable_weightlifting_monthly_hours,Weightlifting Monthly Hours,wearable_monthly_group,activity_tm_3kmh,masked legs,long_masked_legs,male,pearson_r,0.0508644806204589,0.3303200712321003,10,574,True,Monthly duration of weightlifting/resistance training activity (measured in hours) tracked via wearable device. Weightlifting is a high-intensity anaerobic exercise focusing on muscular strength and power.
b,male,wearable_weightlifting_monthly_hours,Weightlifting Monthly Hours,wearable_monthly_group,activity_tm_3kmh,all but head,long_all_but_head,male,pearson_r,0.0406729371208728,0.3725702810635318,10,574,True,Monthly duration of weightlifting/resistance training activity (measured in hours) tracked via wearable device. Weightlifting is a high-intensity anaerobic exercise focusing on muscular strength and power.
b,male,wearable_weightlifting_monthly_hours,Weightlifting Monthly Hours,wearable_monthly_group,activity_tm_3kmh,all but arms,long_all_but_arms,male,pearson_r,-0.0182883839290415,0.6245932718152766,10,574,True,Monthly duration of weightlifting/resistance training activity (measured in hours) tracked via wearable device. Weightlifting is a high-intensity anaerobic exercise focusing on muscular strength and power.
b,male,wearable_weightlifting_monthly_hours,Weightlifting Monthly Hours,wearable_monthly_group,activity_tm_3kmh,all but torso,long_all_but_torso,male,pearson_r,0.0620391893065141,0.2850228776087528,10,574,True,Monthly duration of weightlifting/resistance training activity (measured in hours) tracked via wearable device. Weightlifting is a high-intensity anaerobic exercise focusing on muscular strength and power.
b,male,wearable_weightlifting_monthly_hours,Weightlifting Monthly Hours,wearable_monthly_group,activity_tm_3kmh,all but legs,long_all_but_legs,male,pearson_r,0.0571007812729232,0.3582142796244928,10,574,True,Monthly duration of weightlifting/resistance training activity (measured in hours) tracked via wearable device. Weightlifting is a high-intensity anaerobic exercise focusing on muscular strength and power.
c,female,L_HDL_P,L Hdl P,nightingale_group,activity_self_selected_gait_speed,full model,long_seq,female,pearson_r,0.4175889311300686,1.9407990880482103e-34,10,1598,True,"HDL particle number - measures the total number of high-density lipoprotein particles, a key cardiovascular risk marker"
c,female,L_HDL_P,L Hdl P,nightingale_group,activity_self_selected_gait_speed,masked head,long_masked_head,female,pearson_r,0.4122660012396338,1.1734428080537193e-33,10,1598,True,"HDL particle number - measures the total number of high-density lipoprotein particles, a key cardiovascular risk marker"
c,female,L_HDL_P,L Hdl P,nightingale_group,activity_self_selected_gait_speed,masked arms,long_masked_arms,female,pearson_r,0.4133327399578315,1.0105816947980833e-33,10,1598,True,"HDL particle number - measures the total number of high-density lipoprotein particles, a key cardiovascular risk marker"
c,female,L_HDL_P,L Hdl P,nightingale_group,activity_self_selected_gait_speed,masked torso,long_masked_torso,female,pearson_r,0.4118196080813028,8.322325121431568e-33,10,1598,True,"HDL particle number - measures the total number of high-density lipoprotein particles, a key cardiovascular risk marker"
c,female,L_HDL_P,L Hdl P,nightingale_group,activity_self_selected_gait_speed,masked legs,long_masked_legs,female,pearson_r,0.4218505938702993,6.166151209424522e-35,10,1598,True,"HDL particle number - measures the total number of high-density lipoprotein particles, a key cardiovascular risk marker"
c,female,L_HDL_P,L Hdl P,nightingale_group,activity_self_selected_gait_speed,all but head,long_all_but_head,female,pearson_r,0.4199553208207663,8.642229543818776e-35,10,1598,True,"HDL particle number - measures the total number of high-density lipoprotein particles, a key cardiovascular risk marker"
c,female,L_HDL_P,L Hdl P,nightingale_group,activity_self_selected_gait_speed,all but arms,long_all_but_arms,female,pearson_r,0.4110981997319363,2.135149223949144e-33,10,1598,True,"HDL particle number - measures the total number of high-density lipoprotein particles, a key cardiovascular risk marker"
c,female,L_HDL_P,L Hdl P,nightingale_group,activity_self_selected_gait_speed,all but torso,long_all_but_torso,female,pearson_r,0.4191692099285046,5.969937296383774e-35,10,1598,True,"HDL particle number - measures the total number of high-density lipoprotein particles, a key cardiovascular risk marker"
c,female,L_HDL_P,L Hdl P,nightingale_group,activity_self_selected_gait_speed,all but legs,long_all_but_legs,female,pearson_r,0.4161631284947448,3.6768274340920638e-34,10,1598,True,"HDL particle number - measures the total number of high-density lipoprotein particles, a key cardiovascular risk marker"
c,female,L_HDL_P,L Hdl P,nightingale_group,activity_tm_3kmh,full model,long_seq,female,pearson_r,0.4171747242800865,3.495408042249723e-33,10,1556,True,"HDL particle number - measures the total number of high-density lipoprotein particles, a key cardiovascular risk marker"
c,female,L_HDL_P,L Hdl P,nightingale_group,activity_tm_3kmh,masked head,long_masked_head,female,pearson_r,0.4117423714346144,2.1864713355566215e-32,10,1556,True,"HDL particle number - measures the total number of high-density lipoprotein particles, a key cardiovascular risk marker"
c,female,L_HDL_P,L Hdl P,nightingale_group,activity_tm_3kmh,masked arms,long_masked_arms,female,pearson_r,0.4125835434869221,3.24259375819079e-32,10,1556,True,"HDL particle number - measures the total number of high-density lipoprotein particles, a key cardiovascular risk marker"
c,female,L_HDL_P,L Hdl P,nightingale_group,activity_tm_3kmh,masked torso,long_masked_torso,female,pearson_r,0.4113844202645889,3.3975540538071656e-32,10,1556,True,"HDL particle number - measures the total number of high-density lipoprotein particles, a key cardiovascular risk marker"
c,female,L_HDL_P,L Hdl P,nightingale_group,activity_tm_3kmh,masked legs,long_masked_legs,female,pearson_r,0.4197941527210521,1.5707223837089728e-33,10,1556,True,"HDL particle number - measures the total number of high-density lipoprotein particles, a key cardiovascular risk marker"
c,female,L_HDL_P,L Hdl P,nightingale_group,activity_tm_3kmh,all but head,long_all_but_head,female,pearson_r,0.4182006113668653,1.7500733652674274e-33,10,1556,True,"HDL particle number - measures the total number of high-density lipoprotein particles, a key cardiovascular risk marker"
c,female,L_HDL_P,L Hdl P,nightingale_group,activity_tm_3kmh,all but arms,long_all_but_arms,female,pearson_r,0.4121373666684987,1.3389024164229542e-32,10,1556,True,"HDL particle number - measures the total number of high-density lipoprotein particles, a key cardiovascular risk marker"
c,female,L_HDL_P,L Hdl P,nightingale_group,activity_tm_3kmh,all but torso,long_all_but_torso,female,pearson_r,0.4164664572464561,2.7996435816179187e-33,10,1556,True,"HDL particle number - measures the total number of high-density lipoprotein particles, a key cardiovascular risk marker"
c,female,L_HDL_P,L Hdl P,nightingale_group,activity_tm_3kmh,all but legs,long_all_but_legs,female,pearson_r,0.4110571400343164,2.633677446072387e-32,10,1556,True,"HDL particle number - measures the total number of high-density lipoprotein particles, a key cardiovascular risk marker"
c,female,age,Age,age_gender_bmi_VAT,activity_self_selected_gait_speed,full model,long_seq,female,pearson_r,0.5738795121247059,1.8935173850433712e-144,10,3257,True,Age of subject at time of measurement in years
c,female,age,Age,subject_group,activity_self_selected_gait_speed,full model,long_seq,female,pearson_r,0.5955140026451591,6.958106254070208e-158,10,3257,False,Age of subject at time of measurement in years
c,female,age,Age,age_gender_bmi_VAT,activity_self_selected_gait_speed,masked head,long_masked_head,female,pearson_r,0.5466348619003343,2.5866963386384208e-129,10,3257,True,Age of subject at time of measurement in years
c,female,age,Age,subject_group,activity_self_selected_gait_speed,masked head,long_masked_head,female,pearson_r,0.5683835789927277,6.92955544662006e-142,10,3257,False,Age of subject at time of measurement in years
c,female,age,Age,age_gender_bmi_VAT,activity_self_selected_gait_speed,masked arms,long_masked_arms,female,pearson_r,0.533397140398885,4.685587762436441e-121,10,3257,True,Age of subject at time of measurement in years
c,female,age,Age,subject_group,activity_self_selected_gait_speed,masked arms,long_masked_arms,female,pearson_r,0.5554766885412982,5.3463676476700915e-133,10,3257,False,Age of subject at time of measurement in years
c,female,age,Age,age_gender_bmi_VAT,activity_self_selected_gait_speed,masked torso,long_masked_torso,female,pearson_r,0.5782761114013362,2.458369421121712e-145,10,3257,True,Age of subject at time of measurement in years
c,female,age,Age,subject_group,activity_self_selected_gait_speed,masked torso,long_masked_torso,female,pearson_r,0.5991804289838971,1.1439534555824278e-159,10,3257,False,Age of subject at time of measurement in years
c,female,age,Age,age_gender_bmi_VAT,activity_self_selected_gait_speed,masked legs,long_masked_legs,female,pearson_r,0.5297726128926797,5.183049894144241e-119,10,3257,True,Age of subject at time of measurement in years
c,female,age,Age,subject_group,activity_self_selected_gait_speed,masked legs,long_masked_legs,female,pearson_r,0.558777387586746,1.334674624845337e-134,10,3257,False,Age of subject at time of measurement in years
c,female,age,Age,age_gender_bmi_VAT,activity_self_selected_gait_speed,all but head,long_all_but_head,female,pearson_r,0.4006640802650513,1.3468834710390194e-63,10,3257,True,Age of subject at time of measurement in years
c,female,age,Age,subject_group,activity_self_selected_gait_speed,all but head,long_all_but_head,female,pearson_r,0.4688916581001912,6.941061879553393e-89,10,3257,False,Age of subject at time of measurement in years
c,female,age,Age,age_gender_bmi_VAT,activity_self_selected_gait_speed,all but arms,long_all_but_arms,female,pearson_r,0.4715792603845097,1.448722222299262e-89,10,3257,True,Age of subject at time of measurement in years
c,female,age,Age,subject_group,activity_self_selected_gait_speed,all but arms,long_all_but_arms,female,pearson_r,0.5134548468623528,3.2792734203106777e-110,10,3257,False,Age of subject at time of measurement in years
c,female,age,Age,age_gender_bmi_VAT,activity_self_selected_gait_speed,all but torso,long_all_but_torso,female,pearson_r,0.3706882484520847,1.1547770681846443e-53,10,3257,True,Age of subject at time of measurement in years
c,female,age,Age,subject_group,activity_self_selected_gait_speed,all but torso,long_all_but_torso,female,pearson_r,0.4368486782384351,1.6488636338537087e-76,10,3257,False,Age of subject at time of measurement in years
c,female,age,Age,age_gender_bmi_VAT,activity_self_selected_gait_speed,all but legs,long_all_but_legs,female,pearson_r,0.4714650270413408,2.0729432279258213e-89,10,3257,True,Age of subject at time of measurement in years
c,female,age,Age,subject_group,activity_self_selected_gait_speed,all but legs,long_all_but_legs,female,pearson_r,0.5021642719630739,6.198968003421935e-103,10,3257,False,Age of subject at time of measurement in years
c,female,age,Age,age_gender_bmi_VAT,activity_tm_3kmh,full model,long_seq,female,pearson_r,0.6014581532642895,4.063374845914747e-158,10,3189,True,Age of subject at time of measurement in years
c,female,age,Age,subject_group,activity_tm_3kmh,full model,long_seq,female,pearson_r,0.6185498504651789,2.0526331408156773e-169,10,3189,False,Age of subject at time of measurement in years
c,female,age,Age,age_gender_bmi_VAT,activity_tm_3kmh,masked head,long_masked_head,female,pearson_r,0.5807819787107662,9.796425295165102e-144,10,3189,True,Age of subject at time of measurement in years
c,female,age,Age,subject_group,activity_tm_3kmh,masked head,long_masked_head,female,pearson_r,0.5998570783621393,1.0490906377127557e-155,10,3189,False,Age of subject at time of measurement in years
c,female,age,Age,age_gender_bmi_VAT,activity_tm_3kmh,masked arms,long_masked_arms,female,pearson_r,0.5502548730926745,2.8432956007228443e-127,10,3189,True,Age of subject at time of measurement in years
c,female,age,Age,subject_group,activity_tm_3kmh,masked arms,long_masked_arms,female,pearson_r,0.5743845053100507,5.612730864293091e-141,10,3189,False,Age of subject at time of measurement in years
c,female,age,Age,age_gender_bmi_VAT,activity_tm_3kmh,masked torso,long_masked_torso,female,pearson_r,0.60691637527611,3.1237766540107237e-162,10,3189,True,Age of subject at time of measurement in years
c,female,age,Age,subject_group,activity_tm_3kmh,masked torso,long_masked_torso,female,pearson_r,0.6240530086613325,7.373365623402562e-174,10,3189,False,Age of subject at time of measurement in years
c,female,age,Age,age_gender_bmi_VAT,activity_tm_3kmh,masked legs,long_masked_legs,female,pearson_r,0.5589209504491669,2.11817666375597e-130,10,3189,True,Age of subject at time of measurement in years
c,female,age,Age,subject_group,activity_tm_3kmh,masked legs,long_masked_legs,female,pearson_r,0.5824210347301914,7.208943275666386e-143,10,3189,False,Age of subject at time of measurement in years
c,female,age,Age,age_gender_bmi_VAT,activity_tm_3kmh,all but head,long_all_but_head,female,pearson_r,0.4471404677031038,7.389677348398161e-78,10,3189,True,Age of subject at time of measurement in years
c,female,age,Age,subject_group,activity_tm_3kmh,all but head,long_all_but_head,female,pearson_r,0.4920409015448905,1.691794619223881e-96,10,3189,False,Age of subject at time of measurement in years
c,female,age,Age,age_gender_bmi_VAT,activity_tm_3kmh,all but arms,long_all_but_arms,female,pearson_r,0.5163736428878293,2.6492661297215282e-108,10,3189,True,Age of subject at time of measurement in years
c,female,age,Age,subject_group,activity_tm_3kmh,all but arms,long_all_but_arms,female,pearson_r,0.5502037735317357,1.1232986183810775e-126,10,3189,False,Age of subject at time of measurement in years
c,female,age,Age,age_gender_bmi_VAT,activity_tm_3kmh,all but torso,long_all_but_torso,female,pearson_r,0.3915450031415664,1.455730481836591e-58,10,3189,True,Age of subject at time of measurement in years
c,female,age,Age,subject_group,activity_tm_3kmh,all but torso,long_all_but_torso,female,pearson_r,0.4432654722336579,5.5033110122699686e-77,10,3189,False,Age of subject at time of measurement in years
c,female,age,Age,age_gender_bmi_VAT,activity_tm_3kmh,all but legs,long_all_but_legs,female,pearson_r,0.5006094991795859,5.368894635459469e-101,10,3189,True,Age of subject at time of measurement in years
c,female,age,Age,subject_group,activity_tm_3kmh,all but legs,long_all_but_legs,female,pearson_r,0.5249147483970387,3.6273839899129483e-112,10,3189,False,Age of subject at time of measurement in years
c,female,automorph_artery_fractal_dimension,Artery Fractal Dim,cardiovascular_system_group,activity_self_selected_gait_speed,full model,long_seq,female,pearson_r,0.1656878672277863,2.176730211885501e-08,10,2654,True,"Measures the fractal complexity specifically of retinal arteries, with values typically between 1-2 representing self-similar branching patterns in arterial network."
c,female,automorph_artery_fractal_dimension,Artery Fractal Dim,cardiovascular_system_group,activity_self_selected_gait_speed,masked head,long_masked_head,female,pearson_r,0.1498974583050692,4.593643464530474e-07,10,2654,True,"Measures the fractal complexity specifically of retinal arteries, with values typically between 1-2 representing self-similar branching patterns in arterial network."
c,female,automorph_artery_fractal_dimension,Artery Fractal Dim,cardiovascular_system_group,activity_self_selected_gait_speed,masked arms,long_masked_arms,female,pearson_r,0.1662571342576988,7.691138173320932e-09,10,2654,True,"Measures the fractal complexity specifically of retinal arteries, with values typically between 1-2 representing self-similar branching patterns in arterial network."
c,female,automorph_artery_fractal_dimension,Artery Fractal Dim,cardiovascular_system_group,activity_self_selected_gait_speed,masked torso,long_masked_torso,female,pearson_r,0.165223766708533,6.303251682877896e-09,10,2654,True,"Measures the fractal complexity specifically of retinal arteries, with values typically between 1-2 representing self-similar branching patterns in arterial network."
c,female,automorph_artery_fractal_dimension,Artery Fractal Dim,cardiovascular_system_group,activity_self_selected_gait_speed,masked legs,long_masked_legs,female,pearson_r,0.1679332256539379,1.5129540656378055e-09,10,2654,True,"Measures the fractal complexity specifically of retinal arteries, with values typically between 1-2 representing self-similar branching patterns in arterial network."
c,female,automorph_artery_fractal_dimension,Artery Fractal Dim,cardiovascular_system_group,activity_self_selected_gait_speed,all but head,long_all_but_head,female,pearson_r,0.1761374444260462,1.1462794521664943e-09,10,2654,True,"Measures the fractal complexity specifically of retinal arteries, with values typically between 1-2 representing self-similar branching patterns in arterial network."
c,female,automorph_artery_fractal_dimension,Artery Fractal Dim,cardiovascular_system_group,activity_self_selected_gait_speed,all but arms,long_all_but_arms,female,pearson_r,0.1326449859767457,6.643822214431691e-06,10,2654,True,"Measures the fractal complexity specifically of retinal arteries, with values typically between 1-2 representing self-similar branching patterns in arterial network."
c,female,automorph_artery_fractal_dimension,Artery Fractal Dim,cardiovascular_system_group,activity_self_selected_gait_speed,all but torso,long_all_but_torso,female,pearson_r,0.1430176045765024,1.6853472175019478e-06,10,2654,True,"Measures the fractal complexity specifically of retinal arteries, with values typically between 1-2 representing self-similar branching patterns in arterial network."
c,female,automorph_artery_fractal_dimension,Artery Fractal Dim,cardiovascular_system_group,activity_self_selected_gait_speed,all but legs,long_all_but_legs,female,pearson_r,0.1386629860863817,7.9652924516274e-06,10,2654,True,"Measures the fractal complexity specifically of retinal arteries, with values typically between 1-2 representing self-similar branching patterns in arterial network."
c,female,automorph_artery_fractal_dimension,Artery Fractal Dim,cardiovascular_system_group,activity_tm_3kmh,full model,long_seq,female,pearson_r,0.1792367205760381,2.546967390936863e-09,10,2595,True,"Measures the fractal complexity specifically of retinal arteries, with values typically between 1-2 representing self-similar branching patterns in arterial network."
c,female,automorph_artery_fractal_dimension,Artery Fractal Dim,cardiovascular_system_group,activity_tm_3kmh,masked head,long_masked_head,female,pearson_r,0.1550197066541155,2.2843331664976421e-07,10,2595,True,"Measures the fractal complexity specifically of retinal arteries, with values typically between 1-2 representing self-similar branching patterns in arterial network."
c,female,automorph_artery_fractal_dimension,Artery Fractal Dim,cardiovascular_system_group,activity_tm_3kmh,masked arms,long_masked_arms,female,pearson_r,0.1645579071554249,1.4971911988537037e-07,10,2595,True,"Measures the fractal complexity specifically of retinal arteries, with values typically between 1-2 representing self-similar branching patterns in arterial network."
c,female,automorph_artery_fractal_dimension,Artery Fractal Dim,cardiovascular_system_group,activity_tm_3kmh,masked torso,long_masked_torso,female,pearson_r,0.1740659668251661,1.7066455110594317e-08,10,2595,True,"Measures the fractal complexity specifically of retinal arteries, with values typically between 1-2 representing self-similar branching patterns in arterial network."
c,female,automorph_artery_fractal_dimension,Artery Fractal Dim,cardiovascular_system_group,activity_tm_3kmh,masked legs,long_masked_legs,female,pearson_r,0.172102398128783,1.5339817908968187e-09,10,2595,True,"Measures the fractal complexity specifically of retinal arteries, with values typically between 1-2 representing self-similar branching patterns in arterial network."
c,female,automorph_artery_fractal_dimension,Artery Fractal Dim,cardiovascular_system_group,activity_tm_3kmh,all but head,long_all_but_head,female,pearson_r,0.1667128821950643,6.205017977700643e-08,10,2595,True,"Measures the fractal complexity specifically of retinal arteries, with values typically between 1-2 representing self-similar branching patterns in arterial network."
c,female,automorph_artery_fractal_dimension,Artery Fractal Dim,cardiovascular_system_group,activity_tm_3kmh,all but arms,long_all_but_arms,female,pearson_r,0.1491255097241781,4.183778940554662e-07,10,2595,True,"Measures the fractal complexity specifically of retinal arteries, with values typically between 1-2 representing self-similar branching patterns in arterial network."
c,female,automorph_artery_fractal_dimension,Artery Fractal Dim,cardiovascular_system_group,activity_tm_3kmh,all but torso,long_all_but_torso,female,pearson_r,0.1434531189133831,9.122692828373802e-06,10,2595,True,"Measures the fractal complexity specifically of retinal arteries, with values typically between 1-2 representing self-similar branching patterns in arterial network."
c,female,automorph_artery_fractal_dimension,Artery Fractal Dim,cardiovascular_system_group,activity_tm_3kmh,all but legs,long_all_but_legs,female,pearson_r,0.1249780851774606,0.0001484588746453,10,2595,True,"Measures the fractal complexity specifically of retinal arteries, with values typically between 1-2 representing self-similar branching patterns in arterial network."
c,female,bmi,BMI,age_gender_bmi_VAT,activity_self_selected_gait_speed,full model,long_seq,female,pearson_r,0.8664916171137957,0.0,10,3256,True,Body Mass Index (weight/height^2)
c,female,bmi,BMI,subject_group,activity_self_selected_gait_speed,full model,long_seq,female,pearson_r,0.886747094743952,0.0,10,3256,False,Body Mass Index (weight/height^2)
c,female,bmi,BMI,age_gender_bmi_VAT,activity_self_selected_gait_speed,masked head,long_masked_head,female,pearson_r,0.8633003434860822,0.0,10,3256,True,Body Mass Index (weight/height^2)
c,female,bmi,BMI,subject_group,activity_self_selected_gait_speed,masked head,long_masked_head,female,pearson_r,0.8844841810805715,0.0,10,3256,False,Body Mass Index (weight/height^2)
c,female,bmi,BMI,age_gender_bmi_VAT,activity_self_selected_gait_speed,masked arms,long_masked_arms,female,pearson_r,0.8010522197485846,0.0,10,3256,True,Body Mass Index (weight/height^2)
c,female,bmi,BMI,subject_group,activity_self_selected_gait_speed,masked arms,long_masked_arms,female,pearson_r,0.8464109635898789,0.0,10,3256,False,Body Mass Index (weight/height^2)
c,female,bmi,BMI,age_gender_bmi_VAT,activity_self_selected_gait_speed,masked torso,long_masked_torso,female,pearson_r,0.8665587057481051,0.0,10,3256,True,Body Mass Index (weight/height^2)
c,female,bmi,BMI,subject_group,activity_self_selected_gait_speed,masked torso,long_masked_torso,female,pearson_r,0.8869529292415217,0.0,10,3256,False,Body Mass Index (weight/height^2)
c,female,bmi,BMI,age_gender_bmi_VAT,activity_self_selected_gait_speed,masked legs,long_masked_legs,female,pearson_r,0.8422274530110025,0.0,10,3256,True,Body Mass Index (weight/height^2)
c,female,bmi,BMI,subject_group,activity_self_selected_gait_speed,masked legs,long_masked_legs,female,pearson_r,0.863828478257542,0.0,10,3256,False,Body Mass Index (weight/height^2)
c,female,bmi,BMI,age_gender_bmi_VAT,activity_self_selected_gait_speed,all but head,long_all_but_head,female,pearson_r,0.6205676706928901,2.1039357255683696e-174,10,3256,True,Body Mass Index (weight/height^2)
c,female,bmi,BMI,subject_group,activity_self_selected_gait_speed,all but head,long_all_but_head,female,pearson_r,0.7708499705694202,0.0,10,3256,False,Body Mass Index (weight/height^2)
c,female,bmi,BMI,age_gender_bmi_VAT,activity_self_selected_gait_speed,all but arms,long_all_but_arms,female,pearson_r,0.8384252070845755,0.0,10,3256,True,Body Mass Index (weight/height^2)
c,female,bmi,BMI,subject_group,activity_self_selected_gait_speed,all but arms,long_all_but_arms,female,pearson_r,0.8643796207418053,0.0,10,3256,False,Body Mass Index (weight/height^2)
c,female,bmi,BMI,age_gender_bmi_VAT,activity_self_selected_gait_speed,all but torso,long_all_but_torso,female,pearson_r,0.6902535985912402,5.273523256481282e-234,10,3256,True,Body Mass Index (weight/height^2)
c,female,bmi,BMI,subject_group,activity_self_selected_gait_speed,all but torso,long_all_but_torso,female,pearson_r,0.7820527469851293,0.0,10,3256,False,Body Mass Index (weight/height^2)
c,female,bmi,BMI,age_gender_bmi_VAT,activity_self_selected_gait_speed,all but legs,long_all_but_legs,female,pearson_r,0.761939187066183,1.9618953784147e-310,10,3256,True,Body Mass Index (weight/height^2)
c,female,bmi,BMI,subject_group,activity_self_selected_gait_speed,all but legs,long_all_but_legs,female,pearson_r,0.8263766045765019,0.0,10,3256,False,Body Mass Index (weight/height^2)
c,female,bmi,BMI,age_gender_bmi_VAT,activity_tm_3kmh,full model,long_seq,female,pearson_r,0.8657150948815218,0.0,10,3188,True,Body Mass Index (weight/height^2)
c,female,bmi,BMI,subject_group,activity_tm_3kmh,full model,long_seq,female,pearson_r,0.8865762726266515,0.0,10,3188,False,Body Mass Index (weight/height^2)
c,female,bmi,BMI,age_gender_bmi_VAT,activity_tm_3kmh,masked head,long_masked_head,female,pearson_r,0.868294304127408,0.0,10,3188,True,Body Mass Index (weight/height^2)
c,female,bmi,BMI,subject_group,activity_tm_3kmh,masked head,long_masked_head,female,pearson_r,0.8877834457959132,0.0,10,3188,False,Body Mass Index (weight/height^2)
c,female,bmi,BMI,age_gender_bmi_VAT,activity_tm_3kmh,masked arms,long_masked_arms,female,pearson_r,0.7967080668297681,0.0,10,3188,True,Body Mass Index (weight/height^2)
c,female,bmi,BMI,subject_group,activity_tm_3kmh,masked arms,long_masked_arms,female,pearson_r,0.846090669393706,0.0,10,3188,False,Body Mass Index (weight/height^2)
c,female,bmi,BMI,age_gender_bmi_VAT,activity_tm_3kmh,masked torso,long_masked_torso,female,pearson_r,0.8663739762339009,0.0,10,3188,True,Body Mass Index (weight/height^2)
c,female,bmi,BMI,subject_group,activity_tm_3kmh,masked torso,long_masked_torso,female,pearson_r,0.8876701615650784,0.0,10,3188,False,Body Mass Index (weight/height^2)
c,female,bmi,BMI,age_gender_bmi_VAT,activity_tm_3kmh,masked legs,long_masked_legs,female,pearson_r,0.8439553890197645,0.0,10,3188,True,Body Mass Index (weight/height^2)
c,female,bmi,BMI,subject_group,activity_tm_3kmh,masked legs,long_masked_legs,female,pearson_r,0.8687650911349186,0.0,10,3188,False,Body Mass Index (weight/height^2)
c,female,bmi,BMI,age_gender_bmi_VAT,activity_tm_3kmh,all but head,long_all_but_head,female,pearson_r,0.6321412432265768,2.2261068003207442e-178,10,3188,True,Body Mass Index (weight/height^2)
c,female,bmi,BMI,subject_group,activity_tm_3kmh,all but head,long_all_but_head,female,pearson_r,0.7726815459979847,1.00513e-319,10,3188,False,Body Mass Index (weight/height^2)
c,female,bmi,BMI,age_gender_bmi_VAT,activity_tm_3kmh,all but arms,long_all_but_arms,female,pearson_r,0.8461124144001811,0.0,10,3188,True,Body Mass Index (weight/height^2)
c,female,bmi,BMI,subject_group,activity_tm_3kmh,all but arms,long_all_but_arms,female,pearson_r,0.8688487767831754,0.0,10,3188,False,Body Mass Index (weight/height^2)
c,female,bmi,BMI,age_gender_bmi_VAT,activity_tm_3kmh,all but torso,long_all_but_torso,female,pearson_r,0.694775410655767,1.7266581107351588e-230,10,3188,True,Body Mass Index (weight/height^2)
c,female,bmi,BMI,subject_group,activity_tm_3kmh,all but torso,long_all_but_torso,female,pearson_r,0.7837656883907155,0.0,10,3188,False,Body Mass Index (weight/height^2)
c,female,bmi,BMI,age_gender_bmi_VAT,activity_tm_3kmh,all but legs,long_all_but_legs,female,pearson_r,0.7708272635170731,4.40690775266e-312,10,3188,True,Body Mass Index (weight/height^2)
c,female,bmi,BMI,subject_group,activity_tm_3kmh,all but legs,long_all_but_legs,female,pearson_r,0.8355808654896588,0.0,10,3188,False,Body Mass Index (weight/height^2)
c,female,body_comp_arms_fat_mass,Arms Fat Mass,body_composition_group,activity_self_selected_gait_speed,full model,long_seq,female,pearson_r,0.8355279905080633,0.0,10,3175,True,"Combined absolute fat tissue mass in both arms measured by DXA imaging, expressed in kilograms"
c,female,body_comp_arms_fat_mass,Arms Fat Mass,body_composition_group,activity_self_selected_gait_speed,masked head,long_masked_head,female,pearson_r,0.8387525763316873,0.0,10,3175,True,"Combined absolute fat tissue mass in both arms measured by DXA imaging, expressed in kilograms"
c,female,body_comp_arms_fat_mass,Arms Fat Mass,body_composition_group,activity_self_selected_gait_speed,masked arms,long_masked_arms,female,pearson_r,0.8358080610049227,0.0,10,3175,True,"Combined absolute fat tissue mass in both arms measured by DXA imaging, expressed in kilograms"
c,female,body_comp_arms_fat_mass,Arms Fat Mass,body_composition_group,activity_self_selected_gait_speed,masked torso,long_masked_torso,female,pearson_r,0.8385651113290142,0.0,10,3175,True,"Combined absolute fat tissue mass in both arms measured by DXA imaging, expressed in kilograms"
c,female,body_comp_arms_fat_mass,Arms Fat Mass,body_composition_group,activity_self_selected_gait_speed,masked legs,long_masked_legs,female,pearson_r,0.8399056282795367,0.0,10,3175,True,"Combined absolute fat tissue mass in both arms measured by DXA imaging, expressed in kilograms"
c,female,body_comp_arms_fat_mass,Arms Fat Mass,body_composition_group,activity_self_selected_gait_speed,all but head,long_all_but_head,female,pearson_r,0.8393034434621344,0.0,10,3175,True,"Combined absolute fat tissue mass in both arms measured by DXA imaging, expressed in kilograms"
c,female,body_comp_arms_fat_mass,Arms Fat Mass,body_composition_group,activity_self_selected_gait_speed,all but arms,long_all_but_arms,female,pearson_r,0.8423341018983571,0.0,10,3175,True,"Combined absolute fat tissue mass in both arms measured by DXA imaging, expressed in kilograms"
c,female,body_comp_arms_fat_mass,Arms Fat Mass,body_composition_group,activity_self_selected_gait_speed,all but torso,long_all_but_torso,female,pearson_r,0.8371257076800251,0.0,10,3175,True,"Combined absolute fat tissue mass in both arms measured by DXA imaging, expressed in kilograms"
c,female,body_comp_arms_fat_mass,Arms Fat Mass,body_composition_group,activity_self_selected_gait_speed,all but legs,long_all_but_legs,female,pearson_r,0.8384792226680453,0.0,10,3175,True,"Combined absolute fat tissue mass in both arms measured by DXA imaging, expressed in kilograms"
c,female,body_comp_arms_fat_mass,Arms Fat Mass,body_composition_group,activity_tm_3kmh,full model,long_seq,female,pearson_r,0.8421872864011093,0.0,10,3112,True,"Combined absolute fat tissue mass in both arms measured by DXA imaging, expressed in kilograms"
c,female,body_comp_arms_fat_mass,Arms Fat Mass,body_composition_group,activity_tm_3kmh,masked head,long_masked_head,female,pearson_r,0.844279489248439,0.0,10,3112,True,"Combined absolute fat tissue mass in both arms measured by DXA imaging, expressed in kilograms"
c,female,body_comp_arms_fat_mass,Arms Fat Mass,body_composition_group,activity_tm_3kmh,masked arms,long_masked_arms,female,pearson_r,0.8383750412148222,0.0,10,3112,True,"Combined absolute fat tissue mass in both arms measured by DXA imaging, expressed in kilograms"
c,female,body_comp_arms_fat_mass,Arms Fat Mass,body_composition_group,activity_tm_3kmh,masked torso,long_masked_torso,female,pearson_r,0.8410296946415954,0.0,10,3112,True,"Combined absolute fat tissue mass in both arms measured by DXA imaging, expressed in kilograms"
c,female,body_comp_arms_fat_mass,Arms Fat Mass,body_composition_group,activity_tm_3kmh,masked legs,long_masked_legs,female,pearson_r,0.8399370849485859,0.0,10,3112,True,"Combined absolute fat tissue mass in both arms measured by DXA imaging, expressed in kilograms"
c,female,body_comp_arms_fat_mass,Arms Fat Mass,body_composition_group,activity_tm_3kmh,all but head,long_all_but_head,female,pearson_r,0.8359485105480655,0.0,10,3112,True,"Combined absolute fat tissue mass in both arms measured by DXA imaging, expressed in kilograms"
c,female,body_comp_arms_fat_mass,Arms Fat Mass,body_composition_group,activity_tm_3kmh,all but arms,long_all_but_arms,female,pearson_r,0.8433400671688919,0.0,10,3112,True,"Combined absolute fat tissue mass in both arms measured by DXA imaging, expressed in kilograms"
c,female,body_comp_arms_fat_mass,Arms Fat Mass,body_composition_group,activity_tm_3kmh,all but torso,long_all_but_torso,female,pearson_r,0.8388707146307735,0.0,10,3112,True,"Combined absolute fat tissue mass in both arms measured by DXA imaging, expressed in kilograms"
c,female,body_comp_arms_fat_mass,Arms Fat Mass,body_composition_group,activity_tm_3kmh,all but legs,long_all_but_legs,female,pearson_r,0.8409630170008988,0.0,10,3112,True,"Combined absolute fat tissue mass in both arms measured by DXA imaging, expressed in kilograms"
c,female,body_comp_legs_lean_mass,Legs Lean Mass,body_composition_group,activity_self_selected_gait_speed,full model,long_seq,female,pearson_r,0.8302655259707464,0.0,10,3175,True,"Total lean mass in both legs, measured in kilograms, representing fat-free tissue mass in the lower extremities"
c,female,body_comp_legs_lean_mass,Legs Lean Mass,body_composition_group,activity_self_selected_gait_speed,masked head,long_masked_head,female,pearson_r,0.8339463153061679,0.0,10,3175,True,"Total lean mass in both legs, measured in kilograms, representing fat-free tissue mass in the lower extremities"
c,female,body_comp_legs_lean_mass,Legs Lean Mass,body_composition_group,activity_self_selected_gait_speed,masked arms,long_masked_arms,female,pearson_r,0.8380348902801995,0.0,10,3175,True,"Total lean mass in both legs, measured in kilograms, representing fat-free tissue mass in the lower extremities"
c,female,body_comp_legs_lean_mass,Legs Lean Mass,body_composition_group,activity_self_selected_gait_speed,masked torso,long_masked_torso,female,pearson_r,0.8349445590406462,0.0,10,3175,True,"Total lean mass in both legs, measured in kilograms, representing fat-free tissue mass in the lower extremities"
c,female,body_comp_legs_lean_mass,Legs Lean Mass,body_composition_group,activity_self_selected_gait_speed,masked legs,long_masked_legs,female,pearson_r,0.8235908234262697,0.0,10,3175,True,"Total lean mass in both legs, measured in kilograms, representing fat-free tissue mass in the lower extremities"
c,female,body_comp_legs_lean_mass,Legs Lean Mass,body_composition_group,activity_self_selected_gait_speed,all but head,long_all_but_head,female,pearson_r,0.8273512260728119,0.0,10,3175,True,"Total lean mass in both legs, measured in kilograms, representing fat-free tissue mass in the lower extremities"
c,female,body_comp_legs_lean_mass,Legs Lean Mass,body_composition_group,activity_self_selected_gait_speed,all but arms,long_all_but_arms,female,pearson_r,0.82761277228467,0.0,10,3175,True,"Total lean mass in both legs, measured in kilograms, representing fat-free tissue mass in the lower extremities"
c,female,body_comp_legs_lean_mass,Legs Lean Mass,body_composition_group,activity_self_selected_gait_speed,all but torso,long_all_but_torso,female,pearson_r,0.8302937759260862,0.0,10,3175,True,"Total lean mass in both legs, measured in kilograms, representing fat-free tissue mass in the lower extremities"
c,female,body_comp_legs_lean_mass,Legs Lean Mass,body_composition_group,activity_self_selected_gait_speed,all but legs,long_all_but_legs,female,pearson_r,0.8389543288359953,0.0,10,3175,True,"Total lean mass in both legs, measured in kilograms, representing fat-free tissue mass in the lower extremities"
c,female,body_comp_legs_lean_mass,Legs Lean Mass,body_composition_group,activity_tm_3kmh,full model,long_seq,female,pearson_r,0.8319348067896117,0.0,10,3112,True,"Total lean mass in both legs, measured in kilograms, representing fat-free tissue mass in the lower extremities"
c,female,body_comp_legs_lean_mass,Legs Lean Mass,body_composition_group,activity_tm_3kmh,masked head,long_masked_head,female,pearson_r,0.8363832117360497,0.0,10,3112,True,"Total lean mass in both legs, measured in kilograms, representing fat-free tissue mass in the lower extremities"
c,female,body_comp_legs_lean_mass,Legs Lean Mass,body_composition_group,activity_tm_3kmh,masked arms,long_masked_arms,female,pearson_r,0.8373172116977579,0.0,10,3112,True,"Total lean mass in both legs, measured in kilograms, representing fat-free tissue mass in the lower extremities"
c,female,body_comp_legs_lean_mass,Legs Lean Mass,body_composition_group,activity_tm_3kmh,masked torso,long_masked_torso,female,pearson_r,0.8352720938947868,0.0,10,3112,True,"Total lean mass in both legs, measured in kilograms, representing fat-free tissue mass in the lower extremities"
c,female,body_comp_legs_lean_mass,Legs Lean Mass,body_composition_group,activity_tm_3kmh,masked legs,long_masked_legs,female,pearson_r,0.825498431503291,0.0,10,3112,True,"Total lean mass in both legs, measured in kilograms, representing fat-free tissue mass in the lower extremities"
c,female,body_comp_legs_lean_mass,Legs Lean Mass,body_composition_group,activity_tm_3kmh,all but head,long_all_but_head,female,pearson_r,0.8254831127942083,0.0,10,3112,True,"Total lean mass in both legs, measured in kilograms, representing fat-free tissue mass in the lower extremities"
c,female,body_comp_legs_lean_mass,Legs Lean Mass,body_composition_group,activity_tm_3kmh,all but arms,long_all_but_arms,female,pearson_r,0.8275558916743073,0.0,10,3112,True,"Total lean mass in both legs, measured in kilograms, representing fat-free tissue mass in the lower extremities"
c,female,body_comp_legs_lean_mass,Legs Lean Mass,body_composition_group,activity_tm_3kmh,all but torso,long_all_but_torso,female,pearson_r,0.8285447027667653,0.0,10,3112,True,"Total lean mass in both legs, measured in kilograms, representing fat-free tissue mass in the lower extremities"
c,female,body_comp_legs_lean_mass,Legs Lean Mass,body_composition_group,activity_tm_3kmh,all but legs,long_all_but_legs,female,pearson_r,0.8373166875069084,0.0,10,3112,True,"Total lean mass in both legs, measured in kilograms, representing fat-free tissue mass in the lower extremities"
c,female,body_legs_bmc,Legs BMC,bone_density_group,activity_self_selected_gait_speed,full model,long_seq,female,pearson_r,0.7442931385697273,4.680969809528282e-283,10,3178,True,"Combined bone mineral content of both legs measured via DXA imaging, representing total mineral mass in both lower limb skeletons"
c,female,body_legs_bmc,Legs BMC,bone_density_group,activity_self_selected_gait_speed,masked head,long_masked_head,female,pearson_r,0.7396667690007984,2.2639651914241607e-278,10,3178,True,"Combined bone mineral content of both legs measured via DXA imaging, representing total mineral mass in both lower limb skeletons"
c,female,body_legs_bmc,Legs BMC,bone_density_group,activity_self_selected_gait_speed,masked arms,long_masked_arms,female,pearson_r,0.7467501100132542,4.9787943118318725e-285,10,3178,True,"Combined bone mineral content of both legs measured via DXA imaging, representing total mineral mass in both lower limb skeletons"
c,female,body_legs_bmc,Legs BMC,bone_density_group,activity_self_selected_gait_speed,masked torso,long_masked_torso,female,pearson_r,0.7478310731613457,4.162983749501048e-287,10,3178,True,"Combined bone mineral content of both legs measured via DXA imaging, representing total mineral mass in both lower limb skeletons"
c,female,body_legs_bmc,Legs BMC,bone_density_group,activity_self_selected_gait_speed,masked legs,long_masked_legs,female,pearson_r,0.7382822558862476,5.6091489421769894e-276,10,3178,True,"Combined bone mineral content of both legs measured via DXA imaging, representing total mineral mass in both lower limb skeletons"
c,female,body_legs_bmc,Legs BMC,bone_density_group,activity_self_selected_gait_speed,all but head,long_all_but_head,female,pearson_r,0.7395321240859748,4.947954079344866e-278,10,3178,True,"Combined bone mineral content of both legs measured via DXA imaging, representing total mineral mass in both lower limb skeletons"
c,female,body_legs_bmc,Legs BMC,bone_density_group,activity_self_selected_gait_speed,all but arms,long_all_but_arms,female,pearson_r,0.7396695877668761,3.7437251817249117e-277,10,3178,True,"Combined bone mineral content of both legs measured via DXA imaging, representing total mineral mass in both lower limb skeletons"
c,female,body_legs_bmc,Legs BMC,bone_density_group,activity_self_selected_gait_speed,all but torso,long_all_but_torso,female,pearson_r,0.741710573158285,1.7153320743455288e-279,10,3178,True,"Combined bone mineral content of both legs measured via DXA imaging, representing total mineral mass in both lower limb skeletons"
c,female,body_legs_bmc,Legs BMC,bone_density_group,activity_self_selected_gait_speed,all but legs,long_all_but_legs,female,pearson_r,0.7416488637284578,1.1516708729136311e-278,10,3178,True,"Combined bone mineral content of both legs measured via DXA imaging, representing total mineral mass in both lower limb skeletons"
c,female,body_legs_bmc,Legs BMC,bone_density_group,activity_tm_3kmh,full model,long_seq,female,pearson_r,0.7483252791378041,1.0196534551388429e-277,10,3115,True,"Combined bone mineral content of both legs measured via DXA imaging, representing total mineral mass in both lower limb skeletons"
c,female,body_legs_bmc,Legs BMC,bone_density_group,activity_tm_3kmh,masked head,long_masked_head,female,pearson_r,0.7454614277469584,3.381632196167593e-275,10,3115,True,"Combined bone mineral content of both legs measured via DXA imaging, representing total mineral mass in both lower limb skeletons"
c,female,body_legs_bmc,Legs BMC,bone_density_group,activity_tm_3kmh,masked arms,long_masked_arms,female,pearson_r,0.7492354151464162,2.877197171663589e-277,10,3115,True,"Combined bone mineral content of both legs measured via DXA imaging, representing total mineral mass in both lower limb skeletons"
c,female,body_legs_bmc,Legs BMC,bone_density_group,activity_tm_3kmh,masked torso,long_masked_torso,female,pearson_r,0.7476560689281436,1.9840894922660264e-276,10,3115,True,"Combined bone mineral content of both legs measured via DXA imaging, representing total mineral mass in both lower limb skeletons"
c,female,body_legs_bmc,Legs BMC,bone_density_group,activity_tm_3kmh,masked legs,long_masked_legs,female,pearson_r,0.7363300439186007,7.654591216840076e-265,10,3115,True,"Combined bone mineral content of both legs measured via DXA imaging, representing total mineral mass in both lower limb skeletons"
c,female,body_legs_bmc,Legs BMC,bone_density_group,activity_tm_3kmh,all but head,long_all_but_head,female,pearson_r,0.7378840371431776,2.6249089299332673e-268,10,3115,True,"Combined bone mineral content of both legs measured via DXA imaging, representing total mineral mass in both lower limb skeletons"
c,female,body_legs_bmc,Legs BMC,bone_density_group,activity_tm_3kmh,all but arms,long_all_but_arms,female,pearson_r,0.7394307443208299,6.680637245248303e-268,10,3115,True,"Combined bone mineral content of both legs measured via DXA imaging, representing total mineral mass in both lower limb skeletons"
c,female,body_legs_bmc,Legs BMC,bone_density_group,activity_tm_3kmh,all but torso,long_all_but_torso,female,pearson_r,0.7411623034864865,1.1048378550746182e-270,10,3115,True,"Combined bone mineral content of both legs measured via DXA imaging, representing total mineral mass in both lower limb skeletons"
c,female,body_legs_bmc,Legs BMC,bone_density_group,activity_tm_3kmh,all but legs,long_all_but_legs,female,pearson_r,0.7453043410376199,1.3950634106231296e-274,10,3115,True,"Combined bone mineral content of both legs measured via DXA imaging, representing total mineral mass in both lower limb skeletons"
c,female,bt__ferritin,BT Ferritin,hematopoietic_group,activity_self_selected_gait_speed,full model,long_seq,female,pearson_r,0.160476356533824,7.4288515001114e-06,10,1720,True,Ferritin - measures the iron storage protein concentration in blood (typically in ng/mL or μg/L). Indicates total body iron stores and helps diagnose iron deficiency or overload.
c,female,bt__ferritin,BT Ferritin,hematopoietic_group,activity_self_selected_gait_speed,masked head,long_masked_head,female,pearson_r,0.1234662912882917,0.0004183195847079,10,1720,True,Ferritin - measures the iron storage protein concentration in blood (typically in ng/mL or μg/L). Indicates total body iron stores and helps diagnose iron deficiency or overload.
c,female,bt__ferritin,BT Ferritin,hematopoietic_group,activity_self_selected_gait_speed,masked arms,long_masked_arms,female,pearson_r,0.0945490431712175,0.0057008750185312,10,1720,True,Ferritin - measures the iron storage protein concentration in blood (typically in ng/mL or μg/L). Indicates total body iron stores and helps diagnose iron deficiency or overload.
c,female,bt__ferritin,BT Ferritin,hematopoietic_group,activity_self_selected_gait_speed,masked torso,long_masked_torso,female,pearson_r,0.1543710167142183,4.645615513609214e-05,10,1720,True,Ferritin - measures the iron storage protein concentration in blood (typically in ng/mL or μg/L). Indicates total body iron stores and helps diagnose iron deficiency or overload.
c,female,bt__ferritin,BT Ferritin,hematopoietic_group,activity_self_selected_gait_speed,masked legs,long_masked_legs,female,pearson_r,0.1454153166418195,0.0009690578542793,10,1720,True,Ferritin - measures the iron storage protein concentration in blood (typically in ng/mL or μg/L). Indicates total body iron stores and helps diagnose iron deficiency or overload.
c,female,bt__ferritin,BT Ferritin,hematopoietic_group,activity_self_selected_gait_speed,all but head,long_all_but_head,female,pearson_r,0.1308758434664427,0.0002479965582801,10,1720,True,Ferritin - measures the iron storage protein concentration in blood (typically in ng/mL or μg/L). Indicates total body iron stores and helps diagnose iron deficiency or overload.
c,female,bt__ferritin,BT Ferritin,hematopoietic_group,activity_self_selected_gait_speed,all but arms,long_all_but_arms,female,pearson_r,0.0948590745346956,0.0064729664873923,10,1720,True,Ferritin - measures the iron storage protein concentration in blood (typically in ng/mL or μg/L). Indicates total body iron stores and helps diagnose iron deficiency or overload.
c,female,bt__ferritin,BT Ferritin,hematopoietic_group,activity_self_selected_gait_speed,all but torso,long_all_but_torso,female,pearson_r,0.130804171200277,0.000152936755465,10,1720,True,Ferritin - measures the iron storage protein concentration in blood (typically in ng/mL or μg/L). Indicates total body iron stores and helps diagnose iron deficiency or overload.
c,female,bt__ferritin,BT Ferritin,hematopoietic_group,activity_self_selected_gait_speed,all but legs,long_all_but_legs,female,pearson_r,0.1112132064927617,0.0012498038039358,10,1720,True,Ferritin - measures the iron storage protein concentration in blood (typically in ng/mL or μg/L). Indicates total body iron stores and helps diagnose iron deficiency or overload.
c,female,bt__ferritin,BT Ferritin,hematopoietic_group,activity_tm_3kmh,full model,long_seq,female,pearson_r,0.1438561188898143,4.064111638153586e-05,10,1683,True,Ferritin - measures the iron storage protein concentration in blood (typically in ng/mL or μg/L). Indicates total body iron stores and helps diagnose iron deficiency or overload.
c,female,bt__ferritin,BT Ferritin,hematopoietic_group,activity_tm_3kmh,masked head,long_masked_head,female,pearson_r,0.1001283172570132,0.006615005875959,10,1683,True,Ferritin - measures the iron storage protein concentration in blood (typically in ng/mL or μg/L). Indicates total body iron stores and helps diagnose iron deficiency or overload.
c,female,bt__ferritin,BT Ferritin,hematopoietic_group,activity_tm_3kmh,masked arms,long_masked_arms,female,pearson_r,0.1097937038139135,0.0012355005771701,10,1683,True,Ferritin - measures the iron storage protein concentration in blood (typically in ng/mL or μg/L). Indicates total body iron stores and helps diagnose iron deficiency or overload.
c,female,bt__ferritin,BT Ferritin,hematopoietic_group,activity_tm_3kmh,masked torso,long_masked_torso,female,pearson_r,0.1440172154801286,0.0001911709392927,10,1683,True,Ferritin - measures the iron storage protein concentration in blood (typically in ng/mL or μg/L). Indicates total body iron stores and helps diagnose iron deficiency or overload.
c,female,bt__ferritin,BT Ferritin,hematopoietic_group,activity_tm_3kmh,masked legs,long_masked_legs,female,pearson_r,0.151823239721292,2.617844969645832e-05,10,1683,True,Ferritin - measures the iron storage protein concentration in blood (typically in ng/mL or μg/L). Indicates total body iron stores and helps diagnose iron deficiency or overload.
c,female,bt__ferritin,BT Ferritin,hematopoietic_group,activity_tm_3kmh,all but head,long_all_but_head,female,pearson_r,0.1470100724282457,2.903361198216081e-05,10,1683,True,Ferritin - measures the iron storage protein concentration in blood (typically in ng/mL or μg/L). Indicates total body iron stores and helps diagnose iron deficiency or overload.
c,female,bt__ferritin,BT Ferritin,hematopoietic_group,activity_tm_3kmh,all but arms,long_all_but_arms,female,pearson_r,0.1016218287187078,0.0042854469517345,10,1683,True,Ferritin - measures the iron storage protein concentration in blood (typically in ng/mL or μg/L). Indicates total body iron stores and helps diagnose iron deficiency or overload.
c,female,bt__ferritin,BT Ferritin,hematopoietic_group,activity_tm_3kmh,all but torso,long_all_but_torso,female,pearson_r,0.1056207501473109,0.0018902632600167,10,1683,True,Ferritin - measures the iron storage protein concentration in blood (typically in ng/mL or μg/L). Indicates total body iron stores and helps diagnose iron deficiency or overload.
c,female,bt__ferritin,BT Ferritin,hematopoietic_group,activity_tm_3kmh,all but legs,long_all_but_legs,female,pearson_r,0.0896782128869956,0.0095207156791238,10,1683,True,Ferritin - measures the iron storage protein concentration in blood (typically in ng/mL or μg/L). Indicates total body iron stores and helps diagnose iron deficiency or overload.
c,female,bt__hct,BT Hct,hematopoietic_group,activity_self_selected_gait_speed,full model,long_seq,female,pearson_r,0.1626041713029022,4.5787781122369986e-10,10,3236,True,Hematocrit - measures the percentage of blood volume occupied by red blood cells (%). Indicates the proportion of blood composed of RBCs.
c,female,bt__hct,BT Hct,hematopoietic_group,activity_self_selected_gait_speed,masked head,long_masked_head,female,pearson_r,0.1426656569187458,8.400217070572279e-08,10,3236,True,Hematocrit - measures the percentage of blood volume occupied by red blood cells (%). Indicates the proportion of blood composed of RBCs.
c,female,bt__hct,BT Hct,hematopoietic_group,activity_self_selected_gait_speed,masked arms,long_masked_arms,female,pearson_r,0.1382097787938443,9.106128490246034e-08,10,3236,True,Hematocrit - measures the percentage of blood volume occupied by red blood cells (%). Indicates the proportion of blood composed of RBCs.
c,female,bt__hct,BT Hct,hematopoietic_group,activity_self_selected_gait_speed,masked torso,long_masked_torso,female,pearson_r,0.1468674458838245,1.2768888545883033e-08,10,3236,True,Hematocrit - measures the percentage of blood volume occupied by red blood cells (%). Indicates the proportion of blood composed of RBCs.
c,female,bt__hct,BT Hct,hematopoietic_group,activity_self_selected_gait_speed,masked legs,long_masked_legs,female,pearson_r,0.136733302264088,2.275789924492236e-06,10,3236,True,Hematocrit - measures the percentage of blood volume occupied by red blood cells (%). Indicates the proportion of blood composed of RBCs.
c,female,bt__hct,BT Hct,hematopoietic_group,activity_self_selected_gait_speed,all but head,long_all_but_head,female,pearson_r,0.1764503794596662,4.074050601784557e-12,10,3236,True,Hematocrit - measures the percentage of blood volume occupied by red blood cells (%). Indicates the proportion of blood composed of RBCs.
c,female,bt__hct,BT Hct,hematopoietic_group,activity_self_selected_gait_speed,all but arms,long_all_but_arms,female,pearson_r,0.1379746254402503,1.6343537714892456e-07,10,3236,True,Hematocrit - measures the percentage of blood volume occupied by red blood cells (%). Indicates the proportion of blood composed of RBCs.
c,female,bt__hct,BT Hct,hematopoietic_group,activity_self_selected_gait_speed,all but torso,long_all_but_torso,female,pearson_r,0.1657815327682801,5.782369975471704e-11,10,3236,True,Hematocrit - measures the percentage of blood volume occupied by red blood cells (%). Indicates the proportion of blood composed of RBCs.
c,female,bt__hct,BT Hct,hematopoietic_group,activity_self_selected_gait_speed,all but legs,long_all_but_legs,female,pearson_r,0.1602476700582749,1.5494897574337667e-10,10,3236,True,Hematocrit - measures the percentage of blood volume occupied by red blood cells (%). Indicates the proportion of blood composed of RBCs.
c,female,bt__hct,BT Hct,hematopoietic_group,activity_tm_3kmh,full model,long_seq,female,pearson_r,0.1637133201299753,4.1659203357247137e-10,10,3168,True,Hematocrit - measures the percentage of blood volume occupied by red blood cells (%). Indicates the proportion of blood composed of RBCs.
c,female,bt__hct,BT Hct,hematopoietic_group,activity_tm_3kmh,masked head,long_masked_head,female,pearson_r,0.1522258142083092,2.643957095323206e-09,10,3168,True,Hematocrit - measures the percentage of blood volume occupied by red blood cells (%). Indicates the proportion of blood composed of RBCs.
c,female,bt__hct,BT Hct,hematopoietic_group,activity_tm_3kmh,masked arms,long_masked_arms,female,pearson_r,0.1602860418936054,6.428289629531122e-10,10,3168,True,Hematocrit - measures the percentage of blood volume occupied by red blood cells (%). Indicates the proportion of blood composed of RBCs.
c,female,bt__hct,BT Hct,hematopoietic_group,activity_tm_3kmh,masked torso,long_masked_torso,female,pearson_r,0.1564321668265986,1.2881233083133198e-08,10,3168,True,Hematocrit - measures the percentage of blood volume occupied by red blood cells (%). Indicates the proportion of blood composed of RBCs.
c,female,bt__hct,BT Hct,hematopoietic_group,activity_tm_3kmh,masked legs,long_masked_legs,female,pearson_r,0.1510550683393139,3.989602101661862e-09,10,3168,True,Hematocrit - measures the percentage of blood volume occupied by red blood cells (%). Indicates the proportion of blood composed of RBCs.
c,female,bt__hct,BT Hct,hematopoietic_group,activity_tm_3kmh,all but head,long_all_but_head,female,pearson_r,0.1876971702640761,2.93120210824032e-13,10,3168,True,Hematocrit - measures the percentage of blood volume occupied by red blood cells (%). Indicates the proportion of blood composed of RBCs.
c,female,bt__hct,BT Hct,hematopoietic_group,activity_tm_3kmh,all but arms,long_all_but_arms,female,pearson_r,0.1523434255718194,4.290005788632621e-09,10,3168,True,Hematocrit - measures the percentage of blood volume occupied by red blood cells (%). Indicates the proportion of blood composed of RBCs.
c,female,bt__hct,BT Hct,hematopoietic_group,activity_tm_3kmh,all but torso,long_all_but_torso,female,pearson_r,0.1811927240024156,5.101659682210872e-13,10,3168,True,Hematocrit - measures the percentage of blood volume occupied by red blood cells (%). Indicates the proportion of blood composed of RBCs.
c,female,bt__hct,BT Hct,hematopoietic_group,activity_tm_3kmh,all but legs,long_all_but_legs,female,pearson_r,0.168903604605938,3.3131135179748876e-11,10,3168,True,Hematocrit - measures the percentage of blood volume occupied by red blood cells (%). Indicates the proportion of blood composed of RBCs.
c,female,bt__triglycerides,BT Triglycerides,blood_tests_lipids_group,activity_self_selected_gait_speed,full model,long_seq,female,pearson_r,0.3380965758577432,6.882387654849651e-32,10,2421,True,"Triglyceride blood concentration; measures fatty acids in blood (mg/dL), a key lipid panel component indicating metabolic health"
c,female,bt__triglycerides,BT Triglycerides,blood_tests_lipids_group,activity_self_selected_gait_speed,masked head,long_masked_head,female,pearson_r,0.3794360696011101,3.299917151083167e-39,10,2421,True,"Triglyceride blood concentration; measures fatty acids in blood (mg/dL), a key lipid panel component indicating metabolic health"
c,female,bt__triglycerides,BT Triglycerides,blood_tests_lipids_group,activity_self_selected_gait_speed,masked arms,long_masked_arms,female,pearson_r,0.3727066442666578,1.593794463839433e-38,10,2421,True,"Triglyceride blood concentration; measures fatty acids in blood (mg/dL), a key lipid panel component indicating metabolic health"
c,female,bt__triglycerides,BT Triglycerides,blood_tests_lipids_group,activity_self_selected_gait_speed,masked torso,long_masked_torso,female,pearson_r,0.3680693895052024,2.267289368163413e-38,10,2421,True,"Triglyceride blood concentration; measures fatty acids in blood (mg/dL), a key lipid panel component indicating metabolic health"
c,female,bt__triglycerides,BT Triglycerides,blood_tests_lipids_group,activity_self_selected_gait_speed,masked legs,long_masked_legs,female,pearson_r,0.373360499200506,1.5023341362196562e-38,10,2421,True,"Triglyceride blood concentration; measures fatty acids in blood (mg/dL), a key lipid panel component indicating metabolic health"
c,female,bt__triglycerides,BT Triglycerides,blood_tests_lipids_group,activity_self_selected_gait_speed,all but head,long_all_but_head,female,pearson_r,0.374645547417837,1.1422603234493535e-40,10,2421,True,"Triglyceride blood concentration; measures fatty acids in blood (mg/dL), a key lipid panel component indicating metabolic health"
c,female,bt__triglycerides,BT Triglycerides,blood_tests_lipids_group,activity_self_selected_gait_speed,all but arms,long_all_but_arms,female,pearson_r,0.3607763047745324,5.943413897317668e-37,10,2421,True,"Triglyceride blood concentration; measures fatty acids in blood (mg/dL), a key lipid panel component indicating metabolic health"
c,female,bt__triglycerides,BT Triglycerides,blood_tests_lipids_group,activity_self_selected_gait_speed,all but torso,long_all_but_torso,female,pearson_r,0.3486983948441305,1.929534262408141e-33,10,2421,True,"Triglyceride blood concentration; measures fatty acids in blood (mg/dL), a key lipid panel component indicating metabolic health"
c,female,bt__triglycerides,BT Triglycerides,blood_tests_lipids_group,activity_self_selected_gait_speed,all but legs,long_all_but_legs,female,pearson_r,0.38455189595157,3.328940356773832e-42,10,2421,True,"Triglyceride blood concentration; measures fatty acids in blood (mg/dL), a key lipid panel component indicating metabolic health"
c,female,bt__triglycerides,BT Triglycerides,blood_tests_lipids_group,activity_tm_3kmh,full model,long_seq,female,pearson_r,0.3732144118460481,8.347511572890651e-38,10,2364,True,"Triglyceride blood concentration; measures fatty acids in blood (mg/dL), a key lipid panel component indicating metabolic health"
c,female,bt__triglycerides,BT Triglycerides,blood_tests_lipids_group,activity_tm_3kmh,masked head,long_masked_head,female,pearson_r,0.3784967294636576,2.130319220140232e-39,10,2364,True,"Triglyceride blood concentration; measures fatty acids in blood (mg/dL), a key lipid panel component indicating metabolic health"
c,female,bt__triglycerides,BT Triglycerides,blood_tests_lipids_group,activity_tm_3kmh,masked arms,long_masked_arms,female,pearson_r,0.3770994612124183,2.7304757121913732e-39,10,2364,True,"Triglyceride blood concentration; measures fatty acids in blood (mg/dL), a key lipid panel component indicating metabolic health"
c,female,bt__triglycerides,BT Triglycerides,blood_tests_lipids_group,activity_tm_3kmh,masked torso,long_masked_torso,female,pearson_r,0.3872619042147133,7.625164746435982e-41,10,2364,True,"Triglyceride blood concentration; measures fatty acids in blood (mg/dL), a key lipid panel component indicating metabolic health"
c,female,bt__triglycerides,BT Triglycerides,blood_tests_lipids_group,activity_tm_3kmh,masked legs,long_masked_legs,female,pearson_r,0.3667409728121088,6.156217416376742e-36,10,2364,True,"Triglyceride blood concentration; measures fatty acids in blood (mg/dL), a key lipid panel component indicating metabolic health"
c,female,bt__triglycerides,BT Triglycerides,blood_tests_lipids_group,activity_tm_3kmh,all but head,long_all_but_head,female,pearson_r,0.3829153814112706,1.852181381004298e-41,10,2364,True,"Triglyceride blood concentration; measures fatty acids in blood (mg/dL), a key lipid panel component indicating metabolic health"
c,female,bt__triglycerides,BT Triglycerides,blood_tests_lipids_group,activity_tm_3kmh,all but arms,long_all_but_arms,female,pearson_r,0.3538883480072797,6.161082377391609e-32,10,2364,True,"Triglyceride blood concentration; measures fatty acids in blood (mg/dL), a key lipid panel component indicating metabolic health"
c,female,bt__triglycerides,BT Triglycerides,blood_tests_lipids_group,activity_tm_3kmh,all but torso,long_all_but_torso,female,pearson_r,0.3503151675901655,1.9961777140994995e-32,10,2364,True,"Triglyceride blood concentration; measures fatty acids in blood (mg/dL), a key lipid panel component indicating metabolic health"
c,female,bt__triglycerides,BT Triglycerides,blood_tests_lipids_group,activity_tm_3kmh,all but legs,long_all_but_legs,female,pearson_r,0.3853391659733697,1.2061199255358998e-37,10,2364,True,"Triglyceride blood concentration; measures fatty acids in blood (mg/dL), a key lipid panel component indicating metabolic health"
c,female,hand_grip_right,R Hand Grip Strength,frailty_group,activity_self_selected_gait_speed,full model,long_seq,female,pearson_r,0.349602980222702,4.921497960153426e-47,10,3257,True,"Maximal right hand grip strength measured in kilograms using a hand dynamometer, indicating muscular strength and overall physical function"
c,female,hand_grip_right,R Hand Grip Strength,frailty_group,activity_self_selected_gait_speed,masked head,long_masked_head,female,pearson_r,0.358696948569697,2.270567950796176e-51,10,3257,True,"Maximal right hand grip strength measured in kilograms using a hand dynamometer, indicating muscular strength and overall physical function"
c,female,hand_grip_right,R Hand Grip Strength,frailty_group,activity_self_selected_gait_speed,masked arms,long_masked_arms,female,pearson_r,0.3475738676829668,3.535156267160851e-48,10,3257,True,"Maximal right hand grip strength measured in kilograms using a hand dynamometer, indicating muscular strength and overall physical function"
c,female,hand_grip_right,R Hand Grip Strength,frailty_group,activity_self_selected_gait_speed,masked torso,long_masked_torso,female,pearson_r,0.340719034572491,3.308736390307766e-45,10,3257,True,"Maximal right hand grip strength measured in kilograms using a hand dynamometer, indicating muscular strength and overall physical function"
c,female,hand_grip_right,R Hand Grip Strength,frailty_group,activity_self_selected_gait_speed,masked legs,long_masked_legs,female,pearson_r,0.3171030864250745,2.780523174588249e-39,10,3257,True,"Maximal right hand grip strength measured in kilograms using a hand dynamometer, indicating muscular strength and overall physical function"
c,female,hand_grip_right,R Hand Grip Strength,frailty_group,activity_self_selected_gait_speed,all but head,long_all_but_head,female,pearson_r,0.3334356632676131,1.0256618050791438e-43,10,3257,True,"Maximal right hand grip strength measured in kilograms using a hand dynamometer, indicating muscular strength and overall physical function"
c,female,hand_grip_right,R Hand Grip Strength,frailty_group,activity_self_selected_gait_speed,all but arms,long_all_but_arms,female,pearson_r,0.3402794723182176,1.7108655246570796e-44,10,3257,True,"Maximal right hand grip strength measured in kilograms using a hand dynamometer, indicating muscular strength and overall physical function"
c,female,hand_grip_right,R Hand Grip Strength,frailty_group,activity_self_selected_gait_speed,all but torso,long_all_but_torso,female,pearson_r,0.3412874286197092,9.843906684951978e-46,10,3257,True,"Maximal right hand grip strength measured in kilograms using a hand dynamometer, indicating muscular strength and overall physical function"
c,female,hand_grip_right,R Hand Grip Strength,frailty_group,activity_self_selected_gait_speed,all but legs,long_all_but_legs,female,pearson_r,0.3744782038906198,6.748885726560441e-56,10,3257,True,"Maximal right hand grip strength measured in kilograms using a hand dynamometer, indicating muscular strength and overall physical function"
c,female,hand_grip_right,R Hand Grip Strength,frailty_group,activity_tm_3kmh,full model,long_seq,female,pearson_r,0.3523784380017679,1.2624821071386188e-47,10,3189,True,"Maximal right hand grip strength measured in kilograms using a hand dynamometer, indicating muscular strength and overall physical function"
c,female,hand_grip_right,R Hand Grip Strength,frailty_group,activity_tm_3kmh,masked head,long_masked_head,female,pearson_r,0.3588255278959673,2.5446355859830328e-49,10,3189,True,"Maximal right hand grip strength measured in kilograms using a hand dynamometer, indicating muscular strength and overall physical function"
c,female,hand_grip_right,R Hand Grip Strength,frailty_group,activity_tm_3kmh,masked arms,long_masked_arms,female,pearson_r,0.3480698846000137,5.2965119206726195e-46,10,3189,True,"Maximal right hand grip strength measured in kilograms using a hand dynamometer, indicating muscular strength and overall physical function"
c,female,hand_grip_right,R Hand Grip Strength,frailty_group,activity_tm_3kmh,masked torso,long_masked_torso,female,pearson_r,0.3567471320856331,5.1149231883827665e-48,10,3189,True,"Maximal right hand grip strength measured in kilograms using a hand dynamometer, indicating muscular strength and overall physical function"
c,female,hand_grip_right,R Hand Grip Strength,frailty_group,activity_tm_3kmh,masked legs,long_masked_legs,female,pearson_r,0.3347100628193341,2.995320947376682e-42,10,3189,True,"Maximal right hand grip strength measured in kilograms using a hand dynamometer, indicating muscular strength and overall physical function"
c,female,hand_grip_right,R Hand Grip Strength,frailty_group,activity_tm_3kmh,all but head,long_all_but_head,female,pearson_r,0.3263053072003444,8.313308482636024e-41,10,3189,True,"Maximal right hand grip strength measured in kilograms using a hand dynamometer, indicating muscular strength and overall physical function"
c,female,hand_grip_right,R Hand Grip Strength,frailty_group,activity_tm_3kmh,all but arms,long_all_but_arms,female,pearson_r,0.3456487948957361,4.071057109697874e-45,10,3189,True,"Maximal right hand grip strength measured in kilograms using a hand dynamometer, indicating muscular strength and overall physical function"
c,female,hand_grip_right,R Hand Grip Strength,frailty_group,activity_tm_3kmh,all but torso,long_all_but_torso,female,pearson_r,0.3280627453515407,1.84305679359783e-41,10,3189,True,"Maximal right hand grip strength measured in kilograms using a hand dynamometer, indicating muscular strength and overall physical function"
c,female,hand_grip_right,R Hand Grip Strength,frailty_group,activity_tm_3kmh,all but legs,long_all_but_legs,female,pearson_r,0.3584369171772077,3.9659372762290864e-49,10,3189,True,"Maximal right hand grip strength measured in kilograms using a hand dynamometer, indicating muscular strength and overall physical function"
c,female,heart_rate_mean_during_sleep,HR During Sleep,sleep_group_group,activity_self_selected_gait_speed,full model,long_seq,female,pearson_r,0.2262185790516788,3.947500677612315e-16,10,2971,True,Mean heart rate in beats per minute averaged across entire sleep period
c,female,heart_rate_mean_during_sleep,HR During Sleep,sleep_group_group,activity_self_selected_gait_speed,masked head,long_masked_head,female,pearson_r,0.2608267006187142,4.01169850953987e-24,10,2971,True,Mean heart rate in beats per minute averaged across entire sleep period
c,female,heart_rate_mean_during_sleep,HR During Sleep,sleep_group_group,activity_self_selected_gait_speed,masked arms,long_masked_arms,female,pearson_r,0.2677525986956315,4.6628685942618285e-25,10,2971,True,Mean heart rate in beats per minute averaged across entire sleep period
c,female,heart_rate_mean_during_sleep,HR During Sleep,sleep_group_group,activity_self_selected_gait_speed,masked torso,long_masked_torso,female,pearson_r,0.2275369923948072,9.839141558713099e-17,10,2971,True,Mean heart rate in beats per minute averaged across entire sleep period
c,female,heart_rate_mean_during_sleep,HR During Sleep,sleep_group_group,activity_self_selected_gait_speed,masked legs,long_masked_legs,female,pearson_r,0.2669110943105486,3.3475474555120454e-24,10,2971,True,Mean heart rate in beats per minute averaged across entire sleep period
c,female,heart_rate_mean_during_sleep,HR During Sleep,sleep_group_group,activity_self_selected_gait_speed,all but head,long_all_but_head,female,pearson_r,0.2551297189608019,1.360367413302632e-22,10,2971,True,Mean heart rate in beats per minute averaged across entire sleep period
c,female,heart_rate_mean_during_sleep,HR During Sleep,sleep_group_group,activity_self_selected_gait_speed,all but arms,long_all_but_arms,female,pearson_r,0.2381406444979092,1.9214525190124882e-19,10,2971,True,Mean heart rate in beats per minute averaged across entire sleep period
c,female,heart_rate_mean_during_sleep,HR During Sleep,sleep_group_group,activity_self_selected_gait_speed,all but torso,long_all_but_torso,female,pearson_r,0.2607164623029026,2.0821566183914637e-23,10,2971,True,Mean heart rate in beats per minute averaged across entire sleep period
c,female,heart_rate_mean_during_sleep,HR During Sleep,sleep_group_group,activity_self_selected_gait_speed,all but legs,long_all_but_legs,female,pearson_r,0.2569568324412826,1.1861961835491126e-22,10,2971,True,Mean heart rate in beats per minute averaged across entire sleep period
c,female,heart_rate_mean_during_sleep,HR During Sleep,sleep_group_group,activity_tm_3kmh,full model,long_seq,female,pearson_r,0.2105122045376568,1.820261117135002e-14,10,2909,True,Mean heart rate in beats per minute averaged across entire sleep period
c,female,heart_rate_mean_during_sleep,HR During Sleep,sleep_group_group,activity_tm_3kmh,masked head,long_masked_head,female,pearson_r,0.247636493541602,1.561063411122262e-20,10,2909,True,Mean heart rate in beats per minute averaged across entire sleep period
c,female,heart_rate_mean_during_sleep,HR During Sleep,sleep_group_group,activity_tm_3kmh,masked arms,long_masked_arms,female,pearson_r,0.2472229398325317,9.199511467907831e-21,10,2909,True,Mean heart rate in beats per minute averaged across entire sleep period
c,female,heart_rate_mean_during_sleep,HR During Sleep,sleep_group_group,activity_tm_3kmh,masked torso,long_masked_torso,female,pearson_r,0.2128456603238149,3.146420064523437e-14,10,2909,True,Mean heart rate in beats per minute averaged across entire sleep period
c,female,heart_rate_mean_during_sleep,HR During Sleep,sleep_group_group,activity_tm_3kmh,masked legs,long_masked_legs,female,pearson_r,0.251321498435657,3.816679689220557e-21,10,2909,True,Mean heart rate in beats per minute averaged across entire sleep period
c,female,heart_rate_mean_during_sleep,HR During Sleep,sleep_group_group,activity_tm_3kmh,all but head,long_all_but_head,female,pearson_r,0.2471851811125884,3.674014272683249e-21,10,2909,True,Mean heart rate in beats per minute averaged across entire sleep period
c,female,heart_rate_mean_during_sleep,HR During Sleep,sleep_group_group,activity_tm_3kmh,all but arms,long_all_but_arms,female,pearson_r,0.2275372549408699,1.5078019766003942e-17,10,2909,True,Mean heart rate in beats per minute averaged across entire sleep period
c,female,heart_rate_mean_during_sleep,HR During Sleep,sleep_group_group,activity_tm_3kmh,all but torso,long_all_but_torso,female,pearson_r,0.2655195449434933,8.10996639272225e-24,10,2909,True,Mean heart rate in beats per minute averaged across entire sleep period
c,female,heart_rate_mean_during_sleep,HR During Sleep,sleep_group_group,activity_tm_3kmh,all but legs,long_all_but_legs,female,pearson_r,0.2594007721652943,5.434717948702595e-23,10,2909,True,Mean heart rate in beats per minute averaged across entire sleep period
c,female,liver_sound_speed,Liver Sound Speed,liver_group,activity_self_selected_gait_speed,full model,long_seq,female,pearson_r,0.6294978059747549,9.617416465133656e-180,10,3231,True,Measures the speed of sound propagation through liver tissue; a physical property used in ultrasound elastography and tissue characterization to assess liver stiffness and fibrosis.
c,female,liver_sound_speed,Liver Sound Speed,liver_group,activity_self_selected_gait_speed,masked head,long_masked_head,female,pearson_r,0.6260057237370674,3.1212326578317455e-178,10,3231,True,Measures the speed of sound propagation through liver tissue; a physical property used in ultrasound elastography and tissue characterization to assess liver stiffness and fibrosis.
c,female,liver_sound_speed,Liver Sound Speed,liver_group,activity_self_selected_gait_speed,masked arms,long_masked_arms,female,pearson_r,0.6166410966890774,6.230600628537919e-172,10,3231,True,Measures the speed of sound propagation through liver tissue; a physical property used in ultrasound elastography and tissue characterization to assess liver stiffness and fibrosis.
c,female,liver_sound_speed,Liver Sound Speed,liver_group,activity_self_selected_gait_speed,masked torso,long_masked_torso,female,pearson_r,0.6236420027936498,1.7963841205542774e-174,10,3231,True,Measures the speed of sound propagation through liver tissue; a physical property used in ultrasound elastography and tissue characterization to assess liver stiffness and fibrosis.
c,female,liver_sound_speed,Liver Sound Speed,liver_group,activity_self_selected_gait_speed,masked legs,long_masked_legs,female,pearson_r,0.6219619977976036,1.359628971017269e-175,10,3231,True,Measures the speed of sound propagation through liver tissue; a physical property used in ultrasound elastography and tissue characterization to assess liver stiffness and fibrosis.
c,female,liver_sound_speed,Liver Sound Speed,liver_group,activity_self_selected_gait_speed,all but head,long_all_but_head,female,pearson_r,0.5916772994084532,1.6834621172966593e-152,10,3231,True,Measures the speed of sound propagation through liver tissue; a physical property used in ultrasound elastography and tissue characterization to assess liver stiffness and fibrosis.
c,female,liver_sound_speed,Liver Sound Speed,liver_group,activity_self_selected_gait_speed,all but arms,long_all_but_arms,female,pearson_r,0.620430023229207,8.988261150573771e-172,10,3231,True,Measures the speed of sound propagation through liver tissue; a physical property used in ultrasound elastography and tissue characterization to assess liver stiffness and fibrosis.
c,female,liver_sound_speed,Liver Sound Speed,liver_group,activity_self_selected_gait_speed,all but torso,long_all_but_torso,female,pearson_r,0.6040859181860918,8.854249895113266e-160,10,3231,True,Measures the speed of sound propagation through liver tissue; a physical property used in ultrasound elastography and tissue characterization to assess liver stiffness and fibrosis.
c,female,liver_sound_speed,Liver Sound Speed,liver_group,activity_self_selected_gait_speed,all but legs,long_all_but_legs,female,pearson_r,0.6184125275005241,2.597011350296929e-173,10,3231,True,Measures the speed of sound propagation through liver tissue; a physical property used in ultrasound elastography and tissue characterization to assess liver stiffness and fibrosis.
c,female,liver_sound_speed,Liver Sound Speed,liver_group,activity_tm_3kmh,full model,long_seq,female,pearson_r,0.6267417052587827,4.47116079148405e-174,10,3165,True,Measures the speed of sound propagation through liver tissue; a physical property used in ultrasound elastography and tissue characterization to assess liver stiffness and fibrosis.
c,female,liver_sound_speed,Liver Sound Speed,liver_group,activity_tm_3kmh,masked head,long_masked_head,female,pearson_r,0.6275028605469708,1.058027508126484e-174,10,3165,True,Measures the speed of sound propagation through liver tissue; a physical property used in ultrasound elastography and tissue characterization to assess liver stiffness and fibrosis.
c,female,liver_sound_speed,Liver Sound Speed,liver_group,activity_tm_3kmh,masked arms,long_masked_arms,female,pearson_r,0.613268611254166,6.8068898162036095e-164,10,3165,True,Measures the speed of sound propagation through liver tissue; a physical property used in ultrasound elastography and tissue characterization to assess liver stiffness and fibrosis.
c,female,liver_sound_speed,Liver Sound Speed,liver_group,activity_tm_3kmh,masked torso,long_masked_torso,female,pearson_r,0.6205187684213962,3.206847742272517e-167,10,3165,True,Measures the speed of sound propagation through liver tissue; a physical property used in ultrasound elastography and tissue characterization to assess liver stiffness and fibrosis.
c,female,liver_sound_speed,Liver Sound Speed,liver_group,activity_tm_3kmh,masked legs,long_masked_legs,female,pearson_r,0.6222609265492574,3.2187167466722048e-170,10,3165,True,Measures the speed of sound propagation through liver tissue; a physical property used in ultrasound elastography and tissue characterization to assess liver stiffness and fibrosis.
c,female,liver_sound_speed,Liver Sound Speed,liver_group,activity_tm_3kmh,all but head,long_all_but_head,female,pearson_r,0.5966336490895968,8.32801978916938e-152,10,3165,True,Measures the speed of sound propagation through liver tissue; a physical property used in ultrasound elastography and tissue characterization to assess liver stiffness and fibrosis.
c,female,liver_sound_speed,Liver Sound Speed,liver_group,activity_tm_3kmh,all but arms,long_all_but_arms,female,pearson_r,0.6170073294072416,1.6146561008118263e-166,10,3165,True,Measures the speed of sound propagation through liver tissue; a physical property used in ultrasound elastography and tissue characterization to assess liver stiffness and fibrosis.
c,female,liver_sound_speed,Liver Sound Speed,liver_group,activity_tm_3kmh,all but torso,long_all_but_torso,female,pearson_r,0.6113525022313337,1.7659519751149962e-161,10,3165,True,Measures the speed of sound propagation through liver tissue; a physical property used in ultrasound elastography and tissue characterization to assess liver stiffness and fibrosis.
c,female,liver_sound_speed,Liver Sound Speed,liver_group,activity_tm_3kmh,all but legs,long_all_but_legs,female,pearson_r,0.6164337471519776,9.487364781768535e-165,10,3165,True,Measures the speed of sound propagation through liver tissue; a physical property used in ultrasound elastography and tissue characterization to assess liver stiffness and fibrosis.
c,female,liver_viscosity,Liver Viscosity,liver_group,activity_self_selected_gait_speed,full model,long_seq,female,pearson_r,0.2099300415241715,1.0331809387136643e-16,10,3232,True,"Measures the viscosity (thickness/resistance to flow) of liver tissue, typically obtained through ultrasound or imaging techniques to assess liver tissue properties and potential fibrosis or disease state."
c,female,liver_viscosity,Liver Viscosity,liver_group,activity_self_selected_gait_speed,masked head,long_masked_head,female,pearson_r,0.2161004636513646,1.85875440595468e-17,10,3232,True,"Measures the viscosity (thickness/resistance to flow) of liver tissue, typically obtained through ultrasound or imaging techniques to assess liver tissue properties and potential fibrosis or disease state."
c,female,liver_viscosity,Liver Viscosity,liver_group,activity_self_selected_gait_speed,masked arms,long_masked_arms,female,pearson_r,0.2276830569922269,3.414811709585891e-20,10,3232,True,"Measures the viscosity (thickness/resistance to flow) of liver tissue, typically obtained through ultrasound or imaging techniques to assess liver tissue properties and potential fibrosis or disease state."
c,female,liver_viscosity,Liver Viscosity,liver_group,activity_self_selected_gait_speed,masked torso,long_masked_torso,female,pearson_r,0.2153556358117445,1.3144439212189928e-16,10,3232,True,"Measures the viscosity (thickness/resistance to flow) of liver tissue, typically obtained through ultrasound or imaging techniques to assess liver tissue properties and potential fibrosis or disease state."
c,female,liver_viscosity,Liver Viscosity,liver_group,activity_self_selected_gait_speed,masked legs,long_masked_legs,female,pearson_r,0.2111862193211703,1.6570867570300952e-16,10,3232,True,"Measures the viscosity (thickness/resistance to flow) of liver tissue, typically obtained through ultrasound or imaging techniques to assess liver tissue properties and potential fibrosis or disease state."
c,female,liver_viscosity,Liver Viscosity,liver_group,activity_self_selected_gait_speed,all but head,long_all_but_head,female,pearson_r,0.2328263591650543,1.8032993534016046e-20,10,3232,True,"Measures the viscosity (thickness/resistance to flow) of liver tissue, typically obtained through ultrasound or imaging techniques to assess liver tissue properties and potential fibrosis or disease state."
c,female,liver_viscosity,Liver Viscosity,liver_group,activity_self_selected_gait_speed,all but arms,long_all_but_arms,female,pearson_r,0.214195275637741,1.6161181880745718e-17,10,3232,True,"Measures the viscosity (thickness/resistance to flow) of liver tissue, typically obtained through ultrasound or imaging techniques to assess liver tissue properties and potential fibrosis or disease state."
c,female,liver_viscosity,Liver Viscosity,liver_group,activity_self_selected_gait_speed,all but torso,long_all_but_torso,female,pearson_r,0.2397678477030578,1.5985482245188453e-21,10,3232,True,"Measures the viscosity (thickness/resistance to flow) of liver tissue, typically obtained through ultrasound or imaging techniques to assess liver tissue properties and potential fibrosis or disease state."
c,female,liver_viscosity,Liver Viscosity,liver_group,activity_self_selected_gait_speed,all but legs,long_all_but_legs,female,pearson_r,0.2453265680738454,1.7855312838921181e-22,10,3232,True,"Measures the viscosity (thickness/resistance to flow) of liver tissue, typically obtained through ultrasound or imaging techniques to assess liver tissue properties and potential fibrosis or disease state."
c,female,liver_viscosity,Liver Viscosity,liver_group,activity_tm_3kmh,full model,long_seq,female,pearson_r,0.1985838772674293,5.403371391950573e-15,10,3166,True,"Measures the viscosity (thickness/resistance to flow) of liver tissue, typically obtained through ultrasound or imaging techniques to assess liver tissue properties and potential fibrosis or disease state."
c,female,liver_viscosity,Liver Viscosity,liver_group,activity_tm_3kmh,masked head,long_masked_head,female,pearson_r,0.2325905957114636,4.919412330410445e-19,10,3166,True,"Measures the viscosity (thickness/resistance to flow) of liver tissue, typically obtained through ultrasound or imaging techniques to assess liver tissue properties and potential fibrosis or disease state."
c,female,liver_viscosity,Liver Viscosity,liver_group,activity_tm_3kmh,masked arms,long_masked_arms,female,pearson_r,0.2248737987004202,2.2282662325535763e-19,10,3166,True,"Measures the viscosity (thickness/resistance to flow) of liver tissue, typically obtained through ultrasound or imaging techniques to assess liver tissue properties and potential fibrosis or disease state."
c,female,liver_viscosity,Liver Viscosity,liver_group,activity_tm_3kmh,masked torso,long_masked_torso,female,pearson_r,0.2149642079257397,2.553525712454523e-16,10,3166,True,"Measures the viscosity (thickness/resistance to flow) of liver tissue, typically obtained through ultrasound or imaging techniques to assess liver tissue properties and potential fibrosis or disease state."
c,female,liver_viscosity,Liver Viscosity,liver_group,activity_tm_3kmh,masked legs,long_masked_legs,female,pearson_r,0.2383478937591673,1.1268616084891627e-19,10,3166,True,"Measures the viscosity (thickness/resistance to flow) of liver tissue, typically obtained through ultrasound or imaging techniques to assess liver tissue properties and potential fibrosis or disease state."
c,female,liver_viscosity,Liver Viscosity,liver_group,activity_tm_3kmh,all but head,long_all_but_head,female,pearson_r,0.2423020483190263,3.0275787665982064e-21,10,3166,True,"Measures the viscosity (thickness/resistance to flow) of liver tissue, typically obtained through ultrasound or imaging techniques to assess liver tissue properties and potential fibrosis or disease state."
c,female,liver_viscosity,Liver Viscosity,liver_group,activity_tm_3kmh,all but arms,long_all_but_arms,female,pearson_r,0.2231194694227705,4.9324183054900484e-18,10,3166,True,"Measures the viscosity (thickness/resistance to flow) of liver tissue, typically obtained through ultrasound or imaging techniques to assess liver tissue properties and potential fibrosis or disease state."
c,female,liver_viscosity,Liver Viscosity,liver_group,activity_tm_3kmh,all but torso,long_all_but_torso,female,pearson_r,0.2496442302188997,4.954893089481424e-23,10,3166,True,"Measures the viscosity (thickness/resistance to flow) of liver tissue, typically obtained through ultrasound or imaging techniques to assess liver tissue properties and potential fibrosis or disease state."
c,female,liver_viscosity,Liver Viscosity,liver_group,activity_tm_3kmh,all but legs,long_all_but_legs,female,pearson_r,0.2557725453647225,8.70758322071851e-24,10,3166,True,"Measures the viscosity (thickness/resistance to flow) of liver tissue, typically obtained through ultrasound or imaging techniques to assess liver tissue properties and potential fibrosis or disease state."
c,female,rdi,Rdi,sleep_group_group,activity_self_selected_gait_speed,full model,long_seq,female,pearson_r,0.3625645853725119,2.284939779389252e-44,10,2965,True,Respiratory Disturbance Index - total number of apneic and hypopneic events per hour of sleep (similar to AHI)
c,female,rdi,Rdi,sleep_group_group,activity_self_selected_gait_speed,masked head,long_masked_head,female,pearson_r,0.3677720354260503,3.100504859285076e-46,10,2965,True,Respiratory Disturbance Index - total number of apneic and hypopneic events per hour of sleep (similar to AHI)
c,female,rdi,Rdi,sleep_group_group,activity_self_selected_gait_speed,masked arms,long_masked_arms,female,pearson_r,0.3508270033557742,4.485666182493235e-42,10,2965,True,Respiratory Disturbance Index - total number of apneic and hypopneic events per hour of sleep (similar to AHI)
c,female,rdi,Rdi,sleep_group_group,activity_self_selected_gait_speed,masked torso,long_masked_torso,female,pearson_r,0.3473983697367157,3.139427386987451e-42,10,2965,True,Respiratory Disturbance Index - total number of apneic and hypopneic events per hour of sleep (similar to AHI)
c,female,rdi,Rdi,sleep_group_group,activity_self_selected_gait_speed,masked legs,long_masked_legs,female,pearson_r,0.3717563993208961,1.259889350364146e-47,10,2965,True,Respiratory Disturbance Index - total number of apneic and hypopneic events per hour of sleep (similar to AHI)
c,female,rdi,Rdi,sleep_group_group,activity_self_selected_gait_speed,all but head,long_all_but_head,female,pearson_r,0.3500548964493888,2.520088218958281e-43,10,2965,True,Respiratory Disturbance Index - total number of apneic and hypopneic events per hour of sleep (similar to AHI)
c,female,rdi,Rdi,sleep_group_group,activity_self_selected_gait_speed,all but arms,long_all_but_arms,female,pearson_r,0.3682618493623971,2.0982273020444558e-45,10,2965,True,Respiratory Disturbance Index - total number of apneic and hypopneic events per hour of sleep (similar to AHI)
c,female,rdi,Rdi,sleep_group_group,activity_self_selected_gait_speed,all but torso,long_all_but_torso,female,pearson_r,0.3629330971776531,1.654873978096668e-46,10,2965,True,Respiratory Disturbance Index - total number of apneic and hypopneic events per hour of sleep (similar to AHI)
c,female,rdi,Rdi,sleep_group_group,activity_self_selected_gait_speed,all but legs,long_all_but_legs,female,pearson_r,0.3451930260566481,1.5035566071817738e-41,10,2965,True,Respiratory Disturbance Index - total number of apneic and hypopneic events per hour of sleep (similar to AHI)
c,female,rdi,Rdi,sleep_group_group,activity_tm_3kmh,full model,long_seq,female,pearson_r,0.3655657816915116,1.2402938269411724e-42,10,2903,True,Respiratory Disturbance Index - total number of apneic and hypopneic events per hour of sleep (similar to AHI)
c,female,rdi,Rdi,sleep_group_group,activity_tm_3kmh,masked head,long_masked_head,female,pearson_r,0.3641404011798429,1.6985443700271086e-43,10,2903,True,Respiratory Disturbance Index - total number of apneic and hypopneic events per hour of sleep (similar to AHI)
c,female,rdi,Rdi,sleep_group_group,activity_tm_3kmh,masked arms,long_masked_arms,female,pearson_r,0.3471480364040707,1.8683388845071797e-40,10,2903,True,Respiratory Disturbance Index - total number of apneic and hypopneic events per hour of sleep (similar to AHI)
c,female,rdi,Rdi,sleep_group_group,activity_tm_3kmh,masked torso,long_masked_torso,female,pearson_r,0.3449513961561098,5.566726725939687e-41,10,2903,True,Respiratory Disturbance Index - total number of apneic and hypopneic events per hour of sleep (similar to AHI)
c,female,rdi,Rdi,sleep_group_group,activity_tm_3kmh,masked legs,long_masked_legs,female,pearson_r,0.3780578652288291,1.3288046935394772e-48,10,2903,True,Respiratory Disturbance Index - total number of apneic and hypopneic events per hour of sleep (similar to AHI)
c,female,rdi,Rdi,sleep_group_group,activity_tm_3kmh,all but head,long_all_but_head,female,pearson_r,0.3550322751441367,8.28215210189172e-42,10,2903,True,Respiratory Disturbance Index - total number of apneic and hypopneic events per hour of sleep (similar to AHI)
c,female,rdi,Rdi,sleep_group_group,activity_tm_3kmh,all but arms,long_all_but_arms,female,pearson_r,0.3662153924094881,6.015982078376017e-45,10,2903,True,Respiratory Disturbance Index - total number of apneic and hypopneic events per hour of sleep (similar to AHI)
c,female,rdi,Rdi,sleep_group_group,activity_tm_3kmh,all but torso,long_all_but_torso,female,pearson_r,0.3700472000520285,4.144086428763747e-46,10,2903,True,Respiratory Disturbance Index - total number of apneic and hypopneic events per hour of sleep (similar to AHI)
c,female,rdi,Rdi,sleep_group_group,activity_tm_3kmh,all but legs,long_all_but_legs,female,pearson_r,0.3427389767628971,4.8199769450581446e-39,10,2903,True,Respiratory Disturbance Index - total number of apneic and hypopneic events per hour of sleep (similar to AHI)
c,female,sleep_hours,Sleep Hours in 24H,lifestyle_ordinal,activity_self_selected_gait_speed,full model,long_seq,female,pearson_r,0.0853643908642164,0.0048778562303815,10,2550,True,
c,female,sleep_hours,Sleep Hours in 24H,lifestyle_ordinal,activity_self_selected_gait_speed,masked head,long_masked_head,female,pearson_r,0.0463319498229871,0.1365858195418144,10,2550,True,
c,female,sleep_hours,Sleep Hours in 24H,lifestyle_ordinal,activity_self_selected_gait_speed,masked arms,long_masked_arms,female,pearson_r,0.0990156100265506,0.0006142197930571,10,2550,True,
c,female,sleep_hours,Sleep Hours in 24H,lifestyle_ordinal,activity_self_selected_gait_speed,masked torso,long_masked_torso,female,pearson_r,0.0302628353996418,0.3247388952730187,10,2550,True,
c,female,sleep_hours,Sleep Hours in 24H,lifestyle_ordinal,activity_self_selected_gait_speed,masked legs,long_masked_legs,female,pearson_r,0.0516697705844108,0.0723408307712747,10,2550,True,
c,female,sleep_hours,Sleep Hours in 24H,lifestyle_ordinal,activity_self_selected_gait_speed,all but head,long_all_but_head,female,pearson_r,0.0507768828685242,0.0844475446903148,10,2550,True,
c,female,sleep_hours,Sleep Hours in 24H,lifestyle_ordinal,activity_self_selected_gait_speed,all but arms,long_all_but_arms,female,pearson_r,0.0205859774662416,0.4357986628558988,10,2550,True,
c,female,sleep_hours,Sleep Hours in 24H,lifestyle_ordinal,activity_self_selected_gait_speed,all but torso,long_all_but_torso,female,pearson_r,0.0492660466726011,0.0938292335538095,10,2550,True,
c,female,sleep_hours,Sleep Hours in 24H,lifestyle_ordinal,activity_self_selected_gait_speed,all but legs,long_all_but_legs,female,pearson_r,0.0040563580192919,0.6932070680662444,10,2550,True,
c,female,sleep_hours,Sleep Hours in 24H,lifestyle_ordinal,activity_tm_3kmh,full model,long_seq,female,pearson_r,0.1014199617780171,0.0006806127171632,10,2497,True,
c,female,sleep_hours,Sleep Hours in 24H,lifestyle_ordinal,activity_tm_3kmh,masked head,long_masked_head,female,pearson_r,0.0417056552525551,0.2062925391007393,10,2497,True,
c,female,sleep_hours,Sleep Hours in 24H,lifestyle_ordinal,activity_tm_3kmh,masked arms,long_masked_arms,female,pearson_r,0.0943597137818423,0.0014131193151273,10,2497,True,
c,female,sleep_hours,Sleep Hours in 24H,lifestyle_ordinal,activity_tm_3kmh,masked torso,long_masked_torso,female,pearson_r,0.0344655937674014,0.2480368975409877,10,2497,True,
c,female,sleep_hours,Sleep Hours in 24H,lifestyle_ordinal,activity_tm_3kmh,masked legs,long_masked_legs,female,pearson_r,0.042439846221147,0.1523376476971532,10,2497,True,
c,female,sleep_hours,Sleep Hours in 24H,lifestyle_ordinal,activity_tm_3kmh,all but head,long_all_but_head,female,pearson_r,0.0359498201064427,0.2184282222010396,10,2497,True,
c,female,sleep_hours,Sleep Hours in 24H,lifestyle_ordinal,activity_tm_3kmh,all but arms,long_all_but_arms,female,pearson_r,0.0116606741946108,0.6166152284566327,10,2497,True,
c,female,sleep_hours,Sleep Hours in 24H,lifestyle_ordinal,activity_tm_3kmh,all but torso,long_all_but_torso,female,pearson_r,0.0410134866510778,0.1824708239805474,10,2497,True,
c,female,sleep_hours,Sleep Hours in 24H,lifestyle_ordinal,activity_tm_3kmh,all but legs,long_all_but_legs,female,pearson_r,0.0047125775474052,0.7370704513705941,10,2497,True,
c,female,snoring,Snoring,lifestyle_ordinal,activity_self_selected_gait_speed,full model,long_seq,female,auc,0.5946314102564103,,10,2362,True,
c,female,snoring,Snoring,lifestyle_ordinal,activity_self_selected_gait_speed,masked head,long_masked_head,female,auc,0.5841416855203619,,10,2362,True,
c,female,snoring,Snoring,lifestyle_ordinal,activity_self_selected_gait_speed,masked arms,long_masked_arms,female,auc,0.5937190260719671,,10,2362,True,
c,female,snoring,Snoring,lifestyle_ordinal,activity_self_selected_gait_speed,masked torso,long_masked_torso,female,auc,0.5830838585434174,,10,2362,True,
c,female,snoring,Snoring,lifestyle_ordinal,activity_self_selected_gait_speed,masked legs,long_masked_legs,female,auc,0.6084919063779358,,10,2362,True,
c,female,snoring,Snoring,lifestyle_ordinal,activity_self_selected_gait_speed,all but head,long_all_but_head,female,auc,0.629161279896574,,10,2362,True,
c,female,snoring,Snoring,lifestyle_ordinal,activity_self_selected_gait_speed,all but arms,long_all_but_arms,female,auc,0.5969709518422753,,10,2362,True,
c,female,snoring,Snoring,lifestyle_ordinal,activity_self_selected_gait_speed,all but torso,long_all_but_torso,female,auc,0.6334134615384616,,10,2362,True,
c,female,snoring,Snoring,lifestyle_ordinal,activity_self_selected_gait_speed,all but legs,long_all_but_legs,female,auc,0.5942873303167421,,10,2362,True,
c,female,snoring,Snoring,lifestyle_ordinal,activity_tm_3kmh,full model,long_seq,female,auc,0.5986325236090568,,10,2317,True,
c,female,snoring,Snoring,lifestyle_ordinal,activity_tm_3kmh,masked head,long_masked_head,female,auc,0.5939914239390147,,10,2317,True,
c,female,snoring,Snoring,lifestyle_ordinal,activity_tm_3kmh,masked arms,long_masked_arms,female,auc,0.612918491864831,,10,2317,True,
c,female,snoring,Snoring,lifestyle_ordinal,activity_tm_3kmh,masked torso,long_masked_torso,female,auc,0.5997343981112754,,10,2317,True,
c,female,snoring,Snoring,lifestyle_ordinal,activity_tm_3kmh,masked legs,long_masked_legs,female,auc,0.5975569604050518,,10,2317,True,
c,female,snoring,Snoring,lifestyle_ordinal,activity_tm_3kmh,all but head,long_all_but_head,female,auc,0.6443519598361588,,10,2317,True,
c,female,snoring,Snoring,lifestyle_ordinal,activity_tm_3kmh,all but arms,long_all_but_arms,female,auc,0.5851988280805551,,10,2317,True,
c,female,snoring,Snoring,lifestyle_ordinal,activity_tm_3kmh,all but torso,long_all_but_torso,female,auc,0.6149981510979634,,10,2317,True,
c,female,snoring,Snoring,lifestyle_ordinal,activity_tm_3kmh,all but legs,long_all_but_legs,female,auc,0.6076939213789965,,10,2317,True,
c,female,total_scan_vat_area,Total Scan Vat Area,age_gender_bmi_VAT,activity_self_selected_gait_speed,full model,long_seq,female,pearson_r,0.7164451838523356,4.735530844000599e-249,10,3164,True,"Visceral adipose tissue (VAT) area measured from DXA scan in square centimeters, representing the cross-sectional area of internal abdominal fat"
c,female,total_scan_vat_area,Total Scan Vat Area,body_composition_group,activity_self_selected_gait_speed,full model,long_seq,female,pearson_r,0.7758359948216824,2.557136e-318,10,3164,False,"Visceral adipose tissue (VAT) area measured from DXA scan in square centimeters, representing the cross-sectional area of internal abdominal fat"
c,female,total_scan_vat_area,Total Scan Vat Area,age_gender_bmi_VAT,activity_self_selected_gait_speed,masked head,long_masked_head,female,pearson_r,0.7142866642591439,2.2868660671192784e-246,10,3164,True,"Visceral adipose tissue (VAT) area measured from DXA scan in square centimeters, representing the cross-sectional area of internal abdominal fat"
c,female,total_scan_vat_area,Total Scan Vat Area,body_composition_group,activity_self_selected_gait_speed,masked head,long_masked_head,female,pearson_r,0.7733097331103806,5.4769582e-316,10,3164,False,"Visceral adipose tissue (VAT) area measured from DXA scan in square centimeters, representing the cross-sectional area of internal abdominal fat"
c,female,total_scan_vat_area,Total Scan Vat Area,age_gender_bmi_VAT,activity_self_selected_gait_speed,masked arms,long_masked_arms,female,pearson_r,0.6717779091150629,6.8789644076559e-208,10,3164,True,"Visceral adipose tissue (VAT) area measured from DXA scan in square centimeters, representing the cross-sectional area of internal abdominal fat"
c,female,total_scan_vat_area,Total Scan Vat Area,body_composition_group,activity_self_selected_gait_speed,masked arms,long_masked_arms,female,pearson_r,0.7699781454187725,4.847737470236e-312,10,3164,False,"Visceral adipose tissue (VAT) area measured from DXA scan in square centimeters, representing the cross-sectional area of internal abdominal fat"
c,female,total_scan_vat_area,Total Scan Vat Area,age_gender_bmi_VAT,activity_self_selected_gait_speed,masked torso,long_masked_torso,female,pearson_r,0.7186820504714703,6.04955521137587e-252,10,3164,True,"Visceral adipose tissue (VAT) area measured from DXA scan in square centimeters, representing the cross-sectional area of internal abdominal fat"
c,female,total_scan_vat_area,Total Scan Vat Area,body_composition_group,activity_self_selected_gait_speed,masked torso,long_masked_torso,female,pearson_r,0.7759052332162025,2.74e-321,10,3164,False,"Visceral adipose tissue (VAT) area measured from DXA scan in square centimeters, representing the cross-sectional area of internal abdominal fat"
c,female,total_scan_vat_area,Total Scan Vat Area,age_gender_bmi_VAT,activity_self_selected_gait_speed,masked legs,long_masked_legs,female,pearson_r,0.6940711078328359,3.7147446806072954e-229,10,3164,True,"Visceral adipose tissue (VAT) area measured from DXA scan in square centimeters, representing the cross-sectional area of internal abdominal fat"
c,female,total_scan_vat_area,Total Scan Vat Area,body_composition_group,activity_self_selected_gait_speed,masked legs,long_masked_legs,female,pearson_r,0.7579228133575934,2.8565666045608794e-296,10,3164,False,"Visceral adipose tissue (VAT) area measured from DXA scan in square centimeters, representing the cross-sectional area of internal abdominal fat"
c,female,total_scan_vat_area,Total Scan Vat Area,age_gender_bmi_VAT,activity_self_selected_gait_speed,all but head,long_all_but_head,female,pearson_r,0.4763418956807158,4.242370403571115e-88,10,3164,True,"Visceral adipose tissue (VAT) area measured from DXA scan in square centimeters, representing the cross-sectional area of internal abdominal fat"
c,female,total_scan_vat_area,Total Scan Vat Area,body_composition_group,activity_self_selected_gait_speed,all but head,long_all_but_head,female,pearson_r,0.7148552145424067,1.1075658131186412e-244,10,3164,False,"Visceral adipose tissue (VAT) area measured from DXA scan in square centimeters, representing the cross-sectional area of internal abdominal fat"
c,female,total_scan_vat_area,Total Scan Vat Area,age_gender_bmi_VAT,activity_self_selected_gait_speed,all but arms,long_all_but_arms,female,pearson_r,0.6737161056569917,3.6809722835525096e-210,10,3164,True,"Visceral adipose tissue (VAT) area measured from DXA scan in square centimeters, representing the cross-sectional area of internal abdominal fat"
c,female,total_scan_vat_area,Total Scan Vat Area,body_composition_group,activity_self_selected_gait_speed,all but arms,long_all_but_arms,female,pearson_r,0.7468689754482865,5.834743470466035e-280,10,3164,False,"Visceral adipose tissue (VAT) area measured from DXA scan in square centimeters, representing the cross-sectional area of internal abdominal fat"
c,female,total_scan_vat_area,Total Scan Vat Area,age_gender_bmi_VAT,activity_self_selected_gait_speed,all but torso,long_all_but_torso,female,pearson_r,0.5864604420851578,9.559711501482323e-147,10,3164,True,"Visceral adipose tissue (VAT) area measured from DXA scan in square centimeters, representing the cross-sectional area of internal abdominal fat"
c,female,total_scan_vat_area,Total Scan Vat Area,body_composition_group,activity_self_selected_gait_speed,all but torso,long_all_but_torso,female,pearson_r,0.7277860014404531,8.203751189297741e-260,10,3164,False,"Visceral adipose tissue (VAT) area measured from DXA scan in square centimeters, representing the cross-sectional area of internal abdominal fat"
c,female,total_scan_vat_area,Total Scan Vat Area,age_gender_bmi_VAT,activity_self_selected_gait_speed,all but legs,long_all_but_legs,female,pearson_r,0.6383032011098954,5.8628442217006506e-182,10,3164,True,"Visceral adipose tissue (VAT) area measured from DXA scan in square centimeters, representing the cross-sectional area of internal abdominal fat"
c,female,total_scan_vat_area,Total Scan Vat Area,body_composition_group,activity_self_selected_gait_speed,all but legs,long_all_but_legs,female,pearson_r,0.7594200128374806,9.13996487581318e-297,10,3164,False,"Visceral adipose tissue (VAT) area measured from DXA scan in square centimeters, representing the cross-sectional area of internal abdominal fat"
c,female,total_scan_vat_area,Total Scan Vat Area,age_gender_bmi_VAT,activity_tm_3kmh,full model,long_seq,female,pearson_r,0.7152172672868323,2.1592030126963356e-240,10,3101,True,"Visceral adipose tissue (VAT) area measured from DXA scan in square centimeters, representing the cross-sectional area of internal abdominal fat"
c,female,total_scan_vat_area,Total Scan Vat Area,body_composition_group,activity_tm_3kmh,full model,long_seq,female,pearson_r,0.7761488251758462,1.0247003567229995e-308,10,3101,False,"Visceral adipose tissue (VAT) area measured from DXA scan in square centimeters, representing the cross-sectional area of internal abdominal fat"
c,female,total_scan_vat_area,Total Scan Vat Area,age_gender_bmi_VAT,activity_tm_3kmh,masked head,long_masked_head,female,pearson_r,0.7239539963523278,5.561772345093347e-249,10,3101,True,"Visceral adipose tissue (VAT) area measured from DXA scan in square centimeters, representing the cross-sectional area of internal abdominal fat"
c,female,total_scan_vat_area,Total Scan Vat Area,body_composition_group,activity_tm_3kmh,masked head,long_masked_head,female,pearson_r,0.7796087026789321,5.352000945e-315,10,3101,False,"Visceral adipose tissue (VAT) area measured from DXA scan in square centimeters, representing the cross-sectional area of internal abdominal fat"
c,female,total_scan_vat_area,Total Scan Vat Area,age_gender_bmi_VAT,activity_tm_3kmh,masked arms,long_masked_arms,female,pearson_r,0.6707435387616276,1.5782931780178986e-201,10,3101,True,"Visceral adipose tissue (VAT) area measured from DXA scan in square centimeters, representing the cross-sectional area of internal abdominal fat"
c,female,total_scan_vat_area,Total Scan Vat Area,body_composition_group,activity_tm_3kmh,masked arms,long_masked_arms,female,pearson_r,0.7758398071489447,4.621196250082e-311,10,3101,False,"Visceral adipose tissue (VAT) area measured from DXA scan in square centimeters, representing the cross-sectional area of internal abdominal fat"
c,female,total_scan_vat_area,Total Scan Vat Area,age_gender_bmi_VAT,activity_tm_3kmh,masked torso,long_masked_torso,female,pearson_r,0.7139023409515391,9.5252629768778e-239,10,3101,True,"Visceral adipose tissue (VAT) area measured from DXA scan in square centimeters, representing the cross-sectional area of internal abdominal fat"
c,female,total_scan_vat_area,Total Scan Vat Area,body_composition_group,activity_tm_3kmh,masked torso,long_masked_torso,female,pearson_r,0.7741421496912865,1.1864475876681731e-307,10,3101,False,"Visceral adipose tissue (VAT) area measured from DXA scan in square centimeters, representing the cross-sectional area of internal abdominal fat"
c,female,total_scan_vat_area,Total Scan Vat Area,age_gender_bmi_VAT,activity_tm_3kmh,masked legs,long_masked_legs,female,pearson_r,0.7047017107402824,1.7864341357869463e-232,10,3101,True,"Visceral adipose tissue (VAT) area measured from DXA scan in square centimeters, representing the cross-sectional area of internal abdominal fat"
c,female,total_scan_vat_area,Total Scan Vat Area,body_composition_group,activity_tm_3kmh,masked legs,long_masked_legs,female,pearson_r,0.7708228535095498,1.3463161656422624e-303,10,3101,False,"Visceral adipose tissue (VAT) area measured from DXA scan in square centimeters, representing the cross-sectional area of internal abdominal fat"
c,female,total_scan_vat_area,Total Scan Vat Area,age_gender_bmi_VAT,activity_tm_3kmh,all but head,long_all_but_head,female,pearson_r,0.5015266846356551,9.29586619884164e-97,10,3101,True,"Visceral adipose tissue (VAT) area measured from DXA scan in square centimeters, representing the cross-sectional area of internal abdominal fat"
c,female,total_scan_vat_area,Total Scan Vat Area,body_composition_group,activity_tm_3kmh,all but head,long_all_but_head,female,pearson_r,0.7168607683037036,3.047192862005312e-239,10,3101,False,"Visceral adipose tissue (VAT) area measured from DXA scan in square centimeters, representing the cross-sectional area of internal abdominal fat"
c,female,total_scan_vat_area,Total Scan Vat Area,age_gender_bmi_VAT,activity_tm_3kmh,all but arms,long_all_but_arms,female,pearson_r,0.6916444081516315,7.937447868343121e-219,10,3101,True,"Visceral adipose tissue (VAT) area measured from DXA scan in square centimeters, representing the cross-sectional area of internal abdominal fat"
c,female,total_scan_vat_area,Total Scan Vat Area,body_composition_group,activity_tm_3kmh,all but arms,long_all_but_arms,female,pearson_r,0.7493739379769475,6.236823432865107e-272,10,3101,False,"Visceral adipose tissue (VAT) area measured from DXA scan in square centimeters, representing the cross-sectional area of internal abdominal fat"
c,female,total_scan_vat_area,Total Scan Vat Area,age_gender_bmi_VAT,activity_tm_3kmh,all but torso,long_all_but_torso,female,pearson_r,0.5946795951742371,2.7613616973944773e-148,10,3101,True,"Visceral adipose tissue (VAT) area measured from DXA scan in square centimeters, representing the cross-sectional area of internal abdominal fat"
c,female,total_scan_vat_area,Total Scan Vat Area,body_composition_group,activity_tm_3kmh,all but torso,long_all_but_torso,female,pearson_r,0.7281018917489924,1.3612735892695146e-247,10,3101,False,"Visceral adipose tissue (VAT) area measured from DXA scan in square centimeters, representing the cross-sectional area of internal abdominal fat"
c,female,total_scan_vat_area,Total Scan Vat Area,age_gender_bmi_VAT,activity_tm_3kmh,all but legs,long_all_but_legs,female,pearson_r,0.645365203694223,1.1203039642808431e-181,10,3101,True,"Visceral adipose tissue (VAT) area measured from DXA scan in square centimeters, representing the cross-sectional area of internal abdominal fat"
c,female,total_scan_vat_area,Total Scan Vat Area,body_composition_group,activity_tm_3kmh,all but legs,long_all_but_legs,female,pearson_r,0.7563374751487857,1.7425393670904773e-281,10,3101,False,"Visceral adipose tissue (VAT) area measured from DXA scan in square centimeters, representing the cross-sectional area of internal abdominal fat"
c,female,walking_10min_days_a_week,Days A Week Walking,lifestyle_group,activity_self_selected_gait_speed,full model,long_seq,female,pearson_r,0.0991931205677797,0.0002713326218187,10,2863,True,Number of days per week on which the participant engages in at least 10 minutes of walking activity
c,female,walking_10min_days_a_week,Days A Week Walking,lifestyle_group,activity_self_selected_gait_speed,masked head,long_masked_head,female,pearson_r,0.0848601024476124,0.0024141533240076,10,2863,True,Number of days per week on which the participant engages in at least 10 minutes of walking activity
c,female,walking_10min_days_a_week,Days A Week Walking,lifestyle_group,activity_self_selected_gait_speed,masked arms,long_masked_arms,female,pearson_r,0.1088234277823886,6.234847274172834e-05,10,2863,True,Number of days per week on which the participant engages in at least 10 minutes of walking activity
c,female,walking_10min_days_a_week,Days A Week Walking,lifestyle_group,activity_self_selected_gait_speed,masked torso,long_masked_torso,female,pearson_r,0.1021433446550139,0.0003095011339338,10,2863,True,Number of days per week on which the participant engages in at least 10 minutes of walking activity
c,female,walking_10min_days_a_week,Days A Week Walking,lifestyle_group,activity_self_selected_gait_speed,masked legs,long_masked_legs,female,pearson_r,0.0828804884933284,0.0034234131205096,10,2863,True,Number of days per week on which the participant engages in at least 10 minutes of walking activity
c,female,walking_10min_days_a_week,Days A Week Walking,lifestyle_group,activity_self_selected_gait_speed,all but head,long_all_but_head,female,pearson_r,0.0577658411828061,0.0370383394371992,10,2863,True,Number of days per week on which the participant engages in at least 10 minutes of walking activity
c,female,walking_10min_days_a_week,Days A Week Walking,lifestyle_group,activity_self_selected_gait_speed,all but arms,long_all_but_arms,female,pearson_r,0.0825949362197396,0.0094531989365809,10,2863,True,Number of days per week on which the participant engages in at least 10 minutes of walking activity
c,female,walking_10min_days_a_week,Days A Week Walking,lifestyle_group,activity_self_selected_gait_speed,all but torso,long_all_but_torso,female,pearson_r,0.0910988320624349,0.000767772391304,10,2863,True,Number of days per week on which the participant engages in at least 10 minutes of walking activity
c,female,walking_10min_days_a_week,Days A Week Walking,lifestyle_group,activity_self_selected_gait_speed,all but legs,long_all_but_legs,female,pearson_r,0.1337186950986593,1.105152079686098e-06,10,2863,True,Number of days per week on which the participant engages in at least 10 minutes of walking activity
c,female,walking_10min_days_a_week,Days A Week Walking,lifestyle_group,activity_tm_3kmh,full model,long_seq,female,pearson_r,0.0931538561424208,0.0007340976000188,10,2802,True,Number of days per week on which the participant engages in at least 10 minutes of walking activity
c,female,walking_10min_days_a_week,Days A Week Walking,lifestyle_group,activity_tm_3kmh,masked head,long_masked_head,female,pearson_r,0.0685763063115027,0.0151981691322861,10,2802,True,Number of days per week on which the participant engages in at least 10 minutes of walking activity
c,female,walking_10min_days_a_week,Days A Week Walking,lifestyle_group,activity_tm_3kmh,masked arms,long_masked_arms,female,pearson_r,0.102018336227442,0.0002148482172857,10,2802,True,Number of days per week on which the participant engages in at least 10 minutes of walking activity
c,female,walking_10min_days_a_week,Days A Week Walking,lifestyle_group,activity_tm_3kmh,masked torso,long_masked_torso,female,pearson_r,0.0939476849254216,0.0016873394997967,10,2802,True,Number of days per week on which the participant engages in at least 10 minutes of walking activity
c,female,walking_10min_days_a_week,Days A Week Walking,lifestyle_group,activity_tm_3kmh,masked legs,long_masked_legs,female,pearson_r,0.0376372217249094,0.1767799727730045,10,2802,True,Number of days per week on which the participant engages in at least 10 minutes of walking activity
c,female,walking_10min_days_a_week,Days A Week Walking,lifestyle_group,activity_tm_3kmh,all but head,long_all_but_head,female,pearson_r,0.0264809773978538,0.3582608231696443,10,2802,True,Number of days per week on which the participant engages in at least 10 minutes of walking activity
c,female,walking_10min_days_a_week,Days A Week Walking,lifestyle_group,activity_tm_3kmh,all but arms,long_all_but_arms,female,pearson_r,0.0575122823453337,0.0480815846991667,10,2802,True,Number of days per week on which the participant engages in at least 10 minutes of walking activity
c,female,walking_10min_days_a_week,Days A Week Walking,lifestyle_group,activity_tm_3kmh,all but torso,long_all_but_torso,female,pearson_r,0.0516555081663046,0.056308586652165,10,2802,True,Number of days per week on which the participant engages in at least 10 minutes of walking activity
c,female,walking_10min_days_a_week,Days A Week Walking,lifestyle_group,activity_tm_3kmh,all but legs,long_all_but_legs,female,pearson_r,0.1051123928790366,0.000113030040201,10,2802,True,Number of days per week on which the participant engages in at least 10 minutes of walking activity
c,female,wearable_weightlifting_monthly_hours,Weightlifting Monthly Hours,wearable_monthly_group,activity_self_selected_gait_speed,full model,long_seq,female,pearson_r,0.0254180853250978,0.6869710995872773,10,580,True,Monthly duration of weightlifting/resistance training activity (measured in hours) tracked via wearable device. Weightlifting is a high-intensity anaerobic exercise focusing on muscular strength and power.
c,female,wearable_weightlifting_monthly_hours,Weightlifting Monthly Hours,wearable_monthly_group,activity_self_selected_gait_speed,masked head,long_masked_head,female,pearson_r,0.0640022100825377,0.3585830624670187,10,580,True,Monthly duration of weightlifting/resistance training activity (measured in hours) tracked via wearable device. Weightlifting is a high-intensity anaerobic exercise focusing on muscular strength and power.
c,female,wearable_weightlifting_monthly_hours,Weightlifting Monthly Hours,wearable_monthly_group,activity_self_selected_gait_speed,masked arms,long_masked_arms,female,pearson_r,0.0685419571832596,0.330153177029692,10,580,True,Monthly duration of weightlifting/resistance training activity (measured in hours) tracked via wearable device. Weightlifting is a high-intensity anaerobic exercise focusing on muscular strength and power.
c,female,wearable_weightlifting_monthly_hours,Weightlifting Monthly Hours,wearable_monthly_group,activity_self_selected_gait_speed,masked torso,long_masked_torso,female,pearson_r,0.0314642133189996,0.6309084588209017,10,580,True,Monthly duration of weightlifting/resistance training activity (measured in hours) tracked via wearable device. Weightlifting is a high-intensity anaerobic exercise focusing on muscular strength and power.
c,female,wearable_weightlifting_monthly_hours,Weightlifting Monthly Hours,wearable_monthly_group,activity_self_selected_gait_speed,masked legs,long_masked_legs,female,pearson_r,0.0723911888730999,0.3055628112165879,10,580,True,Monthly duration of weightlifting/resistance training activity (measured in hours) tracked via wearable device. Weightlifting is a high-intensity anaerobic exercise focusing on muscular strength and power.
c,female,wearable_weightlifting_monthly_hours,Weightlifting Monthly Hours,wearable_monthly_group,activity_self_selected_gait_speed,all but head,long_all_but_head,female,pearson_r,0.0922076778287467,0.2074972553255804,10,580,True,Monthly duration of weightlifting/resistance training activity (measured in hours) tracked via wearable device. Weightlifting is a high-intensity anaerobic exercise focusing on muscular strength and power.
c,female,wearable_weightlifting_monthly_hours,Weightlifting Monthly Hours,wearable_monthly_group,activity_self_selected_gait_speed,all but arms,long_all_but_arms,female,pearson_r,0.006864116464444,0.832376849742885,10,580,True,Monthly duration of weightlifting/resistance training activity (measured in hours) tracked via wearable device. Weightlifting is a high-intensity anaerobic exercise focusing on muscular strength and power.
c,female,wearable_weightlifting_monthly_hours,Weightlifting Monthly Hours,wearable_monthly_group,activity_self_selected_gait_speed,all but torso,long_all_but_torso,female,pearson_r,0.0920355029867366,0.2289357211622763,10,580,True,Monthly duration of weightlifting/resistance training activity (measured in hours) tracked via wearable device. Weightlifting is a high-intensity anaerobic exercise focusing on muscular strength and power.
c,female,wearable_weightlifting_monthly_hours,Weightlifting Monthly Hours,wearable_monthly_group,activity_self_selected_gait_speed,all but legs,long_all_but_legs,female,pearson_r,0.0521853215623411,0.3848545234437462,10,580,True,Monthly duration of weightlifting/resistance training activity (measured in hours) tracked via wearable device. Weightlifting is a high-intensity anaerobic exercise focusing on muscular strength and power.
c,female,wearable_weightlifting_monthly_hours,Weightlifting Monthly Hours,wearable_monthly_group,activity_tm_3kmh,full model,long_seq,female,pearson_r,0.0205775835185335,0.7294068834676297,10,574,True,Monthly duration of weightlifting/resistance training activity (measured in hours) tracked via wearable device. Weightlifting is a high-intensity anaerobic exercise focusing on muscular strength and power.
c,female,wearable_weightlifting_monthly_hours,Weightlifting Monthly Hours,wearable_monthly_group,activity_tm_3kmh,masked head,long_masked_head,female,pearson_r,0.0588958906384014,0.3884636534854275,10,574,True,Monthly duration of weightlifting/resistance training activity (measured in hours) tracked via wearable device. Weightlifting is a high-intensity anaerobic exercise focusing on muscular strength and power.
c,female,wearable_weightlifting_monthly_hours,Weightlifting Monthly Hours,wearable_monthly_group,activity_tm_3kmh,masked arms,long_masked_arms,female,pearson_r,0.055653928977744,0.4272324780925752,10,574,True,Monthly duration of weightlifting/resistance training activity (measured in hours) tracked via wearable device. Weightlifting is a high-intensity anaerobic exercise focusing on muscular strength and power.
c,female,wearable_weightlifting_monthly_hours,Weightlifting Monthly Hours,wearable_monthly_group,activity_tm_3kmh,masked torso,long_masked_torso,female,pearson_r,0.0140446975094222,0.7903293907379653,10,574,True,Monthly duration of weightlifting/resistance training activity (measured in hours) tracked via wearable device. Weightlifting is a high-intensity anaerobic exercise focusing on muscular strength and power.
c,female,wearable_weightlifting_monthly_hours,Weightlifting Monthly Hours,wearable_monthly_group,activity_tm_3kmh,masked legs,long_masked_legs,female,pearson_r,0.0612356381956939,0.3510888065709877,10,574,True,Monthly duration of weightlifting/resistance training activity (measured in hours) tracked via wearable device. Weightlifting is a high-intensity anaerobic exercise focusing on muscular strength and power.
c,female,wearable_weightlifting_monthly_hours,Weightlifting Monthly Hours,wearable_monthly_group,activity_tm_3kmh,all but head,long_all_but_head,female,pearson_r,0.0791646449069232,0.2811863662049601,10,574,True,Monthly duration of weightlifting/resistance training activity (measured in hours) tracked via wearable device. Weightlifting is a high-intensity anaerobic exercise focusing on muscular strength and power.
c,female,wearable_weightlifting_monthly_hours,Weightlifting Monthly Hours,wearable_monthly_group,activity_tm_3kmh,all but arms,long_all_but_arms,female,pearson_r,0.0015180302287797,0.8401097172784272,10,574,True,Monthly duration of weightlifting/resistance training activity (measured in hours) tracked via wearable device. Weightlifting is a high-intensity anaerobic exercise focusing on muscular strength and power.
c,female,wearable_weightlifting_monthly_hours,Weightlifting Monthly Hours,wearable_monthly_group,activity_tm_3kmh,all but torso,long_all_but_torso,female,pearson_r,0.0798394108769921,0.2767227213398604,10,574,True,Monthly duration of weightlifting/resistance training activity (measured in hours) tracked via wearable device. Weightlifting is a high-intensity anaerobic exercise focusing on muscular strength and power.
c,female,wearable_weightlifting_monthly_hours,Weightlifting Monthly Hours,wearable_monthly_group,activity_tm_3kmh,all but legs,long_all_but_legs,female,pearson_r,0.0309422378266893,0.5407941964499605,10,574,True,Monthly duration of weightlifting/resistance training activity (measured in hours) tracked via wearable device. Weightlifting is a high-intensity anaerobic exercise focusing on muscular strength and power.
