target,activity,gender,metric,source,seed,value
age,ensemble,all,pearson_r,embeddings,0,0.6902774927512885
age,ensemble,all,pearson_r,embeddings,1,0.6894744098384753
age,ensemble,all,pearson_r,embeddings,2,0.6854704880253348
age,ensemble,all,pearson_r,embeddings,3,0.6860601423646461
age,ensemble,all,pearson_r,embeddings,4,0.688598991827206
age,ensemble,all,pearson_r,embeddings,5,0.6913982967408241
age,ensemble,all,pearson_r,embeddings,6,0.6875487002917523
age,ensemble,all,pearson_r,embeddings,7,0.6880863823838816
age,ensemble,all,pearson_r,embeddings,8,0.687497927204561
age,ensemble,all,pearson_r,embeddings,9,0.6899835012611792
age,ensemble,all,pearson_r,embeddings,10,0.6913059917396988
age,ensemble,all,pearson_r,embeddings,11,0.688960274012809
age,ensemble,all,pearson_r,embeddings,12,0.6872809110824515
age,ensemble,all,pearson_r,embeddings,13,0.692428378650806
age,ensemble,all,pearson_r,embeddings,14,0.69127183904016
age,activity_tm_3kmh,all,pearson_r,embeddings,0,0.6270566593853896
age,activity_tm_3kmh,all,pearson_r,embeddings,1,0.6216371216173012
age,activity_tm_3kmh,all,pearson_r,embeddings,2,0.6197116796577845
age,activity_tm_3kmh,all,pearson_r,embeddings,3,0.6210650168881199
age,activity_tm_3kmh,all,pearson_r,embeddings,4,0.6199282886755815
age,activity_tm_3kmh,all,pearson_r,embeddings,5,0.623324777792644
age,activity_tm_3kmh,all,pearson_r,embeddings,6,0.6223122208810167
age,activity_tm_3kmh,all,pearson_r,embeddings,7,0.6215637353276354
age,activity_tm_3kmh,all,pearson_r,embeddings,8,0.6233419540052569
age,activity_tm_3kmh,all,pearson_r,embeddings,9,0.6265771191144399
age,activity_tm_3kmh,all,pearson_r,embeddings,10,0.6269996899717519
age,activity_tm_3kmh,all,pearson_r,embeddings,11,0.6268990888639743
age,activity_tm_3kmh,all,pearson_r,embeddings,12,0.6191906285306582
age,activity_tm_3kmh,all,pearson_r,embeddings,13,0.6267815157858561
age,activity_tm_3kmh,all,pearson_r,embeddings,14,0.6300783993911137
age,activity_self_selected_gait_speed,all,pearson_r,embeddings,0,0.6133462559439259
age,activity_self_selected_gait_speed,all,pearson_r,embeddings,1,0.6061954957561846
age,activity_self_selected_gait_speed,all,pearson_r,embeddings,2,0.6106359608448695
age,activity_self_selected_gait_speed,all,pearson_r,embeddings,3,0.6035033501558225
age,activity_self_selected_gait_speed,all,pearson_r,embeddings,4,0.6076943016038467
age,activity_self_selected_gait_speed,all,pearson_r,embeddings,5,0.6121763448255778
age,activity_self_selected_gait_speed,all,pearson_r,embeddings,6,0.606838886653407
age,activity_self_selected_gait_speed,all,pearson_r,embeddings,7,0.6089046285032031
age,activity_self_selected_gait_speed,all,pearson_r,embeddings,8,0.6073047020781995
age,activity_self_selected_gait_speed,all,pearson_r,embeddings,9,0.6158641940696266
age,activity_self_selected_gait_speed,all,pearson_r,embeddings,10,0.61463705321856
age,activity_self_selected_gait_speed,all,pearson_r,embeddings,11,0.6114011988532848
age,activity_self_selected_gait_speed,all,pearson_r,embeddings,12,0.6040376494737139
age,activity_self_selected_gait_speed,all,pearson_r,embeddings,13,0.6130496952561688
age,activity_self_selected_gait_speed,all,pearson_r,embeddings,14,0.6125869218228602
age,activity_stationary_walk,all,pearson_r,embeddings,0,0.57642468310522
age,activity_stationary_walk,all,pearson_r,embeddings,1,0.5745243894604808
age,activity_stationary_walk,all,pearson_r,embeddings,2,0.5707608366584969
age,activity_stationary_walk,all,pearson_r,embeddings,3,0.5730429353817873
age,activity_stationary_walk,all,pearson_r,embeddings,4,0.5731729009422835
age,activity_stationary_walk,all,pearson_r,embeddings,5,0.5759506329493981
age,activity_stationary_walk,all,pearson_r,embeddings,6,0.5703745733621729
age,activity_stationary_walk,all,pearson_r,embeddings,7,0.5712973101391082
age,activity_stationary_walk,all,pearson_r,embeddings,8,0.5755547310187706
age,activity_stationary_walk,all,pearson_r,embeddings,9,0.5751124430784557
age,activity_stationary_walk,all,pearson_r,embeddings,10,0.571385494434355
age,activity_stationary_walk,all,pearson_r,embeddings,11,0.5706925123352978
age,activity_stationary_walk,all,pearson_r,embeddings,12,0.5763518687148664
age,activity_stationary_walk,all,pearson_r,embeddings,13,0.5745338204872412
age,activity_stationary_walk,all,pearson_r,embeddings,14,0.5754860111878538
age,activity_sit_to_stand,all,pearson_r,embeddings,0,0.4993004535764749
age,activity_sit_to_stand,all,pearson_r,embeddings,1,0.5056305478233999
age,activity_sit_to_stand,all,pearson_r,embeddings,2,0.4979352595051484
age,activity_sit_to_stand,all,pearson_r,embeddings,3,0.4983289537488369
age,activity_sit_to_stand,all,pearson_r,embeddings,4,0.506457329073369
age,activity_sit_to_stand,all,pearson_r,embeddings,5,0.508405084543113
age,activity_sit_to_stand,all,pearson_r,embeddings,6,0.495775577684639
age,activity_sit_to_stand,all,pearson_r,embeddings,7,0.5013328558739889
age,activity_sit_to_stand,all,pearson_r,embeddings,8,0.4970590434378321
age,activity_sit_to_stand,all,pearson_r,embeddings,9,0.5042615143781525
age,activity_sit_to_stand,all,pearson_r,embeddings,10,0.5100525919980882
age,activity_sit_to_stand,all,pearson_r,embeddings,11,0.5062775990697935
age,activity_sit_to_stand,all,pearson_r,embeddings,12,0.4962667830053319
age,activity_sit_to_stand,all,pearson_r,embeddings,13,0.5061246038488719
age,activity_sit_to_stand,all,pearson_r,embeddings,14,0.4997615400547543
age,activity_romberg_closed,all,pearson_r,embeddings,0,0.407245167818809
age,activity_romberg_closed,all,pearson_r,embeddings,1,0.4081136811747732
age,activity_romberg_closed,all,pearson_r,embeddings,2,0.4048048392391657
age,activity_romberg_closed,all,pearson_r,embeddings,3,0.4058217857230154
age,activity_romberg_closed,all,pearson_r,embeddings,4,0.4039578852230565
age,activity_romberg_closed,all,pearson_r,embeddings,5,0.4083862321497207
age,activity_romberg_closed,all,pearson_r,embeddings,6,0.4097815635987329
age,activity_romberg_closed,all,pearson_r,embeddings,7,0.4039787174520094
age,activity_romberg_closed,all,pearson_r,embeddings,8,0.4070174815232641
age,activity_romberg_closed,all,pearson_r,embeddings,9,0.4087042983132148
age,activity_romberg_closed,all,pearson_r,embeddings,10,0.409085882367756
age,activity_romberg_closed,all,pearson_r,embeddings,11,0.4109319522283463
age,activity_romberg_closed,all,pearson_r,embeddings,12,0.4122000260647393
age,activity_romberg_closed,all,pearson_r,embeddings,13,0.4102273792272993
age,activity_romberg_closed,all,pearson_r,embeddings,14,0.4117590689062665
age,ensemble,male,pearson_r,embeddings,0,0.7021850475887155
age,ensemble,male,pearson_r,embeddings,1,0.7019320206493875
age,ensemble,male,pearson_r,embeddings,2,0.7016139668211736
age,ensemble,male,pearson_r,embeddings,3,0.6995079694697861
age,ensemble,male,pearson_r,embeddings,4,0.6969389889602363
age,ensemble,male,pearson_r,embeddings,5,0.7084210386805071
age,ensemble,male,pearson_r,embeddings,6,0.7015049681807526
age,ensemble,male,pearson_r,embeddings,7,0.7014727699099969
age,ensemble,male,pearson_r,embeddings,8,0.7002872827948404
age,ensemble,male,pearson_r,embeddings,9,0.7044761753849911
age,ensemble,male,pearson_r,embeddings,10,0.7038002605898152
age,ensemble,male,pearson_r,embeddings,11,0.7032736273937487
age,ensemble,male,pearson_r,embeddings,12,0.697320330697178
age,ensemble,male,pearson_r,embeddings,13,0.7044510074035563
age,ensemble,male,pearson_r,embeddings,14,0.7031688787907834
age,activity_tm_3kmh,male,pearson_r,embeddings,0,0.641849319992259
age,activity_tm_3kmh,male,pearson_r,embeddings,1,0.6389289664656955
age,activity_tm_3kmh,male,pearson_r,embeddings,2,0.6389152021748293
age,activity_tm_3kmh,male,pearson_r,embeddings,3,0.6428733778140171
age,activity_tm_3kmh,male,pearson_r,embeddings,4,0.6368207164374646
age,activity_tm_3kmh,male,pearson_r,embeddings,5,0.6475474764641516
age,activity_tm_3kmh,male,pearson_r,embeddings,6,0.6448305085031616
age,activity_tm_3kmh,male,pearson_r,embeddings,7,0.6419626302595124
age,activity_tm_3kmh,male,pearson_r,embeddings,8,0.6420020844492476
age,activity_tm_3kmh,male,pearson_r,embeddings,9,0.6495480770165359
age,activity_tm_3kmh,male,pearson_r,embeddings,10,0.6476601846432387
age,activity_tm_3kmh,male,pearson_r,embeddings,11,0.6458302633761622
age,activity_tm_3kmh,male,pearson_r,embeddings,12,0.6361060769347378
age,activity_tm_3kmh,male,pearson_r,embeddings,13,0.6503983514387148
age,activity_tm_3kmh,male,pearson_r,embeddings,14,0.6505291180601653
age,activity_self_selected_gait_speed,male,pearson_r,embeddings,0,0.6423138980341637
age,activity_self_selected_gait_speed,male,pearson_r,embeddings,1,0.6343765722041549
age,activity_self_selected_gait_speed,male,pearson_r,embeddings,2,0.6373980741831056
age,activity_self_selected_gait_speed,male,pearson_r,embeddings,3,0.6330550074795844
age,activity_self_selected_gait_speed,male,pearson_r,embeddings,4,0.6360847822000517
age,activity_self_selected_gait_speed,male,pearson_r,embeddings,5,0.6445419364143562
age,activity_self_selected_gait_speed,male,pearson_r,embeddings,6,0.6399405567962445
age,activity_self_selected_gait_speed,male,pearson_r,embeddings,7,0.6386288943247103
age,activity_self_selected_gait_speed,male,pearson_r,embeddings,8,0.6349898174292319
age,activity_self_selected_gait_speed,male,pearson_r,embeddings,9,0.6489248366857181
age,activity_self_selected_gait_speed,male,pearson_r,embeddings,10,0.6492608945071112
age,activity_self_selected_gait_speed,male,pearson_r,embeddings,11,0.6376875292090101
age,activity_self_selected_gait_speed,male,pearson_r,embeddings,12,0.6337078620287367
age,activity_self_selected_gait_speed,male,pearson_r,embeddings,13,0.6425042468923217
age,activity_self_selected_gait_speed,male,pearson_r,embeddings,14,0.6423863869002152
age,activity_stationary_walk,male,pearson_r,embeddings,0,0.5859825835640226
age,activity_stationary_walk,male,pearson_r,embeddings,1,0.5866889793189953
age,activity_stationary_walk,male,pearson_r,embeddings,2,0.582535403555751
age,activity_stationary_walk,male,pearson_r,embeddings,3,0.5870509749980002
age,activity_stationary_walk,male,pearson_r,embeddings,4,0.5766269421219842
age,activity_stationary_walk,male,pearson_r,embeddings,5,0.5884046193611139
age,activity_stationary_walk,male,pearson_r,embeddings,6,0.580034600994457
age,activity_stationary_walk,male,pearson_r,embeddings,7,0.5855165336556214
age,activity_stationary_walk,male,pearson_r,embeddings,8,0.587787708715839
age,activity_stationary_walk,male,pearson_r,embeddings,9,0.586771996644917
age,activity_stationary_walk,male,pearson_r,embeddings,10,0.5796983042302569
age,activity_stationary_walk,male,pearson_r,embeddings,11,0.5823514606562428
age,activity_stationary_walk,male,pearson_r,embeddings,12,0.5861064929508227
age,activity_stationary_walk,male,pearson_r,embeddings,13,0.5849640362298602
age,activity_stationary_walk,male,pearson_r,embeddings,14,0.5853669766818471
age,activity_sit_to_stand,male,pearson_r,embeddings,0,0.5069805675936564
age,activity_sit_to_stand,male,pearson_r,embeddings,1,0.5170113761279695
age,activity_sit_to_stand,male,pearson_r,embeddings,2,0.5157815091052532
age,activity_sit_to_stand,male,pearson_r,embeddings,3,0.510900659667633
age,activity_sit_to_stand,male,pearson_r,embeddings,4,0.5121898944197087
age,activity_sit_to_stand,male,pearson_r,embeddings,5,0.5220261356756842
age,activity_sit_to_stand,male,pearson_r,embeddings,6,0.5035637333071937
age,activity_sit_to_stand,male,pearson_r,embeddings,7,0.5103662984469435
age,activity_sit_to_stand,male,pearson_r,embeddings,8,0.5096861153585678
age,activity_sit_to_stand,male,pearson_r,embeddings,9,0.5151837342477109
age,activity_sit_to_stand,male,pearson_r,embeddings,10,0.5189633609279585
age,activity_sit_to_stand,male,pearson_r,embeddings,11,0.5167236544444651
age,activity_sit_to_stand,male,pearson_r,embeddings,12,0.5041944889973102
age,activity_sit_to_stand,male,pearson_r,embeddings,13,0.5148451022095839
age,activity_sit_to_stand,male,pearson_r,embeddings,14,0.5066248515157376
age,activity_romberg_closed,male,pearson_r,embeddings,0,0.3997342183295915
age,activity_romberg_closed,male,pearson_r,embeddings,1,0.4062260368820013
age,activity_romberg_closed,male,pearson_r,embeddings,2,0.4042931954620057
age,activity_romberg_closed,male,pearson_r,embeddings,3,0.40145387442019
age,activity_romberg_closed,male,pearson_r,embeddings,4,0.3980638059721523
age,activity_romberg_closed,male,pearson_r,embeddings,5,0.4047178969664117
age,activity_romberg_closed,male,pearson_r,embeddings,6,0.4001379784154119
age,activity_romberg_closed,male,pearson_r,embeddings,7,0.3963636296290689
age,activity_romberg_closed,male,pearson_r,embeddings,8,0.4040915799917278
age,activity_romberg_closed,male,pearson_r,embeddings,9,0.4066577968968605
age,activity_romberg_closed,male,pearson_r,embeddings,10,0.4009989235899575
age,activity_romberg_closed,male,pearson_r,embeddings,11,0.4153611540169354
age,activity_romberg_closed,male,pearson_r,embeddings,12,0.4047756848050761
age,activity_romberg_closed,male,pearson_r,embeddings,13,0.4012210512368373
age,activity_romberg_closed,male,pearson_r,embeddings,14,0.4006464339174882
age,ensemble,female,pearson_r,embeddings,0,0.6785219647522304
age,ensemble,female,pearson_r,embeddings,1,0.6772232074266137
age,ensemble,female,pearson_r,embeddings,2,0.6697700916572753
age,ensemble,female,pearson_r,embeddings,3,0.6728840018187919
age,ensemble,female,pearson_r,embeddings,4,0.6797837194091334
age,ensemble,female,pearson_r,embeddings,5,0.6748983072764987
age,ensemble,female,pearson_r,embeddings,6,0.6741454404532932
age,ensemble,female,pearson_r,embeddings,7,0.6747950783912072
age,ensemble,female,pearson_r,embeddings,8,0.6748600061496216
age,ensemble,female,pearson_r,embeddings,9,0.6758915769052077
age,ensemble,female,pearson_r,embeddings,10,0.679028982074366
age,ensemble,female,pearson_r,embeddings,11,0.6752318493949917
age,ensemble,female,pearson_r,embeddings,12,0.6768686221858737
age,ensemble,female,pearson_r,embeddings,13,0.6806748502542445
age,ensemble,female,pearson_r,embeddings,14,0.6794454885876283
age,activity_tm_3kmh,female,pearson_r,embeddings,0,0.6129832489728144
age,activity_tm_3kmh,female,pearson_r,embeddings,1,0.6052620141996921
age,activity_tm_3kmh,female,pearson_r,embeddings,2,0.6012314430038772
age,activity_tm_3kmh,female,pearson_r,embeddings,3,0.600936075084077
age,activity_tm_3kmh,female,pearson_r,embeddings,4,0.6039994974407266
age,activity_tm_3kmh,female,pearson_r,embeddings,5,0.600522302199855
age,activity_tm_3kmh,female,pearson_r,embeddings,6,0.601613121226834
age,activity_tm_3kmh,female,pearson_r,embeddings,7,0.6022377782821119
age,activity_tm_3kmh,female,pearson_r,embeddings,8,0.6057238069787246
age,activity_tm_3kmh,female,pearson_r,embeddings,9,0.6046841926500937
age,activity_tm_3kmh,female,pearson_r,embeddings,10,0.6074278292600402
age,activity_tm_3kmh,female,pearson_r,embeddings,11,0.6090255445286232
age,activity_tm_3kmh,female,pearson_r,embeddings,12,0.6034022536976898
age,activity_tm_3kmh,female,pearson_r,embeddings,13,0.605111529511663
age,activity_tm_3kmh,female,pearson_r,embeddings,14,0.6110237012095127
age,activity_self_selected_gait_speed,female,pearson_r,embeddings,0,0.5852920160052445
age,activity_self_selected_gait_speed,female,pearson_r,embeddings,1,0.5788312552305656
age,activity_self_selected_gait_speed,female,pearson_r,embeddings,2,0.5846764868248456
age,activity_self_selected_gait_speed,female,pearson_r,embeddings,3,0.5752609842304369
age,activity_self_selected_gait_speed,female,pearson_r,embeddings,4,0.5807650018039124
age,activity_self_selected_gait_speed,female,pearson_r,embeddings,5,0.5809017959862101
age,activity_self_selected_gait_speed,female,pearson_r,embeddings,6,0.5753869074938293
age,activity_self_selected_gait_speed,female,pearson_r,embeddings,7,0.5801243689934915
age,activity_self_selected_gait_speed,female,pearson_r,embeddings,8,0.5804381469273558
age,activity_self_selected_gait_speed,female,pearson_r,embeddings,9,0.5837015303302155
age,activity_self_selected_gait_speed,female,pearson_r,embeddings,10,0.5813547473563588
age,activity_self_selected_gait_speed,female,pearson_r,embeddings,11,0.5860769488423735
age,activity_self_selected_gait_speed,female,pearson_r,embeddings,12,0.5755557192837149
age,activity_self_selected_gait_speed,female,pearson_r,embeddings,13,0.5848700118471417
age,activity_self_selected_gait_speed,female,pearson_r,embeddings,14,0.5841208576005021
age,activity_stationary_walk,female,pearson_r,embeddings,0,0.567905965970222
age,activity_stationary_walk,female,pearson_r,embeddings,1,0.5637448503584388
age,activity_stationary_walk,female,pearson_r,embeddings,2,0.5604496792164749
age,activity_stationary_walk,female,pearson_r,embeddings,3,0.5603385553028043
age,activity_stationary_walk,female,pearson_r,embeddings,4,0.5696949369062053
age,activity_stationary_walk,female,pearson_r,embeddings,5,0.5649721065888307
age,activity_stationary_walk,female,pearson_r,embeddings,6,0.562017567912725
age,activity_stationary_walk,female,pearson_r,embeddings,7,0.5584048406884601
age,activity_stationary_walk,female,pearson_r,embeddings,8,0.5645615603259899
age,activity_stationary_walk,female,pearson_r,embeddings,9,0.5648517930337477
age,activity_stationary_walk,female,pearson_r,embeddings,10,0.5639199141963646
age,activity_stationary_walk,female,pearson_r,embeddings,11,0.5606703116726252
age,activity_stationary_walk,female,pearson_r,embeddings,12,0.5673233363039133
age,activity_stationary_walk,female,pearson_r,embeddings,13,0.5654724732773875
age,activity_stationary_walk,female,pearson_r,embeddings,14,0.5666778757846666
age,activity_sit_to_stand,female,pearson_r,embeddings,0,0.4914291585551275
age,activity_sit_to_stand,female,pearson_r,embeddings,1,0.4947582676885204
age,activity_sit_to_stand,female,pearson_r,embeddings,2,0.4810089040482608
age,activity_sit_to_stand,female,pearson_r,embeddings,3,0.4864287352289804
age,activity_sit_to_stand,female,pearson_r,embeddings,4,0.5000940646380844
age,activity_sit_to_stand,female,pearson_r,embeddings,5,0.495343741262212
age,activity_sit_to_stand,female,pearson_r,embeddings,6,0.4882451012586749
age,activity_sit_to_stand,female,pearson_r,embeddings,7,0.4922755779114585
age,activity_sit_to_stand,female,pearson_r,embeddings,8,0.4852210580361382
age,activity_sit_to_stand,female,pearson_r,embeddings,9,0.4937165683952813
age,activity_sit_to_stand,female,pearson_r,embeddings,10,0.5012250661854751
age,activity_sit_to_stand,female,pearson_r,embeddings,11,0.4959926729761019
age,activity_sit_to_stand,female,pearson_r,embeddings,12,0.4882619414745929
age,activity_sit_to_stand,female,pearson_r,embeddings,13,0.4974520951087774
age,activity_sit_to_stand,female,pearson_r,embeddings,14,0.4926291722177466
age,activity_romberg_closed,female,pearson_r,embeddings,0,0.4101016631158088
age,activity_romberg_closed,female,pearson_r,embeddings,1,0.405933183235434
age,activity_romberg_closed,female,pearson_r,embeddings,2,0.4013312103703861
age,activity_romberg_closed,female,pearson_r,embeddings,3,0.4058815246209356
age,activity_romberg_closed,female,pearson_r,embeddings,4,0.4054392229915632
age,activity_romberg_closed,female,pearson_r,embeddings,5,0.4078283737503982
age,activity_romberg_closed,female,pearson_r,embeddings,6,0.4146985608519388
age,activity_romberg_closed,female,pearson_r,embeddings,7,0.40705053319248
age,activity_romberg_closed,female,pearson_r,embeddings,8,0.4057677205180469
age,activity_romberg_closed,female,pearson_r,embeddings,9,0.4066568427710919
age,activity_romberg_closed,female,pearson_r,embeddings,10,0.4125026737851966
age,activity_romberg_closed,female,pearson_r,embeddings,11,0.4030750719841612
age,activity_romberg_closed,female,pearson_r,embeddings,12,0.4153657579506934
age,activity_romberg_closed,female,pearson_r,embeddings,13,0.4144740114389211
age,activity_romberg_closed,female,pearson_r,embeddings,14,0.4180251652371913
bmi,ensemble,all,pearson_r,embeddings,0,0.9087019842969716
bmi,ensemble,all,pearson_r,embeddings,1,0.9071589290906226
bmi,ensemble,all,pearson_r,embeddings,2,0.906967634613356
bmi,ensemble,all,pearson_r,embeddings,3,0.907168201378158
bmi,ensemble,all,pearson_r,embeddings,4,0.905905547959294
bmi,ensemble,all,pearson_r,embeddings,5,0.905788289502308
bmi,ensemble,all,pearson_r,embeddings,6,0.9076834586542916
bmi,ensemble,all,pearson_r,embeddings,7,0.9047949348926309
bmi,ensemble,all,pearson_r,embeddings,8,0.9051369716398048
bmi,ensemble,all,pearson_r,embeddings,9,0.9072677700143972
bmi,ensemble,all,pearson_r,embeddings,10,0.9048700232219642
bmi,ensemble,all,pearson_r,embeddings,11,0.9075282811543722
bmi,ensemble,all,pearson_r,embeddings,12,0.9061938114039404
bmi,ensemble,all,pearson_r,embeddings,13,0.9068693137421728
bmi,ensemble,all,pearson_r,embeddings,14,0.9059190220439698
bmi,activity_tm_3kmh,all,pearson_r,embeddings,0,0.8618508793157937
bmi,activity_tm_3kmh,all,pearson_r,embeddings,1,0.8636278867494163
bmi,activity_tm_3kmh,all,pearson_r,embeddings,2,0.8609131755371972
bmi,activity_tm_3kmh,all,pearson_r,embeddings,3,0.8621973407519967
bmi,activity_tm_3kmh,all,pearson_r,embeddings,4,0.8607811784430748
bmi,activity_tm_3kmh,all,pearson_r,embeddings,5,0.8622314891678157
bmi,activity_tm_3kmh,all,pearson_r,embeddings,6,0.8631603847844723
bmi,activity_tm_3kmh,all,pearson_r,embeddings,7,0.8624818814950799
bmi,activity_tm_3kmh,all,pearson_r,embeddings,8,0.8597923008009933
bmi,activity_tm_3kmh,all,pearson_r,embeddings,9,0.8599649062340651
bmi,activity_tm_3kmh,all,pearson_r,embeddings,10,0.8603357032519668
bmi,activity_tm_3kmh,all,pearson_r,embeddings,11,0.8621575954499594
bmi,activity_tm_3kmh,all,pearson_r,embeddings,12,0.8627592037804979
bmi,activity_tm_3kmh,all,pearson_r,embeddings,13,0.8619670252473254
bmi,activity_tm_3kmh,all,pearson_r,embeddings,14,0.8619911665889425
bmi,activity_self_selected_gait_speed,all,pearson_r,embeddings,0,0.8608075983580453
bmi,activity_self_selected_gait_speed,all,pearson_r,embeddings,1,0.8612746491200397
bmi,activity_self_selected_gait_speed,all,pearson_r,embeddings,2,0.8607368006202349
bmi,activity_self_selected_gait_speed,all,pearson_r,embeddings,3,0.8613808092571903
bmi,activity_self_selected_gait_speed,all,pearson_r,embeddings,4,0.8604853078359421
bmi,activity_self_selected_gait_speed,all,pearson_r,embeddings,5,0.86153995381803
bmi,activity_self_selected_gait_speed,all,pearson_r,embeddings,6,0.8605591601172101
bmi,activity_self_selected_gait_speed,all,pearson_r,embeddings,7,0.8605763548620423
bmi,activity_self_selected_gait_speed,all,pearson_r,embeddings,8,0.8579263308445078
bmi,activity_self_selected_gait_speed,all,pearson_r,embeddings,9,0.8595450658349622
bmi,activity_self_selected_gait_speed,all,pearson_r,embeddings,10,0.8583172702961132
bmi,activity_self_selected_gait_speed,all,pearson_r,embeddings,11,0.8603559524675463
bmi,activity_self_selected_gait_speed,all,pearson_r,embeddings,12,0.8611718284964438
bmi,activity_self_selected_gait_speed,all,pearson_r,embeddings,13,0.8611807071435789
bmi,activity_self_selected_gait_speed,all,pearson_r,embeddings,14,0.8603462056267601
bmi,activity_stationary_walk,all,pearson_r,embeddings,0,0.871779506001429
bmi,activity_stationary_walk,all,pearson_r,embeddings,1,0.8673449794389212
bmi,activity_stationary_walk,all,pearson_r,embeddings,2,0.8689427225056544
bmi,activity_stationary_walk,all,pearson_r,embeddings,3,0.8685240226027213
bmi,activity_stationary_walk,all,pearson_r,embeddings,4,0.8652880347073378
bmi,activity_stationary_walk,all,pearson_r,embeddings,5,0.8649822893020205
bmi,activity_stationary_walk,all,pearson_r,embeddings,6,0.8670466500197062
bmi,activity_stationary_walk,all,pearson_r,embeddings,7,0.863882450659007
bmi,activity_stationary_walk,all,pearson_r,embeddings,8,0.8669707376927476
bmi,activity_stationary_walk,all,pearson_r,embeddings,9,0.8683984152923068
bmi,activity_stationary_walk,all,pearson_r,embeddings,10,0.8630059061297476
bmi,activity_stationary_walk,all,pearson_r,embeddings,11,0.8703396391891672
bmi,activity_stationary_walk,all,pearson_r,embeddings,12,0.8657884767980626
bmi,activity_stationary_walk,all,pearson_r,embeddings,13,0.8666139468127879
bmi,activity_stationary_walk,all,pearson_r,embeddings,14,0.8660370098047867
bmi,activity_sit_to_stand,all,pearson_r,embeddings,0,0.820569782565641
bmi,activity_sit_to_stand,all,pearson_r,embeddings,1,0.8180563122274287
bmi,activity_sit_to_stand,all,pearson_r,embeddings,2,0.8170353479915744
bmi,activity_sit_to_stand,all,pearson_r,embeddings,3,0.8163096646383035
bmi,activity_sit_to_stand,all,pearson_r,embeddings,4,0.8160525197577007
bmi,activity_sit_to_stand,all,pearson_r,embeddings,5,0.8164073119462774
bmi,activity_sit_to_stand,all,pearson_r,embeddings,6,0.8205004526814333
bmi,activity_sit_to_stand,all,pearson_r,embeddings,7,0.8125718006658375
bmi,activity_sit_to_stand,all,pearson_r,embeddings,8,0.8149834668578503
bmi,activity_sit_to_stand,all,pearson_r,embeddings,9,0.8211612199529122
bmi,activity_sit_to_stand,all,pearson_r,embeddings,10,0.8157446986605479
bmi,activity_sit_to_stand,all,pearson_r,embeddings,11,0.817683504366694
bmi,activity_sit_to_stand,all,pearson_r,embeddings,12,0.817987762622186
bmi,activity_sit_to_stand,all,pearson_r,embeddings,13,0.8185339115204971
bmi,activity_sit_to_stand,all,pearson_r,embeddings,14,0.8161466566088692
bmi,activity_romberg_closed,all,pearson_r,embeddings,0,0.8374448882383568
bmi,activity_romberg_closed,all,pearson_r,embeddings,1,0.8350945130355398
bmi,activity_romberg_closed,all,pearson_r,embeddings,2,0.8352261175289635
bmi,activity_romberg_closed,all,pearson_r,embeddings,3,0.8339716436118976
bmi,activity_romberg_closed,all,pearson_r,embeddings,4,0.8292506608438774
bmi,activity_romberg_closed,all,pearson_r,embeddings,5,0.8303613196140598
bmi,activity_romberg_closed,all,pearson_r,embeddings,6,0.8376391971333327
bmi,activity_romberg_closed,all,pearson_r,embeddings,7,0.8311497760873087
bmi,activity_romberg_closed,all,pearson_r,embeddings,8,0.830330456939779
bmi,activity_romberg_closed,all,pearson_r,embeddings,9,0.8385047962038212
bmi,activity_romberg_closed,all,pearson_r,embeddings,10,0.8312648537676965
bmi,activity_romberg_closed,all,pearson_r,embeddings,11,0.8357801127745406
bmi,activity_romberg_closed,all,pearson_r,embeddings,12,0.8332357962532225
bmi,activity_romberg_closed,all,pearson_r,embeddings,13,0.8334579648903876
bmi,activity_romberg_closed,all,pearson_r,embeddings,14,0.8323292054672143
bmi,ensemble,male,pearson_r,embeddings,0,0.8980659067854702
bmi,ensemble,male,pearson_r,embeddings,1,0.897539179080393
bmi,ensemble,male,pearson_r,embeddings,2,0.8975445866852735
bmi,ensemble,male,pearson_r,embeddings,3,0.8971897887892472
bmi,ensemble,male,pearson_r,embeddings,4,0.8980003325221286
bmi,ensemble,male,pearson_r,embeddings,5,0.8971711001116113
bmi,ensemble,male,pearson_r,embeddings,6,0.8976531776861786
bmi,ensemble,male,pearson_r,embeddings,7,0.8978973740858418
bmi,ensemble,male,pearson_r,embeddings,8,0.8977132868195886
bmi,ensemble,male,pearson_r,embeddings,9,0.897897490662506
bmi,ensemble,male,pearson_r,embeddings,10,0.8977185734782915
bmi,ensemble,male,pearson_r,embeddings,11,0.8986667161734557
bmi,ensemble,male,pearson_r,embeddings,12,0.8970581999578523
bmi,ensemble,male,pearson_r,embeddings,13,0.8982765632344066
bmi,ensemble,male,pearson_r,embeddings,14,0.8977295005730374
bmi,activity_tm_3kmh,male,pearson_r,embeddings,0,0.8395573850308493
bmi,activity_tm_3kmh,male,pearson_r,embeddings,1,0.8423463422319101
bmi,activity_tm_3kmh,male,pearson_r,embeddings,2,0.8392293522486577
bmi,activity_tm_3kmh,male,pearson_r,embeddings,3,0.8405531948045806
bmi,activity_tm_3kmh,male,pearson_r,embeddings,4,0.8385203900006999
bmi,activity_tm_3kmh,male,pearson_r,embeddings,5,0.8417415087019352
bmi,activity_tm_3kmh,male,pearson_r,embeddings,6,0.8418606111057184
bmi,activity_tm_3kmh,male,pearson_r,embeddings,7,0.8411325807826617
bmi,activity_tm_3kmh,male,pearson_r,embeddings,8,0.8398353049033135
bmi,activity_tm_3kmh,male,pearson_r,embeddings,9,0.840298142602346
bmi,activity_tm_3kmh,male,pearson_r,embeddings,10,0.837363883966038
bmi,activity_tm_3kmh,male,pearson_r,embeddings,11,0.8410130073000257
bmi,activity_tm_3kmh,male,pearson_r,embeddings,12,0.8409834970456231
bmi,activity_tm_3kmh,male,pearson_r,embeddings,13,0.8427302583975977
bmi,activity_tm_3kmh,male,pearson_r,embeddings,14,0.8391505309927053
bmi,activity_self_selected_gait_speed,male,pearson_r,embeddings,0,0.8373874489613334
bmi,activity_self_selected_gait_speed,male,pearson_r,embeddings,1,0.8386224505066309
bmi,activity_self_selected_gait_speed,male,pearson_r,embeddings,2,0.8376158876323966
bmi,activity_self_selected_gait_speed,male,pearson_r,embeddings,3,0.8377546933906547
bmi,activity_self_selected_gait_speed,male,pearson_r,embeddings,4,0.8380243048685238
bmi,activity_self_selected_gait_speed,male,pearson_r,embeddings,5,0.8373413717989461
bmi,activity_self_selected_gait_speed,male,pearson_r,embeddings,6,0.8372504787469628
bmi,activity_self_selected_gait_speed,male,pearson_r,embeddings,7,0.8378524884813251
bmi,activity_self_selected_gait_speed,male,pearson_r,embeddings,8,0.8356750573402979
bmi,activity_self_selected_gait_speed,male,pearson_r,embeddings,9,0.8375568091755963
bmi,activity_self_selected_gait_speed,male,pearson_r,embeddings,10,0.8361548183621853
bmi,activity_self_selected_gait_speed,male,pearson_r,embeddings,11,0.8383170577073931
bmi,activity_self_selected_gait_speed,male,pearson_r,embeddings,12,0.8377947050672712
bmi,activity_self_selected_gait_speed,male,pearson_r,embeddings,13,0.838831067777036
bmi,activity_self_selected_gait_speed,male,pearson_r,embeddings,14,0.8373573755252701
bmi,activity_stationary_walk,male,pearson_r,embeddings,0,0.8627831575883106
bmi,activity_stationary_walk,male,pearson_r,embeddings,1,0.860512449975643
bmi,activity_stationary_walk,male,pearson_r,embeddings,2,0.8617088071439053
bmi,activity_stationary_walk,male,pearson_r,embeddings,3,0.8620668897831396
bmi,activity_stationary_walk,male,pearson_r,embeddings,4,0.8617930118797226
bmi,activity_stationary_walk,male,pearson_r,embeddings,5,0.8618537722062803
bmi,activity_stationary_walk,male,pearson_r,embeddings,6,0.8605065232520028
bmi,activity_stationary_walk,male,pearson_r,embeddings,7,0.8616169858450137
bmi,activity_stationary_walk,male,pearson_r,embeddings,8,0.8624029855634845
bmi,activity_stationary_walk,male,pearson_r,embeddings,9,0.8628272361785362
bmi,activity_stationary_walk,male,pearson_r,embeddings,10,0.8614441528526375
bmi,activity_stationary_walk,male,pearson_r,embeddings,11,0.862976317881674
bmi,activity_stationary_walk,male,pearson_r,embeddings,12,0.8603333414704617
bmi,activity_stationary_walk,male,pearson_r,embeddings,13,0.8627843435235473
bmi,activity_stationary_walk,male,pearson_r,embeddings,14,0.8627434246840135
bmi,activity_sit_to_stand,male,pearson_r,embeddings,0,0.8005334127530681
bmi,activity_sit_to_stand,male,pearson_r,embeddings,1,0.7962626043251374
bmi,activity_sit_to_stand,male,pearson_r,embeddings,2,0.7996054630121378
bmi,activity_sit_to_stand,male,pearson_r,embeddings,3,0.7927447008360564
bmi,activity_sit_to_stand,male,pearson_r,embeddings,4,0.8001215560261643
bmi,activity_sit_to_stand,male,pearson_r,embeddings,5,0.7964843973513865
bmi,activity_sit_to_stand,male,pearson_r,embeddings,6,0.8004696583697255
bmi,activity_sit_to_stand,male,pearson_r,embeddings,7,0.7969808139301555
bmi,activity_sit_to_stand,male,pearson_r,embeddings,8,0.7972905633451524
bmi,activity_sit_to_stand,male,pearson_r,embeddings,9,0.8001996998739057
bmi,activity_sit_to_stand,male,pearson_r,embeddings,10,0.8032871873310771
bmi,activity_sit_to_stand,male,pearson_r,embeddings,11,0.7973701901618968
bmi,activity_sit_to_stand,male,pearson_r,embeddings,12,0.8012827599858886
bmi,activity_sit_to_stand,male,pearson_r,embeddings,13,0.8000614255010848
bmi,activity_sit_to_stand,male,pearson_r,embeddings,14,0.8006352587493851
bmi,activity_romberg_closed,male,pearson_r,embeddings,0,0.817207603796199
bmi,activity_romberg_closed,male,pearson_r,embeddings,1,0.8168133283720997
bmi,activity_romberg_closed,male,pearson_r,embeddings,2,0.8189875317967156
bmi,activity_romberg_closed,male,pearson_r,embeddings,3,0.8161248000704876
bmi,activity_romberg_closed,male,pearson_r,embeddings,4,0.8144268228441013
bmi,activity_romberg_closed,male,pearson_r,embeddings,5,0.8168809450286656
bmi,activity_romberg_closed,male,pearson_r,embeddings,6,0.8187026324922109
bmi,activity_romberg_closed,male,pearson_r,embeddings,7,0.8188844985952176
bmi,activity_romberg_closed,male,pearson_r,embeddings,8,0.8154376405734673
bmi,activity_romberg_closed,male,pearson_r,embeddings,9,0.8178851302852278
bmi,activity_romberg_closed,male,pearson_r,embeddings,10,0.8163600887056974
bmi,activity_romberg_closed,male,pearson_r,embeddings,11,0.819336193178224
bmi,activity_romberg_closed,male,pearson_r,embeddings,12,0.8173484238270587
bmi,activity_romberg_closed,male,pearson_r,embeddings,13,0.814865559326405
bmi,activity_romberg_closed,male,pearson_r,embeddings,14,0.8168708135561248
bmi,ensemble,female,pearson_r,embeddings,0,0.9133523781609544
bmi,ensemble,female,pearson_r,embeddings,1,0.9111635416027956
bmi,ensemble,female,pearson_r,embeddings,2,0.9107770598185474
bmi,ensemble,female,pearson_r,embeddings,3,0.9112887214286614
bmi,ensemble,female,pearson_r,embeddings,4,0.9087449519858788
bmi,ensemble,female,pearson_r,embeddings,5,0.9091225653463126
bmi,ensemble,female,pearson_r,embeddings,6,0.9119218560233144
bmi,ensemble,female,pearson_r,embeddings,7,0.9070463511908332
bmi,ensemble,female,pearson_r,embeddings,8,0.9077172880857316
bmi,ensemble,female,pearson_r,embeddings,9,0.9111634415518756
bmi,ensemble,female,pearson_r,embeddings,10,0.9072775601124118
bmi,ensemble,female,pearson_r,embeddings,11,0.9110581848072924
bmi,ensemble,female,pearson_r,embeddings,12,0.9097894657047196
bmi,ensemble,female,pearson_r,embeddings,13,0.9101916745600328
bmi,ensemble,female,pearson_r,embeddings,14,0.9089706523579554
bmi,activity_tm_3kmh,female,pearson_r,embeddings,0,0.8743416257612109
bmi,activity_tm_3kmh,female,pearson_r,embeddings,1,0.875533255453081
bmi,activity_tm_3kmh,female,pearson_r,embeddings,2,0.8725194360968483
bmi,activity_tm_3kmh,female,pearson_r,embeddings,3,0.8737376505364511
bmi,activity_tm_3kmh,female,pearson_r,embeddings,4,0.872761605287833
bmi,activity_tm_3kmh,female,pearson_r,embeddings,5,0.8734635804172041
bmi,activity_tm_3kmh,female,pearson_r,embeddings,6,0.8748960534785006
bmi,activity_tm_3kmh,female,pearson_r,embeddings,7,0.8740277864759549
bmi,activity_tm_3kmh,female,pearson_r,embeddings,8,0.8704808725673604
bmi,activity_tm_3kmh,female,pearson_r,embeddings,9,0.8703509341225325
bmi,activity_tm_3kmh,female,pearson_r,embeddings,10,0.8729518400995664
bmi,activity_tm_3kmh,female,pearson_r,embeddings,11,0.8738407001766736
bmi,activity_tm_3kmh,female,pearson_r,embeddings,12,0.8745274940851466
bmi,activity_tm_3kmh,female,pearson_r,embeddings,13,0.8721715945118931
bmi,activity_tm_3kmh,female,pearson_r,embeddings,14,0.8745686181386896
bmi,activity_self_selected_gait_speed,female,pearson_r,embeddings,0,0.8742189321717078
bmi,activity_self_selected_gait_speed,female,pearson_r,embeddings,1,0.8742954605723154
bmi,activity_self_selected_gait_speed,female,pearson_r,embeddings,2,0.8736890990227275
bmi,activity_self_selected_gait_speed,female,pearson_r,embeddings,3,0.8746847893194927
bmi,activity_self_selected_gait_speed,female,pearson_r,embeddings,4,0.8728620793323238
bmi,activity_self_selected_gait_speed,female,pearson_r,embeddings,5,0.8754546051912973
bmi,activity_self_selected_gait_speed,female,pearson_r,embeddings,6,0.8739434725914911
bmi,activity_self_selected_gait_speed,female,pearson_r,embeddings,7,0.873440155970335
bmi,activity_self_selected_gait_speed,female,pearson_r,embeddings,8,0.8704777655195824
bmi,activity_self_selected_gait_speed,female,pearson_r,embeddings,9,0.8719691618542477
bmi,activity_self_selected_gait_speed,female,pearson_r,embeddings,10,0.8708450048703483
bmi,activity_self_selected_gait_speed,female,pearson_r,embeddings,11,0.8729928555503168
bmi,activity_self_selected_gait_speed,female,pearson_r,embeddings,12,0.8742412736898763
bmi,activity_self_selected_gait_speed,female,pearson_r,embeddings,13,0.8739235187480812
bmi,activity_self_selected_gait_speed,female,pearson_r,embeddings,14,0.8731830236724244
bmi,activity_stationary_walk,female,pearson_r,embeddings,0,0.8750854501040268
bmi,activity_stationary_walk,female,pearson_r,embeddings,1,0.8691084701729807
bmi,activity_stationary_walk,female,pearson_r,embeddings,2,0.8709774001989562
bmi,activity_stationary_walk,female,pearson_r,embeddings,3,0.8701409472392357
bmi,activity_stationary_walk,female,pearson_r,embeddings,4,0.8649146560252671
bmi,activity_stationary_walk,female,pearson_r,embeddings,5,0.8644895777099364
bmi,activity_stationary_walk,female,pearson_r,embeddings,6,0.8687065177020179
bmi,activity_stationary_walk,female,pearson_r,embeddings,7,0.862750361847715
bmi,activity_stationary_walk,female,pearson_r,embeddings,8,0.8673914701211195
bmi,activity_stationary_walk,female,pearson_r,embeddings,9,0.8696172253186614
bmi,activity_stationary_walk,female,pearson_r,embeddings,10,0.8614857563314319
bmi,activity_stationary_walk,female,pearson_r,embeddings,11,0.872637987956686
bmi,activity_stationary_walk,female,pearson_r,embeddings,12,0.8665489806253399
bmi,activity_stationary_walk,female,pearson_r,embeddings,13,0.8666078775895507
bmi,activity_stationary_walk,female,pearson_r,embeddings,14,0.8656235547327318
bmi,activity_sit_to_stand,female,pearson_r,embeddings,0,0.8292861293208397
bmi,activity_sit_to_stand,female,pearson_r,embeddings,1,0.8277930399553827
bmi,activity_sit_to_stand,female,pearson_r,embeddings,2,0.8244895236174622
bmi,activity_sit_to_stand,female,pearson_r,embeddings,3,0.8271280960204368
bmi,activity_sit_to_stand,female,pearson_r,embeddings,4,0.8225376149000311
bmi,activity_sit_to_stand,female,pearson_r,embeddings,5,0.8250646441861101
bmi,activity_sit_to_stand,female,pearson_r,embeddings,6,0.8294267143976113
bmi,activity_sit_to_stand,female,pearson_r,embeddings,7,0.8185878714774009
bmi,activity_sit_to_stand,female,pearson_r,embeddings,8,0.8223324139770494
bmi,activity_sit_to_stand,female,pearson_r,embeddings,9,0.8305433270567415
bmi,activity_sit_to_stand,female,pearson_r,embeddings,10,0.8200728865830604
bmi,activity_sit_to_stand,female,pearson_r,embeddings,11,0.8266871190793057
bmi,activity_sit_to_stand,female,pearson_r,embeddings,12,0.824860722543558
bmi,activity_sit_to_stand,female,pearson_r,embeddings,13,0.8264165374208794
bmi,activity_sit_to_stand,female,pearson_r,embeddings,14,0.8222005769430405
bmi,activity_romberg_closed,female,pearson_r,embeddings,0,0.8471570658787009
bmi,activity_romberg_closed,female,pearson_r,embeddings,1,0.8434940220989818
bmi,activity_romberg_closed,female,pearson_r,embeddings,2,0.8423245679294543
bmi,activity_romberg_closed,female,pearson_r,embeddings,3,0.842080592055048
bmi,activity_romberg_closed,female,pearson_r,embeddings,4,0.8355320519796329
bmi,activity_romberg_closed,female,pearson_r,embeddings,5,0.8357154074175567
bmi,activity_romberg_closed,female,pearson_r,embeddings,6,0.846453696382818
bmi,activity_romberg_closed,female,pearson_r,embeddings,7,0.8359461509819461
bmi,activity_romberg_closed,female,pearson_r,embeddings,8,0.8366018196897819
bmi,activity_romberg_closed,female,pearson_r,embeddings,9,0.8483815058959081
bmi,activity_romberg_closed,female,pearson_r,embeddings,10,0.8375454858105086
bmi,activity_romberg_closed,female,pearson_r,embeddings,11,0.8430473185040063
bmi,activity_romberg_closed,female,pearson_r,embeddings,12,0.8400919522858407
bmi,activity_romberg_closed,female,pearson_r,embeddings,13,0.8419672905290935
bmi,activity_romberg_closed,female,pearson_r,embeddings,14,0.8390333475908184
total_scan_vat_area,ensemble,all,pearson_r,embeddings,0,0.8183090096578919
total_scan_vat_area,ensemble,all,pearson_r,embeddings,1,0.8187785270046403
total_scan_vat_area,ensemble,all,pearson_r,embeddings,2,0.8206440158178608
total_scan_vat_area,ensemble,all,pearson_r,embeddings,3,0.8175416830546468
total_scan_vat_area,ensemble,all,pearson_r,embeddings,4,0.8195978793152114
total_scan_vat_area,ensemble,all,pearson_r,embeddings,5,0.8201090883337097
total_scan_vat_area,ensemble,all,pearson_r,embeddings,6,0.8187175506061583
total_scan_vat_area,ensemble,all,pearson_r,embeddings,7,0.8194914102212101
total_scan_vat_area,ensemble,all,pearson_r,embeddings,8,0.8178236224737724
total_scan_vat_area,ensemble,all,pearson_r,embeddings,9,0.8173306927298316
total_scan_vat_area,ensemble,all,pearson_r,embeddings,10,0.8190512067244563
total_scan_vat_area,ensemble,all,pearson_r,embeddings,11,0.8183793125994223
total_scan_vat_area,ensemble,all,pearson_r,embeddings,12,0.8190279788050985
total_scan_vat_area,ensemble,all,pearson_r,embeddings,13,0.8159008404988606
total_scan_vat_area,ensemble,all,pearson_r,embeddings,14,0.8168935339579414
total_scan_vat_area,activity_tm_3kmh,all,pearson_r,embeddings,0,0.7723162838110343
total_scan_vat_area,activity_tm_3kmh,all,pearson_r,embeddings,1,0.7740404112909304
total_scan_vat_area,activity_tm_3kmh,all,pearson_r,embeddings,2,0.7807185578850343
total_scan_vat_area,activity_tm_3kmh,all,pearson_r,embeddings,3,0.7747466634270492
total_scan_vat_area,activity_tm_3kmh,all,pearson_r,embeddings,4,0.7766235630492258
total_scan_vat_area,activity_tm_3kmh,all,pearson_r,embeddings,5,0.7784835329392926
total_scan_vat_area,activity_tm_3kmh,all,pearson_r,embeddings,6,0.7745337852209712
total_scan_vat_area,activity_tm_3kmh,all,pearson_r,embeddings,7,0.7770943877065024
total_scan_vat_area,activity_tm_3kmh,all,pearson_r,embeddings,8,0.7739958286131382
total_scan_vat_area,activity_tm_3kmh,all,pearson_r,embeddings,9,0.7753086054272974
total_scan_vat_area,activity_tm_3kmh,all,pearson_r,embeddings,10,0.7765653331830471
total_scan_vat_area,activity_tm_3kmh,all,pearson_r,embeddings,11,0.7768759425795975
total_scan_vat_area,activity_tm_3kmh,all,pearson_r,embeddings,12,0.7765399057144877
total_scan_vat_area,activity_tm_3kmh,all,pearson_r,embeddings,13,0.773398896708696
total_scan_vat_area,activity_tm_3kmh,all,pearson_r,embeddings,14,0.7752195700822457
total_scan_vat_area,activity_self_selected_gait_speed,all,pearson_r,embeddings,0,0.7731389754911375
total_scan_vat_area,activity_self_selected_gait_speed,all,pearson_r,embeddings,1,0.7740985843564832
total_scan_vat_area,activity_self_selected_gait_speed,all,pearson_r,embeddings,2,0.7790414980760524
total_scan_vat_area,activity_self_selected_gait_speed,all,pearson_r,embeddings,3,0.7762777220903335
total_scan_vat_area,activity_self_selected_gait_speed,all,pearson_r,embeddings,4,0.7769607523354963
total_scan_vat_area,activity_self_selected_gait_speed,all,pearson_r,embeddings,5,0.777964088260191
total_scan_vat_area,activity_self_selected_gait_speed,all,pearson_r,embeddings,6,0.7743263572351577
total_scan_vat_area,activity_self_selected_gait_speed,all,pearson_r,embeddings,7,0.7764371243360928
total_scan_vat_area,activity_self_selected_gait_speed,all,pearson_r,embeddings,8,0.7739227742403034
total_scan_vat_area,activity_self_selected_gait_speed,all,pearson_r,embeddings,9,0.7729470278098294
total_scan_vat_area,activity_self_selected_gait_speed,all,pearson_r,embeddings,10,0.7757700046220861
total_scan_vat_area,activity_self_selected_gait_speed,all,pearson_r,embeddings,11,0.7739769643752876
total_scan_vat_area,activity_self_selected_gait_speed,all,pearson_r,embeddings,12,0.7754889768580956
total_scan_vat_area,activity_self_selected_gait_speed,all,pearson_r,embeddings,13,0.770850704418383
total_scan_vat_area,activity_self_selected_gait_speed,all,pearson_r,embeddings,14,0.774719527977396
total_scan_vat_area,activity_stationary_walk,all,pearson_r,embeddings,0,0.7937459552396814
total_scan_vat_area,activity_stationary_walk,all,pearson_r,embeddings,1,0.7906680385870748
total_scan_vat_area,activity_stationary_walk,all,pearson_r,embeddings,2,0.7957704219006742
total_scan_vat_area,activity_stationary_walk,all,pearson_r,embeddings,3,0.7936098078335923
total_scan_vat_area,activity_stationary_walk,all,pearson_r,embeddings,4,0.7941117716610835
total_scan_vat_area,activity_stationary_walk,all,pearson_r,embeddings,5,0.7957518814720618
total_scan_vat_area,activity_stationary_walk,all,pearson_r,embeddings,6,0.7927644091476185
total_scan_vat_area,activity_stationary_walk,all,pearson_r,embeddings,7,0.7944736987636045
total_scan_vat_area,activity_stationary_walk,all,pearson_r,embeddings,8,0.7937546258692677
total_scan_vat_area,activity_stationary_walk,all,pearson_r,embeddings,9,0.7918720051747339
total_scan_vat_area,activity_stationary_walk,all,pearson_r,embeddings,10,0.7935524788650007
total_scan_vat_area,activity_stationary_walk,all,pearson_r,embeddings,11,0.793422770656828
total_scan_vat_area,activity_stationary_walk,all,pearson_r,embeddings,12,0.7959938771220694
total_scan_vat_area,activity_stationary_walk,all,pearson_r,embeddings,13,0.7911595357843348
total_scan_vat_area,activity_stationary_walk,all,pearson_r,embeddings,14,0.7929749107853679
total_scan_vat_area,activity_sit_to_stand,all,pearson_r,embeddings,0,0.7255383011251092
total_scan_vat_area,activity_sit_to_stand,all,pearson_r,embeddings,1,0.7250868874573236
total_scan_vat_area,activity_sit_to_stand,all,pearson_r,embeddings,2,0.7216380495367245
total_scan_vat_area,activity_sit_to_stand,all,pearson_r,embeddings,3,0.7171008534204975
total_scan_vat_area,activity_sit_to_stand,all,pearson_r,embeddings,4,0.7224727191784102
total_scan_vat_area,activity_sit_to_stand,all,pearson_r,embeddings,5,0.7245660486700447
total_scan_vat_area,activity_sit_to_stand,all,pearson_r,embeddings,6,0.7231094260371603
total_scan_vat_area,activity_sit_to_stand,all,pearson_r,embeddings,7,0.7223212307953361
total_scan_vat_area,activity_sit_to_stand,all,pearson_r,embeddings,8,0.7207864968640204
total_scan_vat_area,activity_sit_to_stand,all,pearson_r,embeddings,9,0.7202705379149887
total_scan_vat_area,activity_sit_to_stand,all,pearson_r,embeddings,10,0.7220970293222883
total_scan_vat_area,activity_sit_to_stand,all,pearson_r,embeddings,11,0.7196669011597638
total_scan_vat_area,activity_sit_to_stand,all,pearson_r,embeddings,12,0.7183590208530182
total_scan_vat_area,activity_sit_to_stand,all,pearson_r,embeddings,13,0.7183258089394675
total_scan_vat_area,activity_sit_to_stand,all,pearson_r,embeddings,14,0.719562522393742
total_scan_vat_area,activity_romberg_closed,all,pearson_r,embeddings,0,0.7407403147885228
total_scan_vat_area,activity_romberg_closed,all,pearson_r,embeddings,1,0.7412432348142368
total_scan_vat_area,activity_romberg_closed,all,pearson_r,embeddings,2,0.7430015361306328
total_scan_vat_area,activity_romberg_closed,all,pearson_r,embeddings,3,0.7391064588429915
total_scan_vat_area,activity_romberg_closed,all,pearson_r,embeddings,4,0.7408481837888264
total_scan_vat_area,activity_romberg_closed,all,pearson_r,embeddings,5,0.738612569756714
total_scan_vat_area,activity_romberg_closed,all,pearson_r,embeddings,6,0.7427483190140204
total_scan_vat_area,activity_romberg_closed,all,pearson_r,embeddings,7,0.7409891054648509
total_scan_vat_area,activity_romberg_closed,all,pearson_r,embeddings,8,0.7390372325351785
total_scan_vat_area,activity_romberg_closed,all,pearson_r,embeddings,9,0.7397647547313272
total_scan_vat_area,activity_romberg_closed,all,pearson_r,embeddings,10,0.7423696270780764
total_scan_vat_area,activity_romberg_closed,all,pearson_r,embeddings,11,0.7387128131306465
total_scan_vat_area,activity_romberg_closed,all,pearson_r,embeddings,12,0.7393804880352604
total_scan_vat_area,activity_romberg_closed,all,pearson_r,embeddings,13,0.7399081832981743
total_scan_vat_area,activity_romberg_closed,all,pearson_r,embeddings,14,0.7352705301872444
total_scan_vat_area,ensemble,male,pearson_r,embeddings,0,0.8140477005417287
total_scan_vat_area,ensemble,male,pearson_r,embeddings,1,0.8155216847012609
total_scan_vat_area,ensemble,male,pearson_r,embeddings,2,0.8158074625875942
total_scan_vat_area,ensemble,male,pearson_r,embeddings,3,0.8127087039326325
total_scan_vat_area,ensemble,male,pearson_r,embeddings,4,0.8155994628602931
total_scan_vat_area,ensemble,male,pearson_r,embeddings,5,0.815456594818272
total_scan_vat_area,ensemble,male,pearson_r,embeddings,6,0.8139536288783956
total_scan_vat_area,ensemble,male,pearson_r,embeddings,7,0.8153098326949825
total_scan_vat_area,ensemble,male,pearson_r,embeddings,8,0.8138855506409768
total_scan_vat_area,ensemble,male,pearson_r,embeddings,9,0.813055980786754
total_scan_vat_area,ensemble,male,pearson_r,embeddings,10,0.814957414101681
total_scan_vat_area,ensemble,male,pearson_r,embeddings,11,0.8130916872812165
total_scan_vat_area,ensemble,male,pearson_r,embeddings,12,0.816274495601233
total_scan_vat_area,ensemble,male,pearson_r,embeddings,13,0.8103587823206108
total_scan_vat_area,ensemble,male,pearson_r,embeddings,14,0.8114781465938857
total_scan_vat_area,activity_tm_3kmh,male,pearson_r,embeddings,0,0.766912829966753
total_scan_vat_area,activity_tm_3kmh,male,pearson_r,embeddings,1,0.768405411949637
total_scan_vat_area,activity_tm_3kmh,male,pearson_r,embeddings,2,0.7759674556714379
total_scan_vat_area,activity_tm_3kmh,male,pearson_r,embeddings,3,0.7685306028716884
total_scan_vat_area,activity_tm_3kmh,male,pearson_r,embeddings,4,0.7688046984891904
total_scan_vat_area,activity_tm_3kmh,male,pearson_r,embeddings,5,0.7740356825643074
total_scan_vat_area,activity_tm_3kmh,male,pearson_r,embeddings,6,0.7685524668194406
total_scan_vat_area,activity_tm_3kmh,male,pearson_r,embeddings,7,0.7728281883398885
total_scan_vat_area,activity_tm_3kmh,male,pearson_r,embeddings,8,0.768255591182375
total_scan_vat_area,activity_tm_3kmh,male,pearson_r,embeddings,9,0.7688407061317032
total_scan_vat_area,activity_tm_3kmh,male,pearson_r,embeddings,10,0.7737476819621546
total_scan_vat_area,activity_tm_3kmh,male,pearson_r,embeddings,11,0.76966983320474
total_scan_vat_area,activity_tm_3kmh,male,pearson_r,embeddings,12,0.7725182523667004
total_scan_vat_area,activity_tm_3kmh,male,pearson_r,embeddings,13,0.7678792795036266
total_scan_vat_area,activity_tm_3kmh,male,pearson_r,embeddings,14,0.7698216254650295
total_scan_vat_area,activity_self_selected_gait_speed,male,pearson_r,embeddings,0,0.7696674013310973
total_scan_vat_area,activity_self_selected_gait_speed,male,pearson_r,embeddings,1,0.7705480525226666
total_scan_vat_area,activity_self_selected_gait_speed,male,pearson_r,embeddings,2,0.7777714891722058
total_scan_vat_area,activity_self_selected_gait_speed,male,pearson_r,embeddings,3,0.7730499477475024
total_scan_vat_area,activity_self_selected_gait_speed,male,pearson_r,embeddings,4,0.7726741179325742
total_scan_vat_area,activity_self_selected_gait_speed,male,pearson_r,embeddings,5,0.7757728684737488
total_scan_vat_area,activity_self_selected_gait_speed,male,pearson_r,embeddings,6,0.7720903253815821
total_scan_vat_area,activity_self_selected_gait_speed,male,pearson_r,embeddings,7,0.773197454603503
total_scan_vat_area,activity_self_selected_gait_speed,male,pearson_r,embeddings,8,0.7727739239959099
total_scan_vat_area,activity_self_selected_gait_speed,male,pearson_r,embeddings,9,0.7714016816406278
total_scan_vat_area,activity_self_selected_gait_speed,male,pearson_r,embeddings,10,0.775095795773029
total_scan_vat_area,activity_self_selected_gait_speed,male,pearson_r,embeddings,11,0.7711052158202385
total_scan_vat_area,activity_self_selected_gait_speed,male,pearson_r,embeddings,12,0.7758909803070778
total_scan_vat_area,activity_self_selected_gait_speed,male,pearson_r,embeddings,13,0.7678327087271701
total_scan_vat_area,activity_self_selected_gait_speed,male,pearson_r,embeddings,14,0.7719640331376273
total_scan_vat_area,activity_stationary_walk,male,pearson_r,embeddings,0,0.7877215918133771
total_scan_vat_area,activity_stationary_walk,male,pearson_r,embeddings,1,0.7868182949647443
total_scan_vat_area,activity_stationary_walk,male,pearson_r,embeddings,2,0.7896103490758826
total_scan_vat_area,activity_stationary_walk,male,pearson_r,embeddings,3,0.7880827820440477
total_scan_vat_area,activity_stationary_walk,male,pearson_r,embeddings,4,0.7898339291706822
total_scan_vat_area,activity_stationary_walk,male,pearson_r,embeddings,5,0.7898246440709442
total_scan_vat_area,activity_stationary_walk,male,pearson_r,embeddings,6,0.7855654924064339
total_scan_vat_area,activity_stationary_walk,male,pearson_r,embeddings,7,0.7886436016494541
total_scan_vat_area,activity_stationary_walk,male,pearson_r,embeddings,8,0.7868380934911524
total_scan_vat_area,activity_stationary_walk,male,pearson_r,embeddings,9,0.7863562529451482
total_scan_vat_area,activity_stationary_walk,male,pearson_r,embeddings,10,0.786402466606624
total_scan_vat_area,activity_stationary_walk,male,pearson_r,embeddings,11,0.7879863368561327
total_scan_vat_area,activity_stationary_walk,male,pearson_r,embeddings,12,0.7923564899950053
total_scan_vat_area,activity_stationary_walk,male,pearson_r,embeddings,13,0.7844015021260268
total_scan_vat_area,activity_stationary_walk,male,pearson_r,embeddings,14,0.787108020099389
total_scan_vat_area,activity_sit_to_stand,male,pearson_r,embeddings,0,0.7049835248280969
total_scan_vat_area,activity_sit_to_stand,male,pearson_r,embeddings,1,0.7046433202291631
total_scan_vat_area,activity_sit_to_stand,male,pearson_r,embeddings,2,0.6951635264404453
total_scan_vat_area,activity_sit_to_stand,male,pearson_r,embeddings,3,0.6911460643280901
total_scan_vat_area,activity_sit_to_stand,male,pearson_r,embeddings,4,0.7018258710645524
total_scan_vat_area,activity_sit_to_stand,male,pearson_r,embeddings,5,0.6984931806839788
total_scan_vat_area,activity_sit_to_stand,male,pearson_r,embeddings,6,0.698442367906885
total_scan_vat_area,activity_sit_to_stand,male,pearson_r,embeddings,7,0.6985696716835088
total_scan_vat_area,activity_sit_to_stand,male,pearson_r,embeddings,8,0.6969264483889306
total_scan_vat_area,activity_sit_to_stand,male,pearson_r,embeddings,9,0.6956959817900794
total_scan_vat_area,activity_sit_to_stand,male,pearson_r,embeddings,10,0.6980864314741807
total_scan_vat_area,activity_sit_to_stand,male,pearson_r,embeddings,11,0.6931607614118412
total_scan_vat_area,activity_sit_to_stand,male,pearson_r,embeddings,12,0.6960478479357999
total_scan_vat_area,activity_sit_to_stand,male,pearson_r,embeddings,13,0.693052210909579
total_scan_vat_area,activity_sit_to_stand,male,pearson_r,embeddings,14,0.6934238759430396
total_scan_vat_area,activity_romberg_closed,male,pearson_r,embeddings,0,0.7233027438623453
total_scan_vat_area,activity_romberg_closed,male,pearson_r,embeddings,1,0.7232922938039376
total_scan_vat_area,activity_romberg_closed,male,pearson_r,embeddings,2,0.7277058195186384
total_scan_vat_area,activity_romberg_closed,male,pearson_r,embeddings,3,0.721126543955308
total_scan_vat_area,activity_romberg_closed,male,pearson_r,embeddings,4,0.722401447107176
total_scan_vat_area,activity_romberg_closed,male,pearson_r,embeddings,5,0.7222538741206133
total_scan_vat_area,activity_romberg_closed,male,pearson_r,embeddings,6,0.7276526003127539
total_scan_vat_area,activity_romberg_closed,male,pearson_r,embeddings,7,0.7259097666818604
total_scan_vat_area,activity_romberg_closed,male,pearson_r,embeddings,8,0.7224715857848605
total_scan_vat_area,activity_romberg_closed,male,pearson_r,embeddings,9,0.7216903053629012
total_scan_vat_area,activity_romberg_closed,male,pearson_r,embeddings,10,0.7246076352249197
total_scan_vat_area,activity_romberg_closed,male,pearson_r,embeddings,11,0.7205192013407963
total_scan_vat_area,activity_romberg_closed,male,pearson_r,embeddings,12,0.7218643649444478
total_scan_vat_area,activity_romberg_closed,male,pearson_r,embeddings,13,0.7216881737246736
total_scan_vat_area,activity_romberg_closed,male,pearson_r,embeddings,14,0.7135266674026195
total_scan_vat_area,ensemble,female,pearson_r,embeddings,0,0.7971604067803861
total_scan_vat_area,ensemble,female,pearson_r,embeddings,1,0.79675466750226
total_scan_vat_area,ensemble,female,pearson_r,embeddings,2,0.8004279297847375
total_scan_vat_area,ensemble,female,pearson_r,embeddings,3,0.7970361748505825
total_scan_vat_area,ensemble,female,pearson_r,embeddings,4,0.797828988702067
total_scan_vat_area,ensemble,female,pearson_r,embeddings,5,0.7993601068122601
total_scan_vat_area,ensemble,female,pearson_r,embeddings,6,0.7973873939007247
total_scan_vat_area,ensemble,female,pearson_r,embeddings,7,0.7976286771600232
total_scan_vat_area,ensemble,female,pearson_r,embeddings,8,0.7958575943913057
total_scan_vat_area,ensemble,female,pearson_r,embeddings,9,0.7958184132721755
total_scan_vat_area,ensemble,female,pearson_r,embeddings,10,0.797698254254283
total_scan_vat_area,ensemble,female,pearson_r,embeddings,11,0.7987574977063894
total_scan_vat_area,ensemble,female,pearson_r,embeddings,12,0.7958574712300556
total_scan_vat_area,ensemble,female,pearson_r,embeddings,13,0.796507227202507
total_scan_vat_area,ensemble,female,pearson_r,embeddings,14,0.7964542114051429
total_scan_vat_area,activity_tm_3kmh,female,pearson_r,embeddings,0,0.719508576047802
total_scan_vat_area,activity_tm_3kmh,female,pearson_r,embeddings,1,0.7212778530319714
total_scan_vat_area,activity_tm_3kmh,female,pearson_r,embeddings,2,0.7286470131259337
total_scan_vat_area,activity_tm_3kmh,female,pearson_r,embeddings,3,0.7235841343471107
total_scan_vat_area,activity_tm_3kmh,female,pearson_r,embeddings,4,0.7276049883728405
total_scan_vat_area,activity_tm_3kmh,female,pearson_r,embeddings,5,0.7261259223376643
total_scan_vat_area,activity_tm_3kmh,female,pearson_r,embeddings,6,0.7219353671202686
total_scan_vat_area,activity_tm_3kmh,female,pearson_r,embeddings,7,0.7229270583096966
total_scan_vat_area,activity_tm_3kmh,female,pearson_r,embeddings,8,0.721497347590561
total_scan_vat_area,activity_tm_3kmh,female,pearson_r,embeddings,9,0.7249414352087227
total_scan_vat_area,activity_tm_3kmh,female,pearson_r,embeddings,10,0.7218019267590114
total_scan_vat_area,activity_tm_3kmh,female,pearson_r,embeddings,11,0.7271646480386308
total_scan_vat_area,activity_tm_3kmh,female,pearson_r,embeddings,12,0.7232680974405696
total_scan_vat_area,activity_tm_3kmh,female,pearson_r,embeddings,13,0.7207307644979615
total_scan_vat_area,activity_tm_3kmh,female,pearson_r,embeddings,14,0.7220495540573552
total_scan_vat_area,activity_self_selected_gait_speed,female,pearson_r,embeddings,0,0.7225049371036616
total_scan_vat_area,activity_self_selected_gait_speed,female,pearson_r,embeddings,1,0.7232554666388665
total_scan_vat_area,activity_self_selected_gait_speed,female,pearson_r,embeddings,2,0.7252804925633607
total_scan_vat_area,activity_self_selected_gait_speed,female,pearson_r,embeddings,3,0.7254408828325475
total_scan_vat_area,activity_self_selected_gait_speed,female,pearson_r,embeddings,4,0.7261068198742654
total_scan_vat_area,activity_self_selected_gait_speed,female,pearson_r,embeddings,5,0.7255473646946461
total_scan_vat_area,activity_self_selected_gait_speed,female,pearson_r,embeddings,6,0.7208189997503986
total_scan_vat_area,activity_self_selected_gait_speed,female,pearson_r,embeddings,7,0.7255970756943229
total_scan_vat_area,activity_self_selected_gait_speed,female,pearson_r,embeddings,8,0.7184236302501007
total_scan_vat_area,activity_self_selected_gait_speed,female,pearson_r,embeddings,9,0.7184716700558438
total_scan_vat_area,activity_self_selected_gait_speed,female,pearson_r,embeddings,10,0.7214539992936847
total_scan_vat_area,activity_self_selected_gait_speed,female,pearson_r,embeddings,11,0.7221141395511183
total_scan_vat_area,activity_self_selected_gait_speed,female,pearson_r,embeddings,12,0.7193527101727804
total_scan_vat_area,activity_self_selected_gait_speed,female,pearson_r,embeddings,13,0.7179163602083771
total_scan_vat_area,activity_self_selected_gait_speed,female,pearson_r,embeddings,14,0.7220555813509629
total_scan_vat_area,activity_stationary_walk,female,pearson_r,embeddings,0,0.766892720953666
total_scan_vat_area,activity_stationary_walk,female,pearson_r,embeddings,1,0.759876538469253
total_scan_vat_area,activity_stationary_walk,female,pearson_r,embeddings,2,0.77020635485548
total_scan_vat_area,activity_stationary_walk,female,pearson_r,embeddings,3,0.7659155963635054
total_scan_vat_area,activity_stationary_walk,female,pearson_r,embeddings,4,0.7647730406187886
total_scan_vat_area,activity_stationary_walk,female,pearson_r,embeddings,5,0.7678308176081109
total_scan_vat_area,activity_stationary_walk,female,pearson_r,embeddings,6,0.7662372341907498
total_scan_vat_area,activity_stationary_walk,female,pearson_r,embeddings,7,0.7655954577635893
total_scan_vat_area,activity_stationary_walk,female,pearson_r,embeddings,8,0.7673474767152842
total_scan_vat_area,activity_stationary_walk,female,pearson_r,embeddings,9,0.7632610013170456
total_scan_vat_area,activity_stationary_walk,female,pearson_r,embeddings,10,0.7665568483630719
total_scan_vat_area,activity_stationary_walk,female,pearson_r,embeddings,11,0.7654583703043963
total_scan_vat_area,activity_stationary_walk,female,pearson_r,embeddings,12,0.7665323926254726
total_scan_vat_area,activity_stationary_walk,female,pearson_r,embeddings,13,0.7655368995520465
total_scan_vat_area,activity_stationary_walk,female,pearson_r,embeddings,14,0.7640524770880512
total_scan_vat_area,activity_sit_to_stand,female,pearson_r,embeddings,0,0.6969166546802535
total_scan_vat_area,activity_sit_to_stand,female,pearson_r,embeddings,1,0.6969115767032629
total_scan_vat_area,activity_sit_to_stand,female,pearson_r,embeddings,2,0.6978371378516305
total_scan_vat_area,activity_sit_to_stand,female,pearson_r,embeddings,3,0.6923131351676061
total_scan_vat_area,activity_sit_to_stand,female,pearson_r,embeddings,4,0.6930072256084727
total_scan_vat_area,activity_sit_to_stand,female,pearson_r,embeddings,5,0.701585060654195
total_scan_vat_area,activity_sit_to_stand,female,pearson_r,embeddings,6,0.6962851651797078
total_scan_vat_area,activity_sit_to_stand,female,pearson_r,embeddings,7,0.6945335489497242
total_scan_vat_area,activity_sit_to_stand,female,pearson_r,embeddings,8,0.6953723969068824
total_scan_vat_area,activity_sit_to_stand,female,pearson_r,embeddings,9,0.6935700468155935
total_scan_vat_area,activity_sit_to_stand,female,pearson_r,embeddings,10,0.6970644427907271
total_scan_vat_area,activity_sit_to_stand,female,pearson_r,embeddings,11,0.6964277954047184
total_scan_vat_area,activity_sit_to_stand,female,pearson_r,embeddings,12,0.6889896668469458
total_scan_vat_area,activity_sit_to_stand,female,pearson_r,embeddings,13,0.6956343068930003
total_scan_vat_area,activity_sit_to_stand,female,pearson_r,embeddings,14,0.6958362045771617
total_scan_vat_area,activity_romberg_closed,female,pearson_r,embeddings,0,0.7305864733389937
total_scan_vat_area,activity_romberg_closed,female,pearson_r,embeddings,1,0.7323936320190275
total_scan_vat_area,activity_romberg_closed,female,pearson_r,embeddings,2,0.7318289063417692
total_scan_vat_area,activity_romberg_closed,female,pearson_r,embeddings,3,0.7298946574838815
total_scan_vat_area,activity_romberg_closed,female,pearson_r,embeddings,4,0.7314167024821352
total_scan_vat_area,activity_romberg_closed,female,pearson_r,embeddings,5,0.7272274564881804
total_scan_vat_area,activity_romberg_closed,female,pearson_r,embeddings,6,0.7310769022814735
total_scan_vat_area,activity_romberg_closed,female,pearson_r,embeddings,7,0.7288982356468737
total_scan_vat_area,activity_romberg_closed,female,pearson_r,embeddings,8,0.728731884028305
total_scan_vat_area,activity_romberg_closed,female,pearson_r,embeddings,9,0.7310079319540691
total_scan_vat_area,activity_romberg_closed,female,pearson_r,embeddings,10,0.7329842250558587
total_scan_vat_area,activity_romberg_closed,female,pearson_r,embeddings,11,0.7302577996335841
total_scan_vat_area,activity_romberg_closed,female,pearson_r,embeddings,12,0.729106004477888
total_scan_vat_area,activity_romberg_closed,female,pearson_r,embeddings,13,0.7319850276780023
total_scan_vat_area,activity_romberg_closed,female,pearson_r,embeddings,14,0.7300066515692141
age,activity_tm_3kmh,all,pearson_r,features,0,0.3480270741049624
age,activity_tm_3kmh,all,pearson_r,features,1,0.3431564664272793
age,activity_tm_3kmh,all,pearson_r,features,2,0.34329571231328
age,activity_tm_3kmh,all,pearson_r,features,3,0.3465823737667289
age,activity_tm_3kmh,all,pearson_r,features,4,0.3514704439781357
age,activity_tm_3kmh,all,pearson_r,features,5,0.3416195456444141
age,activity_tm_3kmh,all,pearson_r,features,6,0.3453133284643835
age,activity_tm_3kmh,all,pearson_r,features,7,0.3417463447390683
age,activity_tm_3kmh,all,pearson_r,features,8,0.3347895630555655
age,activity_tm_3kmh,all,pearson_r,features,9,0.3306615441607573
age,activity_tm_3kmh,all,pearson_r,features,10,0.33720507514644
age,activity_tm_3kmh,all,pearson_r,features,11,0.3355227936272468
age,activity_tm_3kmh,all,pearson_r,features,12,0.3371814900931065
age,activity_tm_3kmh,all,pearson_r,features,13,0.3410570063721086
age,activity_tm_3kmh,all,pearson_r,features,14,0.3397106985238062
age,activity_tm_3kmh,male,pearson_r,features,0,0.318242559035456
age,activity_tm_3kmh,male,pearson_r,features,1,0.2968217384401922
age,activity_tm_3kmh,male,pearson_r,features,2,0.2930464502683003
age,activity_tm_3kmh,male,pearson_r,features,3,0.3202342018082055
age,activity_tm_3kmh,male,pearson_r,features,4,0.3212318668928607
age,activity_tm_3kmh,male,pearson_r,features,5,0.3173667739901395
age,activity_tm_3kmh,male,pearson_r,features,6,0.3105807016102266
age,activity_tm_3kmh,male,pearson_r,features,7,0.3189853183441133
age,activity_tm_3kmh,male,pearson_r,features,8,0.2955727261199973
age,activity_tm_3kmh,male,pearson_r,features,9,0.3035211178348308
age,activity_tm_3kmh,male,pearson_r,features,10,0.3033929227581566
age,activity_tm_3kmh,male,pearson_r,features,11,0.3104847544633067
age,activity_tm_3kmh,male,pearson_r,features,12,0.298616950813955
age,activity_tm_3kmh,male,pearson_r,features,13,0.311137820681672
age,activity_tm_3kmh,male,pearson_r,features,14,0.3070016834855968
age,activity_tm_3kmh,female,pearson_r,features,0,0.3705278868298237
age,activity_tm_3kmh,female,pearson_r,features,1,0.3785752033637507
age,activity_tm_3kmh,female,pearson_r,features,2,0.3822162802938864
age,activity_tm_3kmh,female,pearson_r,features,3,0.3662602829216274
age,activity_tm_3kmh,female,pearson_r,features,4,0.3742843485182376
age,activity_tm_3kmh,female,pearson_r,features,5,0.3594813877518399
age,activity_tm_3kmh,female,pearson_r,features,6,0.3713340538920427
age,activity_tm_3kmh,female,pearson_r,features,7,0.3582729176770911
age,activity_tm_3kmh,female,pearson_r,features,8,0.3645897263827639
age,activity_tm_3kmh,female,pearson_r,features,9,0.3503951571113411
age,activity_tm_3kmh,female,pearson_r,features,10,0.3626268212649291
age,activity_tm_3kmh,female,pearson_r,features,11,0.3539502149298804
age,activity_tm_3kmh,female,pearson_r,features,12,0.366468013491097
age,activity_tm_3kmh,female,pearson_r,features,13,0.3633360207829854
age,activity_tm_3kmh,female,pearson_r,features,14,0.3640185803554981
age,activity_self_selected_gait_speed,all,pearson_r,features,0,0.2971882744187728
age,activity_self_selected_gait_speed,all,pearson_r,features,1,0.2957258931487037
age,activity_self_selected_gait_speed,all,pearson_r,features,2,0.2904806079699703
age,activity_self_selected_gait_speed,all,pearson_r,features,3,0.3028355492754319
age,activity_self_selected_gait_speed,all,pearson_r,features,4,0.3080129541529096
age,activity_self_selected_gait_speed,all,pearson_r,features,5,0.3023150481960633
age,activity_self_selected_gait_speed,all,pearson_r,features,6,0.3098271892355166
age,activity_self_selected_gait_speed,all,pearson_r,features,7,0.2916987498352136
age,activity_self_selected_gait_speed,all,pearson_r,features,8,0.3086169716912819
age,activity_self_selected_gait_speed,all,pearson_r,features,9,0.3045499034430053
age,activity_self_selected_gait_speed,all,pearson_r,features,10,0.3029890314846828
age,activity_self_selected_gait_speed,all,pearson_r,features,11,0.2972984954251051
age,activity_self_selected_gait_speed,all,pearson_r,features,12,0.2950857350341332
age,activity_self_selected_gait_speed,all,pearson_r,features,13,0.2984411344413905
age,activity_self_selected_gait_speed,all,pearson_r,features,14,0.2965731959060665
age,activity_self_selected_gait_speed,male,pearson_r,features,0,0.2671153013412302
age,activity_self_selected_gait_speed,male,pearson_r,features,1,0.2592978759874813
age,activity_self_selected_gait_speed,male,pearson_r,features,2,0.2544552924874907
age,activity_self_selected_gait_speed,male,pearson_r,features,3,0.2626699441126305
age,activity_self_selected_gait_speed,male,pearson_r,features,4,0.2752307873928388
age,activity_self_selected_gait_speed,male,pearson_r,features,5,0.2665400642905873
age,activity_self_selected_gait_speed,male,pearson_r,features,6,0.2794494068074546
age,activity_self_selected_gait_speed,male,pearson_r,features,7,0.2590235879289934
age,activity_self_selected_gait_speed,male,pearson_r,features,8,0.2602803961208845
age,activity_self_selected_gait_speed,male,pearson_r,features,9,0.2651414137832793
age,activity_self_selected_gait_speed,male,pearson_r,features,10,0.2709874346172872
age,activity_self_selected_gait_speed,male,pearson_r,features,11,0.263189620605853
age,activity_self_selected_gait_speed,male,pearson_r,features,12,0.2674908076546549
age,activity_self_selected_gait_speed,male,pearson_r,features,13,0.2590553958179905
age,activity_self_selected_gait_speed,male,pearson_r,features,14,0.2557475976267841
age,activity_self_selected_gait_speed,female,pearson_r,features,0,0.3194494264497153
age,activity_self_selected_gait_speed,female,pearson_r,features,1,0.3236294475664732
age,activity_self_selected_gait_speed,female,pearson_r,features,2,0.3181128211213711
age,activity_self_selected_gait_speed,female,pearson_r,features,3,0.3337123068354645
age,activity_self_selected_gait_speed,female,pearson_r,features,4,0.3327349454777994
age,activity_self_selected_gait_speed,female,pearson_r,features,5,0.3286271750892413
age,activity_self_selected_gait_speed,female,pearson_r,features,6,0.3321576850697024
age,activity_self_selected_gait_speed,female,pearson_r,features,7,0.3160548641644146
age,activity_self_selected_gait_speed,female,pearson_r,features,8,0.3461621945223456
age,activity_self_selected_gait_speed,female,pearson_r,features,9,0.3353400664546089
age,activity_self_selected_gait_speed,female,pearson_r,features,10,0.3271045342528715
age,activity_self_selected_gait_speed,female,pearson_r,features,11,0.3234164780719568
age,activity_self_selected_gait_speed,female,pearson_r,features,12,0.314898278557001
age,activity_self_selected_gait_speed,female,pearson_r,features,13,0.3290888225316982
age,activity_self_selected_gait_speed,female,pearson_r,features,14,0.3284694487373211
age,activity_stationary_walk,all,pearson_r,features,0,0.3589760814073103
age,activity_stationary_walk,all,pearson_r,features,1,0.395677524112195
age,activity_stationary_walk,all,pearson_r,features,2,0.3849028149141171
age,activity_stationary_walk,all,pearson_r,features,3,0.3281946666111687
age,activity_stationary_walk,all,pearson_r,features,4,0.3855405204784691
age,activity_stationary_walk,all,pearson_r,features,5,0.3718697683650671
age,activity_stationary_walk,all,pearson_r,features,6,0.3870389171599635
age,activity_stationary_walk,all,pearson_r,features,7,0.3910972950980839
age,activity_stationary_walk,all,pearson_r,features,8,0.3863972129294463
age,activity_stationary_walk,all,pearson_r,features,9,0.3787468453647486
age,activity_stationary_walk,all,pearson_r,features,10,0.3828347402265487
age,activity_stationary_walk,all,pearson_r,features,11,0.3417766337842451
age,activity_stationary_walk,all,pearson_r,features,12,0.3602461860106764
age,activity_stationary_walk,all,pearson_r,features,13,0.3768579284882757
age,activity_stationary_walk,all,pearson_r,features,14,0.3860970146357016
age,activity_stationary_walk,male,pearson_r,features,0,0.3977175573277929
age,activity_stationary_walk,male,pearson_r,features,1,0.3939146794129788
age,activity_stationary_walk,male,pearson_r,features,2,0.4012405766414978
age,activity_stationary_walk,male,pearson_r,features,3,0.3971896789830095
age,activity_stationary_walk,male,pearson_r,features,4,0.394262840266472
age,activity_stationary_walk,male,pearson_r,features,5,0.3967002718639545
age,activity_stationary_walk,male,pearson_r,features,6,0.3937461669412349
age,activity_stationary_walk,male,pearson_r,features,7,0.396583786570609
age,activity_stationary_walk,male,pearson_r,features,8,0.3946298606018523
age,activity_stationary_walk,male,pearson_r,features,9,0.3971398566819304
age,activity_stationary_walk,male,pearson_r,features,10,0.3949168470841099
age,activity_stationary_walk,male,pearson_r,features,11,0.393364879277796
age,activity_stationary_walk,male,pearson_r,features,12,0.3983067839439917
age,activity_stationary_walk,male,pearson_r,features,13,0.3990562429075746
age,activity_stationary_walk,male,pearson_r,features,14,0.3910931019988425
age,activity_stationary_walk,female,pearson_r,features,0,0.3302983208239889
age,activity_stationary_walk,female,pearson_r,features,1,0.3947550499543323
age,activity_stationary_walk,female,pearson_r,features,2,0.3699366179058576
age,activity_stationary_walk,female,pearson_r,features,3,0.2876932486402705
age,activity_stationary_walk,female,pearson_r,features,4,0.3763433692119974
age,activity_stationary_walk,female,pearson_r,features,5,0.3515334193709843
age,activity_stationary_walk,female,pearson_r,features,6,0.3795387481884789
age,activity_stationary_walk,female,pearson_r,features,7,0.3841385689529305
age,activity_stationary_walk,female,pearson_r,features,8,0.3773886834696062
age,activity_stationary_walk,female,pearson_r,features,9,0.362510096418599
age,activity_stationary_walk,female,pearson_r,features,10,0.3712993721723079
age,activity_stationary_walk,female,pearson_r,features,11,0.3079908197584327
age,activity_stationary_walk,female,pearson_r,features,12,0.3318000807612575
age,activity_stationary_walk,female,pearson_r,features,13,0.3580252807535817
age,activity_stationary_walk,female,pearson_r,features,14,0.3796668384034846
age,activity_sit_to_stand,all,pearson_r,features,0,0.2565680360143752
age,activity_sit_to_stand,all,pearson_r,features,1,0.2445571240000327
age,activity_sit_to_stand,all,pearson_r,features,2,0.2723912943835478
age,activity_sit_to_stand,all,pearson_r,features,3,0.2159137135975695
age,activity_sit_to_stand,all,pearson_r,features,4,0.2712299069329094
age,activity_sit_to_stand,all,pearson_r,features,5,0.2313420575341557
age,activity_sit_to_stand,all,pearson_r,features,6,0.2456125958588174
age,activity_sit_to_stand,all,pearson_r,features,7,0.2513739763122464
age,activity_sit_to_stand,all,pearson_r,features,8,0.2485250243081915
age,activity_sit_to_stand,all,pearson_r,features,9,0.258833512791343
age,activity_sit_to_stand,all,pearson_r,features,10,0.2262295748419071
age,activity_sit_to_stand,all,pearson_r,features,11,0.2471639160156788
age,activity_sit_to_stand,all,pearson_r,features,12,0.2866665676661621
age,activity_sit_to_stand,all,pearson_r,features,13,0.2741354762310451
age,activity_sit_to_stand,all,pearson_r,features,14,0.2652197970423396
age,activity_sit_to_stand,male,pearson_r,features,0,0.2754506982317764
age,activity_sit_to_stand,male,pearson_r,features,1,0.3403939849839397
age,activity_sit_to_stand,male,pearson_r,features,2,0.3420324094287411
age,activity_sit_to_stand,male,pearson_r,features,3,0.2198496141045549
age,activity_sit_to_stand,male,pearson_r,features,4,0.3407869572389553
age,activity_sit_to_stand,male,pearson_r,features,5,0.2679849532739572
age,activity_sit_to_stand,male,pearson_r,features,6,0.2686662388552895
age,activity_sit_to_stand,male,pearson_r,features,7,0.2617466120152859
age,activity_sit_to_stand,male,pearson_r,features,8,0.3333592225491982
age,activity_sit_to_stand,male,pearson_r,features,9,0.3348132362409592
age,activity_sit_to_stand,male,pearson_r,features,10,0.2555643269806524
age,activity_sit_to_stand,male,pearson_r,features,11,0.280025563278272
age,activity_sit_to_stand,male,pearson_r,features,12,0.3372609535598585
age,activity_sit_to_stand,male,pearson_r,features,13,0.3416417366340911
age,activity_sit_to_stand,male,pearson_r,features,14,0.3291961392423888
age,activity_sit_to_stand,female,pearson_r,features,0,0.2340467041363182
age,activity_sit_to_stand,female,pearson_r,features,1,0.1821981704260859
age,activity_sit_to_stand,female,pearson_r,features,2,0.2201247654662814
age,activity_sit_to_stand,female,pearson_r,features,3,0.2070395681981918
age,activity_sit_to_stand,female,pearson_r,features,4,0.2195885533814983
age,activity_sit_to_stand,female,pearson_r,features,5,0.1923352082980801
age,activity_sit_to_stand,female,pearson_r,features,6,0.2189607142710845
age,activity_sit_to_stand,female,pearson_r,features,7,0.236864555841502
age,activity_sit_to_stand,female,pearson_r,features,8,0.191631917615832
age,activity_sit_to_stand,female,pearson_r,features,9,0.2049557380333352
age,activity_sit_to_stand,female,pearson_r,features,10,0.1932874853273321
age,activity_sit_to_stand,female,pearson_r,features,11,0.2106618947059146
age,activity_sit_to_stand,female,pearson_r,features,12,0.2429918878036968
age,activity_sit_to_stand,female,pearson_r,features,13,0.2228029718990804
age,activity_sit_to_stand,female,pearson_r,features,14,0.216742084420486
age,activity_romberg_closed,all,pearson_r,features,0,0.1415881037413908
age,activity_romberg_closed,all,pearson_r,features,1,0.1646125093244771
age,activity_romberg_closed,all,pearson_r,features,2,0.1776084747671079
age,activity_romberg_closed,all,pearson_r,features,3,0.1636044549761859
age,activity_romberg_closed,all,pearson_r,features,4,0.1737213391897561
age,activity_romberg_closed,all,pearson_r,features,5,0.1569228451734961
age,activity_romberg_closed,all,pearson_r,features,6,0.1710661848607966
age,activity_romberg_closed,all,pearson_r,features,7,0.1625931388172942
age,activity_romberg_closed,all,pearson_r,features,8,0.15252948872935
age,activity_romberg_closed,all,pearson_r,features,9,0.159975445125125
age,activity_romberg_closed,all,pearson_r,features,10,0.1588140022361238
age,activity_romberg_closed,all,pearson_r,features,11,0.1454947872086912
age,activity_romberg_closed,all,pearson_r,features,12,0.1592260270837007
age,activity_romberg_closed,all,pearson_r,features,13,0.1596742752855453
age,activity_romberg_closed,all,pearson_r,features,14,0.1522280473638972
age,activity_romberg_closed,male,pearson_r,features,0,0.1568889822364056
age,activity_romberg_closed,male,pearson_r,features,1,0.15833572798169
age,activity_romberg_closed,male,pearson_r,features,2,0.1671642230645544
age,activity_romberg_closed,male,pearson_r,features,3,0.1508471287150045
age,activity_romberg_closed,male,pearson_r,features,4,0.1713147774023244
age,activity_romberg_closed,male,pearson_r,features,5,0.1625684260663109
age,activity_romberg_closed,male,pearson_r,features,6,0.1712690865715255
age,activity_romberg_closed,male,pearson_r,features,7,0.157569040720393
age,activity_romberg_closed,male,pearson_r,features,8,0.1691534629641058
age,activity_romberg_closed,male,pearson_r,features,9,0.1627429027894281
age,activity_romberg_closed,male,pearson_r,features,10,0.1618187150906276
age,activity_romberg_closed,male,pearson_r,features,11,0.1546239866081622
age,activity_romberg_closed,male,pearson_r,features,12,0.1624714382002035
age,activity_romberg_closed,male,pearson_r,features,13,0.163199312033885
age,activity_romberg_closed,male,pearson_r,features,14,0.1578186071812807
age,activity_romberg_closed,female,pearson_r,features,0,0.1236952673023478
age,activity_romberg_closed,female,pearson_r,features,1,0.163387224882623
age,activity_romberg_closed,female,pearson_r,features,2,0.1811347790862559
age,activity_romberg_closed,female,pearson_r,features,3,0.1695642270872673
age,activity_romberg_closed,female,pearson_r,features,4,0.1689876810546994
age,activity_romberg_closed,female,pearson_r,features,5,0.1446658787207838
age,activity_romberg_closed,female,pearson_r,features,6,0.1638281891362646
age,activity_romberg_closed,female,pearson_r,features,7,0.1601163820935079
age,activity_romberg_closed,female,pearson_r,features,8,0.1330074890555352
age,activity_romberg_closed,female,pearson_r,features,9,0.1507873711152728
age,activity_romberg_closed,female,pearson_r,features,10,0.1495336717977656
age,activity_romberg_closed,female,pearson_r,features,11,0.1308077892915912
age,activity_romberg_closed,female,pearson_r,features,12,0.1491378671522719
age,activity_romberg_closed,female,pearson_r,features,13,0.1493007692466433
age,activity_romberg_closed,female,pearson_r,features,14,0.1404512815331821
age,ensemble,all,pearson_r,features,0,0.4614614895717299
age,ensemble,all,pearson_r,features,1,0.4599390960806829
age,ensemble,all,pearson_r,features,2,0.4623614611000866
age,ensemble,all,pearson_r,features,3,0.4474702610038708
age,ensemble,all,pearson_r,features,4,0.4685418024221875
age,ensemble,all,pearson_r,features,5,0.463274035865857
age,ensemble,all,pearson_r,features,6,0.4720590606979993
age,ensemble,all,pearson_r,features,7,0.4670884484986969
age,ensemble,all,pearson_r,features,8,0.4583709196974408
age,ensemble,all,pearson_r,features,9,0.4541495541662641
age,ensemble,all,pearson_r,features,10,0.4589286030616931
age,ensemble,all,pearson_r,features,11,0.445730674093181
age,ensemble,all,pearson_r,features,12,0.4487703125066505
age,ensemble,all,pearson_r,features,13,0.4591689109703774
age,ensemble,all,pearson_r,features,14,0.458183857984718
age,ensemble,male,pearson_r,features,0,0.4610494161289756
age,ensemble,male,pearson_r,features,1,0.4538144680522673
age,ensemble,male,pearson_r,features,2,0.4526042105203788
age,ensemble,male,pearson_r,features,3,0.4391345007114866
age,ensemble,male,pearson_r,features,4,0.4677883379093487
age,ensemble,male,pearson_r,features,5,0.4658263882053288
age,ensemble,male,pearson_r,features,6,0.4620633126668669
age,ensemble,male,pearson_r,features,7,0.4572095024805779
age,ensemble,male,pearson_r,features,8,0.4554978842557514
age,ensemble,male,pearson_r,features,9,0.4555192780567963
age,ensemble,male,pearson_r,features,10,0.451096984575452
age,ensemble,male,pearson_r,features,11,0.4495727750993649
age,ensemble,male,pearson_r,features,12,0.4488990742453975
age,ensemble,male,pearson_r,features,13,0.4574533696050492
age,ensemble,male,pearson_r,features,14,0.4514704803483763
age,ensemble,female,pearson_r,features,0,0.4637545585290112
age,ensemble,female,pearson_r,features,1,0.4669025853723721
age,ensemble,female,pearson_r,features,2,0.4724477774993469
age,ensemble,female,pearson_r,features,3,0.457040848255974
age,ensemble,female,pearson_r,features,4,0.4716233580950731
age,ensemble,female,pearson_r,features,5,0.4639540866902787
age,ensemble,female,pearson_r,features,6,0.4829726681860226
age,ensemble,female,pearson_r,features,7,0.4781687141538994
age,ensemble,female,pearson_r,features,8,0.4631614543207971
age,ensemble,female,pearson_r,features,9,0.4546196639448445
age,ensemble,female,pearson_r,features,10,0.4670029579964976
age,ensemble,female,pearson_r,features,11,0.4427671919403926
age,ensemble,female,pearson_r,features,12,0.4491592599416303
age,ensemble,female,pearson_r,features,13,0.462493536493272
age,ensemble,female,pearson_r,features,14,0.465746905168025
bmi,activity_tm_3kmh,all,pearson_r,features,0,0.3319014923777829
bmi,activity_tm_3kmh,all,pearson_r,features,1,0.3210037594717007
bmi,activity_tm_3kmh,all,pearson_r,features,2,0.3419676848978603
bmi,activity_tm_3kmh,all,pearson_r,features,3,0.334156568573064
bmi,activity_tm_3kmh,all,pearson_r,features,4,0.3221977935997893
bmi,activity_tm_3kmh,all,pearson_r,features,5,0.3227855823839438
bmi,activity_tm_3kmh,all,pearson_r,features,6,0.3309569779934317
bmi,activity_tm_3kmh,all,pearson_r,features,7,0.3040085949624379
bmi,activity_tm_3kmh,all,pearson_r,features,8,0.333539407921645
bmi,activity_tm_3kmh,all,pearson_r,features,9,0.3302442808054676
bmi,activity_tm_3kmh,all,pearson_r,features,10,0.3149250992690608
bmi,activity_tm_3kmh,all,pearson_r,features,11,0.3147870223429866
bmi,activity_tm_3kmh,all,pearson_r,features,12,0.3167131476511848
bmi,activity_tm_3kmh,all,pearson_r,features,13,0.3228668342367394
bmi,activity_tm_3kmh,all,pearson_r,features,14,0.3188470884092219
bmi,activity_tm_3kmh,male,pearson_r,features,0,0.290300224841568
bmi,activity_tm_3kmh,male,pearson_r,features,1,0.2842828879631762
bmi,activity_tm_3kmh,male,pearson_r,features,2,0.2987434601596176
bmi,activity_tm_3kmh,male,pearson_r,features,3,0.2768650770495539
bmi,activity_tm_3kmh,male,pearson_r,features,4,0.2733013876699097
bmi,activity_tm_3kmh,male,pearson_r,features,5,0.2683015615599208
bmi,activity_tm_3kmh,male,pearson_r,features,6,0.290141836022275
bmi,activity_tm_3kmh,male,pearson_r,features,7,0.26466674215846
bmi,activity_tm_3kmh,male,pearson_r,features,8,0.2731545485094738
bmi,activity_tm_3kmh,male,pearson_r,features,9,0.2809319169927508
bmi,activity_tm_3kmh,male,pearson_r,features,10,0.2795957946941746
bmi,activity_tm_3kmh,male,pearson_r,features,11,0.2547843968178828
bmi,activity_tm_3kmh,male,pearson_r,features,12,0.2673588188219157
bmi,activity_tm_3kmh,male,pearson_r,features,13,0.2859003722481585
bmi,activity_tm_3kmh,male,pearson_r,features,14,0.2935091280274284
bmi,activity_tm_3kmh,female,pearson_r,features,0,0.3357679848460035
bmi,activity_tm_3kmh,female,pearson_r,features,1,0.3220549900499295
bmi,activity_tm_3kmh,female,pearson_r,features,2,0.3470444287544949
bmi,activity_tm_3kmh,female,pearson_r,features,3,0.3499369096188386
bmi,activity_tm_3kmh,female,pearson_r,features,4,0.3313642493850302
bmi,activity_tm_3kmh,female,pearson_r,features,5,0.3356780698202407
bmi,activity_tm_3kmh,female,pearson_r,features,6,0.3358649739110585
bmi,activity_tm_3kmh,female,pearson_r,features,7,0.3021845157373372
bmi,activity_tm_3kmh,female,pearson_r,features,8,0.3509524510744568
bmi,activity_tm_3kmh,female,pearson_r,features,9,0.3394273647145492
bmi,activity_tm_3kmh,female,pearson_r,features,10,0.315644447665212
bmi,activity_tm_3kmh,female,pearson_r,features,11,0.3312757823667684
bmi,activity_tm_3kmh,female,pearson_r,features,12,0.3260387378559903
bmi,activity_tm_3kmh,female,pearson_r,features,13,0.3206480294145947
bmi,activity_tm_3kmh,female,pearson_r,features,14,0.3116975734626844
bmi,activity_self_selected_gait_speed,all,pearson_r,features,0,0.3298254224274007
bmi,activity_self_selected_gait_speed,all,pearson_r,features,1,0.3259529713099809
bmi,activity_self_selected_gait_speed,all,pearson_r,features,2,0.330237731535599
bmi,activity_self_selected_gait_speed,all,pearson_r,features,3,0.3355166209965972
bmi,activity_self_selected_gait_speed,all,pearson_r,features,4,0.3339844343981089
bmi,activity_self_selected_gait_speed,all,pearson_r,features,5,0.3222689121828201
bmi,activity_self_selected_gait_speed,all,pearson_r,features,6,0.3359274424185797
bmi,activity_self_selected_gait_speed,all,pearson_r,features,7,0.3265939462697411
bmi,activity_self_selected_gait_speed,all,pearson_r,features,8,0.3184216211963883
bmi,activity_self_selected_gait_speed,all,pearson_r,features,9,0.3324866516134106
bmi,activity_self_selected_gait_speed,all,pearson_r,features,10,0.3374102517884216
bmi,activity_self_selected_gait_speed,all,pearson_r,features,11,0.33150147950464
bmi,activity_self_selected_gait_speed,all,pearson_r,features,12,0.3309924792473219
bmi,activity_self_selected_gait_speed,all,pearson_r,features,13,0.3385358642885592
bmi,activity_self_selected_gait_speed,all,pearson_r,features,14,0.3193609124056823
bmi,activity_self_selected_gait_speed,male,pearson_r,features,0,0.3077026359606292
bmi,activity_self_selected_gait_speed,male,pearson_r,features,1,0.303691739064925
bmi,activity_self_selected_gait_speed,male,pearson_r,features,2,0.3045169543911805
bmi,activity_self_selected_gait_speed,male,pearson_r,features,3,0.3134166577383022
bmi,activity_self_selected_gait_speed,male,pearson_r,features,4,0.3117386535668963
bmi,activity_self_selected_gait_speed,male,pearson_r,features,5,0.29185128502524
bmi,activity_self_selected_gait_speed,male,pearson_r,features,6,0.317187657933444
bmi,activity_self_selected_gait_speed,male,pearson_r,features,7,0.3105607194875576
bmi,activity_self_selected_gait_speed,male,pearson_r,features,8,0.3034053340338687
bmi,activity_self_selected_gait_speed,male,pearson_r,features,9,0.3083371406230051
bmi,activity_self_selected_gait_speed,male,pearson_r,features,10,0.3197829858146541
bmi,activity_self_selected_gait_speed,male,pearson_r,features,11,0.3038411960819616
bmi,activity_self_selected_gait_speed,male,pearson_r,features,12,0.3093459906195105
bmi,activity_self_selected_gait_speed,male,pearson_r,features,13,0.3190015333592932
bmi,activity_self_selected_gait_speed,male,pearson_r,features,14,0.2969539180004246
bmi,activity_self_selected_gait_speed,female,pearson_r,features,0,0.3164995405805046
bmi,activity_self_selected_gait_speed,female,pearson_r,features,1,0.312739127678577
bmi,activity_self_selected_gait_speed,female,pearson_r,features,2,0.319699510043115
bmi,activity_self_selected_gait_speed,female,pearson_r,features,3,0.3233978804318833
bmi,activity_self_selected_gait_speed,female,pearson_r,features,4,0.3216056206695098
bmi,activity_self_selected_gait_speed,female,pearson_r,features,5,0.3147537155573808
bmi,activity_self_selected_gait_speed,female,pearson_r,features,6,0.3206146584356019
bmi,activity_self_selected_gait_speed,female,pearson_r,features,7,0.3086561093992055
bmi,activity_self_selected_gait_speed,female,pearson_r,features,8,0.2991028925742921
bmi,activity_self_selected_gait_speed,female,pearson_r,features,9,0.3214213816561745
bmi,activity_self_selected_gait_speed,female,pearson_r,features,10,0.3213981169444658
bmi,activity_self_selected_gait_speed,female,pearson_r,features,11,0.3231564038019044
bmi,activity_self_selected_gait_speed,female,pearson_r,features,12,0.3180555846091014
bmi,activity_self_selected_gait_speed,female,pearson_r,features,13,0.3240528679679317
bmi,activity_self_selected_gait_speed,female,pearson_r,features,14,0.3059474799307541
bmi,activity_stationary_walk,all,pearson_r,features,0,0.3131865495243598
bmi,activity_stationary_walk,all,pearson_r,features,1,0.2966998258777697
bmi,activity_stationary_walk,all,pearson_r,features,2,0.3113802921616558
bmi,activity_stationary_walk,all,pearson_r,features,3,0.3179537605134873
bmi,activity_stationary_walk,all,pearson_r,features,4,0.3142074826950191
bmi,activity_stationary_walk,all,pearson_r,features,5,0.3093567288846554
bmi,activity_stationary_walk,all,pearson_r,features,6,0.2694062185452882
bmi,activity_stationary_walk,all,pearson_r,features,7,0.3073005728407258
bmi,activity_stationary_walk,all,pearson_r,features,8,0.3169427462647429
bmi,activity_stationary_walk,all,pearson_r,features,9,0.3157966534818175
bmi,activity_stationary_walk,all,pearson_r,features,10,0.3088959068252617
bmi,activity_stationary_walk,all,pearson_r,features,11,0.308746033724239
bmi,activity_stationary_walk,all,pearson_r,features,12,0.309088031577978
bmi,activity_stationary_walk,all,pearson_r,features,13,0.2780038984510988
bmi,activity_stationary_walk,all,pearson_r,features,14,0.2880235405482368
bmi,activity_stationary_walk,male,pearson_r,features,0,0.2548756487830295
bmi,activity_stationary_walk,male,pearson_r,features,1,0.2549036367965239
bmi,activity_stationary_walk,male,pearson_r,features,2,0.2625912124122574
bmi,activity_stationary_walk,male,pearson_r,features,3,0.2637768844697649
bmi,activity_stationary_walk,male,pearson_r,features,4,0.2586228021943613
bmi,activity_stationary_walk,male,pearson_r,features,5,0.2550786194422854
bmi,activity_stationary_walk,male,pearson_r,features,6,0.2636249163315824
bmi,activity_stationary_walk,male,pearson_r,features,7,0.2547460617714803
bmi,activity_stationary_walk,male,pearson_r,features,8,0.2591592675093019
bmi,activity_stationary_walk,male,pearson_r,features,9,0.2629867782594069
bmi,activity_stationary_walk,male,pearson_r,features,10,0.2576926830069599
bmi,activity_stationary_walk,male,pearson_r,features,11,0.2566474534271075
bmi,activity_stationary_walk,male,pearson_r,features,12,0.2620877109116274
bmi,activity_stationary_walk,male,pearson_r,features,13,0.2560095717871067
bmi,activity_stationary_walk,male,pearson_r,features,14,0.2535667612969303
bmi,activity_stationary_walk,female,pearson_r,features,0,0.3168811587425079
bmi,activity_stationary_walk,female,pearson_r,features,1,0.287882102920756
bmi,activity_stationary_walk,female,pearson_r,features,2,0.3090439163136658
bmi,activity_stationary_walk,female,pearson_r,features,3,0.319617295184901
bmi,activity_stationary_walk,female,pearson_r,features,4,0.3163319118096388
bmi,activity_stationary_walk,female,pearson_r,features,5,0.3098372534760347
bmi,activity_stationary_walk,female,pearson_r,features,6,0.2438550990589169
bmi,activity_stationary_walk,female,pearson_r,features,7,0.3058872902802569
bmi,activity_stationary_walk,female,pearson_r,features,8,0.3206853796137577
bmi,activity_stationary_walk,female,pearson_r,features,9,0.3161990339891188
bmi,activity_stationary_walk,female,pearson_r,features,10,0.307078253067275
bmi,activity_stationary_walk,female,pearson_r,features,11,0.3081143461666785
bmi,activity_stationary_walk,female,pearson_r,features,12,0.3047882485414389
bmi,activity_stationary_walk,female,pearson_r,features,13,0.259042707033676
bmi,activity_stationary_walk,female,pearson_r,features,14,0.274653247297442
bmi,activity_sit_to_stand,all,pearson_r,features,0,0.2503663091346189
bmi,activity_sit_to_stand,all,pearson_r,features,1,0.2382251239575295
bmi,activity_sit_to_stand,all,pearson_r,features,2,0.2651790385390518
bmi,activity_sit_to_stand,all,pearson_r,features,3,0.2552401252816229
bmi,activity_sit_to_stand,all,pearson_r,features,4,0.235073946789437
bmi,activity_sit_to_stand,all,pearson_r,features,5,0.2492676963100797
bmi,activity_sit_to_stand,all,pearson_r,features,6,0.2413749745844738
bmi,activity_sit_to_stand,all,pearson_r,features,7,0.2342655793537282
bmi,activity_sit_to_stand,all,pearson_r,features,8,0.2466944953940532
bmi,activity_sit_to_stand,all,pearson_r,features,9,0.2280053417512143
bmi,activity_sit_to_stand,all,pearson_r,features,10,0.243796786669226
bmi,activity_sit_to_stand,all,pearson_r,features,11,0.2530931907623725
bmi,activity_sit_to_stand,all,pearson_r,features,12,0.2325600967688009
bmi,activity_sit_to_stand,all,pearson_r,features,13,0.2395209777724708
bmi,activity_sit_to_stand,all,pearson_r,features,14,0.2181868527513502
bmi,activity_sit_to_stand,male,pearson_r,features,0,0.1395928187415722
bmi,activity_sit_to_stand,male,pearson_r,features,1,0.1557807658569285
bmi,activity_sit_to_stand,male,pearson_r,features,2,0.1889086343578891
bmi,activity_sit_to_stand,male,pearson_r,features,3,0.1729686252643327
bmi,activity_sit_to_stand,male,pearson_r,features,4,0.1518813142711845
bmi,activity_sit_to_stand,male,pearson_r,features,5,0.1765426556559687
bmi,activity_sit_to_stand,male,pearson_r,features,6,0.1389099127308077
bmi,activity_sit_to_stand,male,pearson_r,features,7,0.1384027119979599
bmi,activity_sit_to_stand,male,pearson_r,features,8,0.1500982658306837
bmi,activity_sit_to_stand,male,pearson_r,features,9,0.1260771010199094
bmi,activity_sit_to_stand,male,pearson_r,features,10,0.1552017300126023
bmi,activity_sit_to_stand,male,pearson_r,features,11,0.151496826812699
bmi,activity_sit_to_stand,male,pearson_r,features,12,0.1498931223237836
bmi,activity_sit_to_stand,male,pearson_r,features,13,0.155877879499578
bmi,activity_sit_to_stand,male,pearson_r,features,14,0.134664853322525
bmi,activity_sit_to_stand,female,pearson_r,features,0,0.2960978128788651
bmi,activity_sit_to_stand,female,pearson_r,features,1,0.2690292175781161
bmi,activity_sit_to_stand,female,pearson_r,features,2,0.2896961162169767
bmi,activity_sit_to_stand,female,pearson_r,features,3,0.2839438425346452
bmi,activity_sit_to_stand,female,pearson_r,features,4,0.2655659370454954
bmi,activity_sit_to_stand,female,pearson_r,features,5,0.2699499022749062
bmi,activity_sit_to_stand,female,pearson_r,features,6,0.2839210713673826
bmi,activity_sit_to_stand,female,pearson_r,features,7,0.2716714907846161
bmi,activity_sit_to_stand,female,pearson_r,features,8,0.28778134219303
bmi,activity_sit_to_stand,female,pearson_r,features,9,0.2690112224256842
bmi,activity_sit_to_stand,female,pearson_r,features,10,0.276179166651449
bmi,activity_sit_to_stand,female,pearson_r,features,11,0.2935053858992343
bmi,activity_sit_to_stand,female,pearson_r,features,12,0.2614843351479609
bmi,activity_sit_to_stand,female,pearson_r,features,13,0.2689431873899033
bmi,activity_sit_to_stand,female,pearson_r,features,14,0.2500273783365625
bmi,activity_romberg_closed,all,pearson_r,features,0,0.2342458133578945
bmi,activity_romberg_closed,all,pearson_r,features,1,0.2446997153090251
bmi,activity_romberg_closed,all,pearson_r,features,2,0.2377696327062548
bmi,activity_romberg_closed,all,pearson_r,features,3,0.2453589180646996
bmi,activity_romberg_closed,all,pearson_r,features,4,0.2442933036032247
bmi,activity_romberg_closed,all,pearson_r,features,5,0.2481395694672001
bmi,activity_romberg_closed,all,pearson_r,features,6,0.2405875146883341
bmi,activity_romberg_closed,all,pearson_r,features,7,0.2541588312091511
bmi,activity_romberg_closed,all,pearson_r,features,8,0.2326846931899777
bmi,activity_romberg_closed,all,pearson_r,features,9,0.2342545561883145
bmi,activity_romberg_closed,all,pearson_r,features,10,0.2424079635528398
bmi,activity_romberg_closed,all,pearson_r,features,11,0.2518139203605253
bmi,activity_romberg_closed,all,pearson_r,features,12,0.245123018714226
bmi,activity_romberg_closed,all,pearson_r,features,13,0.2599455458553282
bmi,activity_romberg_closed,all,pearson_r,features,14,0.2467034545984537
bmi,activity_romberg_closed,male,pearson_r,features,0,0.2310776222606528
bmi,activity_romberg_closed,male,pearson_r,features,1,0.2499886148327515
bmi,activity_romberg_closed,male,pearson_r,features,2,0.2154724175463147
bmi,activity_romberg_closed,male,pearson_r,features,3,0.2508741861093
bmi,activity_romberg_closed,male,pearson_r,features,4,0.2388590213554843
bmi,activity_romberg_closed,male,pearson_r,features,5,0.2417043351373185
bmi,activity_romberg_closed,male,pearson_r,features,6,0.2414678138475332
bmi,activity_romberg_closed,male,pearson_r,features,7,0.2526315125428111
bmi,activity_romberg_closed,male,pearson_r,features,8,0.2064114395875001
bmi,activity_romberg_closed,male,pearson_r,features,9,0.2470916130968041
bmi,activity_romberg_closed,male,pearson_r,features,10,0.2556873187419697
bmi,activity_romberg_closed,male,pearson_r,features,11,0.2447884882658553
bmi,activity_romberg_closed,male,pearson_r,features,12,0.2418978930199096
bmi,activity_romberg_closed,male,pearson_r,features,13,0.2491149373315414
bmi,activity_romberg_closed,male,pearson_r,features,14,0.2430783722956853
bmi,activity_romberg_closed,female,pearson_r,features,0,0.1918545591296011
bmi,activity_romberg_closed,female,pearson_r,features,1,0.19750199790179
bmi,activity_romberg_closed,female,pearson_r,features,2,0.2302425892705714
bmi,activity_romberg_closed,female,pearson_r,features,3,0.1990333279812569
bmi,activity_romberg_closed,female,pearson_r,features,4,0.2038849380403667
bmi,activity_romberg_closed,female,pearson_r,features,5,0.2088536002904154
bmi,activity_romberg_closed,female,pearson_r,features,6,0.1958836345914284
bmi,activity_romberg_closed,female,pearson_r,features,7,0.2121599842938263
bmi,activity_romberg_closed,female,pearson_r,features,8,0.2258848924023611
bmi,activity_romberg_closed,female,pearson_r,features,9,0.1837220291968075
bmi,activity_romberg_closed,female,pearson_r,features,10,0.1910614577949307
bmi,activity_romberg_closed,female,pearson_r,features,11,0.2134695030180191
bmi,activity_romberg_closed,female,pearson_r,features,12,0.203359103247696
bmi,activity_romberg_closed,female,pearson_r,features,13,0.2249400430380276
bmi,activity_romberg_closed,female,pearson_r,features,14,0.2054419636937559
bmi,ensemble,all,pearson_r,features,0,0.4532219072340172
bmi,ensemble,all,pearson_r,features,1,0.4419621962583575
bmi,ensemble,all,pearson_r,features,2,0.4726524670877478
bmi,ensemble,all,pearson_r,features,3,0.4625044394560581
bmi,ensemble,all,pearson_r,features,4,0.449552233496513
bmi,ensemble,all,pearson_r,features,5,0.4510879297303468
bmi,ensemble,all,pearson_r,features,6,0.446646815000426
bmi,ensemble,all,pearson_r,features,7,0.4279572388968471
bmi,ensemble,all,pearson_r,features,8,0.4644195850011787
bmi,ensemble,all,pearson_r,features,9,0.4462331868544907
bmi,ensemble,all,pearson_r,features,10,0.4514579651523404
bmi,ensemble,all,pearson_r,features,11,0.4514393639147621
bmi,ensemble,all,pearson_r,features,12,0.4464223580185631
bmi,ensemble,all,pearson_r,features,13,0.4379106076211044
bmi,ensemble,all,pearson_r,features,14,0.4366271390538214
bmi,ensemble,male,pearson_r,features,0,0.4079058093518842
bmi,ensemble,male,pearson_r,features,1,0.4106671667158408
bmi,ensemble,male,pearson_r,features,2,0.4361289527831379
bmi,ensemble,male,pearson_r,features,3,0.4240027200203918
bmi,ensemble,male,pearson_r,features,4,0.4090636656080867
bmi,ensemble,male,pearson_r,features,5,0.4108491547883258
bmi,ensemble,male,pearson_r,features,6,0.4133045257492546
bmi,ensemble,male,pearson_r,features,7,0.3890072530923809
bmi,ensemble,male,pearson_r,features,8,0.4174997360527719
bmi,ensemble,male,pearson_r,features,9,0.4027459666348065
bmi,ensemble,male,pearson_r,features,10,0.4169819111187378
bmi,ensemble,male,pearson_r,features,11,0.4010139738117556
bmi,ensemble,male,pearson_r,features,12,0.4102508937618352
bmi,ensemble,male,pearson_r,features,13,0.4067767291450939
bmi,ensemble,male,pearson_r,features,14,0.4049816482225888
bmi,ensemble,female,pearson_r,features,0,0.4700420184382759
bmi,ensemble,female,pearson_r,features,1,0.4474594536071989
bmi,ensemble,female,pearson_r,features,2,0.4815669676351662
bmi,ensemble,female,pearson_r,features,3,0.4755140688632592
bmi,ensemble,female,pearson_r,features,4,0.4628777934129132
bmi,ensemble,female,pearson_r,features,5,0.4650093245352668
bmi,ensemble,female,pearson_r,features,6,0.4533709982479847
bmi,ensemble,female,pearson_r,features,7,0.440785522363452
bmi,ensemble,female,pearson_r,features,8,0.477635575744077
bmi,ensemble,female,pearson_r,features,9,0.4600759889350944
bmi,ensemble,female,pearson_r,features,10,0.46167982539838
bmi,ensemble,female,pearson_r,features,11,0.4710960121952539
bmi,ensemble,female,pearson_r,features,12,0.4556182548104218
bmi,ensemble,female,pearson_r,features,13,0.4455879246536504
bmi,ensemble,female,pearson_r,features,14,0.4415664822338295
total_scan_vat_area,activity_tm_3kmh,all,pearson_r,features,0,0.4055443461045895
total_scan_vat_area,activity_tm_3kmh,all,pearson_r,features,1,0.4178529927989854
total_scan_vat_area,activity_tm_3kmh,all,pearson_r,features,2,0.4152371548432975
total_scan_vat_area,activity_tm_3kmh,all,pearson_r,features,3,0.4307083358832662
total_scan_vat_area,activity_tm_3kmh,all,pearson_r,features,4,0.399739083999156
total_scan_vat_area,activity_tm_3kmh,all,pearson_r,features,5,0.4103553224277769
total_scan_vat_area,activity_tm_3kmh,all,pearson_r,features,6,0.404944473821467
total_scan_vat_area,activity_tm_3kmh,all,pearson_r,features,7,0.4107018185979477
total_scan_vat_area,activity_tm_3kmh,all,pearson_r,features,8,0.4199245268380387
total_scan_vat_area,activity_tm_3kmh,all,pearson_r,features,9,0.4180772539233968
total_scan_vat_area,activity_tm_3kmh,all,pearson_r,features,10,0.4204311705308501
total_scan_vat_area,activity_tm_3kmh,all,pearson_r,features,11,0.4173676109216416
total_scan_vat_area,activity_tm_3kmh,all,pearson_r,features,12,0.4159675532058329
total_scan_vat_area,activity_tm_3kmh,all,pearson_r,features,13,0.422472858772513
total_scan_vat_area,activity_tm_3kmh,all,pearson_r,features,14,0.4130261000854127
total_scan_vat_area,activity_tm_3kmh,male,pearson_r,features,0,0.3219745886603621
total_scan_vat_area,activity_tm_3kmh,male,pearson_r,features,1,0.3357503217010804
total_scan_vat_area,activity_tm_3kmh,male,pearson_r,features,2,0.3308358236206682
total_scan_vat_area,activity_tm_3kmh,male,pearson_r,features,3,0.3590351172901423
total_scan_vat_area,activity_tm_3kmh,male,pearson_r,features,4,0.3049049522758718
total_scan_vat_area,activity_tm_3kmh,male,pearson_r,features,5,0.3091771159374276
total_scan_vat_area,activity_tm_3kmh,male,pearson_r,features,6,0.3168143572266897
total_scan_vat_area,activity_tm_3kmh,male,pearson_r,features,7,0.327397535089075
total_scan_vat_area,activity_tm_3kmh,male,pearson_r,features,8,0.3444392089255157
total_scan_vat_area,activity_tm_3kmh,male,pearson_r,features,9,0.3423967249325548
total_scan_vat_area,activity_tm_3kmh,male,pearson_r,features,10,0.340952820472416
total_scan_vat_area,activity_tm_3kmh,male,pearson_r,features,11,0.3361606976407646
total_scan_vat_area,activity_tm_3kmh,male,pearson_r,features,12,0.3345538462112595
total_scan_vat_area,activity_tm_3kmh,male,pearson_r,features,13,0.3556772642017891
total_scan_vat_area,activity_tm_3kmh,male,pearson_r,features,14,0.3323051557709074
total_scan_vat_area,activity_tm_3kmh,female,pearson_r,features,0,0.2717163746143892
total_scan_vat_area,activity_tm_3kmh,female,pearson_r,features,1,0.2949708570452546
total_scan_vat_area,activity_tm_3kmh,female,pearson_r,features,2,0.295345581267917
total_scan_vat_area,activity_tm_3kmh,female,pearson_r,features,3,0.2901860013624299
total_scan_vat_area,activity_tm_3kmh,female,pearson_r,features,4,0.2876883610185867
total_scan_vat_area,activity_tm_3kmh,female,pearson_r,features,5,0.3034927471703773
total_scan_vat_area,activity_tm_3kmh,female,pearson_r,features,6,0.2865663463016463
total_scan_vat_area,activity_tm_3kmh,female,pearson_r,features,7,0.2872603121670876
total_scan_vat_area,activity_tm_3kmh,female,pearson_r,features,8,0.2847024654643963
total_scan_vat_area,activity_tm_3kmh,female,pearson_r,features,9,0.2787971919205601
total_scan_vat_area,activity_tm_3kmh,female,pearson_r,features,10,0.2932182959216115
total_scan_vat_area,activity_tm_3kmh,female,pearson_r,features,11,0.2888084637026437
total_scan_vat_area,activity_tm_3kmh,female,pearson_r,features,12,0.2870674560444541
total_scan_vat_area,activity_tm_3kmh,female,pearson_r,features,13,0.2741188609474702
total_scan_vat_area,activity_tm_3kmh,female,pearson_r,features,14,0.280748687057842
total_scan_vat_area,activity_self_selected_gait_speed,all,pearson_r,features,0,0.4212007933104524
total_scan_vat_area,activity_self_selected_gait_speed,all,pearson_r,features,1,0.4309346499341872
total_scan_vat_area,activity_self_selected_gait_speed,all,pearson_r,features,2,0.4290035196502744
total_scan_vat_area,activity_self_selected_gait_speed,all,pearson_r,features,3,0.4275446704131772
total_scan_vat_area,activity_self_selected_gait_speed,all,pearson_r,features,4,0.4197735886975831
total_scan_vat_area,activity_self_selected_gait_speed,all,pearson_r,features,5,0.4384039304615301
total_scan_vat_area,activity_self_selected_gait_speed,all,pearson_r,features,6,0.4350392197441344
total_scan_vat_area,activity_self_selected_gait_speed,all,pearson_r,features,7,0.4313115324005463
total_scan_vat_area,activity_self_selected_gait_speed,all,pearson_r,features,8,0.4298389544519815
total_scan_vat_area,activity_self_selected_gait_speed,all,pearson_r,features,9,0.4310298089957095
total_scan_vat_area,activity_self_selected_gait_speed,all,pearson_r,features,10,0.42421735413589
total_scan_vat_area,activity_self_selected_gait_speed,all,pearson_r,features,11,0.4280855525263967
total_scan_vat_area,activity_self_selected_gait_speed,all,pearson_r,features,12,0.4262459503201385
total_scan_vat_area,activity_self_selected_gait_speed,all,pearson_r,features,13,0.4301854735926073
total_scan_vat_area,activity_self_selected_gait_speed,all,pearson_r,features,14,0.4159498516530402
total_scan_vat_area,activity_self_selected_gait_speed,male,pearson_r,features,0,0.3430897669722355
total_scan_vat_area,activity_self_selected_gait_speed,male,pearson_r,features,1,0.3530985159490808
total_scan_vat_area,activity_self_selected_gait_speed,male,pearson_r,features,2,0.3564667041939263
total_scan_vat_area,activity_self_selected_gait_speed,male,pearson_r,features,3,0.3565589641698397
total_scan_vat_area,activity_self_selected_gait_speed,male,pearson_r,features,4,0.3402584116965772
total_scan_vat_area,activity_self_selected_gait_speed,male,pearson_r,features,5,0.3711429334117094
total_scan_vat_area,activity_self_selected_gait_speed,male,pearson_r,features,6,0.3593463181581767
total_scan_vat_area,activity_self_selected_gait_speed,male,pearson_r,features,7,0.3566842183865999
total_scan_vat_area,activity_self_selected_gait_speed,male,pearson_r,features,8,0.3581421267106375
total_scan_vat_area,activity_self_selected_gait_speed,male,pearson_r,features,9,0.3535657058739663
total_scan_vat_area,activity_self_selected_gait_speed,male,pearson_r,features,10,0.3518074022280882
total_scan_vat_area,activity_self_selected_gait_speed,male,pearson_r,features,11,0.3542664826825119
total_scan_vat_area,activity_self_selected_gait_speed,male,pearson_r,features,12,0.3419158795173773
total_scan_vat_area,activity_self_selected_gait_speed,male,pearson_r,features,13,0.3586004311188963
total_scan_vat_area,activity_self_selected_gait_speed,male,pearson_r,features,14,0.3347041494241563
total_scan_vat_area,activity_self_selected_gait_speed,female,pearson_r,features,0,0.2802164908635023
total_scan_vat_area,activity_self_selected_gait_speed,female,pearson_r,features,1,0.2967777552586083
total_scan_vat_area,activity_self_selected_gait_speed,female,pearson_r,features,2,0.2926111680983674
total_scan_vat_area,activity_self_selected_gait_speed,female,pearson_r,features,3,0.2852075429983045
total_scan_vat_area,activity_self_selected_gait_speed,female,pearson_r,features,4,0.2817123962366198
total_scan_vat_area,activity_self_selected_gait_speed,female,pearson_r,features,5,0.2977289520582308
total_scan_vat_area,activity_self_selected_gait_speed,female,pearson_r,features,6,0.3034641847252032
total_scan_vat_area,activity_self_selected_gait_speed,female,pearson_r,features,7,0.2949236887297418
total_scan_vat_area,activity_self_selected_gait_speed,female,pearson_r,features,8,0.2896902636718479
total_scan_vat_area,activity_self_selected_gait_speed,female,pearson_r,features,9,0.2990129710044806
total_scan_vat_area,activity_self_selected_gait_speed,female,pearson_r,features,10,0.2829564263619268
total_scan_vat_area,activity_self_selected_gait_speed,female,pearson_r,features,11,0.2869897058202307
total_scan_vat_area,activity_self_selected_gait_speed,female,pearson_r,features,12,0.2987751590046872
total_scan_vat_area,activity_self_selected_gait_speed,female,pearson_r,features,13,0.2883241464858255
total_scan_vat_area,activity_self_selected_gait_speed,female,pearson_r,features,14,0.2791308864355846
total_scan_vat_area,activity_stationary_walk,all,pearson_r,features,0,0.4357636278122802
total_scan_vat_area,activity_stationary_walk,all,pearson_r,features,1,0.4338329732831527
total_scan_vat_area,activity_stationary_walk,all,pearson_r,features,2,0.4353271944326183
total_scan_vat_area,activity_stationary_walk,all,pearson_r,features,3,0.4354494769038863
total_scan_vat_area,activity_stationary_walk,all,pearson_r,features,4,0.4303497591091366
total_scan_vat_area,activity_stationary_walk,all,pearson_r,features,5,0.4300551706134555
total_scan_vat_area,activity_stationary_walk,all,pearson_r,features,6,0.430890685186478
total_scan_vat_area,activity_stationary_walk,all,pearson_r,features,7,0.4361060611553002
total_scan_vat_area,activity_stationary_walk,all,pearson_r,features,8,0.4297563944055855
total_scan_vat_area,activity_stationary_walk,all,pearson_r,features,9,0.4344468744608221
total_scan_vat_area,activity_stationary_walk,all,pearson_r,features,10,0.4356305434790353
total_scan_vat_area,activity_stationary_walk,all,pearson_r,features,11,0.4246984587900533
total_scan_vat_area,activity_stationary_walk,all,pearson_r,features,12,0.4389902272964979
total_scan_vat_area,activity_stationary_walk,all,pearson_r,features,13,0.4344395948445807
total_scan_vat_area,activity_stationary_walk,all,pearson_r,features,14,0.4252552371343935
total_scan_vat_area,activity_stationary_walk,male,pearson_r,features,0,0.3663900358689279
total_scan_vat_area,activity_stationary_walk,male,pearson_r,features,1,0.3619311754819712
total_scan_vat_area,activity_stationary_walk,male,pearson_r,features,2,0.3586387773295879
total_scan_vat_area,activity_stationary_walk,male,pearson_r,features,3,0.3574880561548457
total_scan_vat_area,activity_stationary_walk,male,pearson_r,features,4,0.3525000868356331
total_scan_vat_area,activity_stationary_walk,male,pearson_r,features,5,0.3500717779318776
total_scan_vat_area,activity_stationary_walk,male,pearson_r,features,6,0.3586599444070573
total_scan_vat_area,activity_stationary_walk,male,pearson_r,features,7,0.3624114959562355
total_scan_vat_area,activity_stationary_walk,male,pearson_r,features,8,0.3559480855709461
total_scan_vat_area,activity_stationary_walk,male,pearson_r,features,9,0.3611413390380301
total_scan_vat_area,activity_stationary_walk,male,pearson_r,features,10,0.3603372388251741
total_scan_vat_area,activity_stationary_walk,male,pearson_r,features,11,0.3557131872773554
total_scan_vat_area,activity_stationary_walk,male,pearson_r,features,12,0.3662079150585825
total_scan_vat_area,activity_stationary_walk,male,pearson_r,features,13,0.3575500991650252
total_scan_vat_area,activity_stationary_walk,male,pearson_r,features,14,0.3657982476995516
total_scan_vat_area,activity_stationary_walk,female,pearson_r,features,0,0.3110719762440065
total_scan_vat_area,activity_stationary_walk,female,pearson_r,features,1,0.3124855796322667
total_scan_vat_area,activity_stationary_walk,female,pearson_r,features,2,0.3171327789246846
total_scan_vat_area,activity_stationary_walk,female,pearson_r,features,3,0.3169841078268398
total_scan_vat_area,activity_stationary_walk,female,pearson_r,features,4,0.309650711691901
total_scan_vat_area,activity_stationary_walk,female,pearson_r,features,5,0.3108795425366784
total_scan_vat_area,activity_stationary_walk,female,pearson_r,features,6,0.3085921964077668
total_scan_vat_area,activity_stationary_walk,female,pearson_r,features,7,0.3164564207686194
total_scan_vat_area,activity_stationary_walk,female,pearson_r,features,8,0.3062691772015459
total_scan_vat_area,activity_stationary_walk,female,pearson_r,features,9,0.3135246855389713
total_scan_vat_area,activity_stationary_walk,female,pearson_r,features,10,0.3161884602909394
total_scan_vat_area,activity_stationary_walk,female,pearson_r,features,11,0.2953407876246007
total_scan_vat_area,activity_stationary_walk,female,pearson_r,features,12,0.3193945071965641
total_scan_vat_area,activity_stationary_walk,female,pearson_r,features,13,0.3150097043577899
total_scan_vat_area,activity_stationary_walk,female,pearson_r,features,14,0.2905681896606036
total_scan_vat_area,activity_sit_to_stand,all,pearson_r,features,0,0.3261462610005195
total_scan_vat_area,activity_sit_to_stand,all,pearson_r,features,1,0.3286407102780428
total_scan_vat_area,activity_sit_to_stand,all,pearson_r,features,2,0.3371563701400178
total_scan_vat_area,activity_sit_to_stand,all,pearson_r,features,3,0.3250741562257038
total_scan_vat_area,activity_sit_to_stand,all,pearson_r,features,4,0.3433715441408066
total_scan_vat_area,activity_sit_to_stand,all,pearson_r,features,5,0.3303287767319338
total_scan_vat_area,activity_sit_to_stand,all,pearson_r,features,6,0.3399367440066235
total_scan_vat_area,activity_sit_to_stand,all,pearson_r,features,7,0.3730384152270962
total_scan_vat_area,activity_sit_to_stand,all,pearson_r,features,8,0.3120964328574307
total_scan_vat_area,activity_sit_to_stand,all,pearson_r,features,9,0.3220301517486811
total_scan_vat_area,activity_sit_to_stand,all,pearson_r,features,10,0.3739554037062677
total_scan_vat_area,activity_sit_to_stand,all,pearson_r,features,11,0.3543836995716607
total_scan_vat_area,activity_sit_to_stand,all,pearson_r,features,12,0.3171549930212684
total_scan_vat_area,activity_sit_to_stand,all,pearson_r,features,13,0.333270819565827
total_scan_vat_area,activity_sit_to_stand,all,pearson_r,features,14,0.3275247131181095
total_scan_vat_area,activity_sit_to_stand,male,pearson_r,features,0,0.2157937077285877
total_scan_vat_area,activity_sit_to_stand,male,pearson_r,features,1,0.2889232419688751
total_scan_vat_area,activity_sit_to_stand,male,pearson_r,features,2,0.2879410058634946
total_scan_vat_area,activity_sit_to_stand,male,pearson_r,features,3,0.2870766877153939
total_scan_vat_area,activity_sit_to_stand,male,pearson_r,features,4,0.2926711406579865
total_scan_vat_area,activity_sit_to_stand,male,pearson_r,features,5,0.2192927552548654
total_scan_vat_area,activity_sit_to_stand,male,pearson_r,features,6,0.2306427257581561
total_scan_vat_area,activity_sit_to_stand,male,pearson_r,features,7,0.2850647441958102
total_scan_vat_area,activity_sit_to_stand,male,pearson_r,features,8,0.1805699279665503
total_scan_vat_area,activity_sit_to_stand,male,pearson_r,features,9,0.1980137288322683
total_scan_vat_area,activity_sit_to_stand,male,pearson_r,features,10,0.2917048373015271
total_scan_vat_area,activity_sit_to_stand,male,pearson_r,features,11,0.2967182939255643
total_scan_vat_area,activity_sit_to_stand,male,pearson_r,features,12,0.1919772127495811
total_scan_vat_area,activity_sit_to_stand,male,pearson_r,features,13,0.219900524944922
total_scan_vat_area,activity_sit_to_stand,male,pearson_r,features,14,0.215510757280869
total_scan_vat_area,activity_sit_to_stand,female,pearson_r,features,0,0.209257949574617
total_scan_vat_area,activity_sit_to_stand,female,pearson_r,features,1,0.1743852347625939
total_scan_vat_area,activity_sit_to_stand,female,pearson_r,features,2,0.1841194612237662
total_scan_vat_area,activity_sit_to_stand,female,pearson_r,features,3,0.1712779146274577
total_scan_vat_area,activity_sit_to_stand,female,pearson_r,features,4,0.189468782281505
total_scan_vat_area,activity_sit_to_stand,female,pearson_r,features,5,0.2089064174936647
total_scan_vat_area,activity_sit_to_stand,female,pearson_r,features,6,0.2273576492278837
total_scan_vat_area,activity_sit_to_stand,female,pearson_r,features,7,0.2319591422486799
total_scan_vat_area,activity_sit_to_stand,female,pearson_r,features,8,0.2230594864691291
total_scan_vat_area,activity_sit_to_stand,female,pearson_r,features,9,0.2267980901993268
total_scan_vat_area,activity_sit_to_stand,female,pearson_r,features,10,0.2250982263589953
total_scan_vat_area,activity_sit_to_stand,female,pearson_r,features,11,0.2005432825615393
total_scan_vat_area,activity_sit_to_stand,female,pearson_r,features,12,0.2233224920674436
total_scan_vat_area,activity_sit_to_stand,female,pearson_r,features,13,0.2160749178534337
total_scan_vat_area,activity_sit_to_stand,female,pearson_r,features,14,0.2207419483351921
total_scan_vat_area,activity_romberg_closed,all,pearson_r,features,0,0.349502398546777
total_scan_vat_area,activity_romberg_closed,all,pearson_r,features,1,0.3553586385367043
total_scan_vat_area,activity_romberg_closed,all,pearson_r,features,2,0.3545272021047284
total_scan_vat_area,activity_romberg_closed,all,pearson_r,features,3,0.3494516170313147
total_scan_vat_area,activity_romberg_closed,all,pearson_r,features,4,0.3565665777654141
total_scan_vat_area,activity_romberg_closed,all,pearson_r,features,5,0.3550658074611095
total_scan_vat_area,activity_romberg_closed,all,pearson_r,features,6,0.3499631809750431
total_scan_vat_area,activity_romberg_closed,all,pearson_r,features,7,0.3545295243002584
total_scan_vat_area,activity_romberg_closed,all,pearson_r,features,8,0.35164262465372
total_scan_vat_area,activity_romberg_closed,all,pearson_r,features,9,0.3525214455510171
total_scan_vat_area,activity_romberg_closed,all,pearson_r,features,10,0.3578926617690655
total_scan_vat_area,activity_romberg_closed,all,pearson_r,features,11,0.3454026547194853
total_scan_vat_area,activity_romberg_closed,all,pearson_r,features,12,0.3563586912030289
total_scan_vat_area,activity_romberg_closed,all,pearson_r,features,13,0.346453337982649
total_scan_vat_area,activity_romberg_closed,all,pearson_r,features,14,0.3597514229539002
total_scan_vat_area,activity_romberg_closed,male,pearson_r,features,0,0.1911608234842015
total_scan_vat_area,activity_romberg_closed,male,pearson_r,features,1,0.2007646261291732
total_scan_vat_area,activity_romberg_closed,male,pearson_r,features,2,0.1964059511597937
total_scan_vat_area,activity_romberg_closed,male,pearson_r,features,3,0.1904447928169922
total_scan_vat_area,activity_romberg_closed,male,pearson_r,features,4,0.2071826281367297
total_scan_vat_area,activity_romberg_closed,male,pearson_r,features,5,0.1946255371255763
total_scan_vat_area,activity_romberg_closed,male,pearson_r,features,6,0.2004924109798234
total_scan_vat_area,activity_romberg_closed,male,pearson_r,features,7,0.2014086973546573
total_scan_vat_area,activity_romberg_closed,male,pearson_r,features,8,0.2066608600340751
total_scan_vat_area,activity_romberg_closed,male,pearson_r,features,9,0.1873117361634149
total_scan_vat_area,activity_romberg_closed,male,pearson_r,features,10,0.2015811201402527
total_scan_vat_area,activity_romberg_closed,male,pearson_r,features,11,0.1945730345934396
total_scan_vat_area,activity_romberg_closed,male,pearson_r,features,12,0.2139473603646307
total_scan_vat_area,activity_romberg_closed,male,pearson_r,features,13,0.1815106525688759
total_scan_vat_area,activity_romberg_closed,male,pearson_r,features,14,0.2041103221129641
total_scan_vat_area,activity_romberg_closed,female,pearson_r,features,0,0.190745123617046
total_scan_vat_area,activity_romberg_closed,female,pearson_r,features,1,0.1930860752026665
total_scan_vat_area,activity_romberg_closed,female,pearson_r,features,2,0.1951309857507152
total_scan_vat_area,activity_romberg_closed,female,pearson_r,features,3,0.1880359050018489
total_scan_vat_area,activity_romberg_closed,female,pearson_r,features,4,0.1934188388406061
total_scan_vat_area,activity_romberg_closed,female,pearson_r,features,5,0.1990280489613631
total_scan_vat_area,activity_romberg_closed,female,pearson_r,features,6,0.1826472471725451
total_scan_vat_area,activity_romberg_closed,female,pearson_r,features,7,0.1912149152684911
total_scan_vat_area,activity_romberg_closed,female,pearson_r,features,8,0.1803716486999313
total_scan_vat_area,activity_romberg_closed,female,pearson_r,features,9,0.1986928689312426
total_scan_vat_area,activity_romberg_closed,female,pearson_r,features,10,0.199644777692409
total_scan_vat_area,activity_romberg_closed,female,pearson_r,features,11,0.1707645334065823
total_scan_vat_area,activity_romberg_closed,female,pearson_r,features,12,0.1868470203254102
total_scan_vat_area,activity_romberg_closed,female,pearson_r,features,13,0.1853159124409091
total_scan_vat_area,activity_romberg_closed,female,pearson_r,features,14,0.2041871082366466
total_scan_vat_area,ensemble,all,pearson_r,features,0,0.505407569666804
total_scan_vat_area,ensemble,all,pearson_r,features,1,0.5039334673717877
total_scan_vat_area,ensemble,all,pearson_r,features,2,0.5047538022429935
total_scan_vat_area,ensemble,all,pearson_r,features,3,0.5039483135881785
total_scan_vat_area,ensemble,all,pearson_r,features,4,0.4970718822770899
total_scan_vat_area,ensemble,all,pearson_r,features,5,0.5033051455227162
total_scan_vat_area,ensemble,all,pearson_r,features,6,0.5129818215892907
total_scan_vat_area,ensemble,all,pearson_r,features,7,0.5076785598322098
total_scan_vat_area,ensemble,all,pearson_r,features,8,0.5081350883682753
total_scan_vat_area,ensemble,all,pearson_r,features,9,0.5105817345950497
total_scan_vat_area,ensemble,all,pearson_r,features,10,0.5095411119789556
total_scan_vat_area,ensemble,all,pearson_r,features,11,0.5036291111499133
total_scan_vat_area,ensemble,all,pearson_r,features,12,0.5093007085607578
total_scan_vat_area,ensemble,all,pearson_r,features,13,0.51405968432352
total_scan_vat_area,ensemble,all,pearson_r,features,14,0.5095665573110908
total_scan_vat_area,ensemble,male,pearson_r,features,0,0.4788118493197307
total_scan_vat_area,ensemble,male,pearson_r,features,1,0.497141717194285
total_scan_vat_area,ensemble,male,pearson_r,features,2,0.4954443096001236
total_scan_vat_area,ensemble,male,pearson_r,features,3,0.5025927021981742
total_scan_vat_area,ensemble,male,pearson_r,features,4,0.4762647646057916
total_scan_vat_area,ensemble,male,pearson_r,features,5,0.476659075683213
total_scan_vat_area,ensemble,male,pearson_r,features,6,0.4827029947160293
total_scan_vat_area,ensemble,male,pearson_r,features,7,0.4984158345942068
total_scan_vat_area,ensemble,male,pearson_r,features,8,0.4740825111806515
total_scan_vat_area,ensemble,male,pearson_r,features,9,0.4811958597398346
total_scan_vat_area,ensemble,male,pearson_r,features,10,0.5014833753549696
total_scan_vat_area,ensemble,male,pearson_r,features,11,0.4986321390643586
total_scan_vat_area,ensemble,male,pearson_r,features,12,0.4726322354594262
total_scan_vat_area,ensemble,male,pearson_r,features,13,0.4942410668474047
total_scan_vat_area,ensemble,male,pearson_r,features,14,0.4874404569808631
total_scan_vat_area,ensemble,female,pearson_r,features,0,0.415933919330849
total_scan_vat_area,ensemble,female,pearson_r,features,1,0.4122051786397883
total_scan_vat_area,ensemble,female,pearson_r,features,2,0.4182244211741124
total_scan_vat_area,ensemble,female,pearson_r,features,3,0.4032966476508905
total_scan_vat_area,ensemble,female,pearson_r,features,4,0.4106910938279001
total_scan_vat_area,ensemble,female,pearson_r,features,5,0.4324774853818776
total_scan_vat_area,ensemble,female,pearson_r,features,6,0.4390756563222044
total_scan_vat_area,ensemble,female,pearson_r,features,7,0.4308654681069815
total_scan_vat_area,ensemble,female,pearson_r,features,8,0.4290795951768748
total_scan_vat_area,ensemble,female,pearson_r,features,9,0.4339370129402029
total_scan_vat_area,ensemble,female,pearson_r,features,10,0.4286113894471824
total_scan_vat_area,ensemble,female,pearson_r,features,11,0.4111230930603204
total_scan_vat_area,ensemble,female,pearson_r,features,12,0.437111939706872
total_scan_vat_area,ensemble,female,pearson_r,features,13,0.4258356604232339
total_scan_vat_area,ensemble,female,pearson_r,features,14,0.4205878490525239
