system,label,model,sub_model,n_subjects_all,n_subjects_male,n_subjects_female,n_subjects_unknown_sex,n_observations_all,n_observations_male,n_observations_female
anthropometric_group,hips,gait_no_room_A,ensemble,2769,1348,1421,0,2769,1348,1421
anthropometric_group,waist,gait_no_room_A,ensemble,2769,1348,1421,0,2769,1348,1421
anthropometric_group,weight,gait_no_room_A,ensemble,2769,1348,1421,0,2769,1348,1421
blood_tests_lipids,bt__hdl_cholesterol,gait_no_room_A,ensemble,2004,1004,1000,0,2004,1004,1000
blood_tests_lipids,bt__non_hdl_cholesterol,gait_no_room_A,ensemble,1922,963,959,0,1922,963,959
blood_tests_lipids,bt__total_cholesterol,gait_no_room_A,ensemble,2020,1011,1009,0,2020,1011,1009
blood_tests_lipids,bt__triglycerides,gait_no_room_A,ensemble,2022,1015,1007,0,2022,1015,1007
body_composition,body_comp_android_bone_mass,gait_no_room_A,ensemble,2705,1329,1376,0,2705,1329,1376
body_composition,body_comp_android_fat_free_mass,gait_no_room_A,ensemble,2705,1329,1376,0,2705,1329,1376
body_composition,body_comp_android_fat_mass,gait_no_room_A,ensemble,2705,1329,1376,0,2705,1329,1376
body_composition,body_comp_android_lean_mass,gait_no_room_A,ensemble,2705,1329,1376,0,2705,1329,1376
body_composition,body_comp_android_tissue_mass,gait_no_room_A,ensemble,2705,1329,1376,0,2705,1329,1376
body_composition,body_comp_android_total_mass,gait_no_room_A,ensemble,2705,1329,1376,0,2705,1329,1376
body_composition,body_comp_arm_left_bone_mass,gait_no_room_A,ensemble,2705,1329,1376,0,2705,1329,1376
body_composition,body_comp_arm_left_fat_free_mass,gait_no_room_A,ensemble,2705,1329,1376,0,2705,1329,1376
body_composition,body_comp_arm_left_fat_mass,gait_no_room_A,ensemble,2705,1329,1376,0,2705,1329,1376
body_composition,body_comp_arm_left_lean_mass,gait_no_room_A,ensemble,2705,1329,1376,0,2705,1329,1376
body_composition,body_comp_arm_left_tissue_mass,gait_no_room_A,ensemble,2705,1329,1376,0,2705,1329,1376
body_composition,body_comp_arm_left_total_mass,gait_no_room_A,ensemble,2705,1329,1376,0,2705,1329,1376
body_composition,body_comp_arm_right_bone_mass,gait_no_room_A,ensemble,2705,1329,1376,0,2705,1329,1376
body_composition,body_comp_arm_right_fat_free_mass,gait_no_room_A,ensemble,2705,1329,1376,0,2705,1329,1376
body_composition,body_comp_arm_right_fat_mass,gait_no_room_A,ensemble,2705,1329,1376,0,2705,1329,1376
body_composition,body_comp_arm_right_lean_mass,gait_no_room_A,ensemble,2705,1329,1376,0,2705,1329,1376
body_composition,body_comp_arm_right_tissue_mass,gait_no_room_A,ensemble,2705,1329,1376,0,2705,1329,1376
body_composition,body_comp_arm_right_total_mass,gait_no_room_A,ensemble,2705,1329,1376,0,2705,1329,1376
body_composition,body_comp_arms_bone_mass,gait_no_room_A,ensemble,2705,1329,1376,0,2705,1329,1376
body_composition,body_comp_arms_diff_bone_mass,gait_no_room_A,ensemble,2705,1329,1376,0,2705,1329,1376
body_composition,body_comp_arms_diff_fat_free_mass,gait_no_room_A,ensemble,2705,1329,1376,0,2705,1329,1376
body_composition,body_comp_arms_diff_fat_mass,gait_no_room_A,ensemble,2705,1329,1376,0,2705,1329,1376
body_composition,body_comp_arms_diff_lean_mass,gait_no_room_A,ensemble,2705,1329,1376,0,2705,1329,1376
body_composition,body_comp_arms_diff_tissue_mass,gait_no_room_A,ensemble,2705,1329,1376,0,2705,1329,1376
body_composition,body_comp_arms_diff_total_mass,gait_no_room_A,ensemble,2705,1329,1376,0,2705,1329,1376
body_composition,body_comp_arms_fat_free_mass,gait_no_room_A,ensemble,2705,1329,1376,0,2705,1329,1376
body_composition,body_comp_arms_fat_mass,gait_no_room_A,ensemble,2705,1329,1376,0,2705,1329,1376
body_composition,body_comp_arms_lean_mass,gait_no_room_A,ensemble,2705,1329,1376,0,2705,1329,1376
body_composition,body_comp_arms_tissue_mass,gait_no_room_A,ensemble,2705,1329,1376,0,2705,1329,1376
body_composition,body_comp_arms_total_mass,gait_no_room_A,ensemble,2705,1329,1376,0,2705,1329,1376
body_composition,body_comp_gynoid_bone_mass,gait_no_room_A,ensemble,2705,1329,1376,0,2705,1329,1376
body_composition,body_comp_gynoid_fat_free_mass,gait_no_room_A,ensemble,2705,1329,1376,0,2705,1329,1376
body_composition,body_comp_gynoid_fat_mass,gait_no_room_A,ensemble,2705,1329,1376,0,2705,1329,1376
body_composition,body_comp_gynoid_lean_mass,gait_no_room_A,ensemble,2705,1329,1376,0,2705,1329,1376
body_composition,body_comp_gynoid_tissue_mass,gait_no_room_A,ensemble,2705,1329,1376,0,2705,1329,1376
body_composition,body_comp_gynoid_total_mass,gait_no_room_A,ensemble,2705,1329,1376,0,2705,1329,1376
body_composition,body_comp_leg_left_bone_mass,gait_no_room_A,ensemble,2705,1329,1376,0,2705,1329,1376
body_composition,body_comp_leg_left_fat_free_mass,gait_no_room_A,ensemble,2705,1329,1376,0,2705,1329,1376
body_composition,body_comp_leg_left_fat_mass,gait_no_room_A,ensemble,2705,1329,1376,0,2705,1329,1376
body_composition,body_comp_leg_left_lean_mass,gait_no_room_A,ensemble,2705,1329,1376,0,2705,1329,1376
body_composition,body_comp_leg_left_tissue_mass,gait_no_room_A,ensemble,2705,1329,1376,0,2705,1329,1376
body_composition,body_comp_leg_left_total_mass,gait_no_room_A,ensemble,2705,1329,1376,0,2705,1329,1376
body_composition,body_comp_leg_right_bone_mass,gait_no_room_A,ensemble,2705,1329,1376,0,2705,1329,1376
body_composition,body_comp_leg_right_fat_free_mass,gait_no_room_A,ensemble,2705,1329,1376,0,2705,1329,1376
body_composition,body_comp_leg_right_fat_mass,gait_no_room_A,ensemble,2705,1329,1376,0,2705,1329,1376
body_composition,body_comp_leg_right_lean_mass,gait_no_room_A,ensemble,2705,1329,1376,0,2705,1329,1376
body_composition,body_comp_leg_right_tissue_mass,gait_no_room_A,ensemble,2705,1329,1376,0,2705,1329,1376
body_composition,body_comp_leg_right_total_mass,gait_no_room_A,ensemble,2705,1329,1376,0,2705,1329,1376
body_composition,body_comp_legs_bone_mass,gait_no_room_A,ensemble,2705,1329,1376,0,2705,1329,1376
body_composition,body_comp_legs_diff_bone_mass,gait_no_room_A,ensemble,2705,1329,1376,0,2705,1329,1376
body_composition,body_comp_legs_diff_fat_free_mass,gait_no_room_A,ensemble,2705,1329,1376,0,2705,1329,1376
body_composition,body_comp_legs_diff_fat_mass,gait_no_room_A,ensemble,2705,1329,1376,0,2705,1329,1376
body_composition,body_comp_legs_diff_lean_mass,gait_no_room_A,ensemble,2705,1329,1376,0,2705,1329,1376
body_composition,body_comp_legs_diff_tissue_mass,gait_no_room_A,ensemble,2705,1329,1376,0,2705,1329,1376
body_composition,body_comp_legs_diff_total_mass,gait_no_room_A,ensemble,2705,1329,1376,0,2705,1329,1376
body_composition,body_comp_legs_fat_free_mass,gait_no_room_A,ensemble,2705,1329,1376,0,2705,1329,1376
body_composition,body_comp_legs_fat_mass,gait_no_room_A,ensemble,2705,1329,1376,0,2705,1329,1376
body_composition,body_comp_legs_lean_mass,gait_no_room_A,ensemble,2705,1329,1376,0,2705,1329,1376
body_composition,body_comp_legs_tissue_mass,gait_no_room_A,ensemble,2705,1329,1376,0,2705,1329,1376
body_composition,body_comp_legs_total_mass,gait_no_room_A,ensemble,2705,1329,1376,0,2705,1329,1376
body_composition,body_comp_total_bone_mass,gait_no_room_A,ensemble,2705,1329,1376,0,2705,1329,1376
body_composition,body_comp_total_diff_bone_mass,gait_no_room_A,ensemble,2705,1329,1376,0,2705,1329,1376
body_composition,body_comp_total_diff_fat_free_mass,gait_no_room_A,ensemble,2705,1329,1376,0,2705,1329,1376
body_composition,body_comp_total_diff_fat_mass,gait_no_room_A,ensemble,2705,1329,1376,0,2705,1329,1376
body_composition,body_comp_total_diff_lean_mass,gait_no_room_A,ensemble,2705,1329,1376,0,2705,1329,1376
body_composition,body_comp_total_diff_tissue_mass,gait_no_room_A,ensemble,2705,1329,1376,0,2705,1329,1376
body_composition,body_comp_total_diff_total_mass,gait_no_room_A,ensemble,2705,1329,1376,0,2705,1329,1376
body_composition,body_comp_total_fat_free_mass,gait_no_room_A,ensemble,2705,1329,1376,0,2705,1329,1376
body_composition,body_comp_total_fat_mass,gait_no_room_A,ensemble,2705,1329,1376,0,2705,1329,1376
body_composition,body_comp_total_lean_mass,gait_no_room_A,ensemble,2705,1329,1376,0,2705,1329,1376
body_composition,body_comp_total_left_bone_mass,gait_no_room_A,ensemble,2705,1329,1376,0,2705,1329,1376
body_composition,body_comp_total_left_fat_free_mass,gait_no_room_A,ensemble,2705,1329,1376,0,2705,1329,1376
body_composition,body_comp_total_left_fat_mass,gait_no_room_A,ensemble,2705,1329,1376,0,2705,1329,1376
body_composition,body_comp_total_left_lean_mass,gait_no_room_A,ensemble,2705,1329,1376,0,2705,1329,1376
body_composition,body_comp_total_left_tissue_mass,gait_no_room_A,ensemble,2705,1329,1376,0,2705,1329,1376
body_composition,body_comp_total_left_total_mass,gait_no_room_A,ensemble,2705,1329,1376,0,2705,1329,1376
body_composition,body_comp_total_right_bone_mass,gait_no_room_A,ensemble,2705,1329,1376,0,2705,1329,1376
body_composition,body_comp_total_right_fat_free_mass,gait_no_room_A,ensemble,2705,1329,1376,0,2705,1329,1376
body_composition,body_comp_total_right_fat_mass,gait_no_room_A,ensemble,2705,1329,1376,0,2705,1329,1376
body_composition,body_comp_total_right_lean_mass,gait_no_room_A,ensemble,2705,1329,1376,0,2705,1329,1376
body_composition,body_comp_total_right_tissue_mass,gait_no_room_A,ensemble,2705,1329,1376,0,2705,1329,1376
body_composition,body_comp_total_right_total_mass,gait_no_room_A,ensemble,2705,1329,1376,0,2705,1329,1376
body_composition,body_comp_total_tissue_mass,gait_no_room_A,ensemble,2705,1329,1376,0,2705,1329,1376
body_composition,body_comp_total_total_mass,gait_no_room_A,ensemble,2705,1329,1376,0,2705,1329,1376
body_composition,body_comp_trunk_bone_mass,gait_no_room_A,ensemble,2705,1329,1376,0,2705,1329,1376
body_composition,body_comp_trunk_diff_bone_mass,gait_no_room_A,ensemble,2705,1329,1376,0,2705,1329,1376
body_composition,body_comp_trunk_diff_fat_free_mass,gait_no_room_A,ensemble,2705,1329,1376,0,2705,1329,1376
body_composition,body_comp_trunk_diff_fat_mass,gait_no_room_A,ensemble,2705,1329,1376,0,2705,1329,1376
body_composition,body_comp_trunk_diff_lean_mass,gait_no_room_A,ensemble,2705,1329,1376,0,2705,1329,1376
body_composition,body_comp_trunk_diff_tissue_mass,gait_no_room_A,ensemble,2705,1329,1376,0,2705,1329,1376
body_composition,body_comp_trunk_diff_total_mass,gait_no_room_A,ensemble,2705,1329,1376,0,2705,1329,1376
body_composition,body_comp_trunk_fat_free_mass,gait_no_room_A,ensemble,2705,1329,1376,0,2705,1329,1376
body_composition,body_comp_trunk_fat_mass,gait_no_room_A,ensemble,2705,1329,1376,0,2705,1329,1376
body_composition,body_comp_trunk_lean_mass,gait_no_room_A,ensemble,2705,1329,1376,0,2705,1329,1376
body_composition,body_comp_trunk_left_bone_mass,gait_no_room_A,ensemble,2705,1329,1376,0,2705,1329,1376
body_composition,body_comp_trunk_left_fat_free_mass,gait_no_room_A,ensemble,2705,1329,1376,0,2705,1329,1376
body_composition,body_comp_trunk_left_fat_mass,gait_no_room_A,ensemble,2705,1329,1376,0,2705,1329,1376
body_composition,body_comp_trunk_left_lean_mass,gait_no_room_A,ensemble,2705,1329,1376,0,2705,1329,1376
body_composition,body_comp_trunk_left_tissue_mass,gait_no_room_A,ensemble,2705,1329,1376,0,2705,1329,1376
body_composition,body_comp_trunk_left_total_mass,gait_no_room_A,ensemble,2705,1329,1376,0,2705,1329,1376
body_composition,body_comp_trunk_right_bone_mass,gait_no_room_A,ensemble,2705,1329,1376,0,2705,1329,1376
body_composition,body_comp_trunk_right_fat_free_mass,gait_no_room_A,ensemble,2705,1329,1376,0,2705,1329,1376
body_composition,body_comp_trunk_right_fat_mass,gait_no_room_A,ensemble,2705,1329,1376,0,2705,1329,1376
body_composition,body_comp_trunk_right_lean_mass,gait_no_room_A,ensemble,2705,1329,1376,0,2705,1329,1376
body_composition,body_comp_trunk_right_tissue_mass,gait_no_room_A,ensemble,2705,1329,1376,0,2705,1329,1376
body_composition,body_comp_trunk_right_total_mass,gait_no_room_A,ensemble,2705,1329,1376,0,2705,1329,1376
body_composition,body_comp_trunk_tissue_mass,gait_no_room_A,ensemble,2705,1329,1376,0,2705,1329,1376
body_composition,body_comp_trunk_total_mass,gait_no_room_A,ensemble,2705,1329,1376,0,2705,1329,1376
body_composition,height,gait_no_room_A,ensemble,2769,1348,1421,0,2769,1348,1421
body_composition,hips,gait_no_room_A,ensemble,2769,1348,1421,0,2769,1348,1421
body_composition,total_scan_sat_area,gait_no_room_A,ensemble,2702,1328,1374,0,2702,1328,1374
body_composition,total_scan_sat_mass,gait_no_room_A,ensemble,2702,1328,1374,0,2702,1328,1374
body_composition,total_scan_sat_volume,gait_no_room_A,ensemble,2702,1328,1374,0,2702,1328,1374
body_composition,total_scan_vat_area,gait_no_room_A,ensemble,2695,1328,1367,0,2695,1328,1367
body_composition,total_scan_vat_mass,gait_no_room_A,ensemble,2695,1328,1367,0,2695,1328,1367
body_composition,total_scan_vat_volume,gait_no_room_A,ensemble,2695,1328,1367,0,2695,1328,1367
body_composition,waist,gait_no_room_A,ensemble,2769,1348,1421,0,2769,1348,1421
body_composition,weight,gait_no_room_A,ensemble,2769,1348,1421,0,2769,1348,1421
bone_density,body_arm_left_area,gait_no_room_A,ensemble,2707,1330,1377,0,2707,1330,1377
bone_density,body_arm_left_bmc,gait_no_room_A,ensemble,2707,1330,1377,0,2707,1330,1377
bone_density,body_arm_left_bmd,gait_no_room_A,ensemble,2707,1330,1377,0,2707,1330,1377
bone_density,body_arm_right_area,gait_no_room_A,ensemble,2707,1330,1377,0,2707,1330,1377
bone_density,body_arm_right_bmc,gait_no_room_A,ensemble,2707,1330,1377,0,2707,1330,1377
bone_density,body_arm_right_bmd,gait_no_room_A,ensemble,2707,1330,1377,0,2707,1330,1377
bone_density,body_arms_area,gait_no_room_A,ensemble,2707,1330,1377,0,2707,1330,1377
bone_density,body_arms_bmc,gait_no_room_A,ensemble,2707,1330,1377,0,2707,1330,1377
bone_density,body_arms_bmd,gait_no_room_A,ensemble,2707,1330,1377,0,2707,1330,1377
bone_density,body_head_area,gait_no_room_A,ensemble,2707,1330,1377,0,2707,1330,1377
bone_density,body_head_bmc,gait_no_room_A,ensemble,2707,1330,1377,0,2707,1330,1377
bone_density,body_head_bmd,gait_no_room_A,ensemble,2707,1330,1377,0,2707,1330,1377
bone_density,body_leg_left_area,gait_no_room_A,ensemble,2707,1330,1377,0,2707,1330,1377
bone_density,body_leg_left_bmc,gait_no_room_A,ensemble,2707,1330,1377,0,2707,1330,1377
bone_density,body_leg_left_bmd,gait_no_room_A,ensemble,2707,1330,1377,0,2707,1330,1377
bone_density,body_leg_right_area,gait_no_room_A,ensemble,2707,1330,1377,0,2707,1330,1377
bone_density,body_leg_right_bmc,gait_no_room_A,ensemble,2707,1330,1377,0,2707,1330,1377
bone_density,body_leg_right_bmd,gait_no_room_A,ensemble,2707,1330,1377,0,2707,1330,1377
bone_density,body_legs_area,gait_no_room_A,ensemble,2707,1330,1377,0,2707,1330,1377
bone_density,body_legs_bmc,gait_no_room_A,ensemble,2707,1330,1377,0,2707,1330,1377
bone_density,body_legs_bmd,gait_no_room_A,ensemble,2707,1330,1377,0,2707,1330,1377
bone_density,body_pelvis_area,gait_no_room_A,ensemble,2707,1330,1377,0,2707,1330,1377
bone_density,body_pelvis_bmc,gait_no_room_A,ensemble,2707,1330,1377,0,2707,1330,1377
bone_density,body_pelvis_bmd,gait_no_room_A,ensemble,2707,1330,1377,0,2707,1330,1377
bone_density,body_ribs_area,gait_no_room_A,ensemble,2707,1330,1377,0,2707,1330,1377
bone_density,body_ribs_bmc,gait_no_room_A,ensemble,2707,1330,1377,0,2707,1330,1377
bone_density,body_ribs_bmd,gait_no_room_A,ensemble,2707,1330,1377,0,2707,1330,1377
bone_density,body_spine_area,gait_no_room_A,ensemble,2707,1330,1377,0,2707,1330,1377
bone_density,body_spine_bmc,gait_no_room_A,ensemble,2707,1330,1377,0,2707,1330,1377
bone_density,body_spine_bmd,gait_no_room_A,ensemble,2707,1330,1377,0,2707,1330,1377
bone_density,body_total_area,gait_no_room_A,ensemble,2707,1330,1377,0,2707,1330,1377
bone_density,body_total_bmc,gait_no_room_A,ensemble,2707,1330,1377,0,2707,1330,1377
bone_density,body_total_bmd,gait_no_room_A,ensemble,2707,1330,1377,0,2707,1330,1377
bone_density,body_total_left_area,gait_no_room_A,ensemble,2707,1330,1377,0,2707,1330,1377
bone_density,body_total_left_bmc,gait_no_room_A,ensemble,2707,1330,1377,0,2707,1330,1377
bone_density,body_total_left_bmd,gait_no_room_A,ensemble,2707,1330,1377,0,2707,1330,1377
bone_density,body_total_right_area,gait_no_room_A,ensemble,2707,1330,1377,0,2707,1330,1377
bone_density,body_total_right_bmc,gait_no_room_A,ensemble,2707,1330,1377,0,2707,1330,1377
bone_density,body_total_right_bmd,gait_no_room_A,ensemble,2707,1330,1377,0,2707,1330,1377
bone_density,body_trunk_area,gait_no_room_A,ensemble,2707,1330,1377,0,2707,1330,1377
bone_density,body_trunk_bmc,gait_no_room_A,ensemble,2707,1330,1377,0,2707,1330,1377
bone_density,body_trunk_bmd,gait_no_room_A,ensemble,2707,1330,1377,0,2707,1330,1377
bone_density,body_trunk_left_area,gait_no_room_A,ensemble,2707,1330,1377,0,2707,1330,1377
bone_density,body_trunk_left_bmc,gait_no_room_A,ensemble,2707,1330,1377,0,2707,1330,1377
bone_density,body_trunk_left_bmd,gait_no_room_A,ensemble,2707,1330,1377,0,2707,1330,1377
bone_density,body_trunk_right_area,gait_no_room_A,ensemble,2707,1330,1377,0,2707,1330,1377
bone_density,body_trunk_right_bmc,gait_no_room_A,ensemble,2707,1330,1377,0,2707,1330,1377
bone_density,body_trunk_right_bmd,gait_no_room_A,ensemble,2707,1330,1377,0,2707,1330,1377
bone_density,femur_left_lower_neck_area,gait_no_room_A,ensemble,2634,1285,1349,0,2634,1285,1349
bone_density,femur_left_lower_neck_bmc,gait_no_room_A,ensemble,2634,1285,1349,0,2634,1285,1349
bone_density,femur_left_lower_neck_bmd,gait_no_room_A,ensemble,2634,1285,1349,0,2634,1285,1349
bone_density,femur_left_neck_area,gait_no_room_A,ensemble,2634,1285,1349,0,2634,1285,1349
bone_density,femur_left_neck_bmc,gait_no_room_A,ensemble,2634,1285,1349,0,2634,1285,1349
bone_density,femur_left_neck_bmd,gait_no_room_A,ensemble,2634,1285,1349,0,2634,1285,1349
bone_density,femur_left_shaft_area,gait_no_room_A,ensemble,2634,1285,1349,0,2634,1285,1349
bone_density,femur_left_shaft_bmc,gait_no_room_A,ensemble,2634,1285,1349,0,2634,1285,1349
bone_density,femur_left_shaft_bmd,gait_no_room_A,ensemble,2634,1285,1349,0,2634,1285,1349
bone_density,femur_left_total_area,gait_no_room_A,ensemble,2634,1285,1349,0,2634,1285,1349
bone_density,femur_left_total_bmc,gait_no_room_A,ensemble,2634,1285,1349,0,2634,1285,1349
bone_density,femur_left_total_bmd,gait_no_room_A,ensemble,2634,1285,1349,0,2634,1285,1349
bone_density,femur_left_troch_area,gait_no_room_A,ensemble,2634,1285,1349,0,2634,1285,1349
bone_density,femur_left_troch_bmc,gait_no_room_A,ensemble,2634,1285,1349,0,2634,1285,1349
bone_density,femur_left_troch_bmd,gait_no_room_A,ensemble,2634,1285,1349,0,2634,1285,1349
bone_density,femur_left_upper_neck_area,gait_no_room_A,ensemble,2634,1285,1349,0,2634,1285,1349
bone_density,femur_left_upper_neck_bmc,gait_no_room_A,ensemble,2634,1285,1349,0,2634,1285,1349
bone_density,femur_left_upper_neck_bmd,gait_no_room_A,ensemble,2634,1285,1349,0,2634,1285,1349
bone_density,femur_left_wards_area,gait_no_room_A,ensemble,2634,1285,1349,0,2634,1285,1349
bone_density,femur_left_wards_bmc,gait_no_room_A,ensemble,2634,1285,1349,0,2634,1285,1349
bone_density,femur_left_wards_bmd,gait_no_room_A,ensemble,2634,1285,1349,0,2634,1285,1349
bone_density,femur_lower_neck_diff_area,gait_no_room_A,ensemble,2632,1284,1348,0,2632,1284,1348
bone_density,femur_lower_neck_diff_bmc,gait_no_room_A,ensemble,2632,1284,1348,0,2632,1284,1348
bone_density,femur_lower_neck_diff_bmd,gait_no_room_A,ensemble,2632,1284,1348,0,2632,1284,1348
bone_density,femur_lower_neck_mean_area,gait_no_room_A,ensemble,2632,1284,1348,0,2632,1284,1348
bone_density,femur_lower_neck_mean_bmc,gait_no_room_A,ensemble,2632,1284,1348,0,2632,1284,1348
bone_density,femur_lower_neck_mean_bmd,gait_no_room_A,ensemble,2632,1284,1348,0,2632,1284,1348
bone_density,femur_neck_diff_area,gait_no_room_A,ensemble,2632,1284,1348,0,2632,1284,1348
bone_density,femur_neck_diff_bmc,gait_no_room_A,ensemble,2632,1284,1348,0,2632,1284,1348
bone_density,femur_neck_diff_bmd,gait_no_room_A,ensemble,2632,1284,1348,0,2632,1284,1348
bone_density,femur_neck_mean_area,gait_no_room_A,ensemble,2632,1284,1348,0,2632,1284,1348
bone_density,femur_neck_mean_bmc,gait_no_room_A,ensemble,2632,1284,1348,0,2632,1284,1348
bone_density,femur_neck_mean_bmd,gait_no_room_A,ensemble,2632,1284,1348,0,2632,1284,1348
bone_density,femur_right_lower_neck_area,gait_no_room_A,ensemble,2641,1288,1353,0,2641,1288,1353
bone_density,femur_right_lower_neck_bmc,gait_no_room_A,ensemble,2641,1288,1353,0,2641,1288,1353
bone_density,femur_right_lower_neck_bmd,gait_no_room_A,ensemble,2641,1288,1353,0,2641,1288,1353
bone_density,femur_right_neck_area,gait_no_room_A,ensemble,2641,1288,1353,0,2641,1288,1353
bone_density,femur_right_neck_bmc,gait_no_room_A,ensemble,2641,1288,1353,0,2641,1288,1353
bone_density,femur_right_neck_bmd,gait_no_room_A,ensemble,2641,1288,1353,0,2641,1288,1353
bone_density,femur_right_shaft_area,gait_no_room_A,ensemble,2641,1288,1353,0,2641,1288,1353
bone_density,femur_right_shaft_bmc,gait_no_room_A,ensemble,2641,1288,1353,0,2641,1288,1353
bone_density,femur_right_shaft_bmd,gait_no_room_A,ensemble,2641,1288,1353,0,2641,1288,1353
bone_density,femur_right_total_area,gait_no_room_A,ensemble,2641,1288,1353,0,2641,1288,1353
bone_density,femur_right_total_bmc,gait_no_room_A,ensemble,2641,1288,1353,0,2641,1288,1353
bone_density,femur_right_total_bmd,gait_no_room_A,ensemble,2641,1288,1353,0,2641,1288,1353
bone_density,femur_right_troch_area,gait_no_room_A,ensemble,2641,1288,1353,0,2641,1288,1353
bone_density,femur_right_troch_bmc,gait_no_room_A,ensemble,2641,1288,1353,0,2641,1288,1353
bone_density,femur_right_troch_bmd,gait_no_room_A,ensemble,2641,1288,1353,0,2641,1288,1353
bone_density,femur_right_upper_neck_area,gait_no_room_A,ensemble,2641,1288,1353,0,2641,1288,1353
bone_density,femur_right_upper_neck_bmc,gait_no_room_A,ensemble,2641,1288,1353,0,2641,1288,1353
bone_density,femur_right_upper_neck_bmd,gait_no_room_A,ensemble,2641,1288,1353,0,2641,1288,1353
bone_density,femur_right_wards_area,gait_no_room_A,ensemble,2641,1288,1353,0,2641,1288,1353
bone_density,femur_right_wards_bmc,gait_no_room_A,ensemble,2641,1288,1353,0,2641,1288,1353
bone_density,femur_right_wards_bmd,gait_no_room_A,ensemble,2641,1288,1353,0,2641,1288,1353
bone_density,femur_shaft_diff_area,gait_no_room_A,ensemble,2632,1284,1348,0,2632,1284,1348
bone_density,femur_shaft_diff_bmc,gait_no_room_A,ensemble,2632,1284,1348,0,2632,1284,1348
bone_density,femur_shaft_diff_bmd,gait_no_room_A,ensemble,2632,1284,1348,0,2632,1284,1348
bone_density,femur_shaft_mean_area,gait_no_room_A,ensemble,2632,1284,1348,0,2632,1284,1348
bone_density,femur_shaft_mean_bmc,gait_no_room_A,ensemble,2632,1284,1348,0,2632,1284,1348
bone_density,femur_shaft_mean_bmd,gait_no_room_A,ensemble,2632,1284,1348,0,2632,1284,1348
bone_density,femur_total_diff_area,gait_no_room_A,ensemble,2632,1284,1348,0,2632,1284,1348
bone_density,femur_total_diff_bmc,gait_no_room_A,ensemble,2632,1284,1348,0,2632,1284,1348
bone_density,femur_total_diff_bmd,gait_no_room_A,ensemble,2632,1284,1348,0,2632,1284,1348
bone_density,femur_total_mean_area,gait_no_room_A,ensemble,2632,1284,1348,0,2632,1284,1348
bone_density,femur_total_mean_bmc,gait_no_room_A,ensemble,2632,1284,1348,0,2632,1284,1348
bone_density,femur_total_mean_bmd,gait_no_room_A,ensemble,2632,1284,1348,0,2632,1284,1348
bone_density,femur_troch_diff_area,gait_no_room_A,ensemble,2632,1284,1348,0,2632,1284,1348
bone_density,femur_troch_diff_bmc,gait_no_room_A,ensemble,2632,1284,1348,0,2632,1284,1348
bone_density,femur_troch_diff_bmd,gait_no_room_A,ensemble,2632,1284,1348,0,2632,1284,1348
bone_density,femur_troch_mean_area,gait_no_room_A,ensemble,2632,1284,1348,0,2632,1284,1348
bone_density,femur_troch_mean_bmc,gait_no_room_A,ensemble,2632,1284,1348,0,2632,1284,1348
bone_density,femur_troch_mean_bmd,gait_no_room_A,ensemble,2632,1284,1348,0,2632,1284,1348
bone_density,femur_upper_neck_diff_area,gait_no_room_A,ensemble,2632,1284,1348,0,2632,1284,1348
bone_density,femur_upper_neck_diff_bmc,gait_no_room_A,ensemble,2632,1284,1348,0,2632,1284,1348
bone_density,femur_upper_neck_diff_bmd,gait_no_room_A,ensemble,2632,1284,1348,0,2632,1284,1348
bone_density,femur_upper_neck_mean_area,gait_no_room_A,ensemble,2632,1284,1348,0,2632,1284,1348
bone_density,femur_upper_neck_mean_bmc,gait_no_room_A,ensemble,2632,1284,1348,0,2632,1284,1348
bone_density,femur_upper_neck_mean_bmd,gait_no_room_A,ensemble,2632,1284,1348,0,2632,1284,1348
bone_density,femur_wards_diff_area,gait_no_room_A,ensemble,2632,1284,1348,0,2632,1284,1348
bone_density,femur_wards_diff_bmc,gait_no_room_A,ensemble,2632,1284,1348,0,2632,1284,1348
bone_density,femur_wards_diff_bmd,gait_no_room_A,ensemble,2632,1284,1348,0,2632,1284,1348
bone_density,femur_wards_mean_area,gait_no_room_A,ensemble,2632,1284,1348,0,2632,1284,1348
bone_density,femur_wards_mean_bmc,gait_no_room_A,ensemble,2632,1284,1348,0,2632,1284,1348
bone_density,femur_wards_mean_bmd,gait_no_room_A,ensemble,2632,1284,1348,0,2632,1284,1348
bone_density,spine_l1_area,gait_no_room_A,ensemble,2645,1288,1357,0,2645,1288,1357
bone_density,spine_l1_average_height,gait_no_room_A,ensemble,2645,1288,1357,0,2645,1288,1357
bone_density,spine_l1_average_width,gait_no_room_A,ensemble,2645,1288,1357,0,2645,1288,1357
bone_density,spine_l1_bmc,gait_no_room_A,ensemble,2645,1288,1357,0,2645,1288,1357
bone_density,spine_l1_bmd,gait_no_room_A,ensemble,2645,1288,1357,0,2645,1288,1357
bone_density,spine_l1_l2_area,gait_no_room_A,ensemble,2643,1287,1356,0,2643,1287,1356
bone_density,spine_l1_l2_average_height,gait_no_room_A,ensemble,2643,1287,1356,0,2643,1287,1356
bone_density,spine_l1_l2_average_width,gait_no_room_A,ensemble,2643,1287,1356,0,2643,1287,1356
bone_density,spine_l1_l2_bmc,gait_no_room_A,ensemble,2643,1287,1356,0,2643,1287,1356
bone_density,spine_l1_l2_bmd,gait_no_room_A,ensemble,2643,1287,1356,0,2643,1287,1356
bone_density,spine_l1_l3_area,gait_no_room_A,ensemble,2519,1216,1303,0,2519,1216,1303
bone_density,spine_l1_l3_average_height,gait_no_room_A,ensemble,2640,1284,1356,0,2640,1284,1356
bone_density,spine_l1_l3_average_width,gait_no_room_A,ensemble,2640,1284,1356,0,2640,1284,1356
bone_density,spine_l1_l3_bmc,gait_no_room_A,ensemble,2519,1216,1303,0,2519,1216,1303
bone_density,spine_l1_l3_bmd,gait_no_room_A,ensemble,2519,1216,1303,0,2519,1216,1303
bone_density,spine_l1_l4_area,gait_no_room_A,ensemble,2521,1219,1302,0,2521,1219,1302
bone_density,spine_l1_l4_average_height,gait_no_room_A,ensemble,2640,1284,1356,0,2640,1284,1356
bone_density,spine_l1_l4_average_width,gait_no_room_A,ensemble,2640,1284,1356,0,2640,1284,1356
bone_density,spine_l1_l4_bmc,gait_no_room_A,ensemble,2521,1219,1302,0,2521,1219,1302
bone_density,spine_l1_l4_bmd,gait_no_room_A,ensemble,2521,1219,1302,0,2521,1219,1302
bone_density,spine_l2_area,gait_no_room_A,ensemble,2647,1290,1357,0,2647,1290,1357
bone_density,spine_l2_average_height,gait_no_room_A,ensemble,2647,1290,1357,0,2647,1290,1357
bone_density,spine_l2_average_width,gait_no_room_A,ensemble,2647,1290,1357,0,2647,1290,1357
bone_density,spine_l2_bmc,gait_no_room_A,ensemble,2647,1290,1357,0,2647,1290,1357
bone_density,spine_l2_bmd,gait_no_room_A,ensemble,2647,1290,1357,0,2647,1290,1357
bone_density,spine_l2_l3_area,gait_no_room_A,ensemble,2642,1286,1356,0,2642,1286,1356
bone_density,spine_l2_l3_average_height,gait_no_room_A,ensemble,2642,1286,1356,0,2642,1286,1356
bone_density,spine_l2_l3_average_width,gait_no_room_A,ensemble,2642,1286,1356,0,2642,1286,1356
bone_density,spine_l2_l3_bmc,gait_no_room_A,ensemble,2642,1286,1356,0,2642,1286,1356
bone_density,spine_l2_l3_bmd,gait_no_room_A,ensemble,2642,1286,1356,0,2642,1286,1356
bone_density,spine_l2_l4_area,gait_no_room_A,ensemble,2521,1219,1302,0,2521,1219,1302
bone_density,spine_l2_l4_average_height,gait_no_room_A,ensemble,2642,1286,1356,0,2642,1286,1356
bone_density,spine_l2_l4_average_width,gait_no_room_A,ensemble,2642,1286,1356,0,2642,1286,1356
bone_density,spine_l2_l4_bmc,gait_no_room_A,ensemble,2521,1219,1302,0,2521,1219,1302
bone_density,spine_l2_l4_bmd,gait_no_room_A,ensemble,2521,1219,1302,0,2521,1219,1302
bone_density,spine_l3_area,gait_no_room_A,ensemble,2647,1290,1357,0,2647,1290,1357
bone_density,spine_l3_average_height,gait_no_room_A,ensemble,2647,1290,1357,0,2647,1290,1357
bone_density,spine_l3_average_width,gait_no_room_A,ensemble,2647,1290,1357,0,2647,1290,1357
bone_density,spine_l3_bmc,gait_no_room_A,ensemble,2647,1290,1357,0,2647,1290,1357
bone_density,spine_l3_bmd,gait_no_room_A,ensemble,2647,1290,1357,0,2647,1290,1357
bone_density,spine_l3_l4_area,gait_no_room_A,ensemble,2643,1287,1356,0,2643,1287,1356
bone_density,spine_l3_l4_average_height,gait_no_room_A,ensemble,2643,1287,1356,0,2643,1287,1356
bone_density,spine_l3_l4_average_width,gait_no_room_A,ensemble,2643,1287,1356,0,2643,1287,1356
bone_density,spine_l3_l4_bmc,gait_no_room_A,ensemble,2643,1287,1356,0,2643,1287,1356
bone_density,spine_l3_l4_bmd,gait_no_room_A,ensemble,2643,1287,1356,0,2643,1287,1356
bone_density,spine_l4_area,gait_no_room_A,ensemble,2647,1290,1357,0,2647,1290,1357
bone_density,spine_l4_average_height,gait_no_room_A,ensemble,2647,1290,1357,0,2647,1290,1357
bone_density,spine_l4_average_width,gait_no_room_A,ensemble,2647,1290,1357,0,2647,1290,1357
bone_density,spine_l4_bmc,gait_no_room_A,ensemble,2647,1290,1357,0,2647,1290,1357
bone_density,spine_l4_bmd,gait_no_room_A,ensemble,2647,1290,1357,0,2647,1290,1357
cardiovascular_system,automorph_artery_average_width,gait_no_room_A,ensemble,2242,1072,1170,0,2242,1072,1170
cardiovascular_system,automorph_artery_distance_tortuosity,gait_no_room_A,ensemble,2242,1072,1170,0,2242,1072,1170
cardiovascular_system,automorph_artery_fractal_dimension,gait_no_room_A,ensemble,2242,1072,1170,0,2242,1072,1170
cardiovascular_system,automorph_artery_squared_curvature_tortuosity,gait_no_room_A,ensemble,2242,1072,1170,0,2242,1072,1170
cardiovascular_system,automorph_artery_tortuosity_density,gait_no_room_A,ensemble,2242,1072,1170,0,2242,1072,1170
cardiovascular_system,automorph_artery_vessel_density,gait_no_room_A,ensemble,2242,1072,1170,0,2242,1072,1170
cardiovascular_system,automorph_average_width,gait_no_room_A,ensemble,2242,1072,1170,0,2242,1072,1170
cardiovascular_system,automorph_cdr_horizontal,gait_no_room_A,ensemble,922,458,464,0,922,458,464
cardiovascular_system,automorph_cdr_vertical,gait_no_room_A,ensemble,922,458,464,0,922,458,464
cardiovascular_system,automorph_cup_height,gait_no_room_A,ensemble,922,458,464,0,922,458,464
cardiovascular_system,automorph_cup_width,gait_no_room_A,ensemble,922,458,464,0,922,458,464
cardiovascular_system,automorph_disc_height,gait_no_room_A,ensemble,922,458,464,0,922,458,464
cardiovascular_system,automorph_disc_width,gait_no_room_A,ensemble,922,458,464,0,922,458,464
cardiovascular_system,automorph_distance_tortuosity,gait_no_room_A,ensemble,2242,1072,1170,0,2242,1072,1170
cardiovascular_system,automorph_fractal_dimension,gait_no_room_A,ensemble,2242,1072,1170,0,2242,1072,1170
cardiovascular_system,automorph_squared_curvature_tortuosity,gait_no_room_A,ensemble,2242,1072,1170,0,2242,1072,1170
cardiovascular_system,automorph_tortuosity_density,gait_no_room_A,ensemble,2242,1072,1170,0,2242,1072,1170
cardiovascular_system,automorph_vein_average_width,gait_no_room_A,ensemble,2242,1072,1170,0,2242,1072,1170
cardiovascular_system,automorph_vein_distance_tortuosity,gait_no_room_A,ensemble,2242,1072,1170,0,2242,1072,1170
cardiovascular_system,automorph_vein_fractal_dimension,gait_no_room_A,ensemble,2242,1072,1170,0,2242,1072,1170
cardiovascular_system,automorph_vein_squared_curvature_tortuosity,gait_no_room_A,ensemble,2242,1072,1170,0,2242,1072,1170
cardiovascular_system,automorph_vein_tortuosity_density,gait_no_room_A,ensemble,2242,1072,1170,0,2242,1072,1170
cardiovascular_system,automorph_vein_vessel_density,gait_no_room_A,ensemble,2242,1072,1170,0,2242,1072,1170
cardiovascular_system,automorph_vessel_density,gait_no_room_A,ensemble,2242,1072,1170,0,2242,1072,1170
cardiovascular_system,from_l_thigh_to_l_ankle_distance,gait_no_room_A,ensemble,2204,1095,1109,0,2204,1095,1109
cardiovascular_system,from_l_thigh_to_l_ankle_duration,gait_no_room_A,ensemble,2204,1095,1109,0,2204,1095,1109
cardiovascular_system,from_l_thigh_to_l_ankle_pwv,gait_no_room_A,ensemble,2110,1049,1061,0,2110,1049,1061
cardiovascular_system,from_l_thigh_to_l_ankle_transit_time,gait_no_room_A,ensemble,2204,1095,1109,0,2204,1095,1109
cardiovascular_system,from_r_thigh_to_r_ankle_distance,gait_no_room_A,ensemble,2204,1095,1109,0,2204,1095,1109
cardiovascular_system,from_r_thigh_to_r_ankle_duration,gait_no_room_A,ensemble,2204,1095,1109,0,2204,1095,1109
cardiovascular_system,from_r_thigh_to_r_ankle_pwv,gait_no_room_A,ensemble,2119,1051,1068,0,2119,1051,1068
cardiovascular_system,from_r_thigh_to_r_ankle_transit_time,gait_no_room_A,ensemble,2204,1095,1109,0,2204,1095,1109
cardiovascular_system,hr_bpm,gait_no_room_A,ensemble,2767,1347,1420,0,2767,1347,1420
cardiovascular_system,intima_media_th_1_fit,gait_no_room_A,ensemble,1893,931,962,0,1893,931,962
cardiovascular_system,intima_media_th_2_fit,gait_no_room_A,ensemble,1885,925,960,0,1885,925,960
cardiovascular_system,intima_media_th_mm_1_intima_media_thickness,gait_no_room_A,ensemble,2755,1341,1414,0,2755,1341,1414
cardiovascular_system,intima_media_th_mm_1_window_width,gait_no_room_A,ensemble,1893,931,962,0,1893,931,962
cardiovascular_system,intima_media_th_mm_2_intima_media_thickness,gait_no_room_A,ensemble,1885,925,960,0,1885,925,960
cardiovascular_system,intima_media_th_mm_2_window_width,gait_no_room_A,ensemble,1885,925,960,0,1885,925,960
cardiovascular_system,j_mv_I,gait_no_room_A,ensemble,2767,1347,1420,0,2767,1347,1420
cardiovascular_system,j_mv_II,gait_no_room_A,ensemble,2767,1347,1420,0,2767,1347,1420
cardiovascular_system,j_mv_III,gait_no_room_A,ensemble,2767,1347,1420,0,2767,1347,1420
cardiovascular_system,j_mv_V1,gait_no_room_A,ensemble,2767,1347,1420,0,2767,1347,1420
cardiovascular_system,j_mv_V2,gait_no_room_A,ensemble,2767,1347,1420,0,2767,1347,1420
cardiovascular_system,j_mv_V3,gait_no_room_A,ensemble,2767,1347,1420,0,2767,1347,1420
cardiovascular_system,j_mv_V4,gait_no_room_A,ensemble,2767,1347,1420,0,2767,1347,1420
cardiovascular_system,j_mv_V5,gait_no_room_A,ensemble,2767,1347,1420,0,2767,1347,1420
cardiovascular_system,j_mv_V6,gait_no_room_A,ensemble,2767,1347,1420,0,2767,1347,1420
cardiovascular_system,j_mv_aVF,gait_no_room_A,ensemble,2767,1347,1420,0,2767,1347,1420
cardiovascular_system,j_mv_aVL,gait_no_room_A,ensemble,2767,1347,1420,0,2767,1347,1420
cardiovascular_system,j_mv_aVR,gait_no_room_A,ensemble,2767,1347,1420,0,2767,1347,1420
cardiovascular_system,l_abi,gait_no_room_A,ensemble,2756,1342,1414,0,2756,1342,1414
cardiovascular_system,l_ankle_index,gait_no_room_A,ensemble,2756,1342,1414,0,2756,1342,1414
cardiovascular_system,l_ankle_pressure,gait_no_room_A,ensemble,2756,1342,1414,0,2756,1342,1414
cardiovascular_system,l_brachial_index,gait_no_room_A,ensemble,2748,1342,1406,0,2748,1342,1406
cardiovascular_system,l_brachial_pressure,gait_no_room_A,ensemble,2748,1342,1406,0,2748,1342,1406
cardiovascular_system,lying_blood_pressure_diastolic,gait_no_room_A,ensemble,2253,1116,1137,0,2253,1116,1137
cardiovascular_system,lying_blood_pressure_pulse_rate,gait_no_room_A,ensemble,2253,1116,1137,0,2253,1116,1137
cardiovascular_system,lying_blood_pressure_systolic,gait_no_room_A,ensemble,2252,1116,1136,0,2252,1116,1136
cardiovascular_system,p_axis,gait_no_room_A,ensemble,2767,1347,1420,0,2767,1347,1420
cardiovascular_system,p_ms,gait_no_room_A,ensemble,2755,1341,1414,0,2755,1341,1414
cardiovascular_system,p_mv_I,gait_no_room_A,ensemble,2693,1320,1373,0,2693,1320,1373
cardiovascular_system,p_mv_II,gait_no_room_A,ensemble,2731,1329,1402,0,2731,1329,1402
cardiovascular_system,p_mv_III,gait_no_room_A,ensemble,2554,1257,1297,0,2554,1257,1297
cardiovascular_system,p_mv_V1,gait_no_room_A,ensemble,2646,1305,1341,0,2646,1305,1341
cardiovascular_system,p_mv_V2,gait_no_room_A,ensemble,2664,1288,1376,0,2664,1288,1376
cardiovascular_system,p_mv_V3,gait_no_room_A,ensemble,2716,1328,1388,0,2716,1328,1388
cardiovascular_system,p_mv_V4,gait_no_room_A,ensemble,2694,1327,1367,0,2694,1327,1367
cardiovascular_system,p_mv_V5,gait_no_room_A,ensemble,2693,1330,1363,0,2693,1330,1363
cardiovascular_system,p_mv_V6,gait_no_room_A,ensemble,2685,1320,1365,0,2685,1320,1365
cardiovascular_system,p_mv_aVF,gait_no_room_A,ensemble,2622,1287,1335,0,2622,1287,1335
cardiovascular_system,p_mv_aVL,gait_no_room_A,ensemble,1920,979,941,0,1920,979,941
cardiovascular_system,p_mv_aVR,gait_no_room_A,ensemble,2749,1339,1410,0,2749,1339,1410
cardiovascular_system,pr_ms,gait_no_room_A,ensemble,2755,1341,1414,0,2755,1341,1414
cardiovascular_system,q_ms_I,gait_no_room_A,ensemble,1131,627,504,0,1131,627,504
cardiovascular_system,q_ms_II,gait_no_room_A,ensemble,891,391,500,0,891,391,500
cardiovascular_system,q_ms_III,gait_no_room_A,ensemble,1079,504,575,0,1079,504,575
cardiovascular_system,q_ms_V6,gait_no_room_A,ensemble,933,457,476,0,933,457,476
cardiovascular_system,q_ms_aVL,gait_no_room_A,ensemble,1477,760,717,0,1477,760,717
cardiovascular_system,q_ms_aVR,gait_no_room_A,ensemble,1896,911,985,0,1896,911,985
cardiovascular_system,q_mv_I,gait_no_room_A,ensemble,1131,627,504,0,1131,627,504
cardiovascular_system,q_mv_II,gait_no_room_A,ensemble,891,391,500,0,891,391,500
cardiovascular_system,q_mv_III,gait_no_room_A,ensemble,1079,504,575,0,1079,504,575
cardiovascular_system,q_mv_V6,gait_no_room_A,ensemble,933,457,476,0,933,457,476
cardiovascular_system,q_mv_aVL,gait_no_room_A,ensemble,1477,760,717,0,1477,760,717
cardiovascular_system,q_mv_aVR,gait_no_room_A,ensemble,1896,911,985,0,1896,911,985
cardiovascular_system,qrs_axis,gait_no_room_A,ensemble,2767,1347,1420,0,2767,1347,1420
cardiovascular_system,qrs_ms,gait_no_room_A,ensemble,2765,1346,1419,0,2765,1346,1419
cardiovascular_system,qt_ms,gait_no_room_A,ensemble,2765,1346,1419,0,2765,1346,1419
cardiovascular_system,qtc_ms,gait_no_room_A,ensemble,2765,1346,1419,0,2765,1346,1419
cardiovascular_system,r_abi,gait_no_room_A,ensemble,2756,1342,1414,0,2756,1342,1414
cardiovascular_system,r_ankle_index,gait_no_room_A,ensemble,2756,1342,1414,0,2756,1342,1414
cardiovascular_system,r_ankle_pressure,gait_no_room_A,ensemble,2756,1342,1414,0,2756,1342,1414
cardiovascular_system,r_brachial_index,gait_no_room_A,ensemble,2742,1342,1400,0,2742,1342,1400
cardiovascular_system,r_brachial_pressure,gait_no_room_A,ensemble,2742,1342,1400,0,2742,1342,1400
cardiovascular_system,r_ms_I,gait_no_room_A,ensemble,2766,1347,1419,0,2766,1347,1419
cardiovascular_system,r_ms_II,gait_no_room_A,ensemble,2765,1346,1419,0,2765,1346,1419
cardiovascular_system,r_ms_III,gait_no_room_A,ensemble,2716,1319,1397,0,2716,1319,1397
cardiovascular_system,r_ms_V1,gait_no_room_A,ensemble,2700,1323,1377,0,2700,1323,1377
cardiovascular_system,r_ms_V2,gait_no_room_A,ensemble,2755,1340,1415,0,2755,1340,1415
cardiovascular_system,r_ms_V3,gait_no_room_A,ensemble,2764,1345,1419,0,2764,1345,1419
cardiovascular_system,r_ms_V4,gait_no_room_A,ensemble,2764,1344,1420,0,2764,1344,1420
cardiovascular_system,r_ms_V5,gait_no_room_A,ensemble,2765,1346,1419,0,2765,1346,1419
cardiovascular_system,r_ms_V6,gait_no_room_A,ensemble,2765,1346,1419,0,2765,1346,1419
cardiovascular_system,r_ms_aVF,gait_no_room_A,ensemble,2752,1340,1412,0,2752,1340,1412
cardiovascular_system,r_ms_aVL,gait_no_room_A,ensemble,2660,1308,1352,0,2660,1308,1352
cardiovascular_system,r_ms_aVR,gait_no_room_A,ensemble,2321,1170,1151,0,2321,1170,1151
cardiovascular_system,r_mv_I,gait_no_room_A,ensemble,2766,1347,1419,0,2766,1347,1419
cardiovascular_system,r_mv_II,gait_no_room_A,ensemble,2765,1346,1419,0,2765,1346,1419
cardiovascular_system,r_mv_III,gait_no_room_A,ensemble,2716,1319,1397,0,2716,1319,1397
cardiovascular_system,r_mv_V1,gait_no_room_A,ensemble,2700,1323,1377,0,2700,1323,1377
cardiovascular_system,r_mv_V2,gait_no_room_A,ensemble,2755,1340,1415,0,2755,1340,1415
cardiovascular_system,r_mv_V3,gait_no_room_A,ensemble,2764,1345,1419,0,2764,1345,1419
cardiovascular_system,r_mv_V4,gait_no_room_A,ensemble,2764,1344,1420,0,2764,1344,1420
cardiovascular_system,r_mv_V5,gait_no_room_A,ensemble,2765,1346,1419,0,2765,1346,1419
cardiovascular_system,r_mv_V6,gait_no_room_A,ensemble,2765,1346,1419,0,2765,1346,1419
cardiovascular_system,r_mv_aVF,gait_no_room_A,ensemble,2752,1340,1412,0,2752,1340,1412
cardiovascular_system,r_mv_aVL,gait_no_room_A,ensemble,2660,1308,1352,0,2660,1308,1352
cardiovascular_system,r_mv_aVR,gait_no_room_A,ensemble,2321,1170,1151,0,2321,1170,1151
cardiovascular_system,r_r_ms,gait_no_room_A,ensemble,2767,1347,1420,0,2767,1347,1420
cardiovascular_system,s_mv_I,gait_no_room_A,ensemble,1386,785,601,0,1386,785,601
cardiovascular_system,s_mv_II,gait_no_room_A,ensemble,1532,786,746,0,1532,786,746
cardiovascular_system,s_mv_III,gait_no_room_A,ensemble,1664,837,827,0,1664,837,827
cardiovascular_system,s_mv_V1,gait_no_room_A,ensemble,2679,1310,1369,0,2679,1310,1369
cardiovascular_system,s_mv_V2,gait_no_room_A,ensemble,2729,1328,1401,0,2729,1328,1401
cardiovascular_system,s_mv_V3,gait_no_room_A,ensemble,2691,1318,1373,0,2691,1318,1373
cardiovascular_system,s_mv_V4,gait_no_room_A,ensemble,2576,1282,1294,0,2576,1282,1294
cardiovascular_system,s_mv_V5,gait_no_room_A,ensemble,2456,1251,1205,0,2456,1251,1205
cardiovascular_system,s_mv_V6,gait_no_room_A,ensemble,2227,1170,1057,0,2227,1170,1057
cardiovascular_system,s_mv_aVF,gait_no_room_A,ensemble,1536,780,756,0,1536,780,756
cardiovascular_system,s_mv_aVL,gait_no_room_A,ensemble,1417,757,660,0,1417,757,660
cardiovascular_system,s_mv_aVR,gait_no_room_A,ensemble,1372,676,696,0,1372,676,696
cardiovascular_system,sitting_blood_pressure_diastolic,gait_no_room_A,ensemble,2765,1347,1418,0,2765,1347,1418
cardiovascular_system,sitting_blood_pressure_pulse_rate,gait_no_room_A,ensemble,2766,1347,1419,0,2766,1347,1419
cardiovascular_system,sitting_blood_pressure_systolic,gait_no_room_A,ensemble,2766,1347,1419,0,2766,1347,1419
cardiovascular_system,st_mv_I,gait_no_room_A,ensemble,2767,1347,1420,0,2767,1347,1420
cardiovascular_system,st_mv_II,gait_no_room_A,ensemble,2767,1347,1420,0,2767,1347,1420
cardiovascular_system,st_mv_III,gait_no_room_A,ensemble,2767,1347,1420,0,2767,1347,1420
cardiovascular_system,st_mv_V1,gait_no_room_A,ensemble,2767,1347,1420,0,2767,1347,1420
cardiovascular_system,st_mv_V2,gait_no_room_A,ensemble,2767,1347,1420,0,2767,1347,1420
cardiovascular_system,st_mv_V3,gait_no_room_A,ensemble,2767,1347,1420,0,2767,1347,1420
cardiovascular_system,st_mv_V4,gait_no_room_A,ensemble,2767,1347,1420,0,2767,1347,1420
cardiovascular_system,st_mv_V5,gait_no_room_A,ensemble,2767,1347,1420,0,2767,1347,1420
cardiovascular_system,st_mv_V6,gait_no_room_A,ensemble,2767,1347,1420,0,2767,1347,1420
cardiovascular_system,st_mv_aVF,gait_no_room_A,ensemble,2767,1347,1420,0,2767,1347,1420
cardiovascular_system,st_mv_aVL,gait_no_room_A,ensemble,2767,1347,1420,0,2767,1347,1420
cardiovascular_system,st_mv_aVR,gait_no_room_A,ensemble,2767,1347,1420,0,2767,1347,1420
cardiovascular_system,standing_one_min_blood_pressure_diastolic,gait_no_room_A,ensemble,2250,1115,1135,0,2250,1115,1135
cardiovascular_system,standing_one_min_blood_pressure_pulse_rate,gait_no_room_A,ensemble,2250,1115,1135,0,2250,1115,1135
cardiovascular_system,standing_one_min_blood_pressure_systolic,gait_no_room_A,ensemble,2249,1115,1134,0,2249,1115,1134
cardiovascular_system,standing_three_min_blood_pressure_diastolic,gait_no_room_A,ensemble,2251,1116,1135,0,2251,1116,1135
cardiovascular_system,standing_three_min_blood_pressure_pulse_rate,gait_no_room_A,ensemble,2251,1116,1135,0,2251,1116,1135
cardiovascular_system,standing_three_min_blood_pressure_systolic,gait_no_room_A,ensemble,2251,1116,1135,0,2251,1116,1135
cardiovascular_system,t_axis,gait_no_room_A,ensemble,2767,1347,1420,0,2767,1347,1420
cardiovascular_system,t_mv_I,gait_no_room_A,ensemble,2765,1347,1418,0,2765,1347,1418
cardiovascular_system,t_mv_II,gait_no_room_A,ensemble,2760,1343,1417,0,2760,1343,1417
cardiovascular_system,t_mv_III,gait_no_room_A,ensemble,2483,1231,1252,0,2483,1231,1252
cardiovascular_system,t_mv_V1,gait_no_room_A,ensemble,2573,1293,1280,0,2573,1293,1280
cardiovascular_system,t_mv_V2,gait_no_room_A,ensemble,2760,1346,1414,0,2760,1346,1414
cardiovascular_system,t_mv_V3,gait_no_room_A,ensemble,2764,1347,1417,0,2764,1347,1417
cardiovascular_system,t_mv_V4,gait_no_room_A,ensemble,2761,1347,1414,0,2761,1347,1414
cardiovascular_system,t_mv_V5,gait_no_room_A,ensemble,2763,1347,1416,0,2763,1347,1416
cardiovascular_system,t_mv_V6,gait_no_room_A,ensemble,2761,1347,1414,0,2761,1347,1414
cardiovascular_system,t_mv_aVF,gait_no_room_A,ensemble,2673,1298,1375,0,2673,1298,1375
cardiovascular_system,t_mv_aVL,gait_no_room_A,ensemble,2449,1262,1187,0,2449,1262,1187
cardiovascular_system,t_mv_aVR,gait_no_room_A,ensemble,2767,1347,1420,0,2767,1347,1420
frailty,frailty_body_comp_arm_left_lean_mass,gait_no_room_A,ensemble,2705,1329,1376,0,2705,1329,1376
frailty,frailty_body_comp_arm_right_lean_mass,gait_no_room_A,ensemble,2705,1329,1376,0,2705,1329,1376
frailty,frailty_body_comp_leg_left_lean_mass,gait_no_room_A,ensemble,2705,1329,1376,0,2705,1329,1376
frailty,frailty_body_comp_leg_right_lean_mass,gait_no_room_A,ensemble,2705,1329,1376,0,2705,1329,1376
frailty,frailty_height,gait_no_room_A,ensemble,2769,1348,1421,0,2769,1348,1421
frailty,hand_grip_left,gait_no_room_A,ensemble,2769,1348,1421,0,2769,1348,1421
frailty,hand_grip_right,gait_no_room_A,ensemble,2769,1348,1421,0,2769,1348,1421
glycemic_status,iglu_1st_quartile,gait_no_room_A,ensemble,2126,1036,1090,0,2126,1036,1090
glycemic_status,iglu_3rd_quartile,gait_no_room_A,ensemble,2126,1036,1090,0,2126,1036,1090
glycemic_status,iglu_above_140,gait_no_room_A,ensemble,2126,1036,1090,0,2126,1036,1090
glycemic_status,iglu_above_180,gait_no_room_A,ensemble,2126,1036,1090,0,2126,1036,1090
glycemic_status,iglu_above_250,gait_no_room_A,ensemble,2126,1036,1090,0,2126,1036,1090
glycemic_status,iglu_adrr,gait_no_room_A,ensemble,2126,1036,1090,0,2126,1036,1090
glycemic_status,iglu_auc,gait_no_room_A,ensemble,2126,1036,1090,0,2126,1036,1090
glycemic_status,iglu_below_54,gait_no_room_A,ensemble,2126,1036,1090,0,2126,1036,1090
glycemic_status,iglu_below_70,gait_no_room_A,ensemble,2126,1036,1090,0,2126,1036,1090
glycemic_status,iglu_cogi,gait_no_room_A,ensemble,2126,1036,1090,0,2126,1036,1090
glycemic_status,iglu_conga,gait_no_room_A,ensemble,2126,1036,1090,0,2126,1036,1090
glycemic_status,iglu_cv,gait_no_room_A,ensemble,2126,1036,1090,0,2126,1036,1090
glycemic_status,iglu_cv_measures_mean,gait_no_room_A,ensemble,2126,1036,1090,0,2126,1036,1090
glycemic_status,iglu_cv_measures_sd,gait_no_room_A,ensemble,2126,1036,1090,0,2126,1036,1090
glycemic_status,iglu_ea1c,gait_no_room_A,ensemble,2126,1036,1090,0,2126,1036,1090
glycemic_status,iglu_gmi,gait_no_room_A,ensemble,2126,1036,1090,0,2126,1036,1090
glycemic_status,iglu_grade,gait_no_room_A,ensemble,2126,1036,1090,0,2126,1036,1090
glycemic_status,iglu_grade_eugly,gait_no_room_A,ensemble,2126,1036,1090,0,2126,1036,1090
glycemic_status,iglu_grade_hyper,gait_no_room_A,ensemble,2126,1036,1090,0,2126,1036,1090
glycemic_status,iglu_grade_hypo,gait_no_room_A,ensemble,2126,1036,1090,0,2126,1036,1090
glycemic_status,iglu_gvp,gait_no_room_A,ensemble,2126,1036,1090,0,2126,1036,1090
glycemic_status,iglu_hbgi,gait_no_room_A,ensemble,2126,1036,1090,0,2126,1036,1090
glycemic_status,iglu_hyper_index,gait_no_room_A,ensemble,2126,1036,1090,0,2126,1036,1090
glycemic_status,iglu_hypo_index,gait_no_room_A,ensemble,2126,1036,1090,0,2126,1036,1090
glycemic_status,iglu_igc,gait_no_room_A,ensemble,2126,1036,1090,0,2126,1036,1090
glycemic_status,iglu_in_range_63_140,gait_no_room_A,ensemble,2126,1036,1090,0,2126,1036,1090
glycemic_status,iglu_in_range_70_180,gait_no_room_A,ensemble,2126,1036,1090,0,2126,1036,1090
glycemic_status,iglu_iqr,gait_no_room_A,ensemble,2126,1036,1090,0,2126,1036,1090
glycemic_status,iglu_j_index,gait_no_room_A,ensemble,2126,1036,1090,0,2126,1036,1090
glycemic_status,iglu_lbgi,gait_no_room_A,ensemble,2126,1036,1090,0,2126,1036,1090
glycemic_status,iglu_m_value,gait_no_room_A,ensemble,2126,1036,1090,0,2126,1036,1090
glycemic_status,iglu_mad,gait_no_room_A,ensemble,2126,1036,1090,0,2126,1036,1090
glycemic_status,iglu_mag,gait_no_room_A,ensemble,2126,1036,1090,0,2126,1036,1090
glycemic_status,iglu_mage,gait_no_room_A,ensemble,2126,1036,1090,0,2126,1036,1090
glycemic_status,iglu_mean,gait_no_room_A,ensemble,2126,1036,1090,0,2126,1036,1090
glycemic_status,iglu_median,gait_no_room_A,ensemble,2126,1036,1090,0,2126,1036,1090
glycemic_status,iglu_modd,gait_no_room_A,ensemble,2126,1036,1090,0,2126,1036,1090
glycemic_status,iglu_range,gait_no_room_A,ensemble,2126,1036,1090,0,2126,1036,1090
glycemic_status,iglu_sd,gait_no_room_A,ensemble,2126,1036,1090,0,2126,1036,1090
glycemic_status,iglu_sd_roc,gait_no_room_A,ensemble,2126,1036,1090,0,2126,1036,1090
glycemic_status,iglu_sdb,gait_no_room_A,ensemble,2126,1036,1090,0,2126,1036,1090
glycemic_status,iglu_sdbdm,gait_no_room_A,ensemble,2126,1036,1090,0,2126,1036,1090
glycemic_status,iglu_sddm,gait_no_room_A,ensemble,2126,1036,1090,0,2126,1036,1090
glycemic_status,iglu_sdhhmm,gait_no_room_A,ensemble,2126,1036,1090,0,2126,1036,1090
glycemic_status,iglu_sdw,gait_no_room_A,ensemble,2126,1036,1090,0,2126,1036,1090
glycemic_status,iglu_sdwsh,gait_no_room_A,ensemble,2126,1036,1090,0,2126,1036,1090
hematopoietic,bt__ferritin,gait_no_room_A,ensemble,1450,664,786,0,1450,664,786
hematopoietic,bt__hct,gait_no_room_A,ensemble,2754,1344,1410,0,2754,1344,1410
hematopoietic,bt__hemoglobin,gait_no_room_A,ensemble,2754,1344,1410,0,2754,1344,1410
hematopoietic,bt__mch,gait_no_room_A,ensemble,2753,1343,1410,0,2753,1343,1410
hematopoietic,bt__mchc,gait_no_room_A,ensemble,2754,1344,1410,0,2754,1344,1410
hematopoietic,bt__mcv,gait_no_room_A,ensemble,2746,1338,1408,0,2746,1338,1408
hematopoietic,bt__rbc,gait_no_room_A,ensemble,2753,1343,1410,0,2753,1343,1410
hematopoietic,bt__rdw,gait_no_room_A,ensemble,2751,1342,1409,0,2751,1342,1409
high_level_diet_with_stage,AlcoholicDrinks,gait_no_room_A,ensemble,2708,1310,1398,0,2708,1310,1398
high_level_diet_with_stage,Beefveallambandothermeatproducts,gait_no_room_A,ensemble,2708,1310,1398,0,2708,1310,1398
high_level_diet_with_stage,Bread,gait_no_room_A,ensemble,2708,1310,1398,0,2708,1310,1398
high_level_diet_with_stage,Bread_wholewheat,gait_no_room_A,ensemble,2708,1310,1398,0,2708,1310,1398
high_level_diet_with_stage,Cannedvegandfruits,gait_no_room_A,ensemble,2708,1310,1398,0,2708,1310,1398
high_level_diet_with_stage,Cereals,gait_no_room_A,ensemble,2708,1310,1398,0,2708,1310,1398
high_level_diet_with_stage,Deepfriedfoods,gait_no_room_A,ensemble,2708,1310,1398,0,2708,1310,1398
high_level_diet_with_stage,Drinks,gait_no_room_A,ensemble,2708,1310,1398,0,2708,1310,1398
high_level_diet_with_stage,Eggsandtheirproducts,gait_no_room_A,ensemble,2708,1310,1398,0,2708,1310,1398
high_level_diet_with_stage,FastFoods,gait_no_room_A,ensemble,2708,1310,1398,0,2708,1310,1398
high_level_diet_with_stage,Fasting_window,gait_no_room_A,ensemble,2701,1307,1394,0,2701,1307,1394
high_level_diet_with_stage,Fishandseafood,gait_no_room_A,ensemble,2708,1310,1398,0,2708,1310,1398
high_level_diet_with_stage,Foods_per_day,gait_no_room_A,ensemble,2708,1310,1398,0,2708,1310,1398
high_level_diet_with_stage,Foods_per_meal,gait_no_room_A,ensemble,2708,1310,1398,0,2708,1310,1398
high_level_diet_with_stage,Fruits,gait_no_room_A,ensemble,2708,1310,1398,0,2708,1310,1398
high_level_diet_with_stage,Hardcheese,gait_no_room_A,ensemble,2708,1310,1398,0,2708,1310,1398
high_level_diet_with_stage,Industrializedvegetarianfoodreadytoeat,gait_no_room_A,ensemble,2708,1310,1398,0,2708,1310,1398
high_level_diet_with_stage,Lowcaloriesanddietdrinks,gait_no_room_A,ensemble,2708,1310,1398,0,2708,1310,1398
high_level_diet_with_stage,Meals_per_day,gait_no_room_A,ensemble,2708,1310,1398,0,2708,1310,1398
high_level_diet_with_stage,MedOilandfats,gait_no_room_A,ensemble,2708,1310,1398,0,2708,1310,1398
high_level_diet_with_stage,Nutsseedsandproducts,gait_no_room_A,ensemble,2708,1310,1398,0,2708,1310,1398
high_level_diet_with_stage,Oilsandfats,gait_no_room_A,ensemble,2708,1310,1398,0,2708,1310,1398
high_level_diet_with_stage,Others,gait_no_room_A,ensemble,2708,1310,1398,0,2708,1310,1398
high_level_diet_with_stage,PastaGrainsandSidedishes,gait_no_room_A,ensemble,2708,1310,1398,0,2708,1310,1398
high_level_diet_with_stage,PastaGrainsandSidedishes_wholewheat,gait_no_room_A,ensemble,2708,1310,1398,0,2708,1310,1398
high_level_diet_with_stage,Poultryanditsproducts,gait_no_room_A,ensemble,2708,1310,1398,0,2708,1310,1398
high_level_diet_with_stage,Proccessedmeatproducts,gait_no_room_A,ensemble,2708,1310,1398,0,2708,1310,1398
high_level_diet_with_stage,Pulsesandproducts,gait_no_room_A,ensemble,2708,1310,1398,0,2708,1310,1398
high_level_diet_with_stage,Snacks,gait_no_room_A,ensemble,2708,1310,1398,0,2708,1310,1398
high_level_diet_with_stage,Soupsandsauces,gait_no_room_A,ensemble,2708,1310,1398,0,2708,1310,1398
high_level_diet_with_stage,Spicesandherbs,gait_no_room_A,ensemble,2708,1310,1398,0,2708,1310,1398
high_level_diet_with_stage,Vegetables,gait_no_room_A,ensemble,2708,1310,1398,0,2708,1310,1398
high_level_diet_with_stage,alcohol_g,gait_no_room_A,ensemble,2708,1310,1398,0,2708,1310,1398
high_level_diet_with_stage,bakedgoods,gait_no_room_A,ensemble,2708,1310,1398,0,2708,1310,1398
high_level_diet_with_stage,betaine_mg,gait_no_room_A,ensemble,2708,1310,1398,0,2708,1310,1398
high_level_diet_with_stage,biotin_mcg,gait_no_room_A,ensemble,2708,1310,1398,0,2708,1310,1398
high_level_diet_with_stage,caffeine_mg,gait_no_room_A,ensemble,2708,1310,1398,0,2708,1310,1398
high_level_diet_with_stage,calcium_mg,gait_no_room_A,ensemble,2708,1310,1398,0,2708,1310,1398
high_level_diet_with_stage,carbohydrate_g,gait_no_room_A,ensemble,2708,1310,1398,0,2708,1310,1398
high_level_diet_with_stage,cholesterol_mg,gait_no_room_A,ensemble,2708,1310,1398,0,2708,1310,1398
high_level_diet_with_stage,choline_mg,gait_no_room_A,ensemble,2708,1310,1398,0,2708,1310,1398
high_level_diet_with_stage,copper_mg,gait_no_room_A,ensemble,2708,1310,1398,0,2708,1310,1398
high_level_diet_with_stage,energy_kcal,gait_no_room_A,ensemble,2708,1310,1398,0,2708,1310,1398
high_level_diet_with_stage,folate_mcg,gait_no_room_A,ensemble,2708,1310,1398,0,2708,1310,1398
high_level_diet_with_stage,fructose_g,gait_no_room_A,ensemble,2708,1310,1398,0,2708,1310,1398
high_level_diet_with_stage,fruitjuicesandsoftdrinks,gait_no_room_A,ensemble,2708,1310,1398,0,2708,1310,1398
high_level_diet_with_stage,glucose_g,gait_no_room_A,ensemble,2708,1310,1398,0,2708,1310,1398
high_level_diet_with_stage,iodine_mcg,gait_no_room_A,ensemble,2708,1310,1398,0,2708,1310,1398
high_level_diet_with_stage,iron_mg,gait_no_room_A,ensemble,2708,1310,1398,0,2708,1310,1398
high_level_diet_with_stage,linoleic_gm,gait_no_room_A,ensemble,2708,1310,1398,0,2708,1310,1398
high_level_diet_with_stage,linolenic_gm,gait_no_room_A,ensemble,2708,1310,1398,0,2708,1310,1398
high_level_diet_with_stage,lycopene_ug,gait_no_room_A,ensemble,2708,1310,1398,0,2708,1310,1398
high_level_diet_with_stage,magnesium_mg,gait_no_room_A,ensemble,2708,1310,1398,0,2708,1310,1398
high_level_diet_with_stage,manganese_mg,gait_no_room_A,ensemble,2708,1310,1398,0,2708,1310,1398
high_level_diet_with_stage,milkcreamcheeseandyogurts,gait_no_room_A,ensemble,2708,1310,1398,0,2708,1310,1398
high_level_diet_with_stage,mono_to_total_lipids_ratio,gait_no_room_A,ensemble,2708,1310,1398,0,2708,1310,1398
high_level_diet_with_stage,niacin_mg,gait_no_room_A,ensemble,2708,1310,1398,0,2708,1310,1398
high_level_diet_with_stage,pantothenicacid_mg,gait_no_room_A,ensemble,2708,1310,1398,0,2708,1310,1398
high_level_diet_with_stage,pct_alcohol_calories,gait_no_room_A,ensemble,2708,1310,1398,0,2708,1310,1398
high_level_diet_with_stage,pct_carb_calories,gait_no_room_A,ensemble,2708,1310,1398,0,2708,1310,1398
high_level_diet_with_stage,pct_fat_calories,gait_no_room_A,ensemble,2708,1310,1398,0,2708,1310,1398
high_level_diet_with_stage,pct_protein_calories,gait_no_room_A,ensemble,2708,1310,1398,0,2708,1310,1398
high_level_diet_with_stage,pct_saturated_fat_calories,gait_no_room_A,ensemble,2708,1310,1398,0,2708,1310,1398
high_level_diet_with_stage,phosphorus_mg,gait_no_room_A,ensemble,2708,1310,1398,0,2708,1310,1398
high_level_diet_with_stage,phytosterols_mg,gait_no_room_A,ensemble,2708,1310,1398,0,2708,1310,1398
high_level_diet_with_stage,poly_to_total_lipids_ratio,gait_no_room_A,ensemble,2708,1310,1398,0,2708,1310,1398
high_level_diet_with_stage,potassium_mg,gait_no_room_A,ensemble,2708,1310,1398,0,2708,1310,1398
high_level_diet_with_stage,protein_g,gait_no_room_A,ensemble,2708,1310,1398,0,2708,1310,1398
high_level_diet_with_stage,riboflavin_mg,gait_no_room_A,ensemble,2708,1310,1398,0,2708,1310,1398
high_level_diet_with_stage,sat_to_total_lipids_ratio,gait_no_room_A,ensemble,2708,1310,1398,0,2708,1310,1398
high_level_diet_with_stage,selenium_ug,gait_no_room_A,ensemble,2708,1310,1398,0,2708,1310,1398
high_level_diet_with_stage,sodium_mg,gait_no_room_A,ensemble,2708,1310,1398,0,2708,1310,1398
high_level_diet_with_stage,starch_g,gait_no_room_A,ensemble,2708,1310,1398,0,2708,1310,1398
high_level_diet_with_stage,sucrose_g,gait_no_room_A,ensemble,2708,1310,1398,0,2708,1310,1398
high_level_diet_with_stage,sugarstotal_g,gait_no_room_A,ensemble,2708,1310,1398,0,2708,1310,1398
high_level_diet_with_stage,sweetmilkproducts,gait_no_room_A,ensemble,2708,1310,1398,0,2708,1310,1398
high_level_diet_with_stage,sweets,gait_no_room_A,ensemble,2708,1310,1398,0,2708,1310,1398
high_level_diet_with_stage,thiamin_mg,gait_no_room_A,ensemble,2708,1310,1398,0,2708,1310,1398
high_level_diet_with_stage,totaldietaryfiber_g,gait_no_room_A,ensemble,2708,1310,1398,0,2708,1310,1398
high_level_diet_with_stage,totallipid_g,gait_no_room_A,ensemble,2708,1310,1398,0,2708,1310,1398
high_level_diet_with_stage,totalmonounsaturatedfattyacids_g,gait_no_room_A,ensemble,2708,1310,1398,0,2708,1310,1398
high_level_diet_with_stage,totalpolyunsaturatedfattyacids_g,gait_no_room_A,ensemble,2708,1310,1398,0,2708,1310,1398
high_level_diet_with_stage,totalsaturatedfattyacids_g,gait_no_room_A,ensemble,2708,1310,1398,0,2708,1310,1398
high_level_diet_with_stage,totaltransfattyacids_g,gait_no_room_A,ensemble,2708,1310,1398,0,2708,1310,1398
high_level_diet_with_stage,vitamina_iu,gait_no_room_A,ensemble,2708,1310,1398,0,2708,1310,1398
high_level_diet_with_stage,vitaminb12_ug,gait_no_room_A,ensemble,2708,1310,1398,0,2708,1310,1398
high_level_diet_with_stage,vitaminb6_mg,gait_no_room_A,ensemble,2708,1310,1398,0,2708,1310,1398
high_level_diet_with_stage,vitaminc_mg,gait_no_room_A,ensemble,2708,1310,1398,0,2708,1310,1398
high_level_diet_with_stage,vitamind_iu,gait_no_room_A,ensemble,2708,1310,1398,0,2708,1310,1398
high_level_diet_with_stage,vitamine_mg,gait_no_room_A,ensemble,2708,1310,1398,0,2708,1310,1398
high_level_diet_with_stage,vitamink_ug,gait_no_room_A,ensemble,2708,1310,1398,0,2708,1310,1398
high_level_diet_with_stage,zinc_mg,gait_no_room_A,ensemble,2708,1310,1398,0,2708,1310,1398
immune_system,bt__basophils_%,gait_no_room_A,ensemble,2754,1344,1410,0,2754,1344,1410
immune_system,bt__basophils_abs,gait_no_room_A,ensemble,2754,1344,1410,0,2754,1344,1410
immune_system,bt__eosinophils_%,gait_no_room_A,ensemble,2753,1344,1409,0,2753,1344,1409
immune_system,bt__eosinophils_abs,gait_no_room_A,ensemble,2753,1344,1409,0,2753,1344,1409
immune_system,bt__lymphocytes_%,gait_no_room_A,ensemble,2754,1344,1410,0,2754,1344,1410
immune_system,bt__lymphocytes_abs,gait_no_room_A,ensemble,2754,1344,1410,0,2754,1344,1410
immune_system,bt__monocytes_%,gait_no_room_A,ensemble,2754,1344,1410,0,2754,1344,1410
immune_system,bt__monocytes_abs,gait_no_room_A,ensemble,2754,1344,1410,0,2754,1344,1410
immune_system,bt__neutrophils_%,gait_no_room_A,ensemble,2754,1344,1410,0,2754,1344,1410
immune_system,bt__neutrophils_abs,gait_no_room_A,ensemble,2754,1344,1410,0,2754,1344,1410
immune_system,bt__wbc,gait_no_room_A,ensemble,2754,1344,1410,0,2754,1344,1410
lifestyle_group,beer_cider_pints_week,gait_no_room_A,ensemble,1777,903,874,0,1777,903,874
lifestyle_group,climb_staires_tymes_a_day_1-5,gait_no_room_A,ensemble,2504,1205,1299,0,2504,1205,1299
lifestyle_group,climb_staires_tymes_a_day_11-15,gait_no_room_A,ensemble,2504,1205,1299,0,2504,1205,1299
lifestyle_group,climb_staires_tymes_a_day_16-20,gait_no_room_A,ensemble,2504,1205,1299,0,2504,1205,1299
lifestyle_group,climb_staires_tymes_a_day_6-10,gait_no_room_A,ensemble,2504,1205,1299,0,2504,1205,1299
lifestyle_group,climb_staires_tymes_a_day_More than 20 times,gait_no_room_A,ensemble,2504,1205,1299,0,2504,1205,1299
lifestyle_group,climb_staires_tymes_a_day_Zero,gait_no_room_A,ensemble,2504,1205,1299,0,2504,1205,1299
lifestyle_group,fortified_wine__glasses_week,gait_no_room_A,ensemble,1724,861,863,0,1724,861,863
lifestyle_group,high_exercise_duration_Between 2 and 3 hours,gait_no_room_A,ensemble,2504,1205,1299,0,2504,1205,1299
lifestyle_group,high_exercise_duration_Between a quarter of an hour and half an hour,gait_no_room_A,ensemble,2504,1205,1299,0,2504,1205,1299
lifestyle_group,high_exercise_duration_Between an hour and a half and two hours,gait_no_room_A,ensemble,2504,1205,1299,0,2504,1205,1299
lifestyle_group,high_exercise_duration_Between an hour and an hour and a half,gait_no_room_A,ensemble,2504,1205,1299,0,2504,1205,1299
lifestyle_group,high_exercise_duration_Between half an hour and an hour,gait_no_room_A,ensemble,2504,1205,1299,0,2504,1205,1299
lifestyle_group,high_exercise_duration_Less than a quarter of an hour,gait_no_room_A,ensemble,2504,1205,1299,0,2504,1205,1299
lifestyle_group,high_exercise_duration_Over 3 hours,gait_no_room_A,ensemble,2504,1205,1299,0,2504,1205,1299
lifestyle_group,high_exercise_times_a_month_Every day,gait_no_room_A,ensemble,2504,1205,1299,0,2504,1205,1299
lifestyle_group,high_exercise_times_a_month_Four to five times a week,gait_no_room_A,ensemble,2504,1205,1299,0,2504,1205,1299
lifestyle_group,high_exercise_times_a_month_Once a week,gait_no_room_A,ensemble,2504,1205,1299,0,2504,1205,1299
lifestyle_group,high_exercise_times_a_month_Once in the last month,gait_no_room_A,ensemble,2504,1205,1299,0,2504,1205,1299
lifestyle_group,high_exercise_times_a_month_Two or three times a week,gait_no_room_A,ensemble,2504,1205,1299,0,2504,1205,1299
lifestyle_group,high_exercise_times_a_month_Two or three times in the last month,gait_no_room_A,ensemble,2504,1205,1299,0,2504,1205,1299
lifestyle_group,hours_driving,gait_no_room_A,ensemble,2368,1143,1225,0,2368,1143,1225
lifestyle_group,hours_outdoors_summer,gait_no_room_A,ensemble,2358,1136,1222,0,2358,1136,1222
lifestyle_group,hours_outdoors_winter,gait_no_room_A,ensemble,2348,1136,1212,0,2348,1136,1212
lifestyle_group,hours_using_computer_not_work,gait_no_room_A,ensemble,2379,1144,1235,0,2379,1144,1235
lifestyle_group,hours_watching_tv,gait_no_room_A,ensemble,2399,1153,1246,0,2399,1153,1246
lifestyle_group,liqueurs_measures_week,gait_no_room_A,ensemble,1752,868,884,0,1752,868,884
lifestyle_group,manual_physical_work_Always,gait_no_room_A,ensemble,2504,1205,1299,0,2504,1205,1299
lifestyle_group,manual_physical_work_no,gait_no_room_A,ensemble,2504,1205,1299,0,2504,1205,1299
lifestyle_group,manual_physical_work_sometimes,gait_no_room_A,ensemble,2504,1205,1299,0,2504,1205,1299
lifestyle_group,manual_physical_work_usually,gait_no_room_A,ensemble,2504,1205,1299,0,2504,1205,1299
lifestyle_group,moderate_activity_minutes,gait_no_room_A,ensemble,2355,1138,1217,0,2355,1138,1217
lifestyle_group,other_alcoholic_glasses_week,gait_no_room_A,ensemble,1675,829,846,0,1675,829,846
lifestyle_group,physical_activity_maderate_days_a_week,gait_no_room_A,ensemble,2369,1150,1219,0,2369,1150,1219
lifestyle_group,sleep_hours_in_24H,gait_no_room_A,ensemble,2391,1151,1240,0,2391,1151,1240
lifestyle_group,usual_walking_pace_Average,gait_no_room_A,ensemble,2504,1205,1299,0,2504,1205,1299
lifestyle_group,usual_walking_pace_Fast,gait_no_room_A,ensemble,2504,1205,1299,0,2504,1205,1299
lifestyle_group,usual_walking_pace_Moderate,gait_no_room_A,ensemble,2504,1205,1299,0,2504,1205,1299
lifestyle_group,usual_walking_pace_Slow,gait_no_room_A,ensemble,2504,1205,1299,0,2504,1205,1299
lifestyle_group,vigorous_activity_minutes,gait_no_room_A,ensemble,2227,1085,1142,0,2227,1085,1142
lifestyle_group,walking_10min_days_a_week,gait_no_room_A,ensemble,2418,1158,1260,0,2418,1158,1260
lifestyle_group,walking_minutes_day,gait_no_room_A,ensemble,2357,1137,1220,0,2357,1137,1220
lifestyle_group,white_wine_glasses_week,gait_no_room_A,ensemble,1830,907,923,0,1830,907,923
lifestyle_group,work_days_a_week,gait_no_room_A,ensemble,2313,1138,1175,0,2313,1138,1175
lifestyle_group,work_hours,gait_no_room_A,ensemble,2325,1135,1190,0,2325,1135,1190
lifestyle_group,work_hours_day,gait_no_room_A,ensemble,2150,1045,1105,0,2150,1045,1105
liver,liver_attenuation,gait_no_room_A,ensemble,2756,1342,1414,0,2756,1342,1414
liver,liver_elasticity,gait_no_room_A,ensemble,2757,1343,1414,0,2757,1343,1414
liver,liver_sound_speed,gait_no_room_A,ensemble,2756,1342,1414,0,2756,1342,1414
liver,liver_viscosity,gait_no_room_A,ensemble,2757,1343,1414,0,2757,1343,1414
mental,depressed_hopeless_fortnight,gait_no_room_A,ensemble,2553,1234,1319,0,2553,1234,1319
mental,depressed_longest_period_weeks,gait_no_room_A,ensemble,2496,1198,1298,0,2496,1198,1298
mental,depressed_whole_week,gait_no_room_A,ensemble,2484,1193,1291,0,2484,1193,1291
mental,depressed_whole_week_periods,gait_no_room_A,ensemble,2496,1198,1298,0,2496,1198,1298
mental,family_relationship_satisfaction,gait_no_room_A,ensemble,2568,1238,1330,0,2568,1238,1330
mental,fed-up_often,gait_no_room_A,ensemble,2460,1190,1270,0,2460,1190,1270
mental,feeling_lonley_often,gait_no_room_A,ensemble,2507,1217,1290,0,2507,1217,1290
mental,fidgety_or_restless_fortnight,gait_no_room_A,ensemble,2548,1230,1318,0,2548,1230,1318
mental,financial_situation_satisfaction,gait_no_room_A,ensemble,2566,1238,1328,0,2566,1238,1328
mental,friendships_satisfaction,gait_no_room_A,ensemble,2565,1235,1330,0,2565,1235,1330
mental,happiness_level,gait_no_room_A,ensemble,2553,1235,1318,0,2553,1235,1318
mental,health_satisfaction,gait_no_room_A,ensemble,2568,1239,1329,0,2568,1239,1329
mental,hyper_least_two_days,gait_no_room_A,ensemble,2511,1210,1301,0,2511,1210,1301
mental,irritable_person,gait_no_room_A,ensemble,2450,1183,1267,0,2450,1183,1267
mental,irritablilty_leading_to_argumens,gait_no_room_A,ensemble,2481,1192,1289,0,2481,1192,1289
mental,little_interest_or_pleasure_fortnight,gait_no_room_A,ensemble,2555,1230,1325,0,2555,1230,1325
mental,miserable_no_reason,gait_no_room_A,ensemble,2503,1207,1296,0,2503,1207,1296
mental,mood_swings,gait_no_room_A,ensemble,2505,1210,1295,0,2505,1210,1295
mental,nerves_anxiety_tension_depression_doctor,gait_no_room_A,ensemble,2554,1235,1319,0,2554,1235,1319
mental,nerves_anxiety_tension_depression_psychiatrist,gait_no_room_A,ensemble,2560,1235,1325,0,2560,1235,1325
mental,nervous_person,gait_no_room_A,ensemble,2505,1213,1292,0,2505,1213,1292
mental,rds_score,gait_no_room_A,ensemble,2534,1224,1310,0,2534,1224,1310
mental,risks_taker,gait_no_room_A,ensemble,2199,1058,1141,0,2199,1058,1141
mental,suffer_nerves,gait_no_room_A,ensemble,2494,1207,1287,0,2494,1207,1287
mental,tense_or_highly_strung,gait_no_room_A,ensemble,2495,1206,1289,0,2495,1206,1289
mental,tired_or_little_energy_fortnight,gait_no_room_A,ensemble,2553,1228,1325,0,2553,1228,1325
mental,troubled_by_guilt,gait_no_room_A,ensemble,2496,1207,1289,0,2496,1207,1289
mental,unenjoyment_uninterested_whole_week,gait_no_room_A,ensemble,2389,1168,1221,0,2389,1168,1221
mental,work_satisfaction,gait_no_room_A,ensemble,2461,1212,1249,0,2461,1212,1249
mental,worrier,gait_no_room_A,ensemble,2512,1213,1299,0,2512,1213,1299
mental,worry_long_after_embarrassment,gait_no_room_A,ensemble,2448,1198,1250,0,2448,1198,1250
metabolites_annotated,1 11-Undecanedicarboxylic acid,gait_no_room_A,ensemble,1664,853,811,0,1664,853,811
metabolites_annotated,1 3-Dimethyluric acid_3 7-Dimethyluric acid_7 9-Dimethyluric acid_	1 7-Dimethyluric acid_3 9-Dimethyluric acid_1 9-Dimethyluric acid,gait_no_room_A,ensemble,1664,853,811,0,1664,853,811
metabolites_annotated,11beta-hydroxyandrosterone glucuronide,gait_no_room_A,ensemble,1664,853,811,0,1664,853,811
metabolites_annotated,12a-Hydroxy-3-oxocholadienic acid_Bufalin,gait_no_room_A,ensemble,1664,853,811,0,1664,853,811
metabolites_annotated,15 16-DiHODE,gait_no_room_A,ensemble,1664,853,811,0,1664,853,811
metabolites_annotated,16a-Hydroxydehydroepiandrosterone 3-sulfate_16b-Hydroxydehydroepiandrosterone sulfate_16a-Hydroxy dhea 3-sulfuric acid,gait_no_room_A,ensemble,1664,853,811,0,1664,853,811
metabolites_annotated,16alpha-Hydroxy DHEA 3-sulfate_	16beta-Hydroxydehydroepiandrosterone sulfate_16a-Hydroxy dhea 3-sulphate,gait_no_room_A,ensemble,1664,853,811,0,1664,853,811
metabolites_annotated,2 3-Methylene suberic acid_Decadienedioic acid _2E 4E)-2 7-Dimethyl-2 4-octadienedioic acid_3 4-Methylene suberic acid,gait_no_room_A,ensemble,1664,853,811,0,1664,853,811
metabolites_annotated,2 5-Dihydroxybenzenesulfonic Acid _Hydroquinone sulfate_Pyrocatechol sulfate,gait_no_room_A,ensemble,1664,853,811,0,1664,853,811
metabolites_annotated,2-Carboxy-4-dodecanolide,gait_no_room_A,ensemble,1664,853,811,0,1664,853,811
metabolites_annotated,2-aminophenol sulfate,gait_no_room_A,ensemble,1664,853,811,0,1664,853,811
metabolites_annotated,2-propenamide  3-(3 4-dihydroxyphenyl)- (caffeic acid amide),gait_no_room_A,ensemble,1664,853,811,0,1664,853,811
metabolites_annotated,2H-1-Benzopyran-2-one  7-(sulfooxy)-    (7-Sulfooxycoumarin),gait_no_room_A,ensemble,1664,853,811,0,1664,853,811
metabolites_annotated,3 4-Methyleneazelaic acid,gait_no_room_A,ensemble,1664,853,811,0,1664,853,811
metabolites_annotated,3 4-Methylenesebacic acid_Senkyunolide N,gait_no_room_A,ensemble,1664,853,811,0,1664,853,811
metabolites_annotated,3 5-Dichloro-2 6-dihydroxybenzoic acid,gait_no_room_A,ensemble,1664,853,811,0,1664,853,811
metabolites_annotated,3- Allylphenol sulfate_	4- Allylphenol sulfate,gait_no_room_A,ensemble,1664,853,811,0,1664,853,811
metabolites_annotated,3-(3 5-dihydroxyphenyl)-1-propanoic acid sulphate_3-hydroxy-3-(3-hydroxyphenyl)propanoic acid-O-sulphate,gait_no_room_A,ensemble,1664,853,811,0,1664,853,811
metabolites_annotated,3-(3 5-dihydroxyphenyl)-1-propanoic acid sulphate_3-hydroxy-3-(3-hydroxyphenyl)propanoic acid-O-sulphate_dihydrocaffeate sulfate,gait_no_room_A,ensemble,1664,853,811,0,1664,853,811
metabolites_annotated,3-Bromo-5-chloro-2 6-dihydroxybenzoic acid,gait_no_room_A,ensemble,1664,853,811,0,1664,853,811
metabolites_annotated,3-Carboxy-4-methyl-5-propyl-2-furanpropionic acid,gait_no_room_A,ensemble,1664,853,811,0,1664,853,811
metabolites_annotated,3-Hydroxypyridine sulfate,gait_no_room_A,ensemble,1664,853,811,0,1664,853,811
metabolites_annotated,3-Hydroxytetradecanoic acid_(R)-3-Hydroxytetradecanoic acid_ 2-Hydroxymyristic acid,gait_no_room_A,ensemble,1664,853,811,0,1664,853,811
metabolites_annotated,3-Phenylpropionic acid sulfate,gait_no_room_A,ensemble,1664,853,811,0,1664,853,811
metabolites_annotated,3-[4-methoxy-3-(sulfooxy)phenyl]propanoic acid_Dihydroferulic acid 4-O-sulfate,gait_no_room_A,ensemble,1664,853,811,0,1664,853,811
metabolites_annotated,3-carboxy-4-methyl-5-pentyl-2-furanpropanoic acid(3-CMPFP),gait_no_room_A,ensemble,1664,853,811,0,1664,853,811
metabolites_annotated,3-indoxyl sulfate_	7-Hydroxyindole sulfate_6-Hydroxyindole sulfate,gait_no_room_A,ensemble,1664,853,811,0,1664,853,811
metabolites_annotated,3a 7b 12a-Trihydroxyoxocholanyl-Glycine_Glycohyocholic acid_Glycocholic acid,gait_no_room_A,ensemble,1664,853,811,0,1664,853,811
metabolites_annotated,4-Ethylphenylsulfate_3-Ethylphenylsulfate,gait_no_room_A,ensemble,1664,853,811,0,1664,853,811
metabolites_annotated,4-Ethylphenylsulfate_3-Ethylphenylsulfate.1,gait_no_room_A,ensemble,1664,853,811,0,1664,853,811
metabolites_annotated,4-Hydroxy-5-(dihydroxyphenyl)-valeric acid-O-sulphate,gait_no_room_A,ensemble,1664,853,811,0,1664,853,811
metabolites_annotated,4-Hydroxyphenylacetic acid sulfate,gait_no_room_A,ensemble,1664,853,811,0,1664,853,811
metabolites_annotated,4-Methylcatechol 1-sulfate_3-Methylcatechol 1-sulfate_O-methoxycatechol-O-sulphate_4-methoxyphenyl ester _3-Methoxyphenol sulfate,gait_no_room_A,ensemble,1664,853,811,0,1664,853,811
metabolites_annotated,4-Methylcatechol 1-sulfate_3-Methylcatechol 1-sulfate_O-methoxycatechol-O-sulphate_4-methoxyphenyl ester _3-Methoxyphenol sulfate.1,gait_no_room_A,ensemble,1664,853,811,0,1664,853,811
metabolites_annotated,4-Vinylphenol sulfate,gait_no_room_A,ensemble,1664,853,811,0,1664,853,811
metabolites_annotated,6-Hydroxyindoxyl sulfate,gait_no_room_A,ensemble,1664,853,811,0,1664,853,811
metabolites_annotated,7-Carboxy-gamma-tocotrienol,gait_no_room_A,ensemble,1664,853,811,0,1664,853,811
metabolites_annotated,7-HOC acid,gait_no_room_A,ensemble,1664,853,811,0,1664,853,811
metabolites_annotated,7-Hoca,gait_no_room_A,ensemble,1664,853,811,0,1664,853,811
metabolites_annotated,Acetaminophen glucuronide,gait_no_room_A,ensemble,1664,853,811,0,1664,853,811
metabolites_annotated,Atractyligenin 2-glucuronide,gait_no_room_A,ensemble,1664,853,811,0,1664,853,811
metabolites_annotated,Bilirubin_Lumirubin_(4E 15E)-Bilirubin_(4E 15Z)-Bilirubin,gait_no_room_A,ensemble,1664,853,811,0,1664,853,811
metabolites_annotated,C20H26O7,gait_no_room_A,ensemble,1664,853,811,0,1664,853,811
metabolites_annotated,C20H26O8,gait_no_room_A,ensemble,1664,853,811,0,1664,853,811
metabolites_annotated,Caffeic acid 4-O-sulfate_Caffeic acid 3-O-sulfate_ 3 5-Dihydroxycinnamic acid sulfate,gait_no_room_A,ensemble,1664,853,811,0,1664,853,811
metabolites_annotated,Capsianoside V_Cofaryloside_Cinncassiol D4 2-glucoside_Cinncassiol D1-glucoside,gait_no_room_A,ensemble,1664,853,811,0,1664,853,811
metabolites_annotated,Cholic acid glucuronide,gait_no_room_A,ensemble,1664,853,811,0,1664,853,811
metabolites_annotated,Cholic acid glucuronide(isomer),gait_no_room_A,ensemble,1664,853,811,0,1664,853,811
metabolites_annotated,Cholic acid glucuronide.1,gait_no_room_A,ensemble,1664,853,811,0,1664,853,811
metabolites_annotated,Cortolone-3-glucuronide,gait_no_room_A,ensemble,1664,853,811,0,1664,853,811
metabolites_annotated,DSGEGDFXAEGGGVR_(eptide derivative of fibrinogen peptide A),gait_no_room_A,ensemble,1664,853,811,0,1664,853,811
metabolites_annotated,Deoxycholic acid glycine conjugate_Chenodeoxycholic acid glycine conjugate_Glycoursodeoxycholic acid_ Chenodeoxyglycocholic acid,gait_no_room_A,ensemble,1664,853,811,0,1664,853,811
metabolites_annotated,Desmethyltetrahydropiperine sulfate,gait_no_room_A,ensemble,1664,853,811,0,1664,853,811
metabolites_annotated,Dihydronaringenin-O-sulphate,gait_no_room_A,ensemble,1664,853,811,0,1664,853,811
metabolites_annotated,Dodecadienoate,gait_no_room_A,ensemble,1664,853,811,0,1664,853,811
metabolites_annotated,Dodecanedioic acid,gait_no_room_A,ensemble,1664,853,811,0,1664,853,811
metabolites_annotated,Enterodiol glucuronide,gait_no_room_A,ensemble,1664,853,811,0,1664,853,811
metabolites_annotated,Enterodiol sulfate,gait_no_room_A,ensemble,1664,853,811,0,1664,853,811
metabolites_annotated,Enterolactone 3-glucuronide_Enterolactone 3-glucuronide,gait_no_room_A,ensemble,1664,853,811,0,1664,853,811
metabolites_annotated,Enterolactone 3-sulfate,gait_no_room_A,ensemble,1664,853,811,0,1664,853,811
metabolites_annotated,Estrone sulfate_Estrone sulphate,gait_no_room_A,ensemble,1664,853,811,0,1664,853,811
metabolites_annotated,Fibrinopeptide A  human,gait_no_room_A,ensemble,1664,853,811,0,1664,853,811
metabolites_annotated,Fibrinopeptide A (2-15),gait_no_room_A,ensemble,1664,853,811,0,1664,853,811
metabolites_annotated,Fibrinopeptide A (3-15),gait_no_room_A,ensemble,1664,853,811,0,1664,853,811
metabolites_annotated,Fibrinopeptide A (3-16),gait_no_room_A,ensemble,1664,853,811,0,1664,853,811
metabolites_annotated,Fibrinopeptide A (5-16)_,gait_no_room_A,ensemble,1664,853,811,0,1664,853,811
metabolites_annotated,Fibrinopeptide A (8-16),gait_no_room_A,ensemble,1664,853,811,0,1664,853,811
metabolites_annotated,Fibrinopeptide B (1-11),gait_no_room_A,ensemble,1664,853,811,0,1664,853,811
metabolites_annotated,Fibrinopeptide B (1-12),gait_no_room_A,ensemble,1664,853,811,0,1664,853,811
metabolites_annotated,Fibrinopeptide B (1-13),gait_no_room_A,ensemble,1664,853,811,0,1664,853,811
metabolites_annotated,Glycochenodeoxycholic acid 3-glucuronide,gait_no_room_A,ensemble,1664,853,811,0,1664,853,811
metabolites_annotated,HPAA sulfate,gait_no_room_A,ensemble,1664,853,811,0,1664,853,811
metabolites_annotated,Hexadecanedioic acid,gait_no_room_A,ensemble,1664,853,811,0,1664,853,811
metabolites_annotated,Indoleacrylic acid,gait_no_room_A,ensemble,1664,853,811,0,1664,853,811
metabolites_annotated,Isobutyl 4-hydroxybenzoate_Butylparaben,gait_no_room_A,ensemble,1664,853,811,0,1664,853,811
metabolites_annotated,Isopropyl 4-hydroxybenzoate_propyl 4-hydroxybenzoate,gait_no_room_A,ensemble,1664,853,811,0,1664,853,811
metabolites_annotated,L-Monomenthyl glutarate,gait_no_room_A,ensemble,1664,853,811,0,1664,853,811
metabolites_annotated,LPE(14_0_0_0)_LPE(0_0_14_0),gait_no_room_A,ensemble,1664,853,811,0,1664,853,811
metabolites_annotated,LysoPE(0_0_16_0)_LysoPE(16_0_0_0),gait_no_room_A,ensemble,1664,853,811,0,1664,853,811
metabolites_annotated,LysoPE(0_0_16_0)_LysoPE(16_0_0_0)_1-PPEM,gait_no_room_A,ensemble,1664,853,811,0,1664,853,811
metabolites_annotated,LysoPE(0_0_18_0)_LysoPE(18_0_0_0),gait_no_room_A,ensemble,1664,853,811,0,1664,853,811
metabolites_annotated,LysoPE(0_0_18_1(11Z))_	LysoPE(0_0_18_1(9Z))_LysoPE(18_1(11Z)_0_0)_LysoPE(18_1(9Z)_0_0),gait_no_room_A,ensemble,1664,853,811,0,1664,853,811
metabolites_annotated,LysoPE(0_0_18_1(11Z))_	LysoPE(0_0_18_1(9Z))_LysoPE(18_1(11Z)_0_0)_LysoPE(18_1(9Z)_0_0).1,gait_no_room_A,ensemble,1664,853,811,0,1664,853,811
metabolites_annotated,LysoPE(0_0_18_2(9Z 12Z))_LysoPE(18_2(9Z 12Z)_0_0),gait_no_room_A,ensemble,1664,853,811,0,1664,853,811
metabolites_annotated,LysoPE(0_0_18_3(6Z 9Z 12Z))_LysoPE(0_0_18_3(9Z 12Z 15Z))_LysoPE(18_3(6Z 9Z 12Z)_0_0)_	LysoPE(18_3(9Z 12Z 15Z)_0_0),gait_no_room_A,ensemble,1664,853,811,0,1664,853,811
metabolites_annotated,LysoPE(0_0_18_3(6Z 9Z 12Z))_LysoPE(0_0_18_3(9Z 12Z 15Z))_LysoPE(18_3(6Z 9Z 12Z)_0_0)_	LysoPE(18_3(9Z 12Z 15Z)_0_0).1,gait_no_room_A,ensemble,1664,853,811,0,1664,853,811
metabolites_annotated,LysoPE(0_0_20_4(5Z 8Z 11Z 14Z))_ LysoPE(0_0_20_4(8Z 11Z 14Z 17Z))_LysoPE(20_4(5Z 8Z 11Z 14Z)_0_0)_LysoPE(20_4(8Z 11Z 14Z 17Z)_0_0),gait_no_room_A,ensemble,1664,853,811,0,1664,853,811
metabolites_annotated,LysoPE(0_0_22_6(4Z 7Z 10Z 13Z 16Z 19Z))_LysoPE(22_6(4Z 7Z 10Z 13Z 16Z 19Z)_0_0),gait_no_room_A,ensemble,1664,853,811,0,1664,853,811
metabolites_annotated,LysoPE(0_0_22_6(4Z 7Z 10Z 13Z 16Z 19Z))_LysoPE(22_6(4Z 7Z 10Z 13Z 16Z 19Z)_0_0).1,gait_no_room_A,ensemble,1664,853,811,0,1664,853,811
metabolites_annotated,LysoPE(20_3(8Z 11Z 14Z)_0_0)_LysoPE(0_0_20_3(5Z 8Z 11Z))_LysoPE(0_0_20_3(11Z 14Z 17Z)),gait_no_room_A,ensemble,1664,853,811,0,1664,853,811
metabolites_annotated,LysoPE(20_5(5Z 8Z 11Z 14Z 17Z)_0_0)_LysoPE(0_0_20_5(5Z 8Z 11Z 14Z 17Z)),gait_no_room_A,ensemble,1664,853,811,0,1664,853,811
metabolites_annotated,LysoPE(20_5(5Z 8Z 11Z 14Z 17Z)_0_0)_LysoPE(0_0_20_5(5Z 8Z 11Z 14Z 17Z)).1,gait_no_room_A,ensemble,1664,853,811,0,1664,853,811
metabolites_annotated,LysoPE(P-16_0_0_0),gait_no_room_A,ensemble,1664,853,811,0,1664,853,811
metabolites_annotated,MG(PGJ2_0_0_0_0)_MG(0_0_PGJ2_0_0),gait_no_room_A,ensemble,1664,853,811,0,1664,853,811
metabolites_annotated,Medicarpin 3-O-(6-malonylglucoside),gait_no_room_A,ensemble,1664,853,811,0,1664,853,811
metabolites_annotated,Mesobilirubinogen (I-urobilinogen),gait_no_room_A,ensemble,1664,853,811,0,1664,853,811
metabolites_annotated,Methyldecanoylcarnitine_Undecanoylcarnitine,gait_no_room_A,ensemble,1664,853,811,0,1664,853,811
metabolites_annotated,Monomenthyl succinate_5-Nonyltetrahydro-2-oxo-3-furancarboxylic acid_(6R 8Z)-6-Hydroxy-3-oxotetradecenoic acid,gait_no_room_A,ensemble,1664,853,811,0,1664,853,811
metabolites_annotated,Monomenthyl succinate_5-Nonyltetrahydro-2-oxo-3-furancarboxylic acid_(6R 8Z)-6-Hydroxy-3-oxotetradecenoic acid.1,gait_no_room_A,ensemble,1664,853,811,0,1664,853,811
metabolites_annotated,N-Hydroxy-L-tryptophan,gait_no_room_A,ensemble,1664,853,811,0,1664,853,811
metabolites_annotated,O-Cresol sulfate_p-Cresol sulfate,gait_no_room_A,ensemble,1664,853,811,0,1664,853,811
metabolites_annotated,Octadecanedioic acid_9 10-Epoxyoctadecanoic acid_ 9 10-Epoxy-18-hydroxy-octadecanoic acid_9 10-DHOME_12 13-DHOME _Dibutyl decanedioate,gait_no_room_A,ensemble,1664,853,811,0,1664,853,811
metabolites_annotated,PC(17_2(9Z 12Z)_0_0),gait_no_room_A,ensemble,1664,853,811,0,1664,853,811
metabolites_annotated,PC(2_0_20_3(6 8 11)-OH(5)),gait_no_room_A,ensemble,1664,853,811,0,1664,853,811
metabolites_annotated,Phenylacetylglutamine,gait_no_room_A,ensemble,1664,853,811,0,1664,853,811
metabolites_annotated,Phenylalanylphenylalanine,gait_no_room_A,ensemble,1664,853,811,0,1664,853,811
metabolites_annotated,Phenylalanylthreonine,gait_no_room_A,ensemble,1664,853,811,0,1664,853,811
metabolites_annotated,Pregnenolone sulfate_3beta-Hydroxypregn-5-en-20-one sulfate,gait_no_room_A,ensemble,1664,853,811,0,1664,853,811
metabolites_annotated,Sonchuside C_	Abscisic alcohol 11-glucoside,gait_no_room_A,ensemble,1664,853,811,0,1664,853,811
metabolites_annotated,Sphingosine 1-phosphate (d16_1-P),gait_no_room_A,ensemble,1664,853,811,0,1664,853,811
metabolites_annotated,Sulfolithocholic acid,gait_no_room_A,ensemble,1664,853,811,0,1664,853,811
metabolites_annotated,Tetradecanedioate(C14-dicarboxylic acid ),gait_no_room_A,ensemble,1664,853,811,0,1664,853,811
metabolites_annotated,Tetrahydroaldosterone-3-glucuronide,gait_no_room_A,ensemble,1664,853,811,0,1664,853,811
metabolites_annotated,Thymol Sulfate,gait_no_room_A,ensemble,1664,853,811,0,1664,853,811
metabolites_annotated,Thyroxine,gait_no_room_A,ensemble,1664,853,811,0,1664,853,811
metabolites_annotated,Torvanol A,gait_no_room_A,ensemble,1664,853,811,0,1664,853,811
metabolites_annotated,Tryptophan,gait_no_room_A,ensemble,1664,853,811,0,1664,853,811
metabolites_annotated,Tyrosol 4-sulfate_2-(2-Hydroxyethyl)phenyl hydrogen sulfate_2-Methoxy-4-methylphenol sulfate,gait_no_room_A,ensemble,1664,853,811,0,1664,853,811
metabolites_annotated,Urolithin A-3-O-glucuronide_Urolithin A-8-O-glucuronide,gait_no_room_A,ensemble,1664,853,811,0,1664,853,811
metabolites_annotated,Urolithin a 3-sulfate,gait_no_room_A,ensemble,1664,853,811,0,1664,853,811
metabolites_annotated,Urolithin-3-sulfate,gait_no_room_A,ensemble,1664,853,811,0,1664,853,811
metabolites_annotated,Ursodeoxycholic acid 3-sulfate_Chenodeoxycholic acid 3-sulfate_3-Ketopetromyzonol sulfate_Chenodeoxycholic acid sulfate,gait_no_room_A,ensemble,1664,853,811,0,1664,853,811
metabolites_annotated,Valsartan,gait_no_room_A,ensemble,1664,853,811,0,1664,853,811
metabolites_annotated,acesulfame,gait_no_room_A,ensemble,1664,853,811,0,1664,853,811
metabolites_annotated,biliverdin,gait_no_room_A,ensemble,1664,853,811,0,1664,853,811
metabolites_annotated,cis-p-Coumaric acid sulfate_p-Coumaric acid sulfate_O-Coumaric acid sulfate_2E)-3-[3-(sulfooxy)phenyl]prop-2-enoic acid,gait_no_room_A,ensemble,1664,853,811,0,1664,853,811
metabolites_annotated,gamma-glutamylleucine,gait_no_room_A,ensemble,1664,853,811,0,1664,853,811
metabolites_annotated,indolelactate_	3-Indolehydracrylic acid,gait_no_room_A,ensemble,1664,853,811,0,1664,853,811
metabolites_annotated,p-Cresol glucuronide_P-Tolyl-β-D-glucuronide,gait_no_room_A,ensemble,1664,853,811,0,1664,853,811
metabolites_annotated,paraxanthine_theobromine_theophylline,gait_no_room_A,ensemble,1664,853,811,0,1664,853,811
metabolites_annotated,phenol sulfate,gait_no_room_A,ensemble,1664,853,811,0,1664,853,811
metabolites_annotated,urate,gait_no_room_A,ensemble,1664,853,811,0,1664,853,811
metabolites_annotated,xanthurenate,gait_no_room_A,ensemble,1664,853,811,0,1664,853,811
metabolites_unannotated,0.59_187.0100m_z,gait_no_room_A,ensemble,1664,853,811,0,1664,853,811
metabolites_unannotated,0.61_168.0778m_z,gait_no_room_A,ensemble,1664,853,811,0,1664,853,811
metabolites_unannotated,0.61_281.0723m_z,gait_no_room_A,ensemble,1664,853,811,0,1664,853,811
metabolites_unannotated,0.61_449.1598m_z,gait_no_room_A,ensemble,1664,853,811,0,1664,853,811
metabolites_unannotated,0.62_349.0605m_z,gait_no_room_A,ensemble,1664,853,811,0,1664,853,811
metabolites_unannotated,0.62_417.0483m_z,gait_no_room_A,ensemble,1664,853,811,0,1664,853,811
metabolites_unannotated,0.63_363.0763m_z,gait_no_room_A,ensemble,1664,853,811,0,1664,853,811
metabolites_unannotated,0.64_199.0702m_z,gait_no_room_A,ensemble,1664,853,811,0,1664,853,811
metabolites_unannotated,0.64_213.0860m_z,gait_no_room_A,ensemble,1664,853,811,0,1664,853,811
metabolites_unannotated,0.64_227.1016m_z,gait_no_room_A,ensemble,1664,853,811,0,1664,853,811
metabolites_unannotated,0.64_254.9173m_z,gait_no_room_A,ensemble,1664,853,811,0,1664,853,811
metabolites_unannotated,0.64_268.9328m_z,gait_no_room_A,ensemble,1664,853,811,0,1664,853,811
metabolites_unannotated,0.64_322.9042m_z,gait_no_room_A,ensemble,1664,853,811,0,1664,853,811
metabolites_unannotated,0.64_336.9201m_z,gait_no_room_A,ensemble,1664,853,811,0,1664,853,811
metabolites_unannotated,0.64_355.0166m_z,gait_no_room_A,ensemble,1664,853,811,0,1664,853,811
metabolites_unannotated,0.64_404.9079m_z,gait_no_room_A,ensemble,1664,853,811,0,1664,853,811
metabolites_unannotated,0.64_418.9234m_z,gait_no_room_A,ensemble,1664,853,811,0,1664,853,811
metabolites_unannotated,0.64_423.0042m_z,gait_no_room_A,ensemble,1664,853,811,0,1664,853,811
metabolites_unannotated,0.64_486.9103m_z,gait_no_room_A,ensemble,1664,853,811,0,1664,853,811
metabolites_unannotated,0.64_490.9908m_z,gait_no_room_A,ensemble,1664,853,811,0,1664,853,811
metabolites_unannotated,0.64_554.8979m_z,gait_no_room_A,ensemble,1664,853,811,0,1664,853,811
metabolites_unannotated,0.66_244.8884m_z,gait_no_room_A,ensemble,1664,853,811,0,1664,853,811
metabolites_unannotated,0.70_205.0177m_z,gait_no_room_A,ensemble,1664,853,811,0,1664,853,811
metabolites_unannotated,0.72_215.0331m_z,gait_no_room_A,ensemble,1664,853,811,0,1664,853,811
metabolites_unannotated,0.72_217.0306m_z,gait_no_room_A,ensemble,1664,853,811,0,1664,853,811
metabolites_unannotated,0.72_378.8933m_z,gait_no_room_A,ensemble,1664,853,811,0,1664,853,811
metabolites_unannotated,0.75_135.0308m_z,gait_no_room_A,ensemble,1664,853,811,0,1664,853,811
metabolites_unannotated,0.75_151.0261m_z,gait_no_room_A,ensemble,1664,853,811,0,1664,853,811
metabolites_unannotated,0.75_243.0627m_z,gait_no_room_A,ensemble,1664,853,811,0,1664,853,811
metabolites_unannotated,0.75_279.0390m_z,gait_no_room_A,ensemble,1664,853,811,0,1664,853,811
metabolites_unannotated,0.75_281.0379m_z,gait_no_room_A,ensemble,1664,853,811,0,1664,853,811
metabolites_unannotated,0.76_238.0255m_z,gait_no_room_A,ensemble,1664,853,811,0,1664,853,811
metabolites_unannotated,0.77_282.0839m_z,gait_no_room_A,ensemble,1664,853,811,0,1664,853,811
metabolites_unannotated,0.78_295.9842m_z,gait_no_room_A,ensemble,1664,853,811,0,1664,853,811
metabolites_unannotated,0.96_135.0314m_z,gait_no_room_A,ensemble,1664,853,811,0,1664,853,811
metabolites_unannotated,0.96_151.0263m_z,gait_no_room_A,ensemble,1664,853,811,0,1664,853,811
metabolites_unannotated,0.96_200.0566m_z,gait_no_room_A,ensemble,1664,853,811,0,1664,853,811
metabolites_unannotated,0.96_243.0627m_z,gait_no_room_A,ensemble,1664,853,811,0,1664,853,811
metabolites_unannotated,0.96_279.0392m_z,gait_no_room_A,ensemble,1664,853,811,0,1664,853,811
metabolites_unannotated,0.96_281.0367m_z,gait_no_room_A,ensemble,1664,853,811,0,1664,853,811
metabolites_unannotated,0.96_572.2797m_z,gait_no_room_A,ensemble,1664,853,811,0,1664,853,811
metabolites_unannotated,0.97_282.0845m_z,gait_no_room_A,ensemble,1664,853,811,0,1664,853,811
metabolites_unannotated,0.98_325.0318m_z,gait_no_room_A,ensemble,1664,853,811,0,1664,853,811
metabolites_unannotated,1.01_258.0445m_z,gait_no_room_A,ensemble,1664,853,811,0,1664,853,811
metabolites_unannotated,1.09_185.9627m_z,gait_no_room_A,ensemble,1664,853,811,0,1664,853,811
metabolites_unannotated,1.15_219.0779m_z,gait_no_room_A,ensemble,1664,853,811,0,1664,853,811
metabolites_unannotated,1.16_293.0542m_z,gait_no_room_A,ensemble,1664,853,811,0,1664,853,811
metabolites_unannotated,1.17_257.0782m_z,gait_no_room_A,ensemble,1664,853,811,0,1664,853,811
metabolites_unannotated,1.20_185.9628m_z,gait_no_room_A,ensemble,1664,853,811,0,1664,853,811
metabolites_unannotated,1.23_365.1357m_z,gait_no_room_A,ensemble,1664,853,811,0,1664,853,811
metabolites_unannotated,1.24_265.1193m_z,gait_no_room_A,ensemble,1664,853,811,0,1664,853,811
metabolites_unannotated,1.25_277.0862m_z,gait_no_room_A,ensemble,1664,853,811,0,1664,853,811
metabolites_unannotated,1.26_227.0538m_z,gait_no_room_A,ensemble,1664,853,811,0,1664,853,811
metabolites_unannotated,1.26_253.0697m_z,gait_no_room_A,ensemble,1664,853,811,0,1664,853,811
metabolites_unannotated,1.28_245.1145m_z,gait_no_room_A,ensemble,1664,853,811,0,1664,853,811
metabolites_unannotated,1.29_197.0681m_z,gait_no_room_A,ensemble,1664,853,811,0,1664,853,811
metabolites_unannotated,1.30_218.9969m_z,gait_no_room_A,ensemble,1664,853,811,0,1664,853,811
metabolites_unannotated,1.35_227.9976m_z,gait_no_room_A,ensemble,1664,853,811,0,1664,853,811
metabolites_unannotated,1.37_258.0383m_z,gait_no_room_A,ensemble,1664,853,811,0,1664,853,811
metabolites_unannotated,1.40_172.0403m_z,gait_no_room_A,ensemble,1664,853,811,0,1664,853,811
metabolites_unannotated,1.40_190.0512m_z,gait_no_room_A,ensemble,1664,853,811,0,1664,853,811
metabolites_unannotated,1.40_246.0748m_z,gait_no_room_A,ensemble,1664,853,811,0,1664,853,811
metabolites_unannotated,1.40_276.0851m_z,gait_no_room_A,ensemble,1664,853,811,0,1664,853,811
metabolites_unannotated,1.40_293.0541m_z,gait_no_room_A,ensemble,1664,853,811,0,1664,853,811
metabolites_unannotated,1.40_394.1390m_z,gait_no_room_A,ensemble,1664,853,811,0,1664,853,811
metabolites_unannotated,1.43_164.0728m_z,gait_no_room_A,ensemble,1664,853,811,0,1664,853,811
metabolites_unannotated,1.43_351.2215m_z,gait_no_room_A,ensemble,1664,853,811,0,1664,853,811
metabolites_unannotated,1.43_357.0822m_z,gait_no_room_A,ensemble,1664,853,811,0,1664,853,811
metabolites_unannotated,1.43_551.1482m_z,gait_no_room_A,ensemble,1664,853,811,0,1664,853,811
metabolites_unannotated,1.43_712.2200m_z,gait_no_room_A,ensemble,1664,853,811,0,1664,853,811
metabolites_unannotated,1.44_340.1415m_z,gait_no_room_A,ensemble,1664,853,811,0,1664,853,811
metabolites_unannotated,1.44_351.1327m_z,gait_no_room_A,ensemble,1664,853,811,0,1664,853,811
metabolites_unannotated,1.44_419.1198m_z,gait_no_room_A,ensemble,1664,853,811,0,1664,853,811
metabolites_unannotated,1.44_422.0458m_z,gait_no_room_A,ensemble,1664,853,811,0,1664,853,811
metabolites_unannotated,1.44_538.1934m_z,gait_no_room_A,ensemble,1664,853,811,0,1664,853,811
metabolites_unannotated,1.45_276.0853m_z,gait_no_room_A,ensemble,1664,853,811,0,1664,853,811
metabolites_unannotated,1.45_317.1251m_z,gait_no_room_A,ensemble,1664,853,811,0,1664,853,811
metabolites_unannotated,1.45_469.1838m_z,gait_no_room_A,ensemble,1664,853,811,0,1664,853,811
metabolites_unannotated,1.45_526.2055m_z,gait_no_room_A,ensemble,1664,853,811,0,1664,853,811
metabolites_unannotated,1.46_241.9769m_z,gait_no_room_A,ensemble,1664,853,811,0,1664,853,811
metabolites_unannotated,1.46_246.0749m_z,gait_no_room_A,ensemble,1664,853,811,0,1664,853,811
metabolites_unannotated,1.46_246.9926m_z,gait_no_room_A,ensemble,1664,853,811,0,1664,853,811
metabolites_unannotated,1.46_277.1194m_z,gait_no_room_A,ensemble,1664,853,811,0,1664,853,811
metabolites_unannotated,1.48_230.0845m_z,gait_no_room_A,ensemble,1664,853,811,0,1664,853,811
metabolites_unannotated,1.48_336.0720m_z,gait_no_room_A,ensemble,1664,853,811,0,1664,853,811
metabolites_unannotated,1.49_181.0509m_z,gait_no_room_A,ensemble,1664,853,811,0,1664,853,811
metabolites_unannotated,1.49_220.9767m_z,gait_no_room_A,ensemble,1664,853,811,0,1664,853,811
metabolites_unannotated,1.49_300.0181m_z,gait_no_room_A,ensemble,1664,853,811,0,1664,853,811
metabolites_unannotated,1.49_310.1156m_z,gait_no_room_A,ensemble,1664,853,811,0,1664,853,811
metabolites_unannotated,1.50_211.0840m_z,gait_no_room_A,ensemble,1664,853,811,0,1664,853,811
metabolites_unannotated,1.50_211.1524m_z,gait_no_room_A,ensemble,1664,853,811,0,1664,853,811
metabolites_unannotated,1.50_269.1141m_z,gait_no_room_A,ensemble,1664,853,811,0,1664,853,811
metabolites_unannotated,1.50_371.0975m_z,gait_no_room_A,ensemble,1664,853,811,0,1664,853,811
metabolites_unannotated,1.51_229.1561m_z,gait_no_room_A,ensemble,1664,853,811,0,1664,853,811
metabolites_unannotated,1.51_324.0723m_z,gait_no_room_A,ensemble,1664,853,811,0,1664,853,811
metabolites_unannotated,1.51_465.1627m_z,gait_no_room_A,ensemble,1664,853,811,0,1664,853,811
metabolites_unannotated,1.53_221.0936m_z,gait_no_room_A,ensemble,1664,853,811,0,1664,853,811
metabolites_unannotated,1.53_221.1634m_z,gait_no_room_A,ensemble,1664,853,811,0,1664,853,811
metabolites_unannotated,1.53_253.1197m_z,gait_no_room_A,ensemble,1664,853,811,0,1664,853,811
metabolites_unannotated,1.53_289.0803m_z,gait_no_room_A,ensemble,1664,853,811,0,1664,853,811
metabolites_unannotated,1.54_227.9976m_z,gait_no_room_A,ensemble,1664,853,811,0,1664,853,811
metabolites_unannotated,1.54_261.0082m_z,gait_no_room_A,ensemble,1664,853,811,0,1664,853,811
metabolites_unannotated,1.54_294.9773m_z,gait_no_room_A,ensemble,1664,853,811,0,1664,853,811
metabolites_unannotated,1.54_336.1199m_z,gait_no_room_A,ensemble,1664,853,811,0,1664,853,811
metabolites_unannotated,1.54_522.1838m_z,gait_no_room_A,ensemble,1664,853,811,0,1664,853,811
metabolites_unannotated,1.55_204.9814m_z,gait_no_room_A,ensemble,1664,853,811,0,1664,853,811
metabolites_unannotated,1.55_245.1138m_z,gait_no_room_A,ensemble,1664,853,811,0,1664,853,811
metabolites_unannotated,1.55_271.0707m_z,gait_no_room_A,ensemble,1664,853,811,0,1664,853,811
metabolites_unannotated,1.55_315.0956m_z,gait_no_room_A,ensemble,1664,853,811,0,1664,853,811
metabolites_unannotated,1.55_411.1273m_z,gait_no_room_A,ensemble,1664,853,811,0,1664,853,811
metabolites_unannotated,1.56_218.9971m_z,gait_no_room_A,ensemble,1664,853,811,0,1664,853,811
metabolites_unannotated,1.56_282.0474m_z,gait_no_room_A,ensemble,1664,853,811,0,1664,853,811
metabolites_unannotated,1.56_383.1452m_z,gait_no_room_A,ensemble,1664,853,811,0,1664,853,811
metabolites_unannotated,1.56_429.2530m_z,gait_no_room_A,ensemble,1664,853,811,0,1664,853,811
metabolites_unannotated,1.57_176.0388m_z,gait_no_room_A,ensemble,1664,853,811,0,1664,853,811
metabolites_unannotated,1.57_242.0132m_z,gait_no_room_A,ensemble,1664,853,811,0,1664,853,811
metabolites_unannotated,1.57_319.1030m_z,gait_no_room_A,ensemble,1664,853,811,0,1664,853,811
metabolites_unannotated,1.57_407.1729m_z,gait_no_room_A,ensemble,1664,853,811,0,1664,853,811
metabolites_unannotated,1.58_203.3982m_z,gait_no_room_A,ensemble,1664,853,811,0,1664,853,811
metabolites_unannotated,1.59_204.9817m_z,gait_no_room_A,ensemble,1664,853,811,0,1664,853,811
metabolites_unannotated,1.59_337.0565m_z,gait_no_room_A,ensemble,1664,853,811,0,1664,853,811
metabolites_unannotated,1.59_429.1549m_z,gait_no_room_A,ensemble,1664,853,811,0,1664,853,811
metabolites_unannotated,1.59_445.1304m_z,gait_no_room_A,ensemble,1664,853,811,0,1664,853,811
metabolites_unannotated,1.59_600.2989m_z,gait_no_room_A,ensemble,1664,853,811,0,1664,853,811
metabolites_unannotated,1.59_655.2252m_z,gait_no_room_A,ensemble,1664,853,811,0,1664,853,811
metabolites_unannotated,1.59_668.1806m_z,gait_no_room_A,ensemble,1664,853,811,0,1664,853,811
metabolites_unannotated,1.60_375.1309m_z,gait_no_room_A,ensemble,1664,853,811,0,1664,853,811
metabolites_unannotated,1.60_465.1628m_z,gait_no_room_A,ensemble,1664,853,811,0,1664,853,811
metabolites_unannotated,1.60_500.0668m_z,gait_no_room_A,ensemble,1664,853,811,0,1664,853,811
metabolites_unannotated,1.61_181.0509m_z,gait_no_room_A,ensemble,1664,853,811,0,1664,853,811
metabolites_unannotated,1.61_246.9923m_z,gait_no_room_A,ensemble,1664,853,811,0,1664,853,811
metabolites_unannotated,1.61_261.0884m_z,gait_no_room_A,ensemble,1664,853,811,0,1664,853,811
metabolites_unannotated,1.61_271.0716m_z,gait_no_room_A,ensemble,1664,853,811,0,1664,853,811
metabolites_unannotated,1.61_279.0990m_z,gait_no_room_A,ensemble,1664,853,811,0,1664,853,811
metabolites_unannotated,1.61_315.0954m_z,gait_no_room_A,ensemble,1664,853,811,0,1664,853,811
metabolites_unannotated,1.61_331.0605m_z,gait_no_room_A,ensemble,1664,853,811,0,1664,853,811
metabolites_unannotated,1.61_339.0655m_z,gait_no_room_A,ensemble,1664,853,811,0,1664,853,811
metabolites_unannotated,1.61_367.0367m_z,gait_no_room_A,ensemble,1664,853,811,0,1664,853,811
metabolites_unannotated,1.61_407.1226m_z,gait_no_room_A,ensemble,1664,853,811,0,1664,853,811
metabolites_unannotated,1.62_181.9923m_z,gait_no_room_A,ensemble,1664,853,811,0,1664,853,811
metabolites_unannotated,1.62_285.0616m_z,gait_no_room_A,ensemble,1664,853,811,0,1664,853,811
metabolites_unannotated,1.62_522.1838m_z,gait_no_room_A,ensemble,1664,853,811,0,1664,853,811
metabolites_unannotated,1.63_188.0355m_z,gait_no_room_A,ensemble,1664,853,811,0,1664,853,811
metabolites_unannotated,1.64_300.0181m_z,gait_no_room_A,ensemble,1664,853,811,0,1664,853,811
metabolites_unannotated,1.64_305.0700m_z,gait_no_room_A,ensemble,1664,853,811,0,1664,853,811
metabolites_unannotated,1.64_408.2140m_z,gait_no_room_A,ensemble,1664,853,811,0,1664,853,811
metabolites_unannotated,1.65_249.0981m_z,gait_no_room_A,ensemble,1664,853,811,0,1664,853,811
metabolites_unannotated,1.65_330.0287m_z,gait_no_room_A,ensemble,1664,853,811,0,1664,853,811
metabolites_unannotated,1.65_357.0843m_z,gait_no_room_A,ensemble,1664,853,811,0,1664,853,811
metabolites_unannotated,1.66_229.1557m_z,gait_no_room_A,ensemble,1664,853,811,0,1664,853,811
metabolites_unannotated,1.66_334.0144n,gait_no_room_A,ensemble,1664,853,811,0,1664,853,811
metabolites_unannotated,1.67_362.0412m_z,gait_no_room_A,ensemble,1664,853,811,0,1664,853,811
metabolites_unannotated,1.68_281.1007m_z,gait_no_room_A,ensemble,1664,853,811,0,1664,853,811
metabolites_unannotated,1.68_336.0723m_z,gait_no_room_A,ensemble,1664,853,811,0,1664,853,811
metabolites_unannotated,1.68_352.0127m_z,gait_no_room_A,ensemble,1664,853,811,0,1664,853,811
metabolites_unannotated,1.68_376.0569m_z,gait_no_room_A,ensemble,1664,853,811,0,1664,853,811
metabolites_unannotated,1.68_446.1001m_z,gait_no_room_A,ensemble,1664,853,811,0,1664,853,811
metabolites_unannotated,1.69_269.1009m_z,gait_no_room_A,ensemble,1664,853,811,0,1664,853,811
metabolites_unannotated,1.70_293.1146m_z,gait_no_room_A,ensemble,1664,853,811,0,1664,853,811
metabolites_unannotated,1.71_269.0668m_z,gait_no_room_A,ensemble,1664,853,811,0,1664,853,811
metabolites_unannotated,1.71_403.1974m_z,gait_no_room_A,ensemble,1664,853,811,0,1664,853,811
metabolites_unannotated,1.72_230.9967m_z,gait_no_room_A,ensemble,1664,853,811,0,1664,853,811
metabolites_unannotated,1.72_300.0183m_z,gait_no_room_A,ensemble,1664,853,811,0,1664,853,811
metabolites_unannotated,1.72_328.1514m_z,gait_no_room_A,ensemble,1664,853,811,0,1664,853,811
metabolites_unannotated,1.72_405.2131m_z,gait_no_room_A,ensemble,1664,853,811,0,1664,853,811
metabolites_unannotated,1.73_273.0078m_z,gait_no_room_A,ensemble,1664,853,811,0,1664,853,811
metabolites_unannotated,1.73_289.0385m_z,gait_no_room_A,ensemble,1664,853,811,0,1664,853,811
metabolites_unannotated,1.74_197.0432m_z,gait_no_room_A,ensemble,1664,853,811,0,1664,853,811
metabolites_unannotated,1.74_242.0131m_z,gait_no_room_A,ensemble,1664,853,811,0,1664,853,811
metabolites_unannotated,1.74_248.0568m_z,gait_no_room_A,ensemble,1664,853,811,0,1664,853,811
metabolites_unannotated,1.74_357.0826m_z,gait_no_room_A,ensemble,1664,853,811,0,1664,853,811
metabolites_unannotated,1.75_297.0734m_z,gait_no_room_A,ensemble,1664,853,811,0,1664,853,811
metabolites_unannotated,1.75_352.0126m_z,gait_no_room_A,ensemble,1664,853,811,0,1664,853,811
metabolites_unannotated,1.75_359.1349m_z,gait_no_room_A,ensemble,1664,853,811,0,1664,853,811
metabolites_unannotated,1.75_362.0413m_z,gait_no_room_A,ensemble,1664,853,811,0,1664,853,811
metabolites_unannotated,1.75_376.0572m_z,gait_no_room_A,ensemble,1664,853,811,0,1664,853,811
metabolites_unannotated,1.76_281.1007m_z,gait_no_room_A,ensemble,1664,853,811,0,1664,853,811
metabolites_unannotated,1.76_281.1799m_z,gait_no_room_A,ensemble,1664,853,811,0,1664,853,811
metabolites_unannotated,1.76_446.1000m_z,gait_no_room_A,ensemble,1664,853,811,0,1664,853,811
metabolites_unannotated,1.78_367.1033m_z,gait_no_room_A,ensemble,1664,853,811,0,1664,853,811
metabolites_unannotated,1.80_197.0432m_z,gait_no_room_A,ensemble,1664,853,811,0,1664,853,811
metabolites_unannotated,1.81_419.1922m_z,gait_no_room_A,ensemble,1664,853,811,0,1664,853,811
metabolites_unannotated,1.81_519.2814m_z,gait_no_room_A,ensemble,1664,853,811,0,1664,853,811
metabolites_unannotated,1.82_160.0403m_z,gait_no_room_A,ensemble,1664,853,811,0,1664,853,811
metabolites_unannotated,1.82_289.0387m_z,gait_no_room_A,ensemble,1664,853,811,0,1664,853,811
metabolites_unannotated,1.82_367.1610m_z,gait_no_room_A,ensemble,1664,853,811,0,1664,853,811
metabolites_unannotated,1.82_925.4506m_z,gait_no_room_A,ensemble,1664,853,811,0,1664,853,811
metabolites_unannotated,1.83_273.0077m_z,gait_no_room_A,ensemble,1664,853,811,0,1664,853,811
metabolites_unannotated,1.83_371.0986m_z,gait_no_room_A,ensemble,1664,853,811,0,1664,853,811
metabolites_unannotated,1.83_401.1812m_z,gait_no_room_A,ensemble,1664,853,811,0,1664,853,811
metabolites_unannotated,1.84_332.1250m_z,gait_no_room_A,ensemble,1664,853,811,0,1664,853,811
metabolites_unannotated,1.84_357.0821m_z,gait_no_room_A,ensemble,1664,853,811,0,1664,853,811
metabolites_unannotated,1.85_227.9978m_z,gait_no_room_A,ensemble,1664,853,811,0,1664,853,811
metabolites_unannotated,1.85_261.1248m_z,gait_no_room_A,ensemble,1664,853,811,0,1664,853,811
metabolites_unannotated,1.85_393.0491m_z,gait_no_room_A,ensemble,1664,853,811,0,1664,853,811
metabolites_unannotated,1.85_405.2133m_z,gait_no_room_A,ensemble,1664,853,811,0,1664,853,811
metabolites_unannotated,1.86_230.9973m_z,gait_no_room_A,ensemble,1664,853,811,0,1664,853,811
metabolites_unannotated,1.86_243.1716m_z,gait_no_room_A,ensemble,1664,853,811,0,1664,853,811
metabolites_unannotated,1.86_261.0880m_z,gait_no_room_A,ensemble,1664,853,811,0,1664,853,811
metabolites_unannotated,1.86_270.9918m_z,gait_no_room_A,ensemble,1664,853,811,0,1664,853,811
metabolites_unannotated,1.86_367.1033m_z,gait_no_room_A,ensemble,1664,853,811,0,1664,853,811
metabolites_unannotated,1.88_1090.4203n,gait_no_room_A,ensemble,1664,853,811,0,1664,853,811
metabolites_unannotated,1.88_241.1193m_z,gait_no_room_A,ensemble,1664,853,811,0,1664,853,811
metabolites_unannotated,1.88_368.9723m_z,gait_no_room_A,ensemble,1664,853,811,0,1664,853,811
metabolites_unannotated,1.90_331.0907m_z,gait_no_room_A,ensemble,1664,853,811,0,1664,853,811
metabolites_unannotated,1.90_527.2150m_z,gait_no_room_A,ensemble,1664,853,811,0,1664,853,811
metabolites_unannotated,1.90_549.1968m_z,gait_no_room_A,ensemble,1664,853,811,0,1664,853,811
metabolites_unannotated,1.91_245.0129m_z,gait_no_room_A,ensemble,1664,853,811,0,1664,853,811
metabolites_unannotated,1.91_245.0935m_z,gait_no_room_A,ensemble,1664,853,811,0,1664,853,811
metabolites_unannotated,1.91_263.3356m_z,gait_no_room_A,ensemble,1664,853,811,0,1664,853,811
metabolites_unannotated,1.91_263.4249m_z,gait_no_room_A,ensemble,1664,853,811,0,1664,853,811
metabolites_unannotated,1.91_363.0292m_z,gait_no_room_A,ensemble,1664,853,811,0,1664,853,811
metabolites_unannotated,1.91_464.1439m_z,gait_no_room_A,ensemble,1664,853,811,0,1664,853,811
metabolites_unannotated,1.92_160.0401m_z,gait_no_room_A,ensemble,1664,853,811,0,1664,853,811
metabolites_unannotated,1.92_379.0915m_z,gait_no_room_A,ensemble,1664,853,811,0,1664,853,811
metabolites_unannotated,1.93_216.9820m_z,gait_no_room_A,ensemble,1664,853,811,0,1664,853,811
metabolites_unannotated,1.93_237.0153m_z,gait_no_room_A,ensemble,1664,853,811,0,1664,853,811
metabolites_unannotated,1.93_298.0010m_z,gait_no_room_A,ensemble,1664,853,811,0,1664,853,811
metabolites_unannotated,1.93_350.6545m_z,gait_no_room_A,ensemble,1664,853,811,0,1664,853,811
metabolites_unannotated,1.94_243.1717m_z,gait_no_room_A,ensemble,1664,853,811,0,1664,853,811
metabolites_unannotated,1.95_203.0025m_z,gait_no_room_A,ensemble,1664,853,811,0,1664,853,811
metabolites_unannotated,1.95_273.0914m_z,gait_no_room_A,ensemble,1664,853,811,0,1664,853,811
metabolites_unannotated,1.96_212.0707m_z,gait_no_room_A,ensemble,1664,853,811,0,1664,853,811
metabolites_unannotated,1.96_212.1336m_z,gait_no_room_A,ensemble,1664,853,811,0,1664,853,811
metabolites_unannotated,1.96_367.1034m_z,gait_no_room_A,ensemble,1664,853,811,0,1664,853,811
metabolites_unannotated,1.96_401.1811m_z,gait_no_room_A,ensemble,1664,853,811,0,1664,853,811
metabolites_unannotated,1.96_446.9941m_z,gait_no_room_A,ensemble,1664,853,811,0,1664,853,811
metabolites_unannotated,1.97_241.1196m_z,gait_no_room_A,ensemble,1664,853,811,0,1664,853,811
metabolites_unannotated,1.98_650.7602m_z,gait_no_room_A,ensemble,1664,853,811,0,1664,853,811
metabolites_unannotated,1.99_230.9973m_z,gait_no_room_A,ensemble,1664,853,811,0,1664,853,811
metabolites_unannotated,1.99_302.1141m_z,gait_no_room_A,ensemble,1664,853,811,0,1664,853,811
metabolites_unannotated,1.99_348.1924m_z,gait_no_room_A,ensemble,1664,853,811,0,1664,853,811
metabolites_unannotated,1.99_393.0497m_z,gait_no_room_A,ensemble,1664,853,811,0,1664,853,811
metabolites_unannotated,1.99_612.7670m_z,gait_no_room_A,ensemble,1664,853,811,0,1664,853,811
metabolites_unannotated,1.99_630.2348m_z,gait_no_room_A,ensemble,1664,853,811,0,1664,853,811
metabolites_unannotated,1.99_630.2870m_z,gait_no_room_A,ensemble,1664,853,811,0,1664,853,811
metabolites_unannotated,1.99_684.7927m_z,gait_no_room_A,ensemble,1664,853,811,0,1664,853,811
metabolites_unannotated,2.02_245.0128m_z,gait_no_room_A,ensemble,1664,853,811,0,1664,853,811
metabolites_unannotated,2.02_383.0445m_z,gait_no_room_A,ensemble,1664,853,811,0,1664,853,811
metabolites_unannotated,2.02_742.3076m_z,gait_no_room_A,ensemble,1664,853,811,0,1664,853,811
metabolites_unannotated,2.02_759.7764m_z,gait_no_room_A,ensemble,1664,853,811,0,1664,853,811
metabolites_unannotated,2.02_781.2870m_z,gait_no_room_A,ensemble,1664,853,811,0,1664,853,811
metabolites_unannotated,2.03_254.0722m_z,gait_no_room_A,ensemble,1664,853,811,0,1664,853,811
metabolites_unannotated,2.03_537.1973m_z,gait_no_room_A,ensemble,1664,853,811,0,1664,853,811
metabolites_unannotated,2.03_753.2971m_z,gait_no_room_A,ensemble,1664,853,811,0,1664,853,811
metabolites_unannotated,2.03_792.2733m_z,gait_no_room_A,ensemble,1664,853,811,0,1664,853,811
metabolites_unannotated,2.04_202.0512m_z,gait_no_room_A,ensemble,1664,853,811,0,1664,853,811
metabolites_unannotated,2.04_367.1033m_z,gait_no_room_A,ensemble,1664,853,811,0,1664,853,811
metabolites_unannotated,2.04_403.1976m_z,gait_no_room_A,ensemble,1664,853,811,0,1664,853,811
metabolites_unannotated,2.04_558.1404n,gait_no_room_A,ensemble,1664,853,811,0,1664,853,811
metabolites_unannotated,2.04_763.3268m_z,gait_no_room_A,ensemble,1664,853,811,0,1664,853,811
metabolites_unannotated,2.05_209.0458m_z,gait_no_room_A,ensemble,1664,853,811,0,1664,853,811
metabolites_unannotated,2.05_279.0987m_z,gait_no_room_A,ensemble,1664,853,811,0,1664,853,811
metabolites_unannotated,2.06_275.1038m_z,gait_no_room_A,ensemble,1664,853,811,0,1664,853,811
metabolites_unannotated,2.07_283.1610m_z,gait_no_room_A,ensemble,1664,853,811,0,1664,853,811
metabolites_unannotated,2.07_351.0693m_z,gait_no_room_A,ensemble,1664,853,811,0,1664,853,811
metabolites_unannotated,2.07_469.2090m_z,gait_no_room_A,ensemble,1664,853,811,0,1664,853,811
metabolites_unannotated,2.07_729.4181m_z,gait_no_room_A,ensemble,1664,853,811,0,1664,853,811
metabolites_unannotated,2.08_241.1192m_z,gait_no_room_A,ensemble,1664,853,811,0,1664,853,811
metabolites_unannotated,2.08_259.1189m_z,gait_no_room_A,ensemble,1664,853,811,0,1664,853,811
metabolites_unannotated,2.08_263.0234m_z,gait_no_room_A,ensemble,1664,853,811,0,1664,853,811
metabolites_unannotated,2.08_436.2199m_z,gait_no_room_A,ensemble,1664,853,811,0,1664,853,811
metabolites_unannotated,2.08_445.1540m_z,gait_no_room_A,ensemble,1664,853,811,0,1664,853,811
metabolites_unannotated,2.08_769.3502m_z,gait_no_room_A,ensemble,1664,853,811,0,1664,853,811
metabolites_unannotated,2.09_203.0029m_z,gait_no_room_A,ensemble,1664,853,811,0,1664,853,811
metabolites_unannotated,2.09_401.1812m_z,gait_no_room_A,ensemble,1664,853,811,0,1664,853,811
metabolites_unannotated,2.09_614.1296n,gait_no_room_A,ensemble,1664,853,811,0,1664,853,811
metabolites_unannotated,2.09_757.8301m_z,gait_no_room_A,ensemble,1664,853,811,0,1664,853,811
metabolites_unannotated,2.09_768.8200m_z,gait_no_room_A,ensemble,1664,853,811,0,1664,853,811
metabolites_unannotated,2.10_277.1559m_z,gait_no_room_A,ensemble,1664,853,811,0,1664,853,811
metabolites_unannotated,2.10_277.2336m_z,gait_no_room_A,ensemble,1664,853,811,0,1664,853,811
metabolites_unannotated,2.10_345.1560m_z,gait_no_room_A,ensemble,1664,853,811,0,1664,853,811
metabolites_unannotated,2.11_359.1339m_z,gait_no_room_A,ensemble,1664,853,811,0,1664,853,811
metabolites_unannotated,2.11_511.2178m_z,gait_no_room_A,ensemble,1664,853,811,0,1664,853,811
metabolites_unannotated,2.11_570.1410n,gait_no_room_A,ensemble,1664,853,811,0,1664,853,811
metabolites_unannotated,2.11_649.2836m_z,gait_no_room_A,ensemble,1664,853,811,0,1664,853,811
metabolites_unannotated,2.12_237.0153m_z,gait_no_room_A,ensemble,1664,853,811,0,1664,853,811
metabolites_unannotated,2.12_270.9910m_z,gait_no_room_A,ensemble,1664,853,811,0,1664,853,811
metabolites_unannotated,2.12_590.2395n,gait_no_room_A,ensemble,1664,853,811,0,1664,853,811
metabolites_unannotated,2.13_383.0442m_z,gait_no_room_A,ensemble,1664,853,811,0,1664,853,811
metabolites_unannotated,2.13_602.0943n,gait_no_room_A,ensemble,1664,853,811,0,1664,853,811
metabolites_unannotated,2.14_243.1353m_z,gait_no_room_A,ensemble,1664,853,811,0,1664,853,811
metabolites_unannotated,2.14_427.1976m_z,gait_no_room_A,ensemble,1664,853,811,0,1664,853,811
metabolites_unannotated,2.14_557.2600m_z,gait_no_room_A,ensemble,1664,853,811,0,1664,853,811
metabolites_unannotated,2.14_599.1431m_z,gait_no_room_A,ensemble,1664,853,811,0,1664,853,811
metabolites_unannotated,2.14_632.3656m_z,gait_no_room_A,ensemble,1664,853,811,0,1664,853,811
metabolites_unannotated,2.15_239.0022m_z,gait_no_room_A,ensemble,1664,853,811,0,1664,853,811
metabolites_unannotated,2.15_280.9933m_z,gait_no_room_A,ensemble,1664,853,811,0,1664,853,811
metabolites_unannotated,2.15_282.9913m_z,gait_no_room_A,ensemble,1664,853,811,0,1664,853,811
metabolites_unannotated,2.15_396.0398m_z,gait_no_room_A,ensemble,1664,853,811,0,1664,853,811
metabolites_unannotated,2.16_244.0050m_z,gait_no_room_A,ensemble,1664,853,811,0,1664,853,811
metabolites_unannotated,2.16_285.0057m_z,gait_no_room_A,ensemble,1664,853,811,0,1664,853,811
metabolites_unannotated,2.16_325.0924m_z,gait_no_room_A,ensemble,1664,853,811,0,1664,853,811
metabolites_unannotated,2.16_493.1711m_z,gait_no_room_A,ensemble,1664,853,811,0,1664,853,811
metabolites_unannotated,2.16_495.2235m_z,gait_no_room_A,ensemble,1664,853,811,0,1664,853,811
metabolites_unannotated,2.16_527.6921m_z,gait_no_room_A,ensemble,1664,853,811,0,1664,853,811
metabolites_unannotated,2.16_617.3145m_z,gait_no_room_A,ensemble,1664,853,811,0,1664,853,811
metabolites_unannotated,2.17_217.1083m_z,gait_no_room_A,ensemble,1664,853,811,0,1664,853,811
metabolites_unannotated,2.17_251.0129m_z,gait_no_room_A,ensemble,1664,853,811,0,1664,853,811
metabolites_unannotated,2.17_311.3919m_z,gait_no_room_A,ensemble,1664,853,811,0,1664,853,811
metabolites_unannotated,2.17_337.0385m_z,gait_no_room_A,ensemble,1664,853,811,0,1664,853,811
metabolites_unannotated,2.17_393.1431m_z,gait_no_room_A,ensemble,1664,853,811,0,1664,853,811
metabolites_unannotated,2.17_411.0660m_z,gait_no_room_A,ensemble,1664,853,811,0,1664,853,811
metabolites_unannotated,2.17_413.1818m_z,gait_no_room_A,ensemble,1664,853,811,0,1664,853,811
metabolites_unannotated,2.17_507.1868m_z,gait_no_room_A,ensemble,1664,853,811,0,1664,853,811
metabolites_unannotated,2.17_521.1664m_z,gait_no_room_A,ensemble,1664,853,811,0,1664,853,811
metabolites_unannotated,2.18_277.0024m_z,gait_no_room_A,ensemble,1664,853,811,0,1664,853,811
metabolites_unannotated,2.18_379.1278m_z,gait_no_room_A,ensemble,1664,853,811,0,1664,853,811
metabolites_unannotated,2.18_688.7841m_z,gait_no_room_A,ensemble,1664,853,811,0,1664,853,811
metabolites_unannotated,2.18_699.7737m_z,gait_no_room_A,ensemble,1664,853,811,0,1664,853,811
metabolites_unannotated,2.19_297.0073m_z,gait_no_room_A,ensemble,1664,853,811,0,1664,853,811
metabolites_unannotated,2.19_319.0492m_z,gait_no_room_A,ensemble,1664,853,811,0,1664,853,811
metabolites_unannotated,2.19_369.0832m_z,gait_no_room_A,ensemble,1664,853,811,0,1664,853,811
metabolites_unannotated,2.19_401.1804m_z,gait_no_room_A,ensemble,1664,853,811,0,1664,853,811
metabolites_unannotated,2.19_465.0709m_z,gait_no_room_A,ensemble,1664,853,811,0,1664,853,811
metabolites_unannotated,2.19_595.8661m_z,gait_no_room_A,ensemble,1664,853,811,0,1664,853,811
metabolites_unannotated,2.19_606.7430m_z,gait_no_room_A,ensemble,1664,853,811,0,1664,853,811
metabolites_unannotated,2.19_828.3298n,gait_no_room_A,ensemble,1664,853,811,0,1664,853,811
metabolites_unannotated,2.20_209.0459m_z,gait_no_room_A,ensemble,1664,853,811,0,1664,853,811
metabolites_unannotated,2.20_245.0496m_z,gait_no_room_A,ensemble,1664,853,811,0,1664,853,811
metabolites_unannotated,2.20_245.1222m_z,gait_no_room_A,ensemble,1664,853,811,0,1664,853,811
metabolites_unannotated,2.20_280.0969m_z,gait_no_room_A,ensemble,1664,853,811,0,1664,853,811
metabolites_unannotated,2.20_375.1290m_z,gait_no_room_A,ensemble,1664,853,811,0,1664,853,811
metabolites_unannotated,2.20_397.0969m_z,gait_no_room_A,ensemble,1664,853,811,0,1664,853,811
metabolites_unannotated,2.20_403.1973m_z,gait_no_room_A,ensemble,1664,853,811,0,1664,853,811
metabolites_unannotated,2.20_429.1595m_z,gait_no_room_A,ensemble,1664,853,811,0,1664,853,811
metabolites_unannotated,2.20_429.2567m_z,gait_no_room_A,ensemble,1664,853,811,0,1664,853,811
metabolites_unannotated,2.20_463.2198m_z,gait_no_room_A,ensemble,1664,853,811,0,1664,853,811
metabolites_unannotated,2.20_491.1558m_z,gait_no_room_A,ensemble,1664,853,811,0,1664,853,811
metabolites_unannotated,2.20_920.4244n,gait_no_room_A,ensemble,1664,853,811,0,1664,853,811
metabolites_unannotated,2.21_1049.4676n,gait_no_room_A,ensemble,1664,853,811,0,1664,853,811
metabolites_unannotated,2.21_1106.4885n,gait_no_room_A,ensemble,1664,853,811,0,1664,853,811
metabolites_unannotated,2.21_288.1123m_z,gait_no_room_A,ensemble,1664,853,811,0,1664,853,811
metabolites_unannotated,2.21_459.1505m_z,gait_no_room_A,ensemble,1664,853,811,0,1664,853,811
metabolites_unannotated,2.21_523.8319m_z,gait_no_room_A,ensemble,1664,853,811,0,1664,853,811
metabolites_unannotated,2.22_1128.4370n,gait_no_room_A,ensemble,1664,853,811,0,1664,853,811
metabolites_unannotated,2.22_439.1613m_z,gait_no_room_A,ensemble,1664,853,811,0,1664,853,811
metabolites_unannotated,2.22_449.2043m_z,gait_no_room_A,ensemble,1664,853,811,0,1664,853,811
metabolites_unannotated,2.22_569.1331m_z,gait_no_room_A,ensemble,1664,853,811,0,1664,853,811
metabolites_unannotated,2.22_664.2565m_z,gait_no_room_A,ensemble,1664,853,811,0,1664,853,811
metabolites_unannotated,2.22_703.2310m_z,gait_no_room_A,ensemble,1664,853,811,0,1664,853,811
metabolites_unannotated,2.24_123.0452m_z,gait_no_room_A,ensemble,1664,853,811,0,1664,853,811
metabolites_unannotated,2.24_274.0150m_z,gait_no_room_A,ensemble,1664,853,811,0,1664,853,811
metabolites_unannotated,2.24_863.4035n,gait_no_room_A,ensemble,1664,853,811,0,1664,853,811
metabolites_unannotated,2.25_554.1089n,gait_no_room_A,ensemble,1664,853,811,0,1664,853,811
metabolites_unannotated,2.26_232.0594m_z,gait_no_room_A,ensemble,1664,853,811,0,1664,853,811
metabolites_unannotated,2.26_363.0755m_z,gait_no_room_A,ensemble,1664,853,811,0,1664,853,811
metabolites_unannotated,2.26_451.0916m_z,gait_no_room_A,ensemble,1664,853,811,0,1664,853,811
metabolites_unannotated,2.27_195.0665m_z,gait_no_room_A,ensemble,1664,853,811,0,1664,853,811
metabolites_unannotated,2.27_217.1082m_z,gait_no_room_A,ensemble,1664,853,811,0,1664,853,811
metabolites_unannotated,2.27_261.0076m_z,gait_no_room_A,ensemble,1664,853,811,0,1664,853,811
metabolites_unannotated,2.27_361.1502m_z,gait_no_room_A,ensemble,1664,853,811,0,1664,853,811
metabolites_unannotated,2.27_453.0861m_z,gait_no_room_A,ensemble,1664,853,811,0,1664,853,811
metabolites_unannotated,2.27_453.0861m_z_2,gait_no_room_A,ensemble,1664,853,811,0,1664,853,811
metabolites_unannotated,2.27_970.3669n,gait_no_room_A,ensemble,1664,853,811,0,1664,853,811
metabolites_unannotated,2.28_175.0246m_z,gait_no_room_A,ensemble,1664,853,811,0,1664,853,811
metabolites_unannotated,2.28_245.0129m_z,gait_no_room_A,ensemble,1664,853,811,0,1664,853,811
metabolites_unannotated,2.29_317.0332m_z,gait_no_room_A,ensemble,1664,853,811,0,1664,853,811
metabolites_unannotated,2.29_569.1333m_z,gait_no_room_A,ensemble,1664,853,811,0,1664,853,811
metabolites_unannotated,2.30_187.2785m_z,gait_no_room_A,ensemble,1664,853,811,0,1664,853,811
metabolites_unannotated,2.30_397.0039m_z,gait_no_room_A,ensemble,1664,853,811,0,1664,853,811
metabolites_unannotated,2.30_439.0706m_z,gait_no_room_A,ensemble,1664,853,811,0,1664,853,811
metabolites_unannotated,2.30_679.7784m_z,gait_no_room_A,ensemble,1664,853,811,0,1664,853,811
metabolites_unannotated,2.31_615.1027m_z,gait_no_room_A,ensemble,1664,853,811,0,1664,853,811
metabolites_unannotated,2.32_439.0706m_z,gait_no_room_A,ensemble,1664,853,811,0,1664,853,811
metabolites_unannotated,2.33_217.0176m_z,gait_no_room_A,ensemble,1664,853,811,0,1664,853,811
metabolites_unannotated,2.34_273.0075m_z,gait_no_room_A,ensemble,1664,853,811,0,1664,853,811
metabolites_unannotated,2.34_306.9916m_z,gait_no_room_A,ensemble,1664,853,811,0,1664,853,811
metabolites_unannotated,2.34_361.1504m_z,gait_no_room_A,ensemble,1664,853,811,0,1664,853,811
metabolites_unannotated,2.35_245.0932m_z,gait_no_room_A,ensemble,1664,853,811,0,1664,853,811
metabolites_unannotated,2.35_275.1035m_z,gait_no_room_A,ensemble,1664,853,811,0,1664,853,811
metabolites_unannotated,2.35_339.0541m_z,gait_no_room_A,ensemble,1664,853,811,0,1664,853,811
metabolites_unannotated,2.35_431.1747m_z,gait_no_room_A,ensemble,1664,853,811,0,1664,853,811
metabolites_unannotated,2.35_505.1446m_z,gait_no_room_A,ensemble,1664,853,811,0,1664,853,811
metabolites_unannotated,2.35_519.1508m_z,gait_no_room_A,ensemble,1664,853,811,0,1664,853,811
metabolites_unannotated,2.35_672.2433m_z,gait_no_room_A,ensemble,1664,853,811,0,1664,853,811
metabolites_unannotated,2.35_856.3247n,gait_no_room_A,ensemble,1664,853,811,0,1664,853,811
metabolites_unannotated,2.36_289.0384m_z,gait_no_room_A,ensemble,1664,853,811,0,1664,853,811
metabolites_unannotated,2.37_123.0449m_z,gait_no_room_A,ensemble,1664,853,811,0,1664,853,811
metabolites_unannotated,2.37_237.0330m_z,gait_no_room_A,ensemble,1664,853,811,0,1664,853,811
metabolites_unannotated,2.37_275.0234m_z,gait_no_room_A,ensemble,1664,853,811,0,1664,853,811
metabolites_unannotated,2.37_281.1041m_z,gait_no_room_A,ensemble,1664,853,811,0,1664,853,811
metabolites_unannotated,2.37_283.0283m_z,gait_no_room_A,ensemble,1664,853,811,0,1664,853,811
metabolites_unannotated,2.37_453.0861m_z,gait_no_room_A,ensemble,1664,853,811,0,1664,853,811
metabolites_unannotated,2.38_175.0248m_z,gait_no_room_A,ensemble,1664,853,811,0,1664,853,811
metabolites_unannotated,2.38_211.1666m_z,gait_no_room_A,ensemble,1664,853,811,0,1664,853,811
metabolites_unannotated,2.38_255.0883m_z,gait_no_room_A,ensemble,1664,853,811,0,1664,853,811
metabolites_unannotated,2.38_255.1620m_z,gait_no_room_A,ensemble,1664,853,811,0,1664,853,811
metabolites_unannotated,2.38_355.0128m_z,gait_no_room_A,ensemble,1664,853,811,0,1664,853,811
metabolites_unannotated,2.38_447.2055m_z,gait_no_room_A,ensemble,1664,853,811,0,1664,853,811
metabolites_unannotated,2.38_546.2135n,gait_no_room_A,ensemble,1664,853,811,0,1664,853,811
metabolites_unannotated,2.40_195.0664m_z,gait_no_room_A,ensemble,1664,853,811,0,1664,853,811
metabolites_unannotated,2.40_250.9024m_z,gait_no_room_A,ensemble,1664,853,811,0,1664,853,811
metabolites_unannotated,2.40_252.9003m_z,gait_no_room_A,ensemble,1664,853,811,0,1664,853,811
metabolites_unannotated,2.40_254.0129m_z,gait_no_room_A,ensemble,1664,853,811,0,1664,853,811
metabolites_unannotated,2.40_497.2035m_z,gait_no_room_A,ensemble,1664,853,811,0,1664,853,811
metabolites_unannotated,2.40_696.8936m_z,gait_no_room_A,ensemble,1664,853,811,0,1664,853,811
metabolites_unannotated,2.40_697.0062m_z,gait_no_room_A,ensemble,1664,853,811,0,1664,853,811
metabolites_unannotated,2.41_273.0439m_z,gait_no_room_A,ensemble,1664,853,811,0,1664,853,811
metabolites_unannotated,2.41_317.0331m_z,gait_no_room_A,ensemble,1664,853,811,0,1664,853,811
metabolites_unannotated,2.41_485.1664m_z,gait_no_room_A,ensemble,1664,853,811,0,1664,853,811
metabolites_unannotated,2.41_526.2124m_z,gait_no_room_A,ensemble,1664,853,811,0,1664,853,811
metabolites_unannotated,2.43_440.0750n,gait_no_room_A,ensemble,1664,853,811,0,1664,853,811
metabolites_unannotated,2.44_197.0822m_z,gait_no_room_A,ensemble,1664,853,811,0,1664,853,811
metabolites_unannotated,2.44_309.0992m_z,gait_no_room_A,ensemble,1664,853,811,0,1664,853,811
metabolites_unannotated,2.44_449.2024m_z,gait_no_room_A,ensemble,1664,853,811,0,1664,853,811
metabolites_unannotated,2.45_385.1697m_z,gait_no_room_A,ensemble,1664,853,811,0,1664,853,811
metabolites_unannotated,2.45_489.1399m_z,gait_no_room_A,ensemble,1664,853,811,0,1664,853,811
metabolites_unannotated,2.45_509.2386m_z,gait_no_room_A,ensemble,1664,853,811,0,1664,853,811
metabolites_unannotated,2.46_221.0096m_z,gait_no_room_A,ensemble,1664,853,811,0,1664,853,811
metabolites_unannotated,2.46_241.1082m_z,gait_no_room_A,ensemble,1664,853,811,0,1664,853,811
metabolites_unannotated,2.46_245.0495m_z,gait_no_room_A,ensemble,1664,853,811,0,1664,853,811
metabolites_unannotated,2.47_405.1772m_z,gait_no_room_A,ensemble,1664,853,811,0,1664,853,811
metabolites_unannotated,2.47_543.2807m_z,gait_no_room_A,ensemble,1664,853,811,0,1664,853,811
metabolites_unannotated,2.47_604.2318m_z,gait_no_room_A,ensemble,1664,853,811,0,1664,853,811
metabolites_unannotated,2.48_226.0189m_z,gait_no_room_A,ensemble,1664,853,811,0,1664,853,811
metabolites_unannotated,2.48_273.1071m_z,gait_no_room_A,ensemble,1664,853,811,0,1664,853,811
metabolites_unannotated,2.48_387.0727m_z,gait_no_room_A,ensemble,1664,853,811,0,1664,853,811
metabolites_unannotated,2.48_495.2227m_z,gait_no_room_A,ensemble,1664,853,811,0,1664,853,811
metabolites_unannotated,2.48_617.8522m_z,gait_no_room_A,ensemble,1664,853,811,0,1664,853,811
metabolites_unannotated,2.48_619.5233m_z,gait_no_room_A,ensemble,1664,853,811,0,1664,853,811
metabolites_unannotated,2.48_628.7274m_z,gait_no_room_A,ensemble,1664,853,811,0,1664,853,811
metabolites_unannotated,2.50_345.1568m_z,gait_no_room_A,ensemble,1664,853,811,0,1664,853,811
metabolites_unannotated,2.50_387.1847m_z,gait_no_room_A,ensemble,1664,853,811,0,1664,853,811
metabolites_unannotated,2.51_160.0767m_z,gait_no_room_A,ensemble,1664,853,811,0,1664,853,811
metabolites_unannotated,2.51_204.0668m_z,gait_no_room_A,ensemble,1664,853,811,0,1664,853,811
metabolites_unannotated,2.51_453.0853m_z,gait_no_room_A,ensemble,1664,853,811,0,1664,853,811
metabolites_unannotated,2.53_337.0386m_z,gait_no_room_A,ensemble,1664,853,811,0,1664,853,811
metabolites_unannotated,2.53_365.0876m_z,gait_no_room_A,ensemble,1664,853,811,0,1664,853,811
metabolites_unannotated,2.53_401.2006m_z,gait_no_room_A,ensemble,1664,853,811,0,1664,853,811
metabolites_unannotated,2.53_437.1088m_z,gait_no_room_A,ensemble,1664,853,811,0,1664,853,811
metabolites_unannotated,2.53_445.1901m_z,gait_no_room_A,ensemble,1664,853,811,0,1664,853,811
metabolites_unannotated,2.54_343.0852m_z,gait_no_room_A,ensemble,1664,853,811,0,1664,853,811
metabolites_unannotated,2.54_439.1607m_z,gait_no_room_A,ensemble,1664,853,811,0,1664,853,811
metabolites_unannotated,2.55_1003.9725m_z,gait_no_room_A,ensemble,1664,853,811,0,1664,853,811
metabolites_unannotated,2.55_427.1600m_z,gait_no_room_A,ensemble,1664,853,811,0,1664,853,811
metabolites_unannotated,2.56_1052.4080n,gait_no_room_A,ensemble,1664,853,811,0,1664,853,811
metabolites_unannotated,2.56_195.0667m_z,gait_no_room_A,ensemble,1664,853,811,0,1664,853,811
metabolites_unannotated,2.56_206.9532m_z,gait_no_room_A,ensemble,1664,853,811,0,1664,853,811
metabolites_unannotated,2.56_281.1041m_z,gait_no_room_A,ensemble,1664,853,811,0,1664,853,811
metabolites_unannotated,2.56_377.1816m_z,gait_no_room_A,ensemble,1664,853,811,0,1664,853,811
metabolites_unannotated,2.56_393.0653m_z,gait_no_room_A,ensemble,1664,853,811,0,1664,853,811
metabolites_unannotated,2.57_351.1635m_z,gait_no_room_A,ensemble,1664,853,811,0,1664,853,811
metabolites_unannotated,2.57_527.2857m_z,gait_no_room_A,ensemble,1664,853,811,0,1664,853,811
metabolites_unannotated,2.58_245.1396m_z,gait_no_room_A,ensemble,1664,853,811,0,1664,853,811
metabolites_unannotated,2.58_269.1509m_z,gait_no_room_A,ensemble,1664,853,811,0,1664,853,811
metabolites_unannotated,2.59_232.9951m_z,gait_no_room_A,ensemble,1664,853,811,0,1664,853,811
metabolites_unannotated,2.59_241.0731m_z,gait_no_room_A,ensemble,1664,853,811,0,1664,853,811
metabolites_unannotated,2.59_259.0287m_z,gait_no_room_A,ensemble,1664,853,811,0,1664,853,811
metabolites_unannotated,2.59_293.0125m_z,gait_no_room_A,ensemble,1664,853,811,0,1664,853,811
metabolites_unannotated,2.59_601.2922n,gait_no_room_A,ensemble,1664,853,811,0,1664,853,811
metabolites_unannotated,2.59_657.2761m_z,gait_no_room_A,ensemble,1664,853,811,0,1664,853,811
metabolites_unannotated,2.60_229.0181m_z,gait_no_room_A,ensemble,1664,853,811,0,1664,853,811
metabolites_unannotated,2.60_531.2806m_z,gait_no_room_A,ensemble,1664,853,811,0,1664,853,811
metabolites_unannotated,2.60_541.3745m_z,gait_no_room_A,ensemble,1664,853,811,0,1664,853,811
metabolites_unannotated,2.60_609.2518m_z,gait_no_room_A,ensemble,1664,853,811,0,1664,853,811
metabolites_unannotated,2.61_255.1141m_z,gait_no_room_A,ensemble,1664,853,811,0,1664,853,811
metabolites_unannotated,2.61_379.1220m_z,gait_no_room_A,ensemble,1664,853,811,0,1664,853,811
metabolites_unannotated,2.61_379.1222m_z,gait_no_room_A,ensemble,1664,853,811,0,1664,853,811
metabolites_unannotated,2.61_423.0759m_z,gait_no_room_A,ensemble,1664,853,811,0,1664,853,811
metabolites_unannotated,2.61_574.2442n,gait_no_room_A,ensemble,1664,853,811,0,1664,853,811
metabolites_unannotated,2.61_583.2943m_z,gait_no_room_A,ensemble,1664,853,811,0,1664,853,811
metabolites_unannotated,2.62_389.0917m_z,gait_no_room_A,ensemble,1664,853,811,0,1664,853,811
metabolites_unannotated,2.62_393.1018m_z,gait_no_room_A,ensemble,1664,853,811,0,1664,853,811
metabolites_unannotated,2.62_399.1847m_z,gait_no_room_A,ensemble,1664,853,811,0,1664,853,811
metabolites_unannotated,2.62_494.1484m_z,gait_no_room_A,ensemble,1664,853,811,0,1664,853,811
metabolites_unannotated,2.62_562.2085n,gait_no_room_A,ensemble,1664,853,811,0,1664,853,811
metabolites_unannotated,2.63_329.0695m_z,gait_no_room_A,ensemble,1664,853,811,0,1664,853,811
metabolites_unannotated,2.63_429.1953m_z,gait_no_room_A,ensemble,1664,853,811,0,1664,853,811
metabolites_unannotated,2.64_234.1248m_z,gait_no_room_A,ensemble,1664,853,811,0,1664,853,811
metabolites_unannotated,2.64_287.0591m_z,gait_no_room_A,ensemble,1664,853,811,0,1664,853,811
metabolites_unannotated,2.64_334.6406m_z,gait_no_room_A,ensemble,1664,853,811,0,1664,853,811
metabolites_unannotated,2.64_347.1709m_z,gait_no_room_A,ensemble,1664,853,811,0,1664,853,811
metabolites_unannotated,2.64_349.2021m_z,gait_no_room_A,ensemble,1664,853,811,0,1664,853,811
metabolites_unannotated,2.64_427.1608m_z,gait_no_room_A,ensemble,1664,853,811,0,1664,853,811
metabolites_unannotated,2.64_480.2960m_z,gait_no_room_A,ensemble,1664,853,811,0,1664,853,811
metabolites_unannotated,2.64_549.1611m_z,gait_no_room_A,ensemble,1664,853,811,0,1664,853,811
metabolites_unannotated,2.65_547.2756m_z,gait_no_room_A,ensemble,1664,853,811,0,1664,853,811
metabolites_unannotated,2.65_635.6525m_z,gait_no_room_A,ensemble,1664,853,811,0,1664,853,811
metabolites_unannotated,2.66_245.0129m_z,gait_no_room_A,ensemble,1664,853,811,0,1664,853,811
metabolites_unannotated,2.66_321.0439m_z,gait_no_room_A,ensemble,1664,853,811,0,1664,853,811
metabolites_unannotated,2.66_433.1146m_z,gait_no_room_A,ensemble,1664,853,811,0,1664,853,811
metabolites_unannotated,2.66_437.0916m_z,gait_no_room_A,ensemble,1664,853,811,0,1664,853,811
metabolites_unannotated,2.66_537.2329m_z,gait_no_room_A,ensemble,1664,853,811,0,1664,853,811
metabolites_unannotated,2.66_548.2293n,gait_no_room_A,ensemble,1664,853,811,0,1664,853,811
metabolites_unannotated,2.67_193.0510m_z,gait_no_room_A,ensemble,1664,853,811,0,1664,853,811
metabolites_unannotated,2.67_203.1290m_z,gait_no_room_A,ensemble,1664,853,811,0,1664,853,811
metabolites_unannotated,2.67_349.0023m_z,gait_no_room_A,ensemble,1664,853,811,0,1664,853,811
metabolites_unannotated,2.67_509.2391m_z,gait_no_room_A,ensemble,1664,853,811,0,1664,853,811
metabolites_unannotated,2.67_539.5830m_z,gait_no_room_A,ensemble,1664,853,811,0,1664,853,811
metabolites_unannotated,2.67_553.2836m_z,gait_no_room_A,ensemble,1664,853,811,0,1664,853,811
metabolites_unannotated,2.67_673.3134n,gait_no_room_A,ensemble,1664,853,811,0,1664,853,811
metabolites_unannotated,2.68_517.2051m_z,gait_no_room_A,ensemble,1664,853,811,0,1664,853,811
metabolites_unannotated,2.68_534.1132m_z,gait_no_room_A,ensemble,1664,853,811,0,1664,853,811
metabolites_unannotated,2.68_539.3581m_z,gait_no_room_A,ensemble,1664,853,811,0,1664,853,811
metabolites_unannotated,2.68_583.1126m_z,gait_no_room_A,ensemble,1664,853,811,0,1664,853,811
metabolites_unannotated,2.68_607.2364m_z,gait_no_room_A,ensemble,1664,853,811,0,1664,853,811
metabolites_unannotated,2.68_639.1743m_z,gait_no_room_A,ensemble,1664,853,811,0,1664,853,811
metabolites_unannotated,2.69_232.0599m_z,gait_no_room_A,ensemble,1664,853,811,0,1664,853,811
metabolites_unannotated,2.69_279.1067m_z,gait_no_room_A,ensemble,1664,853,811,0,1664,853,811
metabolites_unannotated,2.69_294.0940m_z,gait_no_room_A,ensemble,1664,853,811,0,1664,853,811
metabolites_unannotated,2.69_319.1914m_z,gait_no_room_A,ensemble,1664,853,811,0,1664,853,811
metabolites_unannotated,2.69_377.1812m_z,gait_no_room_A,ensemble,1664,853,811,0,1664,853,811
metabolites_unannotated,2.69_379.1220m_z,gait_no_room_A,ensemble,1664,853,811,0,1664,853,811
metabolites_unannotated,2.69_389.2180m_z,gait_no_room_A,ensemble,1664,853,811,0,1664,853,811
metabolites_unannotated,2.69_399.1844m_z,gait_no_room_A,ensemble,1664,853,811,0,1664,853,811
metabolites_unannotated,2.69_413.1645m_z,gait_no_room_A,ensemble,1664,853,811,0,1664,853,811
metabolites_unannotated,2.69_431.2288m_z,gait_no_room_A,ensemble,1664,853,811,0,1664,853,811
metabolites_unannotated,2.69_507.2081m_z,gait_no_room_A,ensemble,1664,853,811,0,1664,853,811
metabolites_unannotated,2.70_287.1495m_z,gait_no_room_A,ensemble,1664,853,811,0,1664,853,811
metabolites_unannotated,2.70_380.1293n,gait_no_room_A,ensemble,1664,853,811,0,1664,853,811
metabolites_unannotated,2.70_439.1613m_z,gait_no_room_A,ensemble,1664,853,811,0,1664,853,811
metabolites_unannotated,2.70_523.2196m_z,gait_no_room_A,ensemble,1664,853,811,0,1664,853,811
metabolites_unannotated,2.70_527.2857m_z,gait_no_room_A,ensemble,1664,853,811,0,1664,853,811
metabolites_unannotated,2.70_562.2105n,gait_no_room_A,ensemble,1664,853,811,0,1664,853,811
metabolites_unannotated,2.71_477.2338m_z,gait_no_room_A,ensemble,1664,853,811,0,1664,853,811
metabolites_unannotated,2.72_203.1291m_z,gait_no_room_A,ensemble,1664,853,811,0,1664,853,811
metabolites_unannotated,2.72_273.1705m_z,gait_no_room_A,ensemble,1664,853,811,0,1664,853,811
metabolites_unannotated,2.72_285.0435m_z,gait_no_room_A,ensemble,1664,853,811,0,1664,853,811
metabolites_unannotated,2.72_387.1852m_z,gait_no_room_A,ensemble,1664,853,811,0,1664,853,811
metabolites_unannotated,2.72_443.1746m_z,gait_no_room_A,ensemble,1664,853,811,0,1664,853,811
metabolites_unannotated,2.72_452.1927m_z,gait_no_room_A,ensemble,1664,853,811,0,1664,853,811
metabolites_unannotated,2.72_563.1766m_z,gait_no_room_A,ensemble,1664,853,811,0,1664,853,811
metabolites_unannotated,2.73_273.0441m_z,gait_no_room_A,ensemble,1664,853,811,0,1664,853,811
metabolites_unannotated,2.73_423.2021m_z,gait_no_room_A,ensemble,1664,853,811,0,1664,853,811
metabolites_unannotated,2.74_145.0871m_z,gait_no_room_A,ensemble,1664,853,811,0,1664,853,811
metabolites_unannotated,2.74_511.2541m_z,gait_no_room_A,ensemble,1664,853,811,0,1664,853,811
metabolites_unannotated,2.74_523.2540m_z,gait_no_room_A,ensemble,1664,853,811,0,1664,853,811
metabolites_unannotated,2.74_543.2805m_z,gait_no_room_A,ensemble,1664,853,811,0,1664,853,811
metabolites_unannotated,2.74_583.3121m_z,gait_no_room_A,ensemble,1664,853,811,0,1664,853,811
metabolites_unannotated,2.74_675.3272n,gait_no_room_A,ensemble,1664,853,811,0,1664,853,811
metabolites_unannotated,2.75_201.2253m_z,gait_no_room_A,ensemble,1664,853,811,0,1664,853,811
metabolites_unannotated,2.75_209.0825m_z,gait_no_room_A,ensemble,1664,853,811,0,1664,853,811
metabolites_unannotated,2.75_245.0496m_z,gait_no_room_A,ensemble,1664,853,811,0,1664,853,811
metabolites_unannotated,2.75_255.1147m_z,gait_no_room_A,ensemble,1664,853,811,0,1664,853,811
metabolites_unannotated,2.75_273.1071m_z,gait_no_room_A,ensemble,1664,853,811,0,1664,853,811
metabolites_unannotated,2.75_427.1429m_z,gait_no_room_A,ensemble,1664,853,811,0,1664,853,811
metabolites_unannotated,2.75_515.2869m_z,gait_no_room_A,ensemble,1664,853,811,0,1664,853,811
metabolites_unannotated,2.75_548.3072m_z,gait_no_room_A,ensemble,1664,853,811,0,1664,853,811
metabolites_unannotated,2.76_269.1506m_z,gait_no_room_A,ensemble,1664,853,811,0,1664,853,811
metabolites_unannotated,2.76_343.0858m_z,gait_no_room_A,ensemble,1664,853,811,0,1664,853,811
metabolites_unannotated,2.76_403.1038m_z,gait_no_room_A,ensemble,1664,853,811,0,1664,853,811
metabolites_unannotated,2.76_409.2231m_z,gait_no_room_A,ensemble,1664,853,811,0,1664,853,811
metabolites_unannotated,2.76_425.1643m_z,gait_no_room_A,ensemble,1664,853,811,0,1664,853,811
metabolites_unannotated,2.76_483.2590m_z,gait_no_room_A,ensemble,1664,853,811,0,1664,853,811
metabolites_unannotated,2.77_193.0507m_z,gait_no_room_A,ensemble,1664,853,811,0,1664,853,811
metabolites_unannotated,2.77_214.9354m_z,gait_no_room_A,ensemble,1664,853,811,0,1664,853,811
metabolites_unannotated,2.77_216.9325m_z,gait_no_room_A,ensemble,1664,853,811,0,1664,853,811
metabolites_unannotated,2.77_259.0282m_z,gait_no_room_A,ensemble,1664,853,811,0,1664,853,811
metabolites_unannotated,2.77_295.1198m_z,gait_no_room_A,ensemble,1664,853,811,0,1664,853,811
metabolites_unannotated,2.77_351.1632m_z,gait_no_room_A,ensemble,1664,853,811,0,1664,853,811
metabolites_unannotated,2.77_462.1772m_z,gait_no_room_A,ensemble,1664,853,811,0,1664,853,811
metabolites_unannotated,2.77_462.2778m_z,gait_no_room_A,ensemble,1664,853,811,0,1664,853,811
metabolites_unannotated,2.77_505.1459m_z,gait_no_room_A,ensemble,1664,853,811,0,1664,853,811
metabolites_unannotated,2.77_509.2751m_z,gait_no_room_A,ensemble,1664,853,811,0,1664,853,811
metabolites_unannotated,2.77_553.2835m_z,gait_no_room_A,ensemble,1664,853,811,0,1664,853,811
metabolites_unannotated,2.78_176.0718m_z,gait_no_room_A,ensemble,1664,853,811,0,1664,853,811
metabolites_unannotated,2.78_401.2006m_z,gait_no_room_A,ensemble,1664,853,811,0,1664,853,811
metabolites_unannotated,2.78_407.2077m_z,gait_no_room_A,ensemble,1664,853,811,0,1664,853,811
metabolites_unannotated,2.78_413.2008m_z,gait_no_room_A,ensemble,1664,853,811,0,1664,853,811
metabolites_unannotated,2.78_525.2705m_z,gait_no_room_A,ensemble,1664,853,811,0,1664,853,811
metabolites_unannotated,2.78_562.2863m_z,gait_no_room_A,ensemble,1664,853,811,0,1664,853,811
metabolites_unannotated,2.79_415.1798m_z,gait_no_room_A,ensemble,1664,853,811,0,1664,853,811
metabolites_unannotated,2.80_253.0178m_z,gait_no_room_A,ensemble,1664,853,811,0,1664,853,811
metabolites_unannotated,2.80_337.0386m_z,gait_no_room_A,ensemble,1664,853,811,0,1664,853,811
metabolites_unannotated,2.80_383.4341m_z,gait_no_room_A,ensemble,1664,853,811,0,1664,853,811
metabolites_unannotated,2.80_383.5408m_z,gait_no_room_A,ensemble,1664,853,811,0,1664,853,811
metabolites_unannotated,2.80_384.2525m_z,gait_no_room_A,ensemble,1664,853,811,0,1664,853,811
metabolites_unannotated,2.80_384.4403m_z,gait_no_room_A,ensemble,1664,853,811,0,1664,853,811
metabolites_unannotated,2.80_433.2082m_z,gait_no_room_A,ensemble,1664,853,811,0,1664,853,811
metabolites_unannotated,2.80_443.1746m_z,gait_no_room_A,ensemble,1664,853,811,0,1664,853,811
metabolites_unannotated,2.81_335.6491m_z,gait_no_room_A,ensemble,1664,853,811,0,1664,853,811
metabolites_unannotated,2.81_511.2542m_z,gait_no_room_A,ensemble,1664,853,811,0,1664,853,811
metabolites_unannotated,2.82_213.1135m_z,gait_no_room_A,ensemble,1664,853,811,0,1664,853,811
metabolites_unannotated,2.82_262.6966m_z,gait_no_room_A,ensemble,1664,853,811,0,1664,853,811
metabolites_unannotated,2.82_523.2541m_z,gait_no_room_A,ensemble,1664,853,811,0,1664,853,811
metabolites_unannotated,2.82_527.2558n,gait_no_room_A,ensemble,1664,853,811,0,1664,853,811
metabolites_unannotated,2.82_582.3278m_z,gait_no_room_A,ensemble,1664,853,811,0,1664,853,811
metabolites_unannotated,2.82_769.3889n,gait_no_room_A,ensemble,1664,853,811,0,1664,853,811
metabolites_unannotated,2.83_409.2234m_z,gait_no_room_A,ensemble,1664,853,811,0,1664,853,811
metabolites_unannotated,2.83_493.2283m_z,gait_no_room_A,ensemble,1664,853,811,0,1664,853,811
metabolites_unannotated,2.83_583.2558m_z,gait_no_room_A,ensemble,1664,853,811,0,1664,853,811
metabolites_unannotated,2.84_341.0698m_z,gait_no_room_A,ensemble,1664,853,811,0,1664,853,811
metabolites_unannotated,2.84_476.1551m_z,gait_no_room_A,ensemble,1664,853,811,0,1664,853,811
metabolites_unannotated,2.84_479.2285m_z,gait_no_room_A,ensemble,1664,853,811,0,1664,853,811
metabolites_unannotated,2.84_505.1458m_z,gait_no_room_A,ensemble,1664,853,811,0,1664,853,811
metabolites_unannotated,2.84_583.2942m_z,gait_no_room_A,ensemble,1664,853,811,0,1664,853,811
metabolites_unannotated,2.85_241.0177m_z,gait_no_room_A,ensemble,1664,853,811,0,1664,853,811
metabolites_unannotated,2.85_272.0991m_z,gait_no_room_A,ensemble,1664,853,811,0,1664,853,811
metabolites_unannotated,2.85_273.0448m_z,gait_no_room_A,ensemble,1664,853,811,0,1664,853,811
metabolites_unannotated,2.85_313.1184m_z,gait_no_room_A,ensemble,1664,853,811,0,1664,853,811
metabolites_unannotated,2.85_429.1952m_z,gait_no_room_A,ensemble,1664,853,811,0,1664,853,811
metabolites_unannotated,2.85_541.2655m_z,gait_no_room_A,ensemble,1664,853,811,0,1664,853,811
metabolites_unannotated,2.85_541.3755m_z,gait_no_room_A,ensemble,1664,853,811,0,1664,853,811
metabolites_unannotated,2.86_273.1070m_z,gait_no_room_A,ensemble,1664,853,811,0,1664,853,811
metabolites_unannotated,2.86_411.1484m_z,gait_no_room_A,ensemble,1664,853,811,0,1664,853,811
metabolites_unannotated,2.86_412.2104m_z,gait_no_room_A,ensemble,1664,853,811,0,1664,853,811
metabolites_unannotated,2.86_609.2518m_z,gait_no_room_A,ensemble,1664,853,811,0,1664,853,811
metabolites_unannotated,2.87_399.1851m_z,gait_no_room_A,ensemble,1664,853,811,0,1664,853,811
metabolites_unannotated,2.87_547.2757m_z,gait_no_room_A,ensemble,1664,853,811,0,1664,853,811
metabolites_unannotated,2.87_548.2278n,gait_no_room_A,ensemble,1664,853,811,0,1664,853,811
metabolites_unannotated,2.87_553.1023m_z,gait_no_room_A,ensemble,1664,853,811,0,1664,853,811
metabolites_unannotated,2.87_657.3179n,gait_no_room_A,ensemble,1664,853,811,0,1664,853,811
metabolites_unannotated,2.87_691.3233n,gait_no_room_A,ensemble,1664,853,811,0,1664,853,811
metabolites_unannotated,2.88_275.0233m_z,gait_no_room_A,ensemble,1664,853,811,0,1664,853,811
metabolites_unannotated,2.88_331.1293m_z,gait_no_room_A,ensemble,1664,853,811,0,1664,853,811
metabolites_unannotated,2.88_520.1641m_z,gait_no_room_A,ensemble,1664,853,811,0,1664,853,811
metabolites_unannotated,2.88_539.2499m_z,gait_no_room_A,ensemble,1664,853,811,0,1664,853,811
metabolites_unannotated,2.88_568.2953m_z,gait_no_room_A,ensemble,1664,853,811,0,1664,853,811
metabolites_unannotated,2.88_599.1073m_z,gait_no_room_A,ensemble,1664,853,811,0,1664,853,811
metabolites_unannotated,2.89_183.0665m_z,gait_no_room_A,ensemble,1664,853,811,0,1664,853,811
metabolites_unannotated,2.89_413.1652m_z,gait_no_room_A,ensemble,1664,853,811,0,1664,853,811
metabolites_unannotated,2.89_479.2651m_z,gait_no_room_A,ensemble,1664,853,811,0,1664,853,811
metabolites_unannotated,2.89_481.2054m_z,gait_no_room_A,ensemble,1664,853,811,0,1664,853,811
metabolites_unannotated,2.89_515.2857m_z,gait_no_room_A,ensemble,1664,853,811,0,1664,853,811
metabolites_unannotated,2.90_201.1136m_z,gait_no_room_A,ensemble,1664,853,811,0,1664,853,811
metabolites_unannotated,2.90_213.0234m_z,gait_no_room_A,ensemble,1664,853,811,0,1664,853,811
metabolites_unannotated,2.90_273.1707m_z,gait_no_room_A,ensemble,1664,853,811,0,1664,853,811
metabolites_unannotated,2.90_283.1171m_z,gait_no_room_A,ensemble,1664,853,811,0,1664,853,811
metabolites_unannotated,2.90_351.2171m_z,gait_no_room_A,ensemble,1664,853,811,0,1664,853,811
metabolites_unannotated,2.90_497.2747m_z,gait_no_room_A,ensemble,1664,853,811,0,1664,853,811
metabolites_unannotated,2.90_507.1632m_z,gait_no_room_A,ensemble,1664,853,811,0,1664,853,811
metabolites_unannotated,2.91_415.1795m_z,gait_no_room_A,ensemble,1664,853,811,0,1664,853,811
metabolites_unannotated,2.91_433.2076m_z,gait_no_room_A,ensemble,1664,853,811,0,1664,853,811
metabolites_unannotated,2.91_511.2906m_z,gait_no_room_A,ensemble,1664,853,811,0,1664,853,811
metabolites_unannotated,2.91_546.2135n,gait_no_room_A,ensemble,1664,853,811,0,1664,853,811
metabolites_unannotated,2.92_391.1975m_z,gait_no_room_A,ensemble,1664,853,811,0,1664,853,811
metabolites_unannotated,2.93_215.0378m_z,gait_no_room_A,ensemble,1664,853,811,0,1664,853,811
metabolites_unannotated,2.93_323.0039m_z,gait_no_room_A,ensemble,1664,853,811,0,1664,853,811
metabolites_unannotated,2.93_325.0016m_z,gait_no_room_A,ensemble,1664,853,811,0,1664,853,811
metabolites_unannotated,2.93_387.1851m_z,gait_no_room_A,ensemble,1664,853,811,0,1664,853,811
metabolites_unannotated,2.93_423.1883m_z,gait_no_room_A,ensemble,1664,853,811,0,1664,853,811
metabolites_unannotated,2.93_428.1872n,gait_no_room_A,ensemble,1664,853,811,0,1664,853,811
metabolites_unannotated,2.94_218.0826m_z,gait_no_room_A,ensemble,1664,853,811,0,1664,853,811
metabolites_unannotated,2.94_317.1602m_z,gait_no_room_A,ensemble,1664,853,811,0,1664,853,811
metabolites_unannotated,2.94_358.1507m_z,gait_no_room_A,ensemble,1664,853,811,0,1664,853,811
metabolites_unannotated,2.95_213.1133m_z,gait_no_room_A,ensemble,1664,853,811,0,1664,853,811
metabolites_unannotated,2.95_319.1221m_z,gait_no_room_A,ensemble,1664,853,811,0,1664,853,811
metabolites_unannotated,2.95_475.1969m_z,gait_no_room_A,ensemble,1664,853,811,0,1664,853,811
metabolites_unannotated,2.95_595.3228m_z,gait_no_room_A,ensemble,1664,853,811,0,1664,853,811
metabolites_unannotated,2.96_225.1134m_z,gait_no_room_A,ensemble,1664,853,811,0,1664,853,811
metabolites_unannotated,2.96_337.0384m_z,gait_no_room_A,ensemble,1664,853,811,0,1664,853,811
metabolites_unannotated,2.96_353.1619m_z,gait_no_room_A,ensemble,1664,853,811,0,1664,853,811
metabolites_unannotated,2.96_401.2001m_z,gait_no_room_A,ensemble,1664,853,811,0,1664,853,811
metabolites_unannotated,2.96_427.1944m_z,gait_no_room_A,ensemble,1664,853,811,0,1664,853,811
metabolites_unannotated,2.96_545.1303m_z,gait_no_room_A,ensemble,1664,853,811,0,1664,853,811
metabolites_unannotated,2.96_553.2838m_z,gait_no_room_A,ensemble,1664,853,811,0,1664,853,811
metabolites_unannotated,2.96_629.3538m_z,gait_no_room_A,ensemble,1664,853,811,0,1664,853,811
metabolites_unannotated,2.97_248.1402m_z,gait_no_room_A,ensemble,1664,853,811,0,1664,853,811
metabolites_unannotated,2.97_325.1291m_z,gait_no_room_A,ensemble,1664,853,811,0,1664,853,811
metabolites_unannotated,2.97_411.1853m_z,gait_no_room_A,ensemble,1664,853,811,0,1664,853,811
metabolites_unannotated,2.97_517.3020m_z,gait_no_room_A,ensemble,1664,853,811,0,1664,853,811
metabolites_unannotated,2.97_532.2887n,gait_no_room_A,ensemble,1664,853,811,0,1664,853,811
metabolites_unannotated,2.97_533.1304m_z,gait_no_room_A,ensemble,1664,853,811,0,1664,853,811
metabolites_unannotated,2.97_567.1908m_z,gait_no_room_A,ensemble,1664,853,811,0,1664,853,811
metabolites_unannotated,2.98_210.9476m_z,gait_no_room_A,ensemble,1664,853,811,0,1664,853,811
metabolites_unannotated,2.98_354.1016m_z,gait_no_room_A,ensemble,1664,853,811,0,1664,853,811
metabolites_unannotated,2.98_476.1560m_z,gait_no_room_A,ensemble,1664,853,811,0,1664,853,811
metabolites_unannotated,2.98_479.2286m_z,gait_no_room_A,ensemble,1664,853,811,0,1664,853,811
metabolites_unannotated,2.98_511.2547m_z,gait_no_room_A,ensemble,1664,853,811,0,1664,853,811
metabolites_unannotated,2.99_269.1390m_z,gait_no_room_A,ensemble,1664,853,811,0,1664,853,811
metabolites_unannotated,2.99_289.0390m_z,gait_no_room_A,ensemble,1664,853,811,0,1664,853,811
metabolites_unannotated,2.99_349.2017m_z,gait_no_room_A,ensemble,1664,853,811,0,1664,853,811
metabolites_unannotated,2.99_433.2079m_z,gait_no_room_A,ensemble,1664,853,811,0,1664,853,811
metabolites_unannotated,2.99_453.0498m_z,gait_no_room_A,ensemble,1664,853,811,0,1664,853,811
metabolites_unannotated,2.99_474.1762m_z,gait_no_room_A,ensemble,1664,853,811,0,1664,853,811
metabolites_unannotated,2.99_509.2380m_z,gait_no_room_A,ensemble,1664,853,811,0,1664,853,811
metabolites_unannotated,2.99_526.2480m_z,gait_no_room_A,ensemble,1664,853,811,0,1664,853,811
metabolites_unannotated,2.99_527.2136m_z,gait_no_room_A,ensemble,1664,853,811,0,1664,853,811
metabolites_unannotated,2.99_641.3408n,gait_no_room_A,ensemble,1664,853,811,0,1664,853,811
metabolites_unannotated,2.99_826.4354n,gait_no_room_A,ensemble,1664,853,811,0,1664,853,811
metabolites_unannotated,3.01_176.0717m_z,gait_no_room_A,ensemble,1664,853,811,0,1664,853,811
metabolites_unannotated,3.01_269.0128m_z,gait_no_room_A,ensemble,1664,853,811,0,1664,853,811
metabolites_unannotated,3.01_304.1221m_z,gait_no_room_A,ensemble,1664,853,811,0,1664,853,811
metabolites_unannotated,3.01_375.1353m_z,gait_no_room_A,ensemble,1664,853,811,0,1664,853,811
metabolites_unannotated,3.01_399.1330m_z,gait_no_room_A,ensemble,1664,853,811,0,1664,853,811
metabolites_unannotated,3.02_204.0668m_z,gait_no_room_A,ensemble,1664,853,811,0,1664,853,811
metabolites_unannotated,3.02_263.7042m_z,gait_no_room_A,ensemble,1664,853,811,0,1664,853,811
metabolites_unannotated,3.02_264.0338m_z,gait_no_room_A,ensemble,1664,853,811,0,1664,853,811
metabolites_unannotated,3.02_275.0231m_z,gait_no_room_A,ensemble,1664,853,811,0,1664,853,811
metabolites_unannotated,3.02_281.9772m_z,gait_no_room_A,ensemble,1664,853,811,0,1664,853,811
metabolites_unannotated,3.02_283.0279m_z,gait_no_room_A,ensemble,1664,853,811,0,1664,853,811
metabolites_unannotated,3.02_283.9751m_z,gait_no_room_A,ensemble,1664,853,811,0,1664,853,811
metabolites_unannotated,3.02_381.1379m_z,gait_no_room_A,ensemble,1664,853,811,0,1664,853,811
metabolites_unannotated,3.02_509.2747m_z,gait_no_room_A,ensemble,1664,853,811,0,1664,853,811
metabolites_unannotated,3.02_515.2852m_z,gait_no_room_A,ensemble,1664,853,811,0,1664,853,811
metabolites_unannotated,3.03_273.1706m_z,gait_no_room_A,ensemble,1664,853,811,0,1664,853,811
metabolites_unannotated,3.03_429.1950m_z,gait_no_room_A,ensemble,1664,853,811,0,1664,853,811
metabolites_unannotated,3.03_493.2439m_z,gait_no_room_A,ensemble,1664,853,811,0,1664,853,811
metabolites_unannotated,3.03_550.2807m_z,gait_no_room_A,ensemble,1664,853,811,0,1664,853,811
metabolites_unannotated,3.03_643.3691m_z,gait_no_room_A,ensemble,1664,853,811,0,1664,853,811
metabolites_unannotated,3.04_213.1135m_z,gait_no_room_A,ensemble,1664,853,811,0,1664,853,811
metabolites_unannotated,3.04_301.1803m_z,gait_no_room_A,ensemble,1664,853,811,0,1664,853,811
metabolites_unannotated,3.04_307.0282m_z,gait_no_room_A,ensemble,1664,853,811,0,1664,853,811
metabolites_unannotated,3.04_359.1860m_z,gait_no_room_A,ensemble,1664,853,811,0,1664,853,811
metabolites_unannotated,3.04_405.1925m_z,gait_no_room_A,ensemble,1664,853,811,0,1664,853,811
metabolites_unannotated,3.04_407.2082m_z,gait_no_room_A,ensemble,1664,853,811,0,1664,853,811
metabolites_unannotated,3.04_409.2142m_z,gait_no_room_A,ensemble,1664,853,811,0,1664,853,811
metabolites_unannotated,3.04_421.2237m_z,gait_no_room_A,ensemble,1664,853,811,0,1664,853,811
metabolites_unannotated,3.04_451.2341m_z,gait_no_room_A,ensemble,1664,853,811,0,1664,853,811
metabolites_unannotated,3.04_465.2468m_z,gait_no_room_A,ensemble,1664,853,811,0,1664,853,811
metabolites_unannotated,3.04_479.1376m_z,gait_no_room_A,ensemble,1664,853,811,0,1664,853,811
metabolites_unannotated,3.04_505.2073m_z,gait_no_room_A,ensemble,1664,853,811,0,1664,853,811
metabolites_unannotated,3.04_523.2541m_z,gait_no_room_A,ensemble,1664,853,811,0,1664,853,811
metabolites_unannotated,3.05_255.1147m_z,gait_no_room_A,ensemble,1664,853,811,0,1664,853,811
metabolites_unannotated,3.05_283.1184m_z,gait_no_room_A,ensemble,1664,853,811,0,1664,853,811
metabolites_unannotated,3.05_323.0228m_z,gait_no_room_A,ensemble,1664,853,811,0,1664,853,811
metabolites_unannotated,3.05_535.1819m_z,gait_no_room_A,ensemble,1664,853,811,0,1664,853,811
metabolites_unannotated,3.05_581.2604m_z,gait_no_room_A,ensemble,1664,853,811,0,1664,853,811
metabolites_unannotated,3.06_287.0236m_z,gait_no_room_A,ensemble,1664,853,811,0,1664,853,811
metabolites_unannotated,3.06_366.1016m_z,gait_no_room_A,ensemble,1664,853,811,0,1664,853,811
metabolites_unannotated,3.06_402.2139m_z,gait_no_room_A,ensemble,1664,853,811,0,1664,853,811
metabolites_unannotated,3.06_474.1764m_z,gait_no_room_A,ensemble,1664,853,811,0,1664,853,811
metabolites_unannotated,3.06_505.2654m_z,gait_no_room_A,ensemble,1664,853,811,0,1664,853,811
metabolites_unannotated,3.06_507.2231m_z,gait_no_room_A,ensemble,1664,853,811,0,1664,853,811
metabolites_unannotated,3.06_511.2542m_z,gait_no_room_A,ensemble,1664,853,811,0,1664,853,811
metabolites_unannotated,3.06_521.2028m_z,gait_no_room_A,ensemble,1664,853,811,0,1664,853,811
metabolites_unannotated,3.06_523.2186m_z,gait_no_room_A,ensemble,1664,853,811,0,1664,853,811
metabolites_unannotated,3.06_569.0974m_z,gait_no_room_A,ensemble,1664,853,811,0,1664,853,811
metabolites_unannotated,3.07_249.1133m_z,gait_no_room_A,ensemble,1664,853,811,0,1664,853,811
metabolites_unannotated,3.07_463.2328m_z,gait_no_room_A,ensemble,1664,853,811,0,1664,853,811
metabolites_unannotated,3.08_190.0510m_z,gait_no_room_A,ensemble,1664,853,811,0,1664,853,811
metabolites_unannotated,3.08_257.0129m_z,gait_no_room_A,ensemble,1664,853,811,0,1664,853,811
metabolites_unannotated,3.08_259.1031m_z,gait_no_room_A,ensemble,1664,853,811,0,1664,853,811
metabolites_unannotated,3.08_337.0387m_z,gait_no_room_A,ensemble,1664,853,811,0,1664,853,811
metabolites_unannotated,3.08_352.0862m_z,gait_no_room_A,ensemble,1664,853,811,0,1664,853,811
metabolites_unannotated,3.08_369.2637m_z,gait_no_room_A,ensemble,1664,853,811,0,1664,853,811
metabolites_unannotated,3.08_369.4495m_z,gait_no_room_A,ensemble,1664,853,811,0,1664,853,811
metabolites_unannotated,3.08_369.5543m_z,gait_no_room_A,ensemble,1664,853,811,0,1664,853,811
metabolites_unannotated,3.08_413.2015m_z,gait_no_room_A,ensemble,1664,853,811,0,1664,853,811
metabolites_unannotated,3.08_413.4918m_z,gait_no_room_A,ensemble,1664,853,811,0,1664,853,811
metabolites_unannotated,3.08_413.6026m_z,gait_no_room_A,ensemble,1664,853,811,0,1664,853,811
metabolites_unannotated,3.08_433.2080m_z,gait_no_room_A,ensemble,1664,853,811,0,1664,853,811
metabolites_unannotated,3.08_526.2485m_z,gait_no_room_A,ensemble,1664,853,811,0,1664,853,811
metabolites_unannotated,3.08_547.1460m_z,gait_no_room_A,ensemble,1664,853,811,0,1664,853,811
metabolites_unannotated,3.09_169.1235m_z,gait_no_room_A,ensemble,1664,853,811,0,1664,853,811
metabolites_unannotated,3.09_183.1029m_z,gait_no_room_A,ensemble,1664,853,811,0,1664,853,811
metabolites_unannotated,3.09_231.0338m_z,gait_no_room_A,ensemble,1664,853,811,0,1664,853,811
metabolites_unannotated,3.09_351.2167m_z,gait_no_room_A,ensemble,1664,853,811,0,1664,853,811
metabolites_unannotated,3.09_464.1941m_z,gait_no_room_A,ensemble,1664,853,811,0,1664,853,811
metabolites_unannotated,3.09_481.1873m_z,gait_no_room_A,ensemble,1664,853,811,0,1664,853,811
metabolites_unannotated,3.09_548.2293n,gait_no_room_A,ensemble,1664,853,811,0,1664,853,811
metabolites_unannotated,3.10_215.0385m_z,gait_no_room_A,ensemble,1664,853,811,0,1664,853,811
metabolites_unannotated,3.10_254.9960m_z,gait_no_room_A,ensemble,1664,853,811,0,1664,853,811
metabolites_unannotated,3.10_415.1980m_z,gait_no_room_A,ensemble,1664,853,811,0,1664,853,811
metabolites_unannotated,3.10_545.2653n,gait_no_room_A,ensemble,1664,853,811,0,1664,853,811
metabolites_unannotated,3.10_568.2950m_z,gait_no_room_A,ensemble,1664,853,811,0,1664,853,811
metabolites_unannotated,3.10_643.3690m_z,gait_no_room_A,ensemble,1664,853,811,0,1664,853,811
metabolites_unannotated,3.10_690.3280n,gait_no_room_A,ensemble,1664,853,811,0,1664,853,811
metabolites_unannotated,3.11_197.1184m_z,gait_no_room_A,ensemble,1664,853,811,0,1664,853,811
metabolites_unannotated,3.11_200.1295m_z,gait_no_room_A,ensemble,1664,853,811,0,1664,853,811
metabolites_unannotated,3.11_220.0980m_z,gait_no_room_A,ensemble,1664,853,811,0,1664,853,811
metabolites_unannotated,3.11_227.0390m_z,gait_no_room_A,ensemble,1664,853,811,0,1664,853,811
metabolites_unannotated,3.11_359.0807m_z,gait_no_room_A,ensemble,1664,853,811,0,1664,853,811
metabolites_unannotated,3.11_453.0498m_z,gait_no_room_A,ensemble,1664,853,811,0,1664,853,811
metabolites_unannotated,3.11_611.3429m_z,gait_no_room_A,ensemble,1664,853,811,0,1664,853,811
metabolites_unannotated,3.12_262.6205m_z,gait_no_room_A,ensemble,1664,853,811,0,1664,853,811
metabolites_unannotated,3.12_269.1388m_z,gait_no_room_A,ensemble,1664,853,811,0,1664,853,811
metabolites_unannotated,3.12_452.3016m_z,gait_no_room_A,ensemble,1664,853,811,0,1664,853,811
metabolites_unannotated,3.13_249.0229m_z,gait_no_room_A,ensemble,1664,853,811,0,1664,853,811
metabolites_unannotated,3.13_277.0211m_z,gait_no_room_A,ensemble,1664,853,811,0,1664,853,811
metabolites_unannotated,3.13_305.1602m_z,gait_no_room_A,ensemble,1664,853,811,0,1664,853,811
metabolites_unannotated,3.13_352.0859m_z,gait_no_room_A,ensemble,1664,853,811,0,1664,853,811
metabolites_unannotated,3.13_411.2388m_z,gait_no_room_A,ensemble,1664,853,811,0,1664,853,811
metabolites_unannotated,3.13_507.2793m_z,gait_no_room_A,ensemble,1664,853,811,0,1664,853,811
metabolites_unannotated,3.13_599.2503m_z,gait_no_room_A,ensemble,1664,853,811,0,1664,853,811
metabolites_unannotated,3.14_337.1422m_z,gait_no_room_A,ensemble,1664,853,811,0,1664,853,811
metabolites_unannotated,3.14_379.1222m_z,gait_no_room_A,ensemble,1664,853,811,0,1664,853,811
metabolites_unannotated,3.14_607.3353n,gait_no_room_A,ensemble,1664,853,811,0,1664,853,811
metabolites_unannotated,3.15_303.1271m_z,gait_no_room_A,ensemble,1664,853,811,0,1664,853,811
metabolites_unannotated,3.15_397.1696m_z,gait_no_room_A,ensemble,1664,853,811,0,1664,853,811
metabolites_unannotated,3.15_429.1957m_z,gait_no_room_A,ensemble,1664,853,811,0,1664,853,811
metabolites_unannotated,3.15_507.2230m_z,gait_no_room_A,ensemble,1664,853,811,0,1664,853,811
metabolites_unannotated,3.16_209.0824m_z,gait_no_room_A,ensemble,1664,853,811,0,1664,853,811
metabolites_unannotated,3.16_215.0386m_z,gait_no_room_A,ensemble,1664,853,811,0,1664,853,811
metabolites_unannotated,3.16_248.1403m_z,gait_no_room_A,ensemble,1664,853,811,0,1664,853,811
metabolites_unannotated,3.16_263.7041m_z,gait_no_room_A,ensemble,1664,853,811,0,1664,853,811
metabolites_unannotated,3.16_319.1912m_z,gait_no_room_A,ensemble,1664,853,811,0,1664,853,811
metabolites_unannotated,3.16_583.3123m_z,gait_no_room_A,ensemble,1664,853,811,0,1664,853,811
metabolites_unannotated,3.17_207.1024m_z,gait_no_room_A,ensemble,1664,853,811,0,1664,853,811
metabolites_unannotated,3.17_253.1085m_z,gait_no_room_A,ensemble,1664,853,811,0,1664,853,811
metabolites_unannotated,3.17_253.1832m_z,gait_no_room_A,ensemble,1664,853,811,0,1664,853,811
metabolites_unannotated,3.17_383.1535m_z,gait_no_room_A,ensemble,1664,853,811,0,1664,853,811
metabolites_unannotated,3.17_385.1330m_z,gait_no_room_A,ensemble,1664,853,811,0,1664,853,811
metabolites_unannotated,3.17_385.2062m_z,gait_no_room_A,ensemble,1664,853,811,0,1664,853,811
metabolites_unannotated,3.17_481.2082m_z,gait_no_room_A,ensemble,1664,853,811,0,1664,853,811
metabolites_unannotated,3.17_553.2832m_z,gait_no_room_A,ensemble,1664,853,811,0,1664,853,811
metabolites_unannotated,3.17_581.2790m_z,gait_no_room_A,ensemble,1664,853,811,0,1664,853,811
metabolites_unannotated,3.17_583.2561m_z,gait_no_room_A,ensemble,1664,853,811,0,1664,853,811
metabolites_unannotated,3.18_181.0871m_z,gait_no_room_A,ensemble,1664,853,811,0,1664,853,811
metabolites_unannotated,3.18_353.1615m_z,gait_no_room_A,ensemble,1664,853,811,0,1664,853,811
metabolites_unannotated,3.18_415.2157m_z,gait_no_room_A,ensemble,1664,853,811,0,1664,853,811
metabolites_unannotated,3.18_474.1763m_z,gait_no_room_A,ensemble,1664,853,811,0,1664,853,811
metabolites_unannotated,3.18_567.3000m_z,gait_no_room_A,ensemble,1664,853,811,0,1664,853,811
metabolites_unannotated,3.18_700.3492n,gait_no_room_A,ensemble,1664,853,811,0,1664,853,811
metabolites_unannotated,3.19_255.0334m_z,gait_no_room_A,ensemble,1664,853,811,0,1664,853,811
metabolites_unannotated,3.19_289.0386m_z,gait_no_room_A,ensemble,1664,853,811,0,1664,853,811
metabolites_unannotated,3.19_371.1901m_z,gait_no_room_A,ensemble,1664,853,811,0,1664,853,811
metabolites_unannotated,3.19_409.2234m_z,gait_no_room_A,ensemble,1664,853,811,0,1664,853,811
metabolites_unannotated,3.19_462.2859m_z,gait_no_room_A,ensemble,1664,853,811,0,1664,853,811
metabolites_unannotated,3.19_491.2278m_z,gait_no_room_A,ensemble,1664,853,811,0,1664,853,811
metabolites_unannotated,3.19_526.2482m_z,gait_no_room_A,ensemble,1664,853,811,0,1664,853,811
metabolites_unannotated,3.19_531.2808m_z,gait_no_room_A,ensemble,1664,853,811,0,1664,853,811
metabolites_unannotated,3.20_409.1899m_z,gait_no_room_A,ensemble,1664,853,811,0,1664,853,811
metabolites_unannotated,3.20_435.0761m_z,gait_no_room_A,ensemble,1664,853,811,0,1664,853,811
metabolites_unannotated,3.20_553.2290m_z,gait_no_room_A,ensemble,1664,853,811,0,1664,853,811
metabolites_unannotated,3.21_195.0663m_z,gait_no_room_A,ensemble,1664,853,811,0,1664,853,811
metabolites_unannotated,3.21_269.0125m_z,gait_no_room_A,ensemble,1664,853,811,0,1664,853,811
metabolites_unannotated,3.21_305.1867m_z,gait_no_room_A,ensemble,1664,853,811,0,1664,853,811
metabolites_unannotated,3.21_313.1174m_z,gait_no_room_A,ensemble,1664,853,811,0,1664,853,811
metabolites_unannotated,3.21_333.2075m_z,gait_no_room_A,ensemble,1664,853,811,0,1664,853,811
metabolites_unannotated,3.21_334.2989m_z,gait_no_room_A,ensemble,1664,853,811,0,1664,853,811
metabolites_unannotated,3.21_341.1031m_z,gait_no_room_A,ensemble,1664,853,811,0,1664,853,811
metabolites_unannotated,3.21_357.0617m_z,gait_no_room_A,ensemble,1664,853,811,0,1664,853,811
metabolites_unannotated,3.21_401.1944m_z,gait_no_room_A,ensemble,1664,853,811,0,1664,853,811
metabolites_unannotated,3.21_411.1850m_z,gait_no_room_A,ensemble,1664,853,811,0,1664,853,811
metabolites_unannotated,3.21_421.0628m_z,gait_no_room_A,ensemble,1664,853,811,0,1664,853,811
metabolites_unannotated,3.21_421.1563m_z,gait_no_room_A,ensemble,1664,853,811,0,1664,853,811
metabolites_unannotated,3.21_421.3530m_z,gait_no_room_A,ensemble,1664,853,811,0,1664,853,811
metabolites_unannotated,3.21_421.4661m_z,gait_no_room_A,ensemble,1664,853,811,0,1664,853,811
metabolites_unannotated,3.21_423.3603m_z,gait_no_room_A,ensemble,1664,853,811,0,1664,853,811
metabolites_unannotated,3.21_465.2488m_z,gait_no_room_A,ensemble,1664,853,811,0,1664,853,811
metabolites_unannotated,3.21_555.2703n,gait_no_room_A,ensemble,1664,853,811,0,1664,853,811
metabolites_unannotated,3.21_563.2857m_z,gait_no_room_A,ensemble,1664,853,811,0,1664,853,811
metabolites_unannotated,3.21_599.2508m_z,gait_no_room_A,ensemble,1664,853,811,0,1664,853,811
metabolites_unannotated,3.22_225.1133m_z,gait_no_room_A,ensemble,1664,853,811,0,1664,853,811
metabolites_unannotated,3.22_337.1420m_z,gait_no_room_A,ensemble,1664,853,811,0,1664,853,811
metabolites_unannotated,3.22_395.1537m_z,gait_no_room_A,ensemble,1664,853,811,0,1664,853,811
metabolites_unannotated,3.22_489.0470m_z,gait_no_room_A,ensemble,1664,853,811,0,1664,853,811
metabolites_unannotated,3.22_509.2387m_z,gait_no_room_A,ensemble,1664,853,811,0,1664,853,811
metabolites_unannotated,3.22_660.3421m_z,gait_no_room_A,ensemble,1664,853,811,0,1664,853,811
metabolites_unannotated,3.23_285.0072m_z,gait_no_room_A,ensemble,1664,853,811,0,1664,853,811
metabolites_unannotated,3.23_352.0862m_z,gait_no_room_A,ensemble,1664,853,811,0,1664,853,811
metabolites_unannotated,3.24_345.2284m_z,gait_no_room_A,ensemble,1664,853,811,0,1664,853,811
metabolites_unannotated,3.24_383.1893m_z,gait_no_room_A,ensemble,1664,853,811,0,1664,853,811
metabolites_unannotated,3.24_495.2594m_z,gait_no_room_A,ensemble,1664,853,811,0,1664,853,811
metabolites_unannotated,3.24_690.3281n,gait_no_room_A,ensemble,1664,853,811,0,1664,853,811
metabolites_unannotated,3.24_715.3594n,gait_no_room_A,ensemble,1664,853,811,0,1664,853,811
metabolites_unannotated,3.25_206.9439m_z,gait_no_room_A,ensemble,1664,853,811,0,1664,853,811
metabolites_unannotated,3.25_239.1293m_z,gait_no_room_A,ensemble,1664,853,811,0,1664,853,811
metabolites_unannotated,3.25_379.1977m_z,gait_no_room_A,ensemble,1664,853,811,0,1664,853,811
metabolites_unannotated,3.25_411.2393m_z,gait_no_room_A,ensemble,1664,853,811,0,1664,853,811
metabolites_unannotated,3.25_498.2891m_z,gait_no_room_A,ensemble,1664,853,811,0,1664,853,811
metabolites_unannotated,3.25_547.1825m_z,gait_no_room_A,ensemble,1664,853,811,0,1664,853,811
metabolites_unannotated,3.25_611.3424m_z,gait_no_room_A,ensemble,1664,853,811,0,1664,853,811
metabolites_unannotated,3.26_350.0698m_z,gait_no_room_A,ensemble,1664,853,811,0,1664,853,811
metabolites_unannotated,3.26_431.1380m_z,gait_no_room_A,ensemble,1664,853,811,0,1664,853,811
metabolites_unannotated,3.26_493.2441m_z,gait_no_room_A,ensemble,1664,853,811,0,1664,853,811
metabolites_unannotated,3.27_223.0979m_z,gait_no_room_A,ensemble,1664,853,811,0,1664,853,811
metabolites_unannotated,3.27_263.0024m_z,gait_no_room_A,ensemble,1664,853,811,0,1664,853,811
metabolites_unannotated,3.27_295.1310m_z,gait_no_room_A,ensemble,1664,853,811,0,1664,853,811
metabolites_unannotated,3.27_323.0222m_z,gait_no_room_A,ensemble,1664,853,811,0,1664,853,811
metabolites_unannotated,3.27_509.2742m_z,gait_no_room_A,ensemble,1664,853,811,0,1664,853,811
metabolites_unannotated,3.27_519.3166m_z,gait_no_room_A,ensemble,1664,853,811,0,1664,853,811
metabolites_unannotated,3.28_218.0979m_z,gait_no_room_A,ensemble,1664,853,811,0,1664,853,811
metabolites_unannotated,3.28_411.1851m_z,gait_no_room_A,ensemble,1664,853,811,0,1664,853,811
metabolites_unannotated,3.29_307.0282m_z,gait_no_room_A,ensemble,1664,853,811,0,1664,853,811
metabolites_unannotated,3.29_474.1766m_z,gait_no_room_A,ensemble,1664,853,811,0,1664,853,811
metabolites_unannotated,3.30_269.1387m_z,gait_no_room_A,ensemble,1664,853,811,0,1664,853,811
metabolites_unannotated,3.30_352.1713m_z,gait_no_room_A,ensemble,1664,853,811,0,1664,853,811
metabolites_unannotated,3.30_371.1902m_z,gait_no_room_A,ensemble,1664,853,811,0,1664,853,811
metabolites_unannotated,3.30_413.1640m_z,gait_no_room_A,ensemble,1664,853,811,0,1664,853,811
metabolites_unannotated,3.30_462.2854m_z,gait_no_room_A,ensemble,1664,853,811,0,1664,853,811
metabolites_unannotated,3.30_463.2334m_z,gait_no_room_A,ensemble,1664,853,811,0,1664,853,811
metabolites_unannotated,3.30_523.2184m_z,gait_no_room_A,ensemble,1664,853,811,0,1664,853,811
metabolites_unannotated,3.30_567.3172m_z,gait_no_room_A,ensemble,1664,853,811,0,1664,853,811
metabolites_unannotated,3.30_810.4406n,gait_no_room_A,ensemble,1664,853,811,0,1664,853,811
metabolites_unannotated,3.31_495.2233m_z,gait_no_room_A,ensemble,1664,853,811,0,1664,853,811
metabolites_unannotated,3.31_495.2597m_z,gait_no_room_A,ensemble,1664,853,811,0,1664,853,811
metabolites_unannotated,3.31_509.2745m_z,gait_no_room_A,ensemble,1664,853,811,0,1664,853,811
metabolites_unannotated,3.31_537.3276m_z,gait_no_room_A,ensemble,1664,853,811,0,1664,853,811
metabolites_unannotated,3.31_613.3596m_z,gait_no_room_A,ensemble,1664,853,811,0,1664,853,811
metabolites_unannotated,3.31_613.4762m_z,gait_no_room_A,ensemble,1664,853,811,0,1664,853,811
metabolites_unannotated,3.32_227.1293m_z,gait_no_room_A,ensemble,1664,853,811,0,1664,853,811
metabolites_unannotated,3.32_313.1187m_z,gait_no_room_A,ensemble,1664,853,811,0,1664,853,811
metabolites_unannotated,3.32_331.1766m_z,gait_no_room_A,ensemble,1664,853,811,0,1664,853,811
metabolites_unannotated,3.32_429.1772m_z,gait_no_room_A,ensemble,1664,853,811,0,1664,853,811
metabolites_unannotated,3.32_471.2412m_z,gait_no_room_A,ensemble,1664,853,811,0,1664,853,811
metabolites_unannotated,3.32_519.2807m_z,gait_no_room_A,ensemble,1664,853,811,0,1664,853,811
metabolites_unannotated,3.33_222.1139m_z,gait_no_room_A,ensemble,1664,853,811,0,1664,853,811
metabolites_unannotated,3.33_237.1133m_z,gait_no_room_A,ensemble,1664,853,811,0,1664,853,811
metabolites_unannotated,3.33_283.0282m_z,gait_no_room_A,ensemble,1664,853,811,0,1664,853,811
metabolites_unannotated,3.33_349.0390m_z,gait_no_room_A,ensemble,1664,853,811,0,1664,853,811
metabolites_unannotated,3.33_383.1535m_z,gait_no_room_A,ensemble,1664,853,811,0,1664,853,811
metabolites_unannotated,3.33_392.1173m_z,gait_no_room_A,ensemble,1664,853,811,0,1664,853,811
metabolites_unannotated,3.33_409.2234m_z,gait_no_room_A,ensemble,1664,853,811,0,1664,853,811
metabolites_unannotated,3.33_465.2488m_z,gait_no_room_A,ensemble,1664,853,811,0,1664,853,811
metabolites_unannotated,3.33_537.2884m_z,gait_no_room_A,ensemble,1664,853,811,0,1664,853,811
metabolites_unannotated,3.34_383.1895m_z,gait_no_room_A,ensemble,1664,853,811,0,1664,853,811
metabolites_unannotated,3.34_467.2649m_z,gait_no_room_A,ensemble,1664,853,811,0,1664,853,811
metabolites_unannotated,3.34_511.2179m_z,gait_no_room_A,ensemble,1664,853,811,0,1664,853,811
metabolites_unannotated,3.34_522.3036n,gait_no_room_A,ensemble,1664,853,811,0,1664,853,811
metabolites_unannotated,3.35_183.1029m_z,gait_no_room_A,ensemble,1664,853,811,0,1664,853,811
metabolites_unannotated,3.35_253.6144m_z,gait_no_room_A,ensemble,1664,853,811,0,1664,853,811
metabolites_unannotated,3.35_319.1310m_z,gait_no_room_A,ensemble,1664,853,811,0,1664,853,811
metabolites_unannotated,3.35_469.2264m_z,gait_no_room_A,ensemble,1664,853,811,0,1664,853,811
metabolites_unannotated,3.35_551.3042m_z,gait_no_room_A,ensemble,1664,853,811,0,1664,853,811
metabolites_unannotated,3.36_462.2852m_z,gait_no_room_A,ensemble,1664,853,811,0,1664,853,811
metabolites_unannotated,3.36_551.2502m_z,gait_no_room_A,ensemble,1664,853,811,0,1664,853,811
metabolites_unannotated,3.36_610.3596m_z,gait_no_room_A,ensemble,1664,853,811,0,1664,853,811
metabolites_unannotated,3.36_674.3541m_z,gait_no_room_A,ensemble,1664,853,811,0,1664,853,811
metabolites_unannotated,3.37_271.0282m_z,gait_no_room_A,ensemble,1664,853,811,0,1664,853,811
metabolites_unannotated,3.37_446.2915m_z,gait_no_room_A,ensemble,1664,853,811,0,1664,853,811
metabolites_unannotated,3.37_587.3257m_z,gait_no_room_A,ensemble,1664,853,811,0,1664,853,811
metabolites_unannotated,3.37_787.3992n,gait_no_room_A,ensemble,1664,853,811,0,1664,853,811
metabolites_unannotated,3.38_511.2913m_z,gait_no_room_A,ensemble,1664,853,811,0,1664,853,811
metabolites_unannotated,3.38_627.3743m_z,gait_no_room_A,ensemble,1664,853,811,0,1664,853,811
metabolites_unannotated,3.39_497.2754m_z,gait_no_room_A,ensemble,1664,853,811,0,1664,853,811
metabolites_unannotated,3.40_301.2019m_z,gait_no_room_A,ensemble,1664,853,811,0,1664,853,811
metabolites_unannotated,3.40_378.1020m_z,gait_no_room_A,ensemble,1664,853,811,0,1664,853,811
metabolites_unannotated,3.40_435.1462m_z,gait_no_room_A,ensemble,1664,853,811,0,1664,853,811
metabolites_unannotated,3.40_509.2391m_z,gait_no_room_A,ensemble,1664,853,811,0,1664,853,811
metabolites_unannotated,3.41_299.0220m_z,gait_no_room_A,ensemble,1664,853,811,0,1664,853,811
metabolites_unannotated,3.41_309.0435m_z,gait_no_room_A,ensemble,1664,853,811,0,1664,853,811
metabolites_unannotated,3.41_367.1612m_z,gait_no_room_A,ensemble,1664,853,811,0,1664,853,811
metabolites_unannotated,3.41_367.2486m_z,gait_no_room_A,ensemble,1664,853,811,0,1664,853,811
metabolites_unannotated,3.41_367.4317m_z,gait_no_room_A,ensemble,1664,853,811,0,1664,853,811
metabolites_unannotated,3.41_367.5379m_z,gait_no_room_A,ensemble,1664,853,811,0,1664,853,811
metabolites_unannotated,3.41_367.5835m_z,gait_no_room_A,ensemble,1664,853,811,0,1664,853,811
metabolites_unannotated,3.41_411.1852m_z,gait_no_room_A,ensemble,1664,853,811,0,1664,853,811
metabolites_unannotated,3.41_415.2145m_z,gait_no_room_A,ensemble,1664,853,811,0,1664,853,811
metabolites_unannotated,3.41_757.3064m_z,gait_no_room_A,ensemble,1664,853,811,0,1664,853,811
metabolites_unannotated,3.42_367.3785m_z,gait_no_room_A,ensemble,1664,853,811,0,1664,853,811
metabolites_unannotated,3.42_437.1528m_z,gait_no_room_A,ensemble,1664,853,811,0,1664,853,811
metabolites_unannotated,3.42_437.3531m_z,gait_no_room_A,ensemble,1664,853,811,0,1664,853,811
metabolites_unannotated,3.43_317.0336m_z,gait_no_room_A,ensemble,1664,853,811,0,1664,853,811
metabolites_unannotated,3.43_357.0983m_z,gait_no_room_A,ensemble,1664,853,811,0,1664,853,811
metabolites_unannotated,3.43_437.0573m_z,gait_no_room_A,ensemble,1664,853,811,0,1664,853,811
metabolites_unannotated,3.43_827.2026m_z,gait_no_room_A,ensemble,1664,853,811,0,1664,853,811
metabolites_unannotated,3.44_253.6145m_z,gait_no_room_A,ensemble,1664,853,811,0,1664,853,811
metabolites_unannotated,3.44_469.2266m_z,gait_no_room_A,ensemble,1664,853,811,0,1664,853,811
metabolites_unannotated,3.44_551.2500m_z,gait_no_room_A,ensemble,1664,853,811,0,1664,853,811
metabolites_unannotated,3.45_271.0280m_z,gait_no_room_A,ensemble,1664,853,811,0,1664,853,811
metabolites_unannotated,3.45_273.1706m_z,gait_no_room_A,ensemble,1664,853,811,0,1664,853,811
metabolites_unannotated,3.45_451.1697m_z,gait_no_room_A,ensemble,1664,853,811,0,1664,853,811
metabolites_unannotated,3.45_551.3050m_z,gait_no_room_A,ensemble,1664,853,811,0,1664,853,811
metabolites_unannotated,3.46_314.1033m_z,gait_no_room_A,ensemble,1664,853,811,0,1664,853,811
metabolites_unannotated,3.46_345.1645m_z,gait_no_room_A,ensemble,1664,853,811,0,1664,853,811
metabolites_unannotated,3.46_473.3270m_z,gait_no_room_A,ensemble,1664,853,811,0,1664,853,811
metabolites_unannotated,3.46_497.2757m_z,gait_no_room_A,ensemble,1664,853,811,0,1664,853,811
metabolites_unannotated,3.47_399.1854m_z,gait_no_room_A,ensemble,1664,853,811,0,1664,853,811
metabolites_unannotated,3.47_565.3012m_z,gait_no_room_A,ensemble,1664,853,811,0,1664,853,811
metabolites_unannotated,3.48_292.8456m_z,gait_no_room_A,ensemble,1664,853,811,0,1664,853,811
metabolites_unannotated,3.48_294.8436m_z,gait_no_room_A,ensemble,1664,853,811,0,1664,853,811
metabolites_unannotated,3.48_466.3083m_z,gait_no_room_A,ensemble,1664,853,811,0,1664,853,811
metabolites_unannotated,3.48_471.2422m_z,gait_no_room_A,ensemble,1664,853,811,0,1664,853,811
metabolites_unannotated,3.48_493.2443m_z,gait_no_room_A,ensemble,1664,853,811,0,1664,853,811
metabolites_unannotated,3.48_553.2653m_z,gait_no_room_A,ensemble,1664,853,811,0,1664,853,811
metabolites_unannotated,3.48_564.2275m_z,gait_no_room_A,ensemble,1664,853,811,0,1664,853,811
metabolites_unannotated,3.49_222.9390m_z,gait_no_room_A,ensemble,1664,853,811,0,1664,853,811
metabolites_unannotated,3.49_263.7042m_z,gait_no_room_A,ensemble,1664,853,811,0,1664,853,811
metabolites_unannotated,3.49_363.2172m_z,gait_no_room_A,ensemble,1664,853,811,0,1664,853,811
metabolites_unannotated,3.49_435.2208m_z,gait_no_room_A,ensemble,1664,853,811,0,1664,853,811
metabolites_unannotated,3.50_177.0560m_z,gait_no_room_A,ensemble,1664,853,811,0,1664,853,811
metabolites_unannotated,3.50_261.0748m_z,gait_no_room_A,ensemble,1664,853,811,0,1664,853,811
metabolites_unannotated,3.50_334.6588m_z,gait_no_room_A,ensemble,1664,853,811,0,1664,853,811
metabolites_unannotated,3.50_417.2137m_z,gait_no_room_A,ensemble,1664,853,811,0,1664,853,811
metabolites_unannotated,3.50_523.2185m_z,gait_no_room_A,ensemble,1664,853,811,0,1664,853,811
metabolites_unannotated,3.50_528.2640m_z,gait_no_room_A,ensemble,1664,853,811,0,1664,853,811
metabolites_unannotated,3.50_528.3715m_z,gait_no_room_A,ensemble,1664,853,811,0,1664,853,811
metabolites_unannotated,3.50_627.3748m_z,gait_no_room_A,ensemble,1664,853,811,0,1664,853,811
metabolites_unannotated,3.50_684.3536n,gait_no_room_A,ensemble,1664,853,811,0,1664,853,811
metabolites_unannotated,3.51_193.0872m_z,gait_no_room_A,ensemble,1664,853,811,0,1664,853,811
metabolites_unannotated,3.51_195.1031m_z,gait_no_room_A,ensemble,1664,853,811,0,1664,853,811
metabolites_unannotated,3.51_221.0820m_z,gait_no_room_A,ensemble,1664,853,811,0,1664,853,811
metabolites_unannotated,3.51_239.1649m_z,gait_no_room_A,ensemble,1664,853,811,0,1664,853,811
metabolites_unannotated,3.51_273.8508m_z,gait_no_room_A,ensemble,1664,853,811,0,1664,853,811
metabolites_unannotated,3.51_275.8491m_z,gait_no_room_A,ensemble,1664,853,811,0,1664,853,811
metabolites_unannotated,3.51_277.8470m_z,gait_no_room_A,ensemble,1664,853,811,0,1664,853,811
metabolites_unannotated,3.51_339.0178m_z,gait_no_room_A,ensemble,1664,853,811,0,1664,853,811
metabolites_unannotated,3.51_413.2179m_z,gait_no_room_A,ensemble,1664,853,811,0,1664,853,811
metabolites_unannotated,3.51_455.2289m_z,gait_no_room_A,ensemble,1664,853,811,0,1664,853,811
metabolites_unannotated,3.51_497.2207m_z,gait_no_room_A,ensemble,1664,853,811,0,1664,853,811
metabolites_unannotated,3.52_244.9093m_z,gait_no_room_A,ensemble,1664,853,811,0,1664,853,811
metabolites_unannotated,3.52_246.9063m_z,gait_no_room_A,ensemble,1664,853,811,0,1664,853,811
metabolites_unannotated,3.52_246.9786m_z,gait_no_room_A,ensemble,1664,853,811,0,1664,853,811
metabolites_unannotated,3.52_248.9031m_z,gait_no_room_A,ensemble,1664,853,811,0,1664,853,811
metabolites_unannotated,3.52_465.2495m_z,gait_no_room_A,ensemble,1664,853,811,0,1664,853,811
metabolites_unannotated,3.52_611.3433m_z,gait_no_room_A,ensemble,1664,853,811,0,1664,853,811
metabolites_unannotated,3.53_244.9812m_z,gait_no_room_A,ensemble,1664,853,811,0,1664,853,811
metabolites_unannotated,3.53_369.1752m_z,gait_no_room_A,ensemble,1664,853,811,0,1664,853,811
metabolites_unannotated,3.53_369.2636m_z,gait_no_room_A,ensemble,1664,853,811,0,1664,853,811
metabolites_unannotated,3.53_369.4492m_z,gait_no_room_A,ensemble,1664,853,811,0,1664,853,811
metabolites_unannotated,3.53_385.1691m_z,gait_no_room_A,ensemble,1664,853,811,0,1664,853,811
metabolites_unannotated,3.53_397.2068m_z,gait_no_room_A,ensemble,1664,853,811,0,1664,853,811
metabolites_unannotated,3.53_397.2986m_z,gait_no_room_A,ensemble,1664,853,811,0,1664,853,811
metabolites_unannotated,3.53_397.4910m_z,gait_no_room_A,ensemble,1664,853,811,0,1664,853,811
metabolites_unannotated,3.53_397.5999m_z,gait_no_room_A,ensemble,1664,853,811,0,1664,853,811
metabolites_unannotated,3.54_403.1404m_z,gait_no_room_A,ensemble,1664,853,811,0,1664,853,811
metabolites_unannotated,3.54_405.2286m_z,gait_no_room_A,ensemble,1664,853,811,0,1664,853,811
metabolites_unannotated,3.54_417.1560m_z,gait_no_room_A,ensemble,1664,853,811,0,1664,853,811
metabolites_unannotated,3.54_439.1962m_z,gait_no_room_A,ensemble,1664,853,811,0,1664,853,811
metabolites_unannotated,3.54_457.1538m_z,gait_no_room_A,ensemble,1664,853,811,0,1664,853,811
metabolites_unannotated,3.55_363.0181m_z,gait_no_room_A,ensemble,1664,853,811,0,1664,853,811
metabolites_unannotated,3.55_539.2502m_z,gait_no_room_A,ensemble,1664,853,811,0,1664,853,811
metabolites_unannotated,3.55_565.3012m_z,gait_no_room_A,ensemble,1664,853,811,0,1664,853,811
metabolites_unannotated,3.56_253.1447m_z,gait_no_room_A,ensemble,1664,853,811,0,1664,853,811
metabolites_unannotated,3.56_299.0228m_z,gait_no_room_A,ensemble,1664,853,811,0,1664,853,811
metabolites_unannotated,3.56_427.2165m_z,gait_no_room_A,ensemble,1664,853,811,0,1664,853,811
metabolites_unannotated,3.56_427.3136m_z,gait_no_room_A,ensemble,1664,853,811,0,1664,853,811
metabolites_unannotated,3.56_519.3153m_z,gait_no_room_A,ensemble,1664,853,811,0,1664,853,811
metabolites_unannotated,3.56_536.3194n,gait_no_room_A,ensemble,1664,853,811,0,1664,853,811
metabolites_unannotated,3.56_553.2656m_z,gait_no_room_A,ensemble,1664,853,811,0,1664,853,811
metabolites_unannotated,3.57_239.1291m_z,gait_no_room_A,ensemble,1664,853,811,0,1664,853,811
metabolites_unannotated,3.57_269.0487m_z,gait_no_room_A,ensemble,1664,853,811,0,1664,853,811
metabolites_unannotated,3.57_383.1897m_z,gait_no_room_A,ensemble,1664,853,811,0,1664,853,811
metabolites_unannotated,3.58_251.1292m_z,gait_no_room_A,ensemble,1664,853,811,0,1664,853,811
metabolites_unannotated,3.58_425.1999m_z,gait_no_room_A,ensemble,1664,853,811,0,1664,853,811
metabolites_unannotated,3.58_441.2130m_z,gait_no_room_A,ensemble,1664,853,811,0,1664,853,811
metabolites_unannotated,3.58_469.2263m_z,gait_no_room_A,ensemble,1664,853,811,0,1664,853,811
metabolites_unannotated,3.58_489.2701m_z,gait_no_room_A,ensemble,1664,853,811,0,1664,853,811
metabolites_unannotated,3.58_491.2857m_z,gait_no_room_A,ensemble,1664,853,811,0,1664,853,811
metabolites_unannotated,3.58_525.2758n,gait_no_room_A,ensemble,1664,853,811,0,1664,853,811
metabolites_unannotated,3.59_207.1392m_z,gait_no_room_A,ensemble,1664,853,811,0,1664,853,811
metabolites_unannotated,3.59_455.2286m_z,gait_no_room_A,ensemble,1664,853,811,0,1664,853,811
metabolites_unannotated,3.59_497.2757m_z,gait_no_room_A,ensemble,1664,853,811,0,1664,853,811
metabolites_unannotated,3.59_499.2913m_z,gait_no_room_A,ensemble,1664,853,811,0,1664,853,811
metabolites_unannotated,3.60_393.2649m_z,gait_no_room_A,ensemble,1664,853,811,0,1664,853,811
metabolites_unannotated,3.60_611.3432m_z,gait_no_room_A,ensemble,1664,853,811,0,1664,853,811
metabolites_unannotated,3.61_266.8891m_z,gait_no_room_A,ensemble,1664,853,811,0,1664,853,811
metabolites_unannotated,3.61_268.8865m_z,gait_no_room_A,ensemble,1664,853,811,0,1664,853,811
metabolites_unannotated,3.61_378.1021m_z,gait_no_room_A,ensemble,1664,853,811,0,1664,853,811
metabolites_unannotated,3.61_489.2131m_z,gait_no_room_A,ensemble,1664,853,811,0,1664,853,811
metabolites_unannotated,3.61_519.2815m_z,gait_no_room_A,ensemble,1664,853,811,0,1664,853,811
metabolites_unannotated,3.61_551.3044m_z,gait_no_room_A,ensemble,1664,853,811,0,1664,853,811
metabolites_unannotated,3.62_399.3148m_z,gait_no_room_A,ensemble,1664,853,811,0,1664,853,811
metabolites_unannotated,3.62_405.2647m_z,gait_no_room_A,ensemble,1664,853,811,0,1664,853,811
metabolites_unannotated,3.62_505.3016m_z,gait_no_room_A,ensemble,1664,853,811,0,1664,853,811
metabolites_unannotated,3.63_369.1759m_z,gait_no_room_A,ensemble,1664,853,811,0,1664,853,811
metabolites_unannotated,3.63_369.2638m_z,gait_no_room_A,ensemble,1664,853,811,0,1664,853,811
metabolites_unannotated,3.63_369.4484m_z,gait_no_room_A,ensemble,1664,853,811,0,1664,853,811
metabolites_unannotated,3.63_399.2218m_z,gait_no_room_A,ensemble,1664,853,811,0,1664,853,811
metabolites_unannotated,3.63_761.3375m_z,gait_no_room_A,ensemble,1664,853,811,0,1664,853,811
metabolites_unannotated,3.64_214.0872m_z,gait_no_room_A,ensemble,1664,853,811,0,1664,853,811
metabolites_unannotated,3.65_487.3428m_z,gait_no_room_A,ensemble,1664,853,811,0,1664,853,811
metabolites_unannotated,3.66_327.2178m_z,gait_no_room_A,ensemble,1664,853,811,0,1664,853,811
metabolites_unannotated,3.66_427.1798m_z,gait_no_room_A,ensemble,1664,853,811,0,1664,853,811
metabolites_unannotated,3.66_491.2287m_z,gait_no_room_A,ensemble,1664,853,811,0,1664,853,811
metabolites_unannotated,3.67_209.1179m_z,gait_no_room_A,ensemble,1664,853,811,0,1664,853,811
metabolites_unannotated,3.67_219.1392m_z,gait_no_room_A,ensemble,1664,853,811,0,1664,853,811
metabolites_unannotated,3.67_253.1447m_z,gait_no_room_A,ensemble,1664,853,811,0,1664,853,811
metabolites_unannotated,3.67_301.1190m_z,gait_no_room_A,ensemble,1664,853,811,0,1664,853,811
metabolites_unannotated,3.67_385.2055m_z,gait_no_room_A,ensemble,1664,853,811,0,1664,853,811
metabolites_unannotated,3.67_427.2162m_z,gait_no_room_A,ensemble,1664,853,811,0,1664,853,811
metabolites_unannotated,3.67_453.2125m_z,gait_no_room_A,ensemble,1664,853,811,0,1664,853,811
metabolites_unannotated,3.67_480.2784m_z,gait_no_room_A,ensemble,1664,853,811,0,1664,853,811
metabolites_unannotated,3.67_495.2965m_z,gait_no_room_A,ensemble,1664,853,811,0,1664,853,811
metabolites_unannotated,3.67_555.2810m_z,gait_no_room_A,ensemble,1664,853,811,0,1664,853,811
metabolites_unannotated,3.67_599.2509m_z,gait_no_room_A,ensemble,1664,853,811,0,1664,853,811
metabolites_unannotated,3.68_273.1458m_z,gait_no_room_A,ensemble,1664,853,811,0,1664,853,811
metabolites_unannotated,3.68_425.2007m_z,gait_no_room_A,ensemble,1664,853,811,0,1664,853,811
metabolites_unannotated,3.69_447.2598m_z,gait_no_room_A,ensemble,1664,853,811,0,1664,853,811
metabolites_unannotated,3.69_493.2445m_z,gait_no_room_A,ensemble,1664,853,811,0,1664,853,811
metabolites_unannotated,3.69_605.3327m_z,gait_no_room_A,ensemble,1664,853,811,0,1664,853,811
metabolites_unannotated,3.69_626.3666n,gait_no_room_A,ensemble,1664,853,811,0,1664,853,811
metabolites_unannotated,3.70_197.0203m_z,gait_no_room_A,ensemble,1664,853,811,0,1664,853,811
metabolites_unannotated,3.70_323.1628m_z,gait_no_room_A,ensemble,1664,853,811,0,1664,853,811
metabolites_unannotated,3.70_357.1740m_z,gait_no_room_A,ensemble,1664,853,811,0,1664,853,811
metabolites_unannotated,3.71_185.1188m_z,gait_no_room_A,ensemble,1664,853,811,0,1664,853,811
metabolites_unannotated,3.71_489.2703m_z,gait_no_room_A,ensemble,1664,853,811,0,1664,853,811
metabolites_unannotated,3.71_498.2901m_z,gait_no_room_A,ensemble,1664,853,811,0,1664,853,811
metabolites_unannotated,3.72_307.1297m_z,gait_no_room_A,ensemble,1664,853,811,0,1664,853,811
metabolites_unannotated,3.72_419.2293m_z,gait_no_room_A,ensemble,1664,853,811,0,1664,853,811
metabolites_unannotated,3.72_551.3040m_z,gait_no_room_A,ensemble,1664,853,811,0,1664,853,811
metabolites_unannotated,3.72_565.3020m_z,gait_no_room_A,ensemble,1664,853,811,0,1664,853,811
metabolites_unannotated,3.72_597.3642m_z,gait_no_room_A,ensemble,1664,853,811,0,1664,853,811
metabolites_unannotated,3.73_383.1897m_z,gait_no_room_A,ensemble,1664,853,811,0,1664,853,811
metabolites_unannotated,3.74_180.1032m_z,gait_no_room_A,ensemble,1664,853,811,0,1664,853,811
metabolites_unannotated,3.74_183.1392m_z,gait_no_room_A,ensemble,1664,853,811,0,1664,853,811
metabolites_unannotated,3.74_214.0872m_z,gait_no_room_A,ensemble,1664,853,811,0,1664,853,811
metabolites_unannotated,3.74_308.8405m_z,gait_no_room_A,ensemble,1664,853,811,0,1664,853,811
metabolites_unannotated,3.74_350.1736m_z,gait_no_room_A,ensemble,1664,853,811,0,1664,853,811
metabolites_unannotated,3.74_393.1920m_z,gait_no_room_A,ensemble,1664,853,811,0,1664,853,811
metabolites_unannotated,3.74_427.1799m_z,gait_no_room_A,ensemble,1664,853,811,0,1664,853,811
metabolites_unannotated,3.74_522.2464n,gait_no_room_A,ensemble,1664,853,811,0,1664,853,811
metabolites_unannotated,3.74_556.3258m_z,gait_no_room_A,ensemble,1664,853,811,0,1664,853,811
metabolites_unannotated,3.74_567.3178m_z,gait_no_room_A,ensemble,1664,853,811,0,1664,853,811
metabolites_unannotated,3.75_310.8384m_z,gait_no_room_A,ensemble,1664,853,811,0,1664,853,811
metabolites_unannotated,3.75_310.9210m_z,gait_no_room_A,ensemble,1664,853,811,0,1664,853,811
metabolites_unannotated,3.75_312.8365m_z,gait_no_room_A,ensemble,1664,853,811,0,1664,853,811
metabolites_unannotated,3.75_446.2917m_z,gait_no_room_A,ensemble,1664,853,811,0,1664,853,811
metabolites_unannotated,3.75_505.2083m_z,gait_no_room_A,ensemble,1664,853,811,0,1664,853,811
metabolites_unannotated,3.75_519.2805m_z,gait_no_room_A,ensemble,1664,853,811,0,1664,853,811
metabolites_unannotated,3.75_550.3351n,gait_no_room_A,ensemble,1664,853,811,0,1664,853,811
metabolites_unannotated,3.75_570.3414m_z,gait_no_room_A,ensemble,1664,853,811,0,1664,853,811
metabolites_unannotated,3.75_611.3800m_z,gait_no_room_A,ensemble,1664,853,811,0,1664,853,811
metabolites_unannotated,3.75_621.3485n,gait_no_room_A,ensemble,1664,853,811,0,1664,853,811
metabolites_unannotated,3.76_341.1513m_z,gait_no_room_A,ensemble,1664,853,811,0,1664,853,811
metabolites_unannotated,3.76_353.2326m_z,gait_no_room_A,ensemble,1664,853,811,0,1664,853,811
metabolites_unannotated,3.77_453.2857m_z,gait_no_room_A,ensemble,1664,853,811,0,1664,853,811
metabolites_unannotated,3.77_461.2901m_z,gait_no_room_A,ensemble,1664,853,811,0,1664,853,811
metabolites_unannotated,3.77_467.2281m_z,gait_no_room_A,ensemble,1664,853,811,0,1664,853,811
metabolites_unannotated,3.77_501.3046m_z,gait_no_room_A,ensemble,1664,853,811,0,1664,853,811
metabolites_unannotated,3.78_427.2165m_z,gait_no_room_A,ensemble,1664,853,811,0,1664,853,811
metabolites_unannotated,3.78_427.3138m_z,gait_no_room_A,ensemble,1664,853,811,0,1664,853,811
metabolites_unannotated,3.78_455.1745m_z,gait_no_room_A,ensemble,1664,853,811,0,1664,853,811
metabolites_unannotated,3.78_505.3039m_z,gait_no_room_A,ensemble,1664,853,811,0,1664,853,811
metabolites_unannotated,3.79_231.1602m_z,gait_no_room_A,ensemble,1664,853,811,0,1664,853,811
metabolites_unannotated,3.79_399.2218m_z,gait_no_room_A,ensemble,1664,853,811,0,1664,853,811
metabolites_unannotated,3.79_399.3151m_z,gait_no_room_A,ensemble,1664,853,811,0,1664,853,811
metabolites_unannotated,3.79_471.2596m_z,gait_no_room_A,ensemble,1664,853,811,0,1664,853,811
metabolites_unannotated,3.79_519.3168m_z,gait_no_room_A,ensemble,1664,853,811,0,1664,853,811
metabolites_unannotated,3.79_580.3248m_z,gait_no_room_A,ensemble,1664,853,811,0,1664,853,811
metabolites_unannotated,3.79_625.3591m_z,gait_no_room_A,ensemble,1664,853,811,0,1664,853,811
metabolites_unannotated,3.80_239.1292m_z,gait_no_room_A,ensemble,1664,853,811,0,1664,853,811
metabolites_unannotated,3.80_285.0433m_z,gait_no_room_A,ensemble,1664,853,811,0,1664,853,811
metabolites_unannotated,3.80_359.1501m_z,gait_no_room_A,ensemble,1664,853,811,0,1664,853,811
metabolites_unannotated,3.80_367.2485m_z,gait_no_room_A,ensemble,1664,853,811,0,1664,853,811
metabolites_unannotated,3.80_389.2699m_z,gait_no_room_A,ensemble,1664,853,811,0,1664,853,811
metabolites_unannotated,3.80_447.2588m_z,gait_no_room_A,ensemble,1664,853,811,0,1664,853,811
metabolites_unannotated,3.80_469.2432m_z,gait_no_room_A,ensemble,1664,853,811,0,1664,853,811
metabolites_unannotated,3.80_565.3013m_z,gait_no_room_A,ensemble,1664,853,811,0,1664,853,811
metabolites_unannotated,3.80_599.2501m_z,gait_no_room_A,ensemble,1664,853,811,0,1664,853,811
metabolites_unannotated,3.81_583.2565m_z,gait_no_room_A,ensemble,1664,853,811,0,1664,853,811
metabolites_unannotated,3.82_187.1342m_z,gait_no_room_A,ensemble,1664,853,811,0,1664,853,811
metabolites_unannotated,3.82_187.1985m_z,gait_no_room_A,ensemble,1664,853,811,0,1664,853,811
metabolites_unannotated,3.82_310.0883m_z,gait_no_room_A,ensemble,1664,853,811,0,1664,853,811
metabolites_unannotated,3.82_313.1193m_z,gait_no_room_A,ensemble,1664,853,811,0,1664,853,811
metabolites_unannotated,3.82_401.1277m_z,gait_no_room_A,ensemble,1664,853,811,0,1664,853,811
metabolites_unannotated,3.82_406.1334m_z,gait_no_room_A,ensemble,1664,853,811,0,1664,853,811
metabolites_unannotated,3.82_491.3223m_z,gait_no_room_A,ensemble,1664,853,811,0,1664,853,811
metabolites_unannotated,3.82_493.2439m_z,gait_no_room_A,ensemble,1664,853,811,0,1664,853,811
metabolites_unannotated,3.82_493.2799m_z,gait_no_room_A,ensemble,1664,853,811,0,1664,853,811
metabolites_unannotated,3.82_495.2594m_z,gait_no_room_A,ensemble,1664,853,811,0,1664,853,811
metabolites_unannotated,3.82_554.3159m_z,gait_no_room_A,ensemble,1664,853,811,0,1664,853,811
metabolites_unannotated,3.83_253.1083m_z,gait_no_room_A,ensemble,1664,853,811,0,1664,853,811
metabolites_unannotated,3.83_489.2706m_z,gait_no_room_A,ensemble,1664,853,811,0,1664,853,811
metabolites_unannotated,3.83_498.2899m_z,gait_no_room_A,ensemble,1664,853,811,0,1664,853,811
metabolites_unannotated,3.83_533.2959m_z,gait_no_room_A,ensemble,1664,853,811,0,1664,853,811
metabolites_unannotated,3.83_597.2353m_z,gait_no_room_A,ensemble,1664,853,811,0,1664,853,811
metabolites_unannotated,3.84_611.3797m_z,gait_no_room_A,ensemble,1664,853,811,0,1664,853,811
metabolites_unannotated,3.84_658.3586m_z,gait_no_room_A,ensemble,1664,853,811,0,1664,853,811
metabolites_unannotated,3.85_346.9872m_z,gait_no_room_A,ensemble,1664,853,811,0,1664,853,811
metabolites_unannotated,3.85_473.3268m_z,gait_no_room_A,ensemble,1664,853,811,0,1664,853,811
metabolites_unannotated,3.86_228.1608m_z,gait_no_room_A,ensemble,1664,853,811,0,1664,853,811
metabolites_unannotated,3.86_255.7052m_z,gait_no_room_A,ensemble,1664,853,811,0,1664,853,811
metabolites_unannotated,3.86_255.8591m_z,gait_no_room_A,ensemble,1664,853,811,0,1664,853,811
metabolites_unannotated,3.86_512.3739m_z,gait_no_room_A,ensemble,1664,853,811,0,1664,853,811
metabolites_unannotated,3.86_512.5929m_z,gait_no_room_A,ensemble,1664,853,811,0,1664,853,811
metabolites_unannotated,3.86_519.3166m_z,gait_no_room_A,ensemble,1664,853,811,0,1664,853,811
metabolites_unannotated,3.86_669.2755m_z,gait_no_room_A,ensemble,1664,853,811,0,1664,853,811
metabolites_unannotated,3.87_275.0418m_z,gait_no_room_A,ensemble,1664,853,811,0,1664,853,811
metabolites_unannotated,3.87_329.2332m_z,gait_no_room_A,ensemble,1664,853,811,0,1664,853,811
metabolites_unannotated,3.87_335.2224m_z,gait_no_room_A,ensemble,1664,853,811,0,1664,853,811
metabolites_unannotated,3.87_405.2648m_z,gait_no_room_A,ensemble,1664,853,811,0,1664,853,811
metabolites_unannotated,3.87_445.2438m_z,gait_no_room_A,ensemble,1664,853,811,0,1664,853,811
metabolites_unannotated,3.87_455.1743m_z,gait_no_room_A,ensemble,1664,853,811,0,1664,853,811
metabolites_unannotated,3.87_551.3042m_z,gait_no_room_A,ensemble,1664,853,811,0,1664,853,811
metabolites_unannotated,3.87_607.3481m_z,gait_no_room_A,ensemble,1664,853,811,0,1664,853,811
metabolites_unannotated,3.88_265.1083m_z,gait_no_room_A,ensemble,1664,853,811,0,1664,853,811
metabolites_unannotated,3.88_331.2483m_z,gait_no_room_A,ensemble,1664,853,811,0,1664,853,811
metabolites_unannotated,3.88_350.1742m_z,gait_no_room_A,ensemble,1664,853,811,0,1664,853,811
metabolites_unannotated,3.88_375.1943m_z,gait_no_room_A,ensemble,1664,853,811,0,1664,853,811
metabolites_unannotated,3.88_383.1902m_z,gait_no_room_A,ensemble,1664,853,811,0,1664,853,811
metabolites_unannotated,3.88_391.2860m_z,gait_no_room_A,ensemble,1664,853,811,0,1664,853,811
metabolites_unannotated,3.88_437.2909m_z,gait_no_room_A,ensemble,1664,853,811,0,1664,853,811
metabolites_unannotated,3.88_555.2814m_z,gait_no_room_A,ensemble,1664,853,811,0,1664,853,811
metabolites_unannotated,3.88_656.3436m_z,gait_no_room_A,ensemble,1664,853,811,0,1664,853,811
metabolites_unannotated,3.89_411.2028m_z,gait_no_room_A,ensemble,1664,853,811,0,1664,853,811
metabolites_unannotated,3.89_471.2582m_z,gait_no_room_A,ensemble,1664,853,811,0,1664,853,811
metabolites_unannotated,3.90_269.1759m_z,gait_no_room_A,ensemble,1664,853,811,0,1664,853,811
metabolites_unannotated,3.90_359.1898m_z,gait_no_room_A,ensemble,1664,853,811,0,1664,853,811
metabolites_unannotated,3.90_389.2700m_z,gait_no_room_A,ensemble,1664,853,811,0,1664,853,811
metabolites_unannotated,3.90_408.1487m_z,gait_no_room_A,ensemble,1664,853,811,0,1664,853,811
metabolites_unannotated,3.90_433.2810m_z,gait_no_room_A,ensemble,1664,853,811,0,1664,853,811
metabolites_unannotated,3.90_471.2429m_z,gait_no_room_A,ensemble,1664,853,811,0,1664,853,811
metabolites_unannotated,3.90_491.2855m_z,gait_no_room_A,ensemble,1664,853,811,0,1664,853,811
metabolites_unannotated,3.91_227.1292m_z,gait_no_room_A,ensemble,1664,853,811,0,1664,853,811
metabolites_unannotated,3.91_351.1846m_z,gait_no_room_A,ensemble,1664,853,811,0,1664,853,811
metabolites_unannotated,3.91_371.0776m_z,gait_no_room_A,ensemble,1664,853,811,0,1664,853,811
metabolites_unannotated,3.91_385.2059m_z,gait_no_room_A,ensemble,1664,853,811,0,1664,853,811
metabolites_unannotated,3.91_413.2186m_z,gait_no_room_A,ensemble,1664,853,811,0,1664,853,811
metabolites_unannotated,3.91_451.2155m_z,gait_no_room_A,ensemble,1664,853,811,0,1664,853,811
metabolites_unannotated,3.91_593.3342m_z,gait_no_room_A,ensemble,1664,853,811,0,1664,853,811
metabolites_unannotated,3.92_369.5543m_z,gait_no_room_A,ensemble,1664,853,811,0,1664,853,811
metabolites_unannotated,3.93_217.1449m_z,gait_no_room_A,ensemble,1664,853,811,0,1664,853,811
metabolites_unannotated,3.93_281.1751m_z,gait_no_room_A,ensemble,1664,853,811,0,1664,853,811
metabolites_unannotated,3.93_347.1631m_z,gait_no_room_A,ensemble,1664,853,811,0,1664,853,811
metabolites_unannotated,3.93_395.2831m_z,gait_no_room_A,ensemble,1664,853,811,0,1664,853,811
metabolites_unannotated,3.93_395.4754m_z,gait_no_room_A,ensemble,1664,853,811,0,1664,853,811
metabolites_unannotated,3.93_457.1900m_z,gait_no_room_A,ensemble,1664,853,811,0,1664,853,811
metabolites_unannotated,3.93_495.2599m_z,gait_no_room_A,ensemble,1664,853,811,0,1664,853,811
metabolites_unannotated,3.93_533.3328m_z,gait_no_room_A,ensemble,1664,853,811,0,1664,853,811
metabolites_unannotated,3.93_556.3316m_z,gait_no_room_A,ensemble,1664,853,811,0,1664,853,811
metabolites_unannotated,3.93_581.2396m_z,gait_no_room_A,ensemble,1664,853,811,0,1664,853,811
metabolites_unannotated,3.93_597.3626m_z,gait_no_room_A,ensemble,1664,853,811,0,1664,853,811
metabolites_unannotated,3.93_605.3323m_z,gait_no_room_A,ensemble,1664,853,811,0,1664,853,811
metabolites_unannotated,3.93_690.3638n,gait_no_room_A,ensemble,1664,853,811,0,1664,853,811
metabolites_unannotated,3.94_353.2332m_z,gait_no_room_A,ensemble,1664,853,811,0,1664,853,811
metabolites_unannotated,3.95_359.1499m_z,gait_no_room_A,ensemble,1664,853,811,0,1664,853,811
metabolites_unannotated,3.95_389.2701m_z,gait_no_room_A,ensemble,1664,853,811,0,1664,853,811
metabolites_unannotated,3.95_407.2812m_z,gait_no_room_A,ensemble,1664,853,811,0,1664,853,811
metabolites_unannotated,3.95_407.3749m_z,gait_no_room_A,ensemble,1664,853,811,0,1664,853,811
metabolites_unannotated,3.95_409.2867m_z,gait_no_room_A,ensemble,1664,853,811,0,1664,853,811
metabolites_unannotated,3.95_443.2572m_z,gait_no_room_A,ensemble,1664,853,811,0,1664,853,811
metabolites_unannotated,3.95_447.2599m_z,gait_no_room_A,ensemble,1664,853,811,0,1664,853,811
metabolites_unannotated,3.95_453.2854m_z,gait_no_room_A,ensemble,1664,853,811,0,1664,853,811
metabolites_unannotated,3.95_475.2673m_z,gait_no_room_A,ensemble,1664,853,811,0,1664,853,811
metabolites_unannotated,3.95_582.3403m_z,gait_no_room_A,ensemble,1664,853,811,0,1664,853,811
metabolites_unannotated,3.96_227.1293m_z,gait_no_room_A,ensemble,1664,853,811,0,1664,853,811
metabolites_unannotated,3.96_393.1952m_z,gait_no_room_A,ensemble,1664,853,811,0,1664,853,811
metabolites_unannotated,3.96_425.2008m_z,gait_no_room_A,ensemble,1664,853,811,0,1664,853,811
metabolites_unannotated,3.96_595.3503m_z,gait_no_room_A,ensemble,1664,853,811,0,1664,853,811
metabolites_unannotated,3.98_183.1392m_z,gait_no_room_A,ensemble,1664,853,811,0,1664,853,811
metabolites_unannotated,3.98_221.1180m_z,gait_no_room_A,ensemble,1664,853,811,0,1664,853,811
metabolites_unannotated,3.98_448.3084m_z,gait_no_room_A,ensemble,1664,853,811,0,1664,853,811
metabolites_unannotated,3.98_448.4055m_z,gait_no_room_A,ensemble,1664,853,811,0,1664,853,811
metabolites_unannotated,3.98_448.5492m_z,gait_no_room_A,ensemble,1664,853,811,0,1664,853,811
metabolites_unannotated,3.98_449.6175m_z,gait_no_room_A,ensemble,1664,853,811,0,1664,853,811
metabolites_unannotated,3.98_491.2856m_z,gait_no_room_A,ensemble,1664,853,811,0,1664,853,811
metabolites_unannotated,3.98_501.3061m_z,gait_no_room_A,ensemble,1664,853,811,0,1664,853,811
metabolites_unannotated,3.98_503.3223m_z,gait_no_room_A,ensemble,1664,853,811,0,1664,853,811
metabolites_unannotated,3.98_516.2942m_z,gait_no_room_A,ensemble,1664,853,811,0,1664,853,811
metabolites_unannotated,3.98_548.2324m_z,gait_no_room_A,ensemble,1664,853,811,0,1664,853,811
metabolites_unannotated,3.99_249.1132m_z,gait_no_room_A,ensemble,1664,853,811,0,1664,853,811
metabolites_unannotated,3.99_257.2509m_z,gait_no_room_A,ensemble,1664,853,811,0,1664,853,811
metabolites_unannotated,3.99_265.1083m_z,gait_no_room_A,ensemble,1664,853,811,0,1664,853,811
metabolites_unannotated,3.99_279.1588m_z,gait_no_room_A,ensemble,1664,853,811,0,1664,853,811
metabolites_unannotated,3.99_365.1759m_z,gait_no_room_A,ensemble,1664,853,811,0,1664,853,811
metabolites_unannotated,3.99_479.2645m_z,gait_no_room_A,ensemble,1664,853,811,0,1664,853,811
metabolites_unannotated,3.99_491.2286m_z,gait_no_room_A,ensemble,1664,853,811,0,1664,853,811
metabolites_unannotated,3.99_495.2597m_z,gait_no_room_A,ensemble,1664,853,811,0,1664,853,811
metabolites_unannotated,4.01_179.1803m_z,gait_no_room_A,ensemble,1664,853,811,0,1664,853,811
metabolites_unannotated,4.01_391.2859m_z,gait_no_room_A,ensemble,1664,853,811,0,1664,853,811
metabolites_unannotated,4.01_410.1648m_z,gait_no_room_A,ensemble,1664,853,811,0,1664,853,811
metabolites_unannotated,4.01_437.2910m_z,gait_no_room_A,ensemble,1664,853,811,0,1664,853,811
metabolites_unannotated,4.01_534.3037n,gait_no_room_A,ensemble,1664,853,811,0,1664,853,811
metabolites_unannotated,4.02_327.2182m_z,gait_no_room_A,ensemble,1664,853,811,0,1664,853,811
metabolites_unannotated,4.02_451.2155m_z,gait_no_room_A,ensemble,1664,853,811,0,1664,853,811
metabolites_unannotated,4.03_335.2224m_z,gait_no_room_A,ensemble,1664,853,811,0,1664,853,811
metabolites_unannotated,4.03_350.2988m_z,gait_no_room_A,ensemble,1664,853,811,0,1664,853,811
metabolites_unannotated,4.03_359.1502m_z,gait_no_room_A,ensemble,1664,853,811,0,1664,853,811
metabolites_unannotated,4.03_491.3229m_z,gait_no_room_A,ensemble,1664,853,811,0,1664,853,811
metabolites_unannotated,4.04_187.1345m_z,gait_no_room_A,ensemble,1664,853,811,0,1664,853,811
metabolites_unannotated,4.04_187.1978m_z,gait_no_room_A,ensemble,1664,853,811,0,1664,853,811
metabolites_unannotated,4.04_389.2696m_z,gait_no_room_A,ensemble,1664,853,811,0,1664,853,811
metabolites_unannotated,4.04_471.2589m_z,gait_no_room_A,ensemble,1664,853,811,0,1664,853,811
metabolites_unannotated,4.04_487.3429m_z,gait_no_room_A,ensemble,1664,853,811,0,1664,853,811
metabolites_unannotated,4.04_493.2445m_z,gait_no_room_A,ensemble,1664,853,811,0,1664,853,811
metabolites_unannotated,4.04_520.3247n,gait_no_room_A,ensemble,1664,853,811,0,1664,853,811
metabolites_unannotated,4.05_305.1732m_z,gait_no_room_A,ensemble,1664,853,811,0,1664,853,811
metabolites_unannotated,4.06_253.1449m_z,gait_no_room_A,ensemble,1664,853,811,0,1664,853,811
metabolites_unannotated,4.06_351.1836m_z,gait_no_room_A,ensemble,1664,853,811,0,1664,853,811
metabolites_unannotated,4.06_469.2807m_z,gait_no_room_A,ensemble,1664,853,811,0,1664,853,811
metabolites_unannotated,4.06_533.3331m_z,gait_no_room_A,ensemble,1664,853,811,0,1664,853,811
metabolites_unannotated,4.06_549.3071m_z,gait_no_room_A,ensemble,1664,853,811,0,1664,853,811
metabolites_unannotated,4.06_609.3628m_z,gait_no_room_A,ensemble,1664,853,811,0,1664,853,811
metabolites_unannotated,4.08_257.1762m_z,gait_no_room_A,ensemble,1664,853,811,0,1664,853,811
metabolites_unannotated,4.08_257.2511m_z,gait_no_room_A,ensemble,1664,853,811,0,1664,853,811
metabolites_unannotated,4.08_430.2965m_z,gait_no_room_A,ensemble,1664,853,811,0,1664,853,811
metabolites_unannotated,4.08_445.2438m_z,gait_no_room_A,ensemble,1664,853,811,0,1664,853,811
metabolites_unannotated,4.08_448.4055m_z,gait_no_room_A,ensemble,1664,853,811,0,1664,853,811
metabolites_unannotated,4.08_449.6175m_z,gait_no_room_A,ensemble,1664,853,811,0,1664,853,811
metabolites_unannotated,4.08_453.2318m_z,gait_no_room_A,ensemble,1664,853,811,0,1664,853,811
metabolites_unannotated,4.08_484.2682m_z,gait_no_room_A,ensemble,1664,853,811,0,1664,853,811
metabolites_unannotated,4.08_495.2598m_z,gait_no_room_A,ensemble,1664,853,811,0,1664,853,811
metabolites_unannotated,4.08_516.2940m_z,gait_no_room_A,ensemble,1664,853,811,0,1664,853,811
metabolites_unannotated,4.09_448.5490m_z,gait_no_room_A,ensemble,1664,853,811,0,1664,853,811
metabolites_unannotated,4.09_548.2323m_z,gait_no_room_A,ensemble,1664,853,811,0,1664,853,811
metabolites_unannotated,4.10_209.1183m_z,gait_no_room_A,ensemble,1664,853,811,0,1664,853,811
metabolites_unannotated,4.10_287.2014m_z,gait_no_room_A,ensemble,1664,853,811,0,1664,853,811
metabolites_unannotated,4.10_329.2331m_z,gait_no_room_A,ensemble,1664,853,811,0,1664,853,811
metabolites_unannotated,4.10_438.9714m_z,gait_no_room_A,ensemble,1664,853,811,0,1664,853,811
metabolites_unannotated,4.10_440.9694m_z,gait_no_room_A,ensemble,1664,853,811,0,1664,853,811
metabolites_unannotated,4.10_507.2246m_z,gait_no_room_A,ensemble,1664,853,811,0,1664,853,811
metabolites_unannotated,4.10_507.5455m_z,gait_no_room_A,ensemble,1664,853,811,0,1664,853,811
metabolites_unannotated,4.10_507.6683m_z,gait_no_room_A,ensemble,1664,853,811,0,1664,853,811
metabolites_unannotated,4.10_509.2302m_z,gait_no_room_A,ensemble,1664,853,811,0,1664,853,811
metabolites_unannotated,4.10_529.2056m_z,gait_no_room_A,ensemble,1664,853,811,0,1664,853,811
metabolites_unannotated,4.11_249.1132m_z,gait_no_room_A,ensemble,1664,853,811,0,1664,853,811
metabolites_unannotated,4.11_447.2592m_z,gait_no_room_A,ensemble,1664,853,811,0,1664,853,811
metabolites_unannotated,4.11_658.3383n,gait_no_room_A,ensemble,1664,853,811,0,1664,853,811
metabolites_unannotated,4.12_473.2179m_z,gait_no_room_A,ensemble,1664,853,811,0,1664,853,811
metabolites_unannotated,4.12_477.3212m_z,gait_no_room_A,ensemble,1664,853,811,0,1664,853,811
metabolites_unannotated,4.13_265.1812m_z,gait_no_room_A,ensemble,1664,853,811,0,1664,853,811
metabolites_unannotated,4.13_335.2227m_z,gait_no_room_A,ensemble,1664,853,811,0,1664,853,811
metabolites_unannotated,4.13_426.2647m_z,gait_no_room_A,ensemble,1664,853,811,0,1664,853,811
metabolites_unannotated,4.13_491.2859m_z,gait_no_room_A,ensemble,1664,853,811,0,1664,853,811
metabolites_unannotated,4.13_611.3798m_z,gait_no_room_A,ensemble,1664,853,811,0,1664,853,811
metabolites_unannotated,4.14_391.1800m_z,gait_no_room_A,ensemble,1664,853,811,0,1664,853,811
metabolites_unannotated,4.14_481.2817m_z,gait_no_room_A,ensemble,1664,853,811,0,1664,853,811
metabolites_unannotated,4.14_482.6013m_z,gait_no_room_A,ensemble,1664,853,811,0,1664,853,811
metabolites_unannotated,4.14_482.7734m_z,gait_no_room_A,ensemble,1664,853,811,0,1664,853,811
metabolites_unannotated,4.14_549.2680m_z,gait_no_room_A,ensemble,1664,853,811,0,1664,853,811
metabolites_unannotated,4.16_223.1345m_z,gait_no_room_A,ensemble,1664,853,811,0,1664,853,811
metabolites_unannotated,4.16_223.3489m_z,gait_no_room_A,ensemble,1664,853,811,0,1664,853,811
metabolites_unannotated,4.16_239.1289m_z,gait_no_room_A,ensemble,1664,853,811,0,1664,853,811
metabolites_unannotated,4.16_267.2001m_z,gait_no_room_A,ensemble,1664,853,811,0,1664,853,811
metabolites_unannotated,4.16_267.2703m_z,gait_no_room_A,ensemble,1664,853,811,0,1664,853,811
metabolites_unannotated,4.16_267.3571m_z,gait_no_room_A,ensemble,1664,853,811,0,1664,853,811
metabolites_unannotated,4.16_267.4476m_z,gait_no_room_A,ensemble,1664,853,811,0,1664,853,811
metabolites_unannotated,4.16_345.2642m_z,gait_no_room_A,ensemble,1664,853,811,0,1664,853,811
metabolites_unannotated,4.16_367.0494m_z,gait_no_room_A,ensemble,1664,853,811,0,1664,853,811
metabolites_unannotated,4.17_273.1705m_z,gait_no_room_A,ensemble,1664,853,811,0,1664,853,811
metabolites_unannotated,4.17_305.1748m_z,gait_no_room_A,ensemble,1664,853,811,0,1664,853,811
metabolites_unannotated,4.17_503.3225m_z,gait_no_room_A,ensemble,1664,853,811,0,1664,853,811
metabolites_unannotated,4.18_311.3052m_z,gait_no_room_A,ensemble,1664,853,811,0,1664,853,811
metabolites_unannotated,4.18_619.3120m_z,gait_no_room_A,ensemble,1664,853,811,0,1664,853,811
metabolites_unannotated,4.19_221.0821m_z,gait_no_room_A,ensemble,1664,853,811,0,1664,853,811
metabolites_unannotated,4.19_229.1447m_z,gait_no_room_A,ensemble,1664,853,811,0,1664,853,811
metabolites_unannotated,4.19_253.1085m_z,gait_no_room_A,ensemble,1664,853,811,0,1664,853,811
metabolites_unannotated,4.19_281.1757m_z,gait_no_room_A,ensemble,1664,853,811,0,1664,853,811
metabolites_unannotated,4.19_307.1581m_z,gait_no_room_A,ensemble,1664,853,811,0,1664,853,811
metabolites_unannotated,4.19_437.2910m_z,gait_no_room_A,ensemble,1664,853,811,0,1664,853,811
metabolites_unannotated,4.19_451.3064m_z,gait_no_room_A,ensemble,1664,853,811,0,1664,853,811
metabolites_unannotated,4.19_521.2756m_z,gait_no_room_A,ensemble,1664,853,811,0,1664,853,811
metabolites_unannotated,4.19_537.2703m_z,gait_no_room_A,ensemble,1664,853,811,0,1664,853,811
metabolites_unannotated,4.19_584.3567m_z,gait_no_room_A,ensemble,1664,853,811,0,1664,853,811
metabolites_unannotated,4.20_213.1499m_z,gait_no_room_A,ensemble,1664,853,811,0,1664,853,811
metabolites_unannotated,4.20_256.9821m_z,gait_no_room_A,ensemble,1664,853,811,0,1664,853,811
metabolites_unannotated,4.20_258.9801m_z,gait_no_room_A,ensemble,1664,853,811,0,1664,853,811
metabolites_unannotated,4.20_333.2072m_z,gait_no_room_A,ensemble,1664,853,811,0,1664,853,811
metabolites_unannotated,4.20_447.2591m_z,gait_no_room_A,ensemble,1664,853,811,0,1664,853,811
metabolites_unannotated,4.20_455.3477m_z,gait_no_room_A,ensemble,1664,853,811,0,1664,853,811
metabolites_unannotated,4.20_551.3218m_z,gait_no_room_A,ensemble,1664,853,811,0,1664,853,811
metabolites_unannotated,4.21_329.2332m_z,gait_no_room_A,ensemble,1664,853,811,0,1664,853,811
metabolites_unannotated,4.22_287.2219m_z,gait_no_room_A,ensemble,1664,853,811,0,1664,853,811
metabolites_unannotated,4.22_321.2069m_z,gait_no_room_A,ensemble,1664,853,811,0,1664,853,811
metabolites_unannotated,4.22_327.2186m_z,gait_no_room_A,ensemble,1664,853,811,0,1664,853,811
metabolites_unannotated,4.22_329.1690m_z,gait_no_room_A,ensemble,1664,853,811,0,1664,853,811
metabolites_unannotated,4.22_371.2073m_z,gait_no_room_A,ensemble,1664,853,811,0,1664,853,811
metabolites_unannotated,4.22_391.2860m_z,gait_no_room_A,ensemble,1664,853,811,0,1664,853,811
metabolites_unannotated,4.22_391.3790m_z,gait_no_room_A,ensemble,1664,853,811,0,1664,853,811
metabolites_unannotated,4.22_471.3472m_z,gait_no_room_A,ensemble,1664,853,811,0,1664,853,811
metabolites_unannotated,4.22_533.3328m_z,gait_no_room_A,ensemble,1664,853,811,0,1664,853,811
metabolites_unannotated,4.22_581.2403m_z,gait_no_room_A,ensemble,1664,853,811,0,1664,853,811
metabolites_unannotated,4.22_591.3528m_z,gait_no_room_A,ensemble,1664,853,811,0,1664,853,811
metabolites_unannotated,4.23_225.1857m_z,gait_no_room_A,ensemble,1664,853,811,0,1664,853,811
metabolites_unannotated,4.23_237.1499m_z,gait_no_room_A,ensemble,1664,853,811,0,1664,853,811
metabolites_unannotated,4.23_376.3174m_z,gait_no_room_A,ensemble,1664,853,811,0,1664,853,811
metabolites_unannotated,4.23_389.2700m_z,gait_no_room_A,ensemble,1664,853,811,0,1664,853,811
metabolites_unannotated,4.23_473.2760m_z,gait_no_room_A,ensemble,1664,853,811,0,1664,853,811
metabolites_unannotated,4.24_337.2386m_z,gait_no_room_A,ensemble,1664,853,811,0,1664,853,811
metabolites_unannotated,4.24_445.2955m_z,gait_no_room_A,ensemble,1664,853,811,0,1664,853,811
metabolites_unannotated,4.24_658.3594m_z,gait_no_room_A,ensemble,1664,853,811,0,1664,853,811
metabolites_unannotated,4.25_239.1654m_z,gait_no_room_A,ensemble,1664,853,811,0,1664,853,811
metabolites_unannotated,4.25_271.1917m_z,gait_no_room_A,ensemble,1664,853,811,0,1664,853,811
metabolites_unannotated,4.25_295.1898m_z,gait_no_room_A,ensemble,1664,853,811,0,1664,853,811
metabolites_unannotated,4.25_431.3171m_z,gait_no_room_A,ensemble,1664,853,811,0,1664,853,811
metabolites_unannotated,4.25_477.3210m_z,gait_no_room_A,ensemble,1664,853,811,0,1664,853,811
metabolites_unannotated,4.25_487.2905m_z,gait_no_room_A,ensemble,1664,853,811,0,1664,853,811
metabolites_unannotated,4.25_493.2803m_z,gait_no_room_A,ensemble,1664,853,811,0,1664,853,811
metabolites_unannotated,4.25_515.3375m_z,gait_no_room_A,ensemble,1664,853,811,0,1664,853,811
metabolites_unannotated,4.26_297.1706m_z,gait_no_room_A,ensemble,1664,853,811,0,1664,853,811
metabolites_unannotated,4.26_333.2070m_z,gait_no_room_A,ensemble,1664,853,811,0,1664,853,811
metabolites_unannotated,4.26_421.2955m_z,gait_no_room_A,ensemble,1664,853,811,0,1664,853,811
metabolites_unannotated,4.27_269.1759m_z,gait_no_room_A,ensemble,1664,853,811,0,1664,853,811
metabolites_unannotated,4.27_290.1760m_z,gait_no_room_A,ensemble,1664,853,811,0,1664,853,811
metabolites_unannotated,4.27_305.1748m_z,gait_no_room_A,ensemble,1664,853,811,0,1664,853,811
metabolites_unannotated,4.27_335.2209m_z,gait_no_room_A,ensemble,1664,853,811,0,1664,853,811
metabolites_unannotated,4.28_549.3062m_z,gait_no_room_A,ensemble,1664,853,811,0,1664,853,811
metabolites_unannotated,4.29_307.1581m_z,gait_no_room_A,ensemble,1664,853,811,0,1664,853,811
metabolites_unannotated,4.29_669.2763m_z,gait_no_room_A,ensemble,1664,853,811,0,1664,853,811
metabolites_unannotated,4.30_165.1284m_z,gait_no_room_A,ensemble,1664,853,811,0,1664,853,811
metabolites_unannotated,4.30_357.1829m_z,gait_no_room_A,ensemble,1664,853,811,0,1664,853,811
metabolites_unannotated,4.31_389.2699m_z,gait_no_room_A,ensemble,1664,853,811,0,1664,853,811
metabolites_unannotated,4.31_398.9374m_z,gait_no_room_A,ensemble,1664,853,811,0,1664,853,811
metabolites_unannotated,4.31_621.3282m_z,gait_no_room_A,ensemble,1664,853,811,0,1664,853,811
metabolites_unannotated,4.32_457.3323m_z,gait_no_room_A,ensemble,1664,853,811,0,1664,853,811
metabolites_unannotated,4.32_461.3111m_z,gait_no_room_A,ensemble,1664,853,811,0,1664,853,811
metabolites_unannotated,4.33_208.1343m_z,gait_no_room_A,ensemble,1664,853,811,0,1664,853,811
metabolites_unannotated,4.33_253.1352m_z,gait_no_room_A,ensemble,1664,853,811,0,1664,853,811
metabolites_unannotated,4.33_295.1911m_z,gait_no_room_A,ensemble,1664,853,811,0,1664,853,811
metabolites_unannotated,4.33_483.2966m_z,gait_no_room_A,ensemble,1664,853,811,0,1664,853,811
metabolites_unannotated,4.33_495.2783m_z,gait_no_room_A,ensemble,1664,853,811,0,1664,853,811
metabolites_unannotated,4.33_583.2565m_z,gait_no_room_A,ensemble,1664,853,811,0,1664,853,811
metabolites_unannotated,4.34_359.2800m_z,gait_no_room_A,ensemble,1664,853,811,0,1664,853,811
metabolites_unannotated,4.34_426.2652m_z,gait_no_room_A,ensemble,1664,853,811,0,1664,853,811
metabolites_unannotated,4.35_411.2031m_z,gait_no_room_A,ensemble,1664,853,811,0,1664,853,811
metabolites_unannotated,4.37_211.1706m_z,gait_no_room_A,ensemble,1664,853,811,0,1664,853,811
metabolites_unannotated,4.37_321.2060m_z,gait_no_room_A,ensemble,1664,853,811,0,1664,853,811
metabolites_unannotated,4.37_335.2218m_z,gait_no_room_A,ensemble,1664,853,811,0,1664,853,811
metabolites_unannotated,4.38_279.1964m_z,gait_no_room_A,ensemble,1664,853,811,0,1664,853,811
metabolites_unannotated,4.38_283.1915m_z,gait_no_room_A,ensemble,1664,853,811,0,1664,853,811
metabolites_unannotated,4.38_305.1734m_z,gait_no_room_A,ensemble,1664,853,811,0,1664,853,811
metabolites_unannotated,4.38_397.2241m_z,gait_no_room_A,ensemble,1664,853,811,0,1664,853,811
metabolites_unannotated,4.38_397.5093m_z,gait_no_room_A,ensemble,1664,853,811,0,1664,853,811
metabolites_unannotated,4.38_433.3322m_z,gait_no_room_A,ensemble,1664,853,811,0,1664,853,811
metabolites_unannotated,4.39_419.3168m_z,gait_no_room_A,ensemble,1664,853,811,0,1664,853,811
metabolites_unannotated,4.39_463.3067m_z,gait_no_room_A,ensemble,1664,853,811,0,1664,853,811
metabolites_unannotated,4.39_477.2162m_z,gait_no_room_A,ensemble,1664,853,811,0,1664,853,811
metabolites_unannotated,4.40_237.1496m_z,gait_no_room_A,ensemble,1664,853,811,0,1664,853,811
metabolites_unannotated,4.40_237.1860m_z,gait_no_room_A,ensemble,1664,853,811,0,1664,853,811
metabolites_unannotated,4.40_382.2056m_z,gait_no_room_A,ensemble,1664,853,811,0,1664,853,811
metabolites_unannotated,4.40_647.3799m_z,gait_no_room_A,ensemble,1664,853,811,0,1664,853,811
metabolites_unannotated,4.42_169.1236m_z,gait_no_room_A,ensemble,1664,853,811,0,1664,853,811
metabolites_unannotated,4.42_225.1861m_z,gait_no_room_A,ensemble,1664,853,811,0,1664,853,811
metabolites_unannotated,4.42_249.1863m_z,gait_no_room_A,ensemble,1664,853,811,0,1664,853,811
metabolites_unannotated,4.42_287.2226m_z,gait_no_room_A,ensemble,1664,853,811,0,1664,853,811
metabolites_unannotated,4.42_335.1497m_z,gait_no_room_A,ensemble,1664,853,811,0,1664,853,811
metabolites_unannotated,4.42_389.2699m_z,gait_no_room_A,ensemble,1664,853,811,0,1664,853,811
metabolites_unannotated,4.42_431.3164m_z,gait_no_room_A,ensemble,1664,853,811,0,1664,853,811
metabolites_unannotated,4.42_483.2969m_z,gait_no_room_A,ensemble,1664,853,811,0,1664,853,811
metabolites_unannotated,4.43_307.1914m_z,gait_no_room_A,ensemble,1664,853,811,0,1664,853,811
metabolites_unannotated,4.43_335.2224m_z,gait_no_room_A,ensemble,1664,853,811,0,1664,853,811
metabolites_unannotated,4.43_359.2803m_z,gait_no_room_A,ensemble,1664,853,811,0,1664,853,811
metabolites_unannotated,4.43_372.2572m_z,gait_no_room_A,ensemble,1664,853,811,0,1664,853,811
metabolites_unannotated,4.43_445.2951m_z,gait_no_room_A,ensemble,1664,853,811,0,1664,853,811
metabolites_unannotated,4.44_215.1655m_z,gait_no_room_A,ensemble,1664,853,811,0,1664,853,811
metabolites_unannotated,4.44_455.2475m_z,gait_no_room_A,ensemble,1664,853,811,0,1664,853,811
metabolites_unannotated,4.45_471.3475m_z,gait_no_room_A,ensemble,1664,853,811,0,1664,853,811
metabolites_unannotated,4.45_538.2780n,gait_no_room_A,ensemble,1664,853,811,0,1664,853,811
metabolites_unannotated,4.46_249.1500m_z,gait_no_room_A,ensemble,1664,853,811,0,1664,853,811
metabolites_unannotated,4.46_263.1290m_z,gait_no_room_A,ensemble,1664,853,811,0,1664,853,811
metabolites_unannotated,4.46_377.2006m_z,gait_no_room_A,ensemble,1664,853,811,0,1664,853,811
metabolites_unannotated,4.46_475.3280m_z,gait_no_room_A,ensemble,1664,853,811,0,1664,853,811
metabolites_unannotated,4.47_319.1910m_z,gait_no_room_A,ensemble,1664,853,811,0,1664,853,811
metabolites_unannotated,4.47_343.2489m_z,gait_no_room_A,ensemble,1664,853,811,0,1664,853,811
metabolites_unannotated,4.48_169.1236m_z,gait_no_room_A,ensemble,1664,853,811,0,1664,853,811
metabolites_unannotated,4.48_255.1603m_z,gait_no_room_A,ensemble,1664,853,811,0,1664,853,811
metabolites_unannotated,4.48_289.1805m_z,gait_no_room_A,ensemble,1664,853,811,0,1664,853,811
metabolites_unannotated,4.48_299.2225m_z,gait_no_room_A,ensemble,1664,853,811,0,1664,853,811
metabolites_unannotated,4.48_360.0254m_z,gait_no_room_A,ensemble,1664,853,811,0,1664,853,811
metabolites_unannotated,4.48_385.2232m_z,gait_no_room_A,ensemble,1664,853,811,0,1664,853,811
metabolites_unannotated,4.49_335.1495m_z,gait_no_room_A,ensemble,1664,853,811,0,1664,853,811
metabolites_unannotated,4.50_329.2323m_z,gait_no_room_A,ensemble,1664,853,811,0,1664,853,811
metabolites_unannotated,4.50_581.2400m_z,gait_no_room_A,ensemble,1664,853,811,0,1664,853,811
metabolites_unannotated,4.50_583.2564m_z,gait_no_room_A,ensemble,1664,853,811,0,1664,853,811
metabolites_unannotated,4.50_660.3518n,gait_no_room_A,ensemble,1664,853,811,0,1664,853,811
metabolites_unannotated,4.51_307.1910m_z,gait_no_room_A,ensemble,1664,853,811,0,1664,853,811
metabolites_unannotated,4.51_361.2024m_z,gait_no_room_A,ensemble,1664,853,811,0,1664,853,811
metabolites_unannotated,4.51_368.8771m_z,gait_no_room_A,ensemble,1664,853,811,0,1664,853,811
metabolites_unannotated,4.51_370.8753m_z,gait_no_room_A,ensemble,1664,853,811,0,1664,853,811
metabolites_unannotated,4.51_372.8734m_z,gait_no_room_A,ensemble,1664,853,811,0,1664,853,811
metabolites_unannotated,4.52_263.1652m_z,gait_no_room_A,ensemble,1664,853,811,0,1664,853,811
metabolites_unannotated,4.52_591.3536m_z,gait_no_room_A,ensemble,1664,853,811,0,1664,853,811
metabolites_unannotated,4.53_319.2275m_z,gait_no_room_A,ensemble,1664,853,811,0,1664,853,811
metabolites_unannotated,4.53_424.2470m_z,gait_no_room_A,ensemble,1664,853,811,0,1664,853,811
metabolites_unannotated,4.54_429.3004m_z,gait_no_room_A,ensemble,1664,853,811,0,1664,853,811
metabolites_unannotated,4.54_452.2782m_z,gait_no_room_A,ensemble,1664,853,811,0,1664,853,811
metabolites_unannotated,4.54_502.2704m_z,gait_no_room_A,ensemble,1664,853,811,0,1664,853,811
metabolites_unannotated,4.54_512.2996m_z,gait_no_room_A,ensemble,1664,853,811,0,1664,853,811
metabolites_unannotated,4.54_512.4056m_z,gait_no_room_A,ensemble,1664,853,811,0,1664,853,811
metabolites_unannotated,4.54_514.3055m_z,gait_no_room_A,ensemble,1664,853,811,0,1664,853,811
metabolites_unannotated,4.54_526.3152m_z,gait_no_room_A,ensemble,1664,853,811,0,1664,853,811
metabolites_unannotated,4.56_215.1657m_z,gait_no_room_A,ensemble,1664,853,811,0,1664,853,811
metabolites_unannotated,4.56_302.1760m_z,gait_no_room_A,ensemble,1664,853,811,0,1664,853,811
metabolites_unannotated,4.56_399.2392m_z,gait_no_room_A,ensemble,1664,853,811,0,1664,853,811
metabolites_unannotated,4.57_359.2805m_z,gait_no_room_A,ensemble,1664,853,811,0,1664,853,811
metabolites_unannotated,4.57_391.2861m_z,gait_no_room_A,ensemble,1664,853,811,0,1664,853,811
metabolites_unannotated,4.57_437.2913m_z,gait_no_room_A,ensemble,1664,853,811,0,1664,853,811
metabolites_unannotated,4.57_451.3065m_z,gait_no_room_A,ensemble,1664,853,811,0,1664,853,811
metabolites_unannotated,4.58_239.1656m_z,gait_no_room_A,ensemble,1664,853,811,0,1664,853,811
metabolites_unannotated,4.58_239.2384m_z,gait_no_room_A,ensemble,1664,853,811,0,1664,853,811
metabolites_unannotated,4.59_256.1341m_z,gait_no_room_A,ensemble,1664,853,811,0,1664,853,811
metabolites_unannotated,4.59_277.1447m_z,gait_no_room_A,ensemble,1664,853,811,0,1664,853,811
metabolites_unannotated,4.59_321.1348m_z,gait_no_room_A,ensemble,1664,853,811,0,1664,853,811
metabolites_unannotated,4.59_321.2162m_z,gait_no_room_A,ensemble,1664,853,811,0,1664,853,811
metabolites_unannotated,4.59_321.3908m_z,gait_no_room_A,ensemble,1664,853,811,0,1664,853,811
metabolites_unannotated,4.59_323.2235m_z,gait_no_room_A,ensemble,1664,853,811,0,1664,853,811
metabolites_unannotated,4.59_341.2694m_z,gait_no_room_A,ensemble,1664,853,811,0,1664,853,811
metabolites_unannotated,4.59_371.2799m_z,gait_no_room_A,ensemble,1664,853,811,0,1664,853,811
metabolites_unannotated,4.59_562.3154m_z,gait_no_room_A,ensemble,1664,853,811,0,1664,853,811
metabolites_unannotated,4.59_576.3304m_z,gait_no_room_A,ensemble,1664,853,811,0,1664,853,811
metabolites_unannotated,4.60_279.1967m_z,gait_no_room_A,ensemble,1664,853,811,0,1664,853,811
metabolites_unannotated,4.61_329.2329m_z,gait_no_room_A,ensemble,1664,853,811,0,1664,853,811
metabolites_unannotated,4.61_526.2938m_z,gait_no_room_A,ensemble,1664,853,811,0,1664,853,811
metabolites_unannotated,4.61_586.3155m_z,gait_no_room_A,ensemble,1664,853,811,0,1664,853,811
metabolites_unannotated,4.61_600.3310m_z,gait_no_room_A,ensemble,1664,853,811,0,1664,853,811
metabolites_unannotated,4.61_630.3396m_z,gait_no_room_A,ensemble,1664,853,811,0,1664,853,811
metabolites_unannotated,4.62_237.1861m_z,gait_no_room_A,ensemble,1664,853,811,0,1664,853,811
metabolites_unannotated,4.62_269.1757m_z,gait_no_room_A,ensemble,1664,853,811,0,1664,853,811
metabolites_unannotated,4.62_289.1806m_z,gait_no_room_A,ensemble,1664,853,811,0,1664,853,811
metabolites_unannotated,4.62_307.1910m_z,gait_no_room_A,ensemble,1664,853,811,0,1664,853,811
metabolites_unannotated,4.62_378.2421m_z,gait_no_room_A,ensemble,1664,853,811,0,1664,853,811
metabolites_unannotated,4.63_285.2864m_z,gait_no_room_A,ensemble,1664,853,811,0,1664,853,811
metabolites_unannotated,4.63_413.2909m_z,gait_no_room_A,ensemble,1664,853,811,0,1664,853,811
metabolites_unannotated,4.64_165.1284m_z,gait_no_room_A,ensemble,1664,853,811,0,1664,853,811
metabolites_unannotated,4.64_253.1356m_z,gait_no_room_A,ensemble,1664,853,811,0,1664,853,811
metabolites_unannotated,4.64_271.1916m_z,gait_no_room_A,ensemble,1664,853,811,0,1664,853,811
metabolites_unannotated,4.64_289.1475m_z,gait_no_room_A,ensemble,1664,853,811,0,1664,853,811
metabolites_unannotated,4.64_291.1948m_z,gait_no_room_A,ensemble,1664,853,811,0,1664,853,811
metabolites_unannotated,4.64_297.2070m_z,gait_no_room_A,ensemble,1664,853,811,0,1664,853,811
metabolites_unannotated,4.64_309.2071m_z,gait_no_room_A,ensemble,1664,853,811,0,1664,853,811
metabolites_unannotated,4.64_335.1498m_z,gait_no_room_A,ensemble,1664,853,811,0,1664,853,811
metabolites_unannotated,4.64_431.3164m_z,gait_no_room_A,ensemble,1664,853,811,0,1664,853,811
metabolites_unannotated,4.65_343.2848m_z,gait_no_room_A,ensemble,1664,853,811,0,1664,853,811
metabolites_unannotated,4.65_389.2701m_z,gait_no_room_A,ensemble,1664,853,811,0,1664,853,811
metabolites_unannotated,4.66_253.1803m_z,gait_no_room_A,ensemble,1664,853,811,0,1664,853,811
metabolites_unannotated,4.66_333.2068m_z,gait_no_room_A,ensemble,1664,853,811,0,1664,853,811
metabolites_unannotated,4.66_391.2861m_z,gait_no_room_A,ensemble,1664,853,811,0,1664,853,811
metabolites_unannotated,4.66_502.2709m_z,gait_no_room_A,ensemble,1664,853,811,0,1664,853,811
metabolites_unannotated,4.66_512.2998m_z,gait_no_room_A,ensemble,1664,853,811,0,1664,853,811
metabolites_unannotated,4.66_514.3061m_z,gait_no_room_A,ensemble,1664,853,811,0,1664,853,811
metabolites_unannotated,4.66_526.3150m_z,gait_no_room_A,ensemble,1664,853,811,0,1664,853,811
metabolites_unannotated,4.67_452.2785m_z,gait_no_room_A,ensemble,1664,853,811,0,1664,853,811
metabolites_unannotated,4.67_512.4047m_z,gait_no_room_A,ensemble,1664,853,811,0,1664,853,811
metabolites_unannotated,4.68_323.2225m_z,gait_no_room_A,ensemble,1664,853,811,0,1664,853,811
metabolites_unannotated,4.68_337.2377m_z,gait_no_room_A,ensemble,1664,853,811,0,1664,853,811
metabolites_unannotated,4.68_487.3277m_z,gait_no_room_A,ensemble,1664,853,811,0,1664,853,811
metabolites_unannotated,4.69_432.3126m_z,gait_no_room_A,ensemble,1664,853,811,0,1664,853,811
metabolites_unannotated,4.69_526.2940m_z,gait_no_room_A,ensemble,1664,853,811,0,1664,853,811
metabolites_unannotated,4.69_562.3154m_z,gait_no_room_A,ensemble,1664,853,811,0,1664,853,811
metabolites_unannotated,4.69_576.3303m_z,gait_no_room_A,ensemble,1664,853,811,0,1664,853,811
metabolites_unannotated,4.69_600.3309m_z,gait_no_room_A,ensemble,1664,853,811,0,1664,853,811
metabolites_unannotated,4.69_630.3394m_z,gait_no_room_A,ensemble,1664,853,811,0,1664,853,811
metabolites_unannotated,4.71_263.1652m_z,gait_no_room_A,ensemble,1664,853,811,0,1664,853,811
metabolites_unannotated,4.71_283.2271m_z,gait_no_room_A,ensemble,1664,853,811,0,1664,853,811
metabolites_unannotated,4.71_343.2484m_z,gait_no_room_A,ensemble,1664,853,811,0,1664,853,811
metabolites_unannotated,4.71_538.3153m_z,gait_no_room_A,ensemble,1664,853,811,0,1664,853,811
metabolites_unannotated,4.71_552.3305m_z,gait_no_room_A,ensemble,1664,853,811,0,1664,853,811
metabolites_unannotated,4.72_225.1860m_z,gait_no_room_A,ensemble,1664,853,811,0,1664,853,811
metabolites_unannotated,4.72_293.2122m_z,gait_no_room_A,ensemble,1664,853,811,0,1664,853,811
metabolites_unannotated,4.72_307.1550m_z,gait_no_room_A,ensemble,1664,853,811,0,1664,853,811
metabolites_unannotated,4.72_329.2330m_z,gait_no_room_A,ensemble,1664,853,811,0,1664,853,811
metabolites_unannotated,4.72_371.2799m_z,gait_no_room_A,ensemble,1664,853,811,0,1664,853,811
metabolites_unannotated,4.72_373.2024m_z,gait_no_room_A,ensemble,1664,853,811,0,1664,853,811
metabolites_unannotated,4.72_373.2959m_z,gait_no_room_A,ensemble,1664,853,811,0,1664,853,811
metabolites_unannotated,4.74_429.3013m_z,gait_no_room_A,ensemble,1664,853,811,0,1664,853,811
metabolites_unannotated,4.74_479.3373m_z,gait_no_room_A,ensemble,1664,853,811,0,1664,853,811
metabolites_unannotated,4.75_239.1656m_z,gait_no_room_A,ensemble,1664,853,811,0,1664,853,811
metabolites_unannotated,4.75_399.2393m_z,gait_no_room_A,ensemble,1664,853,811,0,1664,853,811
metabolites_unannotated,4.75_562.3154m_z,gait_no_room_A,ensemble,1664,853,811,0,1664,853,811
metabolites_unannotated,4.75_576.3309m_z,gait_no_room_A,ensemble,1664,853,811,0,1664,853,811
metabolites_unannotated,4.76_380.2573m_z,gait_no_room_A,ensemble,1664,853,811,0,1664,853,811
metabolites_unannotated,4.77_431.3170m_z,gait_no_room_A,ensemble,1664,853,811,0,1664,853,811
metabolites_unannotated,4.79_271.1912m_z,gait_no_room_A,ensemble,1664,853,811,0,1664,853,811
metabolites_unannotated,4.81_343.2849m_z,gait_no_room_A,ensemble,1664,853,811,0,1664,853,811
metabolites_unannotated,4.82_538.3155m_z,gait_no_room_A,ensemble,1664,853,811,0,1664,853,811
metabolites_unannotated,4.82_552.3308m_z,gait_no_room_A,ensemble,1664,853,811,0,1664,853,811
metabolites_unannotated,4.83_367.2488m_z,gait_no_room_A,ensemble,1664,853,811,0,1664,853,811
metabolites_unannotated,4.83_543.3437m_z,gait_no_room_A,ensemble,1664,853,811,0,1664,853,811
metabolites_unannotated,4.85_346.9203m_z,gait_no_room_A,ensemble,1664,853,811,0,1664,853,811
metabolites_unannotated,4.85_526.2843m_z,gait_no_room_A,ensemble,1664,853,811,0,1664,853,811
metabolites_unannotated,4.85_526.3152m_z,gait_no_room_A,ensemble,1664,853,811,0,1664,853,811
metabolites_unannotated,4.87_253.1810m_z,gait_no_room_A,ensemble,1664,853,811,0,1664,853,811
metabolites_unannotated,4.87_335.2224m_z,gait_no_room_A,ensemble,1664,853,811,0,1664,853,811
metabolites_unannotated,4.87_357.3007m_z,gait_no_room_A,ensemble,1664,853,811,0,1664,853,811
metabolites_unannotated,4.87_612.3309m_z,gait_no_room_A,ensemble,1664,853,811,0,1664,853,811
metabolites_unannotated,4.87_612.4463m_z,gait_no_room_A,ensemble,1664,853,811,0,1664,853,811
metabolites_unannotated,4.87_626.3464m_z,gait_no_room_A,ensemble,1664,853,811,0,1664,853,811
metabolites_unannotated,4.88_333.2052m_z,gait_no_room_A,ensemble,1664,853,811,0,1664,853,811
metabolites_unannotated,4.89_341.2693m_z,gait_no_room_A,ensemble,1664,853,811,0,1664,853,811
metabolites_unannotated,4.89_476.7094m_z,gait_no_room_A,ensemble,1664,853,811,0,1664,853,811
metabolites_unannotated,4.89_477.7167m_z,gait_no_room_A,ensemble,1664,853,811,0,1664,853,811
metabolites_unannotated,4.89_500.2785m_z,gait_no_room_A,ensemble,1664,853,811,0,1664,853,811
metabolites_unannotated,4.90_293.2120m_z,gait_no_room_A,ensemble,1664,853,811,0,1664,853,811
metabolites_unannotated,4.90_343.2854m_z,gait_no_room_A,ensemble,1664,853,811,0,1664,853,811
metabolites_unannotated,4.90_528.3091m_z,gait_no_room_A,ensemble,1664,853,811,0,1664,853,811
metabolites_unannotated,4.90_602.3465m_z,gait_no_room_A,ensemble,1664,853,811,0,1664,853,811
metabolites_unannotated,4.91_337.2382m_z,gait_no_room_A,ensemble,1664,853,811,0,1664,853,811
metabolites_unannotated,4.91_504.3095m_z,gait_no_room_A,ensemble,1664,853,811,0,1664,853,811
metabolites_unannotated,4.91_554.3022m_z,gait_no_room_A,ensemble,1664,853,811,0,1664,853,811
metabolites_unannotated,4.91_564.4412m_z,gait_no_room_A,ensemble,1664,853,811,0,1664,853,811
metabolites_unannotated,4.91_578.3465m_z,gait_no_room_A,ensemble,1664,853,811,0,1664,853,811
metabolites_unannotated,4.91_588.3307m_z,gait_no_room_A,ensemble,1664,853,811,0,1664,853,811
metabolites_unannotated,4.91_608.3561m_z,gait_no_room_A,ensemble,1664,853,811,0,1664,853,811
metabolites_unannotated,4.93_241.1815m_z,gait_no_room_A,ensemble,1664,853,811,0,1664,853,811
metabolites_unannotated,4.93_343.2285m_z,gait_no_room_A,ensemble,1664,853,811,0,1664,853,811
metabolites_unannotated,4.93_526.2848m_z,gait_no_room_A,ensemble,1664,853,811,0,1664,853,811
metabolites_unannotated,4.94_457.3173m_z,gait_no_room_A,ensemble,1664,853,811,0,1664,853,811
metabolites_unannotated,4.95_552.3097m_z,gait_no_room_A,ensemble,1664,853,811,0,1664,853,811
metabolites_unannotated,4.95_612.4456m_z,gait_no_room_A,ensemble,1664,853,811,0,1664,853,811
metabolites_unannotated,4.95_626.3464m_z,gait_no_room_A,ensemble,1664,853,811,0,1664,853,811
metabolites_unannotated,4.96_373.2023m_z,gait_no_room_A,ensemble,1664,853,811,0,1664,853,811
metabolites_unannotated,4.96_526.3152m_z,gait_no_room_A,ensemble,1664,853,811,0,1664,853,811
metabolites_unannotated,4.97_307.1582m_z,gait_no_room_A,ensemble,1664,853,811,0,1664,853,811
metabolites_unannotated,4.97_315.1635m_z,gait_no_room_A,ensemble,1664,853,811,0,1664,853,811
metabolites_unannotated,4.98_262.8399m_z,gait_no_room_A,ensemble,1664,853,811,0,1664,853,811
metabolites_unannotated,4.98_337.2386m_z,gait_no_room_A,ensemble,1664,853,811,0,1664,853,811
metabolites_unannotated,4.98_528.3099m_z,gait_no_room_A,ensemble,1664,853,811,0,1664,853,811
metabolites_unannotated,4.98_588.3307m_z,gait_no_room_A,ensemble,1664,853,811,0,1664,853,811
metabolites_unannotated,4.99_371.2803m_z,gait_no_room_A,ensemble,1664,853,811,0,1664,853,811
metabolites_unannotated,4.99_476.7094m_z,gait_no_room_A,ensemble,1664,853,811,0,1664,853,811
metabolites_unannotated,4.99_477.7168m_z,gait_no_room_A,ensemble,1664,853,811,0,1664,853,811
metabolites_unannotated,4.99_526.2937m_z,gait_no_room_A,ensemble,1664,853,811,0,1664,853,811
metabolites_unannotated,5.01_343.2278m_z,gait_no_room_A,ensemble,1664,853,811,0,1664,853,811
metabolites_unannotated,5.01_453.3218m_z,gait_no_room_A,ensemble,1664,853,811,0,1664,853,811
metabolites_unannotated,5.02_295.2279m_z,gait_no_room_A,ensemble,1664,853,811,0,1664,853,811
metabolites_unannotated,5.02_341.2697m_z,gait_no_room_A,ensemble,1664,853,811,0,1664,853,811
metabolites_unannotated,5.02_349.2379m_z,gait_no_room_A,ensemble,1664,853,811,0,1664,853,811
metabolites_unannotated,5.02_554.3021m_z,gait_no_room_A,ensemble,1664,853,811,0,1664,853,811
metabolites_unannotated,5.02_564.4412m_z,gait_no_room_A,ensemble,1664,853,811,0,1664,853,811
metabolites_unannotated,5.02_578.3465m_z,gait_no_room_A,ensemble,1664,853,811,0,1664,853,811
metabolites_unannotated,5.02_608.3563m_z,gait_no_room_A,ensemble,1664,853,811,0,1664,853,811
metabolites_unannotated,5.03_385.2957m_z,gait_no_room_A,ensemble,1664,853,811,0,1664,853,811
metabolites_unannotated,5.05_367.2484m_z,gait_no_room_A,ensemble,1664,853,811,0,1664,853,811
metabolites_unannotated,5.08_343.2850m_z,gait_no_room_A,ensemble,1664,853,811,0,1664,853,811
metabolites_unannotated,5.08_357.3007m_z,gait_no_room_A,ensemble,1664,853,811,0,1664,853,811
metabolites_unannotated,5.08_526.2940m_z,gait_no_room_A,ensemble,1664,853,811,0,1664,853,811
metabolites_unannotated,5.09_337.2382m_z,gait_no_room_A,ensemble,1664,853,811,0,1664,853,811
metabolites_unannotated,5.09_453.3222m_z,gait_no_room_A,ensemble,1664,853,811,0,1664,853,811
metabolites_unannotated,5.09_502.2937m_z,gait_no_room_A,ensemble,1664,853,811,0,1664,853,811
metabolites_unannotated,5.10_293.2122m_z,gait_no_room_A,ensemble,1664,853,811,0,1664,853,811
metabolites_unannotated,5.11_263.2014m_z,gait_no_room_A,ensemble,1664,853,811,0,1664,853,811
metabolites_unannotated,5.11_321.2431m_z,gait_no_room_A,ensemble,1664,853,811,0,1664,853,811
metabolites_unannotated,5.11_552.3308m_z,gait_no_room_A,ensemble,1664,853,811,0,1664,853,811
metabolites_unannotated,5.11_590.3465m_z,gait_no_room_A,ensemble,1664,853,811,0,1664,853,811
metabolites_unannotated,5.11_604.3618m_z,gait_no_room_A,ensemble,1664,853,811,0,1664,853,811
metabolites_unannotated,5.13_343.2280m_z,gait_no_room_A,ensemble,1664,853,811,0,1664,853,811
metabolites_unannotated,5.14_480.3097m_z,gait_no_room_A,ensemble,1664,853,811,0,1664,853,811
metabolites_unannotated,5.14_540.3312m_z,gait_no_room_A,ensemble,1664,853,811,0,1664,853,811
metabolites_unannotated,5.14_554.3465m_z,gait_no_room_A,ensemble,1664,853,811,0,1664,853,811
metabolites_unannotated,5.16_335.2221m_z,gait_no_room_A,ensemble,1664,853,811,0,1664,853,811
metabolites_unannotated,5.17_349.2380m_z,gait_no_room_A,ensemble,1664,853,811,0,1664,853,811
metabolites_unannotated,5.18_361.2743m_z,gait_no_room_A,ensemble,1664,853,811,0,1664,853,811
metabolites_unannotated,5.19_385.2959m_z,gait_no_room_A,ensemble,1664,853,811,0,1664,853,811
metabolites_unannotated,5.21_319.2280m_z,gait_no_room_A,ensemble,1664,853,811,0,1664,853,811
metabolites_unannotated,5.21_590.3467m_z,gait_no_room_A,ensemble,1664,853,811,0,1664,853,811
metabolites_unannotated,5.21_604.3621m_z,gait_no_room_A,ensemble,1664,853,811,0,1664,853,811
metabolites_unannotated,5.22_243.1970m_z,gait_no_room_A,ensemble,1664,853,811,0,1664,853,811
metabolites_unannotated,5.22_293.2120m_z,gait_no_room_A,ensemble,1664,853,811,0,1664,853,811
metabolites_unannotated,5.22_363.2537m_z,gait_no_room_A,ensemble,1664,853,811,0,1664,853,811
metabolites_unannotated,5.24_526.2941m_z,gait_no_room_A,ensemble,1664,853,811,0,1664,853,811
metabolites_unannotated,5.25_277.1446m_z,gait_no_room_A,ensemble,1664,853,811,0,1664,853,811
metabolites_unannotated,5.25_347.2229m_z,gait_no_room_A,ensemble,1664,853,811,0,1664,853,811
metabolites_unannotated,5.26_480.3084m_z,gait_no_room_A,ensemble,1664,853,811,0,1664,853,811
metabolites_unannotated,5.26_540.3310m_z,gait_no_room_A,ensemble,1664,853,811,0,1664,853,811
metabolites_unannotated,5.26_554.3465m_z,gait_no_room_A,ensemble,1664,853,811,0,1664,853,811
metabolites_unannotated,5.27_317.2119m_z,gait_no_room_A,ensemble,1664,853,811,0,1664,853,811
metabolites_unannotated,5.27_437.3267m_z,gait_no_room_A,ensemble,1664,853,811,0,1664,853,811
metabolites_unannotated,5.28_287.2227m_z,gait_no_room_A,ensemble,1664,853,811,0,1664,853,811
metabolites_unannotated,5.29_566.3466m_z,gait_no_room_A,ensemble,1664,853,811,0,1664,853,811
metabolites_unannotated,5.29_580.3608m_z,gait_no_room_A,ensemble,1664,853,811,0,1664,853,811
metabolites_unannotated,5.30_295.2277m_z,gait_no_room_A,ensemble,1664,853,811,0,1664,853,811
metabolites_unannotated,5.30_363.2542m_z,gait_no_room_A,ensemble,1664,853,811,0,1664,853,811
metabolites_unannotated,5.30_528.3090m_z,gait_no_room_A,ensemble,1664,853,811,0,1664,853,811
metabolites_unannotated,5.31_223.1708m_z,gait_no_room_A,ensemble,1664,853,811,0,1664,853,811
metabolites_unannotated,5.32_321.2425m_z,gait_no_room_A,ensemble,1664,853,811,0,1664,853,811
metabolites_unannotated,5.33_339.2540m_z,gait_no_room_A,ensemble,1664,853,811,0,1664,853,811
metabolites_unannotated,5.34_293.2121m_z,gait_no_room_A,ensemble,1664,853,811,0,1664,853,811
metabolites_unannotated,5.35_385.2600m_z,gait_no_room_A,ensemble,1664,853,811,0,1664,853,811
metabolites_unannotated,5.36_284.2232m_z,gait_no_room_A,ensemble,1664,853,811,0,1664,853,811
metabolites_unannotated,5.37_291.1602m_z,gait_no_room_A,ensemble,1664,853,811,0,1664,853,811
metabolites_unannotated,5.38_339.2541m_z,gait_no_room_A,ensemble,1664,853,811,0,1664,853,811
metabolites_unannotated,5.38_349.2380m_z,gait_no_room_A,ensemble,1664,853,811,0,1664,853,811
metabolites_unannotated,5.38_528.3092m_z,gait_no_room_A,ensemble,1664,853,811,0,1664,853,811
metabolites_unannotated,5.38_566.3466m_z,gait_no_room_A,ensemble,1664,853,811,0,1664,853,811
metabolites_unannotated,5.38_580.3622m_z,gait_no_room_A,ensemble,1664,853,811,0,1664,853,811
metabolites_unannotated,5.39_363.2538m_z,gait_no_room_A,ensemble,1664,853,811,0,1664,853,811
metabolites_unannotated,5.40_250.1456m_z,gait_no_room_A,ensemble,1664,853,811,0,1664,853,811
metabolites_unannotated,5.40_465.2860m_z,gait_no_room_A,ensemble,1664,853,811,0,1664,853,811
metabolites_unannotated,5.41_524.3360m_z,gait_no_room_A,ensemble,1664,853,811,0,1664,853,811
metabolites_unannotated,5.42_317.2123m_z,gait_no_room_A,ensemble,1664,853,811,0,1664,853,811
metabolites_unannotated,5.42_329.2334m_z,gait_no_room_A,ensemble,1664,853,811,0,1664,853,811
metabolites_unannotated,5.42_365.2700m_z,gait_no_room_A,ensemble,1664,853,811,0,1664,853,811
metabolites_unannotated,5.43_239.1657m_z,gait_no_room_A,ensemble,1664,853,811,0,1664,853,811
metabolites_unannotated,5.44_345.2074m_z,gait_no_room_A,ensemble,1664,853,811,0,1664,853,811
metabolites_unannotated,5.46_321.2415m_z,gait_no_room_A,ensemble,1664,853,811,0,1664,853,811
metabolites_unannotated,5.46_489.3586m_z,gait_no_room_A,ensemble,1664,853,811,0,1664,853,811
metabolites_unannotated,5.50_365.2700m_z,gait_no_room_A,ensemble,1664,853,811,0,1664,853,811
metabolites_unannotated,5.50_435.3116m_z,gait_no_room_A,ensemble,1664,853,811,0,1664,853,811
metabolites_unannotated,5.51_287.2228m_z,gait_no_room_A,ensemble,1664,853,811,0,1664,853,811
metabolites_unannotated,5.51_437.3267m_z,gait_no_room_A,ensemble,1664,853,811,0,1664,853,811
metabolites_unannotated,5.54_295.2279m_z,gait_no_room_A,ensemble,1664,853,811,0,1664,853,811
metabolites_unannotated,5.54_299.2589m_z,gait_no_room_A,ensemble,1664,853,811,0,1664,853,811
metabolites_unannotated,5.54_554.3469m_z,gait_no_room_A,ensemble,1664,853,811,0,1664,853,811
metabolites_unannotated,5.54_568.3619m_z,gait_no_room_A,ensemble,1664,853,811,0,1664,853,811
metabolites_unannotated,5.56_249.1863m_z,gait_no_room_A,ensemble,1664,853,811,0,1664,853,811
metabolites_unannotated,5.56_293.2119m_z,gait_no_room_A,ensemble,1664,853,811,0,1664,853,811
metabolites_unannotated,5.59_299.2589m_z,gait_no_room_A,ensemble,1664,853,811,0,1664,853,811
metabolites_unannotated,5.60_327.0602m_z,gait_no_room_A,ensemble,1664,853,811,0,1664,853,811
metabolites_unannotated,5.60_329.0583m_z,gait_no_room_A,ensemble,1664,853,811,0,1664,853,811
metabolites_unannotated,5.61_345.2435m_z,gait_no_room_A,ensemble,1664,853,811,0,1664,853,811
metabolites_unannotated,5.64_365.2700m_z,gait_no_room_A,ensemble,1664,853,811,0,1664,853,811
metabolites_unannotated,5.67_407.2806m_z,gait_no_room_A,ensemble,1664,853,811,0,1664,853,811
metabolites_unannotated,5.69_480.3095m_z,gait_no_room_A,ensemble,1664,853,811,0,1664,853,811
metabolites_unannotated,5.69_568.3623m_z,gait_no_room_A,ensemble,1664,853,811,0,1664,853,811
metabolites_unannotated,5.70_295.2278m_z,gait_no_room_A,ensemble,1664,853,811,0,1664,853,811
metabolites_unannotated,5.71_257.2125m_z,gait_no_room_A,ensemble,1664,853,811,0,1664,853,811
metabolites_unannotated,5.72_321.2430m_z,gait_no_room_A,ensemble,1664,853,811,0,1664,853,811
metabolites_unannotated,5.76_287.2227m_z,gait_no_room_A,ensemble,1664,853,811,0,1664,853,811
metabolites_unannotated,5.78_391.2859m_z,gait_no_room_A,ensemble,1664,853,811,0,1664,853,811
metabolites_unannotated,5.79_407.2804m_z,gait_no_room_A,ensemble,1664,853,811,0,1664,853,811
metabolites_unannotated,5.80_568.3624m_z,gait_no_room_A,ensemble,1664,853,811,0,1664,853,811
metabolites_unannotated,5.81_321.2426m_z,gait_no_room_A,ensemble,1664,853,811,0,1664,853,811
metabolites_unannotated,5.83_465.3581m_z,gait_no_room_A,ensemble,1664,853,811,0,1664,853,811
metabolites_unannotated,5.88_391.2860m_z,gait_no_room_A,ensemble,1664,853,811,0,1664,853,811
metabolites_unannotated,5.95_391.2859m_z,gait_no_room_A,ensemble,1664,853,811,0,1664,853,811
metabolites_unannotated,9.31_435.2515m_z,gait_no_room_A,ensemble,1664,853,811,0,1664,853,811
metabolites_unannotated,9.32_433.2356m_z,gait_no_room_A,ensemble,1664,853,811,0,1664,853,811
metabolites_unannotated,9.32_747.5659m_z,gait_no_room_A,ensemble,1664,853,811,0,1664,853,811
metabolites_unannotated,9.32_826.5609m_z,gait_no_room_A,ensemble,1664,853,811,0,1664,853,811
metabolites_unannotated,9.32_852.5749m_z,gait_no_room_A,ensemble,1664,853,811,0,1664,853,811
metabolites_unannotated,9.33_437.2675m_z,gait_no_room_A,ensemble,1664,853,811,0,1664,853,811
metabolites_unannotated,9.33_457.2359m_z,gait_no_room_A,ensemble,1664,853,811,0,1664,853,811
metabolites_unannotated,9.33_568.3611m_z,gait_no_room_A,ensemble,1664,853,811,0,1664,853,811
microbiome,Rep_1042,gait_no_room_A,ensemble,2702,1316,1386,0,2702,1316,1386
microbiome,Rep_1094,gait_no_room_A,ensemble,2702,1316,1386,0,2702,1316,1386
microbiome,Rep_1116,gait_no_room_A,ensemble,2702,1316,1386,0,2702,1316,1386
microbiome,Rep_1119,gait_no_room_A,ensemble,2702,1316,1386,0,2702,1316,1386
microbiome,Rep_1120,gait_no_room_A,ensemble,2702,1316,1386,0,2702,1316,1386
microbiome,Rep_1207,gait_no_room_A,ensemble,2702,1316,1386,0,2702,1316,1386
microbiome,Rep_1208,gait_no_room_A,ensemble,2702,1316,1386,0,2702,1316,1386
microbiome,Rep_1228,gait_no_room_A,ensemble,2702,1316,1386,0,2702,1316,1386
microbiome,Rep_1229,gait_no_room_A,ensemble,2702,1316,1386,0,2702,1316,1386
microbiome,Rep_1237,gait_no_room_A,ensemble,2702,1316,1386,0,2702,1316,1386
microbiome,Rep_1240,gait_no_room_A,ensemble,2702,1316,1386,0,2702,1316,1386
microbiome,Rep_1250,gait_no_room_A,ensemble,2702,1316,1386,0,2702,1316,1386
microbiome,Rep_1256,gait_no_room_A,ensemble,2702,1316,1386,0,2702,1316,1386
microbiome,Rep_1271,gait_no_room_A,ensemble,2702,1316,1386,0,2702,1316,1386
microbiome,Rep_1379,gait_no_room_A,ensemble,2702,1316,1386,0,2702,1316,1386
microbiome,Rep_1384,gait_no_room_A,ensemble,2702,1316,1386,0,2702,1316,1386
microbiome,Rep_1397,gait_no_room_A,ensemble,2702,1316,1386,0,2702,1316,1386
microbiome,Rep_1403,gait_no_room_A,ensemble,2702,1316,1386,0,2702,1316,1386
microbiome,Rep_1443,gait_no_room_A,ensemble,2702,1316,1386,0,2702,1316,1386
microbiome,Rep_1448,gait_no_room_A,ensemble,2702,1316,1386,0,2702,1316,1386
microbiome,Rep_1453,gait_no_room_A,ensemble,2702,1316,1386,0,2702,1316,1386
microbiome,Rep_1454,gait_no_room_A,ensemble,2702,1316,1386,0,2702,1316,1386
microbiome,Rep_1455,gait_no_room_A,ensemble,2702,1316,1386,0,2702,1316,1386
microbiome,Rep_1461,gait_no_room_A,ensemble,2702,1316,1386,0,2702,1316,1386
microbiome,Rep_1464,gait_no_room_A,ensemble,2702,1316,1386,0,2702,1316,1386
microbiome,Rep_1468,gait_no_room_A,ensemble,2702,1316,1386,0,2702,1316,1386
microbiome,Rep_1482,gait_no_room_A,ensemble,2702,1316,1386,0,2702,1316,1386
microbiome,Rep_1496,gait_no_room_A,ensemble,2702,1316,1386,0,2702,1316,1386
microbiome,Rep_1501,gait_no_room_A,ensemble,2702,1316,1386,0,2702,1316,1386
microbiome,Rep_1507,gait_no_room_A,ensemble,2702,1316,1386,0,2702,1316,1386
microbiome,Rep_1509,gait_no_room_A,ensemble,2702,1316,1386,0,2702,1316,1386
microbiome,Rep_1510,gait_no_room_A,ensemble,2702,1316,1386,0,2702,1316,1386
microbiome,Rep_1511,gait_no_room_A,ensemble,2702,1316,1386,0,2702,1316,1386
microbiome,Rep_1516,gait_no_room_A,ensemble,2702,1316,1386,0,2702,1316,1386
microbiome,Rep_1517,gait_no_room_A,ensemble,2702,1316,1386,0,2702,1316,1386
microbiome,Rep_1523,gait_no_room_A,ensemble,2702,1316,1386,0,2702,1316,1386
microbiome,Rep_1549,gait_no_room_A,ensemble,2702,1316,1386,0,2702,1316,1386
microbiome,Rep_1551,gait_no_room_A,ensemble,2702,1316,1386,0,2702,1316,1386
microbiome,Rep_1555,gait_no_room_A,ensemble,2702,1316,1386,0,2702,1316,1386
microbiome,Rep_1579,gait_no_room_A,ensemble,2702,1316,1386,0,2702,1316,1386
microbiome,Rep_1582,gait_no_room_A,ensemble,2702,1316,1386,0,2702,1316,1386
microbiome,Rep_1596,gait_no_room_A,ensemble,2702,1316,1386,0,2702,1316,1386
microbiome,Rep_1597,gait_no_room_A,ensemble,2702,1316,1386,0,2702,1316,1386
microbiome,Rep_1600,gait_no_room_A,ensemble,2702,1316,1386,0,2702,1316,1386
microbiome,Rep_1642,gait_no_room_A,ensemble,2702,1316,1386,0,2702,1316,1386
microbiome,Rep_1643,gait_no_room_A,ensemble,2702,1316,1386,0,2702,1316,1386
microbiome,Rep_1675,gait_no_room_A,ensemble,2702,1316,1386,0,2702,1316,1386
microbiome,Rep_1676,gait_no_room_A,ensemble,2702,1316,1386,0,2702,1316,1386
microbiome,Rep_1689,gait_no_room_A,ensemble,2702,1316,1386,0,2702,1316,1386
microbiome,Rep_1692,gait_no_room_A,ensemble,2702,1316,1386,0,2702,1316,1386
microbiome,Rep_1693,gait_no_room_A,ensemble,2702,1316,1386,0,2702,1316,1386
microbiome,Rep_1697,gait_no_room_A,ensemble,2702,1316,1386,0,2702,1316,1386
microbiome,Rep_1723,gait_no_room_A,ensemble,2702,1316,1386,0,2702,1316,1386
microbiome,Rep_1797,gait_no_room_A,ensemble,2702,1316,1386,0,2702,1316,1386
microbiome,Rep_1819,gait_no_room_A,ensemble,2702,1316,1386,0,2702,1316,1386
microbiome,Rep_1826,gait_no_room_A,ensemble,2702,1316,1386,0,2702,1316,1386
microbiome,Rep_1836,gait_no_room_A,ensemble,2702,1316,1386,0,2702,1316,1386
microbiome,Rep_1845,gait_no_room_A,ensemble,2702,1316,1386,0,2702,1316,1386
microbiome,Rep_1858,gait_no_room_A,ensemble,2702,1316,1386,0,2702,1316,1386
microbiome,Rep_1860,gait_no_room_A,ensemble,2702,1316,1386,0,2702,1316,1386
microbiome,Rep_1861,gait_no_room_A,ensemble,2702,1316,1386,0,2702,1316,1386
microbiome,Rep_1867,gait_no_room_A,ensemble,2702,1316,1386,0,2702,1316,1386
microbiome,Rep_1873,gait_no_room_A,ensemble,2702,1316,1386,0,2702,1316,1386
microbiome,Rep_1875,gait_no_room_A,ensemble,2702,1316,1386,0,2702,1316,1386
microbiome,Rep_1910,gait_no_room_A,ensemble,2702,1316,1386,0,2702,1316,1386
microbiome,Rep_1919,gait_no_room_A,ensemble,2702,1316,1386,0,2702,1316,1386
microbiome,Rep_1920,gait_no_room_A,ensemble,2702,1316,1386,0,2702,1316,1386
microbiome,Rep_1953,gait_no_room_A,ensemble,2702,1316,1386,0,2702,1316,1386
microbiome,Rep_1959,gait_no_room_A,ensemble,2702,1316,1386,0,2702,1316,1386
microbiome,Rep_1975,gait_no_room_A,ensemble,2702,1316,1386,0,2702,1316,1386
microbiome,Rep_1977,gait_no_room_A,ensemble,2702,1316,1386,0,2702,1316,1386
microbiome,Rep_1983,gait_no_room_A,ensemble,2702,1316,1386,0,2702,1316,1386
microbiome,Rep_1984,gait_no_room_A,ensemble,2702,1316,1386,0,2702,1316,1386
microbiome,Rep_1986,gait_no_room_A,ensemble,2702,1316,1386,0,2702,1316,1386
microbiome,Rep_2000,gait_no_room_A,ensemble,2702,1316,1386,0,2702,1316,1386
microbiome,Rep_2002,gait_no_room_A,ensemble,2702,1316,1386,0,2702,1316,1386
microbiome,Rep_2036,gait_no_room_A,ensemble,2702,1316,1386,0,2702,1316,1386
microbiome,Rep_2056,gait_no_room_A,ensemble,2702,1316,1386,0,2702,1316,1386
microbiome,Rep_2073,gait_no_room_A,ensemble,2702,1316,1386,0,2702,1316,1386
microbiome,Rep_2074,gait_no_room_A,ensemble,2702,1316,1386,0,2702,1316,1386
microbiome,Rep_2075,gait_no_room_A,ensemble,2702,1316,1386,0,2702,1316,1386
microbiome,Rep_2076,gait_no_room_A,ensemble,2702,1316,1386,0,2702,1316,1386
microbiome,Rep_2077,gait_no_room_A,ensemble,2702,1316,1386,0,2702,1316,1386
microbiome,Rep_2080,gait_no_room_A,ensemble,2702,1316,1386,0,2702,1316,1386
microbiome,Rep_2081,gait_no_room_A,ensemble,2702,1316,1386,0,2702,1316,1386
microbiome,Rep_2083,gait_no_room_A,ensemble,2702,1316,1386,0,2702,1316,1386
microbiome,Rep_2084,gait_no_room_A,ensemble,2702,1316,1386,0,2702,1316,1386
microbiome,Rep_2085,gait_no_room_A,ensemble,2702,1316,1386,0,2702,1316,1386
microbiome,Rep_2088,gait_no_room_A,ensemble,2702,1316,1386,0,2702,1316,1386
microbiome,Rep_2101,gait_no_room_A,ensemble,2702,1316,1386,0,2702,1316,1386
microbiome,Rep_2102,gait_no_room_A,ensemble,2702,1316,1386,0,2702,1316,1386
microbiome,Rep_2109,gait_no_room_A,ensemble,2702,1316,1386,0,2702,1316,1386
microbiome,Rep_2112,gait_no_room_A,ensemble,2702,1316,1386,0,2702,1316,1386
microbiome,Rep_2133,gait_no_room_A,ensemble,2702,1316,1386,0,2702,1316,1386
microbiome,Rep_2134,gait_no_room_A,ensemble,2702,1316,1386,0,2702,1316,1386
microbiome,Rep_2148,gait_no_room_A,ensemble,2702,1316,1386,0,2702,1316,1386
microbiome,Rep_2157,gait_no_room_A,ensemble,2702,1316,1386,0,2702,1316,1386
microbiome,Rep_2158,gait_no_room_A,ensemble,2702,1316,1386,0,2702,1316,1386
microbiome,Rep_2160,gait_no_room_A,ensemble,2702,1316,1386,0,2702,1316,1386
microbiome,Rep_2163,gait_no_room_A,ensemble,2702,1316,1386,0,2702,1316,1386
microbiome,Rep_2166,gait_no_room_A,ensemble,2702,1316,1386,0,2702,1316,1386
microbiome,Rep_2170,gait_no_room_A,ensemble,2702,1316,1386,0,2702,1316,1386
microbiome,Rep_2174,gait_no_room_A,ensemble,2702,1316,1386,0,2702,1316,1386
microbiome,Rep_2176,gait_no_room_A,ensemble,2702,1316,1386,0,2702,1316,1386
microbiome,Rep_2177,gait_no_room_A,ensemble,2702,1316,1386,0,2702,1316,1386
microbiome,Rep_2180,gait_no_room_A,ensemble,2702,1316,1386,0,2702,1316,1386
microbiome,Rep_2183,gait_no_room_A,ensemble,2702,1316,1386,0,2702,1316,1386
microbiome,Rep_2184,gait_no_room_A,ensemble,2702,1316,1386,0,2702,1316,1386
microbiome,Rep_2185,gait_no_room_A,ensemble,2702,1316,1386,0,2702,1316,1386
microbiome,Rep_2187,gait_no_room_A,ensemble,2702,1316,1386,0,2702,1316,1386
microbiome,Rep_2188,gait_no_room_A,ensemble,2702,1316,1386,0,2702,1316,1386
microbiome,Rep_2192,gait_no_room_A,ensemble,2702,1316,1386,0,2702,1316,1386
microbiome,Rep_2196,gait_no_room_A,ensemble,2702,1316,1386,0,2702,1316,1386
microbiome,Rep_2207,gait_no_room_A,ensemble,2702,1316,1386,0,2702,1316,1386
microbiome,Rep_2208,gait_no_room_A,ensemble,2702,1316,1386,0,2702,1316,1386
microbiome,Rep_2211,gait_no_room_A,ensemble,2702,1316,1386,0,2702,1316,1386
microbiome,Rep_2213,gait_no_room_A,ensemble,2702,1316,1386,0,2702,1316,1386
microbiome,Rep_2216,gait_no_room_A,ensemble,2702,1316,1386,0,2702,1316,1386
microbiome,Rep_2217,gait_no_room_A,ensemble,2702,1316,1386,0,2702,1316,1386
microbiome,Rep_2219,gait_no_room_A,ensemble,2702,1316,1386,0,2702,1316,1386
microbiome,Rep_2220,gait_no_room_A,ensemble,2702,1316,1386,0,2702,1316,1386
microbiome,Rep_2225,gait_no_room_A,ensemble,2702,1316,1386,0,2702,1316,1386
microbiome,Rep_2226,gait_no_room_A,ensemble,2702,1316,1386,0,2702,1316,1386
microbiome,Rep_2230,gait_no_room_A,ensemble,2702,1316,1386,0,2702,1316,1386
microbiome,Rep_2231,gait_no_room_A,ensemble,2702,1316,1386,0,2702,1316,1386
microbiome,Rep_2232,gait_no_room_A,ensemble,2702,1316,1386,0,2702,1316,1386
microbiome,Rep_2233,gait_no_room_A,ensemble,2702,1316,1386,0,2702,1316,1386
microbiome,Rep_2236,gait_no_room_A,ensemble,2702,1316,1386,0,2702,1316,1386
microbiome,Rep_2237,gait_no_room_A,ensemble,2702,1316,1386,0,2702,1316,1386
microbiome,Rep_2238,gait_no_room_A,ensemble,2702,1316,1386,0,2702,1316,1386
microbiome,Rep_2239,gait_no_room_A,ensemble,2702,1316,1386,0,2702,1316,1386
microbiome,Rep_2240,gait_no_room_A,ensemble,2702,1316,1386,0,2702,1316,1386
microbiome,Rep_2241,gait_no_room_A,ensemble,2702,1316,1386,0,2702,1316,1386
microbiome,Rep_2247,gait_no_room_A,ensemble,2702,1316,1386,0,2702,1316,1386
microbiome,Rep_2249,gait_no_room_A,ensemble,2702,1316,1386,0,2702,1316,1386
microbiome,Rep_2253,gait_no_room_A,ensemble,2702,1316,1386,0,2702,1316,1386
microbiome,Rep_2254,gait_no_room_A,ensemble,2702,1316,1386,0,2702,1316,1386
microbiome,Rep_2255,gait_no_room_A,ensemble,2702,1316,1386,0,2702,1316,1386
microbiome,Rep_2256,gait_no_room_A,ensemble,2702,1316,1386,0,2702,1316,1386
microbiome,Rep_2257,gait_no_room_A,ensemble,2702,1316,1386,0,2702,1316,1386
microbiome,Rep_2259,gait_no_room_A,ensemble,2702,1316,1386,0,2702,1316,1386
microbiome,Rep_226,gait_no_room_A,ensemble,2702,1316,1386,0,2702,1316,1386
microbiome,Rep_2261,gait_no_room_A,ensemble,2702,1316,1386,0,2702,1316,1386
microbiome,Rep_2264,gait_no_room_A,ensemble,2702,1316,1386,0,2702,1316,1386
microbiome,Rep_2276,gait_no_room_A,ensemble,2702,1316,1386,0,2702,1316,1386
microbiome,Rep_2280,gait_no_room_A,ensemble,2702,1316,1386,0,2702,1316,1386
microbiome,Rep_2281,gait_no_room_A,ensemble,2702,1316,1386,0,2702,1316,1386
microbiome,Rep_2282,gait_no_room_A,ensemble,2702,1316,1386,0,2702,1316,1386
microbiome,Rep_2284,gait_no_room_A,ensemble,2702,1316,1386,0,2702,1316,1386
microbiome,Rep_2285,gait_no_room_A,ensemble,2702,1316,1386,0,2702,1316,1386
microbiome,Rep_2286,gait_no_room_A,ensemble,2702,1316,1386,0,2702,1316,1386
microbiome,Rep_2288,gait_no_room_A,ensemble,2702,1316,1386,0,2702,1316,1386
microbiome,Rep_2289,gait_no_room_A,ensemble,2702,1316,1386,0,2702,1316,1386
microbiome,Rep_2290,gait_no_room_A,ensemble,2702,1316,1386,0,2702,1316,1386
microbiome,Rep_2291,gait_no_room_A,ensemble,2702,1316,1386,0,2702,1316,1386
microbiome,Rep_2297,gait_no_room_A,ensemble,2702,1316,1386,0,2702,1316,1386
microbiome,Rep_2303,gait_no_room_A,ensemble,2702,1316,1386,0,2702,1316,1386
microbiome,Rep_2304,gait_no_room_A,ensemble,2702,1316,1386,0,2702,1316,1386
microbiome,Rep_2306,gait_no_room_A,ensemble,2702,1316,1386,0,2702,1316,1386
microbiome,Rep_231,gait_no_room_A,ensemble,2702,1316,1386,0,2702,1316,1386
microbiome,Rep_2312,gait_no_room_A,ensemble,2702,1316,1386,0,2702,1316,1386
microbiome,Rep_2313,gait_no_room_A,ensemble,2702,1316,1386,0,2702,1316,1386
microbiome,Rep_2316,gait_no_room_A,ensemble,2702,1316,1386,0,2702,1316,1386
microbiome,Rep_2318,gait_no_room_A,ensemble,2702,1316,1386,0,2702,1316,1386
microbiome,Rep_2319,gait_no_room_A,ensemble,2702,1316,1386,0,2702,1316,1386
microbiome,Rep_2320,gait_no_room_A,ensemble,2702,1316,1386,0,2702,1316,1386
microbiome,Rep_2321,gait_no_room_A,ensemble,2702,1316,1386,0,2702,1316,1386
microbiome,Rep_2323,gait_no_room_A,ensemble,2702,1316,1386,0,2702,1316,1386
microbiome,Rep_2324,gait_no_room_A,ensemble,2702,1316,1386,0,2702,1316,1386
microbiome,Rep_2325,gait_no_room_A,ensemble,2702,1316,1386,0,2702,1316,1386
microbiome,Rep_2326,gait_no_room_A,ensemble,2702,1316,1386,0,2702,1316,1386
microbiome,Rep_2327,gait_no_room_A,ensemble,2702,1316,1386,0,2702,1316,1386
microbiome,Rep_2329,gait_no_room_A,ensemble,2702,1316,1386,0,2702,1316,1386
microbiome,Rep_2330,gait_no_room_A,ensemble,2702,1316,1386,0,2702,1316,1386
microbiome,Rep_2331,gait_no_room_A,ensemble,2702,1316,1386,0,2702,1316,1386
microbiome,Rep_2332,gait_no_room_A,ensemble,2702,1316,1386,0,2702,1316,1386
microbiome,Rep_2333,gait_no_room_A,ensemble,2702,1316,1386,0,2702,1316,1386
microbiome,Rep_2342,gait_no_room_A,ensemble,2702,1316,1386,0,2702,1316,1386
microbiome,Rep_2343,gait_no_room_A,ensemble,2702,1316,1386,0,2702,1316,1386
microbiome,Rep_2350,gait_no_room_A,ensemble,2702,1316,1386,0,2702,1316,1386
microbiome,Rep_2351,gait_no_room_A,ensemble,2702,1316,1386,0,2702,1316,1386
microbiome,Rep_2352,gait_no_room_A,ensemble,2702,1316,1386,0,2702,1316,1386
microbiome,Rep_2353,gait_no_room_A,ensemble,2702,1316,1386,0,2702,1316,1386
microbiome,Rep_2363,gait_no_room_A,ensemble,2702,1316,1386,0,2702,1316,1386
microbiome,Rep_2367,gait_no_room_A,ensemble,2702,1316,1386,0,2702,1316,1386
microbiome,Rep_2368,gait_no_room_A,ensemble,2702,1316,1386,0,2702,1316,1386
microbiome,Rep_2369,gait_no_room_A,ensemble,2702,1316,1386,0,2702,1316,1386
microbiome,Rep_2370,gait_no_room_A,ensemble,2702,1316,1386,0,2702,1316,1386
microbiome,Rep_2371,gait_no_room_A,ensemble,2702,1316,1386,0,2702,1316,1386
microbiome,Rep_2374,gait_no_room_A,ensemble,2702,1316,1386,0,2702,1316,1386
microbiome,Rep_2384,gait_no_room_A,ensemble,2702,1316,1386,0,2702,1316,1386
microbiome,Rep_2385,gait_no_room_A,ensemble,2702,1316,1386,0,2702,1316,1386
microbiome,Rep_2386,gait_no_room_A,ensemble,2702,1316,1386,0,2702,1316,1386
microbiome,Rep_2387,gait_no_room_A,ensemble,2702,1316,1386,0,2702,1316,1386
microbiome,Rep_2390,gait_no_room_A,ensemble,2702,1316,1386,0,2702,1316,1386
microbiome,Rep_2391,gait_no_room_A,ensemble,2702,1316,1386,0,2702,1316,1386
microbiome,Rep_2392,gait_no_room_A,ensemble,2702,1316,1386,0,2702,1316,1386
microbiome,Rep_2393,gait_no_room_A,ensemble,2702,1316,1386,0,2702,1316,1386
microbiome,Rep_2399,gait_no_room_A,ensemble,2702,1316,1386,0,2702,1316,1386
microbiome,Rep_2400,gait_no_room_A,ensemble,2702,1316,1386,0,2702,1316,1386
microbiome,Rep_2415,gait_no_room_A,ensemble,2702,1316,1386,0,2702,1316,1386
microbiome,Rep_2423,gait_no_room_A,ensemble,2702,1316,1386,0,2702,1316,1386
microbiome,Rep_2473,gait_no_room_A,ensemble,2702,1316,1386,0,2702,1316,1386
microbiome,Rep_2516,gait_no_room_A,ensemble,2702,1316,1386,0,2702,1316,1386
microbiome,Rep_2540,gait_no_room_A,ensemble,2702,1316,1386,0,2702,1316,1386
microbiome,Rep_2551,gait_no_room_A,ensemble,2702,1316,1386,0,2702,1316,1386
microbiome,Rep_2557,gait_no_room_A,ensemble,2702,1316,1386,0,2702,1316,1386
microbiome,Rep_2559,gait_no_room_A,ensemble,2702,1316,1386,0,2702,1316,1386
microbiome,Rep_2560,gait_no_room_A,ensemble,2702,1316,1386,0,2702,1316,1386
microbiome,Rep_2561,gait_no_room_A,ensemble,2702,1316,1386,0,2702,1316,1386
microbiome,Rep_2562,gait_no_room_A,ensemble,2702,1316,1386,0,2702,1316,1386
microbiome,Rep_2586,gait_no_room_A,ensemble,2702,1316,1386,0,2702,1316,1386
microbiome,Rep_259,gait_no_room_A,ensemble,2702,1316,1386,0,2702,1316,1386
microbiome,Rep_2624,gait_no_room_A,ensemble,2702,1316,1386,0,2702,1316,1386
microbiome,Rep_2631,gait_no_room_A,ensemble,2702,1316,1386,0,2702,1316,1386
microbiome,Rep_2647,gait_no_room_A,ensemble,2702,1316,1386,0,2702,1316,1386
microbiome,Rep_2652,gait_no_room_A,ensemble,2702,1316,1386,0,2702,1316,1386
microbiome,Rep_2659,gait_no_room_A,ensemble,2702,1316,1386,0,2702,1316,1386
microbiome,Rep_2663,gait_no_room_A,ensemble,2702,1316,1386,0,2702,1316,1386
microbiome,Rep_2676,gait_no_room_A,ensemble,2702,1316,1386,0,2702,1316,1386
microbiome,Rep_2678,gait_no_room_A,ensemble,2702,1316,1386,0,2702,1316,1386
microbiome,Rep_2679,gait_no_room_A,ensemble,2702,1316,1386,0,2702,1316,1386
microbiome,Rep_2685,gait_no_room_A,ensemble,2702,1316,1386,0,2702,1316,1386
microbiome,Rep_2686,gait_no_room_A,ensemble,2702,1316,1386,0,2702,1316,1386
microbiome,Rep_2688,gait_no_room_A,ensemble,2702,1316,1386,0,2702,1316,1386
microbiome,Rep_2712,gait_no_room_A,ensemble,2702,1316,1386,0,2702,1316,1386
microbiome,Rep_2716,gait_no_room_A,ensemble,2702,1316,1386,0,2702,1316,1386
microbiome,Rep_2718,gait_no_room_A,ensemble,2702,1316,1386,0,2702,1316,1386
microbiome,Rep_2729,gait_no_room_A,ensemble,2702,1316,1386,0,2702,1316,1386
microbiome,Rep_2733,gait_no_room_A,ensemble,2702,1316,1386,0,2702,1316,1386
microbiome,Rep_2734,gait_no_room_A,ensemble,2702,1316,1386,0,2702,1316,1386
microbiome,Rep_2740,gait_no_room_A,ensemble,2702,1316,1386,0,2702,1316,1386
microbiome,Rep_2745,gait_no_room_A,ensemble,2702,1316,1386,0,2702,1316,1386
microbiome,Rep_2746,gait_no_room_A,ensemble,2702,1316,1386,0,2702,1316,1386
microbiome,Rep_2756,gait_no_room_A,ensemble,2702,1316,1386,0,2702,1316,1386
microbiome,Rep_2772,gait_no_room_A,ensemble,2702,1316,1386,0,2702,1316,1386
microbiome,Rep_2778,gait_no_room_A,ensemble,2702,1316,1386,0,2702,1316,1386
microbiome,Rep_280,gait_no_room_A,ensemble,2702,1316,1386,0,2702,1316,1386
microbiome,Rep_2935,gait_no_room_A,ensemble,2702,1316,1386,0,2702,1316,1386
microbiome,Rep_2937,gait_no_room_A,ensemble,2702,1316,1386,0,2702,1316,1386
microbiome,Rep_2945,gait_no_room_A,ensemble,2702,1316,1386,0,2702,1316,1386
microbiome,Rep_2948,gait_no_room_A,ensemble,2702,1316,1386,0,2702,1316,1386
microbiome,Rep_2950,gait_no_room_A,ensemble,2702,1316,1386,0,2702,1316,1386
microbiome,Rep_2951,gait_no_room_A,ensemble,2702,1316,1386,0,2702,1316,1386
microbiome,Rep_2955,gait_no_room_A,ensemble,2702,1316,1386,0,2702,1316,1386
microbiome,Rep_2956,gait_no_room_A,ensemble,2702,1316,1386,0,2702,1316,1386
microbiome,Rep_2969,gait_no_room_A,ensemble,2702,1316,1386,0,2702,1316,1386
microbiome,Rep_2972,gait_no_room_A,ensemble,2702,1316,1386,0,2702,1316,1386
microbiome,Rep_2988,gait_no_room_A,ensemble,2702,1316,1386,0,2702,1316,1386
microbiome,Rep_2995,gait_no_room_A,ensemble,2702,1316,1386,0,2702,1316,1386
microbiome,Rep_2996,gait_no_room_A,ensemble,2702,1316,1386,0,2702,1316,1386
microbiome,Rep_2997,gait_no_room_A,ensemble,2702,1316,1386,0,2702,1316,1386
microbiome,Rep_3000,gait_no_room_A,ensemble,2702,1316,1386,0,2702,1316,1386
microbiome,Rep_3001,gait_no_room_A,ensemble,2702,1316,1386,0,2702,1316,1386
microbiome,Rep_3002,gait_no_room_A,ensemble,2702,1316,1386,0,2702,1316,1386
microbiome,Rep_3005,gait_no_room_A,ensemble,2702,1316,1386,0,2702,1316,1386
microbiome,Rep_3008,gait_no_room_A,ensemble,2702,1316,1386,0,2702,1316,1386
microbiome,Rep_3012,gait_no_room_A,ensemble,2702,1316,1386,0,2702,1316,1386
microbiome,Rep_3013,gait_no_room_A,ensemble,2702,1316,1386,0,2702,1316,1386
microbiome,Rep_3015,gait_no_room_A,ensemble,2702,1316,1386,0,2702,1316,1386
microbiome,Rep_3016,gait_no_room_A,ensemble,2702,1316,1386,0,2702,1316,1386
microbiome,Rep_3019,gait_no_room_A,ensemble,2702,1316,1386,0,2702,1316,1386
microbiome,Rep_3022,gait_no_room_A,ensemble,2702,1316,1386,0,2702,1316,1386
microbiome,Rep_3025,gait_no_room_A,ensemble,2702,1316,1386,0,2702,1316,1386
microbiome,Rep_3030,gait_no_room_A,ensemble,2702,1316,1386,0,2702,1316,1386
microbiome,Rep_3033,gait_no_room_A,ensemble,2702,1316,1386,0,2702,1316,1386
microbiome,Rep_3036,gait_no_room_A,ensemble,2702,1316,1386,0,2702,1316,1386
microbiome,Rep_3039,gait_no_room_A,ensemble,2702,1316,1386,0,2702,1316,1386
microbiome,Rep_3040,gait_no_room_A,ensemble,2702,1316,1386,0,2702,1316,1386
microbiome,Rep_3041,gait_no_room_A,ensemble,2702,1316,1386,0,2702,1316,1386
microbiome,Rep_3047,gait_no_room_A,ensemble,2702,1316,1386,0,2702,1316,1386
microbiome,Rep_3050,gait_no_room_A,ensemble,2702,1316,1386,0,2702,1316,1386
microbiome,Rep_3053,gait_no_room_A,ensemble,2702,1316,1386,0,2702,1316,1386
microbiome,Rep_3054,gait_no_room_A,ensemble,2702,1316,1386,0,2702,1316,1386
microbiome,Rep_3055,gait_no_room_A,ensemble,2702,1316,1386,0,2702,1316,1386
microbiome,Rep_3056,gait_no_room_A,ensemble,2702,1316,1386,0,2702,1316,1386
microbiome,Rep_3063,gait_no_room_A,ensemble,2702,1316,1386,0,2702,1316,1386
microbiome,Rep_3064,gait_no_room_A,ensemble,2702,1316,1386,0,2702,1316,1386
microbiome,Rep_3065,gait_no_room_A,ensemble,2702,1316,1386,0,2702,1316,1386
microbiome,Rep_3066,gait_no_room_A,ensemble,2702,1316,1386,0,2702,1316,1386
microbiome,Rep_3067,gait_no_room_A,ensemble,2702,1316,1386,0,2702,1316,1386
microbiome,Rep_3068,gait_no_room_A,ensemble,2702,1316,1386,0,2702,1316,1386
microbiome,Rep_3070,gait_no_room_A,ensemble,2702,1316,1386,0,2702,1316,1386
microbiome,Rep_3071,gait_no_room_A,ensemble,2702,1316,1386,0,2702,1316,1386
microbiome,Rep_3072,gait_no_room_A,ensemble,2702,1316,1386,0,2702,1316,1386
microbiome,Rep_3073,gait_no_room_A,ensemble,2702,1316,1386,0,2702,1316,1386
microbiome,Rep_3074,gait_no_room_A,ensemble,2702,1316,1386,0,2702,1316,1386
microbiome,Rep_3075,gait_no_room_A,ensemble,2702,1316,1386,0,2702,1316,1386
microbiome,Rep_3076,gait_no_room_A,ensemble,2702,1316,1386,0,2702,1316,1386
microbiome,Rep_3077,gait_no_room_A,ensemble,2702,1316,1386,0,2702,1316,1386
microbiome,Rep_3078,gait_no_room_A,ensemble,2702,1316,1386,0,2702,1316,1386
microbiome,Rep_3079,gait_no_room_A,ensemble,2702,1316,1386,0,2702,1316,1386
microbiome,Rep_3080,gait_no_room_A,ensemble,2702,1316,1386,0,2702,1316,1386
microbiome,Rep_3081,gait_no_room_A,ensemble,2702,1316,1386,0,2702,1316,1386
microbiome,Rep_3082,gait_no_room_A,ensemble,2702,1316,1386,0,2702,1316,1386
microbiome,Rep_3083,gait_no_room_A,ensemble,2702,1316,1386,0,2702,1316,1386
microbiome,Rep_3084,gait_no_room_A,ensemble,2702,1316,1386,0,2702,1316,1386
microbiome,Rep_3085,gait_no_room_A,ensemble,2702,1316,1386,0,2702,1316,1386
microbiome,Rep_3086,gait_no_room_A,ensemble,2702,1316,1386,0,2702,1316,1386
microbiome,Rep_3087,gait_no_room_A,ensemble,2702,1316,1386,0,2702,1316,1386
microbiome,Rep_3088,gait_no_room_A,ensemble,2702,1316,1386,0,2702,1316,1386
microbiome,Rep_3092,gait_no_room_A,ensemble,2702,1316,1386,0,2702,1316,1386
microbiome,Rep_3096,gait_no_room_A,ensemble,2702,1316,1386,0,2702,1316,1386
microbiome,Rep_3098,gait_no_room_A,ensemble,2702,1316,1386,0,2702,1316,1386
microbiome,Rep_3102,gait_no_room_A,ensemble,2702,1316,1386,0,2702,1316,1386
microbiome,Rep_3103,gait_no_room_A,ensemble,2702,1316,1386,0,2702,1316,1386
microbiome,Rep_3106,gait_no_room_A,ensemble,2702,1316,1386,0,2702,1316,1386
microbiome,Rep_3116,gait_no_room_A,ensemble,2702,1316,1386,0,2702,1316,1386
microbiome,Rep_3117,gait_no_room_A,ensemble,2702,1316,1386,0,2702,1316,1386
microbiome,Rep_3118,gait_no_room_A,ensemble,2702,1316,1386,0,2702,1316,1386
microbiome,Rep_3119,gait_no_room_A,ensemble,2702,1316,1386,0,2702,1316,1386
microbiome,Rep_3128,gait_no_room_A,ensemble,2702,1316,1386,0,2702,1316,1386
microbiome,Rep_3137,gait_no_room_A,ensemble,2702,1316,1386,0,2702,1316,1386
microbiome,Rep_3144,gait_no_room_A,ensemble,2702,1316,1386,0,2702,1316,1386
microbiome,Rep_3145,gait_no_room_A,ensemble,2702,1316,1386,0,2702,1316,1386
microbiome,Rep_3147,gait_no_room_A,ensemble,2702,1316,1386,0,2702,1316,1386
microbiome,Rep_3148,gait_no_room_A,ensemble,2702,1316,1386,0,2702,1316,1386
microbiome,Rep_3149,gait_no_room_A,ensemble,2702,1316,1386,0,2702,1316,1386
microbiome,Rep_3150,gait_no_room_A,ensemble,2702,1316,1386,0,2702,1316,1386
microbiome,Rep_3151,gait_no_room_A,ensemble,2702,1316,1386,0,2702,1316,1386
microbiome,Rep_3152,gait_no_room_A,ensemble,2702,1316,1386,0,2702,1316,1386
microbiome,Rep_3160,gait_no_room_A,ensemble,2702,1316,1386,0,2702,1316,1386
microbiome,Rep_3162,gait_no_room_A,ensemble,2702,1316,1386,0,2702,1316,1386
microbiome,Rep_3165,gait_no_room_A,ensemble,2702,1316,1386,0,2702,1316,1386
microbiome,Rep_3167,gait_no_room_A,ensemble,2702,1316,1386,0,2702,1316,1386
microbiome,Rep_3169,gait_no_room_A,ensemble,2702,1316,1386,0,2702,1316,1386
microbiome,Rep_3170,gait_no_room_A,ensemble,2702,1316,1386,0,2702,1316,1386
microbiome,Rep_3171,gait_no_room_A,ensemble,2702,1316,1386,0,2702,1316,1386
microbiome,Rep_3172,gait_no_room_A,ensemble,2702,1316,1386,0,2702,1316,1386
microbiome,Rep_3178,gait_no_room_A,ensemble,2702,1316,1386,0,2702,1316,1386
microbiome,Rep_3179,gait_no_room_A,ensemble,2702,1316,1386,0,2702,1316,1386
microbiome,Rep_3180,gait_no_room_A,ensemble,2702,1316,1386,0,2702,1316,1386
microbiome,Rep_3181,gait_no_room_A,ensemble,2702,1316,1386,0,2702,1316,1386
microbiome,Rep_3182,gait_no_room_A,ensemble,2702,1316,1386,0,2702,1316,1386
microbiome,Rep_3183,gait_no_room_A,ensemble,2702,1316,1386,0,2702,1316,1386
microbiome,Rep_3186,gait_no_room_A,ensemble,2702,1316,1386,0,2702,1316,1386
microbiome,Rep_3187,gait_no_room_A,ensemble,2702,1316,1386,0,2702,1316,1386
microbiome,Rep_3190,gait_no_room_A,ensemble,2702,1316,1386,0,2702,1316,1386
microbiome,Rep_3191,gait_no_room_A,ensemble,2702,1316,1386,0,2702,1316,1386
microbiome,Rep_3198,gait_no_room_A,ensemble,2702,1316,1386,0,2702,1316,1386
microbiome,Rep_3199,gait_no_room_A,ensemble,2702,1316,1386,0,2702,1316,1386
microbiome,Rep_3200,gait_no_room_A,ensemble,2702,1316,1386,0,2702,1316,1386
microbiome,Rep_3203,gait_no_room_A,ensemble,2702,1316,1386,0,2702,1316,1386
microbiome,Rep_3210,gait_no_room_A,ensemble,2702,1316,1386,0,2702,1316,1386
microbiome,Rep_3212,gait_no_room_A,ensemble,2702,1316,1386,0,2702,1316,1386
microbiome,Rep_3214,gait_no_room_A,ensemble,2702,1316,1386,0,2702,1316,1386
microbiome,Rep_3216,gait_no_room_A,ensemble,2702,1316,1386,0,2702,1316,1386
microbiome,Rep_3217,gait_no_room_A,ensemble,2702,1316,1386,0,2702,1316,1386
microbiome,Rep_3218,gait_no_room_A,ensemble,2702,1316,1386,0,2702,1316,1386
microbiome,Rep_3219,gait_no_room_A,ensemble,2702,1316,1386,0,2702,1316,1386
microbiome,Rep_3222,gait_no_room_A,ensemble,2702,1316,1386,0,2702,1316,1386
microbiome,Rep_3226,gait_no_room_A,ensemble,2702,1316,1386,0,2702,1316,1386
microbiome,Rep_3228,gait_no_room_A,ensemble,2702,1316,1386,0,2702,1316,1386
microbiome,Rep_3229,gait_no_room_A,ensemble,2702,1316,1386,0,2702,1316,1386
microbiome,Rep_3230,gait_no_room_A,ensemble,2702,1316,1386,0,2702,1316,1386
microbiome,Rep_3232,gait_no_room_A,ensemble,2702,1316,1386,0,2702,1316,1386
microbiome,Rep_3240,gait_no_room_A,ensemble,2702,1316,1386,0,2702,1316,1386
microbiome,Rep_3242,gait_no_room_A,ensemble,2702,1316,1386,0,2702,1316,1386
microbiome,Rep_3243,gait_no_room_A,ensemble,2702,1316,1386,0,2702,1316,1386
microbiome,Rep_3244,gait_no_room_A,ensemble,2702,1316,1386,0,2702,1316,1386
microbiome,Rep_3245,gait_no_room_A,ensemble,2702,1316,1386,0,2702,1316,1386
microbiome,Rep_3249,gait_no_room_A,ensemble,2702,1316,1386,0,2702,1316,1386
microbiome,Rep_3253,gait_no_room_A,ensemble,2702,1316,1386,0,2702,1316,1386
microbiome,Rep_3257,gait_no_room_A,ensemble,2702,1316,1386,0,2702,1316,1386
microbiome,Rep_3262,gait_no_room_A,ensemble,2702,1316,1386,0,2702,1316,1386
microbiome,Rep_3263,gait_no_room_A,ensemble,2702,1316,1386,0,2702,1316,1386
microbiome,Rep_3264,gait_no_room_A,ensemble,2702,1316,1386,0,2702,1316,1386
microbiome,Rep_3268,gait_no_room_A,ensemble,2702,1316,1386,0,2702,1316,1386
microbiome,Rep_3269,gait_no_room_A,ensemble,2702,1316,1386,0,2702,1316,1386
microbiome,Rep_3272,gait_no_room_A,ensemble,2702,1316,1386,0,2702,1316,1386
microbiome,Rep_3275,gait_no_room_A,ensemble,2702,1316,1386,0,2702,1316,1386
microbiome,Rep_3277,gait_no_room_A,ensemble,2702,1316,1386,0,2702,1316,1386
microbiome,Rep_3278,gait_no_room_A,ensemble,2702,1316,1386,0,2702,1316,1386
microbiome,Rep_3281,gait_no_room_A,ensemble,2702,1316,1386,0,2702,1316,1386
microbiome,Rep_3282,gait_no_room_A,ensemble,2702,1316,1386,0,2702,1316,1386
microbiome,Rep_3287,gait_no_room_A,ensemble,2702,1316,1386,0,2702,1316,1386
microbiome,Rep_3288,gait_no_room_A,ensemble,2702,1316,1386,0,2702,1316,1386
microbiome,Rep_3290,gait_no_room_A,ensemble,2702,1316,1386,0,2702,1316,1386
microbiome,Rep_3295,gait_no_room_A,ensemble,2702,1316,1386,0,2702,1316,1386
microbiome,Rep_33,gait_no_room_A,ensemble,2702,1316,1386,0,2702,1316,1386
microbiome,Rep_3315,gait_no_room_A,ensemble,2702,1316,1386,0,2702,1316,1386
microbiome,Rep_3342,gait_no_room_A,ensemble,2702,1316,1386,0,2702,1316,1386
microbiome,Rep_3343,gait_no_room_A,ensemble,2702,1316,1386,0,2702,1316,1386
microbiome,Rep_3345,gait_no_room_A,ensemble,2702,1316,1386,0,2702,1316,1386
microbiome,Rep_3346,gait_no_room_A,ensemble,2702,1316,1386,0,2702,1316,1386
microbiome,Rep_3349,gait_no_room_A,ensemble,2702,1316,1386,0,2702,1316,1386
microbiome,Rep_3357,gait_no_room_A,ensemble,2702,1316,1386,0,2702,1316,1386
microbiome,Rep_3364,gait_no_room_A,ensemble,2702,1316,1386,0,2702,1316,1386
microbiome,Rep_3368,gait_no_room_A,ensemble,2702,1316,1386,0,2702,1316,1386
microbiome,Rep_3380,gait_no_room_A,ensemble,2702,1316,1386,0,2702,1316,1386
microbiome,Rep_3382,gait_no_room_A,ensemble,2702,1316,1386,0,2702,1316,1386
microbiome,Rep_3388,gait_no_room_A,ensemble,2702,1316,1386,0,2702,1316,1386
microbiome,Rep_3389,gait_no_room_A,ensemble,2702,1316,1386,0,2702,1316,1386
microbiome,Rep_3396,gait_no_room_A,ensemble,2702,1316,1386,0,2702,1316,1386
microbiome,Rep_3397,gait_no_room_A,ensemble,2702,1316,1386,0,2702,1316,1386
microbiome,Rep_3413,gait_no_room_A,ensemble,2702,1316,1386,0,2702,1316,1386
microbiome,Rep_3418,gait_no_room_A,ensemble,2702,1316,1386,0,2702,1316,1386
microbiome,Rep_3421,gait_no_room_A,ensemble,2702,1316,1386,0,2702,1316,1386
microbiome,Rep_3424,gait_no_room_A,ensemble,2702,1316,1386,0,2702,1316,1386
microbiome,Rep_3441,gait_no_room_A,ensemble,2702,1316,1386,0,2702,1316,1386
microbiome,Rep_3443,gait_no_room_A,ensemble,2702,1316,1386,0,2702,1316,1386
microbiome,Rep_3450,gait_no_room_A,ensemble,2702,1316,1386,0,2702,1316,1386
microbiome,Rep_3454,gait_no_room_A,ensemble,2702,1316,1386,0,2702,1316,1386
microbiome,Rep_3456,gait_no_room_A,ensemble,2702,1316,1386,0,2702,1316,1386
microbiome,Rep_3457,gait_no_room_A,ensemble,2702,1316,1386,0,2702,1316,1386
microbiome,Rep_3477,gait_no_room_A,ensemble,2702,1316,1386,0,2702,1316,1386
microbiome,Rep_3480,gait_no_room_A,ensemble,2702,1316,1386,0,2702,1316,1386
microbiome,Rep_3490,gait_no_room_A,ensemble,2702,1316,1386,0,2702,1316,1386
microbiome,Rep_3491,gait_no_room_A,ensemble,2702,1316,1386,0,2702,1316,1386
microbiome,Rep_3522,gait_no_room_A,ensemble,2702,1316,1386,0,2702,1316,1386
microbiome,Rep_3523,gait_no_room_A,ensemble,2702,1316,1386,0,2702,1316,1386
microbiome,Rep_3524,gait_no_room_A,ensemble,2702,1316,1386,0,2702,1316,1386
microbiome,Rep_3533,gait_no_room_A,ensemble,2702,1316,1386,0,2702,1316,1386
microbiome,Rep_3541,gait_no_room_A,ensemble,2702,1316,1386,0,2702,1316,1386
microbiome,Rep_3547,gait_no_room_A,ensemble,2702,1316,1386,0,2702,1316,1386
microbiome,Rep_3548,gait_no_room_A,ensemble,2702,1316,1386,0,2702,1316,1386
microbiome,Rep_3574,gait_no_room_A,ensemble,2702,1316,1386,0,2702,1316,1386
microbiome,Rep_3575,gait_no_room_A,ensemble,2702,1316,1386,0,2702,1316,1386
microbiome,Rep_3576,gait_no_room_A,ensemble,2702,1316,1386,0,2702,1316,1386
microbiome,Rep_3588,gait_no_room_A,ensemble,2702,1316,1386,0,2702,1316,1386
microbiome,Rep_3589,gait_no_room_A,ensemble,2702,1316,1386,0,2702,1316,1386
microbiome,Rep_3592,gait_no_room_A,ensemble,2702,1316,1386,0,2702,1316,1386
microbiome,Rep_41,gait_no_room_A,ensemble,2702,1316,1386,0,2702,1316,1386
microbiome,Rep_42,gait_no_room_A,ensemble,2702,1316,1386,0,2702,1316,1386
microbiome,Rep_426,gait_no_room_A,ensemble,2702,1316,1386,0,2702,1316,1386
microbiome,Rep_431,gait_no_room_A,ensemble,2702,1316,1386,0,2702,1316,1386
microbiome,Rep_432,gait_no_room_A,ensemble,2702,1316,1386,0,2702,1316,1386
microbiome,Rep_436,gait_no_room_A,ensemble,2702,1316,1386,0,2702,1316,1386
microbiome,Rep_442,gait_no_room_A,ensemble,2702,1316,1386,0,2702,1316,1386
microbiome,Rep_443,gait_no_room_A,ensemble,2702,1316,1386,0,2702,1316,1386
microbiome,Rep_449,gait_no_room_A,ensemble,2702,1316,1386,0,2702,1316,1386
microbiome,Rep_450,gait_no_room_A,ensemble,2702,1316,1386,0,2702,1316,1386
microbiome,Rep_455,gait_no_room_A,ensemble,2702,1316,1386,0,2702,1316,1386
microbiome,Rep_456,gait_no_room_A,ensemble,2702,1316,1386,0,2702,1316,1386
microbiome,Rep_457,gait_no_room_A,ensemble,2702,1316,1386,0,2702,1316,1386
microbiome,Rep_458,gait_no_room_A,ensemble,2702,1316,1386,0,2702,1316,1386
microbiome,Rep_459,gait_no_room_A,ensemble,2702,1316,1386,0,2702,1316,1386
microbiome,Rep_466,gait_no_room_A,ensemble,2702,1316,1386,0,2702,1316,1386
microbiome,Rep_467,gait_no_room_A,ensemble,2702,1316,1386,0,2702,1316,1386
microbiome,Rep_469,gait_no_room_A,ensemble,2702,1316,1386,0,2702,1316,1386
microbiome,Rep_476,gait_no_room_A,ensemble,2702,1316,1386,0,2702,1316,1386
microbiome,Rep_477,gait_no_room_A,ensemble,2702,1316,1386,0,2702,1316,1386
microbiome,Rep_478,gait_no_room_A,ensemble,2702,1316,1386,0,2702,1316,1386
microbiome,Rep_484,gait_no_room_A,ensemble,2702,1316,1386,0,2702,1316,1386
microbiome,Rep_485,gait_no_room_A,ensemble,2702,1316,1386,0,2702,1316,1386
microbiome,Rep_486,gait_no_room_A,ensemble,2702,1316,1386,0,2702,1316,1386
microbiome,Rep_487,gait_no_room_A,ensemble,2702,1316,1386,0,2702,1316,1386
microbiome,Rep_489,gait_no_room_A,ensemble,2702,1316,1386,0,2702,1316,1386
microbiome,Rep_490,gait_no_room_A,ensemble,2702,1316,1386,0,2702,1316,1386
microbiome,Rep_491,gait_no_room_A,ensemble,2702,1316,1386,0,2702,1316,1386
microbiome,Rep_493,gait_no_room_A,ensemble,2702,1316,1386,0,2702,1316,1386
microbiome,Rep_494,gait_no_room_A,ensemble,2702,1316,1386,0,2702,1316,1386
microbiome,Rep_495,gait_no_room_A,ensemble,2702,1316,1386,0,2702,1316,1386
microbiome,Rep_496,gait_no_room_A,ensemble,2702,1316,1386,0,2702,1316,1386
microbiome,Rep_497,gait_no_room_A,ensemble,2702,1316,1386,0,2702,1316,1386
microbiome,Rep_498,gait_no_room_A,ensemble,2702,1316,1386,0,2702,1316,1386
microbiome,Rep_519,gait_no_room_A,ensemble,2702,1316,1386,0,2702,1316,1386
microbiome,Rep_520,gait_no_room_A,ensemble,2702,1316,1386,0,2702,1316,1386
microbiome,Rep_527,gait_no_room_A,ensemble,2702,1316,1386,0,2702,1316,1386
microbiome,Rep_552,gait_no_room_A,ensemble,2702,1316,1386,0,2702,1316,1386
microbiome,Rep_557,gait_no_room_A,ensemble,2702,1316,1386,0,2702,1316,1386
microbiome,Rep_565,gait_no_room_A,ensemble,2702,1316,1386,0,2702,1316,1386
microbiome,Rep_566,gait_no_room_A,ensemble,2702,1316,1386,0,2702,1316,1386
microbiome,Rep_587,gait_no_room_A,ensemble,2702,1316,1386,0,2702,1316,1386
microbiome,Rep_590,gait_no_room_A,ensemble,2702,1316,1386,0,2702,1316,1386
microbiome,Rep_595,gait_no_room_A,ensemble,2702,1316,1386,0,2702,1316,1386
microbiome,Rep_596,gait_no_room_A,ensemble,2702,1316,1386,0,2702,1316,1386
microbiome,Rep_597,gait_no_room_A,ensemble,2702,1316,1386,0,2702,1316,1386
microbiome,Rep_604,gait_no_room_A,ensemble,2702,1316,1386,0,2702,1316,1386
microbiome,Rep_609,gait_no_room_A,ensemble,2702,1316,1386,0,2702,1316,1386
microbiome,Rep_610,gait_no_room_A,ensemble,2702,1316,1386,0,2702,1316,1386
microbiome,Rep_613,gait_no_room_A,ensemble,2702,1316,1386,0,2702,1316,1386
microbiome,Rep_614,gait_no_room_A,ensemble,2702,1316,1386,0,2702,1316,1386
microbiome,Rep_615,gait_no_room_A,ensemble,2702,1316,1386,0,2702,1316,1386
microbiome,Rep_616,gait_no_room_A,ensemble,2702,1316,1386,0,2702,1316,1386
microbiome,Rep_618,gait_no_room_A,ensemble,2702,1316,1386,0,2702,1316,1386
microbiome,Rep_620,gait_no_room_A,ensemble,2702,1316,1386,0,2702,1316,1386
microbiome,Rep_631,gait_no_room_A,ensemble,2702,1316,1386,0,2702,1316,1386
microbiome,Rep_637,gait_no_room_A,ensemble,2702,1316,1386,0,2702,1316,1386
microbiome,Rep_654,gait_no_room_A,ensemble,2702,1316,1386,0,2702,1316,1386
microbiome,Rep_678,gait_no_room_A,ensemble,2702,1316,1386,0,2702,1316,1386
microbiome,Rep_687,gait_no_room_A,ensemble,2702,1316,1386,0,2702,1316,1386
microbiome,Rep_695,gait_no_room_A,ensemble,2702,1316,1386,0,2702,1316,1386
microbiome,Rep_698,gait_no_room_A,ensemble,2702,1316,1386,0,2702,1316,1386
microbiome,Rep_704,gait_no_room_A,ensemble,2702,1316,1386,0,2702,1316,1386
microbiome,Rep_705,gait_no_room_A,ensemble,2702,1316,1386,0,2702,1316,1386
microbiome,Rep_706,gait_no_room_A,ensemble,2702,1316,1386,0,2702,1316,1386
microbiome,Rep_709,gait_no_room_A,ensemble,2702,1316,1386,0,2702,1316,1386
microbiome,Rep_720,gait_no_room_A,ensemble,2702,1316,1386,0,2702,1316,1386
microbiome,Rep_721,gait_no_room_A,ensemble,2702,1316,1386,0,2702,1316,1386
microbiome,Rep_727,gait_no_room_A,ensemble,2702,1316,1386,0,2702,1316,1386
microbiome,Rep_730,gait_no_room_A,ensemble,2702,1316,1386,0,2702,1316,1386
microbiome,Rep_731,gait_no_room_A,ensemble,2702,1316,1386,0,2702,1316,1386
microbiome,Rep_736,gait_no_room_A,ensemble,2702,1316,1386,0,2702,1316,1386
microbiome,Rep_766,gait_no_room_A,ensemble,2702,1316,1386,0,2702,1316,1386
microbiome,Rep_767,gait_no_room_A,ensemble,2702,1316,1386,0,2702,1316,1386
microbiome,Rep_769,gait_no_room_A,ensemble,2702,1316,1386,0,2702,1316,1386
microbiome,Rep_776,gait_no_room_A,ensemble,2702,1316,1386,0,2702,1316,1386
microbiome,Rep_778,gait_no_room_A,ensemble,2702,1316,1386,0,2702,1316,1386
microbiome,Rep_779,gait_no_room_A,ensemble,2702,1316,1386,0,2702,1316,1386
microbiome,Rep_787,gait_no_room_A,ensemble,2702,1316,1386,0,2702,1316,1386
microbiome,Rep_81,gait_no_room_A,ensemble,2702,1316,1386,0,2702,1316,1386
microbiome,Rep_836,gait_no_room_A,ensemble,2702,1316,1386,0,2702,1316,1386
microbiome,Rep_838,gait_no_room_A,ensemble,2702,1316,1386,0,2702,1316,1386
microbiome,Rep_84,gait_no_room_A,ensemble,2702,1316,1386,0,2702,1316,1386
microbiome,Rep_840,gait_no_room_A,ensemble,2702,1316,1386,0,2702,1316,1386
microbiome,Rep_842,gait_no_room_A,ensemble,2702,1316,1386,0,2702,1316,1386
microbiome,Rep_846,gait_no_room_A,ensemble,2702,1316,1386,0,2702,1316,1386
microbiome,Rep_848,gait_no_room_A,ensemble,2702,1316,1386,0,2702,1316,1386
microbiome,Rep_92,gait_no_room_A,ensemble,2702,1316,1386,0,2702,1316,1386
microbiome,Rep_93,gait_no_room_A,ensemble,2702,1316,1386,0,2702,1316,1386
microbiome,Rep_94,gait_no_room_A,ensemble,2702,1316,1386,0,2702,1316,1386
microbiome,Rep_95,gait_no_room_A,ensemble,2702,1316,1386,0,2702,1316,1386
microbiome,Rep_959,gait_no_room_A,ensemble,2702,1316,1386,0,2702,1316,1386
microbiome,Rep_96,gait_no_room_A,ensemble,2702,1316,1386,0,2702,1316,1386
microbiome,Rep_975,gait_no_room_A,ensemble,2702,1316,1386,0,2702,1316,1386
nightingale,Acetate,gait_no_room_A,ensemble,1297,659,638,0,1297,659,638
nightingale,Acetoacetate,gait_no_room_A,ensemble,1297,659,638,0,1297,659,638
nightingale,Acetone,gait_no_room_A,ensemble,1297,659,638,0,1297,659,638
nightingale,Ala,gait_no_room_A,ensemble,1297,659,638,0,1297,659,638
nightingale,Albumin,gait_no_room_A,ensemble,1297,659,638,0,1297,659,638
nightingale,ApoA1,gait_no_room_A,ensemble,1296,658,638,0,1296,658,638
nightingale,ApoB,gait_no_room_A,ensemble,1296,658,638,0,1296,658,638
nightingale,Cholines,gait_no_room_A,ensemble,1295,658,637,0,1295,658,637
nightingale,Citrate,gait_no_room_A,ensemble,1297,659,638,0,1297,659,638
nightingale,Clinical_LDL_C,gait_no_room_A,ensemble,1296,658,638,0,1296,658,638
nightingale,Creatinine,gait_no_room_A,ensemble,1297,659,638,0,1297,659,638
nightingale,DHA,gait_no_room_A,ensemble,1295,658,637,0,1295,658,637
nightingale,Gln,gait_no_room_A,ensemble,1297,659,638,0,1297,659,638
nightingale,Gly,gait_no_room_A,ensemble,1297,659,638,0,1297,659,638
nightingale,GlycA,gait_no_room_A,ensemble,1297,659,638,0,1297,659,638
nightingale,HDL_C,gait_no_room_A,ensemble,1296,658,638,0,1296,658,638
nightingale,HDL_CE,gait_no_room_A,ensemble,1296,658,638,0,1296,658,638
nightingale,HDL_FC,gait_no_room_A,ensemble,1296,658,638,0,1296,658,638
nightingale,HDL_L,gait_no_room_A,ensemble,1296,658,638,0,1296,658,638
nightingale,HDL_P,gait_no_room_A,ensemble,1296,658,638,0,1296,658,638
nightingale,HDL_PL,gait_no_room_A,ensemble,1296,658,638,0,1296,658,638
nightingale,HDL_TG,gait_no_room_A,ensemble,1296,658,638,0,1296,658,638
nightingale,HDL_size,gait_no_room_A,ensemble,1296,658,638,0,1296,658,638
nightingale,His,gait_no_room_A,ensemble,1297,659,638,0,1297,659,638
nightingale,IDL_C,gait_no_room_A,ensemble,1296,658,638,0,1296,658,638
nightingale,IDL_CE,gait_no_room_A,ensemble,1296,658,638,0,1296,658,638
nightingale,IDL_FC,gait_no_room_A,ensemble,1296,658,638,0,1296,658,638
nightingale,IDL_L,gait_no_room_A,ensemble,1296,658,638,0,1296,658,638
nightingale,IDL_P,gait_no_room_A,ensemble,1296,658,638,0,1296,658,638
nightingale,IDL_PL,gait_no_room_A,ensemble,1296,658,638,0,1296,658,638
nightingale,IDL_TG,gait_no_room_A,ensemble,1296,658,638,0,1296,658,638
nightingale,Ile,gait_no_room_A,ensemble,1297,659,638,0,1297,659,638
nightingale,LA,gait_no_room_A,ensemble,1295,658,637,0,1295,658,637
nightingale,LDL_C,gait_no_room_A,ensemble,1296,658,638,0,1296,658,638
nightingale,LDL_CE,gait_no_room_A,ensemble,1296,658,638,0,1296,658,638
nightingale,LDL_FC,gait_no_room_A,ensemble,1296,658,638,0,1296,658,638
nightingale,LDL_L,gait_no_room_A,ensemble,1296,658,638,0,1296,658,638
nightingale,LDL_P,gait_no_room_A,ensemble,1296,658,638,0,1296,658,638
nightingale,LDL_PL,gait_no_room_A,ensemble,1296,658,638,0,1296,658,638
nightingale,LDL_TG,gait_no_room_A,ensemble,1296,658,638,0,1296,658,638
nightingale,LDL_size,gait_no_room_A,ensemble,1296,658,638,0,1296,658,638
nightingale,L_HDL_C,gait_no_room_A,ensemble,1296,658,638,0,1296,658,638
nightingale,L_HDL_CE,gait_no_room_A,ensemble,1296,658,638,0,1296,658,638
nightingale,L_HDL_FC,gait_no_room_A,ensemble,1296,658,638,0,1296,658,638
nightingale,L_HDL_L,gait_no_room_A,ensemble,1296,658,638,0,1296,658,638
nightingale,L_HDL_P,gait_no_room_A,ensemble,1296,658,638,0,1296,658,638
nightingale,L_HDL_PL,gait_no_room_A,ensemble,1296,658,638,0,1296,658,638
nightingale,L_HDL_TG,gait_no_room_A,ensemble,1296,658,638,0,1296,658,638
nightingale,L_LDL_C,gait_no_room_A,ensemble,1296,658,638,0,1296,658,638
nightingale,L_LDL_CE,gait_no_room_A,ensemble,1296,658,638,0,1296,658,638
nightingale,L_LDL_FC,gait_no_room_A,ensemble,1296,658,638,0,1296,658,638
nightingale,L_LDL_L,gait_no_room_A,ensemble,1296,658,638,0,1296,658,638
nightingale,L_LDL_P,gait_no_room_A,ensemble,1296,658,638,0,1296,658,638
nightingale,L_LDL_PL,gait_no_room_A,ensemble,1296,658,638,0,1296,658,638
nightingale,L_LDL_TG,gait_no_room_A,ensemble,1296,658,638,0,1296,658,638
nightingale,L_VLDL_C,gait_no_room_A,ensemble,1296,658,638,0,1296,658,638
nightingale,L_VLDL_CE,gait_no_room_A,ensemble,1296,658,638,0,1296,658,638
nightingale,L_VLDL_FC,gait_no_room_A,ensemble,1296,658,638,0,1296,658,638
nightingale,L_VLDL_L,gait_no_room_A,ensemble,1296,658,638,0,1296,658,638
nightingale,L_VLDL_P,gait_no_room_A,ensemble,1296,658,638,0,1296,658,638
nightingale,L_VLDL_PL,gait_no_room_A,ensemble,1296,658,638,0,1296,658,638
nightingale,L_VLDL_TG,gait_no_room_A,ensemble,1296,658,638,0,1296,658,638
nightingale,Lactate,gait_no_room_A,ensemble,1296,659,637,0,1296,659,637
nightingale,Leu,gait_no_room_A,ensemble,1297,659,638,0,1297,659,638
nightingale,MUFA,gait_no_room_A,ensemble,1295,658,637,0,1295,658,637
nightingale,M_HDL_C,gait_no_room_A,ensemble,1296,658,638,0,1296,658,638
nightingale,M_HDL_CE,gait_no_room_A,ensemble,1296,658,638,0,1296,658,638
nightingale,M_HDL_FC,gait_no_room_A,ensemble,1296,658,638,0,1296,658,638
nightingale,M_HDL_L,gait_no_room_A,ensemble,1296,658,638,0,1296,658,638
nightingale,M_HDL_P,gait_no_room_A,ensemble,1296,658,638,0,1296,658,638
nightingale,M_HDL_PL,gait_no_room_A,ensemble,1296,658,638,0,1296,658,638
nightingale,M_HDL_TG,gait_no_room_A,ensemble,1296,658,638,0,1296,658,638
nightingale,M_LDL_C,gait_no_room_A,ensemble,1296,658,638,0,1296,658,638
nightingale,M_LDL_CE,gait_no_room_A,ensemble,1296,658,638,0,1296,658,638
nightingale,M_LDL_FC,gait_no_room_A,ensemble,1296,658,638,0,1296,658,638
nightingale,M_LDL_L,gait_no_room_A,ensemble,1296,658,638,0,1296,658,638
nightingale,M_LDL_P,gait_no_room_A,ensemble,1296,658,638,0,1296,658,638
nightingale,M_LDL_PL,gait_no_room_A,ensemble,1296,658,638,0,1296,658,638
nightingale,M_LDL_TG,gait_no_room_A,ensemble,1296,658,638,0,1296,658,638
nightingale,M_VLDL_C,gait_no_room_A,ensemble,1296,658,638,0,1296,658,638
nightingale,M_VLDL_CE,gait_no_room_A,ensemble,1296,658,638,0,1296,658,638
nightingale,M_VLDL_FC,gait_no_room_A,ensemble,1296,658,638,0,1296,658,638
nightingale,M_VLDL_L,gait_no_room_A,ensemble,1296,658,638,0,1296,658,638
nightingale,M_VLDL_P,gait_no_room_A,ensemble,1296,658,638,0,1296,658,638
nightingale,M_VLDL_PL,gait_no_room_A,ensemble,1296,658,638,0,1296,658,638
nightingale,M_VLDL_TG,gait_no_room_A,ensemble,1296,658,638,0,1296,658,638
nightingale,Omega_3,gait_no_room_A,ensemble,1295,658,637,0,1295,658,637
nightingale,Omega_6,gait_no_room_A,ensemble,1295,658,637,0,1295,658,637
nightingale,PUFA,gait_no_room_A,ensemble,1295,658,637,0,1295,658,637
nightingale,Phe,gait_no_room_A,ensemble,1297,659,638,0,1297,659,638
nightingale,Phosphatidylc,gait_no_room_A,ensemble,1295,658,637,0,1295,658,637
nightingale,Phosphoglyc,gait_no_room_A,ensemble,1295,658,637,0,1295,658,637
nightingale,Pyruvate,gait_no_room_A,ensemble,1294,658,636,0,1294,658,636
nightingale,Remnant_C,gait_no_room_A,ensemble,1296,658,638,0,1296,658,638
nightingale,SFA,gait_no_room_A,ensemble,1295,658,637,0,1295,658,637
nightingale,S_HDL_C,gait_no_room_A,ensemble,1296,658,638,0,1296,658,638
nightingale,S_HDL_CE,gait_no_room_A,ensemble,1296,658,638,0,1296,658,638
nightingale,S_HDL_FC,gait_no_room_A,ensemble,1296,658,638,0,1296,658,638
nightingale,S_HDL_L,gait_no_room_A,ensemble,1296,658,638,0,1296,658,638
nightingale,S_HDL_P,gait_no_room_A,ensemble,1296,658,638,0,1296,658,638
nightingale,S_HDL_PL,gait_no_room_A,ensemble,1296,658,638,0,1296,658,638
nightingale,S_HDL_TG,gait_no_room_A,ensemble,1296,658,638,0,1296,658,638
nightingale,S_LDL_C,gait_no_room_A,ensemble,1296,658,638,0,1296,658,638
nightingale,S_LDL_CE,gait_no_room_A,ensemble,1296,658,638,0,1296,658,638
nightingale,S_LDL_FC,gait_no_room_A,ensemble,1296,658,638,0,1296,658,638
nightingale,S_LDL_L,gait_no_room_A,ensemble,1296,658,638,0,1296,658,638
nightingale,S_LDL_P,gait_no_room_A,ensemble,1296,658,638,0,1296,658,638
nightingale,S_LDL_PL,gait_no_room_A,ensemble,1296,658,638,0,1296,658,638
nightingale,S_LDL_TG,gait_no_room_A,ensemble,1296,658,638,0,1296,658,638
nightingale,S_VLDL_C,gait_no_room_A,ensemble,1296,658,638,0,1296,658,638
nightingale,S_VLDL_CE,gait_no_room_A,ensemble,1296,658,638,0,1296,658,638
nightingale,S_VLDL_FC,gait_no_room_A,ensemble,1296,658,638,0,1296,658,638
nightingale,S_VLDL_L,gait_no_room_A,ensemble,1296,658,638,0,1296,658,638
nightingale,S_VLDL_P,gait_no_room_A,ensemble,1296,658,638,0,1296,658,638
nightingale,S_VLDL_PL,gait_no_room_A,ensemble,1296,658,638,0,1296,658,638
nightingale,S_VLDL_TG,gait_no_room_A,ensemble,1296,658,638,0,1296,658,638
nightingale,Sphingomyelins,gait_no_room_A,ensemble,1295,658,637,0,1295,658,637
nightingale,Total_BCAA,gait_no_room_A,ensemble,1297,659,638,0,1297,659,638
nightingale,Total_C,gait_no_room_A,ensemble,1296,658,638,0,1296,658,638
nightingale,Total_CE,gait_no_room_A,ensemble,1296,658,638,0,1296,658,638
nightingale,Total_FA,gait_no_room_A,ensemble,1295,658,637,0,1295,658,637
nightingale,Total_FC,gait_no_room_A,ensemble,1296,658,638,0,1296,658,638
nightingale,Total_L,gait_no_room_A,ensemble,1296,658,638,0,1296,658,638
nightingale,Total_P,gait_no_room_A,ensemble,1296,658,638,0,1296,658,638
nightingale,Total_PL,gait_no_room_A,ensemble,1296,658,638,0,1296,658,638
nightingale,Total_TG,gait_no_room_A,ensemble,1296,658,638,0,1296,658,638
nightingale,Tyr,gait_no_room_A,ensemble,1297,659,638,0,1297,659,638
nightingale,VLDL_C,gait_no_room_A,ensemble,1296,658,638,0,1296,658,638
nightingale,VLDL_CE,gait_no_room_A,ensemble,1296,658,638,0,1296,658,638
nightingale,VLDL_FC,gait_no_room_A,ensemble,1296,658,638,0,1296,658,638
nightingale,VLDL_L,gait_no_room_A,ensemble,1296,658,638,0,1296,658,638
nightingale,VLDL_P,gait_no_room_A,ensemble,1296,658,638,0,1296,658,638
nightingale,VLDL_PL,gait_no_room_A,ensemble,1296,658,638,0,1296,658,638
nightingale,VLDL_TG,gait_no_room_A,ensemble,1296,658,638,0,1296,658,638
nightingale,VLDL_size,gait_no_room_A,ensemble,1296,658,638,0,1296,658,638
nightingale,Val,gait_no_room_A,ensemble,1297,659,638,0,1297,659,638
nightingale,XL_HDL_C,gait_no_room_A,ensemble,1296,658,638,0,1296,658,638
nightingale,XL_HDL_CE,gait_no_room_A,ensemble,1296,658,638,0,1296,658,638
nightingale,XL_HDL_FC,gait_no_room_A,ensemble,1296,658,638,0,1296,658,638
nightingale,XL_HDL_L,gait_no_room_A,ensemble,1296,658,638,0,1296,658,638
nightingale,XL_HDL_P,gait_no_room_A,ensemble,1296,658,638,0,1296,658,638
nightingale,XL_HDL_PL,gait_no_room_A,ensemble,1296,658,638,0,1296,658,638
nightingale,XL_HDL_TG,gait_no_room_A,ensemble,1296,658,638,0,1296,658,638
nightingale,XL_VLDL_C,gait_no_room_A,ensemble,1296,658,638,0,1296,658,638
nightingale,XL_VLDL_CE,gait_no_room_A,ensemble,1296,658,638,0,1296,658,638
nightingale,XL_VLDL_FC,gait_no_room_A,ensemble,1296,658,638,0,1296,658,638
nightingale,XL_VLDL_L,gait_no_room_A,ensemble,1296,658,638,0,1296,658,638
nightingale,XL_VLDL_P,gait_no_room_A,ensemble,1296,658,638,0,1296,658,638
nightingale,XL_VLDL_PL,gait_no_room_A,ensemble,1296,658,638,0,1296,658,638
nightingale,XL_VLDL_TG,gait_no_room_A,ensemble,1296,658,638,0,1296,658,638
nightingale,XS_VLDL_C,gait_no_room_A,ensemble,1296,658,638,0,1296,658,638
nightingale,XS_VLDL_CE,gait_no_room_A,ensemble,1296,658,638,0,1296,658,638
nightingale,XS_VLDL_FC,gait_no_room_A,ensemble,1296,658,638,0,1296,658,638
nightingale,XS_VLDL_L,gait_no_room_A,ensemble,1296,658,638,0,1296,658,638
nightingale,XS_VLDL_P,gait_no_room_A,ensemble,1296,658,638,0,1296,658,638
nightingale,XS_VLDL_PL,gait_no_room_A,ensemble,1296,658,638,0,1296,658,638
nightingale,XS_VLDL_TG,gait_no_room_A,ensemble,1296,658,638,0,1296,658,638
nightingale,XXL_VLDL_C,gait_no_room_A,ensemble,1296,658,638,0,1296,658,638
nightingale,XXL_VLDL_CE,gait_no_room_A,ensemble,1296,658,638,0,1296,658,638
nightingale,XXL_VLDL_FC,gait_no_room_A,ensemble,1296,658,638,0,1296,658,638
nightingale,XXL_VLDL_L,gait_no_room_A,ensemble,1296,658,638,0,1296,658,638
nightingale,XXL_VLDL_P,gait_no_room_A,ensemble,1296,658,638,0,1296,658,638
nightingale,XXL_VLDL_PL,gait_no_room_A,ensemble,1296,658,638,0,1296,658,638
nightingale,XXL_VLDL_TG,gait_no_room_A,ensemble,1296,658,638,0,1296,658,638
nightingale,bOHbutyrate,gait_no_room_A,ensemble,1237,638,599,0,1237,638,599
nightingale,nightingale_Glucose,gait_no_room_A,ensemble,1296,659,637,0,1296,659,637
nightingale,non_HDL_C,gait_no_room_A,ensemble,1296,658,638,0,1296,658,638
proteomics,ABI3BP,gait_no_room_A,ensemble,925,496,429,0,925,496,429
proteomics,ABL1,gait_no_room_A,ensemble,925,496,429,0,925,496,429
proteomics,ACAA1,gait_no_room_A,ensemble,925,496,429,0,925,496,429
proteomics,ACAN,gait_no_room_A,ensemble,925,496,429,0,925,496,429
proteomics,ACE2,gait_no_room_A,ensemble,925,496,429,0,925,496,429
proteomics,ACP1,gait_no_room_A,ensemble,925,496,429,0,925,496,429
proteomics,ACP3,gait_no_room_A,ensemble,925,496,429,0,925,496,429
proteomics,ACP6,gait_no_room_A,ensemble,925,496,429,0,925,496,429
proteomics,ACRV1,gait_no_room_A,ensemble,925,496,429,0,925,496,429
proteomics,ACVRL1,gait_no_room_A,ensemble,925,496,429,0,925,496,429
proteomics,ACY3,gait_no_room_A,ensemble,925,496,429,0,925,496,429
proteomics,ADA,gait_no_room_A,ensemble,925,496,429,0,925,496,429
proteomics,ADAM12,gait_no_room_A,ensemble,915,489,426,0,915,489,426
proteomics,ADAM15,gait_no_room_A,ensemble,925,496,429,0,925,496,429
proteomics,ADAM22,gait_no_room_A,ensemble,925,496,429,0,925,496,429
proteomics,ADAM23,gait_no_room_A,ensemble,925,496,429,0,925,496,429
proteomics,ADAM8,gait_no_room_A,ensemble,925,496,429,0,925,496,429
proteomics,ADAMTS1,gait_no_room_A,ensemble,925,496,429,0,925,496,429
proteomics,ADAMTS15,gait_no_room_A,ensemble,925,496,429,0,925,496,429
proteomics,ADAMTSL4,gait_no_room_A,ensemble,925,496,429,0,925,496,429
proteomics,ADGRB1,gait_no_room_A,ensemble,925,496,429,0,925,496,429
proteomics,ADGRB3,gait_no_room_A,ensemble,925,496,429,0,925,496,429
proteomics,ADGRE1,gait_no_room_A,ensemble,921,493,428,0,921,493,428
proteomics,ADGRE3,gait_no_room_A,ensemble,925,496,429,0,925,496,429
proteomics,ADGRG3,gait_no_room_A,ensemble,900,483,417,0,900,483,417
proteomics,ADH4,gait_no_room_A,ensemble,925,496,429,0,925,496,429
proteomics,ADM,gait_no_room_A,ensemble,906,483,423,0,906,483,423
proteomics,ADSL,gait_no_room_A,ensemble,925,496,429,0,925,496,429
proteomics,AFAP1L1,gait_no_room_A,ensemble,895,478,417,0,895,478,417
proteomics,AFAP1L2,gait_no_room_A,ensemble,925,496,429,0,925,496,429
proteomics,AGR2,gait_no_room_A,ensemble,925,496,429,0,925,496,429
proteomics,AGRP,gait_no_room_A,ensemble,925,496,429,0,925,496,429
proteomics,AHNAK,gait_no_room_A,ensemble,925,496,429,0,925,496,429
proteomics,AHNAK2,gait_no_room_A,ensemble,925,496,429,0,925,496,429
proteomics,AHSA1,gait_no_room_A,ensemble,925,496,429,0,925,496,429
proteomics,AIF1,gait_no_room_A,ensemble,925,496,429,0,925,496,429
proteomics,AKAP2,gait_no_room_A,ensemble,925,496,429,0,925,496,429
proteomics,AKAP8,gait_no_room_A,ensemble,846,456,390,0,846,456,390
proteomics,AKT1S1,gait_no_room_A,ensemble,925,496,429,0,925,496,429
proteomics,AKT2,gait_no_room_A,ensemble,925,496,429,0,925,496,429
proteomics,AKT3,gait_no_room_A,ensemble,622,340,282,0,622,340,282
proteomics,ALDH3A1,gait_no_room_A,ensemble,925,496,429,0,925,496,429
proteomics,ALK,gait_no_room_A,ensemble,925,496,429,0,925,496,429
proteomics,ALPI,gait_no_room_A,ensemble,925,496,429,0,925,496,429
proteomics,AMDHD1,gait_no_room_A,ensemble,925,496,429,0,925,496,429
proteomics,AMIGO2,gait_no_room_A,ensemble,925,496,429,0,925,496,429
proteomics,ANKMY2,gait_no_room_A,ensemble,925,496,429,0,925,496,429
proteomics,ANKRD11,gait_no_room_A,ensemble,925,496,429,0,925,496,429
proteomics,ANP32E,gait_no_room_A,ensemble,904,489,415,0,904,489,415
proteomics,ANXA10,gait_no_room_A,ensemble,925,496,429,0,925,496,429
proteomics,ANXA2,gait_no_room_A,ensemble,858,460,398,0,858,460,398
proteomics,AOC1,gait_no_room_A,ensemble,907,490,417,0,907,490,417
proteomics,AP3B1,gait_no_room_A,ensemble,925,496,429,0,925,496,429
proteomics,APBB1IP,gait_no_room_A,ensemble,925,496,429,0,925,496,429
proteomics,APEX1,gait_no_room_A,ensemble,925,496,429,0,925,496,429
proteomics,APIP,gait_no_room_A,ensemble,925,496,429,0,925,496,429
proteomics,ARG1,gait_no_room_A,ensemble,920,493,427,0,920,493,427
proteomics,ARHGEF12,gait_no_room_A,ensemble,895,478,417,0,895,478,417
proteomics,ARHGEF2,gait_no_room_A,ensemble,925,496,429,0,925,496,429
proteomics,ASGR1,gait_no_room_A,ensemble,925,496,429,0,925,496,429
proteomics,ASPSCR1,gait_no_room_A,ensemble,925,496,429,0,925,496,429
proteomics,ASS1,gait_no_room_A,ensemble,925,496,429,0,925,496,429
proteomics,ATAD3B,gait_no_room_A,ensemble,925,496,429,0,925,496,429
proteomics,ATE1,gait_no_room_A,ensemble,925,496,429,0,925,496,429
proteomics,ATF1,gait_no_room_A,ensemble,605,320,285,0,605,320,285
proteomics,ATF2,gait_no_room_A,ensemble,925,496,429,0,925,496,429
proteomics,ATG16L1,gait_no_room_A,ensemble,925,496,429,0,925,496,429
proteomics,ATOX1,gait_no_room_A,ensemble,925,496,429,0,925,496,429
proteomics,ATP6AP2,gait_no_room_A,ensemble,925,496,429,0,925,496,429
proteomics,ATP6V0D1,gait_no_room_A,ensemble,925,496,429,0,925,496,429
proteomics,ATP6V1F,gait_no_room_A,ensemble,925,496,429,0,925,496,429
proteomics,ATP6V1G1,gait_no_room_A,ensemble,925,496,429,0,925,496,429
proteomics,ATP6V1G2,gait_no_room_A,ensemble,925,496,429,0,925,496,429
proteomics,ATRAID,gait_no_room_A,ensemble,925,496,429,0,925,496,429
proteomics,ATXN3,gait_no_room_A,ensemble,925,496,429,0,925,496,429
proteomics,AXIN1,gait_no_room_A,ensemble,925,496,429,0,925,496,429
proteomics,AZI2,gait_no_room_A,ensemble,925,496,429,0,925,496,429
proteomics,B3GNT7,gait_no_room_A,ensemble,925,496,429,0,925,496,429
proteomics,BACE1,gait_no_room_A,ensemble,900,483,417,0,900,483,417
proteomics,BACH1,gait_no_room_A,ensemble,925,496,429,0,925,496,429
proteomics,BAG4,gait_no_room_A,ensemble,925,496,429,0,925,496,429
proteomics,BAG5,gait_no_room_A,ensemble,925,496,429,0,925,496,429
proteomics,BAG6,gait_no_room_A,ensemble,925,496,429,0,925,496,429
proteomics,BAIAP2,gait_no_room_A,ensemble,925,496,429,0,925,496,429
proteomics,BANK1,gait_no_room_A,ensemble,925,496,429,0,925,496,429
proteomics,BAX,gait_no_room_A,ensemble,925,496,429,0,925,496,429
proteomics,BCAN,gait_no_room_A,ensemble,925,496,429,0,925,496,429
proteomics,BCL2L1,gait_no_room_A,ensemble,925,496,429,0,925,496,429
proteomics,BCL2L15,gait_no_room_A,ensemble,925,496,429,0,925,496,429
proteomics,BCR,gait_no_room_A,ensemble,925,496,429,0,925,496,429
proteomics,BGN,gait_no_room_A,ensemble,632,336,296,0,632,336,296
proteomics,BLNK,gait_no_room_A,ensemble,925,496,429,0,925,496,429
proteomics,BMP4,gait_no_room_A,ensemble,907,487,420,0,907,487,420
proteomics,BMP6,gait_no_room_A,ensemble,906,483,423,0,906,483,423
proteomics,BMP7,gait_no_room_A,ensemble,925,496,429,0,925,496,429
proteomics,BNIP3L,gait_no_room_A,ensemble,925,496,429,0,925,496,429
proteomics,BOC,gait_no_room_A,ensemble,925,496,429,0,925,496,429
proteomics,BOLA2,gait_no_room_A,ensemble,925,496,429,0,925,496,429
proteomics,BPIFA2,gait_no_room_A,ensemble,925,496,429,0,925,496,429
proteomics,BRD2,gait_no_room_A,ensemble,914,490,424,0,914,490,424
proteomics,BSG,gait_no_room_A,ensemble,925,496,429,0,925,496,429
proteomics,BTC,gait_no_room_A,ensemble,925,496,429,0,925,496,429
proteomics,BTLA,gait_no_room_A,ensemble,849,452,397,0,849,452,397
proteomics,BTN1A1,gait_no_room_A,ensemble,899,482,417,0,899,482,417
proteomics,BTN3A2,gait_no_room_A,ensemble,925,496,429,0,925,496,429
proteomics,BTNL9,gait_no_room_A,ensemble,925,496,429,0,925,496,429
proteomics,C16orf89,gait_no_room_A,ensemble,925,496,429,0,925,496,429
proteomics,C1QA,gait_no_room_A,ensemble,925,496,429,0,925,496,429
proteomics,C1QL2,gait_no_room_A,ensemble,925,496,429,0,925,496,429
proteomics,C1QTNF6,gait_no_room_A,ensemble,919,492,427,0,919,492,427
proteomics,C4BPB,gait_no_room_A,ensemble,925,496,429,0,925,496,429
proteomics,C8orf34,gait_no_room_A,ensemble,925,496,429,0,925,496,429
proteomics,C9orf40,gait_no_room_A,ensemble,925,496,429,0,925,496,429
proteomics,CA12,gait_no_room_A,ensemble,925,496,429,0,925,496,429
proteomics,CA14,gait_no_room_A,ensemble,925,496,429,0,925,496,429
proteomics,CA9,gait_no_room_A,ensemble,925,496,429,0,925,496,429
proteomics,CALCA,gait_no_room_A,ensemble,925,496,429,0,925,496,429
proteomics,CALCB,gait_no_room_A,ensemble,925,496,429,0,925,496,429
proteomics,CALCOCO1,gait_no_room_A,ensemble,925,496,429,0,925,496,429
proteomics,CALCOCO2,gait_no_room_A,ensemble,925,496,429,0,925,496,429
proteomics,CALML4,gait_no_room_A,ensemble,925,496,429,0,925,496,429
proteomics,CAMK4,gait_no_room_A,ensemble,925,496,429,0,925,496,429
proteomics,CAMSAP1,gait_no_room_A,ensemble,925,496,429,0,925,496,429
proteomics,CAPG,gait_no_room_A,ensemble,925,496,429,0,925,496,429
proteomics,CAPN3,gait_no_room_A,ensemble,925,496,429,0,925,496,429
proteomics,CAPS,gait_no_room_A,ensemble,925,496,429,0,925,496,429
proteomics,CASP1,gait_no_room_A,ensemble,925,496,429,0,925,496,429
proteomics,CASP10,gait_no_room_A,ensemble,925,496,429,0,925,496,429
proteomics,CASP2,gait_no_room_A,ensemble,925,496,429,0,925,496,429
proteomics,CASP4,gait_no_room_A,ensemble,925,496,429,0,925,496,429
proteomics,CASP7,gait_no_room_A,ensemble,900,483,417,0,900,483,417
proteomics,CASP8,gait_no_room_A,ensemble,925,496,429,0,925,496,429
proteomics,CASP9,gait_no_room_A,ensemble,925,496,429,0,925,496,429
proteomics,CAST,gait_no_room_A,ensemble,925,496,429,0,925,496,429
proteomics,CBLB,gait_no_room_A,ensemble,925,496,429,0,925,496,429
proteomics,CBLN4,gait_no_room_A,ensemble,925,496,429,0,925,496,429
proteomics,CBS,gait_no_room_A,ensemble,925,496,429,0,925,496,429
proteomics,CC2D1A,gait_no_room_A,ensemble,925,496,429,0,925,496,429
proteomics,CCAR1,gait_no_room_A,ensemble,925,496,429,0,925,496,429
proteomics,CCER2,gait_no_room_A,ensemble,925,496,429,0,925,496,429
proteomics,CCK,gait_no_room_A,ensemble,925,496,429,0,925,496,429
proteomics,CCL11,gait_no_room_A,ensemble,925,496,429,0,925,496,429
proteomics,CCL19,gait_no_room_A,ensemble,925,496,429,0,925,496,429
proteomics,CCL2,gait_no_room_A,ensemble,925,496,429,0,925,496,429
proteomics,CCL20,gait_no_room_A,ensemble,925,496,429,0,925,496,429
proteomics,CCL23,gait_no_room_A,ensemble,925,496,429,0,925,496,429
proteomics,CCL25,gait_no_room_A,ensemble,925,496,429,0,925,496,429
proteomics,CCL26,gait_no_room_A,ensemble,925,496,429,0,925,496,429
proteomics,CCL28,gait_no_room_A,ensemble,925,496,429,0,925,496,429
proteomics,CCL3,gait_no_room_A,ensemble,925,496,429,0,925,496,429
proteomics,CCL4,gait_no_room_A,ensemble,925,496,429,0,925,496,429
proteomics,CCL7,gait_no_room_A,ensemble,734,389,345,0,734,389,345
proteomics,CCL8,gait_no_room_A,ensemble,925,496,429,0,925,496,429
proteomics,CCN1,gait_no_room_A,ensemble,925,496,429,0,925,496,429
proteomics,CCN4,gait_no_room_A,ensemble,925,496,429,0,925,496,429
proteomics,CCND1,gait_no_room_A,ensemble,925,496,429,0,925,496,429
proteomics,CD101,gait_no_room_A,ensemble,925,496,429,0,925,496,429
proteomics,CD160,gait_no_room_A,ensemble,925,496,429,0,925,496,429
proteomics,CD200,gait_no_room_A,ensemble,925,496,429,0,925,496,429
proteomics,CD200R1,gait_no_room_A,ensemble,925,496,429,0,925,496,429
proteomics,CD207,gait_no_room_A,ensemble,925,496,429,0,925,496,429
proteomics,CD22,gait_no_room_A,ensemble,925,496,429,0,925,496,429
proteomics,CD226,gait_no_room_A,ensemble,925,496,429,0,925,496,429
proteomics,CD244,gait_no_room_A,ensemble,925,496,429,0,925,496,429
proteomics,CD274,gait_no_room_A,ensemble,925,496,429,0,925,496,429
proteomics,CD28,gait_no_room_A,ensemble,888,473,415,0,888,473,415
proteomics,CD300E,gait_no_room_A,ensemble,925,496,429,0,925,496,429
proteomics,CD300LB,gait_no_room_A,ensemble,925,496,429,0,925,496,429
proteomics,CD302,gait_no_room_A,ensemble,925,496,429,0,925,496,429
proteomics,CD33,gait_no_room_A,ensemble,925,496,429,0,925,496,429
proteomics,CD38,gait_no_room_A,ensemble,925,496,429,0,925,496,429
proteomics,CD4,gait_no_room_A,ensemble,925,496,429,0,925,496,429
proteomics,CD40LG,gait_no_room_A,ensemble,906,483,423,0,906,483,423
proteomics,CD5,gait_no_room_A,ensemble,925,496,429,0,925,496,429
proteomics,CD6,gait_no_room_A,ensemble,925,496,429,0,925,496,429
proteomics,CD63,gait_no_room_A,ensemble,925,496,429,0,925,496,429
proteomics,CD7,gait_no_room_A,ensemble,925,496,429,0,925,496,429
proteomics,CD70,gait_no_room_A,ensemble,925,496,429,0,925,496,429
proteomics,CD79B,gait_no_room_A,ensemble,925,496,429,0,925,496,429
proteomics,CD83,gait_no_room_A,ensemble,925,496,429,0,925,496,429
proteomics,CD84,gait_no_room_A,ensemble,925,496,429,0,925,496,429
proteomics,CD86,gait_no_room_A,ensemble,925,496,429,0,925,496,429
proteomics,CDC26,gait_no_room_A,ensemble,925,496,429,0,925,496,429
proteomics,CDCP1,gait_no_room_A,ensemble,925,496,429,0,925,496,429
proteomics,CDH3,gait_no_room_A,ensemble,925,496,429,0,925,496,429
proteomics,CDKN1A,gait_no_room_A,ensemble,900,483,417,0,900,483,417
proteomics,CDNF,gait_no_room_A,ensemble,925,496,429,0,925,496,429
proteomics,CDSN,gait_no_room_A,ensemble,920,493,427,0,920,493,427
proteomics,CEACAM16,gait_no_room_A,ensemble,925,496,429,0,925,496,429
proteomics,CEACAM19,gait_no_room_A,ensemble,925,496,429,0,925,496,429
proteomics,CEACAM21,gait_no_room_A,ensemble,925,496,429,0,925,496,429
proteomics,CEACAM3,gait_no_room_A,ensemble,925,496,429,0,925,496,429
proteomics,CEACAM5,gait_no_room_A,ensemble,922,494,428,0,922,494,428
proteomics,CEACAM8,gait_no_room_A,ensemble,925,496,429,0,925,496,429
proteomics,CEBPA,gait_no_room_A,ensemble,925,496,429,0,925,496,429
proteomics,CEBPB,gait_no_room_A,ensemble,925,496,429,0,925,496,429
proteomics,CEMIP2,gait_no_room_A,ensemble,925,496,429,0,925,496,429
proteomics,CENPS,gait_no_room_A,ensemble,868,462,406,0,868,462,406
proteomics,CEP164,gait_no_room_A,ensemble,925,496,429,0,925,496,429
proteomics,CES2,gait_no_room_A,ensemble,925,496,429,0,925,496,429
proteomics,CES3,gait_no_room_A,ensemble,925,496,429,0,925,496,429
proteomics,CFAP36,gait_no_room_A,ensemble,925,496,429,0,925,496,429
proteomics,CFC1,gait_no_room_A,ensemble,925,496,429,0,925,496,429
proteomics,CFDP1,gait_no_room_A,ensemble,925,496,429,0,925,496,429
proteomics,CHCHD6,gait_no_room_A,ensemble,925,496,429,0,925,496,429
proteomics,CHRM1,gait_no_room_A,ensemble,925,496,429,0,925,496,429
proteomics,CHRM3,gait_no_room_A,ensemble,925,496,429,0,925,496,429
proteomics,CHST2,gait_no_room_A,ensemble,925,496,429,0,925,496,429
proteomics,CHUK,gait_no_room_A,ensemble,925,496,429,0,925,496,429
proteomics,CKAP4,gait_no_room_A,ensemble,925,496,429,0,925,496,429
proteomics,CLEC10A,gait_no_room_A,ensemble,925,496,429,0,925,496,429
proteomics,CLEC12A,gait_no_room_A,ensemble,925,496,429,0,925,496,429
proteomics,CLEC1A,gait_no_room_A,ensemble,925,496,429,0,925,496,429
proteomics,CLEC4A,gait_no_room_A,ensemble,925,496,429,0,925,496,429
proteomics,CLEC4C,gait_no_room_A,ensemble,925,496,429,0,925,496,429
proteomics,CLEC4D,gait_no_room_A,ensemble,925,496,429,0,925,496,429
proteomics,CLEC4G,gait_no_room_A,ensemble,925,496,429,0,925,496,429
proteomics,CLEC5A,gait_no_room_A,ensemble,925,496,429,0,925,496,429
proteomics,CLEC6A,gait_no_room_A,ensemble,925,496,429,0,925,496,429
proteomics,CLEC7A,gait_no_room_A,ensemble,925,496,429,0,925,496,429
proteomics,CLSTN2,gait_no_room_A,ensemble,925,496,429,0,925,496,429
proteomics,CLSTN3,gait_no_room_A,ensemble,925,496,429,0,925,496,429
proteomics,CLTA,gait_no_room_A,ensemble,915,489,426,0,915,489,426
proteomics,CNP,gait_no_room_A,ensemble,925,496,429,0,925,496,429
proteomics,CNPY4,gait_no_room_A,ensemble,912,488,424,0,912,488,424
proteomics,CNTN2,gait_no_room_A,ensemble,925,496,429,0,925,496,429
proteomics,CNTNAP2,gait_no_room_A,ensemble,925,496,429,0,925,496,429
proteomics,COL24A1,gait_no_room_A,ensemble,925,496,429,0,925,496,429
proteomics,COL28A1,gait_no_room_A,ensemble,925,496,429,0,925,496,429
proteomics,COL9A1,gait_no_room_A,ensemble,925,496,429,0,925,496,429
proteomics,COMMD9,gait_no_room_A,ensemble,925,496,429,0,925,496,429
proteomics,COMT,gait_no_room_A,ensemble,925,496,429,0,925,496,429
proteomics,CPE,gait_no_room_A,ensemble,891,473,418,0,891,473,418
proteomics,CPVL,gait_no_room_A,ensemble,925,496,429,0,925,496,429
proteomics,CRACR2A,gait_no_room_A,ensemble,925,496,429,0,925,496,429
proteomics,CRADD,gait_no_room_A,ensemble,925,496,429,0,925,496,429
proteomics,CRH,gait_no_room_A,ensemble,925,496,429,0,925,496,429
proteomics,CRISP2,gait_no_room_A,ensemble,925,496,429,0,925,496,429
proteomics,CRNN,gait_no_room_A,ensemble,925,496,429,0,925,496,429
proteomics,CRTAM,gait_no_room_A,ensemble,925,496,429,0,925,496,429
proteomics,CRYZL1,gait_no_room_A,ensemble,925,496,429,0,925,496,429
proteomics,CSF1,gait_no_room_A,ensemble,925,496,429,0,925,496,429
proteomics,CSF2,gait_no_room_A,ensemble,925,496,429,0,925,496,429
proteomics,CSF2RB,gait_no_room_A,ensemble,925,496,429,0,925,496,429
proteomics,CSF3,gait_no_room_A,ensemble,925,496,429,0,925,496,429
proteomics,CSF3R,gait_no_room_A,ensemble,925,496,429,0,925,496,429
proteomics,CSNK1D,gait_no_room_A,ensemble,925,496,429,0,925,496,429
proteomics,CSRP3,gait_no_room_A,ensemble,925,496,429,0,925,496,429
proteomics,CST5,gait_no_room_A,ensemble,925,496,429,0,925,496,429
proteomics,CTF1,gait_no_room_A,ensemble,925,496,429,0,925,496,429
proteomics,CTH,gait_no_room_A,ensemble,925,496,429,0,925,496,429
proteomics,CTRC,gait_no_room_A,ensemble,925,496,429,0,925,496,429
proteomics,CTRL,gait_no_room_A,ensemble,925,496,429,0,925,496,429
proteomics,CTSF,gait_no_room_A,ensemble,447,246,201,0,447,246,201
proteomics,CTSH,gait_no_room_A,ensemble,925,496,429,0,925,496,429
proteomics,CTSO,gait_no_room_A,ensemble,925,496,429,0,925,496,429
proteomics,CTSV,gait_no_room_A,ensemble,920,493,427,0,920,493,427
proteomics,CX3CL1,gait_no_room_A,ensemble,925,496,429,0,925,496,429
proteomics,CXADR,gait_no_room_A,ensemble,925,496,429,0,925,496,429
proteomics,CXCL1,gait_no_room_A,ensemble,906,483,423,0,906,483,423
proteomics,CXCL10,gait_no_room_A,ensemble,925,496,429,0,925,496,429
proteomics,CXCL11,gait_no_room_A,ensemble,925,496,429,0,925,496,429
proteomics,CXCL12,gait_no_room_A,ensemble,925,496,429,0,925,496,429
proteomics,CXCL17,gait_no_room_A,ensemble,925,496,429,0,925,496,429
proteomics,CXCL6,gait_no_room_A,ensemble,925,496,429,0,925,496,429
proteomics,CXCL8,gait_no_room_A,ensemble,925,496,429,0,925,496,429
proteomics,CXCL9,gait_no_room_A,ensemble,925,496,429,0,925,496,429
proteomics,CYB5R2,gait_no_room_A,ensemble,925,496,429,0,925,496,429
proteomics,CYLD,gait_no_room_A,ensemble,925,496,429,0,925,496,429
proteomics,DAPK2,gait_no_room_A,ensemble,925,496,429,0,925,496,429
proteomics,DAPP1,gait_no_room_A,ensemble,925,496,429,0,925,496,429
proteomics,DBN1,gait_no_room_A,ensemble,916,494,422,0,916,494,422
proteomics,DCN,gait_no_room_A,ensemble,874,463,411,0,874,463,411
proteomics,DCPS,gait_no_room_A,ensemble,925,496,429,0,925,496,429
proteomics,DCTN1,gait_no_room_A,ensemble,925,496,429,0,925,496,429
proteomics,DCTN2,gait_no_room_A,ensemble,925,496,429,0,925,496,429
proteomics,DCTN4,gait_no_room_A,ensemble,925,496,429,0,925,496,429
proteomics,DDX21,gait_no_room_A,ensemble,925,496,429,0,925,496,429
proteomics,DDX39A,gait_no_room_A,ensemble,925,496,429,0,925,496,429
proteomics,DDX60,gait_no_room_A,ensemble,677,357,320,0,677,357,320
proteomics,DECR1,gait_no_room_A,ensemble,867,466,401,0,867,466,401
proteomics,DEFB103A_DEFB103B,gait_no_room_A,ensemble,824,443,381,0,824,443,381
proteomics,DENR,gait_no_room_A,ensemble,925,496,429,0,925,496,429
proteomics,DFFA,gait_no_room_A,ensemble,925,496,429,0,925,496,429
proteomics,DGKA,gait_no_room_A,ensemble,925,496,429,0,925,496,429
proteomics,DHPS,gait_no_room_A,ensemble,891,480,411,0,891,480,411
proteomics,DHX36,gait_no_room_A,ensemble,925,496,429,0,925,496,429
proteomics,DKK4,gait_no_room_A,ensemble,925,496,429,0,925,496,429
proteomics,DLG4,gait_no_room_A,ensemble,925,496,429,0,925,496,429
proteomics,DNAJA4,gait_no_room_A,ensemble,925,496,429,0,925,496,429
proteomics,DNAJB1,gait_no_room_A,ensemble,925,496,429,0,925,496,429
proteomics,DNAJC6,gait_no_room_A,ensemble,925,496,429,0,925,496,429
proteomics,DNM1,gait_no_room_A,ensemble,925,496,429,0,925,496,429
proteomics,DNM3,gait_no_room_A,ensemble,925,496,429,0,925,496,429
proteomics,DNMBP,gait_no_room_A,ensemble,925,496,429,0,925,496,429
proteomics,DNPEP,gait_no_room_A,ensemble,925,496,429,0,925,496,429
proteomics,DPEP1,gait_no_room_A,ensemble,925,496,429,0,925,496,429
proteomics,DPEP2,gait_no_room_A,ensemble,925,496,429,0,925,496,429
proteomics,DPP10,gait_no_room_A,ensemble,925,496,429,0,925,496,429
proteomics,DPP6,gait_no_room_A,ensemble,925,496,429,0,925,496,429
proteomics,DPY30,gait_no_room_A,ensemble,925,496,429,0,925,496,429
proteomics,DRAXIN,gait_no_room_A,ensemble,900,483,417,0,900,483,417
proteomics,DSG3,gait_no_room_A,ensemble,925,496,429,0,925,496,429
proteomics,DTNB,gait_no_room_A,ensemble,925,496,429,0,925,496,429
proteomics,DTX3,gait_no_room_A,ensemble,925,496,429,0,925,496,429
proteomics,DTX3L,gait_no_room_A,ensemble,903,480,423,0,903,480,423
proteomics,DUT,gait_no_room_A,ensemble,710,373,337,0,710,373,337
proteomics,DYNC1H1,gait_no_room_A,ensemble,900,483,417,0,900,483,417
proteomics,DYNC1I2,gait_no_room_A,ensemble,901,482,419,0,901,482,419
proteomics,EBAG9,gait_no_room_A,ensemble,925,496,429,0,925,496,429
proteomics,EBI3_IL27,gait_no_room_A,ensemble,925,496,429,0,925,496,429
proteomics,ECE1,gait_no_room_A,ensemble,925,496,429,0,925,496,429
proteomics,ECSIT,gait_no_room_A,ensemble,903,483,420,0,903,483,420
proteomics,EDA2R,gait_no_room_A,ensemble,925,496,429,0,925,496,429
proteomics,EDAR,gait_no_room_A,ensemble,925,496,429,0,925,496,429
proteomics,EDNRB,gait_no_room_A,ensemble,925,496,429,0,925,496,429
proteomics,EFHD2,gait_no_room_A,ensemble,925,496,429,0,925,496,429
proteomics,EFNA4,gait_no_room_A,ensemble,925,496,429,0,925,496,429
proteomics,EGFLAM,gait_no_room_A,ensemble,925,496,429,0,925,496,429
proteomics,EGLN1,gait_no_room_A,ensemble,925,496,429,0,925,496,429
proteomics,EHD4,gait_no_room_A,ensemble,925,496,429,0,925,496,429
proteomics,EIF2S2,gait_no_room_A,ensemble,904,489,415,0,904,489,415
proteomics,EIF4E,gait_no_room_A,ensemble,890,478,412,0,890,478,412
proteomics,EIF4E2,gait_no_room_A,ensemble,925,496,429,0,925,496,429
proteomics,ELOB,gait_no_room_A,ensemble,925,496,429,0,925,496,429
proteomics,EML4,gait_no_room_A,ensemble,925,496,429,0,925,496,429
proteomics,ENAH,gait_no_room_A,ensemble,668,362,306,0,668,362,306
proteomics,ENDOU,gait_no_room_A,ensemble,925,496,429,0,925,496,429
proteomics,ENPP1,gait_no_room_A,ensemble,925,496,429,0,925,496,429
proteomics,ENPP6,gait_no_room_A,ensemble,925,496,429,0,925,496,429
proteomics,ENTPD5,gait_no_room_A,ensemble,925,496,429,0,925,496,429
proteomics,ENTPD6,gait_no_room_A,ensemble,925,496,429,0,925,496,429
proteomics,EPB41L3,gait_no_room_A,ensemble,925,496,429,0,925,496,429
proteomics,EPHA2,gait_no_room_A,ensemble,925,496,429,0,925,496,429
proteomics,EPHB6,gait_no_room_A,ensemble,925,496,429,0,925,496,429
proteomics,EPS8L2,gait_no_room_A,ensemble,721,388,333,0,721,388,333
proteomics,ERBB4,gait_no_room_A,ensemble,925,496,429,0,925,496,429
proteomics,EREG,gait_no_room_A,ensemble,906,483,423,0,906,483,423
proteomics,ERF,gait_no_room_A,ensemble,925,496,429,0,925,496,429
proteomics,ERG,gait_no_room_A,ensemble,900,483,417,0,900,483,417
proteomics,ERN1,gait_no_room_A,ensemble,12,4,8,0,12,4,8
proteomics,ERP44,gait_no_room_A,ensemble,925,496,429,0,925,496,429
proteomics,ESR1,gait_no_room_A,ensemble,925,496,429,0,925,496,429
proteomics,EVA1C,gait_no_room_A,ensemble,925,496,429,0,925,496,429
proteomics,EVI5,gait_no_room_A,ensemble,508,265,243,0,508,265,243
proteomics,EVL,gait_no_room_A,ensemble,925,496,429,0,925,496,429
proteomics,EXOSC3,gait_no_room_A,ensemble,925,496,429,0,925,496,429
proteomics,EZR,gait_no_room_A,ensemble,925,496,429,0,925,496,429
proteomics,F3,gait_no_room_A,ensemble,925,496,429,0,925,496,429
proteomics,FAF2,gait_no_room_A,ensemble,925,496,429,0,925,496,429
proteomics,FAM3B,gait_no_room_A,ensemble,925,496,429,0,925,496,429
proteomics,FAM3D,gait_no_room_A,ensemble,925,496,429,0,925,496,429
proteomics,FASLG,gait_no_room_A,ensemble,925,496,429,0,925,496,429
proteomics,FBXO28,gait_no_room_A,ensemble,925,496,429,0,925,496,429
proteomics,FBXO40,gait_no_room_A,ensemble,925,496,429,0,925,496,429
proteomics,FCAR,gait_no_room_A,ensemble,925,496,429,0,925,496,429
proteomics,FCER1A,gait_no_room_A,ensemble,925,496,429,0,925,496,429
proteomics,FCRL2,gait_no_room_A,ensemble,925,496,429,0,925,496,429
proteomics,FCRL3,gait_no_room_A,ensemble,920,493,427,0,920,493,427
proteomics,FCRL6,gait_no_room_A,ensemble,925,496,429,0,925,496,429
proteomics,FGF19,gait_no_room_A,ensemble,925,496,429,0,925,496,429
proteomics,FGF2,gait_no_room_A,ensemble,851,457,394,0,851,457,394
proteomics,FGF21,gait_no_room_A,ensemble,925,496,429,0,925,496,429
proteomics,FGF23,gait_no_room_A,ensemble,925,496,429,0,925,496,429
proteomics,FGF5,gait_no_room_A,ensemble,907,490,417,0,907,490,417
proteomics,FGFBP3,gait_no_room_A,ensemble,925,496,429,0,925,496,429
proteomics,FGR,gait_no_room_A,ensemble,925,496,429,0,925,496,429
proteomics,FHIT,gait_no_room_A,ensemble,925,496,429,0,925,496,429
proteomics,FKBP10,gait_no_room_A,ensemble,925,496,429,0,925,496,429
proteomics,FKBP15,gait_no_room_A,ensemble,925,496,429,0,925,496,429
proteomics,FKBP4,gait_no_room_A,ensemble,925,496,429,0,925,496,429
proteomics,FKBP5,gait_no_room_A,ensemble,925,496,429,0,925,496,429
proteomics,FKBPL,gait_no_room_A,ensemble,925,496,429,0,925,496,429
proteomics,FLRT2,gait_no_room_A,ensemble,925,496,429,0,925,496,429
proteomics,FLT3,gait_no_room_A,ensemble,925,496,429,0,925,496,429
proteomics,FLT3LG,gait_no_room_A,ensemble,925,496,429,0,925,496,429
proteomics,FMNL1,gait_no_room_A,ensemble,925,496,429,0,925,496,429
proteomics,FNDC1,gait_no_room_A,ensemble,925,496,429,0,925,496,429
proteomics,FNTA,gait_no_room_A,ensemble,925,496,429,0,925,496,429
proteomics,FOLH1,gait_no_room_A,ensemble,925,496,429,0,925,496,429
proteomics,FOXJ3,gait_no_room_A,ensemble,925,496,429,0,925,496,429
proteomics,FOXO1,gait_no_room_A,ensemble,925,496,429,0,925,496,429
proteomics,FOXO3,gait_no_room_A,ensemble,925,496,429,0,925,496,429
proteomics,FRZB,gait_no_room_A,ensemble,925,496,429,0,925,496,429
proteomics,FSTL1,gait_no_room_A,ensemble,925,496,429,0,925,496,429
proteomics,FURIN,gait_no_room_A,ensemble,925,496,429,0,925,496,429
proteomics,FUS,gait_no_room_A,ensemble,925,496,429,0,925,496,429
proteomics,FUT8,gait_no_room_A,ensemble,906,483,423,0,906,483,423
proteomics,FXYD5,gait_no_room_A,ensemble,925,496,429,0,925,496,429
proteomics,FYCO1,gait_no_room_A,ensemble,925,496,429,0,925,496,429
proteomics,GALNT10,gait_no_room_A,ensemble,925,496,429,0,925,496,429
proteomics,GALNT2,gait_no_room_A,ensemble,925,496,429,0,925,496,429
proteomics,GALNT3,gait_no_room_A,ensemble,925,496,429,0,925,496,429
proteomics,GAP43,gait_no_room_A,ensemble,925,496,429,0,925,496,429
proteomics,GBA1,gait_no_room_A,ensemble,886,476,410,0,886,476,410
proteomics,GBP2,gait_no_room_A,ensemble,925,496,429,0,925,496,429
proteomics,GBP3,gait_no_room_A,ensemble,925,496,429,0,925,496,429
proteomics,GCG,gait_no_room_A,ensemble,893,475,418,0,893,475,418
proteomics,GCNT1,gait_no_room_A,ensemble,925,496,429,0,925,496,429
proteomics,GDNF,gait_no_room_A,ensemble,925,496,429,0,925,496,429
proteomics,GFAP,gait_no_room_A,ensemble,925,496,429,0,925,496,429
proteomics,GFER,gait_no_room_A,ensemble,925,496,429,0,925,496,429
proteomics,GFRA1,gait_no_room_A,ensemble,925,496,429,0,925,496,429
proteomics,GFRA2,gait_no_room_A,ensemble,925,496,429,0,925,496,429
proteomics,GFRA3,gait_no_room_A,ensemble,925,496,429,0,925,496,429
proteomics,GFRAL,gait_no_room_A,ensemble,925,496,429,0,925,496,429
proteomics,GIT1,gait_no_room_A,ensemble,925,496,429,0,925,496,429
proteomics,GLIPR1,gait_no_room_A,ensemble,925,496,429,0,925,496,429
proteomics,GLRX2,gait_no_room_A,ensemble,925,496,429,0,925,496,429
proteomics,GMPR,gait_no_room_A,ensemble,925,496,429,0,925,496,429
proteomics,GOPC,gait_no_room_A,ensemble,925,496,429,0,925,496,429
proteomics,GP2,gait_no_room_A,ensemble,925,496,429,0,925,496,429
proteomics,GPA33,gait_no_room_A,ensemble,925,496,429,0,925,496,429
proteomics,GPC1,gait_no_room_A,ensemble,925,496,429,0,925,496,429
proteomics,GPC5,gait_no_room_A,ensemble,925,496,429,0,925,496,429
proteomics,GPD1,gait_no_room_A,ensemble,925,496,429,0,925,496,429
proteomics,GPIHBP1,gait_no_room_A,ensemble,925,496,429,0,925,496,429
proteomics,GPR15LG,gait_no_room_A,ensemble,925,496,429,0,925,496,429
proteomics,GPR37,gait_no_room_A,ensemble,925,496,429,0,925,496,429
proteomics,GRP,gait_no_room_A,ensemble,925,496,429,0,925,496,429
proteomics,GRPEL1,gait_no_room_A,ensemble,925,496,429,0,925,496,429
proteomics,GSDMD,gait_no_room_A,ensemble,900,482,418,0,900,482,418
proteomics,GSTP1,gait_no_room_A,ensemble,925,496,429,0,925,496,429
proteomics,GZMA,gait_no_room_A,ensemble,901,480,421,0,901,480,421
proteomics,GZMB,gait_no_room_A,ensemble,925,496,429,0,925,496,429
proteomics,GZMH,gait_no_room_A,ensemble,925,496,429,0,925,496,429
proteomics,HAO1,gait_no_room_A,ensemble,925,496,429,0,925,496,429
proteomics,HAVCR1,gait_no_room_A,ensemble,925,496,429,0,925,496,429
proteomics,HBEGF,gait_no_room_A,ensemble,925,496,429,0,925,496,429
proteomics,HCLS1,gait_no_room_A,ensemble,925,496,429,0,925,496,429
proteomics,HDAC5,gait_no_room_A,ensemble,925,496,429,0,925,496,429
proteomics,HDAC9,gait_no_room_A,ensemble,907,490,417,0,907,490,417
proteomics,HEPH,gait_no_room_A,ensemble,925,496,429,0,925,496,429
proteomics,HGF,gait_no_room_A,ensemble,925,496,429,0,925,496,429
proteomics,HHEX,gait_no_room_A,ensemble,925,496,429,0,925,496,429
proteomics,HIF1A,gait_no_room_A,ensemble,925,496,429,0,925,496,429
proteomics,HLA-A,gait_no_room_A,ensemble,901,482,419,0,901,482,419
proteomics,HMBS,gait_no_room_A,ensemble,925,496,429,0,925,496,429
proteomics,HMOX2,gait_no_room_A,ensemble,925,496,429,0,925,496,429
proteomics,HNMT,gait_no_room_A,ensemble,925,496,429,0,925,496,429
proteomics,HNRNPA0,gait_no_room_A,ensemble,925,496,429,0,925,496,429
proteomics,HNRNPUL1,gait_no_room_A,ensemble,925,496,429,0,925,496,429
proteomics,HOMER3,gait_no_room_A,ensemble,925,496,429,0,925,496,429
proteomics,HPGDS,gait_no_room_A,ensemble,925,496,429,0,925,496,429
proteomics,HRAS,gait_no_room_A,ensemble,907,490,417,0,907,490,417
proteomics,HRC,gait_no_room_A,ensemble,925,496,429,0,925,496,429
proteomics,HRH1,gait_no_room_A,ensemble,925,496,429,0,925,496,429
proteomics,HS6ST2,gait_no_room_A,ensemble,909,485,424,0,909,485,424
proteomics,HSD11B1,gait_no_room_A,ensemble,925,496,429,0,925,496,429
proteomics,HSP90B1,gait_no_room_A,ensemble,860,457,403,0,860,457,403
proteomics,HSPA13,gait_no_room_A,ensemble,925,496,429,0,925,496,429
proteomics,HSPB6,gait_no_room_A,ensemble,925,496,429,0,925,496,429
proteomics,ICA1,gait_no_room_A,ensemble,925,496,429,0,925,496,429
proteomics,ICAM4,gait_no_room_A,ensemble,925,496,429,0,925,496,429
proteomics,ICOSLG,gait_no_room_A,ensemble,925,496,429,0,925,496,429
proteomics,IDO1,gait_no_room_A,ensemble,925,496,429,0,925,496,429
proteomics,IDS,gait_no_room_A,ensemble,925,496,429,0,925,496,429
proteomics,IDUA,gait_no_room_A,ensemble,925,496,429,0,925,496,429
proteomics,IFI30,gait_no_room_A,ensemble,907,484,423,0,907,484,423
proteomics,IFIT1,gait_no_room_A,ensemble,925,496,429,0,925,496,429
proteomics,IFIT3,gait_no_room_A,ensemble,925,496,429,0,925,496,429
proteomics,IFNAR1,gait_no_room_A,ensemble,925,496,429,0,925,496,429
proteomics,IFNB1,gait_no_room_A,ensemble,882,476,406,0,882,476,406
proteomics,IFNG,gait_no_room_A,ensemble,925,496,429,0,925,496,429
proteomics,IFNGR1,gait_no_room_A,ensemble,925,496,429,0,925,496,429
proteomics,IFNGR2,gait_no_room_A,ensemble,925,496,429,0,925,496,429
proteomics,IFNL4,gait_no_room_A,ensemble,925,496,429,0,925,496,429
proteomics,IFNLR1,gait_no_room_A,ensemble,925,496,429,0,925,496,429
proteomics,IGBP1,gait_no_room_A,ensemble,925,496,429,0,925,496,429
proteomics,IGF1R,gait_no_room_A,ensemble,925,496,429,0,925,496,429
proteomics,IGFL4,gait_no_room_A,ensemble,925,496,429,0,925,496,429
proteomics,IGSF3,gait_no_room_A,ensemble,925,496,429,0,925,496,429
proteomics,IKBKG,gait_no_room_A,ensemble,925,496,429,0,925,496,429
proteomics,IL10,gait_no_room_A,ensemble,925,496,429,0,925,496,429
proteomics,IL10RA,gait_no_room_A,ensemble,925,496,429,0,925,496,429
proteomics,IL11,gait_no_room_A,ensemble,925,496,429,0,925,496,429
proteomics,IL11RA,gait_no_room_A,ensemble,921,493,428,0,921,493,428
proteomics,IL12A_IL12B,gait_no_room_A,ensemble,925,496,429,0,925,496,429
proteomics,IL12B,gait_no_room_A,ensemble,925,496,429,0,925,496,429
proteomics,IL12RB1,gait_no_room_A,ensemble,925,496,429,0,925,496,429
proteomics,IL13,gait_no_room_A,ensemble,900,483,417,0,900,483,417
proteomics,IL15,gait_no_room_A,ensemble,925,496,429,0,925,496,429
proteomics,IL15RA,gait_no_room_A,ensemble,925,496,429,0,925,496,429
proteomics,IL16,gait_no_room_A,ensemble,925,496,429,0,925,496,429
proteomics,IL17A,gait_no_room_A,ensemble,925,496,429,0,925,496,429
proteomics,IL17C,gait_no_room_A,ensemble,925,496,429,0,925,496,429
proteomics,IL17D,gait_no_room_A,ensemble,925,496,429,0,925,496,429
proteomics,IL17F,gait_no_room_A,ensemble,925,496,429,0,925,496,429
proteomics,IL17RB,gait_no_room_A,ensemble,925,496,429,0,925,496,429
proteomics,IL18,gait_no_room_A,ensemble,925,496,429,0,925,496,429
proteomics,IL18R1,gait_no_room_A,ensemble,925,496,429,0,925,496,429
proteomics,IL18RAP,gait_no_room_A,ensemble,925,496,429,0,925,496,429
proteomics,IL1A,gait_no_room_A,ensemble,716,390,326,0,716,390,326
proteomics,IL1B,gait_no_room_A,ensemble,900,483,417,0,900,483,417
proteomics,IL1RL2,gait_no_room_A,ensemble,925,496,429,0,925,496,429
proteomics,IL2,gait_no_room_A,ensemble,877,467,410,0,877,467,410
proteomics,IL20,gait_no_room_A,ensemble,925,496,429,0,925,496,429
proteomics,IL20RA,gait_no_room_A,ensemble,925,496,429,0,925,496,429
proteomics,IL22,gait_no_room_A,ensemble,922,495,427,0,922,495,427
proteomics,IL22RA1,gait_no_room_A,ensemble,925,496,429,0,925,496,429
proteomics,IL23R,gait_no_room_A,ensemble,925,496,429,0,925,496,429
proteomics,IL2RB,gait_no_room_A,ensemble,925,496,429,0,925,496,429
proteomics,IL31RA,gait_no_room_A,ensemble,925,496,429,0,925,496,429
proteomics,IL32,gait_no_room_A,ensemble,925,496,429,0,925,496,429
proteomics,IL33,gait_no_room_A,ensemble,756,400,356,0,756,400,356
proteomics,IL36B,gait_no_room_A,ensemble,772,426,346,0,772,426,346
proteomics,IL36G,gait_no_room_A,ensemble,808,443,365,0,808,443,365
proteomics,IL3RA,gait_no_room_A,ensemble,925,496,429,0,925,496,429
proteomics,IL4,gait_no_room_A,ensemble,925,496,429,0,925,496,429
proteomics,IL4R,gait_no_room_A,ensemble,925,496,429,0,925,496,429
proteomics,IL5RA,gait_no_room_A,ensemble,925,496,429,0,925,496,429
proteomics,IL6,gait_no_room_A,ensemble,925,496,429,0,925,496,429
proteomics,IL7,gait_no_room_A,ensemble,925,496,429,0,925,496,429
proteomics,IL9,gait_no_room_A,ensemble,925,496,429,0,925,496,429
proteomics,IMPA1,gait_no_room_A,ensemble,919,493,426,0,919,493,426
proteomics,INPP1,gait_no_room_A,ensemble,925,496,429,0,925,496,429
proteomics,INPP5D,gait_no_room_A,ensemble,925,496,429,0,925,496,429
proteomics,INPPL1,gait_no_room_A,ensemble,925,496,429,0,925,496,429
proteomics,INSL5,gait_no_room_A,ensemble,925,496,429,0,925,496,429
proteomics,IPCEF1,gait_no_room_A,ensemble,925,496,429,0,925,496,429
proteomics,IQGAP2,gait_no_room_A,ensemble,925,496,429,0,925,496,429
proteomics,IRAG2,gait_no_room_A,ensemble,925,496,429,0,925,496,429
proteomics,IRAK1,gait_no_room_A,ensemble,900,483,417,0,900,483,417
proteomics,IRAK1BP1,gait_no_room_A,ensemble,925,496,429,0,925,496,429
proteomics,IRAK4,gait_no_room_A,ensemble,925,496,429,0,925,496,429
proteomics,ISM1,gait_no_room_A,ensemble,925,496,429,0,925,496,429
proteomics,ITCH,gait_no_room_A,ensemble,106,55,51,0,106,55,51
proteomics,ITGA11,gait_no_room_A,ensemble,925,496,429,0,925,496,429
proteomics,ITGAL,gait_no_room_A,ensemble,925,496,429,0,925,496,429
proteomics,ITGAV,gait_no_room_A,ensemble,925,496,429,0,925,496,429
proteomics,ITGB1BP2,gait_no_room_A,ensemble,925,496,429,0,925,496,429
proteomics,ITGB6,gait_no_room_A,ensemble,925,496,429,0,925,496,429
proteomics,ITGB7,gait_no_room_A,ensemble,925,496,429,0,925,496,429
proteomics,ITM2A,gait_no_room_A,ensemble,903,480,423,0,903,480,423
proteomics,ITPR1,gait_no_room_A,ensemble,870,470,400,0,870,470,400
proteomics,JTB,gait_no_room_A,ensemble,925,496,429,0,925,496,429
proteomics,KDR,gait_no_room_A,ensemble,925,496,429,0,925,496,429
proteomics,KEL,gait_no_room_A,ensemble,916,493,423,0,916,493,423
proteomics,KHK,gait_no_room_A,ensemble,906,483,423,0,906,483,423
proteomics,KIAA0319,gait_no_room_A,ensemble,925,496,429,0,925,496,429
proteomics,KIAA0319L,gait_no_room_A,ensemble,925,496,429,0,925,496,429
proteomics,KIF22,gait_no_room_A,ensemble,835,450,385,0,835,450,385
proteomics,KIF4A,gait_no_room_A,ensemble,925,496,429,0,925,496,429
proteomics,KIFAP3,gait_no_room_A,ensemble,925,496,429,0,925,496,429
proteomics,KIR2DL2_KIR2DL3,gait_no_room_A,ensemble,925,496,429,0,925,496,429
proteomics,KIR3DL1,gait_no_room_A,ensemble,925,496,429,0,925,496,429
proteomics,KITLG,gait_no_room_A,ensemble,925,496,429,0,925,496,429
proteomics,KLB,gait_no_room_A,ensemble,925,496,429,0,925,496,429
proteomics,KLHL41,gait_no_room_A,ensemble,665,362,303,0,665,362,303
proteomics,KLK13,gait_no_room_A,ensemble,925,496,429,0,925,496,429
proteomics,KLK15,gait_no_room_A,ensemble,925,496,429,0,925,496,429
proteomics,KLRB1,gait_no_room_A,ensemble,925,496,429,0,925,496,429
proteomics,KLRD1,gait_no_room_A,ensemble,925,496,429,0,925,496,429
proteomics,KLRF1,gait_no_room_A,ensemble,925,496,429,0,925,496,429
proteomics,KLRK1,gait_no_room_A,ensemble,925,496,429,0,925,496,429
proteomics,KRT19,gait_no_room_A,ensemble,925,496,429,0,925,496,429
proteomics,KRT5,gait_no_room_A,ensemble,916,491,425,0,916,491,425
proteomics,KYAT1,gait_no_room_A,ensemble,925,496,429,0,925,496,429
proteomics,KYNU,gait_no_room_A,ensemble,925,496,429,0,925,496,429
proteomics,L1CAM,gait_no_room_A,ensemble,925,496,429,0,925,496,429
proteomics,LAG3,gait_no_room_A,ensemble,925,496,429,0,925,496,429
proteomics,LAIR2,gait_no_room_A,ensemble,925,496,429,0,925,496,429
proteomics,LAMB1,gait_no_room_A,ensemble,925,496,429,0,925,496,429
proteomics,LAMP3,gait_no_room_A,ensemble,925,496,429,0,925,496,429
proteomics,LAT,gait_no_room_A,ensemble,925,496,429,0,925,496,429
proteomics,LAT2,gait_no_room_A,ensemble,925,496,429,0,925,496,429
proteomics,LATS1,gait_no_room_A,ensemble,891,479,412,0,891,479,412
proteomics,LAYN,gait_no_room_A,ensemble,925,496,429,0,925,496,429
proteomics,LCK,gait_no_room_A,ensemble,925,496,429,0,925,496,429
proteomics,LCN15,gait_no_room_A,ensemble,920,493,427,0,920,493,427
proteomics,LEFTY2,gait_no_room_A,ensemble,922,495,427,0,922,495,427
proteomics,LGALS7,gait_no_room_A,ensemble,776,418,358,0,776,418,358
proteomics,LIF,gait_no_room_A,ensemble,901,480,421,0,901,480,421
proteomics,LIFR,gait_no_room_A,ensemble,925,496,429,0,925,496,429
proteomics,LILRB4,gait_no_room_A,ensemble,925,496,429,0,925,496,429
proteomics,LIPF,gait_no_room_A,ensemble,925,496,429,0,925,496,429
proteomics,LMNB1,gait_no_room_A,ensemble,922,495,427,0,922,495,427
proteomics,LMNB2,gait_no_room_A,ensemble,925,496,429,0,925,496,429
proteomics,LMOD1,gait_no_room_A,ensemble,925,496,429,0,925,496,429
proteomics,LPL,gait_no_room_A,ensemble,925,496,429,0,925,496,429
proteomics,LPO,gait_no_room_A,ensemble,925,496,429,0,925,496,429
proteomics,LRCH4,gait_no_room_A,ensemble,925,496,429,0,925,496,429
proteomics,LRIG1,gait_no_room_A,ensemble,925,496,429,0,925,496,429
proteomics,LRRC25,gait_no_room_A,ensemble,921,494,427,0,921,494,427
proteomics,LRRC37A2,gait_no_room_A,ensemble,925,496,429,0,925,496,429
proteomics,LRRFIP1,gait_no_room_A,ensemble,925,496,429,0,925,496,429
proteomics,LRRN1,gait_no_room_A,ensemble,925,496,429,0,925,496,429
proteomics,LTA4H,gait_no_room_A,ensemble,913,489,424,0,913,489,424
proteomics,LTBP3,gait_no_room_A,ensemble,925,496,429,0,925,496,429
proteomics,LTK,gait_no_room_A,ensemble,925,496,429,0,925,496,429
proteomics,LUZP2,gait_no_room_A,ensemble,907,487,420,0,907,487,420
proteomics,LXN,gait_no_room_A,ensemble,925,496,429,0,925,496,429
proteomics,LY75,gait_no_room_A,ensemble,925,496,429,0,925,496,429
proteomics,LY9,gait_no_room_A,ensemble,925,496,429,0,925,496,429
proteomics,LY96,gait_no_room_A,ensemble,925,496,429,0,925,496,429
proteomics,MAD1L1,gait_no_room_A,ensemble,925,496,429,0,925,496,429
proteomics,MAFB,gait_no_room_A,ensemble,792,434,358,0,792,434,358
proteomics,MAG,gait_no_room_A,ensemble,925,496,429,0,925,496,429
proteomics,MAN1A2,gait_no_room_A,ensemble,918,492,426,0,918,492,426
proteomics,MAP2K1,gait_no_room_A,ensemble,925,496,429,0,925,496,429
proteomics,MAP2K6,gait_no_room_A,ensemble,925,496,429,0,925,496,429
proteomics,MAP3K5,gait_no_room_A,ensemble,925,496,429,0,925,496,429
proteomics,MAP4K5,gait_no_room_A,ensemble,925,496,429,0,925,496,429
proteomics,MAPK9,gait_no_room_A,ensemble,925,496,429,0,925,496,429
proteomics,MAPKAP1,gait_no_room_A,ensemble,925,496,429,0,925,496,429
proteomics,MAPKAPK2,gait_no_room_A,ensemble,925,496,429,0,925,496,429
proteomics,MAPT,gait_no_room_A,ensemble,648,335,313,0,648,335,313
proteomics,MASP1,gait_no_room_A,ensemble,925,496,429,0,925,496,429
proteomics,MATN3,gait_no_room_A,ensemble,925,496,429,0,925,496,429
proteomics,MAVS,gait_no_room_A,ensemble,925,496,429,0,925,496,429
proteomics,MCF2L,gait_no_room_A,ensemble,925,496,429,0,925,496,429
proteomics,MDGA1,gait_no_room_A,ensemble,925,496,429,0,925,496,429
proteomics,MECR,gait_no_room_A,ensemble,925,496,429,0,925,496,429
proteomics,MEF2C,gait_no_room_A,ensemble,896,480,416,0,896,480,416
proteomics,MELTF,gait_no_room_A,ensemble,925,496,429,0,925,496,429
proteomics,MEP1A,gait_no_room_A,ensemble,925,496,429,0,925,496,429
proteomics,METAP1D,gait_no_room_A,ensemble,925,496,429,0,925,496,429
proteomics,METAP2,gait_no_room_A,ensemble,886,480,406,0,886,480,406
proteomics,MICA_MICB,gait_no_room_A,ensemble,925,496,429,0,925,496,429
proteomics,MILR1,gait_no_room_A,ensemble,862,458,404,0,862,458,404
proteomics,MINDY2,gait_no_room_A,ensemble,383,204,179,0,383,204,179
proteomics,MKI67,gait_no_room_A,ensemble,921,494,427,0,921,494,427
proteomics,MKNK1,gait_no_room_A,ensemble,925,496,429,0,925,496,429
proteomics,MLN,gait_no_room_A,ensemble,925,496,429,0,925,496,429
proteomics,MME,gait_no_room_A,ensemble,925,496,429,0,925,496,429
proteomics,MMP10,gait_no_room_A,ensemble,925,496,429,0,925,496,429
proteomics,MMP12,gait_no_room_A,ensemble,925,496,429,0,925,496,429
proteomics,MMP13,gait_no_room_A,ensemble,888,479,409,0,888,479,409
proteomics,MOG,gait_no_room_A,ensemble,925,496,429,0,925,496,429
proteomics,MORC3,gait_no_room_A,ensemble,925,496,429,0,925,496,429
proteomics,MPP7,gait_no_room_A,ensemble,925,496,429,0,925,496,429
proteomics,MPST,gait_no_room_A,ensemble,925,496,429,0,925,496,429
proteomics,MS4A1,gait_no_room_A,ensemble,925,496,429,0,925,496,429
proteomics,MSLN,gait_no_room_A,ensemble,925,496,429,0,925,496,429
proteomics,MSTN,gait_no_room_A,ensemble,925,496,429,0,925,496,429
proteomics,MTAP,gait_no_room_A,ensemble,925,496,429,0,925,496,429
proteomics,MTDH,gait_no_room_A,ensemble,925,496,429,0,925,496,429
proteomics,MUC13,gait_no_room_A,ensemble,925,496,429,0,925,496,429
proteomics,MUC16,gait_no_room_A,ensemble,925,496,429,0,925,496,429
proteomics,MUC20,gait_no_room_A,ensemble,925,496,429,0,925,496,429
proteomics,MVK,gait_no_room_A,ensemble,925,496,429,0,925,496,429
proteomics,MYL11,gait_no_room_A,ensemble,925,496,429,0,925,496,429
proteomics,MYL3,gait_no_room_A,ensemble,925,496,429,0,925,496,429
proteomics,MYO9B,gait_no_room_A,ensemble,907,490,417,0,907,490,417
proteomics,NAAA,gait_no_room_A,ensemble,925,496,429,0,925,496,429
proteomics,NACC1,gait_no_room_A,ensemble,925,496,429,0,925,496,429
proteomics,NAGA,gait_no_room_A,ensemble,925,496,429,0,925,496,429
proteomics,NAGK,gait_no_room_A,ensemble,925,496,429,0,925,496,429
proteomics,NAPRT,gait_no_room_A,ensemble,925,496,429,0,925,496,429
proteomics,NBN,gait_no_room_A,ensemble,925,496,429,0,925,496,429
proteomics,NCAN,gait_no_room_A,ensemble,282,160,122,0,282,160,122
proteomics,NCF1C_NCF1,gait_no_room_A,ensemble,925,496,429,0,925,496,429
proteomics,NCKIPSD,gait_no_room_A,ensemble,925,496,429,0,925,496,429
proteomics,NCR1,gait_no_room_A,ensemble,925,496,429,0,925,496,429
proteomics,NCR3,gait_no_room_A,ensemble,925,496,429,0,925,496,429
proteomics,NCR3LG1,gait_no_room_A,ensemble,925,496,429,0,925,496,429
proteomics,NCS1,gait_no_room_A,ensemble,925,496,429,0,925,496,429
proteomics,NDRG1,gait_no_room_A,ensemble,922,495,427,0,922,495,427
proteomics,NDUFA5,gait_no_room_A,ensemble,925,496,429,0,925,496,429
proteomics,NDUFAF2,gait_no_room_A,ensemble,925,496,429,0,925,496,429
proteomics,NDUFB7,gait_no_room_A,ensemble,919,493,426,0,919,493,426
proteomics,NDUFS6,gait_no_room_A,ensemble,922,495,427,0,922,495,427
proteomics,NECAB2,gait_no_room_A,ensemble,925,496,429,0,925,496,429
proteomics,NEFL,gait_no_room_A,ensemble,925,496,429,0,925,496,429
proteomics,NELL1,gait_no_room_A,ensemble,925,496,429,0,925,496,429
proteomics,NEO1,gait_no_room_A,ensemble,925,496,429,0,925,496,429
proteomics,NFAT5,gait_no_room_A,ensemble,925,496,429,0,925,496,429
proteomics,NFATC1,gait_no_room_A,ensemble,925,496,429,0,925,496,429
proteomics,NFATC3,gait_no_room_A,ensemble,925,496,429,0,925,496,429
proteomics,NFKB1,gait_no_room_A,ensemble,925,496,429,0,925,496,429
proteomics,NFKBIE,gait_no_room_A,ensemble,925,496,429,0,925,496,429
proteomics,NFU1,gait_no_room_A,ensemble,925,496,429,0,925,496,429
proteomics,NFX1,gait_no_room_A,ensemble,925,496,429,0,925,496,429
proteomics,NHEJ1,gait_no_room_A,ensemble,922,495,427,0,922,495,427
proteomics,NIT1,gait_no_room_A,ensemble,925,496,429,0,925,496,429
proteomics,NLGN1,gait_no_room_A,ensemble,925,496,429,0,925,496,429
proteomics,NMI,gait_no_room_A,ensemble,925,496,429,0,925,496,429
proteomics,NOS1,gait_no_room_A,ensemble,925,496,429,0,925,496,429
proteomics,NOS2,gait_no_room_A,ensemble,895,488,407,0,895,488,407
proteomics,NOS3,gait_no_room_A,ensemble,925,496,429,0,925,496,429
proteomics,NPHS1,gait_no_room_A,ensemble,925,496,429,0,925,496,429
proteomics,NPPC,gait_no_room_A,ensemble,925,496,429,0,925,496,429
proteomics,NPTXR,gait_no_room_A,ensemble,925,496,429,0,925,496,429
proteomics,NPY,gait_no_room_A,ensemble,925,496,429,0,925,496,429
proteomics,NQO1,gait_no_room_A,ensemble,925,496,429,0,925,496,429
proteomics,NRTN,gait_no_room_A,ensemble,925,496,429,0,925,496,429
proteomics,NT5C1A,gait_no_room_A,ensemble,925,496,429,0,925,496,429
proteomics,NTF3,gait_no_room_A,ensemble,925,496,429,0,925,496,429
proteomics,NUB1,gait_no_room_A,ensemble,900,483,417,0,900,483,417
proteomics,NUCB2,gait_no_room_A,ensemble,925,496,429,0,925,496,429
proteomics,NUDC,gait_no_room_A,ensemble,925,496,429,0,925,496,429
proteomics,NUDCD3,gait_no_room_A,ensemble,925,496,429,0,925,496,429
proteomics,NUMB,gait_no_room_A,ensemble,925,496,429,0,925,496,429
proteomics,NUP50,gait_no_room_A,ensemble,925,496,429,0,925,496,429
proteomics,NXPH3,gait_no_room_A,ensemble,925,496,429,0,925,496,429
proteomics,OBP2B,gait_no_room_A,ensemble,925,496,429,0,925,496,429
proteomics,OCLN,gait_no_room_A,ensemble,925,496,429,0,925,496,429
proteomics,ODAM,gait_no_room_A,ensemble,925,496,429,0,925,496,429
proteomics,OGA,gait_no_room_A,ensemble,925,496,429,0,925,496,429
proteomics,OGFR,gait_no_room_A,ensemble,925,496,429,0,925,496,429
proteomics,OSM,gait_no_room_A,ensemble,925,496,429,0,925,496,429
proteomics,OTUD7B,gait_no_room_A,ensemble,925,496,429,0,925,496,429
proteomics,PADI2,gait_no_room_A,ensemble,925,496,429,0,925,496,429
proteomics,PADI4,gait_no_room_A,ensemble,925,496,429,0,925,496,429
proteomics,PAEP,gait_no_room_A,ensemble,925,496,429,0,925,496,429
proteomics,PAG1,gait_no_room_A,ensemble,925,496,429,0,925,496,429
proteomics,PALM,gait_no_room_A,ensemble,925,496,429,0,925,496,429
proteomics,PALM2,gait_no_room_A,ensemble,925,496,429,0,925,496,429
proteomics,PAPPA,gait_no_room_A,ensemble,813,438,375,0,813,438,375
proteomics,PARP1,gait_no_room_A,ensemble,906,483,423,0,906,483,423
proteomics,PBXIP1,gait_no_room_A,ensemble,925,496,429,0,925,496,429
proteomics,PCBP2,gait_no_room_A,ensemble,925,496,429,0,925,496,429
proteomics,PCDH12,gait_no_room_A,ensemble,925,496,429,0,925,496,429
proteomics,PCDH7,gait_no_room_A,ensemble,925,496,429,0,925,496,429
proteomics,PCDH9,gait_no_room_A,ensemble,925,496,429,0,925,496,429
proteomics,PCDHB15,gait_no_room_A,ensemble,887,472,415,0,887,472,415
proteomics,PCNA,gait_no_room_A,ensemble,925,496,429,0,925,496,429
proteomics,PCSK7,gait_no_room_A,ensemble,925,496,429,0,925,496,429
proteomics,PDCD1,gait_no_room_A,ensemble,925,496,429,0,925,496,429
proteomics,PDCD1LG2,gait_no_room_A,ensemble,925,496,429,0,925,496,429
proteomics,PDE4C,gait_no_room_A,ensemble,39,22,17,0,39,22,17
proteomics,PDGFC,gait_no_room_A,ensemble,925,496,429,0,925,496,429
proteomics,PDZK1,gait_no_room_A,ensemble,900,483,417,0,900,483,417
proteomics,PER3,gait_no_room_A,ensemble,925,496,429,0,925,496,429
proteomics,PFKFB2,gait_no_room_A,ensemble,925,496,429,0,925,496,429
proteomics,PGF,gait_no_room_A,ensemble,925,496,429,0,925,496,429
proteomics,PGLYRP3,gait_no_room_A,ensemble,925,496,429,0,925,496,429
proteomics,PGM2,gait_no_room_A,ensemble,925,496,429,0,925,496,429
proteomics,PGR,gait_no_room_A,ensemble,925,496,429,0,925,496,429
proteomics,PHLDB1,gait_no_room_A,ensemble,925,496,429,0,925,496,429
proteomics,PIK3AP1,gait_no_room_A,ensemble,925,496,429,0,925,496,429
proteomics,PIKFYVE,gait_no_room_A,ensemble,925,496,429,0,925,496,429
proteomics,PJA2,gait_no_room_A,ensemble,925,496,429,0,925,496,429
proteomics,PKD2,gait_no_room_A,ensemble,925,496,429,0,925,496,429
proteomics,PLA2G10,gait_no_room_A,ensemble,925,496,429,0,925,496,429
proteomics,PLCG1,gait_no_room_A,ensemble,925,496,429,0,925,496,429
proteomics,PLIN1,gait_no_room_A,ensemble,925,496,429,0,925,496,429
proteomics,PLXNA4,gait_no_room_A,ensemble,925,496,429,0,925,496,429
proteomics,PNLIPRP1,gait_no_room_A,ensemble,925,496,429,0,925,496,429
proteomics,PNMA1,gait_no_room_A,ensemble,925,496,429,0,925,496,429
proteomics,PNPT1,gait_no_room_A,ensemble,509,274,235,0,509,274,235
proteomics,POF1B,gait_no_room_A,ensemble,751,407,344,0,751,407,344
proteomics,POLR2F,gait_no_room_A,ensemble,925,496,429,0,925,496,429
proteomics,POLR3F,gait_no_room_A,ensemble,891,476,415,0,891,476,415
proteomics,POMC,gait_no_room_A,ensemble,925,496,429,0,925,496,429
proteomics,PON2,gait_no_room_A,ensemble,925,496,429,0,925,496,429
proteomics,PPIE,gait_no_room_A,ensemble,925,496,429,0,925,496,429
proteomics,PPL,gait_no_room_A,ensemble,925,496,429,0,925,496,429
proteomics,PPME1,gait_no_room_A,ensemble,925,496,429,0,925,496,429
proteomics,PPP2R5A,gait_no_room_A,ensemble,925,496,429,0,925,496,429
proteomics,PRDX1,gait_no_room_A,ensemble,925,496,429,0,925,496,429
proteomics,PRDX6,gait_no_room_A,ensemble,925,496,429,0,925,496,429
proteomics,PREB,gait_no_room_A,ensemble,925,496,429,0,925,496,429
proteomics,PRELP,gait_no_room_A,ensemble,925,496,429,0,925,496,429
proteomics,PRKAB1,gait_no_room_A,ensemble,922,495,427,0,922,495,427
proteomics,PRKAR1B,gait_no_room_A,ensemble,922,495,427,0,922,495,427
proteomics,PRKAR2A,gait_no_room_A,ensemble,925,496,429,0,925,496,429
proteomics,PRKN,gait_no_room_A,ensemble,925,496,429,0,925,496,429
proteomics,PRKRA,gait_no_room_A,ensemble,925,496,429,0,925,496,429
proteomics,PROK1,gait_no_room_A,ensemble,925,496,429,0,925,496,429
proteomics,PRRC1,gait_no_room_A,ensemble,925,496,429,0,925,496,429
proteomics,PRRT3,gait_no_room_A,ensemble,925,496,429,0,925,496,429
proteomics,PRTG,gait_no_room_A,ensemble,925,496,429,0,925,496,429
proteomics,PSAPL1,gait_no_room_A,ensemble,925,496,429,0,925,496,429
proteomics,PSIP1,gait_no_room_A,ensemble,925,496,429,0,925,496,429
proteomics,PSMB11,gait_no_room_A,ensemble,925,496,429,0,925,496,429
proteomics,PSMD1,gait_no_room_A,ensemble,925,496,429,0,925,496,429
proteomics,PSMD5,gait_no_room_A,ensemble,925,496,429,0,925,496,429
proteomics,PSMD9,gait_no_room_A,ensemble,680,349,331,0,680,349,331
proteomics,PSME1,gait_no_room_A,ensemble,925,496,429,0,925,496,429
proteomics,PSME2,gait_no_room_A,ensemble,925,496,429,0,925,496,429
proteomics,PSMG3,gait_no_room_A,ensemble,925,496,429,0,925,496,429
proteomics,PSMG4,gait_no_room_A,ensemble,925,496,429,0,925,496,429
proteomics,PSPN,gait_no_room_A,ensemble,780,415,365,0,780,415,365
proteomics,PSTPIP1,gait_no_room_A,ensemble,925,496,429,0,925,496,429
proteomics,PTEN,gait_no_room_A,ensemble,925,496,429,0,925,496,429
proteomics,PTGES2,gait_no_room_A,ensemble,925,496,429,0,925,496,429
proteomics,PTH,gait_no_room_A,ensemble,155,85,70,0,155,85,70
proteomics,PTH1R,gait_no_room_A,ensemble,925,496,429,0,925,496,429
proteomics,PTK7,gait_no_room_A,ensemble,925,496,429,0,925,496,429
proteomics,PTP4A3,gait_no_room_A,ensemble,900,483,417,0,900,483,417
proteomics,PTPN1,gait_no_room_A,ensemble,925,496,429,0,925,496,429
proteomics,PTPN11,gait_no_room_A,ensemble,925,496,429,0,925,496,429
proteomics,PTPN14,gait_no_room_A,ensemble,925,496,429,0,925,496,429
proteomics,PTPRB,gait_no_room_A,ensemble,925,496,429,0,925,496,429
proteomics,PTPRK,gait_no_room_A,ensemble,907,487,420,0,907,487,420
proteomics,PTPRN2,gait_no_room_A,ensemble,925,496,429,0,925,496,429
proteomics,PTPRR,gait_no_room_A,ensemble,925,496,429,0,925,496,429
proteomics,PTPRZ1,gait_no_room_A,ensemble,925,496,429,0,925,496,429
proteomics,PXN,gait_no_room_A,ensemble,925,496,429,0,925,496,429
proteomics,PYDC1,gait_no_room_A,ensemble,925,496,429,0,925,496,429
proteomics,PYHIN1,gait_no_room_A,ensemble,925,496,429,0,925,496,429
proteomics,RAB2B,gait_no_room_A,ensemble,905,483,422,0,905,483,422
proteomics,RAB37,gait_no_room_A,ensemble,925,496,429,0,925,496,429
proteomics,RAB3IL1,gait_no_room_A,ensemble,925,496,429,0,925,496,429
proteomics,RAB44,gait_no_room_A,ensemble,925,496,429,0,925,496,429
proteomics,RABGAP1L,gait_no_room_A,ensemble,925,496,429,0,925,496,429
proteomics,RAET1L_ULBP2,gait_no_room_A,ensemble,925,496,429,0,925,496,429
proteomics,RALB,gait_no_room_A,ensemble,925,496,429,0,925,496,429
proteomics,RAMP2,gait_no_room_A,ensemble,925,496,429,0,925,496,429
proteomics,RANBP2,gait_no_room_A,ensemble,925,496,429,0,925,496,429
proteomics,RAP1GAP,gait_no_room_A,ensemble,925,496,429,0,925,496,429
proteomics,RASGRP2,gait_no_room_A,ensemble,925,496,429,0,925,496,429
proteomics,RBFOX3,gait_no_room_A,ensemble,925,496,429,0,925,496,429
proteomics,RBKS,gait_no_room_A,ensemble,925,496,429,0,925,496,429
proteomics,RBPMS,gait_no_room_A,ensemble,925,496,429,0,925,496,429
proteomics,RC3H1,gait_no_room_A,ensemble,925,496,429,0,925,496,429
proteomics,RECK,gait_no_room_A,ensemble,925,496,429,0,925,496,429
proteomics,REG3G,gait_no_room_A,ensemble,805,429,376,0,805,429,376
proteomics,RET,gait_no_room_A,ensemble,925,496,429,0,925,496,429
proteomics,RFC4,gait_no_room_A,ensemble,925,496,429,0,925,496,429
proteomics,RGCC,gait_no_room_A,ensemble,909,485,424,0,909,485,424
proteomics,RGS8,gait_no_room_A,ensemble,925,496,429,0,925,496,429
proteomics,RIGI,gait_no_room_A,ensemble,925,496,429,0,925,496,429
proteomics,RILP,gait_no_room_A,ensemble,925,496,429,0,925,496,429
proteomics,RIPK3,gait_no_room_A,ensemble,925,496,429,0,925,496,429
proteomics,RNF135,gait_no_room_A,ensemble,925,496,429,0,925,496,429
proteomics,RNF149,gait_no_room_A,ensemble,925,496,429,0,925,496,429
proteomics,RNF213,gait_no_room_A,ensemble,925,496,429,0,925,496,429
proteomics,RNF25,gait_no_room_A,ensemble,925,496,429,0,925,496,429
proteomics,RNF41,gait_no_room_A,ensemble,925,496,429,0,925,496,429
proteomics,ROBO2,gait_no_room_A,ensemble,925,496,429,0,925,496,429
proteomics,RPH3A,gait_no_room_A,ensemble,925,496,429,0,925,496,429
proteomics,RPL14,gait_no_room_A,ensemble,882,474,408,0,882,474,408
proteomics,RSPO1,gait_no_room_A,ensemble,925,496,429,0,925,496,429
proteomics,RSPO3,gait_no_room_A,ensemble,925,496,429,0,925,496,429
proteomics,RTBDN,gait_no_room_A,ensemble,925,496,429,0,925,496,429
proteomics,RTN4R,gait_no_room_A,ensemble,925,496,429,0,925,496,429
proteomics,RYK,gait_no_room_A,ensemble,925,496,429,0,925,496,429
proteomics,S100A11,gait_no_room_A,ensemble,925,496,429,0,925,496,429
proteomics,S100A12,gait_no_room_A,ensemble,925,496,429,0,925,496,429
proteomics,S100A13,gait_no_room_A,ensemble,925,496,429,0,925,496,429
proteomics,S100A16,gait_no_room_A,ensemble,925,496,429,0,925,496,429
proteomics,SAMD9L,gait_no_room_A,ensemble,925,496,429,0,925,496,429
proteomics,SASH3,gait_no_room_A,ensemble,925,496,429,0,925,496,429
proteomics,SAV1,gait_no_room_A,ensemble,875,471,404,0,875,471,404
proteomics,SCAMP3,gait_no_room_A,ensemble,925,496,429,0,925,496,429
proteomics,SCARB1,gait_no_room_A,ensemble,863,464,399,0,863,464,399
proteomics,SCARB2,gait_no_room_A,ensemble,925,496,429,0,925,496,429
proteomics,SCG2,gait_no_room_A,ensemble,925,496,429,0,925,496,429
proteomics,SCGN,gait_no_room_A,ensemble,919,494,425,0,919,494,425
proteomics,SCN4B,gait_no_room_A,ensemble,925,496,429,0,925,496,429
proteomics,SCPEP1,gait_no_room_A,ensemble,904,489,415,0,904,489,415
proteomics,SCRIB,gait_no_room_A,ensemble,925,496,429,0,925,496,429
proteomics,SCRN1,gait_no_room_A,ensemble,925,496,429,0,925,496,429
proteomics,SDHA,gait_no_room_A,ensemble,925,496,429,0,925,496,429
proteomics,SDHB,gait_no_room_A,ensemble,925,496,429,0,925,496,429
proteomics,SEC13,gait_no_room_A,ensemble,925,496,429,0,925,496,429
proteomics,SEL1L,gait_no_room_A,ensemble,925,496,429,0,925,496,429
proteomics,SEPTIN8,gait_no_room_A,ensemble,900,483,417,0,900,483,417
proteomics,SERPINB4,gait_no_room_A,ensemble,836,456,380,0,836,456,380
proteomics,SERPINB5,gait_no_room_A,ensemble,923,496,427,0,923,496,427
proteomics,SERPINB8,gait_no_room_A,ensemble,920,493,427,0,920,493,427
proteomics,SERPINB9,gait_no_room_A,ensemble,925,496,429,0,925,496,429
proteomics,SERPINI2,gait_no_room_A,ensemble,925,496,429,0,925,496,429
proteomics,SETMAR,gait_no_room_A,ensemble,925,496,429,0,925,496,429
proteomics,SEZ6,gait_no_room_A,ensemble,925,496,429,0,925,496,429
proteomics,SEZ6L2,gait_no_room_A,ensemble,925,496,429,0,925,496,429
proteomics,SFTPA2,gait_no_room_A,ensemble,14,6,8,0,14,6,8
proteomics,SH2B3,gait_no_room_A,ensemble,925,496,429,0,925,496,429
proteomics,SH2D1A,gait_no_room_A,ensemble,921,494,427,0,921,494,427
proteomics,SH3PXD2B,gait_no_room_A,ensemble,925,496,429,0,925,496,429
proteomics,SIGLEC10,gait_no_room_A,ensemble,925,496,429,0,925,496,429
proteomics,SIGLEC6,gait_no_room_A,ensemble,925,496,429,0,925,496,429
proteomics,SIGLEC7,gait_no_room_A,ensemble,925,496,429,0,925,496,429
proteomics,SIGLEC8,gait_no_room_A,ensemble,925,496,429,0,925,496,429
proteomics,SIGLEC9,gait_no_room_A,ensemble,925,496,429,0,925,496,429
proteomics,SIKE1,gait_no_room_A,ensemble,904,483,421,0,904,483,421
proteomics,SIL1,gait_no_room_A,ensemble,925,496,429,0,925,496,429
proteomics,SIPA1,gait_no_room_A,ensemble,925,496,429,0,925,496,429
proteomics,SIRT1,gait_no_room_A,ensemble,925,496,429,0,925,496,429
proteomics,SIRT2,gait_no_room_A,ensemble,925,496,429,0,925,496,429
proteomics,SIT1,gait_no_room_A,ensemble,925,496,429,0,925,496,429
proteomics,SKAP1,gait_no_room_A,ensemble,925,496,429,0,925,496,429
proteomics,SLA2,gait_no_room_A,ensemble,925,496,429,0,925,496,429
proteomics,SLAMF7,gait_no_room_A,ensemble,925,496,429,0,925,496,429
proteomics,SLAMF8,gait_no_room_A,ensemble,925,496,429,0,925,496,429
proteomics,SLC16A1,gait_no_room_A,ensemble,908,486,422,0,908,486,422
proteomics,SLIT2,gait_no_room_A,ensemble,925,496,429,0,925,496,429
proteomics,SLITRK1,gait_no_room_A,ensemble,925,496,429,0,925,496,429
proteomics,SLITRK2,gait_no_room_A,ensemble,925,496,429,0,925,496,429
proteomics,SLITRK6,gait_no_room_A,ensemble,925,496,429,0,925,496,429
proteomics,SLMAP,gait_no_room_A,ensemble,787,428,359,0,787,428,359
proteomics,SMAD1,gait_no_room_A,ensemble,925,496,429,0,925,496,429
proteomics,SMAD2,gait_no_room_A,ensemble,923,494,429,0,923,494,429
proteomics,SMAD3,gait_no_room_A,ensemble,925,496,429,0,925,496,429
proteomics,SMAD5,gait_no_room_A,ensemble,925,496,429,0,925,496,429
proteomics,SMARCA4,gait_no_room_A,ensemble,925,496,429,0,925,496,429
proteomics,SMPD1,gait_no_room_A,ensemble,925,496,429,0,925,496,429
proteomics,SMURF1,gait_no_room_A,ensemble,867,466,401,0,867,466,401
proteomics,SNAP25,gait_no_room_A,ensemble,925,496,429,0,925,496,429
proteomics,SNCG,gait_no_room_A,ensemble,925,496,429,0,925,496,429
proteomics,SNED1,gait_no_room_A,ensemble,925,496,429,0,925,496,429
proteomics,SNX29,gait_no_room_A,ensemble,925,496,429,0,925,496,429
proteomics,SNX5,gait_no_room_A,ensemble,916,491,425,0,916,491,425
proteomics,SPATA2L,gait_no_room_A,ensemble,925,496,429,0,925,496,429
proteomics,SPINK6,gait_no_room_A,ensemble,925,496,429,0,925,496,429
proteomics,SPN,gait_no_room_A,ensemble,925,496,429,0,925,496,429
proteomics,SPOCK1,gait_no_room_A,ensemble,925,496,429,0,925,496,429
proteomics,SPRED2,gait_no_room_A,ensemble,925,496,429,0,925,496,429
proteomics,SPRR3,gait_no_room_A,ensemble,912,487,425,0,912,487,425
proteomics,SPRY2,gait_no_room_A,ensemble,925,496,429,0,925,496,429
proteomics,SPTBN2,gait_no_room_A,ensemble,925,496,429,0,925,496,429
proteomics,SRP14,gait_no_room_A,ensemble,925,496,429,0,925,496,429
proteomics,SRPK2,gait_no_room_A,ensemble,925,496,429,0,925,496,429
proteomics,SSB,gait_no_room_A,ensemble,925,496,429,0,925,496,429
proteomics,ST3GAL1,gait_no_room_A,ensemble,925,496,429,0,925,496,429
proteomics,STAMBP,gait_no_room_A,ensemble,925,496,429,0,925,496,429
proteomics,STAT2,gait_no_room_A,ensemble,925,496,429,0,925,496,429
proteomics,STK11,gait_no_room_A,ensemble,925,496,429,0,925,496,429
proteomics,STK11IP,gait_no_room_A,ensemble,885,476,409,0,885,476,409
proteomics,STK39,gait_no_room_A,ensemble,925,496,429,0,925,496,429
proteomics,STX4,gait_no_room_A,ensemble,925,496,429,0,925,496,429
proteomics,STX5,gait_no_room_A,ensemble,925,496,429,0,925,496,429
proteomics,STX7,gait_no_room_A,ensemble,925,496,429,0,925,496,429
proteomics,STX8,gait_no_room_A,ensemble,925,496,429,0,925,496,429
proteomics,STXBP3,gait_no_room_A,ensemble,925,496,429,0,925,496,429
proteomics,SULT2A1,gait_no_room_A,ensemble,925,496,429,0,925,496,429
proteomics,SUMO1,gait_no_room_A,ensemble,925,496,429,0,925,496,429
proteomics,SUSD4,gait_no_room_A,ensemble,925,496,429,0,925,496,429
proteomics,SWAP70,gait_no_room_A,ensemble,925,496,429,0,925,496,429
proteomics,SYT1,gait_no_room_A,ensemble,925,496,429,0,925,496,429
proteomics,TAB2,gait_no_room_A,ensemble,925,496,429,0,925,496,429
proteomics,TACSTD2,gait_no_room_A,ensemble,925,496,429,0,925,496,429
proteomics,TAFA5,gait_no_room_A,ensemble,925,496,429,0,925,496,429
proteomics,TARBP2,gait_no_room_A,ensemble,925,496,429,0,925,496,429
proteomics,TARDBP,gait_no_room_A,ensemble,925,496,429,0,925,496,429
proteomics,TAX1BP1,gait_no_room_A,ensemble,925,496,429,0,925,496,429
proteomics,TCERG1,gait_no_room_A,ensemble,925,496,429,0,925,496,429
proteomics,TCL1A,gait_no_room_A,ensemble,925,496,429,0,925,496,429
proteomics,TFEB,gait_no_room_A,ensemble,925,496,429,0,925,496,429
proteomics,TG,gait_no_room_A,ensemble,726,385,341,0,726,385,341
proteomics,TGFA,gait_no_room_A,ensemble,925,496,429,0,925,496,429
proteomics,TGFB1,gait_no_room_A,ensemble,925,496,429,0,925,496,429
proteomics,TGFBR1,gait_no_room_A,ensemble,836,448,388,0,836,448,388
proteomics,THPO,gait_no_room_A,ensemble,925,496,429,0,925,496,429
proteomics,TIGAR,gait_no_room_A,ensemble,925,496,429,0,925,496,429
proteomics,TIMP2,gait_no_room_A,ensemble,863,461,402,0,863,461,402
proteomics,TK1,gait_no_room_A,ensemble,925,496,429,0,925,496,429
proteomics,TLR1,gait_no_room_A,ensemble,925,496,429,0,925,496,429
proteomics,TLR2,gait_no_room_A,ensemble,525,275,250,0,525,275,250
proteomics,TLR3,gait_no_room_A,ensemble,925,496,429,0,925,496,429
proteomics,TLR4,gait_no_room_A,ensemble,925,496,429,0,925,496,429
proteomics,TMEM106A,gait_no_room_A,ensemble,906,483,423,0,906,483,423
proteomics,TMEM25,gait_no_room_A,ensemble,925,496,429,0,925,496,429
proteomics,TMPRSS11D,gait_no_room_A,ensemble,925,496,429,0,925,496,429
proteomics,TMPRSS15,gait_no_room_A,ensemble,925,496,429,0,925,496,429
proteomics,TMPRSS5,gait_no_room_A,ensemble,925,496,429,0,925,496,429
proteomics,TNF,gait_no_room_A,ensemble,925,496,429,0,925,496,429
proteomics,TNFAIP6,gait_no_room_A,ensemble,925,496,429,0,925,496,429
proteomics,TNFAIP8,gait_no_room_A,ensemble,882,474,408,0,882,474,408
proteomics,TNFRSF10A,gait_no_room_A,ensemble,925,496,429,0,925,496,429
proteomics,TNFRSF10B,gait_no_room_A,ensemble,925,496,429,0,925,496,429
proteomics,TNFRSF11A,gait_no_room_A,ensemble,925,496,429,0,925,496,429
proteomics,TNFRSF11B,gait_no_room_A,ensemble,925,496,429,0,925,496,429
proteomics,TNFRSF13B,gait_no_room_A,ensemble,925,496,429,0,925,496,429
proteomics,TNFRSF13C,gait_no_room_A,ensemble,925,496,429,0,925,496,429
proteomics,TNFRSF19,gait_no_room_A,ensemble,925,496,429,0,925,496,429
proteomics,TNFRSF6B,gait_no_room_A,ensemble,925,496,429,0,925,496,429
proteomics,TNFRSF9,gait_no_room_A,ensemble,925,496,429,0,925,496,429
proteomics,TNFSF11,gait_no_room_A,ensemble,925,496,429,0,925,496,429
proteomics,TNFSF12,gait_no_room_A,ensemble,925,496,429,0,925,496,429
proteomics,TNFSF13,gait_no_room_A,ensemble,925,496,429,0,925,496,429
proteomics,TNFSF14,gait_no_room_A,ensemble,925,496,429,0,925,496,429
proteomics,TNFSF15,gait_no_room_A,ensemble,925,496,429,0,925,496,429
proteomics,TNIP1,gait_no_room_A,ensemble,925,496,429,0,925,496,429
proteomics,TNR,gait_no_room_A,ensemble,925,496,429,0,925,496,429
proteomics,TOP2B,gait_no_room_A,ensemble,882,474,408,0,882,474,408
proteomics,TP53,gait_no_room_A,ensemble,925,496,429,0,925,496,429
proteomics,TP53BP1,gait_no_room_A,ensemble,925,496,429,0,925,496,429
proteomics,TPMT,gait_no_room_A,ensemble,925,496,429,0,925,496,429
proteomics,TPR,gait_no_room_A,ensemble,925,496,429,0,925,496,429
proteomics,TPSAB1,gait_no_room_A,ensemble,925,496,429,0,925,496,429
proteomics,TRIAP1,gait_no_room_A,ensemble,925,496,429,0,925,496,429
proteomics,TRIM21,gait_no_room_A,ensemble,925,496,429,0,925,496,429
proteomics,TRIM25,gait_no_room_A,ensemble,904,489,415,0,904,489,415
proteomics,TRIM40,gait_no_room_A,ensemble,896,480,416,0,896,480,416
proteomics,TRIM41,gait_no_room_A,ensemble,872,467,405,0,872,467,405
proteomics,TRIM5,gait_no_room_A,ensemble,925,496,429,0,925,496,429
proteomics,TRIM58,gait_no_room_A,ensemble,925,496,429,0,925,496,429
proteomics,TRIP11,gait_no_room_A,ensemble,925,496,429,0,925,496,429
proteomics,TSC22D3,gait_no_room_A,ensemble,925,496,429,0,925,496,429
proteomics,TSLP,gait_no_room_A,ensemble,925,496,429,0,925,496,429
proteomics,TXLNA,gait_no_room_A,ensemble,925,496,429,0,925,496,429
proteomics,TYMS,gait_no_room_A,ensemble,925,496,429,0,925,496,429
proteomics,UBA52,gait_no_room_A,ensemble,925,496,429,0,925,496,429
proteomics,UBAC1,gait_no_room_A,ensemble,925,496,429,0,925,496,429
proteomics,UBE2B,gait_no_room_A,ensemble,925,496,429,0,925,496,429
proteomics,UBE2E2,gait_no_room_A,ensemble,925,496,429,0,925,496,429
proteomics,UBE2Z,gait_no_room_A,ensemble,925,496,429,0,925,496,429
proteomics,UBL4A,gait_no_room_A,ensemble,925,496,429,0,925,496,429
proteomics,UBOX5,gait_no_room_A,ensemble,925,496,429,0,925,496,429
proteomics,UBR2,gait_no_room_A,ensemble,925,496,429,0,925,496,429
proteomics,UNG,gait_no_room_A,ensemble,897,479,418,0,897,479,418
proteomics,USO1,gait_no_room_A,ensemble,925,496,429,0,925,496,429
proteomics,USP8,gait_no_room_A,ensemble,925,496,429,0,925,496,429
proteomics,VAMP8,gait_no_room_A,ensemble,918,492,426,0,918,492,426
proteomics,VAV3,gait_no_room_A,ensemble,925,496,429,0,925,496,429
proteomics,VEGFA,gait_no_room_A,ensemble,925,496,429,0,925,496,429
proteomics,VEGFB,gait_no_room_A,ensemble,925,496,429,0,925,496,429
proteomics,VEGFD,gait_no_room_A,ensemble,925,496,429,0,925,496,429
proteomics,VGF,gait_no_room_A,ensemble,925,496,429,0,925,496,429
proteomics,VNN2,gait_no_room_A,ensemble,925,496,429,0,925,496,429
proteomics,VPS54,gait_no_room_A,ensemble,867,469,398,0,867,469,398
proteomics,VRK3,gait_no_room_A,ensemble,925,496,429,0,925,496,429
proteomics,VSIG10L,gait_no_room_A,ensemble,925,496,429,0,925,496,429
proteomics,VSNL1,gait_no_room_A,ensemble,925,496,429,0,925,496,429
proteomics,VWA1,gait_no_room_A,ensemble,925,496,429,0,925,496,429
proteomics,VWC2,gait_no_room_A,ensemble,925,496,429,0,925,496,429
proteomics,WAS,gait_no_room_A,ensemble,925,496,429,0,925,496,429
proteomics,WASF3,gait_no_room_A,ensemble,925,496,429,0,925,496,429
proteomics,WASL,gait_no_room_A,ensemble,925,496,429,0,925,496,429
proteomics,WDR91,gait_no_room_A,ensemble,925,496,429,0,925,496,429
proteomics,WFDC3,gait_no_room_A,ensemble,925,496,429,0,925,496,429
proteomics,WIF1,gait_no_room_A,ensemble,925,496,429,0,925,496,429
proteomics,WNT9A,gait_no_room_A,ensemble,925,496,429,0,925,496,429
proteomics,WWP2,gait_no_room_A,ensemble,925,496,429,0,925,496,429
proteomics,XCL1,gait_no_room_A,ensemble,925,496,429,0,925,496,429
proteomics,XIAP,gait_no_room_A,ensemble,925,496,429,0,925,496,429
proteomics,YES1,gait_no_room_A,ensemble,925,496,429,0,925,496,429
proteomics,YOD1,gait_no_room_A,ensemble,925,496,429,0,925,496,429
proteomics,ZBP1,gait_no_room_A,ensemble,925,496,429,0,925,496,429
proteomics,ZBTB16,gait_no_room_A,ensemble,925,496,429,0,925,496,429
proteomics,ZBTB17,gait_no_room_A,ensemble,925,496,429,0,925,496,429
proteomics,ZC3H12A,gait_no_room_A,ensemble,925,496,429,0,925,496,429
proteomics,ZC3H12D,gait_no_room_A,ensemble,907,484,423,0,907,484,423
proteomics,ZER1,gait_no_room_A,ensemble,925,496,429,0,925,496,429
proteomics,ZFAND2B,gait_no_room_A,ensemble,925,496,429,0,925,496,429
renal_function,bt__creatinine,gait_no_room_A,ensemble,2157,1066,1091,0,2157,1066,1091
renal_function,bt__potassium,gait_no_room_A,ensemble,2033,1001,1032,0,2033,1001,1032
renal_function,bt__sodium,gait_no_room_A,ensemble,2031,1001,1030,0,2031,1001,1030
renal_function,bt__urea,gait_no_room_A,ensemble,1873,927,946,0,1873,927,946
sleep_group,ahi,gait_no_room_A,ensemble,2547,1263,1284,0,2547,1263,1284
sleep_group,csr_percent,gait_no_room_A,ensemble,2531,1256,1275,0,2531,1256,1275
sleep_group,heart_rate_max_during_sleep,gait_no_room_A,ensemble,2553,1267,1286,0,2553,1267,1286
sleep_group,heart_rate_mean_during_sleep,gait_no_room_A,ensemble,2553,1267,1286,0,2553,1267,1286
sleep_group,heart_rate_min_during_sleep,gait_no_room_A,ensemble,2553,1267,1286,0,2553,1267,1286
sleep_group,hypoxic_burden,gait_no_room_A,ensemble,2547,1263,1284,0,2547,1263,1284
sleep_group,odi,gait_no_room_A,ensemble,2547,1263,1284,0,2547,1263,1284
sleep_group,percent_of_deep_sleep_time,gait_no_room_A,ensemble,2551,1268,1283,0,2551,1268,1283
sleep_group,percent_of_light_sleep_time,gait_no_room_A,ensemble,2551,1268,1283,0,2551,1268,1283
sleep_group,percent_of_rem_sleep_time,gait_no_room_A,ensemble,2551,1268,1283,0,2551,1268,1283
sleep_group,rdi,gait_no_room_A,ensemble,2547,1263,1284,0,2547,1263,1284
sleep_group,rem_latency,gait_no_room_A,ensemble,2549,1266,1283,0,2549,1266,1283
sleep_group,saturation_mean,gait_no_room_A,ensemble,2547,1263,1284,0,2547,1263,1284
sleep_group,saturation_min_value,gait_no_room_A,ensemble,2547,1263,1284,0,2547,1263,1284
sleep_group,sleep_efficiency,gait_no_room_A,ensemble,2568,1274,1294,0,2568,1274,1294
sleep_group,sleep_latency,gait_no_room_A,ensemble,2568,1274,1294,0,2568,1274,1294
sleep_group,total_deep_sleep_time,gait_no_room_A,ensemble,2568,1274,1294,0,2568,1274,1294
sleep_group,total_light_sleep_time,gait_no_room_A,ensemble,2568,1274,1294,0,2568,1274,1294
sleep_group,total_rem_sleep_time,gait_no_room_A,ensemble,2568,1274,1294,0,2568,1274,1294
sleep_group,total_sleep_time,gait_no_room_A,ensemble,2568,1274,1294,0,2568,1274,1294
subject,age,gait_no_room_A,ensemble,2769,1348,1421,0,2769,1348,1421
subject,bmi,gait_no_room_A,ensemble,2769,1348,1421,0,2769,1348,1421
subject,gender,gait_no_room_A,ensemble,2769,1348,1421,0,2769,1348,1421
wearable_monthly,wearable_aerobic_monthly_hours,gait_no_room_A,ensemble,362,120,242,0,362,120,242
wearable_monthly,wearable_basketball_monthly_hours,gait_no_room_A,ensemble,34,21,13,0,34,21,13
wearable_monthly,wearable_crossfit_monthly_hours,gait_no_room_A,ensemble,192,92,100,0,192,92,100
wearable_monthly,wearable_folkdances_monthly_hours,gait_no_room_A,ensemble,108,19,89,0,108,19,89
wearable_monthly,wearable_football_monthly_hours,gait_no_room_A,ensemble,23,20,3,0,23,20,3
wearable_monthly,wearable_martialarts_monthly_hours,gait_no_room_A,ensemble,51,26,25,0,51,26,25
wearable_monthly,wearable_meditation_monthly_hours,gait_no_room_A,ensemble,87,26,61,0,87,26,61
wearable_monthly,wearable_other_monthly_hours,gait_no_room_A,ensemble,616,255,361,0,616,255,361
wearable_monthly,wearable_running_monthly_hours,gait_no_room_A,ensemble,522,300,222,0,522,300,222
wearable_monthly,wearable_swimming_monthly_hours,gait_no_room_A,ensemble,341,170,171,0,341,170,171
wearable_monthly,wearable_total_monthly_hours,gait_no_room_A,ensemble,1212,541,671,0,1212,541,671
wearable_monthly,wearable_walking_monthly_hours,gait_no_room_A,ensemble,990,414,576,0,990,414,576
wearable_monthly,wearable_weightlifting_monthly_hours,gait_no_room_A,ensemble,486,275,211,0,486,275,211
wearable_monthly,wearable_yogaandpilates_monthly_hours,gait_no_room_A,ensemble,764,211,553,0,764,211,553
wearable_weekly,wearable_aerobic_weekly_hours,gait_no_room_A,ensemble,114,45,69,0,114,45,69
wearable_weekly,wearable_bicycle_weekly_hours,gait_no_room_A,ensemble,97,58,39,0,97,58,39
wearable_weekly,wearable_crossfit_weekly_hours,gait_no_room_A,ensemble,54,23,31,0,54,23,31
wearable_weekly,wearable_folkdances_weekly_hours,gait_no_room_A,ensemble,34,5,29,0,34,5,29
wearable_weekly,wearable_martialarts_weekly_hours,gait_no_room_A,ensemble,16,6,10,0,16,6,10
wearable_weekly,wearable_meditation_weekly_hours,gait_no_room_A,ensemble,24,10,14,0,24,10,14
wearable_weekly,wearable_other_weekly_hours,gait_no_room_A,ensemble,157,64,93,0,157,64,93
wearable_weekly,wearable_running_weekly_hours,gait_no_room_A,ensemble,125,77,48,0,125,77,48
wearable_weekly,wearable_swimming_weekly_hours,gait_no_room_A,ensemble,88,45,43,0,88,45,43
wearable_weekly,wearable_total_weekly_hours,gait_no_room_A,ensemble,329,149,180,0,329,149,180
wearable_weekly,wearable_walking_weekly_hours,gait_no_room_A,ensemble,260,114,146,0,260,114,146
wearable_weekly,wearable_weightlifting_weekly_hours,gait_no_room_A,ensemble,128,76,52,0,128,76,52
wearable_weekly,wearable_yogaandpilates_weekly_hours,gait_no_room_A,ensemble,197,63,134,0,197,63,134
anthropometric_group,hips,long_seq,ensemble,3328,1607,1721,0,3405,1646,1759
anthropometric_group,waist,long_seq,ensemble,3328,1607,1721,0,3405,1646,1759
anthropometric_group,weight,long_seq,ensemble,3327,1607,1720,0,3404,1646,1758
blood_tests_lipids,bt__hdl_cholesterol,long_seq,ensemble,2450,1213,1237,0,2512,1244,1268
blood_tests_lipids,bt__non_hdl_cholesterol,long_seq,ensemble,2357,1167,1190,0,2416,1196,1220
blood_tests_lipids,bt__total_cholesterol,long_seq,ensemble,2470,1222,1248,0,2533,1253,1280
blood_tests_lipids,bt__triglycerides,long_seq,ensemble,2475,1227,1248,0,2537,1258,1279
body_composition,body_comp_android_bone_mass,long_seq,ensemble,3240,1581,1659,0,3317,1620,1697
body_composition,body_comp_android_fat_free_mass,long_seq,ensemble,3240,1581,1659,0,3317,1620,1697
body_composition,body_comp_android_fat_mass,long_seq,ensemble,3240,1581,1659,0,3317,1620,1697
body_composition,body_comp_android_lean_mass,long_seq,ensemble,3240,1581,1659,0,3317,1620,1697
body_composition,body_comp_android_tissue_mass,long_seq,ensemble,3240,1581,1659,0,3317,1620,1697
body_composition,body_comp_android_total_mass,long_seq,ensemble,3240,1581,1659,0,3317,1620,1697
body_composition,body_comp_arm_left_bone_mass,long_seq,ensemble,3240,1581,1659,0,3317,1620,1697
body_composition,body_comp_arm_left_fat_free_mass,long_seq,ensemble,3240,1581,1659,0,3317,1620,1697
body_composition,body_comp_arm_left_fat_mass,long_seq,ensemble,3240,1581,1659,0,3317,1620,1697
body_composition,body_comp_arm_left_lean_mass,long_seq,ensemble,3240,1581,1659,0,3317,1620,1697
body_composition,body_comp_arm_left_tissue_mass,long_seq,ensemble,3240,1581,1659,0,3317,1620,1697
body_composition,body_comp_arm_left_total_mass,long_seq,ensemble,3240,1581,1659,0,3317,1620,1697
body_composition,body_comp_arm_right_bone_mass,long_seq,ensemble,3240,1581,1659,0,3317,1620,1697
body_composition,body_comp_arm_right_fat_free_mass,long_seq,ensemble,3240,1581,1659,0,3317,1620,1697
body_composition,body_comp_arm_right_fat_mass,long_seq,ensemble,3240,1581,1659,0,3317,1620,1697
body_composition,body_comp_arm_right_lean_mass,long_seq,ensemble,3240,1581,1659,0,3317,1620,1697
body_composition,body_comp_arm_right_tissue_mass,long_seq,ensemble,3240,1581,1659,0,3317,1620,1697
body_composition,body_comp_arm_right_total_mass,long_seq,ensemble,3240,1581,1659,0,3317,1620,1697
body_composition,body_comp_arms_bone_mass,long_seq,ensemble,3240,1581,1659,0,3317,1620,1697
body_composition,body_comp_arms_diff_bone_mass,long_seq,ensemble,3240,1581,1659,0,3317,1620,1697
body_composition,body_comp_arms_diff_fat_free_mass,long_seq,ensemble,3240,1581,1659,0,3317,1620,1697
body_composition,body_comp_arms_diff_fat_mass,long_seq,ensemble,3240,1581,1659,0,3317,1620,1697
body_composition,body_comp_arms_diff_lean_mass,long_seq,ensemble,3240,1581,1659,0,3317,1620,1697
body_composition,body_comp_arms_diff_tissue_mass,long_seq,ensemble,3240,1581,1659,0,3317,1620,1697
body_composition,body_comp_arms_diff_total_mass,long_seq,ensemble,3240,1581,1659,0,3317,1620,1697
body_composition,body_comp_arms_fat_free_mass,long_seq,ensemble,3240,1581,1659,0,3317,1620,1697
body_composition,body_comp_arms_fat_mass,long_seq,ensemble,3240,1581,1659,0,3317,1620,1697
body_composition,body_comp_arms_lean_mass,long_seq,ensemble,3240,1581,1659,0,3317,1620,1697
body_composition,body_comp_arms_tissue_mass,long_seq,ensemble,3240,1581,1659,0,3317,1620,1697
body_composition,body_comp_arms_total_mass,long_seq,ensemble,3240,1581,1659,0,3317,1620,1697
body_composition,body_comp_gynoid_bone_mass,long_seq,ensemble,3240,1581,1659,0,3317,1620,1697
body_composition,body_comp_gynoid_fat_free_mass,long_seq,ensemble,3240,1581,1659,0,3317,1620,1697
body_composition,body_comp_gynoid_fat_mass,long_seq,ensemble,3240,1581,1659,0,3317,1620,1697
body_composition,body_comp_gynoid_lean_mass,long_seq,ensemble,3240,1581,1659,0,3317,1620,1697
body_composition,body_comp_gynoid_tissue_mass,long_seq,ensemble,3240,1581,1659,0,3317,1620,1697
body_composition,body_comp_gynoid_total_mass,long_seq,ensemble,3240,1581,1659,0,3317,1620,1697
body_composition,body_comp_leg_left_bone_mass,long_seq,ensemble,3240,1581,1659,0,3317,1620,1697
body_composition,body_comp_leg_left_fat_free_mass,long_seq,ensemble,3240,1581,1659,0,3317,1620,1697
body_composition,body_comp_leg_left_fat_mass,long_seq,ensemble,3240,1581,1659,0,3317,1620,1697
body_composition,body_comp_leg_left_lean_mass,long_seq,ensemble,3240,1581,1659,0,3317,1620,1697
body_composition,body_comp_leg_left_tissue_mass,long_seq,ensemble,3240,1581,1659,0,3317,1620,1697
body_composition,body_comp_leg_left_total_mass,long_seq,ensemble,3240,1581,1659,0,3317,1620,1697
body_composition,body_comp_leg_right_bone_mass,long_seq,ensemble,3240,1581,1659,0,3317,1620,1697
body_composition,body_comp_leg_right_fat_free_mass,long_seq,ensemble,3240,1581,1659,0,3317,1620,1697
body_composition,body_comp_leg_right_fat_mass,long_seq,ensemble,3240,1581,1659,0,3317,1620,1697
body_composition,body_comp_leg_right_lean_mass,long_seq,ensemble,3240,1581,1659,0,3317,1620,1697
body_composition,body_comp_leg_right_tissue_mass,long_seq,ensemble,3240,1581,1659,0,3317,1620,1697
body_composition,body_comp_leg_right_total_mass,long_seq,ensemble,3240,1581,1659,0,3317,1620,1697
body_composition,body_comp_legs_bone_mass,long_seq,ensemble,3240,1581,1659,0,3317,1620,1697
body_composition,body_comp_legs_diff_bone_mass,long_seq,ensemble,3240,1581,1659,0,3317,1620,1697
body_composition,body_comp_legs_diff_fat_free_mass,long_seq,ensemble,3240,1581,1659,0,3317,1620,1697
body_composition,body_comp_legs_diff_fat_mass,long_seq,ensemble,3240,1581,1659,0,3317,1620,1697
body_composition,body_comp_legs_diff_lean_mass,long_seq,ensemble,3240,1581,1659,0,3317,1620,1697
body_composition,body_comp_legs_diff_tissue_mass,long_seq,ensemble,3240,1581,1659,0,3317,1620,1697
body_composition,body_comp_legs_diff_total_mass,long_seq,ensemble,3240,1581,1659,0,3317,1620,1697
body_composition,body_comp_legs_fat_free_mass,long_seq,ensemble,3240,1581,1659,0,3317,1620,1697
body_composition,body_comp_legs_fat_mass,long_seq,ensemble,3240,1581,1659,0,3317,1620,1697
body_composition,body_comp_legs_lean_mass,long_seq,ensemble,3240,1581,1659,0,3317,1620,1697
body_composition,body_comp_legs_tissue_mass,long_seq,ensemble,3240,1581,1659,0,3317,1620,1697
body_composition,body_comp_legs_total_mass,long_seq,ensemble,3240,1581,1659,0,3317,1620,1697
body_composition,body_comp_total_bone_mass,long_seq,ensemble,3240,1581,1659,0,3317,1620,1697
body_composition,body_comp_total_diff_bone_mass,long_seq,ensemble,3240,1581,1659,0,3317,1620,1697
body_composition,body_comp_total_diff_fat_free_mass,long_seq,ensemble,3240,1581,1659,0,3317,1620,1697
body_composition,body_comp_total_diff_fat_mass,long_seq,ensemble,3240,1581,1659,0,3317,1620,1697
body_composition,body_comp_total_diff_lean_mass,long_seq,ensemble,3240,1581,1659,0,3317,1620,1697
body_composition,body_comp_total_diff_tissue_mass,long_seq,ensemble,3240,1581,1659,0,3317,1620,1697
body_composition,body_comp_total_diff_total_mass,long_seq,ensemble,3240,1581,1659,0,3317,1620,1697
body_composition,body_comp_total_fat_free_mass,long_seq,ensemble,3240,1581,1659,0,3317,1620,1697
body_composition,body_comp_total_fat_mass,long_seq,ensemble,3240,1581,1659,0,3317,1620,1697
body_composition,body_comp_total_lean_mass,long_seq,ensemble,3240,1581,1659,0,3317,1620,1697
body_composition,body_comp_total_left_bone_mass,long_seq,ensemble,3240,1581,1659,0,3317,1620,1697
body_composition,body_comp_total_left_fat_free_mass,long_seq,ensemble,3240,1581,1659,0,3317,1620,1697
body_composition,body_comp_total_left_fat_mass,long_seq,ensemble,3240,1581,1659,0,3317,1620,1697
body_composition,body_comp_total_left_lean_mass,long_seq,ensemble,3240,1581,1659,0,3317,1620,1697
body_composition,body_comp_total_left_tissue_mass,long_seq,ensemble,3240,1581,1659,0,3317,1620,1697
body_composition,body_comp_total_left_total_mass,long_seq,ensemble,3240,1581,1659,0,3317,1620,1697
body_composition,body_comp_total_right_bone_mass,long_seq,ensemble,3240,1581,1659,0,3317,1620,1697
body_composition,body_comp_total_right_fat_free_mass,long_seq,ensemble,3240,1581,1659,0,3317,1620,1697
body_composition,body_comp_total_right_fat_mass,long_seq,ensemble,3240,1581,1659,0,3317,1620,1697
body_composition,body_comp_total_right_lean_mass,long_seq,ensemble,3240,1581,1659,0,3317,1620,1697
body_composition,body_comp_total_right_tissue_mass,long_seq,ensemble,3240,1581,1659,0,3317,1620,1697
body_composition,body_comp_total_right_total_mass,long_seq,ensemble,3240,1581,1659,0,3317,1620,1697
body_composition,body_comp_total_tissue_mass,long_seq,ensemble,3240,1581,1659,0,3317,1620,1697
body_composition,body_comp_total_total_mass,long_seq,ensemble,3240,1581,1659,0,3317,1620,1697
body_composition,body_comp_trunk_bone_mass,long_seq,ensemble,3240,1581,1659,0,3317,1620,1697
body_composition,body_comp_trunk_diff_bone_mass,long_seq,ensemble,3240,1581,1659,0,3317,1620,1697
body_composition,body_comp_trunk_diff_fat_free_mass,long_seq,ensemble,3240,1581,1659,0,3317,1620,1697
body_composition,body_comp_trunk_diff_fat_mass,long_seq,ensemble,3240,1581,1659,0,3317,1620,1697
body_composition,body_comp_trunk_diff_lean_mass,long_seq,ensemble,3240,1581,1659,0,3317,1620,1697
body_composition,body_comp_trunk_diff_tissue_mass,long_seq,ensemble,3240,1581,1659,0,3317,1620,1697
body_composition,body_comp_trunk_diff_total_mass,long_seq,ensemble,3240,1581,1659,0,3317,1620,1697
body_composition,body_comp_trunk_fat_free_mass,long_seq,ensemble,3240,1581,1659,0,3317,1620,1697
body_composition,body_comp_trunk_fat_mass,long_seq,ensemble,3240,1581,1659,0,3317,1620,1697
body_composition,body_comp_trunk_lean_mass,long_seq,ensemble,3240,1581,1659,0,3317,1620,1697
body_composition,body_comp_trunk_left_bone_mass,long_seq,ensemble,3240,1581,1659,0,3317,1620,1697
body_composition,body_comp_trunk_left_fat_free_mass,long_seq,ensemble,3240,1581,1659,0,3317,1620,1697
body_composition,body_comp_trunk_left_fat_mass,long_seq,ensemble,3240,1581,1659,0,3317,1620,1697
body_composition,body_comp_trunk_left_lean_mass,long_seq,ensemble,3240,1581,1659,0,3317,1620,1697
body_composition,body_comp_trunk_left_tissue_mass,long_seq,ensemble,3240,1581,1659,0,3317,1620,1697
body_composition,body_comp_trunk_left_total_mass,long_seq,ensemble,3240,1581,1659,0,3317,1620,1697
body_composition,body_comp_trunk_right_bone_mass,long_seq,ensemble,3240,1581,1659,0,3317,1620,1697
body_composition,body_comp_trunk_right_fat_free_mass,long_seq,ensemble,3240,1581,1659,0,3317,1620,1697
body_composition,body_comp_trunk_right_fat_mass,long_seq,ensemble,3240,1581,1659,0,3317,1620,1697
body_composition,body_comp_trunk_right_lean_mass,long_seq,ensemble,3240,1581,1659,0,3317,1620,1697
body_composition,body_comp_trunk_right_tissue_mass,long_seq,ensemble,3240,1581,1659,0,3317,1620,1697
body_composition,body_comp_trunk_right_total_mass,long_seq,ensemble,3240,1581,1659,0,3317,1620,1697
body_composition,body_comp_trunk_tissue_mass,long_seq,ensemble,3240,1581,1659,0,3317,1620,1697
body_composition,body_comp_trunk_total_mass,long_seq,ensemble,3240,1581,1659,0,3317,1620,1697
body_composition,height,long_seq,ensemble,3327,1607,1720,0,3404,1646,1758
body_composition,hips,long_seq,ensemble,3328,1607,1721,0,3405,1646,1759
body_composition,total_scan_sat_area,long_seq,ensemble,3237,1580,1657,0,3314,1619,1695
body_composition,total_scan_sat_mass,long_seq,ensemble,3237,1580,1657,0,3314,1619,1695
body_composition,total_scan_sat_volume,long_seq,ensemble,3237,1580,1657,0,3314,1619,1695
body_composition,total_scan_vat_area,long_seq,ensemble,3228,1580,1648,0,3305,1619,1686
body_composition,total_scan_vat_mass,long_seq,ensemble,3228,1580,1648,0,3305,1619,1686
body_composition,total_scan_vat_volume,long_seq,ensemble,3228,1580,1648,0,3305,1619,1686
body_composition,waist,long_seq,ensemble,3328,1607,1721,0,3405,1646,1759
body_composition,weight,long_seq,ensemble,3327,1607,1720,0,3404,1646,1758
bone_density,body_arm_left_area,long_seq,ensemble,3243,1582,1661,0,3320,1621,1699
bone_density,body_arm_left_bmc,long_seq,ensemble,3243,1582,1661,0,3320,1621,1699
bone_density,body_arm_left_bmd,long_seq,ensemble,3243,1582,1661,0,3320,1621,1699
bone_density,body_arm_right_area,long_seq,ensemble,3243,1582,1661,0,3320,1621,1699
bone_density,body_arm_right_bmc,long_seq,ensemble,3243,1582,1661,0,3320,1621,1699
bone_density,body_arm_right_bmd,long_seq,ensemble,3243,1582,1661,0,3320,1621,1699
bone_density,body_arms_area,long_seq,ensemble,3243,1582,1661,0,3320,1621,1699
bone_density,body_arms_bmc,long_seq,ensemble,3243,1582,1661,0,3320,1621,1699
bone_density,body_arms_bmd,long_seq,ensemble,3243,1582,1661,0,3320,1621,1699
bone_density,body_head_area,long_seq,ensemble,3243,1582,1661,0,3320,1621,1699
bone_density,body_head_bmc,long_seq,ensemble,3243,1582,1661,0,3320,1621,1699
bone_density,body_head_bmd,long_seq,ensemble,3243,1582,1661,0,3320,1621,1699
bone_density,body_leg_left_area,long_seq,ensemble,3243,1582,1661,0,3320,1621,1699
bone_density,body_leg_left_bmc,long_seq,ensemble,3243,1582,1661,0,3320,1621,1699
bone_density,body_leg_left_bmd,long_seq,ensemble,3243,1582,1661,0,3320,1621,1699
bone_density,body_leg_right_area,long_seq,ensemble,3243,1582,1661,0,3320,1621,1699
bone_density,body_leg_right_bmc,long_seq,ensemble,3243,1582,1661,0,3320,1621,1699
bone_density,body_leg_right_bmd,long_seq,ensemble,3243,1582,1661,0,3320,1621,1699
bone_density,body_legs_area,long_seq,ensemble,3243,1582,1661,0,3320,1621,1699
bone_density,body_legs_bmc,long_seq,ensemble,3243,1582,1661,0,3320,1621,1699
bone_density,body_legs_bmd,long_seq,ensemble,3243,1582,1661,0,3320,1621,1699
bone_density,body_pelvis_area,long_seq,ensemble,3243,1582,1661,0,3320,1621,1699
bone_density,body_pelvis_bmc,long_seq,ensemble,3243,1582,1661,0,3320,1621,1699
bone_density,body_pelvis_bmd,long_seq,ensemble,3243,1582,1661,0,3320,1621,1699
bone_density,body_ribs_area,long_seq,ensemble,3243,1582,1661,0,3320,1621,1699
bone_density,body_ribs_bmc,long_seq,ensemble,3243,1582,1661,0,3320,1621,1699
bone_density,body_ribs_bmd,long_seq,ensemble,3243,1582,1661,0,3320,1621,1699
bone_density,body_spine_area,long_seq,ensemble,3243,1582,1661,0,3320,1621,1699
bone_density,body_spine_bmc,long_seq,ensemble,3243,1582,1661,0,3320,1621,1699
bone_density,body_spine_bmd,long_seq,ensemble,3243,1582,1661,0,3320,1621,1699
bone_density,body_total_area,long_seq,ensemble,3243,1582,1661,0,3320,1621,1699
bone_density,body_total_bmc,long_seq,ensemble,3243,1582,1661,0,3320,1621,1699
bone_density,body_total_bmd,long_seq,ensemble,3243,1582,1661,0,3320,1621,1699
bone_density,body_total_left_area,long_seq,ensemble,3243,1582,1661,0,3320,1621,1699
bone_density,body_total_left_bmc,long_seq,ensemble,3243,1582,1661,0,3320,1621,1699
bone_density,body_total_left_bmd,long_seq,ensemble,3243,1582,1661,0,3320,1621,1699
bone_density,body_total_right_area,long_seq,ensemble,3243,1582,1661,0,3320,1621,1699
bone_density,body_total_right_bmc,long_seq,ensemble,3243,1582,1661,0,3320,1621,1699
bone_density,body_total_right_bmd,long_seq,ensemble,3243,1582,1661,0,3320,1621,1699
bone_density,body_trunk_area,long_seq,ensemble,3243,1582,1661,0,3320,1621,1699
bone_density,body_trunk_bmc,long_seq,ensemble,3243,1582,1661,0,3320,1621,1699
bone_density,body_trunk_bmd,long_seq,ensemble,3243,1582,1661,0,3320,1621,1699
bone_density,body_trunk_left_area,long_seq,ensemble,3243,1582,1661,0,3320,1621,1699
bone_density,body_trunk_left_bmc,long_seq,ensemble,3243,1582,1661,0,3320,1621,1699
bone_density,body_trunk_left_bmd,long_seq,ensemble,3243,1582,1661,0,3320,1621,1699
bone_density,body_trunk_right_area,long_seq,ensemble,3243,1582,1661,0,3320,1621,1699
bone_density,body_trunk_right_bmc,long_seq,ensemble,3243,1582,1661,0,3320,1621,1699
bone_density,body_trunk_right_bmd,long_seq,ensemble,3243,1582,1661,0,3320,1621,1699
bone_density,femur_left_lower_neck_area,long_seq,ensemble,3160,1532,1628,0,3236,1571,1665
bone_density,femur_left_lower_neck_bmc,long_seq,ensemble,3160,1532,1628,0,3236,1571,1665
bone_density,femur_left_lower_neck_bmd,long_seq,ensemble,3160,1532,1628,0,3236,1571,1665
bone_density,femur_left_neck_area,long_seq,ensemble,3160,1532,1628,0,3236,1571,1665
bone_density,femur_left_neck_bmc,long_seq,ensemble,3160,1532,1628,0,3236,1571,1665
bone_density,femur_left_neck_bmd,long_seq,ensemble,3160,1532,1628,0,3236,1571,1665
bone_density,femur_left_shaft_area,long_seq,ensemble,3160,1532,1628,0,3236,1571,1665
bone_density,femur_left_shaft_bmc,long_seq,ensemble,3160,1532,1628,0,3236,1571,1665
bone_density,femur_left_shaft_bmd,long_seq,ensemble,3160,1532,1628,0,3236,1571,1665
bone_density,femur_left_total_area,long_seq,ensemble,3160,1532,1628,0,3236,1571,1665
bone_density,femur_left_total_bmc,long_seq,ensemble,3160,1532,1628,0,3236,1571,1665
bone_density,femur_left_total_bmd,long_seq,ensemble,3160,1532,1628,0,3236,1571,1665
bone_density,femur_left_troch_area,long_seq,ensemble,3160,1532,1628,0,3236,1571,1665
bone_density,femur_left_troch_bmc,long_seq,ensemble,3160,1532,1628,0,3236,1571,1665
bone_density,femur_left_troch_bmd,long_seq,ensemble,3160,1532,1628,0,3236,1571,1665
bone_density,femur_left_upper_neck_area,long_seq,ensemble,3160,1532,1628,0,3236,1571,1665
bone_density,femur_left_upper_neck_bmc,long_seq,ensemble,3160,1532,1628,0,3236,1571,1665
bone_density,femur_left_upper_neck_bmd,long_seq,ensemble,3160,1532,1628,0,3236,1571,1665
bone_density,femur_left_wards_area,long_seq,ensemble,3160,1532,1628,0,3236,1571,1665
bone_density,femur_left_wards_bmc,long_seq,ensemble,3160,1532,1628,0,3236,1571,1665
bone_density,femur_left_wards_bmd,long_seq,ensemble,3160,1532,1628,0,3236,1571,1665
bone_density,femur_lower_neck_diff_area,long_seq,ensemble,3156,1530,1626,0,3232,1569,1663
bone_density,femur_lower_neck_diff_bmc,long_seq,ensemble,3156,1530,1626,0,3232,1569,1663
bone_density,femur_lower_neck_diff_bmd,long_seq,ensemble,3156,1530,1626,0,3232,1569,1663
bone_density,femur_lower_neck_mean_area,long_seq,ensemble,3156,1530,1626,0,3232,1569,1663
bone_density,femur_lower_neck_mean_bmc,long_seq,ensemble,3156,1530,1626,0,3232,1569,1663
bone_density,femur_lower_neck_mean_bmd,long_seq,ensemble,3156,1530,1626,0,3232,1569,1663
bone_density,femur_neck_diff_area,long_seq,ensemble,3156,1530,1626,0,3232,1569,1663
bone_density,femur_neck_diff_bmc,long_seq,ensemble,3156,1530,1626,0,3232,1569,1663
bone_density,femur_neck_diff_bmd,long_seq,ensemble,3156,1530,1626,0,3232,1569,1663
bone_density,femur_neck_mean_area,long_seq,ensemble,3156,1530,1626,0,3232,1569,1663
bone_density,femur_neck_mean_bmc,long_seq,ensemble,3156,1530,1626,0,3232,1569,1663
bone_density,femur_neck_mean_bmd,long_seq,ensemble,3156,1530,1626,0,3232,1569,1663
bone_density,femur_right_lower_neck_area,long_seq,ensemble,3168,1536,1632,0,3244,1575,1669
bone_density,femur_right_lower_neck_bmc,long_seq,ensemble,3168,1536,1632,0,3244,1575,1669
bone_density,femur_right_lower_neck_bmd,long_seq,ensemble,3168,1536,1632,0,3244,1575,1669
bone_density,femur_right_neck_area,long_seq,ensemble,3168,1536,1632,0,3244,1575,1669
bone_density,femur_right_neck_bmc,long_seq,ensemble,3168,1536,1632,0,3244,1575,1669
bone_density,femur_right_neck_bmd,long_seq,ensemble,3168,1536,1632,0,3244,1575,1669
bone_density,femur_right_shaft_area,long_seq,ensemble,3168,1536,1632,0,3244,1575,1669
bone_density,femur_right_shaft_bmc,long_seq,ensemble,3168,1536,1632,0,3244,1575,1669
bone_density,femur_right_shaft_bmd,long_seq,ensemble,3168,1536,1632,0,3244,1575,1669
bone_density,femur_right_total_area,long_seq,ensemble,3168,1536,1632,0,3244,1575,1669
bone_density,femur_right_total_bmc,long_seq,ensemble,3168,1536,1632,0,3244,1575,1669
bone_density,femur_right_total_bmd,long_seq,ensemble,3168,1536,1632,0,3244,1575,1669
bone_density,femur_right_troch_area,long_seq,ensemble,3168,1536,1632,0,3244,1575,1669
bone_density,femur_right_troch_bmc,long_seq,ensemble,3168,1536,1632,0,3244,1575,1669
bone_density,femur_right_troch_bmd,long_seq,ensemble,3168,1536,1632,0,3244,1575,1669
bone_density,femur_right_upper_neck_area,long_seq,ensemble,3168,1536,1632,0,3244,1575,1669
bone_density,femur_right_upper_neck_bmc,long_seq,ensemble,3168,1536,1632,0,3244,1575,1669
bone_density,femur_right_upper_neck_bmd,long_seq,ensemble,3168,1536,1632,0,3244,1575,1669
bone_density,femur_right_wards_area,long_seq,ensemble,3168,1536,1632,0,3244,1575,1669
bone_density,femur_right_wards_bmc,long_seq,ensemble,3168,1536,1632,0,3244,1575,1669
bone_density,femur_right_wards_bmd,long_seq,ensemble,3168,1536,1632,0,3244,1575,1669
bone_density,femur_shaft_diff_area,long_seq,ensemble,3156,1530,1626,0,3232,1569,1663
bone_density,femur_shaft_diff_bmc,long_seq,ensemble,3156,1530,1626,0,3232,1569,1663
bone_density,femur_shaft_diff_bmd,long_seq,ensemble,3156,1530,1626,0,3232,1569,1663
bone_density,femur_shaft_mean_area,long_seq,ensemble,3156,1530,1626,0,3232,1569,1663
bone_density,femur_shaft_mean_bmc,long_seq,ensemble,3156,1530,1626,0,3232,1569,1663
bone_density,femur_shaft_mean_bmd,long_seq,ensemble,3156,1530,1626,0,3232,1569,1663
bone_density,femur_total_diff_area,long_seq,ensemble,3156,1530,1626,0,3232,1569,1663
bone_density,femur_total_diff_bmc,long_seq,ensemble,3156,1530,1626,0,3232,1569,1663
bone_density,femur_total_diff_bmd,long_seq,ensemble,3156,1530,1626,0,3232,1569,1663
bone_density,femur_total_mean_area,long_seq,ensemble,3156,1530,1626,0,3232,1569,1663
bone_density,femur_total_mean_bmc,long_seq,ensemble,3156,1530,1626,0,3232,1569,1663
bone_density,femur_total_mean_bmd,long_seq,ensemble,3156,1530,1626,0,3232,1569,1663
bone_density,femur_troch_diff_area,long_seq,ensemble,3156,1530,1626,0,3232,1569,1663
bone_density,femur_troch_diff_bmc,long_seq,ensemble,3156,1530,1626,0,3232,1569,1663
bone_density,femur_troch_diff_bmd,long_seq,ensemble,3156,1530,1626,0,3232,1569,1663
bone_density,femur_troch_mean_area,long_seq,ensemble,3156,1530,1626,0,3232,1569,1663
bone_density,femur_troch_mean_bmc,long_seq,ensemble,3156,1530,1626,0,3232,1569,1663
bone_density,femur_troch_mean_bmd,long_seq,ensemble,3156,1530,1626,0,3232,1569,1663
bone_density,femur_upper_neck_diff_area,long_seq,ensemble,3156,1530,1626,0,3232,1569,1663
bone_density,femur_upper_neck_diff_bmc,long_seq,ensemble,3156,1530,1626,0,3232,1569,1663
bone_density,femur_upper_neck_diff_bmd,long_seq,ensemble,3156,1530,1626,0,3232,1569,1663
bone_density,femur_upper_neck_mean_area,long_seq,ensemble,3156,1530,1626,0,3232,1569,1663
bone_density,femur_upper_neck_mean_bmc,long_seq,ensemble,3156,1530,1626,0,3232,1569,1663
bone_density,femur_upper_neck_mean_bmd,long_seq,ensemble,3156,1530,1626,0,3232,1569,1663
bone_density,femur_wards_diff_area,long_seq,ensemble,3156,1530,1626,0,3232,1569,1663
bone_density,femur_wards_diff_bmc,long_seq,ensemble,3156,1530,1626,0,3232,1569,1663
bone_density,femur_wards_diff_bmd,long_seq,ensemble,3156,1530,1626,0,3232,1569,1663
bone_density,femur_wards_mean_area,long_seq,ensemble,3156,1530,1626,0,3232,1569,1663
bone_density,femur_wards_mean_bmc,long_seq,ensemble,3156,1530,1626,0,3232,1569,1663
bone_density,femur_wards_mean_bmd,long_seq,ensemble,3156,1530,1626,0,3232,1569,1663
bone_density,spine_l1_area,long_seq,ensemble,3169,1534,1635,0,3246,1573,1673
bone_density,spine_l1_average_height,long_seq,ensemble,3169,1534,1635,0,3246,1573,1673
bone_density,spine_l1_average_width,long_seq,ensemble,3169,1534,1635,0,3246,1573,1673
bone_density,spine_l1_bmc,long_seq,ensemble,3169,1534,1635,0,3246,1573,1673
bone_density,spine_l1_bmd,long_seq,ensemble,3169,1534,1635,0,3246,1573,1673
bone_density,spine_l1_l2_area,long_seq,ensemble,3167,1533,1634,0,3244,1572,1672
bone_density,spine_l1_l2_average_height,long_seq,ensemble,3167,1533,1634,0,3244,1572,1672
bone_density,spine_l1_l2_average_width,long_seq,ensemble,3167,1533,1634,0,3244,1572,1672
bone_density,spine_l1_l2_bmc,long_seq,ensemble,3167,1533,1634,0,3244,1572,1672
bone_density,spine_l1_l2_bmd,long_seq,ensemble,3167,1533,1634,0,3244,1572,1672
bone_density,spine_l1_l3_area,long_seq,ensemble,3005,1447,1558,0,3069,1479,1590
bone_density,spine_l1_l3_average_height,long_seq,ensemble,3164,1530,1634,0,3241,1569,1672
bone_density,spine_l1_l3_average_width,long_seq,ensemble,3164,1530,1634,0,3241,1569,1672
bone_density,spine_l1_l3_bmc,long_seq,ensemble,3005,1447,1558,0,3069,1479,1590
bone_density,spine_l1_l3_bmd,long_seq,ensemble,3005,1447,1558,0,3069,1479,1590
bone_density,spine_l1_l4_area,long_seq,ensemble,3007,1450,1557,0,3071,1482,1589
bone_density,spine_l1_l4_average_height,long_seq,ensemble,3164,1530,1634,0,3241,1569,1672
bone_density,spine_l1_l4_average_width,long_seq,ensemble,3164,1530,1634,0,3241,1569,1672
bone_density,spine_l1_l4_bmc,long_seq,ensemble,3007,1450,1557,0,3071,1482,1589
bone_density,spine_l1_l4_bmd,long_seq,ensemble,3007,1450,1557,0,3071,1482,1589
bone_density,spine_l2_area,long_seq,ensemble,3173,1537,1636,0,3250,1576,1674
bone_density,spine_l2_average_height,long_seq,ensemble,3173,1537,1636,0,3250,1576,1674
bone_density,spine_l2_average_width,long_seq,ensemble,3173,1537,1636,0,3250,1576,1674
bone_density,spine_l2_bmc,long_seq,ensemble,3173,1537,1636,0,3250,1576,1674
bone_density,spine_l2_bmd,long_seq,ensemble,3173,1537,1636,0,3250,1576,1674
bone_density,spine_l2_l3_area,long_seq,ensemble,3168,1533,1635,0,3245,1572,1673
bone_density,spine_l2_l3_average_height,long_seq,ensemble,3168,1533,1635,0,3245,1572,1673
bone_density,spine_l2_l3_average_width,long_seq,ensemble,3168,1533,1635,0,3245,1572,1673
bone_density,spine_l2_l3_bmc,long_seq,ensemble,3168,1533,1635,0,3245,1572,1673
bone_density,spine_l2_l3_bmd,long_seq,ensemble,3168,1533,1635,0,3245,1572,1673
bone_density,spine_l2_l4_area,long_seq,ensemble,3009,1451,1558,0,3073,1483,1590
bone_density,spine_l2_l4_average_height,long_seq,ensemble,3168,1533,1635,0,3245,1572,1673
bone_density,spine_l2_l4_average_width,long_seq,ensemble,3168,1533,1635,0,3245,1572,1673
bone_density,spine_l2_l4_bmc,long_seq,ensemble,3009,1451,1558,0,3073,1483,1590
bone_density,spine_l2_l4_bmd,long_seq,ensemble,3009,1451,1558,0,3073,1483,1590
bone_density,spine_l3_area,long_seq,ensemble,3173,1537,1636,0,3250,1576,1674
bone_density,spine_l3_average_height,long_seq,ensemble,3173,1537,1636,0,3250,1576,1674
bone_density,spine_l3_average_width,long_seq,ensemble,3173,1537,1636,0,3250,1576,1674
bone_density,spine_l3_bmc,long_seq,ensemble,3173,1537,1636,0,3250,1576,1674
bone_density,spine_l3_bmd,long_seq,ensemble,3173,1537,1636,0,3250,1576,1674
bone_density,spine_l3_l4_area,long_seq,ensemble,3169,1534,1635,0,3246,1573,1673
bone_density,spine_l3_l4_average_height,long_seq,ensemble,3169,1534,1635,0,3246,1573,1673
bone_density,spine_l3_l4_average_width,long_seq,ensemble,3169,1534,1635,0,3246,1573,1673
bone_density,spine_l3_l4_bmc,long_seq,ensemble,3169,1534,1635,0,3246,1573,1673
bone_density,spine_l3_l4_bmd,long_seq,ensemble,3169,1534,1635,0,3246,1573,1673
bone_density,spine_l4_area,long_seq,ensemble,3173,1537,1636,0,3250,1576,1674
bone_density,spine_l4_average_height,long_seq,ensemble,3173,1537,1636,0,3250,1576,1674
bone_density,spine_l4_average_width,long_seq,ensemble,3173,1537,1636,0,3250,1576,1674
bone_density,spine_l4_bmc,long_seq,ensemble,3173,1537,1636,0,3250,1576,1674
bone_density,spine_l4_bmd,long_seq,ensemble,3173,1537,1636,0,3250,1576,1674
cardiovascular_system,automorph_artery_average_width,long_seq,ensemble,2698,1291,1407,0,2771,1327,1444
cardiovascular_system,automorph_artery_distance_tortuosity,long_seq,ensemble,2698,1291,1407,0,2771,1327,1444
cardiovascular_system,automorph_artery_fractal_dimension,long_seq,ensemble,2698,1291,1407,0,2771,1327,1444
cardiovascular_system,automorph_artery_squared_curvature_tortuosity,long_seq,ensemble,2698,1291,1407,0,2771,1327,1444
cardiovascular_system,automorph_artery_tortuosity_density,long_seq,ensemble,2698,1291,1407,0,2771,1327,1444
cardiovascular_system,automorph_artery_vessel_density,long_seq,ensemble,2698,1291,1407,0,2771,1327,1444
cardiovascular_system,automorph_average_width,long_seq,ensemble,2698,1291,1407,0,2771,1327,1444
cardiovascular_system,automorph_cdr_horizontal,long_seq,ensemble,1132,561,571,0,1169,581,588
cardiovascular_system,automorph_cdr_vertical,long_seq,ensemble,1132,561,571,0,1169,581,588
cardiovascular_system,automorph_cup_height,long_seq,ensemble,1132,561,571,0,1169,581,588
cardiovascular_system,automorph_cup_width,long_seq,ensemble,1132,561,571,0,1169,581,588
cardiovascular_system,automorph_disc_height,long_seq,ensemble,1132,561,571,0,1169,581,588
cardiovascular_system,automorph_disc_width,long_seq,ensemble,1132,561,571,0,1169,581,588
cardiovascular_system,automorph_distance_tortuosity,long_seq,ensemble,2698,1291,1407,0,2771,1327,1444
cardiovascular_system,automorph_fractal_dimension,long_seq,ensemble,2698,1291,1407,0,2771,1327,1444
cardiovascular_system,automorph_squared_curvature_tortuosity,long_seq,ensemble,2698,1291,1407,0,2771,1327,1444
cardiovascular_system,automorph_tortuosity_density,long_seq,ensemble,2698,1291,1407,0,2771,1327,1444
cardiovascular_system,automorph_vein_average_width,long_seq,ensemble,2698,1291,1407,0,2771,1327,1444
cardiovascular_system,automorph_vein_distance_tortuosity,long_seq,ensemble,2698,1291,1407,0,2771,1327,1444
cardiovascular_system,automorph_vein_fractal_dimension,long_seq,ensemble,2698,1291,1407,0,2771,1327,1444
cardiovascular_system,automorph_vein_squared_curvature_tortuosity,long_seq,ensemble,2698,1291,1407,0,2771,1327,1444
cardiovascular_system,automorph_vein_tortuosity_density,long_seq,ensemble,2698,1291,1407,0,2771,1327,1444
cardiovascular_system,automorph_vein_vessel_density,long_seq,ensemble,2698,1291,1407,0,2771,1327,1444
cardiovascular_system,automorph_vessel_density,long_seq,ensemble,2698,1291,1407,0,2771,1327,1444
cardiovascular_system,from_l_thigh_to_l_ankle_distance,long_seq,ensemble,2675,1318,1357,0,2740,1349,1391
cardiovascular_system,from_l_thigh_to_l_ankle_duration,long_seq,ensemble,2675,1318,1357,0,2740,1349,1391
cardiovascular_system,from_l_thigh_to_l_ankle_pwv,long_seq,ensemble,2573,1271,1302,0,2638,1302,1336
cardiovascular_system,from_l_thigh_to_l_ankle_transit_time,long_seq,ensemble,2675,1318,1357,0,2740,1349,1391
cardiovascular_system,from_r_thigh_to_r_ankle_distance,long_seq,ensemble,2675,1318,1357,0,2740,1349,1391
cardiovascular_system,from_r_thigh_to_r_ankle_duration,long_seq,ensemble,2675,1318,1357,0,2740,1349,1391
cardiovascular_system,from_r_thigh_to_r_ankle_pwv,long_seq,ensemble,2581,1272,1309,0,2645,1302,1343
cardiovascular_system,from_r_thigh_to_r_ankle_transit_time,long_seq,ensemble,2675,1318,1357,0,2740,1349,1391
cardiovascular_system,hr_bpm,long_seq,ensemble,3325,1606,1719,0,3402,1645,1757
cardiovascular_system,intima_media_th_1_fit,long_seq,ensemble,2309,1135,1174,0,2372,1167,1205
cardiovascular_system,intima_media_th_2_fit,long_seq,ensemble,2297,1128,1169,0,2360,1160,1200
cardiovascular_system,intima_media_th_mm_1_intima_media_thickness,long_seq,ensemble,3302,1596,1706,0,3378,1634,1744
cardiovascular_system,intima_media_th_mm_2_intima_media_thickness,long_seq,ensemble,2297,1128,1169,0,2360,1160,1200
cardiovascular_system,intima_media_th_mm_2_window_width,long_seq,ensemble,2297,1128,1169,0,2360,1160,1200
cardiovascular_system,j_mv_I,long_seq,ensemble,3325,1606,1719,0,3402,1645,1757
cardiovascular_system,j_mv_II,long_seq,ensemble,3325,1606,1719,0,3402,1645,1757
cardiovascular_system,j_mv_III,long_seq,ensemble,3325,1606,1719,0,3402,1645,1757
cardiovascular_system,j_mv_V1,long_seq,ensemble,3325,1606,1719,0,3402,1645,1757
cardiovascular_system,j_mv_V2,long_seq,ensemble,3325,1606,1719,0,3402,1645,1757
cardiovascular_system,j_mv_V3,long_seq,ensemble,3325,1606,1719,0,3402,1645,1757
cardiovascular_system,j_mv_V4,long_seq,ensemble,3325,1606,1719,0,3402,1645,1757
cardiovascular_system,j_mv_V5,long_seq,ensemble,3325,1606,1719,0,3402,1645,1757
cardiovascular_system,j_mv_V6,long_seq,ensemble,3325,1606,1719,0,3402,1645,1757
cardiovascular_system,j_mv_aVF,long_seq,ensemble,3325,1606,1719,0,3402,1645,1757
cardiovascular_system,j_mv_aVL,long_seq,ensemble,3325,1606,1719,0,3402,1645,1757
cardiovascular_system,j_mv_aVR,long_seq,ensemble,3325,1606,1719,0,3402,1645,1757
cardiovascular_system,l_abi,long_seq,ensemble,3308,1599,1709,0,3385,1638,1747
cardiovascular_system,l_ankle_index,long_seq,ensemble,3308,1599,1709,0,3385,1638,1747
cardiovascular_system,l_ankle_pressure,long_seq,ensemble,3308,1599,1709,0,3385,1638,1747
cardiovascular_system,l_brachial_index,long_seq,ensemble,3300,1599,1701,0,3377,1638,1739
cardiovascular_system,l_brachial_pressure,long_seq,ensemble,3300,1599,1701,0,3377,1638,1739
cardiovascular_system,lying_blood_pressure_diastolic,long_seq,ensemble,2750,1345,1405,0,2823,1381,1442
cardiovascular_system,lying_blood_pressure_pulse_rate,long_seq,ensemble,2750,1345,1405,0,2823,1381,1442
cardiovascular_system,lying_blood_pressure_systolic,long_seq,ensemble,2749,1345,1404,0,2822,1381,1441
cardiovascular_system,p_axis,long_seq,ensemble,3325,1606,1719,0,3402,1645,1757
cardiovascular_system,p_ms,long_seq,ensemble,3310,1599,1711,0,3387,1638,1749
cardiovascular_system,p_mv_I,long_seq,ensemble,3236,1570,1666,0,3311,1608,1703
cardiovascular_system,p_mv_II,long_seq,ensemble,3284,1586,1698,0,3361,1625,1736
cardiovascular_system,p_mv_III,long_seq,ensemble,3074,1503,1571,0,3144,1539,1605
cardiovascular_system,p_mv_V1,long_seq,ensemble,3187,1558,1629,0,3263,1596,1667
cardiovascular_system,p_mv_V2,long_seq,ensemble,3209,1543,1666,0,3286,1582,1704
cardiovascular_system,p_mv_V3,long_seq,ensemble,3266,1584,1682,0,3342,1623,1719
cardiovascular_system,p_mv_V4,long_seq,ensemble,3244,1581,1663,0,3319,1620,1699
cardiovascular_system,p_mv_V5,long_seq,ensemble,3240,1581,1659,0,3316,1620,1696
cardiovascular_system,p_mv_V6,long_seq,ensemble,3228,1572,1656,0,3303,1611,1692
cardiovascular_system,p_mv_aVF,long_seq,ensemble,3156,1533,1623,0,3230,1572,1658
cardiovascular_system,p_mv_aVL,long_seq,ensemble,2332,1172,1160,0,2393,1204,1189
cardiovascular_system,p_mv_aVR,long_seq,ensemble,3300,1595,1705,0,3377,1634,1743
cardiovascular_system,pr_ms,long_seq,ensemble,3310,1599,1711,0,3387,1638,1749
cardiovascular_system,q_ms_I,long_seq,ensemble,1400,769,631,0,1430,790,640
cardiovascular_system,q_ms_II,long_seq,ensemble,1066,467,599,0,1086,478,608
cardiovascular_system,q_ms_III,long_seq,ensemble,1303,605,698,0,1319,612,707
cardiovascular_system,q_ms_V6,long_seq,ensemble,1123,556,567,0,1149,571,578
cardiovascular_system,q_ms_aVL,long_seq,ensemble,1806,921,885,0,1853,949,904
cardiovascular_system,q_ms_aVR,long_seq,ensemble,2294,1091,1203,0,2352,1117,1235
cardiovascular_system,q_mv_I,long_seq,ensemble,1400,769,631,0,1430,790,640
cardiovascular_system,q_mv_II,long_seq,ensemble,1066,467,599,0,1086,478,608
cardiovascular_system,q_mv_III,long_seq,ensemble,1303,605,698,0,1319,612,707
cardiovascular_system,q_mv_V6,long_seq,ensemble,1123,556,567,0,1149,571,578
cardiovascular_system,q_mv_aVL,long_seq,ensemble,1806,921,885,0,1853,949,904
cardiovascular_system,q_mv_aVR,long_seq,ensemble,2294,1091,1203,0,2352,1117,1235
cardiovascular_system,qrs_axis,long_seq,ensemble,3325,1606,1719,0,3402,1645,1757
cardiovascular_system,qrs_ms,long_seq,ensemble,3322,1605,1717,0,3399,1644,1755
cardiovascular_system,qt_ms,long_seq,ensemble,3322,1605,1717,0,3399,1644,1755
cardiovascular_system,qtc_ms,long_seq,ensemble,3322,1605,1717,0,3399,1644,1755
cardiovascular_system,r_abi,long_seq,ensemble,3308,1599,1709,0,3385,1638,1747
cardiovascular_system,r_ankle_index,long_seq,ensemble,3308,1599,1709,0,3385,1638,1747
cardiovascular_system,r_ankle_pressure,long_seq,ensemble,3308,1599,1709,0,3385,1638,1747
cardiovascular_system,r_brachial_index,long_seq,ensemble,3294,1599,1695,0,3371,1638,1733
cardiovascular_system,r_brachial_pressure,long_seq,ensemble,3294,1599,1695,0,3371,1638,1733
cardiovascular_system,r_ms_I,long_seq,ensemble,3324,1606,1718,0,3401,1645,1756
cardiovascular_system,r_ms_II,long_seq,ensemble,3323,1605,1718,0,3400,1644,1756
cardiovascular_system,r_ms_III,long_seq,ensemble,3267,1573,1694,0,3343,1612,1731
cardiovascular_system,r_ms_V1,long_seq,ensemble,3252,1581,1671,0,3327,1620,1707
cardiovascular_system,r_ms_V2,long_seq,ensemble,3312,1599,1713,0,3389,1638,1751
cardiovascular_system,r_ms_V3,long_seq,ensemble,3322,1604,1718,0,3399,1643,1756
cardiovascular_system,r_ms_V4,long_seq,ensemble,3322,1603,1719,0,3399,1642,1757
cardiovascular_system,r_ms_V5,long_seq,ensemble,3323,1605,1718,0,3400,1644,1756
cardiovascular_system,r_ms_V6,long_seq,ensemble,3323,1605,1718,0,3400,1644,1756
cardiovascular_system,r_ms_aVF,long_seq,ensemble,3308,1599,1709,0,3385,1638,1747
cardiovascular_system,r_ms_aVL,long_seq,ensemble,3205,1561,1644,0,3282,1600,1682
cardiovascular_system,r_ms_aVR,long_seq,ensemble,2796,1398,1398,0,2865,1435,1430
cardiovascular_system,r_mv_I,long_seq,ensemble,3324,1606,1718,0,3401,1645,1756
cardiovascular_system,r_mv_II,long_seq,ensemble,3323,1605,1718,0,3400,1644,1756
cardiovascular_system,r_mv_III,long_seq,ensemble,3267,1573,1694,0,3343,1612,1731
cardiovascular_system,r_mv_V1,long_seq,ensemble,3252,1581,1671,0,3327,1620,1707
cardiovascular_system,r_mv_V2,long_seq,ensemble,3312,1599,1713,0,3389,1638,1751
cardiovascular_system,r_mv_V3,long_seq,ensemble,3322,1604,1718,0,3399,1643,1756
cardiovascular_system,r_mv_V4,long_seq,ensemble,3322,1603,1719,0,3399,1642,1757
cardiovascular_system,r_mv_V5,long_seq,ensemble,3323,1605,1718,0,3400,1644,1756
cardiovascular_system,r_mv_V6,long_seq,ensemble,3323,1605,1718,0,3400,1644,1756
cardiovascular_system,r_mv_aVF,long_seq,ensemble,3308,1599,1709,0,3385,1638,1747
cardiovascular_system,r_mv_aVL,long_seq,ensemble,3205,1561,1644,0,3282,1600,1682
cardiovascular_system,r_mv_aVR,long_seq,ensemble,2796,1398,1398,0,2865,1435,1430
cardiovascular_system,r_r_ms,long_seq,ensemble,3325,1606,1719,0,3402,1645,1757
cardiovascular_system,s_mv_I,long_seq,ensemble,1654,931,723,0,1694,956,738
cardiovascular_system,s_mv_II,long_seq,ensemble,1852,952,900,0,1900,977,923
cardiovascular_system,s_mv_III,long_seq,ensemble,2033,1019,1014,0,2090,1047,1043
cardiovascular_system,s_mv_V1,long_seq,ensemble,3229,1567,1662,0,3304,1606,1698
cardiovascular_system,s_mv_V2,long_seq,ensemble,3282,1584,1698,0,3359,1623,1736
cardiovascular_system,s_mv_V3,long_seq,ensemble,3243,1576,1667,0,3317,1612,1705
cardiovascular_system,s_mv_V4,long_seq,ensemble,3114,1535,1579,0,3187,1571,1616
cardiovascular_system,s_mv_V5,long_seq,ensemble,2969,1496,1473,0,3037,1529,1508
cardiovascular_system,s_mv_V6,long_seq,ensemble,2700,1406,1294,0,2759,1435,1324
cardiovascular_system,s_mv_aVF,long_seq,ensemble,1869,947,922,0,1921,971,950
cardiovascular_system,s_mv_aVL,long_seq,ensemble,1711,899,812,0,1750,927,823
cardiovascular_system,s_mv_aVR,long_seq,ensemble,1673,822,851,0,1708,841,867
cardiovascular_system,sitting_blood_pressure_diastolic,long_seq,ensemble,3324,1606,1718,0,3401,1645,1756
cardiovascular_system,sitting_blood_pressure_pulse_rate,long_seq,ensemble,3325,1606,1719,0,3402,1645,1757
cardiovascular_system,sitting_blood_pressure_systolic,long_seq,ensemble,3324,1606,1718,0,3401,1645,1756
cardiovascular_system,st_mv_I,long_seq,ensemble,3325,1606,1719,0,3402,1645,1757
cardiovascular_system,st_mv_II,long_seq,ensemble,3325,1606,1719,0,3402,1645,1757
cardiovascular_system,st_mv_III,long_seq,ensemble,3325,1606,1719,0,3402,1645,1757
cardiovascular_system,st_mv_V1,long_seq,ensemble,3325,1606,1719,0,3402,1645,1757
cardiovascular_system,st_mv_V2,long_seq,ensemble,3325,1606,1719,0,3402,1645,1757
cardiovascular_system,st_mv_V3,long_seq,ensemble,3325,1606,1719,0,3402,1645,1757
cardiovascular_system,st_mv_V4,long_seq,ensemble,3325,1606,1719,0,3402,1645,1757
cardiovascular_system,st_mv_V5,long_seq,ensemble,3325,1606,1719,0,3402,1645,1757
cardiovascular_system,st_mv_V6,long_seq,ensemble,3325,1606,1719,0,3402,1645,1757
cardiovascular_system,st_mv_aVF,long_seq,ensemble,3325,1606,1719,0,3402,1645,1757
cardiovascular_system,st_mv_aVL,long_seq,ensemble,3325,1606,1719,0,3402,1645,1757
cardiovascular_system,st_mv_aVR,long_seq,ensemble,3325,1606,1719,0,3402,1645,1757
cardiovascular_system,standing_one_min_blood_pressure_diastolic,long_seq,ensemble,2745,1344,1401,0,2818,1380,1438
cardiovascular_system,standing_one_min_blood_pressure_pulse_rate,long_seq,ensemble,2745,1344,1401,0,2818,1380,1438
cardiovascular_system,standing_one_min_blood_pressure_systolic,long_seq,ensemble,2744,1344,1400,0,2817,1380,1437
cardiovascular_system,standing_three_min_blood_pressure_diastolic,long_seq,ensemble,2744,1345,1399,0,2817,1381,1436
cardiovascular_system,standing_three_min_blood_pressure_pulse_rate,long_seq,ensemble,2745,1345,1400,0,2818,1381,1437
cardiovascular_system,standing_three_min_blood_pressure_systolic,long_seq,ensemble,2745,1345,1400,0,2818,1381,1437
cardiovascular_system,t_axis,long_seq,ensemble,3325,1606,1719,0,3402,1645,1757
cardiovascular_system,t_mv_I,long_seq,ensemble,3322,1606,1716,0,3399,1645,1754
cardiovascular_system,t_mv_II,long_seq,ensemble,3318,1602,1716,0,3395,1641,1754
cardiovascular_system,t_mv_III,long_seq,ensemble,2998,1474,1524,0,3067,1512,1555
cardiovascular_system,t_mv_V1,long_seq,ensemble,3106,1543,1563,0,3178,1578,1600
cardiovascular_system,t_mv_V2,long_seq,ensemble,3319,1605,1714,0,3395,1644,1751
cardiovascular_system,t_mv_V3,long_seq,ensemble,3321,1606,1715,0,3398,1645,1753
cardiovascular_system,t_mv_V4,long_seq,ensemble,3319,1606,1713,0,3396,1645,1751
cardiovascular_system,t_mv_V5,long_seq,ensemble,3320,1605,1715,0,3397,1644,1753
cardiovascular_system,t_mv_V6,long_seq,ensemble,3319,1606,1713,0,3396,1645,1751
cardiovascular_system,t_mv_aVF,long_seq,ensemble,3216,1551,1665,0,3292,1589,1703
cardiovascular_system,t_mv_aVL,long_seq,ensemble,2960,1514,1446,0,3028,1548,1480
cardiovascular_system,t_mv_aVR,long_seq,ensemble,3325,1606,1719,0,3402,1645,1757
frailty,frailty_body_comp_arm_left_lean_mass,long_seq,ensemble,3240,1581,1659,0,3317,1620,1697
frailty,frailty_body_comp_arm_right_lean_mass,long_seq,ensemble,3240,1581,1659,0,3317,1620,1697
frailty,frailty_body_comp_leg_left_lean_mass,long_seq,ensemble,3240,1581,1659,0,3317,1620,1697
frailty,frailty_body_comp_leg_right_lean_mass,long_seq,ensemble,3240,1581,1659,0,3317,1620,1697
frailty,frailty_height,long_seq,ensemble,3327,1607,1720,0,3404,1646,1758
frailty,hand_grip_left,long_seq,ensemble,3327,1606,1721,0,3404,1645,1759
frailty,hand_grip_right,long_seq,ensemble,3328,1607,1721,0,3405,1646,1759
glycemic_status,bt__glucose,long_seq,ensemble,2679,1300,1379,0,2743,1330,1413
glycemic_status,bt__hba1c,long_seq,ensemble,617,310,307,0,629,315,314
glycemic_status,iglu_1st_quartile,long_seq,ensemble,2569,1240,1329,0,2640,1276,1364
glycemic_status,iglu_3rd_quartile,long_seq,ensemble,2569,1240,1329,0,2640,1276,1364
glycemic_status,iglu_above_140,long_seq,ensemble,2569,1240,1329,0,2640,1276,1364
glycemic_status,iglu_above_180,long_seq,ensemble,2569,1240,1329,0,2640,1276,1364
glycemic_status,iglu_above_250,long_seq,ensemble,2569,1240,1329,0,2640,1276,1364
glycemic_status,iglu_adrr,long_seq,ensemble,2569,1240,1329,0,2640,1276,1364
glycemic_status,iglu_auc,long_seq,ensemble,2569,1240,1329,0,2640,1276,1364
glycemic_status,iglu_below_54,long_seq,ensemble,2569,1240,1329,0,2640,1276,1364
glycemic_status,iglu_below_70,long_seq,ensemble,2569,1240,1329,0,2640,1276,1364
glycemic_status,iglu_cogi,long_seq,ensemble,2569,1240,1329,0,2640,1276,1364
glycemic_status,iglu_conga,long_seq,ensemble,2569,1240,1329,0,2640,1276,1364
glycemic_status,iglu_cv,long_seq,ensemble,2569,1240,1329,0,2640,1276,1364
glycemic_status,iglu_cv_measures_mean,long_seq,ensemble,2569,1240,1329,0,2640,1276,1364
glycemic_status,iglu_cv_measures_sd,long_seq,ensemble,2569,1240,1329,0,2640,1276,1364
glycemic_status,iglu_ea1c,long_seq,ensemble,2569,1240,1329,0,2640,1276,1364
glycemic_status,iglu_gmi,long_seq,ensemble,2569,1240,1329,0,2640,1276,1364
glycemic_status,iglu_grade,long_seq,ensemble,2569,1240,1329,0,2640,1276,1364
glycemic_status,iglu_grade_eugly,long_seq,ensemble,2569,1240,1329,0,2640,1276,1364
glycemic_status,iglu_grade_hyper,long_seq,ensemble,2569,1240,1329,0,2640,1276,1364
glycemic_status,iglu_grade_hypo,long_seq,ensemble,2569,1240,1329,0,2640,1276,1364
glycemic_status,iglu_gvp,long_seq,ensemble,2569,1240,1329,0,2640,1276,1364
glycemic_status,iglu_hbgi,long_seq,ensemble,2569,1240,1329,0,2640,1276,1364
glycemic_status,iglu_hyper_index,long_seq,ensemble,2569,1240,1329,0,2640,1276,1364
glycemic_status,iglu_hypo_index,long_seq,ensemble,2569,1240,1329,0,2640,1276,1364
glycemic_status,iglu_igc,long_seq,ensemble,2569,1240,1329,0,2640,1276,1364
glycemic_status,iglu_in_range_63_140,long_seq,ensemble,2569,1240,1329,0,2640,1276,1364
glycemic_status,iglu_in_range_70_180,long_seq,ensemble,2569,1240,1329,0,2640,1276,1364
glycemic_status,iglu_iqr,long_seq,ensemble,2569,1240,1329,0,2640,1276,1364
glycemic_status,iglu_j_index,long_seq,ensemble,2569,1240,1329,0,2640,1276,1364
glycemic_status,iglu_lbgi,long_seq,ensemble,2569,1240,1329,0,2640,1276,1364
glycemic_status,iglu_m_value,long_seq,ensemble,2569,1240,1329,0,2640,1276,1364
glycemic_status,iglu_mad,long_seq,ensemble,2569,1240,1329,0,2640,1276,1364
glycemic_status,iglu_mag,long_seq,ensemble,2569,1240,1329,0,2640,1276,1364
glycemic_status,iglu_mage,long_seq,ensemble,2569,1240,1329,0,2640,1276,1364
glycemic_status,iglu_mean,long_seq,ensemble,2569,1240,1329,0,2640,1276,1364
glycemic_status,iglu_median,long_seq,ensemble,2569,1240,1329,0,2640,1276,1364
glycemic_status,iglu_modd,long_seq,ensemble,2569,1240,1329,0,2640,1276,1364
glycemic_status,iglu_range,long_seq,ensemble,2569,1240,1329,0,2640,1276,1364
glycemic_status,iglu_sd,long_seq,ensemble,2569,1240,1329,0,2640,1276,1364
glycemic_status,iglu_sd_roc,long_seq,ensemble,2569,1240,1329,0,2640,1276,1364
glycemic_status,iglu_sdb,long_seq,ensemble,2569,1240,1329,0,2640,1276,1364
glycemic_status,iglu_sdbdm,long_seq,ensemble,2569,1240,1329,0,2640,1276,1364
glycemic_status,iglu_sddm,long_seq,ensemble,2569,1240,1329,0,2640,1276,1364
glycemic_status,iglu_sdhhmm,long_seq,ensemble,2569,1240,1329,0,2640,1276,1364
glycemic_status,iglu_sdw,long_seq,ensemble,2569,1240,1329,0,2640,1276,1364
glycemic_status,iglu_sdwsh,long_seq,ensemble,2569,1240,1329,0,2640,1276,1364
hematopoietic,bt__ferritin,long_seq,ensemble,1763,785,978,0,1810,806,1004
hematopoietic,bt__hct,long_seq,ensemble,3307,1602,1705,0,3384,1641,1743
hematopoietic,bt__hemoglobin,long_seq,ensemble,3307,1602,1705,0,3384,1641,1743
hematopoietic,bt__mch,long_seq,ensemble,3306,1601,1705,0,3383,1640,1743
hematopoietic,bt__mchc,long_seq,ensemble,3306,1601,1705,0,3383,1640,1743
hematopoietic,bt__mcv,long_seq,ensemble,3298,1596,1702,0,3375,1635,1740
hematopoietic,bt__rbc,long_seq,ensemble,3306,1601,1705,0,3383,1640,1743
hematopoietic,bt__rdw,long_seq,ensemble,3304,1600,1704,0,3381,1639,1742
high_level_diet_with_stage,AlcoholicDrinks,long_seq,ensemble,3256,1563,1693,0,3331,1600,1731
high_level_diet_with_stage,Beefveallambandothermeatproducts,long_seq,ensemble,3256,1563,1693,0,3331,1600,1731
high_level_diet_with_stage,Bread,long_seq,ensemble,3256,1563,1693,0,3331,1600,1731
high_level_diet_with_stage,Bread_wholewheat,long_seq,ensemble,3256,1563,1693,0,3331,1600,1731
high_level_diet_with_stage,Cannedvegandfruits,long_seq,ensemble,3256,1563,1693,0,3331,1600,1731
high_level_diet_with_stage,Cereals,long_seq,ensemble,3256,1563,1693,0,3331,1600,1731
high_level_diet_with_stage,Deepfriedfoods,long_seq,ensemble,3256,1563,1693,0,3331,1600,1731
high_level_diet_with_stage,Drinks,long_seq,ensemble,3256,1563,1693,0,3331,1600,1731
high_level_diet_with_stage,Eggsandtheirproducts,long_seq,ensemble,3256,1563,1693,0,3331,1600,1731
high_level_diet_with_stage,FastFoods,long_seq,ensemble,3256,1563,1693,0,3331,1600,1731
high_level_diet_with_stage,Fasting_window,long_seq,ensemble,3248,1559,1689,0,3323,1596,1727
high_level_diet_with_stage,Fishandseafood,long_seq,ensemble,3256,1563,1693,0,3331,1600,1731
high_level_diet_with_stage,Foods_per_day,long_seq,ensemble,3256,1563,1693,0,3331,1600,1731
high_level_diet_with_stage,Foods_per_meal,long_seq,ensemble,3256,1563,1693,0,3331,1600,1731
high_level_diet_with_stage,Fruits,long_seq,ensemble,3256,1563,1693,0,3331,1600,1731
high_level_diet_with_stage,Hardcheese,long_seq,ensemble,3256,1563,1693,0,3331,1600,1731
high_level_diet_with_stage,Industrializedvegetarianfoodreadytoeat,long_seq,ensemble,3256,1563,1693,0,3331,1600,1731
high_level_diet_with_stage,Lowcaloriesanddietdrinks,long_seq,ensemble,3256,1563,1693,0,3331,1600,1731
high_level_diet_with_stage,Meals_per_day,long_seq,ensemble,3256,1563,1693,0,3331,1600,1731
high_level_diet_with_stage,MedOilandfats,long_seq,ensemble,3256,1563,1693,0,3331,1600,1731
high_level_diet_with_stage,Nutsseedsandproducts,long_seq,ensemble,3256,1563,1693,0,3331,1600,1731
high_level_diet_with_stage,Oilsandfats,long_seq,ensemble,3256,1563,1693,0,3331,1600,1731
high_level_diet_with_stage,Others,long_seq,ensemble,3256,1563,1693,0,3331,1600,1731
high_level_diet_with_stage,PastaGrainsandSidedishes,long_seq,ensemble,3256,1563,1693,0,3331,1600,1731
high_level_diet_with_stage,PastaGrainsandSidedishes_wholewheat,long_seq,ensemble,3256,1563,1693,0,3331,1600,1731
high_level_diet_with_stage,Poultryanditsproducts,long_seq,ensemble,3256,1563,1693,0,3331,1600,1731
high_level_diet_with_stage,Proccessedmeatproducts,long_seq,ensemble,3256,1563,1693,0,3331,1600,1731
high_level_diet_with_stage,Pulsesandproducts,long_seq,ensemble,3256,1563,1693,0,3331,1600,1731
high_level_diet_with_stage,Snacks,long_seq,ensemble,3256,1563,1693,0,3331,1600,1731
high_level_diet_with_stage,Soupsandsauces,long_seq,ensemble,3256,1563,1693,0,3331,1600,1731
high_level_diet_with_stage,Spicesandherbs,long_seq,ensemble,3256,1563,1693,0,3331,1600,1731
high_level_diet_with_stage,Vegetables,long_seq,ensemble,3256,1563,1693,0,3331,1600,1731
high_level_diet_with_stage,alcohol_g,long_seq,ensemble,3256,1563,1693,0,3331,1600,1731
high_level_diet_with_stage,bakedgoods,long_seq,ensemble,3256,1563,1693,0,3331,1600,1731
high_level_diet_with_stage,betaine_mg,long_seq,ensemble,3256,1563,1693,0,3331,1600,1731
high_level_diet_with_stage,biotin_mcg,long_seq,ensemble,3256,1563,1693,0,3331,1600,1731
high_level_diet_with_stage,caffeine_mg,long_seq,ensemble,3256,1563,1693,0,3331,1600,1731
high_level_diet_with_stage,calcium_mg,long_seq,ensemble,3256,1563,1693,0,3331,1600,1731
high_level_diet_with_stage,carbohydrate_g,long_seq,ensemble,3256,1563,1693,0,3331,1600,1731
high_level_diet_with_stage,cholesterol_mg,long_seq,ensemble,3256,1563,1693,0,3331,1600,1731
high_level_diet_with_stage,choline_mg,long_seq,ensemble,3256,1563,1693,0,3331,1600,1731
high_level_diet_with_stage,copper_mg,long_seq,ensemble,3256,1563,1693,0,3331,1600,1731
high_level_diet_with_stage,energy_kcal,long_seq,ensemble,3256,1563,1693,0,3331,1600,1731
high_level_diet_with_stage,folate_mcg,long_seq,ensemble,3256,1563,1693,0,3331,1600,1731
high_level_diet_with_stage,fructose_g,long_seq,ensemble,3256,1563,1693,0,3331,1600,1731
high_level_diet_with_stage,fruitjuicesandsoftdrinks,long_seq,ensemble,3256,1563,1693,0,3331,1600,1731
high_level_diet_with_stage,glucose_g,long_seq,ensemble,3256,1563,1693,0,3331,1600,1731
high_level_diet_with_stage,iodine_mcg,long_seq,ensemble,3256,1563,1693,0,3331,1600,1731
high_level_diet_with_stage,iron_mg,long_seq,ensemble,3256,1563,1693,0,3331,1600,1731
high_level_diet_with_stage,linoleic_gm,long_seq,ensemble,3256,1563,1693,0,3331,1600,1731
high_level_diet_with_stage,linolenic_gm,long_seq,ensemble,3256,1563,1693,0,3331,1600,1731
high_level_diet_with_stage,lycopene_ug,long_seq,ensemble,3256,1563,1693,0,3331,1600,1731
high_level_diet_with_stage,magnesium_mg,long_seq,ensemble,3256,1563,1693,0,3331,1600,1731
high_level_diet_with_stage,manganese_mg,long_seq,ensemble,3256,1563,1693,0,3331,1600,1731
high_level_diet_with_stage,milkcreamcheeseandyogurts,long_seq,ensemble,3256,1563,1693,0,3331,1600,1731
high_level_diet_with_stage,mono_to_total_lipids_ratio,long_seq,ensemble,3256,1563,1693,0,3331,1600,1731
high_level_diet_with_stage,niacin_mg,long_seq,ensemble,3256,1563,1693,0,3331,1600,1731
high_level_diet_with_stage,pantothenicacid_mg,long_seq,ensemble,3256,1563,1693,0,3331,1600,1731
high_level_diet_with_stage,pct_alcohol_calories,long_seq,ensemble,3256,1563,1693,0,3331,1600,1731
high_level_diet_with_stage,pct_carb_calories,long_seq,ensemble,3256,1563,1693,0,3331,1600,1731
high_level_diet_with_stage,pct_fat_calories,long_seq,ensemble,3256,1563,1693,0,3331,1600,1731
high_level_diet_with_stage,pct_protein_calories,long_seq,ensemble,3256,1563,1693,0,3331,1600,1731
high_level_diet_with_stage,pct_saturated_fat_calories,long_seq,ensemble,3256,1563,1693,0,3331,1600,1731
high_level_diet_with_stage,phosphorus_mg,long_seq,ensemble,3256,1563,1693,0,3331,1600,1731
high_level_diet_with_stage,phytosterols_mg,long_seq,ensemble,3256,1563,1693,0,3331,1600,1731
high_level_diet_with_stage,poly_to_total_lipids_ratio,long_seq,ensemble,3256,1563,1693,0,3331,1600,1731
high_level_diet_with_stage,potassium_mg,long_seq,ensemble,3256,1563,1693,0,3331,1600,1731
high_level_diet_with_stage,protein_g,long_seq,ensemble,3256,1563,1693,0,3331,1600,1731
high_level_diet_with_stage,riboflavin_mg,long_seq,ensemble,3256,1563,1693,0,3331,1600,1731
high_level_diet_with_stage,sat_to_total_lipids_ratio,long_seq,ensemble,3256,1563,1693,0,3331,1600,1731
high_level_diet_with_stage,selenium_ug,long_seq,ensemble,3256,1563,1693,0,3331,1600,1731
high_level_diet_with_stage,sodium_mg,long_seq,ensemble,3256,1563,1693,0,3331,1600,1731
high_level_diet_with_stage,starch_g,long_seq,ensemble,3256,1563,1693,0,3331,1600,1731
high_level_diet_with_stage,sucrose_g,long_seq,ensemble,3256,1563,1693,0,3331,1600,1731
high_level_diet_with_stage,sugarstotal_g,long_seq,ensemble,3256,1563,1693,0,3331,1600,1731
high_level_diet_with_stage,sweetmilkproducts,long_seq,ensemble,3256,1563,1693,0,3331,1600,1731
high_level_diet_with_stage,sweets,long_seq,ensemble,3256,1563,1693,0,3331,1600,1731
high_level_diet_with_stage,thiamin_mg,long_seq,ensemble,3256,1563,1693,0,3331,1600,1731
high_level_diet_with_stage,totaldietaryfiber_g,long_seq,ensemble,3256,1563,1693,0,3331,1600,1731
high_level_diet_with_stage,totallipid_g,long_seq,ensemble,3256,1563,1693,0,3331,1600,1731
high_level_diet_with_stage,totalmonounsaturatedfattyacids_g,long_seq,ensemble,3256,1563,1693,0,3331,1600,1731
high_level_diet_with_stage,totalpolyunsaturatedfattyacids_g,long_seq,ensemble,3256,1563,1693,0,3331,1600,1731
high_level_diet_with_stage,totalsaturatedfattyacids_g,long_seq,ensemble,3256,1563,1693,0,3331,1600,1731
high_level_diet_with_stage,totaltransfattyacids_g,long_seq,ensemble,3256,1563,1693,0,3331,1600,1731
high_level_diet_with_stage,vitamina_iu,long_seq,ensemble,3256,1563,1693,0,3331,1600,1731
high_level_diet_with_stage,vitaminb12_ug,long_seq,ensemble,3256,1563,1693,0,3331,1600,1731
high_level_diet_with_stage,vitaminb6_mg,long_seq,ensemble,3256,1563,1693,0,3331,1600,1731
high_level_diet_with_stage,vitaminc_mg,long_seq,ensemble,3256,1563,1693,0,3331,1600,1731
high_level_diet_with_stage,vitamind_iu,long_seq,ensemble,3256,1563,1693,0,3331,1600,1731
high_level_diet_with_stage,vitamine_mg,long_seq,ensemble,3256,1563,1693,0,3331,1600,1731
high_level_diet_with_stage,vitamink_ug,long_seq,ensemble,3256,1563,1693,0,3331,1600,1731
high_level_diet_with_stage,zinc_mg,long_seq,ensemble,3256,1563,1693,0,3331,1600,1731
immune_system,bt__basophils_%,long_seq,ensemble,3307,1602,1705,0,3384,1641,1743
immune_system,bt__basophils_abs,long_seq,ensemble,3307,1602,1705,0,3384,1641,1743
immune_system,bt__eosinophils_%,long_seq,ensemble,3306,1602,1704,0,3383,1641,1742
immune_system,bt__eosinophils_abs,long_seq,ensemble,3306,1602,1704,0,3383,1641,1742
immune_system,bt__lymphocytes_%,long_seq,ensemble,3307,1602,1705,0,3384,1641,1743
immune_system,bt__lymphocytes_abs,long_seq,ensemble,3306,1601,1705,0,3383,1640,1743
immune_system,bt__monocytes_%,long_seq,ensemble,3307,1602,1705,0,3384,1641,1743
immune_system,bt__monocytes_abs,long_seq,ensemble,3307,1602,1705,0,3384,1641,1743
immune_system,bt__neutrophils_%,long_seq,ensemble,3307,1602,1705,0,3384,1641,1743
immune_system,bt__neutrophils_abs,long_seq,ensemble,3307,1602,1705,0,3384,1641,1743
immune_system,bt__wbc,long_seq,ensemble,3306,1601,1705,0,3383,1640,1743
lifestyle_group,beer_cider_pints_week,long_seq,ensemble,2147,1075,1072,0,2206,1107,1099
lifestyle_group,climb_staires_tymes_a_day_1-5,long_seq,ensemble,3032,1445,1587,0,3104,1482,1622
lifestyle_group,climb_staires_tymes_a_day_11-15,long_seq,ensemble,3032,1445,1587,0,3104,1482,1622
lifestyle_group,climb_staires_tymes_a_day_16-20,long_seq,ensemble,3032,1445,1587,0,3104,1482,1622
lifestyle_group,climb_staires_tymes_a_day_6-10,long_seq,ensemble,3032,1445,1587,0,3104,1482,1622
lifestyle_group,climb_staires_tymes_a_day_More than 20 times,long_seq,ensemble,3032,1445,1587,0,3104,1482,1622
lifestyle_group,climb_staires_tymes_a_day_Zero,long_seq,ensemble,3032,1445,1587,0,3104,1482,1622
lifestyle_group,fortified_wine__glasses_week,long_seq,ensemble,2060,1013,1047,0,2115,1042,1073
lifestyle_group,high_exercise_duration_Between 2 and 3 hours,long_seq,ensemble,3032,1445,1587,0,3104,1482,1622
lifestyle_group,high_exercise_duration_Between a quarter of an hour and half an hour,long_seq,ensemble,3032,1445,1587,0,3104,1482,1622
lifestyle_group,high_exercise_duration_Between an hour and a half and two hours,long_seq,ensemble,3032,1445,1587,0,3104,1482,1622
lifestyle_group,high_exercise_duration_Between an hour and an hour and a half,long_seq,ensemble,3032,1445,1587,0,3104,1482,1622
lifestyle_group,high_exercise_duration_Between half an hour and an hour,long_seq,ensemble,3032,1445,1587,0,3104,1482,1622
lifestyle_group,high_exercise_duration_Less than a quarter of an hour,long_seq,ensemble,3032,1445,1587,0,3104,1482,1622
lifestyle_group,high_exercise_duration_Over 3 hours,long_seq,ensemble,3032,1445,1587,0,3104,1482,1622
lifestyle_group,high_exercise_times_a_month_Every day,long_seq,ensemble,3032,1445,1587,0,3104,1482,1622
lifestyle_group,high_exercise_times_a_month_Four to five times a week,long_seq,ensemble,3032,1445,1587,0,3104,1482,1622
lifestyle_group,high_exercise_times_a_month_Once a week,long_seq,ensemble,3032,1445,1587,0,3104,1482,1622
lifestyle_group,high_exercise_times_a_month_Once in the last month,long_seq,ensemble,3032,1445,1587,0,3104,1482,1622
lifestyle_group,high_exercise_times_a_month_Two or three times a week,long_seq,ensemble,3032,1445,1587,0,3104,1482,1622
lifestyle_group,high_exercise_times_a_month_Two or three times in the last month,long_seq,ensemble,3032,1445,1587,0,3104,1482,1622
lifestyle_group,hours_driving,long_seq,ensemble,2871,1370,1501,0,2938,1403,1535
lifestyle_group,hours_outdoors_summer,long_seq,ensemble,2858,1362,1496,0,2926,1397,1529
lifestyle_group,hours_outdoors_winter,long_seq,ensemble,2852,1365,1487,0,2921,1400,1521
lifestyle_group,hours_using_computer_not_work,long_seq,ensemble,2886,1373,1513,0,2954,1408,1546
lifestyle_group,hours_watching_tv,long_seq,ensemble,2906,1383,1523,0,2977,1419,1558
lifestyle_group,liqueurs_measures_week,long_seq,ensemble,2091,1026,1065,0,2144,1054,1090
lifestyle_group,manual_physical_work_Always,long_seq,ensemble,3032,1445,1587,0,3104,1482,1622
lifestyle_group,manual_physical_work_no,long_seq,ensemble,3032,1445,1587,0,3104,1482,1622
lifestyle_group,manual_physical_work_sometimes,long_seq,ensemble,3032,1445,1587,0,3104,1482,1622
lifestyle_group,manual_physical_work_usually,long_seq,ensemble,3032,1445,1587,0,3104,1482,1622
lifestyle_group,moderate_activity_minutes,long_seq,ensemble,2851,1364,1487,0,2923,1401,1522
lifestyle_group,other_alcoholic_glasses_week,long_seq,ensemble,2002,975,1027,0,2054,1002,1052
lifestyle_group,physical_activity_maderate_days_a_week,long_seq,ensemble,2879,1380,1499,0,2951,1417,1534
lifestyle_group,sleep_hours_in_24H,long_seq,ensemble,2903,1383,1520,0,2970,1417,1553
lifestyle_group,usual_walking_pace_Average,long_seq,ensemble,3032,1445,1587,0,3104,1482,1622
lifestyle_group,usual_walking_pace_Fast,long_seq,ensemble,3032,1445,1587,0,3104,1482,1622
lifestyle_group,usual_walking_pace_Moderate,long_seq,ensemble,3032,1445,1587,0,3104,1482,1622
lifestyle_group,usual_walking_pace_Slow,long_seq,ensemble,3032,1445,1587,0,3104,1482,1622
lifestyle_group,vigorous_activity_minutes,long_seq,ensemble,2676,1289,1387,0,2742,1324,1418
lifestyle_group,walking_10min_days_a_week,long_seq,ensemble,2925,1388,1537,0,2995,1425,1570
lifestyle_group,walking_minutes_day,long_seq,ensemble,2860,1363,1497,0,2930,1399,1531
lifestyle_group,white_wine_glasses_week,long_seq,ensemble,2184,1074,1110,0,2238,1102,1136
lifestyle_group,work_days_a_week,long_seq,ensemble,2810,1366,1444,0,2879,1402,1477
lifestyle_group,work_hours,long_seq,ensemble,2819,1359,1460,0,2884,1393,1491
lifestyle_group,work_hours_day,long_seq,ensemble,2592,1242,1350,0,2659,1277,1382
liver,bt__albumin,long_seq,ensemble,1179,569,610,0,1207,580,627
liver,bt__alkaline_phosphatase,long_seq,ensemble,2160,1031,1129,0,2218,1056,1162
liver,bt__alt_gpt,long_seq,ensemble,363,173,190,0,369,175,194
liver,bt__ast_got,long_seq,ensemble,1279,621,658,0,1304,633,671
liver,bt__bilirubin_total,long_seq,ensemble,1649,769,880,0,1696,791,905
liver,bt__platelets,long_seq,ensemble,3280,1586,1694,0,3355,1624,1731
liver,bt__protein_total,long_seq,ensemble,1233,584,649,0,1267,598,669
liver,liver_attenuation,long_seq,ensemble,3303,1597,1706,0,3379,1635,1744
liver,liver_elasticity,long_seq,ensemble,3304,1598,1706,0,3380,1636,1744
liver,liver_sound_speed,long_seq,ensemble,3303,1597,1706,0,3379,1635,1744
liver,liver_viscosity,long_seq,ensemble,3304,1598,1706,0,3380,1636,1744
mental,depressed_hopeless_fortnight,long_seq,ensemble,3088,1476,1612,0,3160,1513,1647
mental,depressed_longest_period_weeks,long_seq,ensemble,3022,1435,1587,0,3094,1472,1622
mental,depressed_whole_week,long_seq,ensemble,3008,1430,1578,0,3079,1466,1613
mental,depressed_whole_week_periods,long_seq,ensemble,3022,1435,1587,0,3094,1472,1622
mental,family_relationship_satisfaction,long_seq,ensemble,3101,1480,1621,0,3176,1519,1657
mental,fed-up_often,long_seq,ensemble,2984,1430,1554,0,3057,1467,1590
mental,feeling_lonley_often,long_seq,ensemble,3036,1458,1578,0,3111,1497,1614
mental,fidgety_or_restless_fortnight,long_seq,ensemble,3082,1473,1609,0,3155,1510,1645
mental,financial_situation_satisfaction,long_seq,ensemble,3098,1480,1618,0,3173,1519,1654
mental,friendships_satisfaction,long_seq,ensemble,3098,1476,1622,0,3173,1515,1658
mental,happiness_level,long_seq,ensemble,3089,1479,1610,0,3163,1517,1646
mental,health_satisfaction,long_seq,ensemble,3104,1483,1621,0,3179,1522,1657
mental,hyper_least_two_days,long_seq,ensemble,3039,1449,1590,0,3111,1485,1626
mental,irritable_person,long_seq,ensemble,2967,1420,1547,0,3042,1459,1583
mental,irritablilty_leading_to_argumens,long_seq,ensemble,3001,1427,1574,0,3074,1464,1610
mental,little_interest_or_pleasure_fortnight,long_seq,ensemble,3087,1473,1614,0,3161,1511,1650
mental,miserable_no_reason,long_seq,ensemble,3038,1451,1587,0,3109,1487,1622
mental,mood_swings,long_seq,ensemble,3030,1449,1581,0,3104,1487,1617
mental,nerves_anxiety_tension_depression_doctor,long_seq,ensemble,3089,1479,1610,0,3163,1517,1646
mental,nerves_anxiety_tension_depression_psychiatrist,long_seq,ensemble,3092,1476,1616,0,3167,1515,1652
mental,nervous_person,long_seq,ensemble,3036,1455,1581,0,3110,1494,1616
mental,rds_score,long_seq,ensemble,3066,1465,1601,0,3137,1501,1636
mental,risks_taker,long_seq,ensemble,2661,1262,1399,0,2731,1298,1433
mental,suffer_nerves,long_seq,ensemble,3022,1449,1573,0,3095,1487,1608
mental,tense_or_highly_strung,long_seq,ensemble,3019,1444,1575,0,3094,1483,1611
mental,tired_or_little_energy_fortnight,long_seq,ensemble,3087,1470,1617,0,3159,1506,1653
mental,troubled_by_guilt,long_seq,ensemble,3022,1447,1575,0,3095,1485,1610
mental,unenjoyment_uninterested_whole_week,long_seq,ensemble,2887,1393,1494,0,2958,1428,1530
mental,work_satisfaction,long_seq,ensemble,2975,1449,1526,0,3049,1487,1562
mental,worrier,long_seq,ensemble,3041,1451,1590,0,3115,1490,1625
mental,worry_long_after_embarrassment,long_seq,ensemble,2968,1436,1532,0,3042,1475,1567
metabolites_annotated,1 11-Undecanedicarboxylic acid,long_seq,ensemble,2089,1048,1041,0,2144,1078,1066
metabolites_annotated,1 3-Dimethyluric acid_3 7-Dimethyluric acid_7 9-Dimethyluric acid_	1 7-Dimethyluric acid_3 9-Dimethyluric acid_1 9-Dimethyluric acid,long_seq,ensemble,2089,1048,1041,0,2144,1078,1066
metabolites_annotated,11beta-hydroxyandrosterone glucuronide,long_seq,ensemble,2089,1048,1041,0,2144,1078,1066
metabolites_annotated,12a-Hydroxy-3-oxocholadienic acid_Bufalin,long_seq,ensemble,2089,1048,1041,0,2144,1078,1066
metabolites_annotated,15 16-DiHODE,long_seq,ensemble,2089,1048,1041,0,2144,1078,1066
metabolites_annotated,16a-Hydroxydehydroepiandrosterone 3-sulfate_16b-Hydroxydehydroepiandrosterone sulfate_16a-Hydroxy dhea 3-sulfuric acid,long_seq,ensemble,2089,1048,1041,0,2144,1078,1066
metabolites_annotated,16alpha-Hydroxy DHEA 3-sulfate_	16beta-Hydroxydehydroepiandrosterone sulfate_16a-Hydroxy dhea 3-sulphate,long_seq,ensemble,2089,1048,1041,0,2144,1078,1066
metabolites_annotated,2 3-Methylene suberic acid_Decadienedioic acid _2E 4E)-2 7-Dimethyl-2 4-octadienedioic acid_3 4-Methylene suberic acid,long_seq,ensemble,2089,1048,1041,0,2144,1078,1066
metabolites_annotated,2 5-Dihydroxybenzenesulfonic Acid _Hydroquinone sulfate_Pyrocatechol sulfate,long_seq,ensemble,2089,1048,1041,0,2144,1078,1066
metabolites_annotated,2-Carboxy-4-dodecanolide,long_seq,ensemble,2089,1048,1041,0,2144,1078,1066
metabolites_annotated,2-aminophenol sulfate,long_seq,ensemble,2089,1048,1041,0,2144,1078,1066
metabolites_annotated,2-propenamide  3-(3 4-dihydroxyphenyl)- (caffeic acid amide),long_seq,ensemble,2089,1048,1041,0,2144,1078,1066
metabolites_annotated,2H-1-Benzopyran-2-one  7-(sulfooxy)-    (7-Sulfooxycoumarin),long_seq,ensemble,2089,1048,1041,0,2144,1078,1066
metabolites_annotated,3 4-Methyleneazelaic acid,long_seq,ensemble,2089,1048,1041,0,2144,1078,1066
metabolites_annotated,3 4-Methylenesebacic acid_Senkyunolide N,long_seq,ensemble,2089,1048,1041,0,2144,1078,1066
metabolites_annotated,3 5-Dichloro-2 6-dihydroxybenzoic acid,long_seq,ensemble,2089,1048,1041,0,2144,1078,1066
metabolites_annotated,3- Allylphenol sulfate_	4- Allylphenol sulfate,long_seq,ensemble,2089,1048,1041,0,2144,1078,1066
metabolites_annotated,3-(3 5-dihydroxyphenyl)-1-propanoic acid sulphate_3-hydroxy-3-(3-hydroxyphenyl)propanoic acid-O-sulphate,long_seq,ensemble,2089,1048,1041,0,2144,1078,1066
metabolites_annotated,3-(3 5-dihydroxyphenyl)-1-propanoic acid sulphate_3-hydroxy-3-(3-hydroxyphenyl)propanoic acid-O-sulphate_dihydrocaffeate sulfate,long_seq,ensemble,2089,1048,1041,0,2144,1078,1066
metabolites_annotated,3-Bromo-5-chloro-2 6-dihydroxybenzoic acid,long_seq,ensemble,2089,1048,1041,0,2144,1078,1066
metabolites_annotated,3-Carboxy-4-methyl-5-propyl-2-furanpropionic acid,long_seq,ensemble,2089,1048,1041,0,2144,1078,1066
metabolites_annotated,3-Hydroxypyridine sulfate,long_seq,ensemble,2089,1048,1041,0,2144,1078,1066
metabolites_annotated,3-Hydroxytetradecanoic acid_(R)-3-Hydroxytetradecanoic acid_ 2-Hydroxymyristic acid,long_seq,ensemble,2089,1048,1041,0,2144,1078,1066
metabolites_annotated,3-Phenylpropionic acid sulfate,long_seq,ensemble,2089,1048,1041,0,2144,1078,1066
metabolites_annotated,3-[4-methoxy-3-(sulfooxy)phenyl]propanoic acid_Dihydroferulic acid 4-O-sulfate,long_seq,ensemble,2089,1048,1041,0,2144,1078,1066
metabolites_annotated,3-carboxy-4-methyl-5-pentyl-2-furanpropanoic acid(3-CMPFP),long_seq,ensemble,2089,1048,1041,0,2144,1078,1066
metabolites_annotated,3-indoxyl sulfate_	7-Hydroxyindole sulfate_6-Hydroxyindole sulfate,long_seq,ensemble,2089,1048,1041,0,2144,1078,1066
metabolites_annotated,3a 7b 12a-Trihydroxyoxocholanyl-Glycine_Glycohyocholic acid_Glycocholic acid,long_seq,ensemble,2089,1048,1041,0,2144,1078,1066
metabolites_annotated,4-Ethylphenylsulfate_3-Ethylphenylsulfate,long_seq,ensemble,2089,1048,1041,0,2144,1078,1066
metabolites_annotated,4-Ethylphenylsulfate_3-Ethylphenylsulfate.1,long_seq,ensemble,2089,1048,1041,0,2144,1078,1066
metabolites_annotated,4-Hydroxy-5-(dihydroxyphenyl)-valeric acid-O-sulphate,long_seq,ensemble,2089,1048,1041,0,2144,1078,1066
metabolites_annotated,4-Hydroxyphenylacetic acid sulfate,long_seq,ensemble,2089,1048,1041,0,2144,1078,1066
metabolites_annotated,4-Methylcatechol 1-sulfate_3-Methylcatechol 1-sulfate_O-methoxycatechol-O-sulphate_4-methoxyphenyl ester _3-Methoxyphenol sulfate,long_seq,ensemble,2089,1048,1041,0,2144,1078,1066
metabolites_annotated,4-Methylcatechol 1-sulfate_3-Methylcatechol 1-sulfate_O-methoxycatechol-O-sulphate_4-methoxyphenyl ester _3-Methoxyphenol sulfate.1,long_seq,ensemble,2089,1048,1041,0,2144,1078,1066
metabolites_annotated,4-Vinylphenol sulfate,long_seq,ensemble,2089,1048,1041,0,2144,1078,1066
metabolites_annotated,6-Hydroxyindoxyl sulfate,long_seq,ensemble,2089,1048,1041,0,2144,1078,1066
metabolites_annotated,7-Carboxy-gamma-tocotrienol,long_seq,ensemble,2089,1048,1041,0,2144,1078,1066
metabolites_annotated,7-HOC acid,long_seq,ensemble,2089,1048,1041,0,2144,1078,1066
metabolites_annotated,7-Hoca,long_seq,ensemble,2089,1048,1041,0,2144,1078,1066
metabolites_annotated,Acetaminophen glucuronide,long_seq,ensemble,2089,1048,1041,0,2144,1078,1066
metabolites_annotated,Atractyligenin 2-glucuronide,long_seq,ensemble,2089,1048,1041,0,2144,1078,1066
metabolites_annotated,Bilirubin_Lumirubin_(4E 15E)-Bilirubin_(4E 15Z)-Bilirubin,long_seq,ensemble,2089,1048,1041,0,2144,1078,1066
metabolites_annotated,C20H26O7,long_seq,ensemble,2089,1048,1041,0,2144,1078,1066
metabolites_annotated,C20H26O8,long_seq,ensemble,2089,1048,1041,0,2144,1078,1066
metabolites_annotated,Caffeic acid 4-O-sulfate_Caffeic acid 3-O-sulfate_ 3 5-Dihydroxycinnamic acid sulfate,long_seq,ensemble,2089,1048,1041,0,2144,1078,1066
metabolites_annotated,Capsianoside V_Cofaryloside_Cinncassiol D4 2-glucoside_Cinncassiol D1-glucoside,long_seq,ensemble,2089,1048,1041,0,2144,1078,1066
metabolites_annotated,Cholic acid glucuronide,long_seq,ensemble,2089,1048,1041,0,2144,1078,1066
metabolites_annotated,Cholic acid glucuronide(isomer),long_seq,ensemble,2089,1048,1041,0,2144,1078,1066
metabolites_annotated,Cholic acid glucuronide.1,long_seq,ensemble,2089,1048,1041,0,2144,1078,1066
metabolites_annotated,Cortolone-3-glucuronide,long_seq,ensemble,2089,1048,1041,0,2144,1078,1066
metabolites_annotated,DSGEGDFXAEGGGVR_(eptide derivative of fibrinogen peptide A),long_seq,ensemble,2089,1048,1041,0,2144,1078,1066
metabolites_annotated,Deoxycholic acid glycine conjugate_Chenodeoxycholic acid glycine conjugate_Glycoursodeoxycholic acid_ Chenodeoxyglycocholic acid,long_seq,ensemble,2089,1048,1041,0,2144,1078,1066
metabolites_annotated,Desmethyltetrahydropiperine sulfate,long_seq,ensemble,2089,1048,1041,0,2144,1078,1066
metabolites_annotated,Dihydronaringenin-O-sulphate,long_seq,ensemble,2089,1048,1041,0,2144,1078,1066
metabolites_annotated,Dodecadienoate,long_seq,ensemble,2089,1048,1041,0,2144,1078,1066
metabolites_annotated,Dodecanedioic acid,long_seq,ensemble,2089,1048,1041,0,2144,1078,1066
metabolites_annotated,Enterodiol glucuronide,long_seq,ensemble,2089,1048,1041,0,2144,1078,1066
metabolites_annotated,Enterodiol sulfate,long_seq,ensemble,2089,1048,1041,0,2144,1078,1066
metabolites_annotated,Enterolactone 3-glucuronide_Enterolactone 3-glucuronide,long_seq,ensemble,2089,1048,1041,0,2144,1078,1066
metabolites_annotated,Enterolactone 3-sulfate,long_seq,ensemble,2089,1048,1041,0,2144,1078,1066
metabolites_annotated,Estrone sulfate_Estrone sulphate,long_seq,ensemble,2089,1048,1041,0,2144,1078,1066
metabolites_annotated,Fibrinopeptide A  human,long_seq,ensemble,2089,1048,1041,0,2144,1078,1066
metabolites_annotated,Fibrinopeptide A (2-15),long_seq,ensemble,2089,1048,1041,0,2144,1078,1066
metabolites_annotated,Fibrinopeptide A (3-15),long_seq,ensemble,2089,1048,1041,0,2144,1078,1066
metabolites_annotated,Fibrinopeptide A (3-16),long_seq,ensemble,2089,1048,1041,0,2144,1078,1066
metabolites_annotated,Fibrinopeptide A (5-16)_,long_seq,ensemble,2089,1048,1041,0,2144,1078,1066
metabolites_annotated,Fibrinopeptide A (8-16),long_seq,ensemble,2089,1048,1041,0,2144,1078,1066
metabolites_annotated,Fibrinopeptide B (1-11),long_seq,ensemble,2089,1048,1041,0,2144,1078,1066
metabolites_annotated,Fibrinopeptide B (1-12),long_seq,ensemble,2089,1048,1041,0,2144,1078,1066
metabolites_annotated,Fibrinopeptide B (1-13),long_seq,ensemble,2089,1048,1041,0,2144,1078,1066
metabolites_annotated,Glycochenodeoxycholic acid 3-glucuronide,long_seq,ensemble,2089,1048,1041,0,2144,1078,1066
metabolites_annotated,HPAA sulfate,long_seq,ensemble,2089,1048,1041,0,2144,1078,1066
metabolites_annotated,Hexadecanedioic acid,long_seq,ensemble,2089,1048,1041,0,2144,1078,1066
metabolites_annotated,Indoleacrylic acid,long_seq,ensemble,2089,1048,1041,0,2144,1078,1066
metabolites_annotated,Isobutyl 4-hydroxybenzoate_Butylparaben,long_seq,ensemble,2089,1048,1041,0,2144,1078,1066
metabolites_annotated,Isopropyl 4-hydroxybenzoate_propyl 4-hydroxybenzoate,long_seq,ensemble,2089,1048,1041,0,2144,1078,1066
metabolites_annotated,L-Monomenthyl glutarate,long_seq,ensemble,2089,1048,1041,0,2144,1078,1066
metabolites_annotated,LPE(14_0_0_0)_LPE(0_0_14_0),long_seq,ensemble,2089,1048,1041,0,2144,1078,1066
metabolites_annotated,LysoPE(0_0_16_0)_LysoPE(16_0_0_0),long_seq,ensemble,2089,1048,1041,0,2144,1078,1066
metabolites_annotated,LysoPE(0_0_16_0)_LysoPE(16_0_0_0)_1-PPEM,long_seq,ensemble,2089,1048,1041,0,2144,1078,1066
metabolites_annotated,LysoPE(0_0_18_0)_LysoPE(18_0_0_0),long_seq,ensemble,2089,1048,1041,0,2144,1078,1066
metabolites_annotated,LysoPE(0_0_18_1(11Z))_	LysoPE(0_0_18_1(9Z))_LysoPE(18_1(11Z)_0_0)_LysoPE(18_1(9Z)_0_0),long_seq,ensemble,2089,1048,1041,0,2144,1078,1066
metabolites_annotated,LysoPE(0_0_18_1(11Z))_	LysoPE(0_0_18_1(9Z))_LysoPE(18_1(11Z)_0_0)_LysoPE(18_1(9Z)_0_0).1,long_seq,ensemble,2089,1048,1041,0,2144,1078,1066
metabolites_annotated,LysoPE(0_0_18_2(9Z 12Z))_LysoPE(18_2(9Z 12Z)_0_0),long_seq,ensemble,2089,1048,1041,0,2144,1078,1066
metabolites_annotated,LysoPE(0_0_18_3(6Z 9Z 12Z))_LysoPE(0_0_18_3(9Z 12Z 15Z))_LysoPE(18_3(6Z 9Z 12Z)_0_0)_	LysoPE(18_3(9Z 12Z 15Z)_0_0),long_seq,ensemble,2089,1048,1041,0,2144,1078,1066
metabolites_annotated,LysoPE(0_0_18_3(6Z 9Z 12Z))_LysoPE(0_0_18_3(9Z 12Z 15Z))_LysoPE(18_3(6Z 9Z 12Z)_0_0)_	LysoPE(18_3(9Z 12Z 15Z)_0_0).1,long_seq,ensemble,2089,1048,1041,0,2144,1078,1066
metabolites_annotated,LysoPE(0_0_20_4(5Z 8Z 11Z 14Z))_ LysoPE(0_0_20_4(8Z 11Z 14Z 17Z))_LysoPE(20_4(5Z 8Z 11Z 14Z)_0_0)_LysoPE(20_4(8Z 11Z 14Z 17Z)_0_0),long_seq,ensemble,2089,1048,1041,0,2144,1078,1066
metabolites_annotated,LysoPE(0_0_22_6(4Z 7Z 10Z 13Z 16Z 19Z))_LysoPE(22_6(4Z 7Z 10Z 13Z 16Z 19Z)_0_0),long_seq,ensemble,2089,1048,1041,0,2144,1078,1066
metabolites_annotated,LysoPE(0_0_22_6(4Z 7Z 10Z 13Z 16Z 19Z))_LysoPE(22_6(4Z 7Z 10Z 13Z 16Z 19Z)_0_0).1,long_seq,ensemble,2089,1048,1041,0,2144,1078,1066
metabolites_annotated,LysoPE(20_3(8Z 11Z 14Z)_0_0)_LysoPE(0_0_20_3(5Z 8Z 11Z))_LysoPE(0_0_20_3(11Z 14Z 17Z)),long_seq,ensemble,2089,1048,1041,0,2144,1078,1066
metabolites_annotated,LysoPE(20_5(5Z 8Z 11Z 14Z 17Z)_0_0)_LysoPE(0_0_20_5(5Z 8Z 11Z 14Z 17Z)),long_seq,ensemble,2089,1048,1041,0,2144,1078,1066
metabolites_annotated,LysoPE(20_5(5Z 8Z 11Z 14Z 17Z)_0_0)_LysoPE(0_0_20_5(5Z 8Z 11Z 14Z 17Z)).1,long_seq,ensemble,2089,1048,1041,0,2144,1078,1066
metabolites_annotated,LysoPE(P-16_0_0_0),long_seq,ensemble,2089,1048,1041,0,2144,1078,1066
metabolites_annotated,MG(PGJ2_0_0_0_0)_MG(0_0_PGJ2_0_0),long_seq,ensemble,2089,1048,1041,0,2144,1078,1066
metabolites_annotated,Medicarpin 3-O-(6-malonylglucoside),long_seq,ensemble,2089,1048,1041,0,2144,1078,1066
metabolites_annotated,Mesobilirubinogen (I-urobilinogen),long_seq,ensemble,2089,1048,1041,0,2144,1078,1066
metabolites_annotated,Methyldecanoylcarnitine_Undecanoylcarnitine,long_seq,ensemble,2089,1048,1041,0,2144,1078,1066
metabolites_annotated,Monomenthyl succinate_5-Nonyltetrahydro-2-oxo-3-furancarboxylic acid_(6R 8Z)-6-Hydroxy-3-oxotetradecenoic acid,long_seq,ensemble,2089,1048,1041,0,2144,1078,1066
metabolites_annotated,Monomenthyl succinate_5-Nonyltetrahydro-2-oxo-3-furancarboxylic acid_(6R 8Z)-6-Hydroxy-3-oxotetradecenoic acid.1,long_seq,ensemble,2089,1048,1041,0,2144,1078,1066
metabolites_annotated,N-Hydroxy-L-tryptophan,long_seq,ensemble,2089,1048,1041,0,2144,1078,1066
metabolites_annotated,O-Cresol sulfate_p-Cresol sulfate,long_seq,ensemble,2089,1048,1041,0,2144,1078,1066
metabolites_annotated,Octadecanedioic acid_9 10-Epoxyoctadecanoic acid_ 9 10-Epoxy-18-hydroxy-octadecanoic acid_9 10-DHOME_12 13-DHOME _Dibutyl decanedioate,long_seq,ensemble,2089,1048,1041,0,2144,1078,1066
metabolites_annotated,PC(17_2(9Z 12Z)_0_0),long_seq,ensemble,2089,1048,1041,0,2144,1078,1066
metabolites_annotated,PC(2_0_20_3(6 8 11)-OH(5)),long_seq,ensemble,2089,1048,1041,0,2144,1078,1066
metabolites_annotated,Phenylacetylglutamine,long_seq,ensemble,2089,1048,1041,0,2144,1078,1066
metabolites_annotated,Phenylalanylphenylalanine,long_seq,ensemble,2089,1048,1041,0,2144,1078,1066
metabolites_annotated,Phenylalanylthreonine,long_seq,ensemble,2089,1048,1041,0,2144,1078,1066
metabolites_annotated,Pregnenolone sulfate_3beta-Hydroxypregn-5-en-20-one sulfate,long_seq,ensemble,2089,1048,1041,0,2144,1078,1066
metabolites_annotated,Sonchuside C_	Abscisic alcohol 11-glucoside,long_seq,ensemble,2089,1048,1041,0,2144,1078,1066
metabolites_annotated,Sphingosine 1-phosphate (d16_1-P),long_seq,ensemble,2089,1048,1041,0,2144,1078,1066
metabolites_annotated,Sulfolithocholic acid,long_seq,ensemble,2089,1048,1041,0,2144,1078,1066
metabolites_annotated,Tetradecanedioate(C14-dicarboxylic acid ),long_seq,ensemble,2089,1048,1041,0,2144,1078,1066
metabolites_annotated,Tetrahydroaldosterone-3-glucuronide,long_seq,ensemble,2089,1048,1041,0,2144,1078,1066
metabolites_annotated,Thymol Sulfate,long_seq,ensemble,2089,1048,1041,0,2144,1078,1066
metabolites_annotated,Thyroxine,long_seq,ensemble,2089,1048,1041,0,2144,1078,1066
metabolites_annotated,Torvanol A,long_seq,ensemble,2089,1048,1041,0,2144,1078,1066
metabolites_annotated,Tryptophan,long_seq,ensemble,2089,1048,1041,0,2144,1078,1066
metabolites_annotated,Tyrosol 4-sulfate_2-(2-Hydroxyethyl)phenyl hydrogen sulfate_2-Methoxy-4-methylphenol sulfate,long_seq,ensemble,2089,1048,1041,0,2144,1078,1066
metabolites_annotated,Urolithin A-3-O-glucuronide_Urolithin A-8-O-glucuronide,long_seq,ensemble,2089,1048,1041,0,2144,1078,1066
metabolites_annotated,Urolithin a 3-sulfate,long_seq,ensemble,2089,1048,1041,0,2144,1078,1066
metabolites_annotated,Urolithin-3-sulfate,long_seq,ensemble,2089,1048,1041,0,2144,1078,1066
metabolites_annotated,Ursodeoxycholic acid 3-sulfate_Chenodeoxycholic acid 3-sulfate_3-Ketopetromyzonol sulfate_Chenodeoxycholic acid sulfate,long_seq,ensemble,2089,1048,1041,0,2144,1078,1066
metabolites_annotated,Valsartan,long_seq,ensemble,2089,1048,1041,0,2144,1078,1066
metabolites_annotated,acesulfame,long_seq,ensemble,2089,1048,1041,0,2144,1078,1066
metabolites_annotated,biliverdin,long_seq,ensemble,2089,1048,1041,0,2144,1078,1066
metabolites_annotated,cis-p-Coumaric acid sulfate_p-Coumaric acid sulfate_O-Coumaric acid sulfate_2E)-3-[3-(sulfooxy)phenyl]prop-2-enoic acid,long_seq,ensemble,2089,1048,1041,0,2144,1078,1066
metabolites_annotated,gamma-glutamylleucine,long_seq,ensemble,2089,1048,1041,0,2144,1078,1066
metabolites_annotated,indolelactate_	3-Indolehydracrylic acid,long_seq,ensemble,2089,1048,1041,0,2144,1078,1066
metabolites_annotated,p-Cresol glucuronide_P-Tolyl-β-D-glucuronide,long_seq,ensemble,2089,1048,1041,0,2144,1078,1066
metabolites_annotated,paraxanthine_theobromine_theophylline,long_seq,ensemble,2089,1048,1041,0,2144,1078,1066
metabolites_annotated,phenol sulfate,long_seq,ensemble,2089,1048,1041,0,2144,1078,1066
metabolites_annotated,urate,long_seq,ensemble,2089,1048,1041,0,2144,1078,1066
metabolites_annotated,xanthurenate,long_seq,ensemble,2089,1048,1041,0,2144,1078,1066
metabolites_unannotated,0.59_187.0100m_z,long_seq,ensemble,2089,1048,1041,0,2144,1078,1066
metabolites_unannotated,0.61_168.0778m_z,long_seq,ensemble,2089,1048,1041,0,2144,1078,1066
metabolites_unannotated,0.61_281.0723m_z,long_seq,ensemble,2089,1048,1041,0,2144,1078,1066
metabolites_unannotated,0.61_449.1598m_z,long_seq,ensemble,2089,1048,1041,0,2144,1078,1066
metabolites_unannotated,0.62_349.0605m_z,long_seq,ensemble,2089,1048,1041,0,2144,1078,1066
metabolites_unannotated,0.62_417.0483m_z,long_seq,ensemble,2089,1048,1041,0,2144,1078,1066
metabolites_unannotated,0.63_363.0763m_z,long_seq,ensemble,2089,1048,1041,0,2144,1078,1066
metabolites_unannotated,0.64_199.0702m_z,long_seq,ensemble,2089,1048,1041,0,2144,1078,1066
metabolites_unannotated,0.64_213.0860m_z,long_seq,ensemble,2089,1048,1041,0,2144,1078,1066
metabolites_unannotated,0.64_227.1016m_z,long_seq,ensemble,2089,1048,1041,0,2144,1078,1066
metabolites_unannotated,0.64_254.9173m_z,long_seq,ensemble,2089,1048,1041,0,2144,1078,1066
metabolites_unannotated,0.64_268.9328m_z,long_seq,ensemble,2089,1048,1041,0,2144,1078,1066
metabolites_unannotated,0.64_322.9042m_z,long_seq,ensemble,2089,1048,1041,0,2144,1078,1066
metabolites_unannotated,0.64_336.9201m_z,long_seq,ensemble,2089,1048,1041,0,2144,1078,1066
metabolites_unannotated,0.64_355.0166m_z,long_seq,ensemble,2089,1048,1041,0,2144,1078,1066
metabolites_unannotated,0.64_404.9079m_z,long_seq,ensemble,2089,1048,1041,0,2144,1078,1066
metabolites_unannotated,0.64_418.9234m_z,long_seq,ensemble,2089,1048,1041,0,2144,1078,1066
metabolites_unannotated,0.64_423.0042m_z,long_seq,ensemble,2089,1048,1041,0,2144,1078,1066
metabolites_unannotated,0.64_486.9103m_z,long_seq,ensemble,2089,1048,1041,0,2144,1078,1066
metabolites_unannotated,0.64_490.9908m_z,long_seq,ensemble,2089,1048,1041,0,2144,1078,1066
metabolites_unannotated,0.64_554.8979m_z,long_seq,ensemble,2089,1048,1041,0,2144,1078,1066
metabolites_unannotated,0.66_244.8884m_z,long_seq,ensemble,2089,1048,1041,0,2144,1078,1066
metabolites_unannotated,0.70_205.0177m_z,long_seq,ensemble,2089,1048,1041,0,2144,1078,1066
metabolites_unannotated,0.72_215.0331m_z,long_seq,ensemble,2089,1048,1041,0,2144,1078,1066
metabolites_unannotated,0.72_217.0306m_z,long_seq,ensemble,2089,1048,1041,0,2144,1078,1066
metabolites_unannotated,0.72_378.8933m_z,long_seq,ensemble,2089,1048,1041,0,2144,1078,1066
metabolites_unannotated,0.75_135.0308m_z,long_seq,ensemble,2089,1048,1041,0,2144,1078,1066
metabolites_unannotated,0.75_151.0261m_z,long_seq,ensemble,2089,1048,1041,0,2144,1078,1066
metabolites_unannotated,0.75_243.0627m_z,long_seq,ensemble,2089,1048,1041,0,2144,1078,1066
metabolites_unannotated,0.75_279.0390m_z,long_seq,ensemble,2089,1048,1041,0,2144,1078,1066
metabolites_unannotated,0.75_281.0379m_z,long_seq,ensemble,2089,1048,1041,0,2144,1078,1066
metabolites_unannotated,0.76_238.0255m_z,long_seq,ensemble,2089,1048,1041,0,2144,1078,1066
metabolites_unannotated,0.77_282.0839m_z,long_seq,ensemble,2089,1048,1041,0,2144,1078,1066
metabolites_unannotated,0.78_295.9842m_z,long_seq,ensemble,2089,1048,1041,0,2144,1078,1066
metabolites_unannotated,0.96_135.0314m_z,long_seq,ensemble,2089,1048,1041,0,2144,1078,1066
metabolites_unannotated,0.96_151.0263m_z,long_seq,ensemble,2089,1048,1041,0,2144,1078,1066
metabolites_unannotated,0.96_200.0566m_z,long_seq,ensemble,2089,1048,1041,0,2144,1078,1066
metabolites_unannotated,0.96_243.0627m_z,long_seq,ensemble,2089,1048,1041,0,2144,1078,1066
metabolites_unannotated,0.96_279.0392m_z,long_seq,ensemble,2089,1048,1041,0,2144,1078,1066
metabolites_unannotated,0.96_281.0367m_z,long_seq,ensemble,2089,1048,1041,0,2144,1078,1066
metabolites_unannotated,0.96_572.2797m_z,long_seq,ensemble,2089,1048,1041,0,2144,1078,1066
metabolites_unannotated,0.97_282.0845m_z,long_seq,ensemble,2089,1048,1041,0,2144,1078,1066
metabolites_unannotated,0.98_325.0318m_z,long_seq,ensemble,2089,1048,1041,0,2144,1078,1066
metabolites_unannotated,1.01_258.0445m_z,long_seq,ensemble,2089,1048,1041,0,2144,1078,1066
metabolites_unannotated,1.09_185.9627m_z,long_seq,ensemble,2089,1048,1041,0,2144,1078,1066
metabolites_unannotated,1.15_219.0779m_z,long_seq,ensemble,2089,1048,1041,0,2144,1078,1066
metabolites_unannotated,1.16_293.0542m_z,long_seq,ensemble,2089,1048,1041,0,2144,1078,1066
metabolites_unannotated,1.17_257.0782m_z,long_seq,ensemble,2089,1048,1041,0,2144,1078,1066
metabolites_unannotated,1.20_185.9628m_z,long_seq,ensemble,2089,1048,1041,0,2144,1078,1066
metabolites_unannotated,1.23_365.1357m_z,long_seq,ensemble,2089,1048,1041,0,2144,1078,1066
metabolites_unannotated,1.24_265.1193m_z,long_seq,ensemble,2089,1048,1041,0,2144,1078,1066
metabolites_unannotated,1.25_277.0862m_z,long_seq,ensemble,2089,1048,1041,0,2144,1078,1066
metabolites_unannotated,1.26_227.0538m_z,long_seq,ensemble,2089,1048,1041,0,2144,1078,1066
metabolites_unannotated,1.26_253.0697m_z,long_seq,ensemble,2089,1048,1041,0,2144,1078,1066
metabolites_unannotated,1.28_245.1145m_z,long_seq,ensemble,2089,1048,1041,0,2144,1078,1066
metabolites_unannotated,1.29_197.0681m_z,long_seq,ensemble,2089,1048,1041,0,2144,1078,1066
metabolites_unannotated,1.30_218.9969m_z,long_seq,ensemble,2089,1048,1041,0,2144,1078,1066
metabolites_unannotated,1.35_227.9976m_z,long_seq,ensemble,2089,1048,1041,0,2144,1078,1066
metabolites_unannotated,1.37_258.0383m_z,long_seq,ensemble,2089,1048,1041,0,2144,1078,1066
metabolites_unannotated,1.40_172.0403m_z,long_seq,ensemble,2089,1048,1041,0,2144,1078,1066
metabolites_unannotated,1.40_190.0512m_z,long_seq,ensemble,2089,1048,1041,0,2144,1078,1066
metabolites_unannotated,1.40_246.0748m_z,long_seq,ensemble,2089,1048,1041,0,2144,1078,1066
metabolites_unannotated,1.40_276.0851m_z,long_seq,ensemble,2089,1048,1041,0,2144,1078,1066
metabolites_unannotated,1.40_293.0541m_z,long_seq,ensemble,2089,1048,1041,0,2144,1078,1066
metabolites_unannotated,1.40_394.1390m_z,long_seq,ensemble,2089,1048,1041,0,2144,1078,1066
metabolites_unannotated,1.43_164.0728m_z,long_seq,ensemble,2089,1048,1041,0,2144,1078,1066
metabolites_unannotated,1.43_351.2215m_z,long_seq,ensemble,2089,1048,1041,0,2144,1078,1066
metabolites_unannotated,1.43_357.0822m_z,long_seq,ensemble,2089,1048,1041,0,2144,1078,1066
metabolites_unannotated,1.43_551.1482m_z,long_seq,ensemble,2089,1048,1041,0,2144,1078,1066
metabolites_unannotated,1.43_712.2200m_z,long_seq,ensemble,2089,1048,1041,0,2144,1078,1066
metabolites_unannotated,1.44_340.1415m_z,long_seq,ensemble,2089,1048,1041,0,2144,1078,1066
metabolites_unannotated,1.44_351.1327m_z,long_seq,ensemble,2089,1048,1041,0,2144,1078,1066
metabolites_unannotated,1.44_419.1198m_z,long_seq,ensemble,2089,1048,1041,0,2144,1078,1066
metabolites_unannotated,1.44_422.0458m_z,long_seq,ensemble,2089,1048,1041,0,2144,1078,1066
metabolites_unannotated,1.44_538.1934m_z,long_seq,ensemble,2089,1048,1041,0,2144,1078,1066
metabolites_unannotated,1.45_276.0853m_z,long_seq,ensemble,2089,1048,1041,0,2144,1078,1066
metabolites_unannotated,1.45_317.1251m_z,long_seq,ensemble,2089,1048,1041,0,2144,1078,1066
metabolites_unannotated,1.45_469.1838m_z,long_seq,ensemble,2089,1048,1041,0,2144,1078,1066
metabolites_unannotated,1.45_526.2055m_z,long_seq,ensemble,2089,1048,1041,0,2144,1078,1066
metabolites_unannotated,1.46_241.9769m_z,long_seq,ensemble,2089,1048,1041,0,2144,1078,1066
metabolites_unannotated,1.46_246.0749m_z,long_seq,ensemble,2089,1048,1041,0,2144,1078,1066
metabolites_unannotated,1.46_246.9926m_z,long_seq,ensemble,2089,1048,1041,0,2144,1078,1066
metabolites_unannotated,1.46_277.1194m_z,long_seq,ensemble,2089,1048,1041,0,2144,1078,1066
metabolites_unannotated,1.48_230.0845m_z,long_seq,ensemble,2089,1048,1041,0,2144,1078,1066
metabolites_unannotated,1.48_336.0720m_z,long_seq,ensemble,2089,1048,1041,0,2144,1078,1066
metabolites_unannotated,1.49_181.0509m_z,long_seq,ensemble,2089,1048,1041,0,2144,1078,1066
metabolites_unannotated,1.49_220.9767m_z,long_seq,ensemble,2089,1048,1041,0,2144,1078,1066
metabolites_unannotated,1.49_300.0181m_z,long_seq,ensemble,2089,1048,1041,0,2144,1078,1066
metabolites_unannotated,1.49_310.1156m_z,long_seq,ensemble,2089,1048,1041,0,2144,1078,1066
metabolites_unannotated,1.50_211.0840m_z,long_seq,ensemble,2089,1048,1041,0,2144,1078,1066
metabolites_unannotated,1.50_211.1524m_z,long_seq,ensemble,2089,1048,1041,0,2144,1078,1066
metabolites_unannotated,1.50_269.1141m_z,long_seq,ensemble,2089,1048,1041,0,2144,1078,1066
metabolites_unannotated,1.50_371.0975m_z,long_seq,ensemble,2089,1048,1041,0,2144,1078,1066
metabolites_unannotated,1.51_229.1561m_z,long_seq,ensemble,2089,1048,1041,0,2144,1078,1066
metabolites_unannotated,1.51_324.0723m_z,long_seq,ensemble,2089,1048,1041,0,2144,1078,1066
metabolites_unannotated,1.51_465.1627m_z,long_seq,ensemble,2089,1048,1041,0,2144,1078,1066
metabolites_unannotated,1.53_221.0936m_z,long_seq,ensemble,2089,1048,1041,0,2144,1078,1066
metabolites_unannotated,1.53_221.1634m_z,long_seq,ensemble,2089,1048,1041,0,2144,1078,1066
metabolites_unannotated,1.53_253.1197m_z,long_seq,ensemble,2089,1048,1041,0,2144,1078,1066
metabolites_unannotated,1.53_289.0803m_z,long_seq,ensemble,2089,1048,1041,0,2144,1078,1066
metabolites_unannotated,1.54_227.9976m_z,long_seq,ensemble,2089,1048,1041,0,2144,1078,1066
metabolites_unannotated,1.54_261.0082m_z,long_seq,ensemble,2089,1048,1041,0,2144,1078,1066
metabolites_unannotated,1.54_294.9773m_z,long_seq,ensemble,2089,1048,1041,0,2144,1078,1066
metabolites_unannotated,1.54_336.1199m_z,long_seq,ensemble,2089,1048,1041,0,2144,1078,1066
metabolites_unannotated,1.54_522.1838m_z,long_seq,ensemble,2089,1048,1041,0,2144,1078,1066
metabolites_unannotated,1.55_204.9814m_z,long_seq,ensemble,2089,1048,1041,0,2144,1078,1066
metabolites_unannotated,1.55_245.1138m_z,long_seq,ensemble,2089,1048,1041,0,2144,1078,1066
metabolites_unannotated,1.55_271.0707m_z,long_seq,ensemble,2089,1048,1041,0,2144,1078,1066
metabolites_unannotated,1.55_315.0956m_z,long_seq,ensemble,2089,1048,1041,0,2144,1078,1066
metabolites_unannotated,1.55_411.1273m_z,long_seq,ensemble,2089,1048,1041,0,2144,1078,1066
metabolites_unannotated,1.56_218.9971m_z,long_seq,ensemble,2089,1048,1041,0,2144,1078,1066
metabolites_unannotated,1.56_282.0474m_z,long_seq,ensemble,2089,1048,1041,0,2144,1078,1066
metabolites_unannotated,1.56_383.1452m_z,long_seq,ensemble,2089,1048,1041,0,2144,1078,1066
metabolites_unannotated,1.56_429.2530m_z,long_seq,ensemble,2089,1048,1041,0,2144,1078,1066
metabolites_unannotated,1.57_176.0388m_z,long_seq,ensemble,2089,1048,1041,0,2144,1078,1066
metabolites_unannotated,1.57_242.0132m_z,long_seq,ensemble,2089,1048,1041,0,2144,1078,1066
metabolites_unannotated,1.57_319.1030m_z,long_seq,ensemble,2089,1048,1041,0,2144,1078,1066
metabolites_unannotated,1.57_407.1729m_z,long_seq,ensemble,2089,1048,1041,0,2144,1078,1066
metabolites_unannotated,1.58_203.3982m_z,long_seq,ensemble,2089,1048,1041,0,2144,1078,1066
metabolites_unannotated,1.59_204.9817m_z,long_seq,ensemble,2089,1048,1041,0,2144,1078,1066
metabolites_unannotated,1.59_337.0565m_z,long_seq,ensemble,2089,1048,1041,0,2144,1078,1066
metabolites_unannotated,1.59_429.1549m_z,long_seq,ensemble,2089,1048,1041,0,2144,1078,1066
metabolites_unannotated,1.59_445.1304m_z,long_seq,ensemble,2089,1048,1041,0,2144,1078,1066
metabolites_unannotated,1.59_600.2989m_z,long_seq,ensemble,2089,1048,1041,0,2144,1078,1066
metabolites_unannotated,1.59_655.2252m_z,long_seq,ensemble,2089,1048,1041,0,2144,1078,1066
metabolites_unannotated,1.59_668.1806m_z,long_seq,ensemble,2089,1048,1041,0,2144,1078,1066
metabolites_unannotated,1.60_375.1309m_z,long_seq,ensemble,2089,1048,1041,0,2144,1078,1066
metabolites_unannotated,1.60_465.1628m_z,long_seq,ensemble,2089,1048,1041,0,2144,1078,1066
metabolites_unannotated,1.60_500.0668m_z,long_seq,ensemble,2089,1048,1041,0,2144,1078,1066
metabolites_unannotated,1.61_181.0509m_z,long_seq,ensemble,2089,1048,1041,0,2144,1078,1066
metabolites_unannotated,1.61_246.9923m_z,long_seq,ensemble,2089,1048,1041,0,2144,1078,1066
metabolites_unannotated,1.61_261.0884m_z,long_seq,ensemble,2089,1048,1041,0,2144,1078,1066
metabolites_unannotated,1.61_271.0716m_z,long_seq,ensemble,2089,1048,1041,0,2144,1078,1066
metabolites_unannotated,1.61_279.0990m_z,long_seq,ensemble,2089,1048,1041,0,2144,1078,1066
metabolites_unannotated,1.61_315.0954m_z,long_seq,ensemble,2089,1048,1041,0,2144,1078,1066
metabolites_unannotated,1.61_331.0605m_z,long_seq,ensemble,2089,1048,1041,0,2144,1078,1066
metabolites_unannotated,1.61_339.0655m_z,long_seq,ensemble,2089,1048,1041,0,2144,1078,1066
metabolites_unannotated,1.61_367.0367m_z,long_seq,ensemble,2089,1048,1041,0,2144,1078,1066
metabolites_unannotated,1.61_407.1226m_z,long_seq,ensemble,2089,1048,1041,0,2144,1078,1066
metabolites_unannotated,1.62_181.9923m_z,long_seq,ensemble,2089,1048,1041,0,2144,1078,1066
metabolites_unannotated,1.62_285.0616m_z,long_seq,ensemble,2089,1048,1041,0,2144,1078,1066
metabolites_unannotated,1.62_522.1838m_z,long_seq,ensemble,2089,1048,1041,0,2144,1078,1066
metabolites_unannotated,1.63_188.0355m_z,long_seq,ensemble,2089,1048,1041,0,2144,1078,1066
metabolites_unannotated,1.64_300.0181m_z,long_seq,ensemble,2089,1048,1041,0,2144,1078,1066
metabolites_unannotated,1.64_305.0700m_z,long_seq,ensemble,2089,1048,1041,0,2144,1078,1066
metabolites_unannotated,1.64_408.2140m_z,long_seq,ensemble,2089,1048,1041,0,2144,1078,1066
metabolites_unannotated,1.65_249.0981m_z,long_seq,ensemble,2089,1048,1041,0,2144,1078,1066
metabolites_unannotated,1.65_330.0287m_z,long_seq,ensemble,2089,1048,1041,0,2144,1078,1066
metabolites_unannotated,1.65_357.0843m_z,long_seq,ensemble,2089,1048,1041,0,2144,1078,1066
metabolites_unannotated,1.66_229.1557m_z,long_seq,ensemble,2089,1048,1041,0,2144,1078,1066
metabolites_unannotated,1.66_334.0144n,long_seq,ensemble,2089,1048,1041,0,2144,1078,1066
metabolites_unannotated,1.67_362.0412m_z,long_seq,ensemble,2089,1048,1041,0,2144,1078,1066
metabolites_unannotated,1.68_281.1007m_z,long_seq,ensemble,2089,1048,1041,0,2144,1078,1066
metabolites_unannotated,1.68_336.0723m_z,long_seq,ensemble,2089,1048,1041,0,2144,1078,1066
metabolites_unannotated,1.68_352.0127m_z,long_seq,ensemble,2089,1048,1041,0,2144,1078,1066
metabolites_unannotated,1.68_376.0569m_z,long_seq,ensemble,2089,1048,1041,0,2144,1078,1066
metabolites_unannotated,1.68_446.1001m_z,long_seq,ensemble,2089,1048,1041,0,2144,1078,1066
metabolites_unannotated,1.69_269.1009m_z,long_seq,ensemble,2089,1048,1041,0,2144,1078,1066
metabolites_unannotated,1.70_293.1146m_z,long_seq,ensemble,2089,1048,1041,0,2144,1078,1066
metabolites_unannotated,1.71_269.0668m_z,long_seq,ensemble,2089,1048,1041,0,2144,1078,1066
metabolites_unannotated,1.71_403.1974m_z,long_seq,ensemble,2089,1048,1041,0,2144,1078,1066
metabolites_unannotated,1.72_230.9967m_z,long_seq,ensemble,2089,1048,1041,0,2144,1078,1066
metabolites_unannotated,1.72_300.0183m_z,long_seq,ensemble,2089,1048,1041,0,2144,1078,1066
metabolites_unannotated,1.72_328.1514m_z,long_seq,ensemble,2089,1048,1041,0,2144,1078,1066
metabolites_unannotated,1.72_405.2131m_z,long_seq,ensemble,2089,1048,1041,0,2144,1078,1066
metabolites_unannotated,1.73_273.0078m_z,long_seq,ensemble,2089,1048,1041,0,2144,1078,1066
metabolites_unannotated,1.73_289.0385m_z,long_seq,ensemble,2089,1048,1041,0,2144,1078,1066
metabolites_unannotated,1.74_197.0432m_z,long_seq,ensemble,2089,1048,1041,0,2144,1078,1066
metabolites_unannotated,1.74_242.0131m_z,long_seq,ensemble,2089,1048,1041,0,2144,1078,1066
metabolites_unannotated,1.74_248.0568m_z,long_seq,ensemble,2089,1048,1041,0,2144,1078,1066
metabolites_unannotated,1.74_357.0826m_z,long_seq,ensemble,2089,1048,1041,0,2144,1078,1066
metabolites_unannotated,1.75_297.0734m_z,long_seq,ensemble,2089,1048,1041,0,2144,1078,1066
metabolites_unannotated,1.75_352.0126m_z,long_seq,ensemble,2089,1048,1041,0,2144,1078,1066
metabolites_unannotated,1.75_359.1349m_z,long_seq,ensemble,2089,1048,1041,0,2144,1078,1066
metabolites_unannotated,1.75_362.0413m_z,long_seq,ensemble,2089,1048,1041,0,2144,1078,1066
metabolites_unannotated,1.75_376.0572m_z,long_seq,ensemble,2089,1048,1041,0,2144,1078,1066
metabolites_unannotated,1.76_281.1007m_z,long_seq,ensemble,2089,1048,1041,0,2144,1078,1066
metabolites_unannotated,1.76_281.1799m_z,long_seq,ensemble,2089,1048,1041,0,2144,1078,1066
metabolites_unannotated,1.76_446.1000m_z,long_seq,ensemble,2089,1048,1041,0,2144,1078,1066
metabolites_unannotated,1.78_367.1033m_z,long_seq,ensemble,2089,1048,1041,0,2144,1078,1066
metabolites_unannotated,1.80_197.0432m_z,long_seq,ensemble,2089,1048,1041,0,2144,1078,1066
metabolites_unannotated,1.81_419.1922m_z,long_seq,ensemble,2089,1048,1041,0,2144,1078,1066
metabolites_unannotated,1.81_519.2814m_z,long_seq,ensemble,2089,1048,1041,0,2144,1078,1066
metabolites_unannotated,1.82_160.0403m_z,long_seq,ensemble,2089,1048,1041,0,2144,1078,1066
metabolites_unannotated,1.82_289.0387m_z,long_seq,ensemble,2089,1048,1041,0,2144,1078,1066
metabolites_unannotated,1.82_367.1610m_z,long_seq,ensemble,2089,1048,1041,0,2144,1078,1066
metabolites_unannotated,1.82_925.4506m_z,long_seq,ensemble,2089,1048,1041,0,2144,1078,1066
metabolites_unannotated,1.83_273.0077m_z,long_seq,ensemble,2089,1048,1041,0,2144,1078,1066
metabolites_unannotated,1.83_371.0986m_z,long_seq,ensemble,2089,1048,1041,0,2144,1078,1066
metabolites_unannotated,1.83_401.1812m_z,long_seq,ensemble,2089,1048,1041,0,2144,1078,1066
metabolites_unannotated,1.84_332.1250m_z,long_seq,ensemble,2089,1048,1041,0,2144,1078,1066
metabolites_unannotated,1.84_357.0821m_z,long_seq,ensemble,2089,1048,1041,0,2144,1078,1066
metabolites_unannotated,1.85_227.9978m_z,long_seq,ensemble,2089,1048,1041,0,2144,1078,1066
metabolites_unannotated,1.85_261.1248m_z,long_seq,ensemble,2089,1048,1041,0,2144,1078,1066
metabolites_unannotated,1.85_393.0491m_z,long_seq,ensemble,2089,1048,1041,0,2144,1078,1066
metabolites_unannotated,1.85_405.2133m_z,long_seq,ensemble,2089,1048,1041,0,2144,1078,1066
metabolites_unannotated,1.86_230.9973m_z,long_seq,ensemble,2089,1048,1041,0,2144,1078,1066
metabolites_unannotated,1.86_243.1716m_z,long_seq,ensemble,2089,1048,1041,0,2144,1078,1066
metabolites_unannotated,1.86_261.0880m_z,long_seq,ensemble,2089,1048,1041,0,2144,1078,1066
metabolites_unannotated,1.86_270.9918m_z,long_seq,ensemble,2089,1048,1041,0,2144,1078,1066
metabolites_unannotated,1.86_367.1033m_z,long_seq,ensemble,2089,1048,1041,0,2144,1078,1066
metabolites_unannotated,1.88_1090.4203n,long_seq,ensemble,2089,1048,1041,0,2144,1078,1066
metabolites_unannotated,1.88_241.1193m_z,long_seq,ensemble,2089,1048,1041,0,2144,1078,1066
metabolites_unannotated,1.88_368.9723m_z,long_seq,ensemble,2089,1048,1041,0,2144,1078,1066
metabolites_unannotated,1.90_331.0907m_z,long_seq,ensemble,2089,1048,1041,0,2144,1078,1066
metabolites_unannotated,1.90_527.2150m_z,long_seq,ensemble,2089,1048,1041,0,2144,1078,1066
metabolites_unannotated,1.90_549.1968m_z,long_seq,ensemble,2089,1048,1041,0,2144,1078,1066
metabolites_unannotated,1.91_245.0129m_z,long_seq,ensemble,2089,1048,1041,0,2144,1078,1066
metabolites_unannotated,1.91_245.0935m_z,long_seq,ensemble,2089,1048,1041,0,2144,1078,1066
metabolites_unannotated,1.91_263.3356m_z,long_seq,ensemble,2089,1048,1041,0,2144,1078,1066
metabolites_unannotated,1.91_263.4249m_z,long_seq,ensemble,2089,1048,1041,0,2144,1078,1066
metabolites_unannotated,1.91_363.0292m_z,long_seq,ensemble,2089,1048,1041,0,2144,1078,1066
metabolites_unannotated,1.91_464.1439m_z,long_seq,ensemble,2089,1048,1041,0,2144,1078,1066
metabolites_unannotated,1.92_160.0401m_z,long_seq,ensemble,2089,1048,1041,0,2144,1078,1066
metabolites_unannotated,1.92_379.0915m_z,long_seq,ensemble,2089,1048,1041,0,2144,1078,1066
metabolites_unannotated,1.93_216.9820m_z,long_seq,ensemble,2089,1048,1041,0,2144,1078,1066
metabolites_unannotated,1.93_237.0153m_z,long_seq,ensemble,2089,1048,1041,0,2144,1078,1066
metabolites_unannotated,1.93_298.0010m_z,long_seq,ensemble,2089,1048,1041,0,2144,1078,1066
metabolites_unannotated,1.93_350.6545m_z,long_seq,ensemble,2089,1048,1041,0,2144,1078,1066
metabolites_unannotated,1.94_243.1717m_z,long_seq,ensemble,2089,1048,1041,0,2144,1078,1066
metabolites_unannotated,1.95_203.0025m_z,long_seq,ensemble,2089,1048,1041,0,2144,1078,1066
metabolites_unannotated,1.95_273.0914m_z,long_seq,ensemble,2089,1048,1041,0,2144,1078,1066
metabolites_unannotated,1.96_212.0707m_z,long_seq,ensemble,2089,1048,1041,0,2144,1078,1066
metabolites_unannotated,1.96_212.1336m_z,long_seq,ensemble,2089,1048,1041,0,2144,1078,1066
metabolites_unannotated,1.96_367.1034m_z,long_seq,ensemble,2089,1048,1041,0,2144,1078,1066
metabolites_unannotated,1.96_401.1811m_z,long_seq,ensemble,2089,1048,1041,0,2144,1078,1066
metabolites_unannotated,1.96_446.9941m_z,long_seq,ensemble,2089,1048,1041,0,2144,1078,1066
metabolites_unannotated,1.97_241.1196m_z,long_seq,ensemble,2089,1048,1041,0,2144,1078,1066
metabolites_unannotated,1.98_650.7602m_z,long_seq,ensemble,2089,1048,1041,0,2144,1078,1066
metabolites_unannotated,1.99_230.9973m_z,long_seq,ensemble,2089,1048,1041,0,2144,1078,1066
metabolites_unannotated,1.99_302.1141m_z,long_seq,ensemble,2089,1048,1041,0,2144,1078,1066
metabolites_unannotated,1.99_348.1924m_z,long_seq,ensemble,2089,1048,1041,0,2144,1078,1066
metabolites_unannotated,1.99_393.0497m_z,long_seq,ensemble,2089,1048,1041,0,2144,1078,1066
metabolites_unannotated,1.99_612.7670m_z,long_seq,ensemble,2089,1048,1041,0,2144,1078,1066
metabolites_unannotated,1.99_630.2348m_z,long_seq,ensemble,2089,1048,1041,0,2144,1078,1066
metabolites_unannotated,1.99_630.2870m_z,long_seq,ensemble,2089,1048,1041,0,2144,1078,1066
metabolites_unannotated,1.99_684.7927m_z,long_seq,ensemble,2089,1048,1041,0,2144,1078,1066
metabolites_unannotated,2.02_245.0128m_z,long_seq,ensemble,2089,1048,1041,0,2144,1078,1066
metabolites_unannotated,2.02_383.0445m_z,long_seq,ensemble,2089,1048,1041,0,2144,1078,1066
metabolites_unannotated,2.02_742.3076m_z,long_seq,ensemble,2089,1048,1041,0,2144,1078,1066
metabolites_unannotated,2.02_759.7764m_z,long_seq,ensemble,2089,1048,1041,0,2144,1078,1066
metabolites_unannotated,2.02_781.2870m_z,long_seq,ensemble,2089,1048,1041,0,2144,1078,1066
metabolites_unannotated,2.03_254.0722m_z,long_seq,ensemble,2089,1048,1041,0,2144,1078,1066
metabolites_unannotated,2.03_537.1973m_z,long_seq,ensemble,2089,1048,1041,0,2144,1078,1066
metabolites_unannotated,2.03_753.2971m_z,long_seq,ensemble,2089,1048,1041,0,2144,1078,1066
metabolites_unannotated,2.03_792.2733m_z,long_seq,ensemble,2089,1048,1041,0,2144,1078,1066
metabolites_unannotated,2.04_202.0512m_z,long_seq,ensemble,2089,1048,1041,0,2144,1078,1066
metabolites_unannotated,2.04_367.1033m_z,long_seq,ensemble,2089,1048,1041,0,2144,1078,1066
metabolites_unannotated,2.04_403.1976m_z,long_seq,ensemble,2089,1048,1041,0,2144,1078,1066
metabolites_unannotated,2.04_558.1404n,long_seq,ensemble,2089,1048,1041,0,2144,1078,1066
metabolites_unannotated,2.04_763.3268m_z,long_seq,ensemble,2089,1048,1041,0,2144,1078,1066
metabolites_unannotated,2.05_209.0458m_z,long_seq,ensemble,2089,1048,1041,0,2144,1078,1066
metabolites_unannotated,2.05_279.0987m_z,long_seq,ensemble,2089,1048,1041,0,2144,1078,1066
metabolites_unannotated,2.06_275.1038m_z,long_seq,ensemble,2089,1048,1041,0,2144,1078,1066
metabolites_unannotated,2.07_283.1610m_z,long_seq,ensemble,2089,1048,1041,0,2144,1078,1066
metabolites_unannotated,2.07_351.0693m_z,long_seq,ensemble,2089,1048,1041,0,2144,1078,1066
metabolites_unannotated,2.07_469.2090m_z,long_seq,ensemble,2089,1048,1041,0,2144,1078,1066
metabolites_unannotated,2.07_729.4181m_z,long_seq,ensemble,2089,1048,1041,0,2144,1078,1066
metabolites_unannotated,2.08_241.1192m_z,long_seq,ensemble,2089,1048,1041,0,2144,1078,1066
metabolites_unannotated,2.08_259.1189m_z,long_seq,ensemble,2089,1048,1041,0,2144,1078,1066
metabolites_unannotated,2.08_263.0234m_z,long_seq,ensemble,2089,1048,1041,0,2144,1078,1066
metabolites_unannotated,2.08_436.2199m_z,long_seq,ensemble,2089,1048,1041,0,2144,1078,1066
metabolites_unannotated,2.08_445.1540m_z,long_seq,ensemble,2089,1048,1041,0,2144,1078,1066
metabolites_unannotated,2.08_769.3502m_z,long_seq,ensemble,2089,1048,1041,0,2144,1078,1066
metabolites_unannotated,2.09_203.0029m_z,long_seq,ensemble,2089,1048,1041,0,2144,1078,1066
metabolites_unannotated,2.09_401.1812m_z,long_seq,ensemble,2089,1048,1041,0,2144,1078,1066
metabolites_unannotated,2.09_614.1296n,long_seq,ensemble,2089,1048,1041,0,2144,1078,1066
metabolites_unannotated,2.09_757.8301m_z,long_seq,ensemble,2089,1048,1041,0,2144,1078,1066
metabolites_unannotated,2.09_768.8200m_z,long_seq,ensemble,2089,1048,1041,0,2144,1078,1066
metabolites_unannotated,2.10_277.1559m_z,long_seq,ensemble,2089,1048,1041,0,2144,1078,1066
metabolites_unannotated,2.10_277.2336m_z,long_seq,ensemble,2089,1048,1041,0,2144,1078,1066
metabolites_unannotated,2.10_345.1560m_z,long_seq,ensemble,2089,1048,1041,0,2144,1078,1066
metabolites_unannotated,2.11_359.1339m_z,long_seq,ensemble,2089,1048,1041,0,2144,1078,1066
metabolites_unannotated,2.11_511.2178m_z,long_seq,ensemble,2089,1048,1041,0,2144,1078,1066
metabolites_unannotated,2.11_570.1410n,long_seq,ensemble,2089,1048,1041,0,2144,1078,1066
metabolites_unannotated,2.11_649.2836m_z,long_seq,ensemble,2089,1048,1041,0,2144,1078,1066
metabolites_unannotated,2.12_237.0153m_z,long_seq,ensemble,2089,1048,1041,0,2144,1078,1066
metabolites_unannotated,2.12_270.9910m_z,long_seq,ensemble,2089,1048,1041,0,2144,1078,1066
metabolites_unannotated,2.12_590.2395n,long_seq,ensemble,2089,1048,1041,0,2144,1078,1066
metabolites_unannotated,2.13_383.0442m_z,long_seq,ensemble,2089,1048,1041,0,2144,1078,1066
metabolites_unannotated,2.13_602.0943n,long_seq,ensemble,2089,1048,1041,0,2144,1078,1066
metabolites_unannotated,2.14_243.1353m_z,long_seq,ensemble,2089,1048,1041,0,2144,1078,1066
metabolites_unannotated,2.14_427.1976m_z,long_seq,ensemble,2089,1048,1041,0,2144,1078,1066
metabolites_unannotated,2.14_557.2600m_z,long_seq,ensemble,2089,1048,1041,0,2144,1078,1066
metabolites_unannotated,2.14_599.1431m_z,long_seq,ensemble,2089,1048,1041,0,2144,1078,1066
metabolites_unannotated,2.14_632.3656m_z,long_seq,ensemble,2089,1048,1041,0,2144,1078,1066
metabolites_unannotated,2.15_239.0022m_z,long_seq,ensemble,2089,1048,1041,0,2144,1078,1066
metabolites_unannotated,2.15_280.9933m_z,long_seq,ensemble,2089,1048,1041,0,2144,1078,1066
metabolites_unannotated,2.15_282.9913m_z,long_seq,ensemble,2089,1048,1041,0,2144,1078,1066
metabolites_unannotated,2.15_396.0398m_z,long_seq,ensemble,2089,1048,1041,0,2144,1078,1066
metabolites_unannotated,2.16_244.0050m_z,long_seq,ensemble,2089,1048,1041,0,2144,1078,1066
metabolites_unannotated,2.16_285.0057m_z,long_seq,ensemble,2089,1048,1041,0,2144,1078,1066
metabolites_unannotated,2.16_325.0924m_z,long_seq,ensemble,2089,1048,1041,0,2144,1078,1066
metabolites_unannotated,2.16_493.1711m_z,long_seq,ensemble,2089,1048,1041,0,2144,1078,1066
metabolites_unannotated,2.16_495.2235m_z,long_seq,ensemble,2089,1048,1041,0,2144,1078,1066
metabolites_unannotated,2.16_527.6921m_z,long_seq,ensemble,2089,1048,1041,0,2144,1078,1066
metabolites_unannotated,2.16_617.3145m_z,long_seq,ensemble,2089,1048,1041,0,2144,1078,1066
metabolites_unannotated,2.17_217.1083m_z,long_seq,ensemble,2089,1048,1041,0,2144,1078,1066
metabolites_unannotated,2.17_251.0129m_z,long_seq,ensemble,2089,1048,1041,0,2144,1078,1066
metabolites_unannotated,2.17_311.3919m_z,long_seq,ensemble,2089,1048,1041,0,2144,1078,1066
metabolites_unannotated,2.17_337.0385m_z,long_seq,ensemble,2089,1048,1041,0,2144,1078,1066
metabolites_unannotated,2.17_393.1431m_z,long_seq,ensemble,2089,1048,1041,0,2144,1078,1066
metabolites_unannotated,2.17_411.0660m_z,long_seq,ensemble,2089,1048,1041,0,2144,1078,1066
metabolites_unannotated,2.17_413.1818m_z,long_seq,ensemble,2089,1048,1041,0,2144,1078,1066
metabolites_unannotated,2.17_507.1868m_z,long_seq,ensemble,2089,1048,1041,0,2144,1078,1066
metabolites_unannotated,2.17_521.1664m_z,long_seq,ensemble,2089,1048,1041,0,2144,1078,1066
metabolites_unannotated,2.18_277.0024m_z,long_seq,ensemble,2089,1048,1041,0,2144,1078,1066
metabolites_unannotated,2.18_379.1278m_z,long_seq,ensemble,2089,1048,1041,0,2144,1078,1066
metabolites_unannotated,2.18_688.7841m_z,long_seq,ensemble,2089,1048,1041,0,2144,1078,1066
metabolites_unannotated,2.18_699.7737m_z,long_seq,ensemble,2089,1048,1041,0,2144,1078,1066
metabolites_unannotated,2.19_297.0073m_z,long_seq,ensemble,2089,1048,1041,0,2144,1078,1066
metabolites_unannotated,2.19_319.0492m_z,long_seq,ensemble,2089,1048,1041,0,2144,1078,1066
metabolites_unannotated,2.19_369.0832m_z,long_seq,ensemble,2089,1048,1041,0,2144,1078,1066
metabolites_unannotated,2.19_401.1804m_z,long_seq,ensemble,2089,1048,1041,0,2144,1078,1066
metabolites_unannotated,2.19_465.0709m_z,long_seq,ensemble,2089,1048,1041,0,2144,1078,1066
metabolites_unannotated,2.19_595.8661m_z,long_seq,ensemble,2089,1048,1041,0,2144,1078,1066
metabolites_unannotated,2.19_606.7430m_z,long_seq,ensemble,2089,1048,1041,0,2144,1078,1066
metabolites_unannotated,2.19_828.3298n,long_seq,ensemble,2089,1048,1041,0,2144,1078,1066
metabolites_unannotated,2.20_209.0459m_z,long_seq,ensemble,2089,1048,1041,0,2144,1078,1066
metabolites_unannotated,2.20_245.0496m_z,long_seq,ensemble,2089,1048,1041,0,2144,1078,1066
metabolites_unannotated,2.20_245.1222m_z,long_seq,ensemble,2089,1048,1041,0,2144,1078,1066
metabolites_unannotated,2.20_280.0969m_z,long_seq,ensemble,2089,1048,1041,0,2144,1078,1066
metabolites_unannotated,2.20_375.1290m_z,long_seq,ensemble,2089,1048,1041,0,2144,1078,1066
metabolites_unannotated,2.20_397.0969m_z,long_seq,ensemble,2089,1048,1041,0,2144,1078,1066
metabolites_unannotated,2.20_403.1973m_z,long_seq,ensemble,2089,1048,1041,0,2144,1078,1066
metabolites_unannotated,2.20_429.1595m_z,long_seq,ensemble,2089,1048,1041,0,2144,1078,1066
metabolites_unannotated,2.20_429.2567m_z,long_seq,ensemble,2089,1048,1041,0,2144,1078,1066
metabolites_unannotated,2.20_463.2198m_z,long_seq,ensemble,2089,1048,1041,0,2144,1078,1066
metabolites_unannotated,2.20_491.1558m_z,long_seq,ensemble,2089,1048,1041,0,2144,1078,1066
metabolites_unannotated,2.20_920.4244n,long_seq,ensemble,2089,1048,1041,0,2144,1078,1066
metabolites_unannotated,2.21_1049.4676n,long_seq,ensemble,2089,1048,1041,0,2144,1078,1066
metabolites_unannotated,2.21_1106.4885n,long_seq,ensemble,2089,1048,1041,0,2144,1078,1066
metabolites_unannotated,2.21_288.1123m_z,long_seq,ensemble,2089,1048,1041,0,2144,1078,1066
metabolites_unannotated,2.21_459.1505m_z,long_seq,ensemble,2089,1048,1041,0,2144,1078,1066
metabolites_unannotated,2.21_523.8319m_z,long_seq,ensemble,2089,1048,1041,0,2144,1078,1066
metabolites_unannotated,2.22_1128.4370n,long_seq,ensemble,2089,1048,1041,0,2144,1078,1066
metabolites_unannotated,2.22_439.1613m_z,long_seq,ensemble,2089,1048,1041,0,2144,1078,1066
metabolites_unannotated,2.22_449.2043m_z,long_seq,ensemble,2089,1048,1041,0,2144,1078,1066
metabolites_unannotated,2.22_569.1331m_z,long_seq,ensemble,2089,1048,1041,0,2144,1078,1066
metabolites_unannotated,2.22_664.2565m_z,long_seq,ensemble,2089,1048,1041,0,2144,1078,1066
metabolites_unannotated,2.22_703.2310m_z,long_seq,ensemble,2089,1048,1041,0,2144,1078,1066
metabolites_unannotated,2.24_123.0452m_z,long_seq,ensemble,2089,1048,1041,0,2144,1078,1066
metabolites_unannotated,2.24_274.0150m_z,long_seq,ensemble,2089,1048,1041,0,2144,1078,1066
metabolites_unannotated,2.24_863.4035n,long_seq,ensemble,2089,1048,1041,0,2144,1078,1066
metabolites_unannotated,2.25_554.1089n,long_seq,ensemble,2089,1048,1041,0,2144,1078,1066
metabolites_unannotated,2.26_232.0594m_z,long_seq,ensemble,2089,1048,1041,0,2144,1078,1066
metabolites_unannotated,2.26_363.0755m_z,long_seq,ensemble,2089,1048,1041,0,2144,1078,1066
metabolites_unannotated,2.26_451.0916m_z,long_seq,ensemble,2089,1048,1041,0,2144,1078,1066
metabolites_unannotated,2.27_195.0665m_z,long_seq,ensemble,2089,1048,1041,0,2144,1078,1066
metabolites_unannotated,2.27_217.1082m_z,long_seq,ensemble,2089,1048,1041,0,2144,1078,1066
metabolites_unannotated,2.27_261.0076m_z,long_seq,ensemble,2089,1048,1041,0,2144,1078,1066
metabolites_unannotated,2.27_361.1502m_z,long_seq,ensemble,2089,1048,1041,0,2144,1078,1066
metabolites_unannotated,2.27_453.0861m_z,long_seq,ensemble,2089,1048,1041,0,2144,1078,1066
metabolites_unannotated,2.27_453.0861m_z_2,long_seq,ensemble,2089,1048,1041,0,2144,1078,1066
metabolites_unannotated,2.27_970.3669n,long_seq,ensemble,2089,1048,1041,0,2144,1078,1066
metabolites_unannotated,2.28_175.0246m_z,long_seq,ensemble,2089,1048,1041,0,2144,1078,1066
metabolites_unannotated,2.28_245.0129m_z,long_seq,ensemble,2089,1048,1041,0,2144,1078,1066
metabolites_unannotated,2.29_317.0332m_z,long_seq,ensemble,2089,1048,1041,0,2144,1078,1066
metabolites_unannotated,2.29_569.1333m_z,long_seq,ensemble,2089,1048,1041,0,2144,1078,1066
metabolites_unannotated,2.30_187.2785m_z,long_seq,ensemble,2089,1048,1041,0,2144,1078,1066
metabolites_unannotated,2.30_397.0039m_z,long_seq,ensemble,2089,1048,1041,0,2144,1078,1066
metabolites_unannotated,2.30_439.0706m_z,long_seq,ensemble,2089,1048,1041,0,2144,1078,1066
metabolites_unannotated,2.30_679.7784m_z,long_seq,ensemble,2089,1048,1041,0,2144,1078,1066
metabolites_unannotated,2.31_615.1027m_z,long_seq,ensemble,2089,1048,1041,0,2144,1078,1066
metabolites_unannotated,2.32_439.0706m_z,long_seq,ensemble,2089,1048,1041,0,2144,1078,1066
metabolites_unannotated,2.33_217.0176m_z,long_seq,ensemble,2089,1048,1041,0,2144,1078,1066
metabolites_unannotated,2.34_273.0075m_z,long_seq,ensemble,2089,1048,1041,0,2144,1078,1066
metabolites_unannotated,2.34_306.9916m_z,long_seq,ensemble,2089,1048,1041,0,2144,1078,1066
metabolites_unannotated,2.34_361.1504m_z,long_seq,ensemble,2089,1048,1041,0,2144,1078,1066
metabolites_unannotated,2.35_245.0932m_z,long_seq,ensemble,2089,1048,1041,0,2144,1078,1066
metabolites_unannotated,2.35_275.1035m_z,long_seq,ensemble,2089,1048,1041,0,2144,1078,1066
metabolites_unannotated,2.35_339.0541m_z,long_seq,ensemble,2089,1048,1041,0,2144,1078,1066
metabolites_unannotated,2.35_431.1747m_z,long_seq,ensemble,2089,1048,1041,0,2144,1078,1066
metabolites_unannotated,2.35_505.1446m_z,long_seq,ensemble,2089,1048,1041,0,2144,1078,1066
metabolites_unannotated,2.35_519.1508m_z,long_seq,ensemble,2089,1048,1041,0,2144,1078,1066
metabolites_unannotated,2.35_672.2433m_z,long_seq,ensemble,2089,1048,1041,0,2144,1078,1066
metabolites_unannotated,2.35_856.3247n,long_seq,ensemble,2089,1048,1041,0,2144,1078,1066
metabolites_unannotated,2.36_289.0384m_z,long_seq,ensemble,2089,1048,1041,0,2144,1078,1066
metabolites_unannotated,2.37_123.0449m_z,long_seq,ensemble,2089,1048,1041,0,2144,1078,1066
metabolites_unannotated,2.37_237.0330m_z,long_seq,ensemble,2089,1048,1041,0,2144,1078,1066
metabolites_unannotated,2.37_275.0234m_z,long_seq,ensemble,2089,1048,1041,0,2144,1078,1066
metabolites_unannotated,2.37_281.1041m_z,long_seq,ensemble,2089,1048,1041,0,2144,1078,1066
metabolites_unannotated,2.37_283.0283m_z,long_seq,ensemble,2089,1048,1041,0,2144,1078,1066
metabolites_unannotated,2.37_453.0861m_z,long_seq,ensemble,2089,1048,1041,0,2144,1078,1066
metabolites_unannotated,2.38_175.0248m_z,long_seq,ensemble,2089,1048,1041,0,2144,1078,1066
metabolites_unannotated,2.38_211.1666m_z,long_seq,ensemble,2089,1048,1041,0,2144,1078,1066
metabolites_unannotated,2.38_255.0883m_z,long_seq,ensemble,2089,1048,1041,0,2144,1078,1066
metabolites_unannotated,2.38_255.1620m_z,long_seq,ensemble,2089,1048,1041,0,2144,1078,1066
metabolites_unannotated,2.38_355.0128m_z,long_seq,ensemble,2089,1048,1041,0,2144,1078,1066
metabolites_unannotated,2.38_447.2055m_z,long_seq,ensemble,2089,1048,1041,0,2144,1078,1066
metabolites_unannotated,2.38_546.2135n,long_seq,ensemble,2089,1048,1041,0,2144,1078,1066
metabolites_unannotated,2.40_195.0664m_z,long_seq,ensemble,2089,1048,1041,0,2144,1078,1066
metabolites_unannotated,2.40_250.9024m_z,long_seq,ensemble,2089,1048,1041,0,2144,1078,1066
metabolites_unannotated,2.40_252.9003m_z,long_seq,ensemble,2089,1048,1041,0,2144,1078,1066
metabolites_unannotated,2.40_254.0129m_z,long_seq,ensemble,2089,1048,1041,0,2144,1078,1066
metabolites_unannotated,2.40_497.2035m_z,long_seq,ensemble,2089,1048,1041,0,2144,1078,1066
metabolites_unannotated,2.40_696.8936m_z,long_seq,ensemble,2089,1048,1041,0,2144,1078,1066
metabolites_unannotated,2.40_697.0062m_z,long_seq,ensemble,2089,1048,1041,0,2144,1078,1066
metabolites_unannotated,2.41_273.0439m_z,long_seq,ensemble,2089,1048,1041,0,2144,1078,1066
metabolites_unannotated,2.41_317.0331m_z,long_seq,ensemble,2089,1048,1041,0,2144,1078,1066
metabolites_unannotated,2.41_485.1664m_z,long_seq,ensemble,2089,1048,1041,0,2144,1078,1066
metabolites_unannotated,2.41_526.2124m_z,long_seq,ensemble,2089,1048,1041,0,2144,1078,1066
metabolites_unannotated,2.43_440.0750n,long_seq,ensemble,2089,1048,1041,0,2144,1078,1066
metabolites_unannotated,2.44_197.0822m_z,long_seq,ensemble,2089,1048,1041,0,2144,1078,1066
metabolites_unannotated,2.44_309.0992m_z,long_seq,ensemble,2089,1048,1041,0,2144,1078,1066
metabolites_unannotated,2.44_449.2024m_z,long_seq,ensemble,2089,1048,1041,0,2144,1078,1066
metabolites_unannotated,2.45_385.1697m_z,long_seq,ensemble,2089,1048,1041,0,2144,1078,1066
metabolites_unannotated,2.45_489.1399m_z,long_seq,ensemble,2089,1048,1041,0,2144,1078,1066
metabolites_unannotated,2.45_509.2386m_z,long_seq,ensemble,2089,1048,1041,0,2144,1078,1066
metabolites_unannotated,2.46_221.0096m_z,long_seq,ensemble,2089,1048,1041,0,2144,1078,1066
metabolites_unannotated,2.46_241.1082m_z,long_seq,ensemble,2089,1048,1041,0,2144,1078,1066
metabolites_unannotated,2.46_245.0495m_z,long_seq,ensemble,2089,1048,1041,0,2144,1078,1066
metabolites_unannotated,2.47_405.1772m_z,long_seq,ensemble,2089,1048,1041,0,2144,1078,1066
metabolites_unannotated,2.47_543.2807m_z,long_seq,ensemble,2089,1048,1041,0,2144,1078,1066
metabolites_unannotated,2.47_604.2318m_z,long_seq,ensemble,2089,1048,1041,0,2144,1078,1066
metabolites_unannotated,2.48_226.0189m_z,long_seq,ensemble,2089,1048,1041,0,2144,1078,1066
metabolites_unannotated,2.48_273.1071m_z,long_seq,ensemble,2089,1048,1041,0,2144,1078,1066
metabolites_unannotated,2.48_387.0727m_z,long_seq,ensemble,2089,1048,1041,0,2144,1078,1066
metabolites_unannotated,2.48_495.2227m_z,long_seq,ensemble,2089,1048,1041,0,2144,1078,1066
metabolites_unannotated,2.48_617.8522m_z,long_seq,ensemble,2089,1048,1041,0,2144,1078,1066
metabolites_unannotated,2.48_619.5233m_z,long_seq,ensemble,2089,1048,1041,0,2144,1078,1066
metabolites_unannotated,2.48_628.7274m_z,long_seq,ensemble,2089,1048,1041,0,2144,1078,1066
metabolites_unannotated,2.50_345.1568m_z,long_seq,ensemble,2089,1048,1041,0,2144,1078,1066
metabolites_unannotated,2.50_387.1847m_z,long_seq,ensemble,2089,1048,1041,0,2144,1078,1066
metabolites_unannotated,2.51_160.0767m_z,long_seq,ensemble,2089,1048,1041,0,2144,1078,1066
metabolites_unannotated,2.51_204.0668m_z,long_seq,ensemble,2089,1048,1041,0,2144,1078,1066
metabolites_unannotated,2.51_453.0853m_z,long_seq,ensemble,2089,1048,1041,0,2144,1078,1066
metabolites_unannotated,2.53_337.0386m_z,long_seq,ensemble,2089,1048,1041,0,2144,1078,1066
metabolites_unannotated,2.53_365.0876m_z,long_seq,ensemble,2089,1048,1041,0,2144,1078,1066
metabolites_unannotated,2.53_401.2006m_z,long_seq,ensemble,2089,1048,1041,0,2144,1078,1066
metabolites_unannotated,2.53_437.1088m_z,long_seq,ensemble,2089,1048,1041,0,2144,1078,1066
metabolites_unannotated,2.53_445.1901m_z,long_seq,ensemble,2089,1048,1041,0,2144,1078,1066
metabolites_unannotated,2.54_343.0852m_z,long_seq,ensemble,2089,1048,1041,0,2144,1078,1066
metabolites_unannotated,2.54_439.1607m_z,long_seq,ensemble,2089,1048,1041,0,2144,1078,1066
metabolites_unannotated,2.55_1003.9725m_z,long_seq,ensemble,2089,1048,1041,0,2144,1078,1066
metabolites_unannotated,2.55_427.1600m_z,long_seq,ensemble,2089,1048,1041,0,2144,1078,1066
metabolites_unannotated,2.56_1052.4080n,long_seq,ensemble,2089,1048,1041,0,2144,1078,1066
metabolites_unannotated,2.56_195.0667m_z,long_seq,ensemble,2089,1048,1041,0,2144,1078,1066
metabolites_unannotated,2.56_206.9532m_z,long_seq,ensemble,2089,1048,1041,0,2144,1078,1066
metabolites_unannotated,2.56_281.1041m_z,long_seq,ensemble,2089,1048,1041,0,2144,1078,1066
metabolites_unannotated,2.56_377.1816m_z,long_seq,ensemble,2089,1048,1041,0,2144,1078,1066
metabolites_unannotated,2.56_393.0653m_z,long_seq,ensemble,2089,1048,1041,0,2144,1078,1066
metabolites_unannotated,2.57_351.1635m_z,long_seq,ensemble,2089,1048,1041,0,2144,1078,1066
metabolites_unannotated,2.57_527.2857m_z,long_seq,ensemble,2089,1048,1041,0,2144,1078,1066
metabolites_unannotated,2.58_245.1396m_z,long_seq,ensemble,2089,1048,1041,0,2144,1078,1066
metabolites_unannotated,2.58_269.1509m_z,long_seq,ensemble,2089,1048,1041,0,2144,1078,1066
metabolites_unannotated,2.59_232.9951m_z,long_seq,ensemble,2089,1048,1041,0,2144,1078,1066
metabolites_unannotated,2.59_241.0731m_z,long_seq,ensemble,2089,1048,1041,0,2144,1078,1066
metabolites_unannotated,2.59_259.0287m_z,long_seq,ensemble,2089,1048,1041,0,2144,1078,1066
metabolites_unannotated,2.59_293.0125m_z,long_seq,ensemble,2089,1048,1041,0,2144,1078,1066
metabolites_unannotated,2.59_601.2922n,long_seq,ensemble,2089,1048,1041,0,2144,1078,1066
metabolites_unannotated,2.59_657.2761m_z,long_seq,ensemble,2089,1048,1041,0,2144,1078,1066
metabolites_unannotated,2.60_229.0181m_z,long_seq,ensemble,2089,1048,1041,0,2144,1078,1066
metabolites_unannotated,2.60_531.2806m_z,long_seq,ensemble,2089,1048,1041,0,2144,1078,1066
metabolites_unannotated,2.60_541.3745m_z,long_seq,ensemble,2089,1048,1041,0,2144,1078,1066
metabolites_unannotated,2.60_609.2518m_z,long_seq,ensemble,2089,1048,1041,0,2144,1078,1066
metabolites_unannotated,2.61_255.1141m_z,long_seq,ensemble,2089,1048,1041,0,2144,1078,1066
metabolites_unannotated,2.61_379.1220m_z,long_seq,ensemble,2089,1048,1041,0,2144,1078,1066
metabolites_unannotated,2.61_379.1222m_z,long_seq,ensemble,2089,1048,1041,0,2144,1078,1066
metabolites_unannotated,2.61_423.0759m_z,long_seq,ensemble,2089,1048,1041,0,2144,1078,1066
metabolites_unannotated,2.61_574.2442n,long_seq,ensemble,2089,1048,1041,0,2144,1078,1066
metabolites_unannotated,2.61_583.2943m_z,long_seq,ensemble,2089,1048,1041,0,2144,1078,1066
metabolites_unannotated,2.62_389.0917m_z,long_seq,ensemble,2089,1048,1041,0,2144,1078,1066
metabolites_unannotated,2.62_393.1018m_z,long_seq,ensemble,2089,1048,1041,0,2144,1078,1066
metabolites_unannotated,2.62_399.1847m_z,long_seq,ensemble,2089,1048,1041,0,2144,1078,1066
metabolites_unannotated,2.62_494.1484m_z,long_seq,ensemble,2089,1048,1041,0,2144,1078,1066
metabolites_unannotated,2.62_562.2085n,long_seq,ensemble,2089,1048,1041,0,2144,1078,1066
metabolites_unannotated,2.63_329.0695m_z,long_seq,ensemble,2089,1048,1041,0,2144,1078,1066
metabolites_unannotated,2.63_429.1953m_z,long_seq,ensemble,2089,1048,1041,0,2144,1078,1066
metabolites_unannotated,2.64_234.1248m_z,long_seq,ensemble,2089,1048,1041,0,2144,1078,1066
metabolites_unannotated,2.64_287.0591m_z,long_seq,ensemble,2089,1048,1041,0,2144,1078,1066
metabolites_unannotated,2.64_334.6406m_z,long_seq,ensemble,2089,1048,1041,0,2144,1078,1066
metabolites_unannotated,2.64_347.1709m_z,long_seq,ensemble,2089,1048,1041,0,2144,1078,1066
metabolites_unannotated,2.64_349.2021m_z,long_seq,ensemble,2089,1048,1041,0,2144,1078,1066
metabolites_unannotated,2.64_427.1608m_z,long_seq,ensemble,2089,1048,1041,0,2144,1078,1066
metabolites_unannotated,2.64_480.2960m_z,long_seq,ensemble,2089,1048,1041,0,2144,1078,1066
metabolites_unannotated,2.64_549.1611m_z,long_seq,ensemble,2089,1048,1041,0,2144,1078,1066
metabolites_unannotated,2.65_547.2756m_z,long_seq,ensemble,2089,1048,1041,0,2144,1078,1066
metabolites_unannotated,2.65_635.6525m_z,long_seq,ensemble,2089,1048,1041,0,2144,1078,1066
metabolites_unannotated,2.66_245.0129m_z,long_seq,ensemble,2089,1048,1041,0,2144,1078,1066
metabolites_unannotated,2.66_321.0439m_z,long_seq,ensemble,2089,1048,1041,0,2144,1078,1066
metabolites_unannotated,2.66_433.1146m_z,long_seq,ensemble,2089,1048,1041,0,2144,1078,1066
metabolites_unannotated,2.66_437.0916m_z,long_seq,ensemble,2089,1048,1041,0,2144,1078,1066
metabolites_unannotated,2.66_537.2329m_z,long_seq,ensemble,2089,1048,1041,0,2144,1078,1066
metabolites_unannotated,2.66_548.2293n,long_seq,ensemble,2089,1048,1041,0,2144,1078,1066
metabolites_unannotated,2.67_193.0510m_z,long_seq,ensemble,2089,1048,1041,0,2144,1078,1066
metabolites_unannotated,2.67_203.1290m_z,long_seq,ensemble,2089,1048,1041,0,2144,1078,1066
metabolites_unannotated,2.67_349.0023m_z,long_seq,ensemble,2089,1048,1041,0,2144,1078,1066
metabolites_unannotated,2.67_509.2391m_z,long_seq,ensemble,2089,1048,1041,0,2144,1078,1066
metabolites_unannotated,2.67_539.5830m_z,long_seq,ensemble,2089,1048,1041,0,2144,1078,1066
metabolites_unannotated,2.67_553.2836m_z,long_seq,ensemble,2089,1048,1041,0,2144,1078,1066
metabolites_unannotated,2.67_673.3134n,long_seq,ensemble,2089,1048,1041,0,2144,1078,1066
metabolites_unannotated,2.68_517.2051m_z,long_seq,ensemble,2089,1048,1041,0,2144,1078,1066
metabolites_unannotated,2.68_534.1132m_z,long_seq,ensemble,2089,1048,1041,0,2144,1078,1066
metabolites_unannotated,2.68_539.3581m_z,long_seq,ensemble,2089,1048,1041,0,2144,1078,1066
metabolites_unannotated,2.68_583.1126m_z,long_seq,ensemble,2089,1048,1041,0,2144,1078,1066
metabolites_unannotated,2.68_607.2364m_z,long_seq,ensemble,2089,1048,1041,0,2144,1078,1066
metabolites_unannotated,2.68_639.1743m_z,long_seq,ensemble,2089,1048,1041,0,2144,1078,1066
metabolites_unannotated,2.69_232.0599m_z,long_seq,ensemble,2089,1048,1041,0,2144,1078,1066
metabolites_unannotated,2.69_279.1067m_z,long_seq,ensemble,2089,1048,1041,0,2144,1078,1066
metabolites_unannotated,2.69_294.0940m_z,long_seq,ensemble,2089,1048,1041,0,2144,1078,1066
metabolites_unannotated,2.69_319.1914m_z,long_seq,ensemble,2089,1048,1041,0,2144,1078,1066
metabolites_unannotated,2.69_377.1812m_z,long_seq,ensemble,2089,1048,1041,0,2144,1078,1066
metabolites_unannotated,2.69_379.1220m_z,long_seq,ensemble,2089,1048,1041,0,2144,1078,1066
metabolites_unannotated,2.69_389.2180m_z,long_seq,ensemble,2089,1048,1041,0,2144,1078,1066
metabolites_unannotated,2.69_399.1844m_z,long_seq,ensemble,2089,1048,1041,0,2144,1078,1066
metabolites_unannotated,2.69_413.1645m_z,long_seq,ensemble,2089,1048,1041,0,2144,1078,1066
metabolites_unannotated,2.69_431.2288m_z,long_seq,ensemble,2089,1048,1041,0,2144,1078,1066
metabolites_unannotated,2.69_507.2081m_z,long_seq,ensemble,2089,1048,1041,0,2144,1078,1066
metabolites_unannotated,2.70_287.1495m_z,long_seq,ensemble,2089,1048,1041,0,2144,1078,1066
metabolites_unannotated,2.70_380.1293n,long_seq,ensemble,2089,1048,1041,0,2144,1078,1066
metabolites_unannotated,2.70_439.1613m_z,long_seq,ensemble,2089,1048,1041,0,2144,1078,1066
metabolites_unannotated,2.70_523.2196m_z,long_seq,ensemble,2089,1048,1041,0,2144,1078,1066
metabolites_unannotated,2.70_527.2857m_z,long_seq,ensemble,2089,1048,1041,0,2144,1078,1066
metabolites_unannotated,2.70_562.2105n,long_seq,ensemble,2089,1048,1041,0,2144,1078,1066
metabolites_unannotated,2.71_477.2338m_z,long_seq,ensemble,2089,1048,1041,0,2144,1078,1066
metabolites_unannotated,2.72_203.1291m_z,long_seq,ensemble,2089,1048,1041,0,2144,1078,1066
metabolites_unannotated,2.72_273.1705m_z,long_seq,ensemble,2089,1048,1041,0,2144,1078,1066
metabolites_unannotated,2.72_285.0435m_z,long_seq,ensemble,2089,1048,1041,0,2144,1078,1066
metabolites_unannotated,2.72_387.1852m_z,long_seq,ensemble,2089,1048,1041,0,2144,1078,1066
metabolites_unannotated,2.72_443.1746m_z,long_seq,ensemble,2089,1048,1041,0,2144,1078,1066
metabolites_unannotated,2.72_452.1927m_z,long_seq,ensemble,2089,1048,1041,0,2144,1078,1066
metabolites_unannotated,2.72_563.1766m_z,long_seq,ensemble,2089,1048,1041,0,2144,1078,1066
metabolites_unannotated,2.73_273.0441m_z,long_seq,ensemble,2089,1048,1041,0,2144,1078,1066
metabolites_unannotated,2.73_423.2021m_z,long_seq,ensemble,2089,1048,1041,0,2144,1078,1066
metabolites_unannotated,2.74_145.0871m_z,long_seq,ensemble,2089,1048,1041,0,2144,1078,1066
metabolites_unannotated,2.74_511.2541m_z,long_seq,ensemble,2089,1048,1041,0,2144,1078,1066
metabolites_unannotated,2.74_523.2540m_z,long_seq,ensemble,2089,1048,1041,0,2144,1078,1066
metabolites_unannotated,2.74_543.2805m_z,long_seq,ensemble,2089,1048,1041,0,2144,1078,1066
metabolites_unannotated,2.74_583.3121m_z,long_seq,ensemble,2089,1048,1041,0,2144,1078,1066
metabolites_unannotated,2.74_675.3272n,long_seq,ensemble,2089,1048,1041,0,2144,1078,1066
metabolites_unannotated,2.75_201.2253m_z,long_seq,ensemble,2089,1048,1041,0,2144,1078,1066
metabolites_unannotated,2.75_209.0825m_z,long_seq,ensemble,2089,1048,1041,0,2144,1078,1066
metabolites_unannotated,2.75_245.0496m_z,long_seq,ensemble,2089,1048,1041,0,2144,1078,1066
metabolites_unannotated,2.75_255.1147m_z,long_seq,ensemble,2089,1048,1041,0,2144,1078,1066
metabolites_unannotated,2.75_273.1071m_z,long_seq,ensemble,2089,1048,1041,0,2144,1078,1066
metabolites_unannotated,2.75_427.1429m_z,long_seq,ensemble,2089,1048,1041,0,2144,1078,1066
metabolites_unannotated,2.75_515.2869m_z,long_seq,ensemble,2089,1048,1041,0,2144,1078,1066
metabolites_unannotated,2.75_548.3072m_z,long_seq,ensemble,2089,1048,1041,0,2144,1078,1066
metabolites_unannotated,2.76_269.1506m_z,long_seq,ensemble,2089,1048,1041,0,2144,1078,1066
metabolites_unannotated,2.76_343.0858m_z,long_seq,ensemble,2089,1048,1041,0,2144,1078,1066
metabolites_unannotated,2.76_403.1038m_z,long_seq,ensemble,2089,1048,1041,0,2144,1078,1066
metabolites_unannotated,2.76_409.2231m_z,long_seq,ensemble,2089,1048,1041,0,2144,1078,1066
metabolites_unannotated,2.76_425.1643m_z,long_seq,ensemble,2089,1048,1041,0,2144,1078,1066
metabolites_unannotated,2.76_483.2590m_z,long_seq,ensemble,2089,1048,1041,0,2144,1078,1066
metabolites_unannotated,2.77_193.0507m_z,long_seq,ensemble,2089,1048,1041,0,2144,1078,1066
metabolites_unannotated,2.77_214.9354m_z,long_seq,ensemble,2089,1048,1041,0,2144,1078,1066
metabolites_unannotated,2.77_216.9325m_z,long_seq,ensemble,2089,1048,1041,0,2144,1078,1066
metabolites_unannotated,2.77_259.0282m_z,long_seq,ensemble,2089,1048,1041,0,2144,1078,1066
metabolites_unannotated,2.77_295.1198m_z,long_seq,ensemble,2089,1048,1041,0,2144,1078,1066
metabolites_unannotated,2.77_351.1632m_z,long_seq,ensemble,2089,1048,1041,0,2144,1078,1066
metabolites_unannotated,2.77_462.1772m_z,long_seq,ensemble,2089,1048,1041,0,2144,1078,1066
metabolites_unannotated,2.77_462.2778m_z,long_seq,ensemble,2089,1048,1041,0,2144,1078,1066
metabolites_unannotated,2.77_505.1459m_z,long_seq,ensemble,2089,1048,1041,0,2144,1078,1066
metabolites_unannotated,2.77_509.2751m_z,long_seq,ensemble,2089,1048,1041,0,2144,1078,1066
metabolites_unannotated,2.77_553.2835m_z,long_seq,ensemble,2089,1048,1041,0,2144,1078,1066
metabolites_unannotated,2.78_176.0718m_z,long_seq,ensemble,2089,1048,1041,0,2144,1078,1066
metabolites_unannotated,2.78_401.2006m_z,long_seq,ensemble,2089,1048,1041,0,2144,1078,1066
metabolites_unannotated,2.78_407.2077m_z,long_seq,ensemble,2089,1048,1041,0,2144,1078,1066
metabolites_unannotated,2.78_413.2008m_z,long_seq,ensemble,2089,1048,1041,0,2144,1078,1066
metabolites_unannotated,2.78_525.2705m_z,long_seq,ensemble,2089,1048,1041,0,2144,1078,1066
metabolites_unannotated,2.78_562.2863m_z,long_seq,ensemble,2089,1048,1041,0,2144,1078,1066
metabolites_unannotated,2.79_415.1798m_z,long_seq,ensemble,2089,1048,1041,0,2144,1078,1066
metabolites_unannotated,2.80_253.0178m_z,long_seq,ensemble,2089,1048,1041,0,2144,1078,1066
metabolites_unannotated,2.80_337.0386m_z,long_seq,ensemble,2089,1048,1041,0,2144,1078,1066
metabolites_unannotated,2.80_383.4341m_z,long_seq,ensemble,2089,1048,1041,0,2144,1078,1066
metabolites_unannotated,2.80_383.5408m_z,long_seq,ensemble,2089,1048,1041,0,2144,1078,1066
metabolites_unannotated,2.80_384.2525m_z,long_seq,ensemble,2089,1048,1041,0,2144,1078,1066
metabolites_unannotated,2.80_384.4403m_z,long_seq,ensemble,2089,1048,1041,0,2144,1078,1066
metabolites_unannotated,2.80_433.2082m_z,long_seq,ensemble,2089,1048,1041,0,2144,1078,1066
metabolites_unannotated,2.80_443.1746m_z,long_seq,ensemble,2089,1048,1041,0,2144,1078,1066
metabolites_unannotated,2.81_335.6491m_z,long_seq,ensemble,2089,1048,1041,0,2144,1078,1066
metabolites_unannotated,2.81_511.2542m_z,long_seq,ensemble,2089,1048,1041,0,2144,1078,1066
metabolites_unannotated,2.82_213.1135m_z,long_seq,ensemble,2089,1048,1041,0,2144,1078,1066
metabolites_unannotated,2.82_262.6966m_z,long_seq,ensemble,2089,1048,1041,0,2144,1078,1066
metabolites_unannotated,2.82_523.2541m_z,long_seq,ensemble,2089,1048,1041,0,2144,1078,1066
metabolites_unannotated,2.82_527.2558n,long_seq,ensemble,2089,1048,1041,0,2144,1078,1066
metabolites_unannotated,2.82_582.3278m_z,long_seq,ensemble,2089,1048,1041,0,2144,1078,1066
metabolites_unannotated,2.82_769.3889n,long_seq,ensemble,2089,1048,1041,0,2144,1078,1066
metabolites_unannotated,2.83_409.2234m_z,long_seq,ensemble,2089,1048,1041,0,2144,1078,1066
metabolites_unannotated,2.83_493.2283m_z,long_seq,ensemble,2089,1048,1041,0,2144,1078,1066
metabolites_unannotated,2.83_583.2558m_z,long_seq,ensemble,2089,1048,1041,0,2144,1078,1066
metabolites_unannotated,2.84_341.0698m_z,long_seq,ensemble,2089,1048,1041,0,2144,1078,1066
metabolites_unannotated,2.84_476.1551m_z,long_seq,ensemble,2089,1048,1041,0,2144,1078,1066
metabolites_unannotated,2.84_479.2285m_z,long_seq,ensemble,2089,1048,1041,0,2144,1078,1066
metabolites_unannotated,2.84_505.1458m_z,long_seq,ensemble,2089,1048,1041,0,2144,1078,1066
metabolites_unannotated,2.84_583.2942m_z,long_seq,ensemble,2089,1048,1041,0,2144,1078,1066
metabolites_unannotated,2.85_241.0177m_z,long_seq,ensemble,2089,1048,1041,0,2144,1078,1066
metabolites_unannotated,2.85_272.0991m_z,long_seq,ensemble,2089,1048,1041,0,2144,1078,1066
metabolites_unannotated,2.85_273.0448m_z,long_seq,ensemble,2089,1048,1041,0,2144,1078,1066
metabolites_unannotated,2.85_313.1184m_z,long_seq,ensemble,2089,1048,1041,0,2144,1078,1066
metabolites_unannotated,2.85_429.1952m_z,long_seq,ensemble,2089,1048,1041,0,2144,1078,1066
metabolites_unannotated,2.85_541.2655m_z,long_seq,ensemble,2089,1048,1041,0,2144,1078,1066
metabolites_unannotated,2.85_541.3755m_z,long_seq,ensemble,2089,1048,1041,0,2144,1078,1066
metabolites_unannotated,2.86_273.1070m_z,long_seq,ensemble,2089,1048,1041,0,2144,1078,1066
metabolites_unannotated,2.86_411.1484m_z,long_seq,ensemble,2089,1048,1041,0,2144,1078,1066
metabolites_unannotated,2.86_412.2104m_z,long_seq,ensemble,2089,1048,1041,0,2144,1078,1066
metabolites_unannotated,2.86_609.2518m_z,long_seq,ensemble,2089,1048,1041,0,2144,1078,1066
metabolites_unannotated,2.87_399.1851m_z,long_seq,ensemble,2089,1048,1041,0,2144,1078,1066
metabolites_unannotated,2.87_547.2757m_z,long_seq,ensemble,2089,1048,1041,0,2144,1078,1066
metabolites_unannotated,2.87_548.2278n,long_seq,ensemble,2089,1048,1041,0,2144,1078,1066
metabolites_unannotated,2.87_553.1023m_z,long_seq,ensemble,2089,1048,1041,0,2144,1078,1066
metabolites_unannotated,2.87_657.3179n,long_seq,ensemble,2089,1048,1041,0,2144,1078,1066
metabolites_unannotated,2.87_691.3233n,long_seq,ensemble,2089,1048,1041,0,2144,1078,1066
metabolites_unannotated,2.88_275.0233m_z,long_seq,ensemble,2089,1048,1041,0,2144,1078,1066
metabolites_unannotated,2.88_331.1293m_z,long_seq,ensemble,2089,1048,1041,0,2144,1078,1066
metabolites_unannotated,2.88_520.1641m_z,long_seq,ensemble,2089,1048,1041,0,2144,1078,1066
metabolites_unannotated,2.88_539.2499m_z,long_seq,ensemble,2089,1048,1041,0,2144,1078,1066
metabolites_unannotated,2.88_568.2953m_z,long_seq,ensemble,2089,1048,1041,0,2144,1078,1066
metabolites_unannotated,2.88_599.1073m_z,long_seq,ensemble,2089,1048,1041,0,2144,1078,1066
metabolites_unannotated,2.89_183.0665m_z,long_seq,ensemble,2089,1048,1041,0,2144,1078,1066
metabolites_unannotated,2.89_413.1652m_z,long_seq,ensemble,2089,1048,1041,0,2144,1078,1066
metabolites_unannotated,2.89_479.2651m_z,long_seq,ensemble,2089,1048,1041,0,2144,1078,1066
metabolites_unannotated,2.89_481.2054m_z,long_seq,ensemble,2089,1048,1041,0,2144,1078,1066
metabolites_unannotated,2.89_515.2857m_z,long_seq,ensemble,2089,1048,1041,0,2144,1078,1066
metabolites_unannotated,2.90_201.1136m_z,long_seq,ensemble,2089,1048,1041,0,2144,1078,1066
metabolites_unannotated,2.90_213.0234m_z,long_seq,ensemble,2089,1048,1041,0,2144,1078,1066
metabolites_unannotated,2.90_273.1707m_z,long_seq,ensemble,2089,1048,1041,0,2144,1078,1066
metabolites_unannotated,2.90_283.1171m_z,long_seq,ensemble,2089,1048,1041,0,2144,1078,1066
metabolites_unannotated,2.90_351.2171m_z,long_seq,ensemble,2089,1048,1041,0,2144,1078,1066
metabolites_unannotated,2.90_497.2747m_z,long_seq,ensemble,2089,1048,1041,0,2144,1078,1066
metabolites_unannotated,2.90_507.1632m_z,long_seq,ensemble,2089,1048,1041,0,2144,1078,1066
metabolites_unannotated,2.91_415.1795m_z,long_seq,ensemble,2089,1048,1041,0,2144,1078,1066
metabolites_unannotated,2.91_433.2076m_z,long_seq,ensemble,2089,1048,1041,0,2144,1078,1066
metabolites_unannotated,2.91_511.2906m_z,long_seq,ensemble,2089,1048,1041,0,2144,1078,1066
metabolites_unannotated,2.91_546.2135n,long_seq,ensemble,2089,1048,1041,0,2144,1078,1066
metabolites_unannotated,2.92_391.1975m_z,long_seq,ensemble,2089,1048,1041,0,2144,1078,1066
metabolites_unannotated,2.93_215.0378m_z,long_seq,ensemble,2089,1048,1041,0,2144,1078,1066
metabolites_unannotated,2.93_323.0039m_z,long_seq,ensemble,2089,1048,1041,0,2144,1078,1066
metabolites_unannotated,2.93_325.0016m_z,long_seq,ensemble,2089,1048,1041,0,2144,1078,1066
metabolites_unannotated,2.93_387.1851m_z,long_seq,ensemble,2089,1048,1041,0,2144,1078,1066
metabolites_unannotated,2.93_423.1883m_z,long_seq,ensemble,2089,1048,1041,0,2144,1078,1066
metabolites_unannotated,2.93_428.1872n,long_seq,ensemble,2089,1048,1041,0,2144,1078,1066
metabolites_unannotated,2.94_218.0826m_z,long_seq,ensemble,2089,1048,1041,0,2144,1078,1066
metabolites_unannotated,2.94_317.1602m_z,long_seq,ensemble,2089,1048,1041,0,2144,1078,1066
metabolites_unannotated,2.94_358.1507m_z,long_seq,ensemble,2089,1048,1041,0,2144,1078,1066
metabolites_unannotated,2.95_213.1133m_z,long_seq,ensemble,2089,1048,1041,0,2144,1078,1066
metabolites_unannotated,2.95_319.1221m_z,long_seq,ensemble,2089,1048,1041,0,2144,1078,1066
metabolites_unannotated,2.95_475.1969m_z,long_seq,ensemble,2089,1048,1041,0,2144,1078,1066
metabolites_unannotated,2.95_595.3228m_z,long_seq,ensemble,2089,1048,1041,0,2144,1078,1066
metabolites_unannotated,2.96_225.1134m_z,long_seq,ensemble,2089,1048,1041,0,2144,1078,1066
metabolites_unannotated,2.96_337.0384m_z,long_seq,ensemble,2089,1048,1041,0,2144,1078,1066
metabolites_unannotated,2.96_353.1619m_z,long_seq,ensemble,2089,1048,1041,0,2144,1078,1066
metabolites_unannotated,2.96_401.2001m_z,long_seq,ensemble,2089,1048,1041,0,2144,1078,1066
metabolites_unannotated,2.96_427.1944m_z,long_seq,ensemble,2089,1048,1041,0,2144,1078,1066
metabolites_unannotated,2.96_545.1303m_z,long_seq,ensemble,2089,1048,1041,0,2144,1078,1066
metabolites_unannotated,2.96_553.2838m_z,long_seq,ensemble,2089,1048,1041,0,2144,1078,1066
metabolites_unannotated,2.96_629.3538m_z,long_seq,ensemble,2089,1048,1041,0,2144,1078,1066
metabolites_unannotated,2.97_248.1402m_z,long_seq,ensemble,2089,1048,1041,0,2144,1078,1066
metabolites_unannotated,2.97_325.1291m_z,long_seq,ensemble,2089,1048,1041,0,2144,1078,1066
metabolites_unannotated,2.97_411.1853m_z,long_seq,ensemble,2089,1048,1041,0,2144,1078,1066
metabolites_unannotated,2.97_517.3020m_z,long_seq,ensemble,2089,1048,1041,0,2144,1078,1066
metabolites_unannotated,2.97_532.2887n,long_seq,ensemble,2089,1048,1041,0,2144,1078,1066
metabolites_unannotated,2.97_533.1304m_z,long_seq,ensemble,2089,1048,1041,0,2144,1078,1066
metabolites_unannotated,2.97_567.1908m_z,long_seq,ensemble,2089,1048,1041,0,2144,1078,1066
metabolites_unannotated,2.98_210.9476m_z,long_seq,ensemble,2089,1048,1041,0,2144,1078,1066
metabolites_unannotated,2.98_354.1016m_z,long_seq,ensemble,2089,1048,1041,0,2144,1078,1066
metabolites_unannotated,2.98_476.1560m_z,long_seq,ensemble,2089,1048,1041,0,2144,1078,1066
metabolites_unannotated,2.98_479.2286m_z,long_seq,ensemble,2089,1048,1041,0,2144,1078,1066
metabolites_unannotated,2.98_511.2547m_z,long_seq,ensemble,2089,1048,1041,0,2144,1078,1066
metabolites_unannotated,2.99_269.1390m_z,long_seq,ensemble,2089,1048,1041,0,2144,1078,1066
metabolites_unannotated,2.99_289.0390m_z,long_seq,ensemble,2089,1048,1041,0,2144,1078,1066
metabolites_unannotated,2.99_349.2017m_z,long_seq,ensemble,2089,1048,1041,0,2144,1078,1066
metabolites_unannotated,2.99_433.2079m_z,long_seq,ensemble,2089,1048,1041,0,2144,1078,1066
metabolites_unannotated,2.99_453.0498m_z,long_seq,ensemble,2089,1048,1041,0,2144,1078,1066
metabolites_unannotated,2.99_474.1762m_z,long_seq,ensemble,2089,1048,1041,0,2144,1078,1066
metabolites_unannotated,2.99_509.2380m_z,long_seq,ensemble,2089,1048,1041,0,2144,1078,1066
metabolites_unannotated,2.99_526.2480m_z,long_seq,ensemble,2089,1048,1041,0,2144,1078,1066
metabolites_unannotated,2.99_527.2136m_z,long_seq,ensemble,2089,1048,1041,0,2144,1078,1066
metabolites_unannotated,2.99_641.3408n,long_seq,ensemble,2089,1048,1041,0,2144,1078,1066
metabolites_unannotated,2.99_826.4354n,long_seq,ensemble,2089,1048,1041,0,2144,1078,1066
metabolites_unannotated,3.01_176.0717m_z,long_seq,ensemble,2089,1048,1041,0,2144,1078,1066
metabolites_unannotated,3.01_269.0128m_z,long_seq,ensemble,2089,1048,1041,0,2144,1078,1066
metabolites_unannotated,3.01_304.1221m_z,long_seq,ensemble,2089,1048,1041,0,2144,1078,1066
metabolites_unannotated,3.01_375.1353m_z,long_seq,ensemble,2089,1048,1041,0,2144,1078,1066
metabolites_unannotated,3.01_399.1330m_z,long_seq,ensemble,2089,1048,1041,0,2144,1078,1066
metabolites_unannotated,3.02_204.0668m_z,long_seq,ensemble,2089,1048,1041,0,2144,1078,1066
metabolites_unannotated,3.02_263.7042m_z,long_seq,ensemble,2089,1048,1041,0,2144,1078,1066
metabolites_unannotated,3.02_264.0338m_z,long_seq,ensemble,2089,1048,1041,0,2144,1078,1066
metabolites_unannotated,3.02_275.0231m_z,long_seq,ensemble,2089,1048,1041,0,2144,1078,1066
metabolites_unannotated,3.02_281.9772m_z,long_seq,ensemble,2089,1048,1041,0,2144,1078,1066
metabolites_unannotated,3.02_283.0279m_z,long_seq,ensemble,2089,1048,1041,0,2144,1078,1066
metabolites_unannotated,3.02_283.9751m_z,long_seq,ensemble,2089,1048,1041,0,2144,1078,1066
metabolites_unannotated,3.02_381.1379m_z,long_seq,ensemble,2089,1048,1041,0,2144,1078,1066
metabolites_unannotated,3.02_509.2747m_z,long_seq,ensemble,2089,1048,1041,0,2144,1078,1066
metabolites_unannotated,3.02_515.2852m_z,long_seq,ensemble,2089,1048,1041,0,2144,1078,1066
metabolites_unannotated,3.03_273.1706m_z,long_seq,ensemble,2089,1048,1041,0,2144,1078,1066
metabolites_unannotated,3.03_429.1950m_z,long_seq,ensemble,2089,1048,1041,0,2144,1078,1066
metabolites_unannotated,3.03_493.2439m_z,long_seq,ensemble,2089,1048,1041,0,2144,1078,1066
metabolites_unannotated,3.03_550.2807m_z,long_seq,ensemble,2089,1048,1041,0,2144,1078,1066
metabolites_unannotated,3.03_643.3691m_z,long_seq,ensemble,2089,1048,1041,0,2144,1078,1066
metabolites_unannotated,3.04_213.1135m_z,long_seq,ensemble,2089,1048,1041,0,2144,1078,1066
metabolites_unannotated,3.04_301.1803m_z,long_seq,ensemble,2089,1048,1041,0,2144,1078,1066
metabolites_unannotated,3.04_307.0282m_z,long_seq,ensemble,2089,1048,1041,0,2144,1078,1066
metabolites_unannotated,3.04_359.1860m_z,long_seq,ensemble,2089,1048,1041,0,2144,1078,1066
metabolites_unannotated,3.04_405.1925m_z,long_seq,ensemble,2089,1048,1041,0,2144,1078,1066
metabolites_unannotated,3.04_407.2082m_z,long_seq,ensemble,2089,1048,1041,0,2144,1078,1066
metabolites_unannotated,3.04_409.2142m_z,long_seq,ensemble,2089,1048,1041,0,2144,1078,1066
metabolites_unannotated,3.04_421.2237m_z,long_seq,ensemble,2089,1048,1041,0,2144,1078,1066
metabolites_unannotated,3.04_451.2341m_z,long_seq,ensemble,2089,1048,1041,0,2144,1078,1066
metabolites_unannotated,3.04_465.2468m_z,long_seq,ensemble,2089,1048,1041,0,2144,1078,1066
metabolites_unannotated,3.04_479.1376m_z,long_seq,ensemble,2089,1048,1041,0,2144,1078,1066
metabolites_unannotated,3.04_505.2073m_z,long_seq,ensemble,2089,1048,1041,0,2144,1078,1066
metabolites_unannotated,3.04_523.2541m_z,long_seq,ensemble,2089,1048,1041,0,2144,1078,1066
metabolites_unannotated,3.05_255.1147m_z,long_seq,ensemble,2089,1048,1041,0,2144,1078,1066
metabolites_unannotated,3.05_283.1184m_z,long_seq,ensemble,2089,1048,1041,0,2144,1078,1066
metabolites_unannotated,3.05_323.0228m_z,long_seq,ensemble,2089,1048,1041,0,2144,1078,1066
metabolites_unannotated,3.05_535.1819m_z,long_seq,ensemble,2089,1048,1041,0,2144,1078,1066
metabolites_unannotated,3.05_581.2604m_z,long_seq,ensemble,2089,1048,1041,0,2144,1078,1066
metabolites_unannotated,3.06_287.0236m_z,long_seq,ensemble,2089,1048,1041,0,2144,1078,1066
metabolites_unannotated,3.06_366.1016m_z,long_seq,ensemble,2089,1048,1041,0,2144,1078,1066
metabolites_unannotated,3.06_402.2139m_z,long_seq,ensemble,2089,1048,1041,0,2144,1078,1066
metabolites_unannotated,3.06_474.1764m_z,long_seq,ensemble,2089,1048,1041,0,2144,1078,1066
metabolites_unannotated,3.06_505.2654m_z,long_seq,ensemble,2089,1048,1041,0,2144,1078,1066
metabolites_unannotated,3.06_507.2231m_z,long_seq,ensemble,2089,1048,1041,0,2144,1078,1066
metabolites_unannotated,3.06_511.2542m_z,long_seq,ensemble,2089,1048,1041,0,2144,1078,1066
metabolites_unannotated,3.06_521.2028m_z,long_seq,ensemble,2089,1048,1041,0,2144,1078,1066
metabolites_unannotated,3.06_523.2186m_z,long_seq,ensemble,2089,1048,1041,0,2144,1078,1066
metabolites_unannotated,3.06_569.0974m_z,long_seq,ensemble,2089,1048,1041,0,2144,1078,1066
metabolites_unannotated,3.07_249.1133m_z,long_seq,ensemble,2089,1048,1041,0,2144,1078,1066
metabolites_unannotated,3.07_463.2328m_z,long_seq,ensemble,2089,1048,1041,0,2144,1078,1066
metabolites_unannotated,3.08_190.0510m_z,long_seq,ensemble,2089,1048,1041,0,2144,1078,1066
metabolites_unannotated,3.08_257.0129m_z,long_seq,ensemble,2089,1048,1041,0,2144,1078,1066
metabolites_unannotated,3.08_259.1031m_z,long_seq,ensemble,2089,1048,1041,0,2144,1078,1066
metabolites_unannotated,3.08_337.0387m_z,long_seq,ensemble,2089,1048,1041,0,2144,1078,1066
metabolites_unannotated,3.08_352.0862m_z,long_seq,ensemble,2089,1048,1041,0,2144,1078,1066
metabolites_unannotated,3.08_369.2637m_z,long_seq,ensemble,2089,1048,1041,0,2144,1078,1066
metabolites_unannotated,3.08_369.4495m_z,long_seq,ensemble,2089,1048,1041,0,2144,1078,1066
metabolites_unannotated,3.08_369.5543m_z,long_seq,ensemble,2089,1048,1041,0,2144,1078,1066
metabolites_unannotated,3.08_413.2015m_z,long_seq,ensemble,2089,1048,1041,0,2144,1078,1066
metabolites_unannotated,3.08_413.4918m_z,long_seq,ensemble,2089,1048,1041,0,2144,1078,1066
metabolites_unannotated,3.08_413.6026m_z,long_seq,ensemble,2089,1048,1041,0,2144,1078,1066
metabolites_unannotated,3.08_433.2080m_z,long_seq,ensemble,2089,1048,1041,0,2144,1078,1066
metabolites_unannotated,3.08_526.2485m_z,long_seq,ensemble,2089,1048,1041,0,2144,1078,1066
metabolites_unannotated,3.08_547.1460m_z,long_seq,ensemble,2089,1048,1041,0,2144,1078,1066
metabolites_unannotated,3.09_169.1235m_z,long_seq,ensemble,2089,1048,1041,0,2144,1078,1066
metabolites_unannotated,3.09_183.1029m_z,long_seq,ensemble,2089,1048,1041,0,2144,1078,1066
metabolites_unannotated,3.09_231.0338m_z,long_seq,ensemble,2089,1048,1041,0,2144,1078,1066
metabolites_unannotated,3.09_351.2167m_z,long_seq,ensemble,2089,1048,1041,0,2144,1078,1066
metabolites_unannotated,3.09_464.1941m_z,long_seq,ensemble,2089,1048,1041,0,2144,1078,1066
metabolites_unannotated,3.09_481.1873m_z,long_seq,ensemble,2089,1048,1041,0,2144,1078,1066
metabolites_unannotated,3.09_548.2293n,long_seq,ensemble,2089,1048,1041,0,2144,1078,1066
metabolites_unannotated,3.10_215.0385m_z,long_seq,ensemble,2089,1048,1041,0,2144,1078,1066
metabolites_unannotated,3.10_254.9960m_z,long_seq,ensemble,2089,1048,1041,0,2144,1078,1066
metabolites_unannotated,3.10_415.1980m_z,long_seq,ensemble,2089,1048,1041,0,2144,1078,1066
metabolites_unannotated,3.10_545.2653n,long_seq,ensemble,2089,1048,1041,0,2144,1078,1066
metabolites_unannotated,3.10_568.2950m_z,long_seq,ensemble,2089,1048,1041,0,2144,1078,1066
metabolites_unannotated,3.10_643.3690m_z,long_seq,ensemble,2089,1048,1041,0,2144,1078,1066
metabolites_unannotated,3.10_690.3280n,long_seq,ensemble,2089,1048,1041,0,2144,1078,1066
metabolites_unannotated,3.11_197.1184m_z,long_seq,ensemble,2089,1048,1041,0,2144,1078,1066
metabolites_unannotated,3.11_200.1295m_z,long_seq,ensemble,2089,1048,1041,0,2144,1078,1066
metabolites_unannotated,3.11_220.0980m_z,long_seq,ensemble,2089,1048,1041,0,2144,1078,1066
metabolites_unannotated,3.11_227.0390m_z,long_seq,ensemble,2089,1048,1041,0,2144,1078,1066
metabolites_unannotated,3.11_359.0807m_z,long_seq,ensemble,2089,1048,1041,0,2144,1078,1066
metabolites_unannotated,3.11_453.0498m_z,long_seq,ensemble,2089,1048,1041,0,2144,1078,1066
metabolites_unannotated,3.11_611.3429m_z,long_seq,ensemble,2089,1048,1041,0,2144,1078,1066
metabolites_unannotated,3.12_262.6205m_z,long_seq,ensemble,2089,1048,1041,0,2144,1078,1066
metabolites_unannotated,3.12_269.1388m_z,long_seq,ensemble,2089,1048,1041,0,2144,1078,1066
metabolites_unannotated,3.12_452.3016m_z,long_seq,ensemble,2089,1048,1041,0,2144,1078,1066
metabolites_unannotated,3.13_249.0229m_z,long_seq,ensemble,2089,1048,1041,0,2144,1078,1066
metabolites_unannotated,3.13_277.0211m_z,long_seq,ensemble,2089,1048,1041,0,2144,1078,1066
metabolites_unannotated,3.13_305.1602m_z,long_seq,ensemble,2089,1048,1041,0,2144,1078,1066
metabolites_unannotated,3.13_352.0859m_z,long_seq,ensemble,2089,1048,1041,0,2144,1078,1066
metabolites_unannotated,3.13_411.2388m_z,long_seq,ensemble,2089,1048,1041,0,2144,1078,1066
metabolites_unannotated,3.13_507.2793m_z,long_seq,ensemble,2089,1048,1041,0,2144,1078,1066
metabolites_unannotated,3.13_599.2503m_z,long_seq,ensemble,2089,1048,1041,0,2144,1078,1066
metabolites_unannotated,3.14_337.1422m_z,long_seq,ensemble,2089,1048,1041,0,2144,1078,1066
metabolites_unannotated,3.14_379.1222m_z,long_seq,ensemble,2089,1048,1041,0,2144,1078,1066
metabolites_unannotated,3.14_607.3353n,long_seq,ensemble,2089,1048,1041,0,2144,1078,1066
metabolites_unannotated,3.15_303.1271m_z,long_seq,ensemble,2089,1048,1041,0,2144,1078,1066
metabolites_unannotated,3.15_397.1696m_z,long_seq,ensemble,2089,1048,1041,0,2144,1078,1066
metabolites_unannotated,3.15_429.1957m_z,long_seq,ensemble,2089,1048,1041,0,2144,1078,1066
metabolites_unannotated,3.15_507.2230m_z,long_seq,ensemble,2089,1048,1041,0,2144,1078,1066
metabolites_unannotated,3.16_209.0824m_z,long_seq,ensemble,2089,1048,1041,0,2144,1078,1066
metabolites_unannotated,3.16_215.0386m_z,long_seq,ensemble,2089,1048,1041,0,2144,1078,1066
metabolites_unannotated,3.16_248.1403m_z,long_seq,ensemble,2089,1048,1041,0,2144,1078,1066
metabolites_unannotated,3.16_263.7041m_z,long_seq,ensemble,2089,1048,1041,0,2144,1078,1066
metabolites_unannotated,3.16_319.1912m_z,long_seq,ensemble,2089,1048,1041,0,2144,1078,1066
metabolites_unannotated,3.16_583.3123m_z,long_seq,ensemble,2089,1048,1041,0,2144,1078,1066
metabolites_unannotated,3.17_207.1024m_z,long_seq,ensemble,2089,1048,1041,0,2144,1078,1066
metabolites_unannotated,3.17_253.1085m_z,long_seq,ensemble,2089,1048,1041,0,2144,1078,1066
metabolites_unannotated,3.17_253.1832m_z,long_seq,ensemble,2089,1048,1041,0,2144,1078,1066
metabolites_unannotated,3.17_383.1535m_z,long_seq,ensemble,2089,1048,1041,0,2144,1078,1066
metabolites_unannotated,3.17_385.1330m_z,long_seq,ensemble,2089,1048,1041,0,2144,1078,1066
metabolites_unannotated,3.17_385.2062m_z,long_seq,ensemble,2089,1048,1041,0,2144,1078,1066
metabolites_unannotated,3.17_481.2082m_z,long_seq,ensemble,2089,1048,1041,0,2144,1078,1066
metabolites_unannotated,3.17_553.2832m_z,long_seq,ensemble,2089,1048,1041,0,2144,1078,1066
metabolites_unannotated,3.17_581.2790m_z,long_seq,ensemble,2089,1048,1041,0,2144,1078,1066
metabolites_unannotated,3.17_583.2561m_z,long_seq,ensemble,2089,1048,1041,0,2144,1078,1066
metabolites_unannotated,3.18_181.0871m_z,long_seq,ensemble,2089,1048,1041,0,2144,1078,1066
metabolites_unannotated,3.18_353.1615m_z,long_seq,ensemble,2089,1048,1041,0,2144,1078,1066
metabolites_unannotated,3.18_415.2157m_z,long_seq,ensemble,2089,1048,1041,0,2144,1078,1066
metabolites_unannotated,3.18_474.1763m_z,long_seq,ensemble,2089,1048,1041,0,2144,1078,1066
metabolites_unannotated,3.18_567.3000m_z,long_seq,ensemble,2089,1048,1041,0,2144,1078,1066
metabolites_unannotated,3.18_700.3492n,long_seq,ensemble,2089,1048,1041,0,2144,1078,1066
metabolites_unannotated,3.19_255.0334m_z,long_seq,ensemble,2089,1048,1041,0,2144,1078,1066
metabolites_unannotated,3.19_289.0386m_z,long_seq,ensemble,2089,1048,1041,0,2144,1078,1066
metabolites_unannotated,3.19_371.1901m_z,long_seq,ensemble,2089,1048,1041,0,2144,1078,1066
metabolites_unannotated,3.19_409.2234m_z,long_seq,ensemble,2089,1048,1041,0,2144,1078,1066
metabolites_unannotated,3.19_462.2859m_z,long_seq,ensemble,2089,1048,1041,0,2144,1078,1066
metabolites_unannotated,3.19_491.2278m_z,long_seq,ensemble,2089,1048,1041,0,2144,1078,1066
metabolites_unannotated,3.19_526.2482m_z,long_seq,ensemble,2089,1048,1041,0,2144,1078,1066
metabolites_unannotated,3.19_531.2808m_z,long_seq,ensemble,2089,1048,1041,0,2144,1078,1066
metabolites_unannotated,3.20_409.1899m_z,long_seq,ensemble,2089,1048,1041,0,2144,1078,1066
metabolites_unannotated,3.20_435.0761m_z,long_seq,ensemble,2089,1048,1041,0,2144,1078,1066
metabolites_unannotated,3.20_553.2290m_z,long_seq,ensemble,2089,1048,1041,0,2144,1078,1066
metabolites_unannotated,3.21_195.0663m_z,long_seq,ensemble,2089,1048,1041,0,2144,1078,1066
metabolites_unannotated,3.21_269.0125m_z,long_seq,ensemble,2089,1048,1041,0,2144,1078,1066
metabolites_unannotated,3.21_305.1867m_z,long_seq,ensemble,2089,1048,1041,0,2144,1078,1066
metabolites_unannotated,3.21_313.1174m_z,long_seq,ensemble,2089,1048,1041,0,2144,1078,1066
metabolites_unannotated,3.21_333.2075m_z,long_seq,ensemble,2089,1048,1041,0,2144,1078,1066
metabolites_unannotated,3.21_334.2989m_z,long_seq,ensemble,2089,1048,1041,0,2144,1078,1066
metabolites_unannotated,3.21_341.1031m_z,long_seq,ensemble,2089,1048,1041,0,2144,1078,1066
metabolites_unannotated,3.21_357.0617m_z,long_seq,ensemble,2089,1048,1041,0,2144,1078,1066
metabolites_unannotated,3.21_401.1944m_z,long_seq,ensemble,2089,1048,1041,0,2144,1078,1066
metabolites_unannotated,3.21_411.1850m_z,long_seq,ensemble,2089,1048,1041,0,2144,1078,1066
metabolites_unannotated,3.21_421.0628m_z,long_seq,ensemble,2089,1048,1041,0,2144,1078,1066
metabolites_unannotated,3.21_421.1563m_z,long_seq,ensemble,2089,1048,1041,0,2144,1078,1066
metabolites_unannotated,3.21_421.3530m_z,long_seq,ensemble,2089,1048,1041,0,2144,1078,1066
metabolites_unannotated,3.21_421.4661m_z,long_seq,ensemble,2089,1048,1041,0,2144,1078,1066
metabolites_unannotated,3.21_423.3603m_z,long_seq,ensemble,2089,1048,1041,0,2144,1078,1066
metabolites_unannotated,3.21_465.2488m_z,long_seq,ensemble,2089,1048,1041,0,2144,1078,1066
metabolites_unannotated,3.21_555.2703n,long_seq,ensemble,2089,1048,1041,0,2144,1078,1066
metabolites_unannotated,3.21_563.2857m_z,long_seq,ensemble,2089,1048,1041,0,2144,1078,1066
metabolites_unannotated,3.21_599.2508m_z,long_seq,ensemble,2089,1048,1041,0,2144,1078,1066
metabolites_unannotated,3.22_225.1133m_z,long_seq,ensemble,2089,1048,1041,0,2144,1078,1066
metabolites_unannotated,3.22_337.1420m_z,long_seq,ensemble,2089,1048,1041,0,2144,1078,1066
metabolites_unannotated,3.22_395.1537m_z,long_seq,ensemble,2089,1048,1041,0,2144,1078,1066
metabolites_unannotated,3.22_489.0470m_z,long_seq,ensemble,2089,1048,1041,0,2144,1078,1066
metabolites_unannotated,3.22_509.2387m_z,long_seq,ensemble,2089,1048,1041,0,2144,1078,1066
metabolites_unannotated,3.22_660.3421m_z,long_seq,ensemble,2089,1048,1041,0,2144,1078,1066
metabolites_unannotated,3.23_285.0072m_z,long_seq,ensemble,2089,1048,1041,0,2144,1078,1066
metabolites_unannotated,3.23_352.0862m_z,long_seq,ensemble,2089,1048,1041,0,2144,1078,1066
metabolites_unannotated,3.24_345.2284m_z,long_seq,ensemble,2089,1048,1041,0,2144,1078,1066
metabolites_unannotated,3.24_383.1893m_z,long_seq,ensemble,2089,1048,1041,0,2144,1078,1066
metabolites_unannotated,3.24_495.2594m_z,long_seq,ensemble,2089,1048,1041,0,2144,1078,1066
metabolites_unannotated,3.24_690.3281n,long_seq,ensemble,2089,1048,1041,0,2144,1078,1066
metabolites_unannotated,3.24_715.3594n,long_seq,ensemble,2089,1048,1041,0,2144,1078,1066
metabolites_unannotated,3.25_206.9439m_z,long_seq,ensemble,2089,1048,1041,0,2144,1078,1066
metabolites_unannotated,3.25_239.1293m_z,long_seq,ensemble,2089,1048,1041,0,2144,1078,1066
metabolites_unannotated,3.25_379.1977m_z,long_seq,ensemble,2089,1048,1041,0,2144,1078,1066
metabolites_unannotated,3.25_411.2393m_z,long_seq,ensemble,2089,1048,1041,0,2144,1078,1066
metabolites_unannotated,3.25_498.2891m_z,long_seq,ensemble,2089,1048,1041,0,2144,1078,1066
metabolites_unannotated,3.25_547.1825m_z,long_seq,ensemble,2089,1048,1041,0,2144,1078,1066
metabolites_unannotated,3.25_611.3424m_z,long_seq,ensemble,2089,1048,1041,0,2144,1078,1066
metabolites_unannotated,3.26_350.0698m_z,long_seq,ensemble,2089,1048,1041,0,2144,1078,1066
metabolites_unannotated,3.26_431.1380m_z,long_seq,ensemble,2089,1048,1041,0,2144,1078,1066
metabolites_unannotated,3.26_493.2441m_z,long_seq,ensemble,2089,1048,1041,0,2144,1078,1066
metabolites_unannotated,3.27_223.0979m_z,long_seq,ensemble,2089,1048,1041,0,2144,1078,1066
metabolites_unannotated,3.27_263.0024m_z,long_seq,ensemble,2089,1048,1041,0,2144,1078,1066
metabolites_unannotated,3.27_295.1310m_z,long_seq,ensemble,2089,1048,1041,0,2144,1078,1066
metabolites_unannotated,3.27_323.0222m_z,long_seq,ensemble,2089,1048,1041,0,2144,1078,1066
metabolites_unannotated,3.27_509.2742m_z,long_seq,ensemble,2089,1048,1041,0,2144,1078,1066
metabolites_unannotated,3.27_519.3166m_z,long_seq,ensemble,2089,1048,1041,0,2144,1078,1066
metabolites_unannotated,3.28_218.0979m_z,long_seq,ensemble,2089,1048,1041,0,2144,1078,1066
metabolites_unannotated,3.28_411.1851m_z,long_seq,ensemble,2089,1048,1041,0,2144,1078,1066
metabolites_unannotated,3.29_307.0282m_z,long_seq,ensemble,2089,1048,1041,0,2144,1078,1066
metabolites_unannotated,3.29_474.1766m_z,long_seq,ensemble,2089,1048,1041,0,2144,1078,1066
metabolites_unannotated,3.30_269.1387m_z,long_seq,ensemble,2089,1048,1041,0,2144,1078,1066
metabolites_unannotated,3.30_352.1713m_z,long_seq,ensemble,2089,1048,1041,0,2144,1078,1066
metabolites_unannotated,3.30_371.1902m_z,long_seq,ensemble,2089,1048,1041,0,2144,1078,1066
metabolites_unannotated,3.30_413.1640m_z,long_seq,ensemble,2089,1048,1041,0,2144,1078,1066
metabolites_unannotated,3.30_462.2854m_z,long_seq,ensemble,2089,1048,1041,0,2144,1078,1066
metabolites_unannotated,3.30_463.2334m_z,long_seq,ensemble,2089,1048,1041,0,2144,1078,1066
metabolites_unannotated,3.30_523.2184m_z,long_seq,ensemble,2089,1048,1041,0,2144,1078,1066
metabolites_unannotated,3.30_567.3172m_z,long_seq,ensemble,2089,1048,1041,0,2144,1078,1066
metabolites_unannotated,3.30_810.4406n,long_seq,ensemble,2089,1048,1041,0,2144,1078,1066
metabolites_unannotated,3.31_495.2233m_z,long_seq,ensemble,2089,1048,1041,0,2144,1078,1066
metabolites_unannotated,3.31_495.2597m_z,long_seq,ensemble,2089,1048,1041,0,2144,1078,1066
metabolites_unannotated,3.31_509.2745m_z,long_seq,ensemble,2089,1048,1041,0,2144,1078,1066
metabolites_unannotated,3.31_537.3276m_z,long_seq,ensemble,2089,1048,1041,0,2144,1078,1066
metabolites_unannotated,3.31_613.3596m_z,long_seq,ensemble,2089,1048,1041,0,2144,1078,1066
metabolites_unannotated,3.31_613.4762m_z,long_seq,ensemble,2089,1048,1041,0,2144,1078,1066
metabolites_unannotated,3.32_227.1293m_z,long_seq,ensemble,2089,1048,1041,0,2144,1078,1066
metabolites_unannotated,3.32_313.1187m_z,long_seq,ensemble,2089,1048,1041,0,2144,1078,1066
metabolites_unannotated,3.32_331.1766m_z,long_seq,ensemble,2089,1048,1041,0,2144,1078,1066
metabolites_unannotated,3.32_429.1772m_z,long_seq,ensemble,2089,1048,1041,0,2144,1078,1066
metabolites_unannotated,3.32_471.2412m_z,long_seq,ensemble,2089,1048,1041,0,2144,1078,1066
metabolites_unannotated,3.32_519.2807m_z,long_seq,ensemble,2089,1048,1041,0,2144,1078,1066
metabolites_unannotated,3.33_222.1139m_z,long_seq,ensemble,2089,1048,1041,0,2144,1078,1066
metabolites_unannotated,3.33_237.1133m_z,long_seq,ensemble,2089,1048,1041,0,2144,1078,1066
metabolites_unannotated,3.33_283.0282m_z,long_seq,ensemble,2089,1048,1041,0,2144,1078,1066
metabolites_unannotated,3.33_349.0390m_z,long_seq,ensemble,2089,1048,1041,0,2144,1078,1066
metabolites_unannotated,3.33_383.1535m_z,long_seq,ensemble,2089,1048,1041,0,2144,1078,1066
metabolites_unannotated,3.33_392.1173m_z,long_seq,ensemble,2089,1048,1041,0,2144,1078,1066
metabolites_unannotated,3.33_409.2234m_z,long_seq,ensemble,2089,1048,1041,0,2144,1078,1066
metabolites_unannotated,3.33_465.2488m_z,long_seq,ensemble,2089,1048,1041,0,2144,1078,1066
metabolites_unannotated,3.33_537.2884m_z,long_seq,ensemble,2089,1048,1041,0,2144,1078,1066
metabolites_unannotated,3.34_383.1895m_z,long_seq,ensemble,2089,1048,1041,0,2144,1078,1066
metabolites_unannotated,3.34_467.2649m_z,long_seq,ensemble,2089,1048,1041,0,2144,1078,1066
metabolites_unannotated,3.34_511.2179m_z,long_seq,ensemble,2089,1048,1041,0,2144,1078,1066
metabolites_unannotated,3.34_522.3036n,long_seq,ensemble,2089,1048,1041,0,2144,1078,1066
metabolites_unannotated,3.35_183.1029m_z,long_seq,ensemble,2089,1048,1041,0,2144,1078,1066
metabolites_unannotated,3.35_253.6144m_z,long_seq,ensemble,2089,1048,1041,0,2144,1078,1066
metabolites_unannotated,3.35_319.1310m_z,long_seq,ensemble,2089,1048,1041,0,2144,1078,1066
metabolites_unannotated,3.35_469.2264m_z,long_seq,ensemble,2089,1048,1041,0,2144,1078,1066
metabolites_unannotated,3.35_551.3042m_z,long_seq,ensemble,2089,1048,1041,0,2144,1078,1066
metabolites_unannotated,3.36_462.2852m_z,long_seq,ensemble,2089,1048,1041,0,2144,1078,1066
metabolites_unannotated,3.36_551.2502m_z,long_seq,ensemble,2089,1048,1041,0,2144,1078,1066
metabolites_unannotated,3.36_610.3596m_z,long_seq,ensemble,2089,1048,1041,0,2144,1078,1066
metabolites_unannotated,3.36_674.3541m_z,long_seq,ensemble,2089,1048,1041,0,2144,1078,1066
metabolites_unannotated,3.37_271.0282m_z,long_seq,ensemble,2089,1048,1041,0,2144,1078,1066
metabolites_unannotated,3.37_446.2915m_z,long_seq,ensemble,2089,1048,1041,0,2144,1078,1066
metabolites_unannotated,3.37_587.3257m_z,long_seq,ensemble,2089,1048,1041,0,2144,1078,1066
metabolites_unannotated,3.37_787.3992n,long_seq,ensemble,2089,1048,1041,0,2144,1078,1066
metabolites_unannotated,3.38_511.2913m_z,long_seq,ensemble,2089,1048,1041,0,2144,1078,1066
metabolites_unannotated,3.38_627.3743m_z,long_seq,ensemble,2089,1048,1041,0,2144,1078,1066
metabolites_unannotated,3.39_497.2754m_z,long_seq,ensemble,2089,1048,1041,0,2144,1078,1066
metabolites_unannotated,3.40_301.2019m_z,long_seq,ensemble,2089,1048,1041,0,2144,1078,1066
metabolites_unannotated,3.40_378.1020m_z,long_seq,ensemble,2089,1048,1041,0,2144,1078,1066
metabolites_unannotated,3.40_435.1462m_z,long_seq,ensemble,2089,1048,1041,0,2144,1078,1066
metabolites_unannotated,3.40_509.2391m_z,long_seq,ensemble,2089,1048,1041,0,2144,1078,1066
metabolites_unannotated,3.41_299.0220m_z,long_seq,ensemble,2089,1048,1041,0,2144,1078,1066
metabolites_unannotated,3.41_309.0435m_z,long_seq,ensemble,2089,1048,1041,0,2144,1078,1066
metabolites_unannotated,3.41_367.1612m_z,long_seq,ensemble,2089,1048,1041,0,2144,1078,1066
metabolites_unannotated,3.41_367.2486m_z,long_seq,ensemble,2089,1048,1041,0,2144,1078,1066
metabolites_unannotated,3.41_367.4317m_z,long_seq,ensemble,2089,1048,1041,0,2144,1078,1066
metabolites_unannotated,3.41_367.5379m_z,long_seq,ensemble,2089,1048,1041,0,2144,1078,1066
metabolites_unannotated,3.41_367.5835m_z,long_seq,ensemble,2089,1048,1041,0,2144,1078,1066
metabolites_unannotated,3.41_411.1852m_z,long_seq,ensemble,2089,1048,1041,0,2144,1078,1066
metabolites_unannotated,3.41_415.2145m_z,long_seq,ensemble,2089,1048,1041,0,2144,1078,1066
metabolites_unannotated,3.41_757.3064m_z,long_seq,ensemble,2089,1048,1041,0,2144,1078,1066
metabolites_unannotated,3.42_367.3785m_z,long_seq,ensemble,2089,1048,1041,0,2144,1078,1066
metabolites_unannotated,3.42_437.1528m_z,long_seq,ensemble,2089,1048,1041,0,2144,1078,1066
metabolites_unannotated,3.42_437.3531m_z,long_seq,ensemble,2089,1048,1041,0,2144,1078,1066
metabolites_unannotated,3.43_317.0336m_z,long_seq,ensemble,2089,1048,1041,0,2144,1078,1066
metabolites_unannotated,3.43_357.0983m_z,long_seq,ensemble,2089,1048,1041,0,2144,1078,1066
metabolites_unannotated,3.43_437.0573m_z,long_seq,ensemble,2089,1048,1041,0,2144,1078,1066
metabolites_unannotated,3.43_827.2026m_z,long_seq,ensemble,2089,1048,1041,0,2144,1078,1066
metabolites_unannotated,3.44_253.6145m_z,long_seq,ensemble,2089,1048,1041,0,2144,1078,1066
metabolites_unannotated,3.44_469.2266m_z,long_seq,ensemble,2089,1048,1041,0,2144,1078,1066
metabolites_unannotated,3.44_551.2500m_z,long_seq,ensemble,2089,1048,1041,0,2144,1078,1066
metabolites_unannotated,3.45_271.0280m_z,long_seq,ensemble,2089,1048,1041,0,2144,1078,1066
metabolites_unannotated,3.45_273.1706m_z,long_seq,ensemble,2089,1048,1041,0,2144,1078,1066
metabolites_unannotated,3.45_451.1697m_z,long_seq,ensemble,2089,1048,1041,0,2144,1078,1066
metabolites_unannotated,3.45_551.3050m_z,long_seq,ensemble,2089,1048,1041,0,2144,1078,1066
metabolites_unannotated,3.46_314.1033m_z,long_seq,ensemble,2089,1048,1041,0,2144,1078,1066
metabolites_unannotated,3.46_345.1645m_z,long_seq,ensemble,2089,1048,1041,0,2144,1078,1066
metabolites_unannotated,3.46_473.3270m_z,long_seq,ensemble,2089,1048,1041,0,2144,1078,1066
metabolites_unannotated,3.46_497.2757m_z,long_seq,ensemble,2089,1048,1041,0,2144,1078,1066
metabolites_unannotated,3.47_399.1854m_z,long_seq,ensemble,2089,1048,1041,0,2144,1078,1066
metabolites_unannotated,3.47_565.3012m_z,long_seq,ensemble,2089,1048,1041,0,2144,1078,1066
metabolites_unannotated,3.48_292.8456m_z,long_seq,ensemble,2089,1048,1041,0,2144,1078,1066
metabolites_unannotated,3.48_294.8436m_z,long_seq,ensemble,2089,1048,1041,0,2144,1078,1066
metabolites_unannotated,3.48_466.3083m_z,long_seq,ensemble,2089,1048,1041,0,2144,1078,1066
metabolites_unannotated,3.48_471.2422m_z,long_seq,ensemble,2089,1048,1041,0,2144,1078,1066
metabolites_unannotated,3.48_493.2443m_z,long_seq,ensemble,2089,1048,1041,0,2144,1078,1066
metabolites_unannotated,3.48_553.2653m_z,long_seq,ensemble,2089,1048,1041,0,2144,1078,1066
metabolites_unannotated,3.48_564.2275m_z,long_seq,ensemble,2089,1048,1041,0,2144,1078,1066
metabolites_unannotated,3.49_222.9390m_z,long_seq,ensemble,2089,1048,1041,0,2144,1078,1066
metabolites_unannotated,3.49_263.7042m_z,long_seq,ensemble,2089,1048,1041,0,2144,1078,1066
metabolites_unannotated,3.49_363.2172m_z,long_seq,ensemble,2089,1048,1041,0,2144,1078,1066
metabolites_unannotated,3.49_435.2208m_z,long_seq,ensemble,2089,1048,1041,0,2144,1078,1066
metabolites_unannotated,3.50_177.0560m_z,long_seq,ensemble,2089,1048,1041,0,2144,1078,1066
metabolites_unannotated,3.50_261.0748m_z,long_seq,ensemble,2089,1048,1041,0,2144,1078,1066
metabolites_unannotated,3.50_334.6588m_z,long_seq,ensemble,2089,1048,1041,0,2144,1078,1066
metabolites_unannotated,3.50_417.2137m_z,long_seq,ensemble,2089,1048,1041,0,2144,1078,1066
metabolites_unannotated,3.50_523.2185m_z,long_seq,ensemble,2089,1048,1041,0,2144,1078,1066
metabolites_unannotated,3.50_528.2640m_z,long_seq,ensemble,2089,1048,1041,0,2144,1078,1066
metabolites_unannotated,3.50_528.3715m_z,long_seq,ensemble,2089,1048,1041,0,2144,1078,1066
metabolites_unannotated,3.50_627.3748m_z,long_seq,ensemble,2089,1048,1041,0,2144,1078,1066
metabolites_unannotated,3.50_684.3536n,long_seq,ensemble,2089,1048,1041,0,2144,1078,1066
metabolites_unannotated,3.51_193.0872m_z,long_seq,ensemble,2089,1048,1041,0,2144,1078,1066
metabolites_unannotated,3.51_195.1031m_z,long_seq,ensemble,2089,1048,1041,0,2144,1078,1066
metabolites_unannotated,3.51_221.0820m_z,long_seq,ensemble,2089,1048,1041,0,2144,1078,1066
metabolites_unannotated,3.51_239.1649m_z,long_seq,ensemble,2089,1048,1041,0,2144,1078,1066
metabolites_unannotated,3.51_273.8508m_z,long_seq,ensemble,2089,1048,1041,0,2144,1078,1066
metabolites_unannotated,3.51_275.8491m_z,long_seq,ensemble,2089,1048,1041,0,2144,1078,1066
metabolites_unannotated,3.51_277.8470m_z,long_seq,ensemble,2089,1048,1041,0,2144,1078,1066
metabolites_unannotated,3.51_339.0178m_z,long_seq,ensemble,2089,1048,1041,0,2144,1078,1066
metabolites_unannotated,3.51_413.2179m_z,long_seq,ensemble,2089,1048,1041,0,2144,1078,1066
metabolites_unannotated,3.51_455.2289m_z,long_seq,ensemble,2089,1048,1041,0,2144,1078,1066
metabolites_unannotated,3.51_497.2207m_z,long_seq,ensemble,2089,1048,1041,0,2144,1078,1066
metabolites_unannotated,3.52_244.9093m_z,long_seq,ensemble,2089,1048,1041,0,2144,1078,1066
metabolites_unannotated,3.52_246.9063m_z,long_seq,ensemble,2089,1048,1041,0,2144,1078,1066
metabolites_unannotated,3.52_246.9786m_z,long_seq,ensemble,2089,1048,1041,0,2144,1078,1066
metabolites_unannotated,3.52_248.9031m_z,long_seq,ensemble,2089,1048,1041,0,2144,1078,1066
metabolites_unannotated,3.52_465.2495m_z,long_seq,ensemble,2089,1048,1041,0,2144,1078,1066
metabolites_unannotated,3.52_611.3433m_z,long_seq,ensemble,2089,1048,1041,0,2144,1078,1066
metabolites_unannotated,3.53_244.9812m_z,long_seq,ensemble,2089,1048,1041,0,2144,1078,1066
metabolites_unannotated,3.53_369.1752m_z,long_seq,ensemble,2089,1048,1041,0,2144,1078,1066
metabolites_unannotated,3.53_369.2636m_z,long_seq,ensemble,2089,1048,1041,0,2144,1078,1066
metabolites_unannotated,3.53_369.4492m_z,long_seq,ensemble,2089,1048,1041,0,2144,1078,1066
metabolites_unannotated,3.53_385.1691m_z,long_seq,ensemble,2089,1048,1041,0,2144,1078,1066
metabolites_unannotated,3.53_397.2068m_z,long_seq,ensemble,2089,1048,1041,0,2144,1078,1066
metabolites_unannotated,3.53_397.2986m_z,long_seq,ensemble,2089,1048,1041,0,2144,1078,1066
metabolites_unannotated,3.53_397.4910m_z,long_seq,ensemble,2089,1048,1041,0,2144,1078,1066
metabolites_unannotated,3.53_397.5999m_z,long_seq,ensemble,2089,1048,1041,0,2144,1078,1066
metabolites_unannotated,3.54_403.1404m_z,long_seq,ensemble,2089,1048,1041,0,2144,1078,1066
metabolites_unannotated,3.54_405.2286m_z,long_seq,ensemble,2089,1048,1041,0,2144,1078,1066
metabolites_unannotated,3.54_417.1560m_z,long_seq,ensemble,2089,1048,1041,0,2144,1078,1066
metabolites_unannotated,3.54_439.1962m_z,long_seq,ensemble,2089,1048,1041,0,2144,1078,1066
metabolites_unannotated,3.54_457.1538m_z,long_seq,ensemble,2089,1048,1041,0,2144,1078,1066
metabolites_unannotated,3.55_363.0181m_z,long_seq,ensemble,2089,1048,1041,0,2144,1078,1066
metabolites_unannotated,3.55_539.2502m_z,long_seq,ensemble,2089,1048,1041,0,2144,1078,1066
metabolites_unannotated,3.55_565.3012m_z,long_seq,ensemble,2089,1048,1041,0,2144,1078,1066
metabolites_unannotated,3.56_253.1447m_z,long_seq,ensemble,2089,1048,1041,0,2144,1078,1066
metabolites_unannotated,3.56_299.0228m_z,long_seq,ensemble,2089,1048,1041,0,2144,1078,1066
metabolites_unannotated,3.56_427.2165m_z,long_seq,ensemble,2089,1048,1041,0,2144,1078,1066
metabolites_unannotated,3.56_427.3136m_z,long_seq,ensemble,2089,1048,1041,0,2144,1078,1066
metabolites_unannotated,3.56_519.3153m_z,long_seq,ensemble,2089,1048,1041,0,2144,1078,1066
metabolites_unannotated,3.56_536.3194n,long_seq,ensemble,2089,1048,1041,0,2144,1078,1066
metabolites_unannotated,3.56_553.2656m_z,long_seq,ensemble,2089,1048,1041,0,2144,1078,1066
metabolites_unannotated,3.57_239.1291m_z,long_seq,ensemble,2089,1048,1041,0,2144,1078,1066
metabolites_unannotated,3.57_269.0487m_z,long_seq,ensemble,2089,1048,1041,0,2144,1078,1066
metabolites_unannotated,3.57_383.1897m_z,long_seq,ensemble,2089,1048,1041,0,2144,1078,1066
metabolites_unannotated,3.58_251.1292m_z,long_seq,ensemble,2089,1048,1041,0,2144,1078,1066
metabolites_unannotated,3.58_425.1999m_z,long_seq,ensemble,2089,1048,1041,0,2144,1078,1066
metabolites_unannotated,3.58_441.2130m_z,long_seq,ensemble,2089,1048,1041,0,2144,1078,1066
metabolites_unannotated,3.58_469.2263m_z,long_seq,ensemble,2089,1048,1041,0,2144,1078,1066
metabolites_unannotated,3.58_489.2701m_z,long_seq,ensemble,2089,1048,1041,0,2144,1078,1066
metabolites_unannotated,3.58_491.2857m_z,long_seq,ensemble,2089,1048,1041,0,2144,1078,1066
metabolites_unannotated,3.58_525.2758n,long_seq,ensemble,2089,1048,1041,0,2144,1078,1066
metabolites_unannotated,3.59_207.1392m_z,long_seq,ensemble,2089,1048,1041,0,2144,1078,1066
metabolites_unannotated,3.59_455.2286m_z,long_seq,ensemble,2089,1048,1041,0,2144,1078,1066
metabolites_unannotated,3.59_497.2757m_z,long_seq,ensemble,2089,1048,1041,0,2144,1078,1066
metabolites_unannotated,3.59_499.2913m_z,long_seq,ensemble,2089,1048,1041,0,2144,1078,1066
metabolites_unannotated,3.60_393.2649m_z,long_seq,ensemble,2089,1048,1041,0,2144,1078,1066
metabolites_unannotated,3.60_611.3432m_z,long_seq,ensemble,2089,1048,1041,0,2144,1078,1066
metabolites_unannotated,3.61_266.8891m_z,long_seq,ensemble,2089,1048,1041,0,2144,1078,1066
metabolites_unannotated,3.61_268.8865m_z,long_seq,ensemble,2089,1048,1041,0,2144,1078,1066
metabolites_unannotated,3.61_378.1021m_z,long_seq,ensemble,2089,1048,1041,0,2144,1078,1066
metabolites_unannotated,3.61_489.2131m_z,long_seq,ensemble,2089,1048,1041,0,2144,1078,1066
metabolites_unannotated,3.61_519.2815m_z,long_seq,ensemble,2089,1048,1041,0,2144,1078,1066
metabolites_unannotated,3.61_551.3044m_z,long_seq,ensemble,2089,1048,1041,0,2144,1078,1066
metabolites_unannotated,3.62_399.3148m_z,long_seq,ensemble,2089,1048,1041,0,2144,1078,1066
metabolites_unannotated,3.62_405.2647m_z,long_seq,ensemble,2089,1048,1041,0,2144,1078,1066
metabolites_unannotated,3.62_505.3016m_z,long_seq,ensemble,2089,1048,1041,0,2144,1078,1066
metabolites_unannotated,3.63_369.1759m_z,long_seq,ensemble,2089,1048,1041,0,2144,1078,1066
metabolites_unannotated,3.63_369.2638m_z,long_seq,ensemble,2089,1048,1041,0,2144,1078,1066
metabolites_unannotated,3.63_369.4484m_z,long_seq,ensemble,2089,1048,1041,0,2144,1078,1066
metabolites_unannotated,3.63_399.2218m_z,long_seq,ensemble,2089,1048,1041,0,2144,1078,1066
metabolites_unannotated,3.63_761.3375m_z,long_seq,ensemble,2089,1048,1041,0,2144,1078,1066
metabolites_unannotated,3.64_214.0872m_z,long_seq,ensemble,2089,1048,1041,0,2144,1078,1066
metabolites_unannotated,3.65_487.3428m_z,long_seq,ensemble,2089,1048,1041,0,2144,1078,1066
metabolites_unannotated,3.66_327.2178m_z,long_seq,ensemble,2089,1048,1041,0,2144,1078,1066
metabolites_unannotated,3.66_427.1798m_z,long_seq,ensemble,2089,1048,1041,0,2144,1078,1066
metabolites_unannotated,3.66_491.2287m_z,long_seq,ensemble,2089,1048,1041,0,2144,1078,1066
metabolites_unannotated,3.67_209.1179m_z,long_seq,ensemble,2089,1048,1041,0,2144,1078,1066
metabolites_unannotated,3.67_219.1392m_z,long_seq,ensemble,2089,1048,1041,0,2144,1078,1066
metabolites_unannotated,3.67_253.1447m_z,long_seq,ensemble,2089,1048,1041,0,2144,1078,1066
metabolites_unannotated,3.67_301.1190m_z,long_seq,ensemble,2089,1048,1041,0,2144,1078,1066
metabolites_unannotated,3.67_385.2055m_z,long_seq,ensemble,2089,1048,1041,0,2144,1078,1066
metabolites_unannotated,3.67_427.2162m_z,long_seq,ensemble,2089,1048,1041,0,2144,1078,1066
metabolites_unannotated,3.67_453.2125m_z,long_seq,ensemble,2089,1048,1041,0,2144,1078,1066
metabolites_unannotated,3.67_480.2784m_z,long_seq,ensemble,2089,1048,1041,0,2144,1078,1066
metabolites_unannotated,3.67_495.2965m_z,long_seq,ensemble,2089,1048,1041,0,2144,1078,1066
metabolites_unannotated,3.67_555.2810m_z,long_seq,ensemble,2089,1048,1041,0,2144,1078,1066
metabolites_unannotated,3.67_599.2509m_z,long_seq,ensemble,2089,1048,1041,0,2144,1078,1066
metabolites_unannotated,3.68_273.1458m_z,long_seq,ensemble,2089,1048,1041,0,2144,1078,1066
metabolites_unannotated,3.68_425.2007m_z,long_seq,ensemble,2089,1048,1041,0,2144,1078,1066
metabolites_unannotated,3.69_447.2598m_z,long_seq,ensemble,2089,1048,1041,0,2144,1078,1066
metabolites_unannotated,3.69_493.2445m_z,long_seq,ensemble,2089,1048,1041,0,2144,1078,1066
metabolites_unannotated,3.69_605.3327m_z,long_seq,ensemble,2089,1048,1041,0,2144,1078,1066
metabolites_unannotated,3.69_626.3666n,long_seq,ensemble,2089,1048,1041,0,2144,1078,1066
metabolites_unannotated,3.70_197.0203m_z,long_seq,ensemble,2089,1048,1041,0,2144,1078,1066
metabolites_unannotated,3.70_323.1628m_z,long_seq,ensemble,2089,1048,1041,0,2144,1078,1066
metabolites_unannotated,3.70_357.1740m_z,long_seq,ensemble,2089,1048,1041,0,2144,1078,1066
metabolites_unannotated,3.71_185.1188m_z,long_seq,ensemble,2089,1048,1041,0,2144,1078,1066
metabolites_unannotated,3.71_489.2703m_z,long_seq,ensemble,2089,1048,1041,0,2144,1078,1066
metabolites_unannotated,3.71_498.2901m_z,long_seq,ensemble,2089,1048,1041,0,2144,1078,1066
metabolites_unannotated,3.72_307.1297m_z,long_seq,ensemble,2089,1048,1041,0,2144,1078,1066
metabolites_unannotated,3.72_419.2293m_z,long_seq,ensemble,2089,1048,1041,0,2144,1078,1066
metabolites_unannotated,3.72_551.3040m_z,long_seq,ensemble,2089,1048,1041,0,2144,1078,1066
metabolites_unannotated,3.72_565.3020m_z,long_seq,ensemble,2089,1048,1041,0,2144,1078,1066
metabolites_unannotated,3.72_597.3642m_z,long_seq,ensemble,2089,1048,1041,0,2144,1078,1066
metabolites_unannotated,3.73_383.1897m_z,long_seq,ensemble,2089,1048,1041,0,2144,1078,1066
metabolites_unannotated,3.74_180.1032m_z,long_seq,ensemble,2089,1048,1041,0,2144,1078,1066
metabolites_unannotated,3.74_183.1392m_z,long_seq,ensemble,2089,1048,1041,0,2144,1078,1066
metabolites_unannotated,3.74_214.0872m_z,long_seq,ensemble,2089,1048,1041,0,2144,1078,1066
metabolites_unannotated,3.74_308.8405m_z,long_seq,ensemble,2089,1048,1041,0,2144,1078,1066
metabolites_unannotated,3.74_350.1736m_z,long_seq,ensemble,2089,1048,1041,0,2144,1078,1066
metabolites_unannotated,3.74_393.1920m_z,long_seq,ensemble,2089,1048,1041,0,2144,1078,1066
metabolites_unannotated,3.74_427.1799m_z,long_seq,ensemble,2089,1048,1041,0,2144,1078,1066
metabolites_unannotated,3.74_522.2464n,long_seq,ensemble,2089,1048,1041,0,2144,1078,1066
metabolites_unannotated,3.74_556.3258m_z,long_seq,ensemble,2089,1048,1041,0,2144,1078,1066
metabolites_unannotated,3.74_567.3178m_z,long_seq,ensemble,2089,1048,1041,0,2144,1078,1066
metabolites_unannotated,3.75_310.8384m_z,long_seq,ensemble,2089,1048,1041,0,2144,1078,1066
metabolites_unannotated,3.75_310.9210m_z,long_seq,ensemble,2089,1048,1041,0,2144,1078,1066
metabolites_unannotated,3.75_312.8365m_z,long_seq,ensemble,2089,1048,1041,0,2144,1078,1066
metabolites_unannotated,3.75_446.2917m_z,long_seq,ensemble,2089,1048,1041,0,2144,1078,1066
metabolites_unannotated,3.75_505.2083m_z,long_seq,ensemble,2089,1048,1041,0,2144,1078,1066
metabolites_unannotated,3.75_519.2805m_z,long_seq,ensemble,2089,1048,1041,0,2144,1078,1066
metabolites_unannotated,3.75_550.3351n,long_seq,ensemble,2089,1048,1041,0,2144,1078,1066
metabolites_unannotated,3.75_570.3414m_z,long_seq,ensemble,2089,1048,1041,0,2144,1078,1066
metabolites_unannotated,3.75_611.3800m_z,long_seq,ensemble,2089,1048,1041,0,2144,1078,1066
metabolites_unannotated,3.75_621.3485n,long_seq,ensemble,2089,1048,1041,0,2144,1078,1066
metabolites_unannotated,3.76_341.1513m_z,long_seq,ensemble,2089,1048,1041,0,2144,1078,1066
metabolites_unannotated,3.76_353.2326m_z,long_seq,ensemble,2089,1048,1041,0,2144,1078,1066
metabolites_unannotated,3.77_453.2857m_z,long_seq,ensemble,2089,1048,1041,0,2144,1078,1066
metabolites_unannotated,3.77_461.2901m_z,long_seq,ensemble,2089,1048,1041,0,2144,1078,1066
metabolites_unannotated,3.77_467.2281m_z,long_seq,ensemble,2089,1048,1041,0,2144,1078,1066
metabolites_unannotated,3.77_501.3046m_z,long_seq,ensemble,2089,1048,1041,0,2144,1078,1066
metabolites_unannotated,3.78_427.2165m_z,long_seq,ensemble,2089,1048,1041,0,2144,1078,1066
metabolites_unannotated,3.78_427.3138m_z,long_seq,ensemble,2089,1048,1041,0,2144,1078,1066
metabolites_unannotated,3.78_455.1745m_z,long_seq,ensemble,2089,1048,1041,0,2144,1078,1066
metabolites_unannotated,3.78_505.3039m_z,long_seq,ensemble,2089,1048,1041,0,2144,1078,1066
metabolites_unannotated,3.79_231.1602m_z,long_seq,ensemble,2089,1048,1041,0,2144,1078,1066
metabolites_unannotated,3.79_399.2218m_z,long_seq,ensemble,2089,1048,1041,0,2144,1078,1066
metabolites_unannotated,3.79_399.3151m_z,long_seq,ensemble,2089,1048,1041,0,2144,1078,1066
metabolites_unannotated,3.79_471.2596m_z,long_seq,ensemble,2089,1048,1041,0,2144,1078,1066
metabolites_unannotated,3.79_519.3168m_z,long_seq,ensemble,2089,1048,1041,0,2144,1078,1066
metabolites_unannotated,3.79_580.3248m_z,long_seq,ensemble,2089,1048,1041,0,2144,1078,1066
metabolites_unannotated,3.79_625.3591m_z,long_seq,ensemble,2089,1048,1041,0,2144,1078,1066
metabolites_unannotated,3.80_239.1292m_z,long_seq,ensemble,2089,1048,1041,0,2144,1078,1066
metabolites_unannotated,3.80_285.0433m_z,long_seq,ensemble,2089,1048,1041,0,2144,1078,1066
metabolites_unannotated,3.80_359.1501m_z,long_seq,ensemble,2089,1048,1041,0,2144,1078,1066
metabolites_unannotated,3.80_367.2485m_z,long_seq,ensemble,2089,1048,1041,0,2144,1078,1066
metabolites_unannotated,3.80_389.2699m_z,long_seq,ensemble,2089,1048,1041,0,2144,1078,1066
metabolites_unannotated,3.80_447.2588m_z,long_seq,ensemble,2089,1048,1041,0,2144,1078,1066
metabolites_unannotated,3.80_469.2432m_z,long_seq,ensemble,2089,1048,1041,0,2144,1078,1066
metabolites_unannotated,3.80_565.3013m_z,long_seq,ensemble,2089,1048,1041,0,2144,1078,1066
metabolites_unannotated,3.80_599.2501m_z,long_seq,ensemble,2089,1048,1041,0,2144,1078,1066
metabolites_unannotated,3.81_583.2565m_z,long_seq,ensemble,2089,1048,1041,0,2144,1078,1066
metabolites_unannotated,3.82_187.1342m_z,long_seq,ensemble,2089,1048,1041,0,2144,1078,1066
metabolites_unannotated,3.82_187.1985m_z,long_seq,ensemble,2089,1048,1041,0,2144,1078,1066
metabolites_unannotated,3.82_310.0883m_z,long_seq,ensemble,2089,1048,1041,0,2144,1078,1066
metabolites_unannotated,3.82_313.1193m_z,long_seq,ensemble,2089,1048,1041,0,2144,1078,1066
metabolites_unannotated,3.82_401.1277m_z,long_seq,ensemble,2089,1048,1041,0,2144,1078,1066
metabolites_unannotated,3.82_406.1334m_z,long_seq,ensemble,2089,1048,1041,0,2144,1078,1066
metabolites_unannotated,3.82_491.3223m_z,long_seq,ensemble,2089,1048,1041,0,2144,1078,1066
metabolites_unannotated,3.82_493.2439m_z,long_seq,ensemble,2089,1048,1041,0,2144,1078,1066
metabolites_unannotated,3.82_493.2799m_z,long_seq,ensemble,2089,1048,1041,0,2144,1078,1066
metabolites_unannotated,3.82_495.2594m_z,long_seq,ensemble,2089,1048,1041,0,2144,1078,1066
metabolites_unannotated,3.82_554.3159m_z,long_seq,ensemble,2089,1048,1041,0,2144,1078,1066
metabolites_unannotated,3.83_253.1083m_z,long_seq,ensemble,2089,1048,1041,0,2144,1078,1066
metabolites_unannotated,3.83_489.2706m_z,long_seq,ensemble,2089,1048,1041,0,2144,1078,1066
metabolites_unannotated,3.83_498.2899m_z,long_seq,ensemble,2089,1048,1041,0,2144,1078,1066
metabolites_unannotated,3.83_533.2959m_z,long_seq,ensemble,2089,1048,1041,0,2144,1078,1066
metabolites_unannotated,3.83_597.2353m_z,long_seq,ensemble,2089,1048,1041,0,2144,1078,1066
metabolites_unannotated,3.84_611.3797m_z,long_seq,ensemble,2089,1048,1041,0,2144,1078,1066
metabolites_unannotated,3.84_658.3586m_z,long_seq,ensemble,2089,1048,1041,0,2144,1078,1066
metabolites_unannotated,3.85_346.9872m_z,long_seq,ensemble,2089,1048,1041,0,2144,1078,1066
metabolites_unannotated,3.85_473.3268m_z,long_seq,ensemble,2089,1048,1041,0,2144,1078,1066
metabolites_unannotated,3.86_228.1608m_z,long_seq,ensemble,2089,1048,1041,0,2144,1078,1066
metabolites_unannotated,3.86_255.7052m_z,long_seq,ensemble,2089,1048,1041,0,2144,1078,1066
metabolites_unannotated,3.86_255.8591m_z,long_seq,ensemble,2089,1048,1041,0,2144,1078,1066
metabolites_unannotated,3.86_512.3739m_z,long_seq,ensemble,2089,1048,1041,0,2144,1078,1066
metabolites_unannotated,3.86_512.5929m_z,long_seq,ensemble,2089,1048,1041,0,2144,1078,1066
metabolites_unannotated,3.86_519.3166m_z,long_seq,ensemble,2089,1048,1041,0,2144,1078,1066
metabolites_unannotated,3.86_669.2755m_z,long_seq,ensemble,2089,1048,1041,0,2144,1078,1066
metabolites_unannotated,3.87_275.0418m_z,long_seq,ensemble,2089,1048,1041,0,2144,1078,1066
metabolites_unannotated,3.87_329.2332m_z,long_seq,ensemble,2089,1048,1041,0,2144,1078,1066
metabolites_unannotated,3.87_335.2224m_z,long_seq,ensemble,2089,1048,1041,0,2144,1078,1066
metabolites_unannotated,3.87_405.2648m_z,long_seq,ensemble,2089,1048,1041,0,2144,1078,1066
metabolites_unannotated,3.87_445.2438m_z,long_seq,ensemble,2089,1048,1041,0,2144,1078,1066
metabolites_unannotated,3.87_455.1743m_z,long_seq,ensemble,2089,1048,1041,0,2144,1078,1066
metabolites_unannotated,3.87_551.3042m_z,long_seq,ensemble,2089,1048,1041,0,2144,1078,1066
metabolites_unannotated,3.87_607.3481m_z,long_seq,ensemble,2089,1048,1041,0,2144,1078,1066
metabolites_unannotated,3.88_265.1083m_z,long_seq,ensemble,2089,1048,1041,0,2144,1078,1066
metabolites_unannotated,3.88_331.2483m_z,long_seq,ensemble,2089,1048,1041,0,2144,1078,1066
metabolites_unannotated,3.88_350.1742m_z,long_seq,ensemble,2089,1048,1041,0,2144,1078,1066
metabolites_unannotated,3.88_375.1943m_z,long_seq,ensemble,2089,1048,1041,0,2144,1078,1066
metabolites_unannotated,3.88_383.1902m_z,long_seq,ensemble,2089,1048,1041,0,2144,1078,1066
metabolites_unannotated,3.88_391.2860m_z,long_seq,ensemble,2089,1048,1041,0,2144,1078,1066
metabolites_unannotated,3.88_437.2909m_z,long_seq,ensemble,2089,1048,1041,0,2144,1078,1066
metabolites_unannotated,3.88_555.2814m_z,long_seq,ensemble,2089,1048,1041,0,2144,1078,1066
metabolites_unannotated,3.88_656.3436m_z,long_seq,ensemble,2089,1048,1041,0,2144,1078,1066
metabolites_unannotated,3.89_411.2028m_z,long_seq,ensemble,2089,1048,1041,0,2144,1078,1066
metabolites_unannotated,3.89_471.2582m_z,long_seq,ensemble,2089,1048,1041,0,2144,1078,1066
metabolites_unannotated,3.90_269.1759m_z,long_seq,ensemble,2089,1048,1041,0,2144,1078,1066
metabolites_unannotated,3.90_359.1898m_z,long_seq,ensemble,2089,1048,1041,0,2144,1078,1066
metabolites_unannotated,3.90_389.2700m_z,long_seq,ensemble,2089,1048,1041,0,2144,1078,1066
metabolites_unannotated,3.90_408.1487m_z,long_seq,ensemble,2089,1048,1041,0,2144,1078,1066
metabolites_unannotated,3.90_433.2810m_z,long_seq,ensemble,2089,1048,1041,0,2144,1078,1066
metabolites_unannotated,3.90_471.2429m_z,long_seq,ensemble,2089,1048,1041,0,2144,1078,1066
metabolites_unannotated,3.90_491.2855m_z,long_seq,ensemble,2089,1048,1041,0,2144,1078,1066
metabolites_unannotated,3.91_227.1292m_z,long_seq,ensemble,2089,1048,1041,0,2144,1078,1066
metabolites_unannotated,3.91_351.1846m_z,long_seq,ensemble,2089,1048,1041,0,2144,1078,1066
metabolites_unannotated,3.91_371.0776m_z,long_seq,ensemble,2089,1048,1041,0,2144,1078,1066
metabolites_unannotated,3.91_385.2059m_z,long_seq,ensemble,2089,1048,1041,0,2144,1078,1066
metabolites_unannotated,3.91_413.2186m_z,long_seq,ensemble,2089,1048,1041,0,2144,1078,1066
metabolites_unannotated,3.91_451.2155m_z,long_seq,ensemble,2089,1048,1041,0,2144,1078,1066
metabolites_unannotated,3.91_593.3342m_z,long_seq,ensemble,2089,1048,1041,0,2144,1078,1066
metabolites_unannotated,3.92_369.5543m_z,long_seq,ensemble,2089,1048,1041,0,2144,1078,1066
metabolites_unannotated,3.93_217.1449m_z,long_seq,ensemble,2089,1048,1041,0,2144,1078,1066
metabolites_unannotated,3.93_281.1751m_z,long_seq,ensemble,2089,1048,1041,0,2144,1078,1066
metabolites_unannotated,3.93_347.1631m_z,long_seq,ensemble,2089,1048,1041,0,2144,1078,1066
metabolites_unannotated,3.93_395.2831m_z,long_seq,ensemble,2089,1048,1041,0,2144,1078,1066
metabolites_unannotated,3.93_395.4754m_z,long_seq,ensemble,2089,1048,1041,0,2144,1078,1066
metabolites_unannotated,3.93_457.1900m_z,long_seq,ensemble,2089,1048,1041,0,2144,1078,1066
metabolites_unannotated,3.93_495.2599m_z,long_seq,ensemble,2089,1048,1041,0,2144,1078,1066
metabolites_unannotated,3.93_533.3328m_z,long_seq,ensemble,2089,1048,1041,0,2144,1078,1066
metabolites_unannotated,3.93_556.3316m_z,long_seq,ensemble,2089,1048,1041,0,2144,1078,1066
metabolites_unannotated,3.93_581.2396m_z,long_seq,ensemble,2089,1048,1041,0,2144,1078,1066
metabolites_unannotated,3.93_597.3626m_z,long_seq,ensemble,2089,1048,1041,0,2144,1078,1066
metabolites_unannotated,3.93_605.3323m_z,long_seq,ensemble,2089,1048,1041,0,2144,1078,1066
metabolites_unannotated,3.93_690.3638n,long_seq,ensemble,2089,1048,1041,0,2144,1078,1066
metabolites_unannotated,3.94_353.2332m_z,long_seq,ensemble,2089,1048,1041,0,2144,1078,1066
metabolites_unannotated,3.95_359.1499m_z,long_seq,ensemble,2089,1048,1041,0,2144,1078,1066
metabolites_unannotated,3.95_389.2701m_z,long_seq,ensemble,2089,1048,1041,0,2144,1078,1066
metabolites_unannotated,3.95_407.2812m_z,long_seq,ensemble,2089,1048,1041,0,2144,1078,1066
metabolites_unannotated,3.95_407.3749m_z,long_seq,ensemble,2089,1048,1041,0,2144,1078,1066
metabolites_unannotated,3.95_409.2867m_z,long_seq,ensemble,2089,1048,1041,0,2144,1078,1066
metabolites_unannotated,3.95_443.2572m_z,long_seq,ensemble,2089,1048,1041,0,2144,1078,1066
metabolites_unannotated,3.95_447.2599m_z,long_seq,ensemble,2089,1048,1041,0,2144,1078,1066
metabolites_unannotated,3.95_453.2854m_z,long_seq,ensemble,2089,1048,1041,0,2144,1078,1066
metabolites_unannotated,3.95_475.2673m_z,long_seq,ensemble,2089,1048,1041,0,2144,1078,1066
metabolites_unannotated,3.95_582.3403m_z,long_seq,ensemble,2089,1048,1041,0,2144,1078,1066
metabolites_unannotated,3.96_227.1293m_z,long_seq,ensemble,2089,1048,1041,0,2144,1078,1066
metabolites_unannotated,3.96_393.1952m_z,long_seq,ensemble,2089,1048,1041,0,2144,1078,1066
metabolites_unannotated,3.96_425.2008m_z,long_seq,ensemble,2089,1048,1041,0,2144,1078,1066
metabolites_unannotated,3.96_595.3503m_z,long_seq,ensemble,2089,1048,1041,0,2144,1078,1066
metabolites_unannotated,3.98_183.1392m_z,long_seq,ensemble,2089,1048,1041,0,2144,1078,1066
metabolites_unannotated,3.98_221.1180m_z,long_seq,ensemble,2089,1048,1041,0,2144,1078,1066
metabolites_unannotated,3.98_448.3084m_z,long_seq,ensemble,2089,1048,1041,0,2144,1078,1066
metabolites_unannotated,3.98_448.4055m_z,long_seq,ensemble,2089,1048,1041,0,2144,1078,1066
metabolites_unannotated,3.98_448.5492m_z,long_seq,ensemble,2089,1048,1041,0,2144,1078,1066
metabolites_unannotated,3.98_449.6175m_z,long_seq,ensemble,2089,1048,1041,0,2144,1078,1066
metabolites_unannotated,3.98_491.2856m_z,long_seq,ensemble,2089,1048,1041,0,2144,1078,1066
metabolites_unannotated,3.98_501.3061m_z,long_seq,ensemble,2089,1048,1041,0,2144,1078,1066
metabolites_unannotated,3.98_503.3223m_z,long_seq,ensemble,2089,1048,1041,0,2144,1078,1066
metabolites_unannotated,3.98_516.2942m_z,long_seq,ensemble,2089,1048,1041,0,2144,1078,1066
metabolites_unannotated,3.98_548.2324m_z,long_seq,ensemble,2089,1048,1041,0,2144,1078,1066
metabolites_unannotated,3.99_249.1132m_z,long_seq,ensemble,2089,1048,1041,0,2144,1078,1066
metabolites_unannotated,3.99_257.2509m_z,long_seq,ensemble,2089,1048,1041,0,2144,1078,1066
metabolites_unannotated,3.99_265.1083m_z,long_seq,ensemble,2089,1048,1041,0,2144,1078,1066
metabolites_unannotated,3.99_279.1588m_z,long_seq,ensemble,2089,1048,1041,0,2144,1078,1066
metabolites_unannotated,3.99_365.1759m_z,long_seq,ensemble,2089,1048,1041,0,2144,1078,1066
metabolites_unannotated,3.99_479.2645m_z,long_seq,ensemble,2089,1048,1041,0,2144,1078,1066
metabolites_unannotated,3.99_491.2286m_z,long_seq,ensemble,2089,1048,1041,0,2144,1078,1066
metabolites_unannotated,3.99_495.2597m_z,long_seq,ensemble,2089,1048,1041,0,2144,1078,1066
metabolites_unannotated,4.01_179.1803m_z,long_seq,ensemble,2089,1048,1041,0,2144,1078,1066
metabolites_unannotated,4.01_391.2859m_z,long_seq,ensemble,2089,1048,1041,0,2144,1078,1066
metabolites_unannotated,4.01_410.1648m_z,long_seq,ensemble,2089,1048,1041,0,2144,1078,1066
metabolites_unannotated,4.01_437.2910m_z,long_seq,ensemble,2089,1048,1041,0,2144,1078,1066
metabolites_unannotated,4.01_534.3037n,long_seq,ensemble,2089,1048,1041,0,2144,1078,1066
metabolites_unannotated,4.02_327.2182m_z,long_seq,ensemble,2089,1048,1041,0,2144,1078,1066
metabolites_unannotated,4.02_451.2155m_z,long_seq,ensemble,2089,1048,1041,0,2144,1078,1066
metabolites_unannotated,4.03_335.2224m_z,long_seq,ensemble,2089,1048,1041,0,2144,1078,1066
metabolites_unannotated,4.03_350.2988m_z,long_seq,ensemble,2089,1048,1041,0,2144,1078,1066
metabolites_unannotated,4.03_359.1502m_z,long_seq,ensemble,2089,1048,1041,0,2144,1078,1066
metabolites_unannotated,4.03_491.3229m_z,long_seq,ensemble,2089,1048,1041,0,2144,1078,1066
metabolites_unannotated,4.04_187.1345m_z,long_seq,ensemble,2089,1048,1041,0,2144,1078,1066
metabolites_unannotated,4.04_187.1978m_z,long_seq,ensemble,2089,1048,1041,0,2144,1078,1066
metabolites_unannotated,4.04_389.2696m_z,long_seq,ensemble,2089,1048,1041,0,2144,1078,1066
metabolites_unannotated,4.04_471.2589m_z,long_seq,ensemble,2089,1048,1041,0,2144,1078,1066
metabolites_unannotated,4.04_487.3429m_z,long_seq,ensemble,2089,1048,1041,0,2144,1078,1066
metabolites_unannotated,4.04_493.2445m_z,long_seq,ensemble,2089,1048,1041,0,2144,1078,1066
metabolites_unannotated,4.04_520.3247n,long_seq,ensemble,2089,1048,1041,0,2144,1078,1066
metabolites_unannotated,4.05_305.1732m_z,long_seq,ensemble,2089,1048,1041,0,2144,1078,1066
metabolites_unannotated,4.06_253.1449m_z,long_seq,ensemble,2089,1048,1041,0,2144,1078,1066
metabolites_unannotated,4.06_351.1836m_z,long_seq,ensemble,2089,1048,1041,0,2144,1078,1066
metabolites_unannotated,4.06_469.2807m_z,long_seq,ensemble,2089,1048,1041,0,2144,1078,1066
metabolites_unannotated,4.06_533.3331m_z,long_seq,ensemble,2089,1048,1041,0,2144,1078,1066
metabolites_unannotated,4.06_549.3071m_z,long_seq,ensemble,2089,1048,1041,0,2144,1078,1066
metabolites_unannotated,4.06_609.3628m_z,long_seq,ensemble,2089,1048,1041,0,2144,1078,1066
metabolites_unannotated,4.08_257.1762m_z,long_seq,ensemble,2089,1048,1041,0,2144,1078,1066
metabolites_unannotated,4.08_257.2511m_z,long_seq,ensemble,2089,1048,1041,0,2144,1078,1066
metabolites_unannotated,4.08_430.2965m_z,long_seq,ensemble,2089,1048,1041,0,2144,1078,1066
metabolites_unannotated,4.08_445.2438m_z,long_seq,ensemble,2089,1048,1041,0,2144,1078,1066
metabolites_unannotated,4.08_448.4055m_z,long_seq,ensemble,2089,1048,1041,0,2144,1078,1066
metabolites_unannotated,4.08_449.6175m_z,long_seq,ensemble,2089,1048,1041,0,2144,1078,1066
metabolites_unannotated,4.08_453.2318m_z,long_seq,ensemble,2089,1048,1041,0,2144,1078,1066
metabolites_unannotated,4.08_484.2682m_z,long_seq,ensemble,2089,1048,1041,0,2144,1078,1066
metabolites_unannotated,4.08_495.2598m_z,long_seq,ensemble,2089,1048,1041,0,2144,1078,1066
metabolites_unannotated,4.08_516.2940m_z,long_seq,ensemble,2089,1048,1041,0,2144,1078,1066
metabolites_unannotated,4.09_448.5490m_z,long_seq,ensemble,2089,1048,1041,0,2144,1078,1066
metabolites_unannotated,4.09_548.2323m_z,long_seq,ensemble,2089,1048,1041,0,2144,1078,1066
metabolites_unannotated,4.10_209.1183m_z,long_seq,ensemble,2089,1048,1041,0,2144,1078,1066
metabolites_unannotated,4.10_287.2014m_z,long_seq,ensemble,2089,1048,1041,0,2144,1078,1066
metabolites_unannotated,4.10_329.2331m_z,long_seq,ensemble,2089,1048,1041,0,2144,1078,1066
metabolites_unannotated,4.10_438.9714m_z,long_seq,ensemble,2089,1048,1041,0,2144,1078,1066
metabolites_unannotated,4.10_440.9694m_z,long_seq,ensemble,2089,1048,1041,0,2144,1078,1066
metabolites_unannotated,4.10_507.2246m_z,long_seq,ensemble,2089,1048,1041,0,2144,1078,1066
metabolites_unannotated,4.10_507.5455m_z,long_seq,ensemble,2089,1048,1041,0,2144,1078,1066
metabolites_unannotated,4.10_507.6683m_z,long_seq,ensemble,2089,1048,1041,0,2144,1078,1066
metabolites_unannotated,4.10_509.2302m_z,long_seq,ensemble,2089,1048,1041,0,2144,1078,1066
metabolites_unannotated,4.10_529.2056m_z,long_seq,ensemble,2089,1048,1041,0,2144,1078,1066
metabolites_unannotated,4.11_249.1132m_z,long_seq,ensemble,2089,1048,1041,0,2144,1078,1066
metabolites_unannotated,4.11_447.2592m_z,long_seq,ensemble,2089,1048,1041,0,2144,1078,1066
metabolites_unannotated,4.11_658.3383n,long_seq,ensemble,2089,1048,1041,0,2144,1078,1066
metabolites_unannotated,4.12_473.2179m_z,long_seq,ensemble,2089,1048,1041,0,2144,1078,1066
metabolites_unannotated,4.12_477.3212m_z,long_seq,ensemble,2089,1048,1041,0,2144,1078,1066
metabolites_unannotated,4.13_265.1812m_z,long_seq,ensemble,2089,1048,1041,0,2144,1078,1066
metabolites_unannotated,4.13_335.2227m_z,long_seq,ensemble,2089,1048,1041,0,2144,1078,1066
metabolites_unannotated,4.13_426.2647m_z,long_seq,ensemble,2089,1048,1041,0,2144,1078,1066
metabolites_unannotated,4.13_491.2859m_z,long_seq,ensemble,2089,1048,1041,0,2144,1078,1066
metabolites_unannotated,4.13_611.3798m_z,long_seq,ensemble,2089,1048,1041,0,2144,1078,1066
metabolites_unannotated,4.14_391.1800m_z,long_seq,ensemble,2089,1048,1041,0,2144,1078,1066
metabolites_unannotated,4.14_481.2817m_z,long_seq,ensemble,2089,1048,1041,0,2144,1078,1066
metabolites_unannotated,4.14_482.6013m_z,long_seq,ensemble,2089,1048,1041,0,2144,1078,1066
metabolites_unannotated,4.14_482.7734m_z,long_seq,ensemble,2089,1048,1041,0,2144,1078,1066
metabolites_unannotated,4.14_549.2680m_z,long_seq,ensemble,2089,1048,1041,0,2144,1078,1066
metabolites_unannotated,4.16_223.1345m_z,long_seq,ensemble,2089,1048,1041,0,2144,1078,1066
metabolites_unannotated,4.16_223.3489m_z,long_seq,ensemble,2089,1048,1041,0,2144,1078,1066
metabolites_unannotated,4.16_239.1289m_z,long_seq,ensemble,2089,1048,1041,0,2144,1078,1066
metabolites_unannotated,4.16_267.2001m_z,long_seq,ensemble,2089,1048,1041,0,2144,1078,1066
metabolites_unannotated,4.16_267.2703m_z,long_seq,ensemble,2089,1048,1041,0,2144,1078,1066
metabolites_unannotated,4.16_267.3571m_z,long_seq,ensemble,2089,1048,1041,0,2144,1078,1066
metabolites_unannotated,4.16_267.4476m_z,long_seq,ensemble,2089,1048,1041,0,2144,1078,1066
metabolites_unannotated,4.16_345.2642m_z,long_seq,ensemble,2089,1048,1041,0,2144,1078,1066
metabolites_unannotated,4.16_367.0494m_z,long_seq,ensemble,2089,1048,1041,0,2144,1078,1066
metabolites_unannotated,4.17_273.1705m_z,long_seq,ensemble,2089,1048,1041,0,2144,1078,1066
metabolites_unannotated,4.17_305.1748m_z,long_seq,ensemble,2089,1048,1041,0,2144,1078,1066
metabolites_unannotated,4.17_503.3225m_z,long_seq,ensemble,2089,1048,1041,0,2144,1078,1066
metabolites_unannotated,4.18_311.3052m_z,long_seq,ensemble,2089,1048,1041,0,2144,1078,1066
metabolites_unannotated,4.18_619.3120m_z,long_seq,ensemble,2089,1048,1041,0,2144,1078,1066
metabolites_unannotated,4.19_221.0821m_z,long_seq,ensemble,2089,1048,1041,0,2144,1078,1066
metabolites_unannotated,4.19_229.1447m_z,long_seq,ensemble,2089,1048,1041,0,2144,1078,1066
metabolites_unannotated,4.19_253.1085m_z,long_seq,ensemble,2089,1048,1041,0,2144,1078,1066
metabolites_unannotated,4.19_281.1757m_z,long_seq,ensemble,2089,1048,1041,0,2144,1078,1066
metabolites_unannotated,4.19_307.1581m_z,long_seq,ensemble,2089,1048,1041,0,2144,1078,1066
metabolites_unannotated,4.19_437.2910m_z,long_seq,ensemble,2089,1048,1041,0,2144,1078,1066
metabolites_unannotated,4.19_451.3064m_z,long_seq,ensemble,2089,1048,1041,0,2144,1078,1066
metabolites_unannotated,4.19_521.2756m_z,long_seq,ensemble,2089,1048,1041,0,2144,1078,1066
metabolites_unannotated,4.19_537.2703m_z,long_seq,ensemble,2089,1048,1041,0,2144,1078,1066
metabolites_unannotated,4.19_584.3567m_z,long_seq,ensemble,2089,1048,1041,0,2144,1078,1066
metabolites_unannotated,4.20_213.1499m_z,long_seq,ensemble,2089,1048,1041,0,2144,1078,1066
metabolites_unannotated,4.20_256.9821m_z,long_seq,ensemble,2089,1048,1041,0,2144,1078,1066
metabolites_unannotated,4.20_258.9801m_z,long_seq,ensemble,2089,1048,1041,0,2144,1078,1066
metabolites_unannotated,4.20_333.2072m_z,long_seq,ensemble,2089,1048,1041,0,2144,1078,1066
metabolites_unannotated,4.20_447.2591m_z,long_seq,ensemble,2089,1048,1041,0,2144,1078,1066
metabolites_unannotated,4.20_455.3477m_z,long_seq,ensemble,2089,1048,1041,0,2144,1078,1066
metabolites_unannotated,4.20_551.3218m_z,long_seq,ensemble,2089,1048,1041,0,2144,1078,1066
metabolites_unannotated,4.21_329.2332m_z,long_seq,ensemble,2089,1048,1041,0,2144,1078,1066
metabolites_unannotated,4.22_287.2219m_z,long_seq,ensemble,2089,1048,1041,0,2144,1078,1066
metabolites_unannotated,4.22_321.2069m_z,long_seq,ensemble,2089,1048,1041,0,2144,1078,1066
metabolites_unannotated,4.22_327.2186m_z,long_seq,ensemble,2089,1048,1041,0,2144,1078,1066
metabolites_unannotated,4.22_329.1690m_z,long_seq,ensemble,2089,1048,1041,0,2144,1078,1066
metabolites_unannotated,4.22_371.2073m_z,long_seq,ensemble,2089,1048,1041,0,2144,1078,1066
metabolites_unannotated,4.22_391.2860m_z,long_seq,ensemble,2089,1048,1041,0,2144,1078,1066
metabolites_unannotated,4.22_391.3790m_z,long_seq,ensemble,2089,1048,1041,0,2144,1078,1066
metabolites_unannotated,4.22_471.3472m_z,long_seq,ensemble,2089,1048,1041,0,2144,1078,1066
metabolites_unannotated,4.22_533.3328m_z,long_seq,ensemble,2089,1048,1041,0,2144,1078,1066
metabolites_unannotated,4.22_581.2403m_z,long_seq,ensemble,2089,1048,1041,0,2144,1078,1066
metabolites_unannotated,4.22_591.3528m_z,long_seq,ensemble,2089,1048,1041,0,2144,1078,1066
metabolites_unannotated,4.23_225.1857m_z,long_seq,ensemble,2089,1048,1041,0,2144,1078,1066
metabolites_unannotated,4.23_237.1499m_z,long_seq,ensemble,2089,1048,1041,0,2144,1078,1066
metabolites_unannotated,4.23_376.3174m_z,long_seq,ensemble,2089,1048,1041,0,2144,1078,1066
metabolites_unannotated,4.23_389.2700m_z,long_seq,ensemble,2089,1048,1041,0,2144,1078,1066
metabolites_unannotated,4.23_473.2760m_z,long_seq,ensemble,2089,1048,1041,0,2144,1078,1066
metabolites_unannotated,4.24_337.2386m_z,long_seq,ensemble,2089,1048,1041,0,2144,1078,1066
metabolites_unannotated,4.24_445.2955m_z,long_seq,ensemble,2089,1048,1041,0,2144,1078,1066
metabolites_unannotated,4.24_658.3594m_z,long_seq,ensemble,2089,1048,1041,0,2144,1078,1066
metabolites_unannotated,4.25_239.1654m_z,long_seq,ensemble,2089,1048,1041,0,2144,1078,1066
metabolites_unannotated,4.25_271.1917m_z,long_seq,ensemble,2089,1048,1041,0,2144,1078,1066
metabolites_unannotated,4.25_295.1898m_z,long_seq,ensemble,2089,1048,1041,0,2144,1078,1066
metabolites_unannotated,4.25_431.3171m_z,long_seq,ensemble,2089,1048,1041,0,2144,1078,1066
metabolites_unannotated,4.25_477.3210m_z,long_seq,ensemble,2089,1048,1041,0,2144,1078,1066
metabolites_unannotated,4.25_487.2905m_z,long_seq,ensemble,2089,1048,1041,0,2144,1078,1066
metabolites_unannotated,4.25_493.2803m_z,long_seq,ensemble,2089,1048,1041,0,2144,1078,1066
metabolites_unannotated,4.25_515.3375m_z,long_seq,ensemble,2089,1048,1041,0,2144,1078,1066
metabolites_unannotated,4.26_297.1706m_z,long_seq,ensemble,2089,1048,1041,0,2144,1078,1066
metabolites_unannotated,4.26_333.2070m_z,long_seq,ensemble,2089,1048,1041,0,2144,1078,1066
metabolites_unannotated,4.26_421.2955m_z,long_seq,ensemble,2089,1048,1041,0,2144,1078,1066
metabolites_unannotated,4.27_269.1759m_z,long_seq,ensemble,2089,1048,1041,0,2144,1078,1066
metabolites_unannotated,4.27_290.1760m_z,long_seq,ensemble,2089,1048,1041,0,2144,1078,1066
metabolites_unannotated,4.27_305.1748m_z,long_seq,ensemble,2089,1048,1041,0,2144,1078,1066
metabolites_unannotated,4.27_335.2209m_z,long_seq,ensemble,2089,1048,1041,0,2144,1078,1066
metabolites_unannotated,4.28_549.3062m_z,long_seq,ensemble,2089,1048,1041,0,2144,1078,1066
metabolites_unannotated,4.29_307.1581m_z,long_seq,ensemble,2089,1048,1041,0,2144,1078,1066
metabolites_unannotated,4.29_669.2763m_z,long_seq,ensemble,2089,1048,1041,0,2144,1078,1066
metabolites_unannotated,4.30_165.1284m_z,long_seq,ensemble,2089,1048,1041,0,2144,1078,1066
metabolites_unannotated,4.30_357.1829m_z,long_seq,ensemble,2089,1048,1041,0,2144,1078,1066
metabolites_unannotated,4.31_389.2699m_z,long_seq,ensemble,2089,1048,1041,0,2144,1078,1066
metabolites_unannotated,4.31_398.9374m_z,long_seq,ensemble,2089,1048,1041,0,2144,1078,1066
metabolites_unannotated,4.31_621.3282m_z,long_seq,ensemble,2089,1048,1041,0,2144,1078,1066
metabolites_unannotated,4.32_457.3323m_z,long_seq,ensemble,2089,1048,1041,0,2144,1078,1066
metabolites_unannotated,4.32_461.3111m_z,long_seq,ensemble,2089,1048,1041,0,2144,1078,1066
metabolites_unannotated,4.33_208.1343m_z,long_seq,ensemble,2089,1048,1041,0,2144,1078,1066
metabolites_unannotated,4.33_253.1352m_z,long_seq,ensemble,2089,1048,1041,0,2144,1078,1066
metabolites_unannotated,4.33_295.1911m_z,long_seq,ensemble,2089,1048,1041,0,2144,1078,1066
metabolites_unannotated,4.33_483.2966m_z,long_seq,ensemble,2089,1048,1041,0,2144,1078,1066
metabolites_unannotated,4.33_495.2783m_z,long_seq,ensemble,2089,1048,1041,0,2144,1078,1066
metabolites_unannotated,4.33_583.2565m_z,long_seq,ensemble,2089,1048,1041,0,2144,1078,1066
metabolites_unannotated,4.34_359.2800m_z,long_seq,ensemble,2089,1048,1041,0,2144,1078,1066
metabolites_unannotated,4.34_426.2652m_z,long_seq,ensemble,2089,1048,1041,0,2144,1078,1066
metabolites_unannotated,4.35_411.2031m_z,long_seq,ensemble,2089,1048,1041,0,2144,1078,1066
metabolites_unannotated,4.37_211.1706m_z,long_seq,ensemble,2089,1048,1041,0,2144,1078,1066
metabolites_unannotated,4.37_321.2060m_z,long_seq,ensemble,2089,1048,1041,0,2144,1078,1066
metabolites_unannotated,4.37_335.2218m_z,long_seq,ensemble,2089,1048,1041,0,2144,1078,1066
metabolites_unannotated,4.38_279.1964m_z,long_seq,ensemble,2089,1048,1041,0,2144,1078,1066
metabolites_unannotated,4.38_283.1915m_z,long_seq,ensemble,2089,1048,1041,0,2144,1078,1066
metabolites_unannotated,4.38_305.1734m_z,long_seq,ensemble,2089,1048,1041,0,2144,1078,1066
metabolites_unannotated,4.38_397.2241m_z,long_seq,ensemble,2089,1048,1041,0,2144,1078,1066
metabolites_unannotated,4.38_397.5093m_z,long_seq,ensemble,2089,1048,1041,0,2144,1078,1066
metabolites_unannotated,4.38_433.3322m_z,long_seq,ensemble,2089,1048,1041,0,2144,1078,1066
metabolites_unannotated,4.39_419.3168m_z,long_seq,ensemble,2089,1048,1041,0,2144,1078,1066
metabolites_unannotated,4.39_463.3067m_z,long_seq,ensemble,2089,1048,1041,0,2144,1078,1066
metabolites_unannotated,4.39_477.2162m_z,long_seq,ensemble,2089,1048,1041,0,2144,1078,1066
metabolites_unannotated,4.40_237.1496m_z,long_seq,ensemble,2089,1048,1041,0,2144,1078,1066
metabolites_unannotated,4.40_237.1860m_z,long_seq,ensemble,2089,1048,1041,0,2144,1078,1066
metabolites_unannotated,4.40_382.2056m_z,long_seq,ensemble,2089,1048,1041,0,2144,1078,1066
metabolites_unannotated,4.40_647.3799m_z,long_seq,ensemble,2089,1048,1041,0,2144,1078,1066
metabolites_unannotated,4.42_169.1236m_z,long_seq,ensemble,2089,1048,1041,0,2144,1078,1066
metabolites_unannotated,4.42_225.1861m_z,long_seq,ensemble,2089,1048,1041,0,2144,1078,1066
metabolites_unannotated,4.42_249.1863m_z,long_seq,ensemble,2089,1048,1041,0,2144,1078,1066
metabolites_unannotated,4.42_287.2226m_z,long_seq,ensemble,2089,1048,1041,0,2144,1078,1066
metabolites_unannotated,4.42_335.1497m_z,long_seq,ensemble,2089,1048,1041,0,2144,1078,1066
metabolites_unannotated,4.42_389.2699m_z,long_seq,ensemble,2089,1048,1041,0,2144,1078,1066
metabolites_unannotated,4.42_431.3164m_z,long_seq,ensemble,2089,1048,1041,0,2144,1078,1066
metabolites_unannotated,4.42_483.2969m_z,long_seq,ensemble,2089,1048,1041,0,2144,1078,1066
metabolites_unannotated,4.43_307.1914m_z,long_seq,ensemble,2089,1048,1041,0,2144,1078,1066
metabolites_unannotated,4.43_335.2224m_z,long_seq,ensemble,2089,1048,1041,0,2144,1078,1066
metabolites_unannotated,4.43_359.2803m_z,long_seq,ensemble,2089,1048,1041,0,2144,1078,1066
metabolites_unannotated,4.43_372.2572m_z,long_seq,ensemble,2089,1048,1041,0,2144,1078,1066
metabolites_unannotated,4.43_445.2951m_z,long_seq,ensemble,2089,1048,1041,0,2144,1078,1066
metabolites_unannotated,4.44_215.1655m_z,long_seq,ensemble,2089,1048,1041,0,2144,1078,1066
metabolites_unannotated,4.44_455.2475m_z,long_seq,ensemble,2089,1048,1041,0,2144,1078,1066
metabolites_unannotated,4.45_471.3475m_z,long_seq,ensemble,2089,1048,1041,0,2144,1078,1066
metabolites_unannotated,4.45_538.2780n,long_seq,ensemble,2089,1048,1041,0,2144,1078,1066
metabolites_unannotated,4.46_249.1500m_z,long_seq,ensemble,2089,1048,1041,0,2144,1078,1066
metabolites_unannotated,4.46_263.1290m_z,long_seq,ensemble,2089,1048,1041,0,2144,1078,1066
metabolites_unannotated,4.46_377.2006m_z,long_seq,ensemble,2089,1048,1041,0,2144,1078,1066
metabolites_unannotated,4.46_475.3280m_z,long_seq,ensemble,2089,1048,1041,0,2144,1078,1066
metabolites_unannotated,4.47_319.1910m_z,long_seq,ensemble,2089,1048,1041,0,2144,1078,1066
metabolites_unannotated,4.47_343.2489m_z,long_seq,ensemble,2089,1048,1041,0,2144,1078,1066
metabolites_unannotated,4.48_169.1236m_z,long_seq,ensemble,2089,1048,1041,0,2144,1078,1066
metabolites_unannotated,4.48_255.1603m_z,long_seq,ensemble,2089,1048,1041,0,2144,1078,1066
metabolites_unannotated,4.48_289.1805m_z,long_seq,ensemble,2089,1048,1041,0,2144,1078,1066
metabolites_unannotated,4.48_299.2225m_z,long_seq,ensemble,2089,1048,1041,0,2144,1078,1066
metabolites_unannotated,4.48_360.0254m_z,long_seq,ensemble,2089,1048,1041,0,2144,1078,1066
metabolites_unannotated,4.48_385.2232m_z,long_seq,ensemble,2089,1048,1041,0,2144,1078,1066
metabolites_unannotated,4.49_335.1495m_z,long_seq,ensemble,2089,1048,1041,0,2144,1078,1066
metabolites_unannotated,4.50_329.2323m_z,long_seq,ensemble,2089,1048,1041,0,2144,1078,1066
metabolites_unannotated,4.50_581.2400m_z,long_seq,ensemble,2089,1048,1041,0,2144,1078,1066
metabolites_unannotated,4.50_583.2564m_z,long_seq,ensemble,2089,1048,1041,0,2144,1078,1066
metabolites_unannotated,4.50_660.3518n,long_seq,ensemble,2089,1048,1041,0,2144,1078,1066
metabolites_unannotated,4.51_307.1910m_z,long_seq,ensemble,2089,1048,1041,0,2144,1078,1066
metabolites_unannotated,4.51_361.2024m_z,long_seq,ensemble,2089,1048,1041,0,2144,1078,1066
metabolites_unannotated,4.51_368.8771m_z,long_seq,ensemble,2089,1048,1041,0,2144,1078,1066
metabolites_unannotated,4.51_370.8753m_z,long_seq,ensemble,2089,1048,1041,0,2144,1078,1066
metabolites_unannotated,4.51_372.8734m_z,long_seq,ensemble,2089,1048,1041,0,2144,1078,1066
metabolites_unannotated,4.52_263.1652m_z,long_seq,ensemble,2089,1048,1041,0,2144,1078,1066
metabolites_unannotated,4.52_591.3536m_z,long_seq,ensemble,2089,1048,1041,0,2144,1078,1066
metabolites_unannotated,4.53_319.2275m_z,long_seq,ensemble,2089,1048,1041,0,2144,1078,1066
metabolites_unannotated,4.53_424.2470m_z,long_seq,ensemble,2089,1048,1041,0,2144,1078,1066
metabolites_unannotated,4.54_429.3004m_z,long_seq,ensemble,2089,1048,1041,0,2144,1078,1066
metabolites_unannotated,4.54_452.2782m_z,long_seq,ensemble,2089,1048,1041,0,2144,1078,1066
metabolites_unannotated,4.54_502.2704m_z,long_seq,ensemble,2089,1048,1041,0,2144,1078,1066
metabolites_unannotated,4.54_512.2996m_z,long_seq,ensemble,2089,1048,1041,0,2144,1078,1066
metabolites_unannotated,4.54_512.4056m_z,long_seq,ensemble,2089,1048,1041,0,2144,1078,1066
metabolites_unannotated,4.54_514.3055m_z,long_seq,ensemble,2089,1048,1041,0,2144,1078,1066
metabolites_unannotated,4.54_526.3152m_z,long_seq,ensemble,2089,1048,1041,0,2144,1078,1066
metabolites_unannotated,4.56_215.1657m_z,long_seq,ensemble,2089,1048,1041,0,2144,1078,1066
metabolites_unannotated,4.56_302.1760m_z,long_seq,ensemble,2089,1048,1041,0,2144,1078,1066
metabolites_unannotated,4.56_399.2392m_z,long_seq,ensemble,2089,1048,1041,0,2144,1078,1066
metabolites_unannotated,4.57_359.2805m_z,long_seq,ensemble,2089,1048,1041,0,2144,1078,1066
metabolites_unannotated,4.57_391.2861m_z,long_seq,ensemble,2089,1048,1041,0,2144,1078,1066
metabolites_unannotated,4.57_437.2913m_z,long_seq,ensemble,2089,1048,1041,0,2144,1078,1066
metabolites_unannotated,4.57_451.3065m_z,long_seq,ensemble,2089,1048,1041,0,2144,1078,1066
metabolites_unannotated,4.58_239.1656m_z,long_seq,ensemble,2089,1048,1041,0,2144,1078,1066
metabolites_unannotated,4.58_239.2384m_z,long_seq,ensemble,2089,1048,1041,0,2144,1078,1066
metabolites_unannotated,4.59_256.1341m_z,long_seq,ensemble,2089,1048,1041,0,2144,1078,1066
metabolites_unannotated,4.59_277.1447m_z,long_seq,ensemble,2089,1048,1041,0,2144,1078,1066
metabolites_unannotated,4.59_321.1348m_z,long_seq,ensemble,2089,1048,1041,0,2144,1078,1066
metabolites_unannotated,4.59_321.2162m_z,long_seq,ensemble,2089,1048,1041,0,2144,1078,1066
metabolites_unannotated,4.59_321.3908m_z,long_seq,ensemble,2089,1048,1041,0,2144,1078,1066
metabolites_unannotated,4.59_323.2235m_z,long_seq,ensemble,2089,1048,1041,0,2144,1078,1066
metabolites_unannotated,4.59_341.2694m_z,long_seq,ensemble,2089,1048,1041,0,2144,1078,1066
metabolites_unannotated,4.59_371.2799m_z,long_seq,ensemble,2089,1048,1041,0,2144,1078,1066
metabolites_unannotated,4.59_562.3154m_z,long_seq,ensemble,2089,1048,1041,0,2144,1078,1066
metabolites_unannotated,4.59_576.3304m_z,long_seq,ensemble,2089,1048,1041,0,2144,1078,1066
metabolites_unannotated,4.60_279.1967m_z,long_seq,ensemble,2089,1048,1041,0,2144,1078,1066
metabolites_unannotated,4.61_329.2329m_z,long_seq,ensemble,2089,1048,1041,0,2144,1078,1066
metabolites_unannotated,4.61_526.2938m_z,long_seq,ensemble,2089,1048,1041,0,2144,1078,1066
metabolites_unannotated,4.61_586.3155m_z,long_seq,ensemble,2089,1048,1041,0,2144,1078,1066
metabolites_unannotated,4.61_600.3310m_z,long_seq,ensemble,2089,1048,1041,0,2144,1078,1066
metabolites_unannotated,4.61_630.3396m_z,long_seq,ensemble,2089,1048,1041,0,2144,1078,1066
metabolites_unannotated,4.62_237.1861m_z,long_seq,ensemble,2089,1048,1041,0,2144,1078,1066
metabolites_unannotated,4.62_269.1757m_z,long_seq,ensemble,2089,1048,1041,0,2144,1078,1066
metabolites_unannotated,4.62_289.1806m_z,long_seq,ensemble,2089,1048,1041,0,2144,1078,1066
metabolites_unannotated,4.62_307.1910m_z,long_seq,ensemble,2089,1048,1041,0,2144,1078,1066
metabolites_unannotated,4.62_378.2421m_z,long_seq,ensemble,2089,1048,1041,0,2144,1078,1066
metabolites_unannotated,4.63_285.2864m_z,long_seq,ensemble,2089,1048,1041,0,2144,1078,1066
metabolites_unannotated,4.63_413.2909m_z,long_seq,ensemble,2089,1048,1041,0,2144,1078,1066
metabolites_unannotated,4.64_165.1284m_z,long_seq,ensemble,2089,1048,1041,0,2144,1078,1066
metabolites_unannotated,4.64_253.1356m_z,long_seq,ensemble,2089,1048,1041,0,2144,1078,1066
metabolites_unannotated,4.64_271.1916m_z,long_seq,ensemble,2089,1048,1041,0,2144,1078,1066
metabolites_unannotated,4.64_289.1475m_z,long_seq,ensemble,2089,1048,1041,0,2144,1078,1066
metabolites_unannotated,4.64_291.1948m_z,long_seq,ensemble,2089,1048,1041,0,2144,1078,1066
metabolites_unannotated,4.64_297.2070m_z,long_seq,ensemble,2089,1048,1041,0,2144,1078,1066
metabolites_unannotated,4.64_309.2071m_z,long_seq,ensemble,2089,1048,1041,0,2144,1078,1066
metabolites_unannotated,4.64_335.1498m_z,long_seq,ensemble,2089,1048,1041,0,2144,1078,1066
metabolites_unannotated,4.64_431.3164m_z,long_seq,ensemble,2089,1048,1041,0,2144,1078,1066
metabolites_unannotated,4.65_343.2848m_z,long_seq,ensemble,2089,1048,1041,0,2144,1078,1066
metabolites_unannotated,4.65_389.2701m_z,long_seq,ensemble,2089,1048,1041,0,2144,1078,1066
metabolites_unannotated,4.66_253.1803m_z,long_seq,ensemble,2089,1048,1041,0,2144,1078,1066
metabolites_unannotated,4.66_333.2068m_z,long_seq,ensemble,2089,1048,1041,0,2144,1078,1066
metabolites_unannotated,4.66_391.2861m_z,long_seq,ensemble,2089,1048,1041,0,2144,1078,1066
metabolites_unannotated,4.66_502.2709m_z,long_seq,ensemble,2089,1048,1041,0,2144,1078,1066
metabolites_unannotated,4.66_512.2998m_z,long_seq,ensemble,2089,1048,1041,0,2144,1078,1066
metabolites_unannotated,4.66_514.3061m_z,long_seq,ensemble,2089,1048,1041,0,2144,1078,1066
metabolites_unannotated,4.66_526.3150m_z,long_seq,ensemble,2089,1048,1041,0,2144,1078,1066
metabolites_unannotated,4.67_452.2785m_z,long_seq,ensemble,2089,1048,1041,0,2144,1078,1066
metabolites_unannotated,4.67_512.4047m_z,long_seq,ensemble,2089,1048,1041,0,2144,1078,1066
metabolites_unannotated,4.68_323.2225m_z,long_seq,ensemble,2089,1048,1041,0,2144,1078,1066
metabolites_unannotated,4.68_337.2377m_z,long_seq,ensemble,2089,1048,1041,0,2144,1078,1066
metabolites_unannotated,4.68_487.3277m_z,long_seq,ensemble,2089,1048,1041,0,2144,1078,1066
metabolites_unannotated,4.69_432.3126m_z,long_seq,ensemble,2089,1048,1041,0,2144,1078,1066
metabolites_unannotated,4.69_526.2940m_z,long_seq,ensemble,2089,1048,1041,0,2144,1078,1066
metabolites_unannotated,4.69_562.3154m_z,long_seq,ensemble,2089,1048,1041,0,2144,1078,1066
metabolites_unannotated,4.69_576.3303m_z,long_seq,ensemble,2089,1048,1041,0,2144,1078,1066
metabolites_unannotated,4.69_600.3309m_z,long_seq,ensemble,2089,1048,1041,0,2144,1078,1066
metabolites_unannotated,4.69_630.3394m_z,long_seq,ensemble,2089,1048,1041,0,2144,1078,1066
metabolites_unannotated,4.71_263.1652m_z,long_seq,ensemble,2089,1048,1041,0,2144,1078,1066
metabolites_unannotated,4.71_283.2271m_z,long_seq,ensemble,2089,1048,1041,0,2144,1078,1066
metabolites_unannotated,4.71_343.2484m_z,long_seq,ensemble,2089,1048,1041,0,2144,1078,1066
metabolites_unannotated,4.71_538.3153m_z,long_seq,ensemble,2089,1048,1041,0,2144,1078,1066
metabolites_unannotated,4.71_552.3305m_z,long_seq,ensemble,2089,1048,1041,0,2144,1078,1066
metabolites_unannotated,4.72_225.1860m_z,long_seq,ensemble,2089,1048,1041,0,2144,1078,1066
metabolites_unannotated,4.72_293.2122m_z,long_seq,ensemble,2089,1048,1041,0,2144,1078,1066
metabolites_unannotated,4.72_307.1550m_z,long_seq,ensemble,2089,1048,1041,0,2144,1078,1066
metabolites_unannotated,4.72_329.2330m_z,long_seq,ensemble,2089,1048,1041,0,2144,1078,1066
metabolites_unannotated,4.72_371.2799m_z,long_seq,ensemble,2089,1048,1041,0,2144,1078,1066
metabolites_unannotated,4.72_373.2024m_z,long_seq,ensemble,2089,1048,1041,0,2144,1078,1066
metabolites_unannotated,4.72_373.2959m_z,long_seq,ensemble,2089,1048,1041,0,2144,1078,1066
metabolites_unannotated,4.74_429.3013m_z,long_seq,ensemble,2089,1048,1041,0,2144,1078,1066
metabolites_unannotated,4.74_479.3373m_z,long_seq,ensemble,2089,1048,1041,0,2144,1078,1066
metabolites_unannotated,4.75_239.1656m_z,long_seq,ensemble,2089,1048,1041,0,2144,1078,1066
metabolites_unannotated,4.75_399.2393m_z,long_seq,ensemble,2089,1048,1041,0,2144,1078,1066
metabolites_unannotated,4.75_562.3154m_z,long_seq,ensemble,2089,1048,1041,0,2144,1078,1066
metabolites_unannotated,4.75_576.3309m_z,long_seq,ensemble,2089,1048,1041,0,2144,1078,1066
metabolites_unannotated,4.76_380.2573m_z,long_seq,ensemble,2089,1048,1041,0,2144,1078,1066
metabolites_unannotated,4.77_431.3170m_z,long_seq,ensemble,2089,1048,1041,0,2144,1078,1066
metabolites_unannotated,4.79_271.1912m_z,long_seq,ensemble,2089,1048,1041,0,2144,1078,1066
metabolites_unannotated,4.81_343.2849m_z,long_seq,ensemble,2089,1048,1041,0,2144,1078,1066
metabolites_unannotated,4.82_538.3155m_z,long_seq,ensemble,2089,1048,1041,0,2144,1078,1066
metabolites_unannotated,4.82_552.3308m_z,long_seq,ensemble,2089,1048,1041,0,2144,1078,1066
metabolites_unannotated,4.83_367.2488m_z,long_seq,ensemble,2089,1048,1041,0,2144,1078,1066
metabolites_unannotated,4.83_543.3437m_z,long_seq,ensemble,2089,1048,1041,0,2144,1078,1066
metabolites_unannotated,4.85_346.9203m_z,long_seq,ensemble,2089,1048,1041,0,2144,1078,1066
metabolites_unannotated,4.85_526.2843m_z,long_seq,ensemble,2089,1048,1041,0,2144,1078,1066
metabolites_unannotated,4.85_526.3152m_z,long_seq,ensemble,2089,1048,1041,0,2144,1078,1066
metabolites_unannotated,4.87_253.1810m_z,long_seq,ensemble,2089,1048,1041,0,2144,1078,1066
metabolites_unannotated,4.87_335.2224m_z,long_seq,ensemble,2089,1048,1041,0,2144,1078,1066
metabolites_unannotated,4.87_357.3007m_z,long_seq,ensemble,2089,1048,1041,0,2144,1078,1066
metabolites_unannotated,4.87_612.3309m_z,long_seq,ensemble,2089,1048,1041,0,2144,1078,1066
metabolites_unannotated,4.87_612.4463m_z,long_seq,ensemble,2089,1048,1041,0,2144,1078,1066
metabolites_unannotated,4.87_626.3464m_z,long_seq,ensemble,2089,1048,1041,0,2144,1078,1066
metabolites_unannotated,4.88_333.2052m_z,long_seq,ensemble,2089,1048,1041,0,2144,1078,1066
metabolites_unannotated,4.89_341.2693m_z,long_seq,ensemble,2089,1048,1041,0,2144,1078,1066
metabolites_unannotated,4.89_476.7094m_z,long_seq,ensemble,2089,1048,1041,0,2144,1078,1066
metabolites_unannotated,4.89_477.7167m_z,long_seq,ensemble,2089,1048,1041,0,2144,1078,1066
metabolites_unannotated,4.89_500.2785m_z,long_seq,ensemble,2089,1048,1041,0,2144,1078,1066
metabolites_unannotated,4.90_293.2120m_z,long_seq,ensemble,2089,1048,1041,0,2144,1078,1066
metabolites_unannotated,4.90_343.2854m_z,long_seq,ensemble,2089,1048,1041,0,2144,1078,1066
metabolites_unannotated,4.90_528.3091m_z,long_seq,ensemble,2089,1048,1041,0,2144,1078,1066
metabolites_unannotated,4.90_602.3465m_z,long_seq,ensemble,2089,1048,1041,0,2144,1078,1066
metabolites_unannotated,4.91_337.2382m_z,long_seq,ensemble,2089,1048,1041,0,2144,1078,1066
metabolites_unannotated,4.91_504.3095m_z,long_seq,ensemble,2089,1048,1041,0,2144,1078,1066
metabolites_unannotated,4.91_554.3022m_z,long_seq,ensemble,2089,1048,1041,0,2144,1078,1066
metabolites_unannotated,4.91_564.4412m_z,long_seq,ensemble,2089,1048,1041,0,2144,1078,1066
metabolites_unannotated,4.91_578.3465m_z,long_seq,ensemble,2089,1048,1041,0,2144,1078,1066
metabolites_unannotated,4.91_588.3307m_z,long_seq,ensemble,2089,1048,1041,0,2144,1078,1066
metabolites_unannotated,4.91_608.3561m_z,long_seq,ensemble,2089,1048,1041,0,2144,1078,1066
metabolites_unannotated,4.93_241.1815m_z,long_seq,ensemble,2089,1048,1041,0,2144,1078,1066
metabolites_unannotated,4.93_343.2285m_z,long_seq,ensemble,2089,1048,1041,0,2144,1078,1066
metabolites_unannotated,4.93_526.2848m_z,long_seq,ensemble,2089,1048,1041,0,2144,1078,1066
metabolites_unannotated,4.94_457.3173m_z,long_seq,ensemble,2089,1048,1041,0,2144,1078,1066
metabolites_unannotated,4.95_552.3097m_z,long_seq,ensemble,2089,1048,1041,0,2144,1078,1066
metabolites_unannotated,4.95_612.4456m_z,long_seq,ensemble,2089,1048,1041,0,2144,1078,1066
metabolites_unannotated,4.95_626.3464m_z,long_seq,ensemble,2089,1048,1041,0,2144,1078,1066
metabolites_unannotated,4.96_373.2023m_z,long_seq,ensemble,2089,1048,1041,0,2144,1078,1066
metabolites_unannotated,4.96_526.3152m_z,long_seq,ensemble,2089,1048,1041,0,2144,1078,1066
metabolites_unannotated,4.97_307.1582m_z,long_seq,ensemble,2089,1048,1041,0,2144,1078,1066
metabolites_unannotated,4.97_315.1635m_z,long_seq,ensemble,2089,1048,1041,0,2144,1078,1066
metabolites_unannotated,4.98_262.8399m_z,long_seq,ensemble,2089,1048,1041,0,2144,1078,1066
metabolites_unannotated,4.98_337.2386m_z,long_seq,ensemble,2089,1048,1041,0,2144,1078,1066
metabolites_unannotated,4.98_528.3099m_z,long_seq,ensemble,2089,1048,1041,0,2144,1078,1066
metabolites_unannotated,4.98_588.3307m_z,long_seq,ensemble,2089,1048,1041,0,2144,1078,1066
metabolites_unannotated,4.99_371.2803m_z,long_seq,ensemble,2089,1048,1041,0,2144,1078,1066
metabolites_unannotated,4.99_476.7094m_z,long_seq,ensemble,2089,1048,1041,0,2144,1078,1066
metabolites_unannotated,4.99_477.7168m_z,long_seq,ensemble,2089,1048,1041,0,2144,1078,1066
metabolites_unannotated,4.99_526.2937m_z,long_seq,ensemble,2089,1048,1041,0,2144,1078,1066
metabolites_unannotated,5.01_343.2278m_z,long_seq,ensemble,2089,1048,1041,0,2144,1078,1066
metabolites_unannotated,5.01_453.3218m_z,long_seq,ensemble,2089,1048,1041,0,2144,1078,1066
metabolites_unannotated,5.02_295.2279m_z,long_seq,ensemble,2089,1048,1041,0,2144,1078,1066
metabolites_unannotated,5.02_341.2697m_z,long_seq,ensemble,2089,1048,1041,0,2144,1078,1066
metabolites_unannotated,5.02_349.2379m_z,long_seq,ensemble,2089,1048,1041,0,2144,1078,1066
metabolites_unannotated,5.02_554.3021m_z,long_seq,ensemble,2089,1048,1041,0,2144,1078,1066
metabolites_unannotated,5.02_564.4412m_z,long_seq,ensemble,2089,1048,1041,0,2144,1078,1066
metabolites_unannotated,5.02_578.3465m_z,long_seq,ensemble,2089,1048,1041,0,2144,1078,1066
metabolites_unannotated,5.02_608.3563m_z,long_seq,ensemble,2089,1048,1041,0,2144,1078,1066
metabolites_unannotated,5.03_385.2957m_z,long_seq,ensemble,2089,1048,1041,0,2144,1078,1066
metabolites_unannotated,5.05_367.2484m_z,long_seq,ensemble,2089,1048,1041,0,2144,1078,1066
metabolites_unannotated,5.08_343.2850m_z,long_seq,ensemble,2089,1048,1041,0,2144,1078,1066
metabolites_unannotated,5.08_357.3007m_z,long_seq,ensemble,2089,1048,1041,0,2144,1078,1066
metabolites_unannotated,5.08_526.2940m_z,long_seq,ensemble,2089,1048,1041,0,2144,1078,1066
metabolites_unannotated,5.09_337.2382m_z,long_seq,ensemble,2089,1048,1041,0,2144,1078,1066
metabolites_unannotated,5.09_453.3222m_z,long_seq,ensemble,2089,1048,1041,0,2144,1078,1066
metabolites_unannotated,5.09_502.2937m_z,long_seq,ensemble,2089,1048,1041,0,2144,1078,1066
metabolites_unannotated,5.10_293.2122m_z,long_seq,ensemble,2089,1048,1041,0,2144,1078,1066
metabolites_unannotated,5.11_263.2014m_z,long_seq,ensemble,2089,1048,1041,0,2144,1078,1066
metabolites_unannotated,5.11_321.2431m_z,long_seq,ensemble,2089,1048,1041,0,2144,1078,1066
metabolites_unannotated,5.11_552.3308m_z,long_seq,ensemble,2089,1048,1041,0,2144,1078,1066
metabolites_unannotated,5.11_590.3465m_z,long_seq,ensemble,2089,1048,1041,0,2144,1078,1066
metabolites_unannotated,5.11_604.3618m_z,long_seq,ensemble,2089,1048,1041,0,2144,1078,1066
metabolites_unannotated,5.13_343.2280m_z,long_seq,ensemble,2089,1048,1041,0,2144,1078,1066
metabolites_unannotated,5.14_480.3097m_z,long_seq,ensemble,2089,1048,1041,0,2144,1078,1066
metabolites_unannotated,5.14_540.3312m_z,long_seq,ensemble,2089,1048,1041,0,2144,1078,1066
metabolites_unannotated,5.14_554.3465m_z,long_seq,ensemble,2089,1048,1041,0,2144,1078,1066
metabolites_unannotated,5.16_335.2221m_z,long_seq,ensemble,2089,1048,1041,0,2144,1078,1066
metabolites_unannotated,5.17_349.2380m_z,long_seq,ensemble,2089,1048,1041,0,2144,1078,1066
metabolites_unannotated,5.18_361.2743m_z,long_seq,ensemble,2089,1048,1041,0,2144,1078,1066
metabolites_unannotated,5.19_385.2959m_z,long_seq,ensemble,2089,1048,1041,0,2144,1078,1066
metabolites_unannotated,5.21_319.2280m_z,long_seq,ensemble,2089,1048,1041,0,2144,1078,1066
metabolites_unannotated,5.21_590.3467m_z,long_seq,ensemble,2089,1048,1041,0,2144,1078,1066
metabolites_unannotated,5.21_604.3621m_z,long_seq,ensemble,2089,1048,1041,0,2144,1078,1066
metabolites_unannotated,5.22_243.1970m_z,long_seq,ensemble,2089,1048,1041,0,2144,1078,1066
metabolites_unannotated,5.22_293.2120m_z,long_seq,ensemble,2089,1048,1041,0,2144,1078,1066
metabolites_unannotated,5.22_363.2537m_z,long_seq,ensemble,2089,1048,1041,0,2144,1078,1066
metabolites_unannotated,5.24_526.2941m_z,long_seq,ensemble,2089,1048,1041,0,2144,1078,1066
metabolites_unannotated,5.25_277.1446m_z,long_seq,ensemble,2089,1048,1041,0,2144,1078,1066
metabolites_unannotated,5.25_347.2229m_z,long_seq,ensemble,2089,1048,1041,0,2144,1078,1066
metabolites_unannotated,5.26_480.3084m_z,long_seq,ensemble,2089,1048,1041,0,2144,1078,1066
metabolites_unannotated,5.26_540.3310m_z,long_seq,ensemble,2089,1048,1041,0,2144,1078,1066
metabolites_unannotated,5.26_554.3465m_z,long_seq,ensemble,2089,1048,1041,0,2144,1078,1066
metabolites_unannotated,5.27_317.2119m_z,long_seq,ensemble,2089,1048,1041,0,2144,1078,1066
metabolites_unannotated,5.27_437.3267m_z,long_seq,ensemble,2089,1048,1041,0,2144,1078,1066
metabolites_unannotated,5.28_287.2227m_z,long_seq,ensemble,2089,1048,1041,0,2144,1078,1066
metabolites_unannotated,5.29_566.3466m_z,long_seq,ensemble,2089,1048,1041,0,2144,1078,1066
metabolites_unannotated,5.29_580.3608m_z,long_seq,ensemble,2089,1048,1041,0,2144,1078,1066
metabolites_unannotated,5.30_295.2277m_z,long_seq,ensemble,2089,1048,1041,0,2144,1078,1066
metabolites_unannotated,5.30_363.2542m_z,long_seq,ensemble,2089,1048,1041,0,2144,1078,1066
metabolites_unannotated,5.30_528.3090m_z,long_seq,ensemble,2089,1048,1041,0,2144,1078,1066
metabolites_unannotated,5.31_223.1708m_z,long_seq,ensemble,2089,1048,1041,0,2144,1078,1066
metabolites_unannotated,5.32_321.2425m_z,long_seq,ensemble,2089,1048,1041,0,2144,1078,1066
metabolites_unannotated,5.33_339.2540m_z,long_seq,ensemble,2089,1048,1041,0,2144,1078,1066
metabolites_unannotated,5.34_293.2121m_z,long_seq,ensemble,2089,1048,1041,0,2144,1078,1066
metabolites_unannotated,5.35_385.2600m_z,long_seq,ensemble,2089,1048,1041,0,2144,1078,1066
metabolites_unannotated,5.36_284.2232m_z,long_seq,ensemble,2089,1048,1041,0,2144,1078,1066
metabolites_unannotated,5.37_291.1602m_z,long_seq,ensemble,2089,1048,1041,0,2144,1078,1066
metabolites_unannotated,5.38_339.2541m_z,long_seq,ensemble,2089,1048,1041,0,2144,1078,1066
metabolites_unannotated,5.38_349.2380m_z,long_seq,ensemble,2089,1048,1041,0,2144,1078,1066
metabolites_unannotated,5.38_528.3092m_z,long_seq,ensemble,2089,1048,1041,0,2144,1078,1066
metabolites_unannotated,5.38_566.3466m_z,long_seq,ensemble,2089,1048,1041,0,2144,1078,1066
metabolites_unannotated,5.38_580.3622m_z,long_seq,ensemble,2089,1048,1041,0,2144,1078,1066
metabolites_unannotated,5.39_363.2538m_z,long_seq,ensemble,2089,1048,1041,0,2144,1078,1066
metabolites_unannotated,5.40_250.1456m_z,long_seq,ensemble,2089,1048,1041,0,2144,1078,1066
metabolites_unannotated,5.40_465.2860m_z,long_seq,ensemble,2089,1048,1041,0,2144,1078,1066
metabolites_unannotated,5.41_524.3360m_z,long_seq,ensemble,2089,1048,1041,0,2144,1078,1066
metabolites_unannotated,5.42_317.2123m_z,long_seq,ensemble,2089,1048,1041,0,2144,1078,1066
metabolites_unannotated,5.42_329.2334m_z,long_seq,ensemble,2089,1048,1041,0,2144,1078,1066
metabolites_unannotated,5.42_365.2700m_z,long_seq,ensemble,2089,1048,1041,0,2144,1078,1066
metabolites_unannotated,5.43_239.1657m_z,long_seq,ensemble,2089,1048,1041,0,2144,1078,1066
metabolites_unannotated,5.44_345.2074m_z,long_seq,ensemble,2089,1048,1041,0,2144,1078,1066
metabolites_unannotated,5.46_321.2415m_z,long_seq,ensemble,2089,1048,1041,0,2144,1078,1066
metabolites_unannotated,5.46_489.3586m_z,long_seq,ensemble,2089,1048,1041,0,2144,1078,1066
metabolites_unannotated,5.50_365.2700m_z,long_seq,ensemble,2089,1048,1041,0,2144,1078,1066
metabolites_unannotated,5.50_435.3116m_z,long_seq,ensemble,2089,1048,1041,0,2144,1078,1066
metabolites_unannotated,5.51_287.2228m_z,long_seq,ensemble,2089,1048,1041,0,2144,1078,1066
metabolites_unannotated,5.51_437.3267m_z,long_seq,ensemble,2089,1048,1041,0,2144,1078,1066
metabolites_unannotated,5.54_295.2279m_z,long_seq,ensemble,2089,1048,1041,0,2144,1078,1066
metabolites_unannotated,5.54_299.2589m_z,long_seq,ensemble,2089,1048,1041,0,2144,1078,1066
metabolites_unannotated,5.54_554.3469m_z,long_seq,ensemble,2089,1048,1041,0,2144,1078,1066
metabolites_unannotated,5.54_568.3619m_z,long_seq,ensemble,2089,1048,1041,0,2144,1078,1066
metabolites_unannotated,5.56_249.1863m_z,long_seq,ensemble,2089,1048,1041,0,2144,1078,1066
metabolites_unannotated,5.56_293.2119m_z,long_seq,ensemble,2089,1048,1041,0,2144,1078,1066
metabolites_unannotated,5.59_299.2589m_z,long_seq,ensemble,2089,1048,1041,0,2144,1078,1066
metabolites_unannotated,5.60_327.0602m_z,long_seq,ensemble,2089,1048,1041,0,2144,1078,1066
metabolites_unannotated,5.60_329.0583m_z,long_seq,ensemble,2089,1048,1041,0,2144,1078,1066
metabolites_unannotated,5.61_345.2435m_z,long_seq,ensemble,2089,1048,1041,0,2144,1078,1066
metabolites_unannotated,5.64_365.2700m_z,long_seq,ensemble,2089,1048,1041,0,2144,1078,1066
metabolites_unannotated,5.67_407.2806m_z,long_seq,ensemble,2089,1048,1041,0,2144,1078,1066
metabolites_unannotated,5.69_480.3095m_z,long_seq,ensemble,2089,1048,1041,0,2144,1078,1066
metabolites_unannotated,5.69_568.3623m_z,long_seq,ensemble,2089,1048,1041,0,2144,1078,1066
metabolites_unannotated,5.70_295.2278m_z,long_seq,ensemble,2089,1048,1041,0,2144,1078,1066
metabolites_unannotated,5.71_257.2125m_z,long_seq,ensemble,2089,1048,1041,0,2144,1078,1066
metabolites_unannotated,5.72_321.2430m_z,long_seq,ensemble,2089,1048,1041,0,2144,1078,1066
metabolites_unannotated,5.76_287.2227m_z,long_seq,ensemble,2089,1048,1041,0,2144,1078,1066
metabolites_unannotated,5.78_391.2859m_z,long_seq,ensemble,2089,1048,1041,0,2144,1078,1066
metabolites_unannotated,5.79_407.2804m_z,long_seq,ensemble,2089,1048,1041,0,2144,1078,1066
metabolites_unannotated,5.80_568.3624m_z,long_seq,ensemble,2089,1048,1041,0,2144,1078,1066
metabolites_unannotated,5.81_321.2426m_z,long_seq,ensemble,2089,1048,1041,0,2144,1078,1066
metabolites_unannotated,5.83_465.3581m_z,long_seq,ensemble,2089,1048,1041,0,2144,1078,1066
metabolites_unannotated,5.88_391.2860m_z,long_seq,ensemble,2089,1048,1041,0,2144,1078,1066
metabolites_unannotated,5.95_391.2859m_z,long_seq,ensemble,2089,1048,1041,0,2144,1078,1066
metabolites_unannotated,9.31_435.2515m_z,long_seq,ensemble,2089,1048,1041,0,2144,1078,1066
metabolites_unannotated,9.32_433.2356m_z,long_seq,ensemble,2089,1048,1041,0,2144,1078,1066
metabolites_unannotated,9.32_747.5659m_z,long_seq,ensemble,2089,1048,1041,0,2144,1078,1066
metabolites_unannotated,9.32_826.5609m_z,long_seq,ensemble,2089,1048,1041,0,2144,1078,1066
metabolites_unannotated,9.32_852.5749m_z,long_seq,ensemble,2089,1048,1041,0,2144,1078,1066
metabolites_unannotated,9.33_437.2675m_z,long_seq,ensemble,2089,1048,1041,0,2144,1078,1066
metabolites_unannotated,9.33_457.2359m_z,long_seq,ensemble,2089,1048,1041,0,2144,1078,1066
metabolites_unannotated,9.33_568.3611m_z,long_seq,ensemble,2089,1048,1041,0,2144,1078,1066
microbiome,Rep_1042,long_seq,ensemble,3252,1575,1677,0,3329,1614,1715
microbiome,Rep_1094,long_seq,ensemble,3252,1575,1677,0,3329,1614,1715
microbiome,Rep_1116,long_seq,ensemble,3252,1575,1677,0,3329,1614,1715
microbiome,Rep_1119,long_seq,ensemble,3252,1575,1677,0,3329,1614,1715
microbiome,Rep_1120,long_seq,ensemble,3252,1575,1677,0,3329,1614,1715
microbiome,Rep_1207,long_seq,ensemble,3252,1575,1677,0,3329,1614,1715
microbiome,Rep_1208,long_seq,ensemble,3252,1575,1677,0,3329,1614,1715
microbiome,Rep_1228,long_seq,ensemble,3252,1575,1677,0,3329,1614,1715
microbiome,Rep_1229,long_seq,ensemble,3252,1575,1677,0,3329,1614,1715
microbiome,Rep_1237,long_seq,ensemble,3252,1575,1677,0,3329,1614,1715
microbiome,Rep_1240,long_seq,ensemble,3252,1575,1677,0,3329,1614,1715
microbiome,Rep_1250,long_seq,ensemble,3252,1575,1677,0,3329,1614,1715
microbiome,Rep_1256,long_seq,ensemble,3252,1575,1677,0,3329,1614,1715
microbiome,Rep_1271,long_seq,ensemble,3252,1575,1677,0,3329,1614,1715
microbiome,Rep_1379,long_seq,ensemble,3252,1575,1677,0,3329,1614,1715
microbiome,Rep_1384,long_seq,ensemble,3252,1575,1677,0,3329,1614,1715
microbiome,Rep_1397,long_seq,ensemble,3252,1575,1677,0,3329,1614,1715
microbiome,Rep_1403,long_seq,ensemble,3252,1575,1677,0,3329,1614,1715
microbiome,Rep_1443,long_seq,ensemble,3252,1575,1677,0,3329,1614,1715
microbiome,Rep_1448,long_seq,ensemble,3252,1575,1677,0,3329,1614,1715
microbiome,Rep_1453,long_seq,ensemble,3252,1575,1677,0,3329,1614,1715
microbiome,Rep_1454,long_seq,ensemble,3252,1575,1677,0,3329,1614,1715
microbiome,Rep_1455,long_seq,ensemble,3252,1575,1677,0,3329,1614,1715
microbiome,Rep_1461,long_seq,ensemble,3252,1575,1677,0,3329,1614,1715
microbiome,Rep_1464,long_seq,ensemble,3252,1575,1677,0,3329,1614,1715
microbiome,Rep_1468,long_seq,ensemble,3252,1575,1677,0,3329,1614,1715
microbiome,Rep_1482,long_seq,ensemble,3252,1575,1677,0,3329,1614,1715
microbiome,Rep_1496,long_seq,ensemble,3252,1575,1677,0,3329,1614,1715
microbiome,Rep_1501,long_seq,ensemble,3252,1575,1677,0,3329,1614,1715
microbiome,Rep_1507,long_seq,ensemble,3252,1575,1677,0,3329,1614,1715
microbiome,Rep_1509,long_seq,ensemble,3252,1575,1677,0,3329,1614,1715
microbiome,Rep_1510,long_seq,ensemble,3252,1575,1677,0,3329,1614,1715
microbiome,Rep_1511,long_seq,ensemble,3252,1575,1677,0,3329,1614,1715
microbiome,Rep_1516,long_seq,ensemble,3252,1575,1677,0,3329,1614,1715
microbiome,Rep_1517,long_seq,ensemble,3252,1575,1677,0,3329,1614,1715
microbiome,Rep_1523,long_seq,ensemble,3252,1575,1677,0,3329,1614,1715
microbiome,Rep_1549,long_seq,ensemble,3252,1575,1677,0,3329,1614,1715
microbiome,Rep_1551,long_seq,ensemble,3252,1575,1677,0,3329,1614,1715
microbiome,Rep_1555,long_seq,ensemble,3252,1575,1677,0,3329,1614,1715
microbiome,Rep_1579,long_seq,ensemble,3252,1575,1677,0,3329,1614,1715
microbiome,Rep_1582,long_seq,ensemble,3252,1575,1677,0,3329,1614,1715
microbiome,Rep_1596,long_seq,ensemble,3252,1575,1677,0,3329,1614,1715
microbiome,Rep_1597,long_seq,ensemble,3252,1575,1677,0,3329,1614,1715
microbiome,Rep_1600,long_seq,ensemble,3252,1575,1677,0,3329,1614,1715
microbiome,Rep_1642,long_seq,ensemble,3252,1575,1677,0,3329,1614,1715
microbiome,Rep_1643,long_seq,ensemble,3252,1575,1677,0,3329,1614,1715
microbiome,Rep_1675,long_seq,ensemble,3252,1575,1677,0,3329,1614,1715
microbiome,Rep_1676,long_seq,ensemble,3252,1575,1677,0,3329,1614,1715
microbiome,Rep_1689,long_seq,ensemble,3252,1575,1677,0,3329,1614,1715
microbiome,Rep_1692,long_seq,ensemble,3252,1575,1677,0,3329,1614,1715
microbiome,Rep_1693,long_seq,ensemble,3252,1575,1677,0,3329,1614,1715
microbiome,Rep_1697,long_seq,ensemble,3252,1575,1677,0,3329,1614,1715
microbiome,Rep_1723,long_seq,ensemble,3252,1575,1677,0,3329,1614,1715
microbiome,Rep_1797,long_seq,ensemble,3252,1575,1677,0,3329,1614,1715
microbiome,Rep_1819,long_seq,ensemble,3252,1575,1677,0,3329,1614,1715
microbiome,Rep_1826,long_seq,ensemble,3252,1575,1677,0,3329,1614,1715
microbiome,Rep_1836,long_seq,ensemble,3252,1575,1677,0,3329,1614,1715
microbiome,Rep_1845,long_seq,ensemble,3252,1575,1677,0,3329,1614,1715
microbiome,Rep_1858,long_seq,ensemble,3252,1575,1677,0,3329,1614,1715
microbiome,Rep_1860,long_seq,ensemble,3252,1575,1677,0,3329,1614,1715
microbiome,Rep_1861,long_seq,ensemble,3252,1575,1677,0,3329,1614,1715
microbiome,Rep_1867,long_seq,ensemble,3252,1575,1677,0,3329,1614,1715
microbiome,Rep_1873,long_seq,ensemble,3252,1575,1677,0,3329,1614,1715
microbiome,Rep_1875,long_seq,ensemble,3252,1575,1677,0,3329,1614,1715
microbiome,Rep_1910,long_seq,ensemble,3252,1575,1677,0,3329,1614,1715
microbiome,Rep_1919,long_seq,ensemble,3252,1575,1677,0,3329,1614,1715
microbiome,Rep_1920,long_seq,ensemble,3252,1575,1677,0,3329,1614,1715
microbiome,Rep_1953,long_seq,ensemble,3252,1575,1677,0,3329,1614,1715
microbiome,Rep_1959,long_seq,ensemble,3252,1575,1677,0,3329,1614,1715
microbiome,Rep_1975,long_seq,ensemble,3252,1575,1677,0,3329,1614,1715
microbiome,Rep_1977,long_seq,ensemble,3252,1575,1677,0,3329,1614,1715
microbiome,Rep_1983,long_seq,ensemble,3252,1575,1677,0,3329,1614,1715
microbiome,Rep_1984,long_seq,ensemble,3252,1575,1677,0,3329,1614,1715
microbiome,Rep_1986,long_seq,ensemble,3252,1575,1677,0,3329,1614,1715
microbiome,Rep_2000,long_seq,ensemble,3252,1575,1677,0,3329,1614,1715
microbiome,Rep_2002,long_seq,ensemble,3252,1575,1677,0,3329,1614,1715
microbiome,Rep_2036,long_seq,ensemble,3252,1575,1677,0,3329,1614,1715
microbiome,Rep_2056,long_seq,ensemble,3252,1575,1677,0,3329,1614,1715
microbiome,Rep_2073,long_seq,ensemble,3252,1575,1677,0,3329,1614,1715
microbiome,Rep_2074,long_seq,ensemble,3252,1575,1677,0,3329,1614,1715
microbiome,Rep_2075,long_seq,ensemble,3252,1575,1677,0,3329,1614,1715
microbiome,Rep_2076,long_seq,ensemble,3252,1575,1677,0,3329,1614,1715
microbiome,Rep_2077,long_seq,ensemble,3252,1575,1677,0,3329,1614,1715
microbiome,Rep_2080,long_seq,ensemble,3252,1575,1677,0,3329,1614,1715
microbiome,Rep_2081,long_seq,ensemble,3252,1575,1677,0,3329,1614,1715
microbiome,Rep_2083,long_seq,ensemble,3252,1575,1677,0,3329,1614,1715
microbiome,Rep_2084,long_seq,ensemble,3252,1575,1677,0,3329,1614,1715
microbiome,Rep_2085,long_seq,ensemble,3252,1575,1677,0,3329,1614,1715
microbiome,Rep_2088,long_seq,ensemble,3252,1575,1677,0,3329,1614,1715
microbiome,Rep_2101,long_seq,ensemble,3252,1575,1677,0,3329,1614,1715
microbiome,Rep_2102,long_seq,ensemble,3252,1575,1677,0,3329,1614,1715
microbiome,Rep_2109,long_seq,ensemble,3252,1575,1677,0,3329,1614,1715
microbiome,Rep_2112,long_seq,ensemble,3252,1575,1677,0,3329,1614,1715
microbiome,Rep_2133,long_seq,ensemble,3252,1575,1677,0,3329,1614,1715
microbiome,Rep_2134,long_seq,ensemble,3252,1575,1677,0,3329,1614,1715
microbiome,Rep_2148,long_seq,ensemble,3252,1575,1677,0,3329,1614,1715
microbiome,Rep_2157,long_seq,ensemble,3252,1575,1677,0,3329,1614,1715
microbiome,Rep_2158,long_seq,ensemble,3252,1575,1677,0,3329,1614,1715
microbiome,Rep_2160,long_seq,ensemble,3252,1575,1677,0,3329,1614,1715
microbiome,Rep_2163,long_seq,ensemble,3252,1575,1677,0,3329,1614,1715
microbiome,Rep_2166,long_seq,ensemble,3252,1575,1677,0,3329,1614,1715
microbiome,Rep_2170,long_seq,ensemble,3252,1575,1677,0,3329,1614,1715
microbiome,Rep_2174,long_seq,ensemble,3252,1575,1677,0,3329,1614,1715
microbiome,Rep_2176,long_seq,ensemble,3252,1575,1677,0,3329,1614,1715
microbiome,Rep_2177,long_seq,ensemble,3252,1575,1677,0,3329,1614,1715
microbiome,Rep_2180,long_seq,ensemble,3252,1575,1677,0,3329,1614,1715
microbiome,Rep_2183,long_seq,ensemble,3252,1575,1677,0,3329,1614,1715
microbiome,Rep_2184,long_seq,ensemble,3252,1575,1677,0,3329,1614,1715
microbiome,Rep_2185,long_seq,ensemble,3252,1575,1677,0,3329,1614,1715
microbiome,Rep_2187,long_seq,ensemble,3252,1575,1677,0,3329,1614,1715
microbiome,Rep_2188,long_seq,ensemble,3252,1575,1677,0,3329,1614,1715
microbiome,Rep_2192,long_seq,ensemble,3252,1575,1677,0,3329,1614,1715
microbiome,Rep_2196,long_seq,ensemble,3252,1575,1677,0,3329,1614,1715
microbiome,Rep_2207,long_seq,ensemble,3252,1575,1677,0,3329,1614,1715
microbiome,Rep_2208,long_seq,ensemble,3252,1575,1677,0,3329,1614,1715
microbiome,Rep_2211,long_seq,ensemble,3252,1575,1677,0,3329,1614,1715
microbiome,Rep_2213,long_seq,ensemble,3252,1575,1677,0,3329,1614,1715
microbiome,Rep_2216,long_seq,ensemble,3252,1575,1677,0,3329,1614,1715
microbiome,Rep_2217,long_seq,ensemble,3252,1575,1677,0,3329,1614,1715
microbiome,Rep_2219,long_seq,ensemble,3252,1575,1677,0,3329,1614,1715
microbiome,Rep_2220,long_seq,ensemble,3252,1575,1677,0,3329,1614,1715
microbiome,Rep_2225,long_seq,ensemble,3252,1575,1677,0,3329,1614,1715
microbiome,Rep_2226,long_seq,ensemble,3252,1575,1677,0,3329,1614,1715
microbiome,Rep_2230,long_seq,ensemble,3252,1575,1677,0,3329,1614,1715
microbiome,Rep_2231,long_seq,ensemble,3252,1575,1677,0,3329,1614,1715
microbiome,Rep_2232,long_seq,ensemble,3252,1575,1677,0,3329,1614,1715
microbiome,Rep_2233,long_seq,ensemble,3252,1575,1677,0,3329,1614,1715
microbiome,Rep_2236,long_seq,ensemble,3252,1575,1677,0,3329,1614,1715
microbiome,Rep_2237,long_seq,ensemble,3252,1575,1677,0,3329,1614,1715
microbiome,Rep_2238,long_seq,ensemble,3252,1575,1677,0,3329,1614,1715
microbiome,Rep_2239,long_seq,ensemble,3252,1575,1677,0,3329,1614,1715
microbiome,Rep_2240,long_seq,ensemble,3252,1575,1677,0,3329,1614,1715
microbiome,Rep_2241,long_seq,ensemble,3252,1575,1677,0,3329,1614,1715
microbiome,Rep_2247,long_seq,ensemble,3252,1575,1677,0,3329,1614,1715
microbiome,Rep_2249,long_seq,ensemble,3252,1575,1677,0,3329,1614,1715
microbiome,Rep_2253,long_seq,ensemble,3252,1575,1677,0,3329,1614,1715
microbiome,Rep_2254,long_seq,ensemble,3252,1575,1677,0,3329,1614,1715
microbiome,Rep_2255,long_seq,ensemble,3252,1575,1677,0,3329,1614,1715
microbiome,Rep_2256,long_seq,ensemble,3252,1575,1677,0,3329,1614,1715
microbiome,Rep_2257,long_seq,ensemble,3252,1575,1677,0,3329,1614,1715
microbiome,Rep_2259,long_seq,ensemble,3252,1575,1677,0,3329,1614,1715
microbiome,Rep_226,long_seq,ensemble,3252,1575,1677,0,3329,1614,1715
microbiome,Rep_2261,long_seq,ensemble,3252,1575,1677,0,3329,1614,1715
microbiome,Rep_2264,long_seq,ensemble,3252,1575,1677,0,3329,1614,1715
microbiome,Rep_2276,long_seq,ensemble,3252,1575,1677,0,3329,1614,1715
microbiome,Rep_2280,long_seq,ensemble,3252,1575,1677,0,3329,1614,1715
microbiome,Rep_2281,long_seq,ensemble,3252,1575,1677,0,3329,1614,1715
microbiome,Rep_2282,long_seq,ensemble,3252,1575,1677,0,3329,1614,1715
microbiome,Rep_2284,long_seq,ensemble,3252,1575,1677,0,3329,1614,1715
microbiome,Rep_2285,long_seq,ensemble,3252,1575,1677,0,3329,1614,1715
microbiome,Rep_2286,long_seq,ensemble,3252,1575,1677,0,3329,1614,1715
microbiome,Rep_2288,long_seq,ensemble,3252,1575,1677,0,3329,1614,1715
microbiome,Rep_2289,long_seq,ensemble,3252,1575,1677,0,3329,1614,1715
microbiome,Rep_2290,long_seq,ensemble,3252,1575,1677,0,3329,1614,1715
microbiome,Rep_2291,long_seq,ensemble,3252,1575,1677,0,3329,1614,1715
microbiome,Rep_2297,long_seq,ensemble,3252,1575,1677,0,3329,1614,1715
microbiome,Rep_2303,long_seq,ensemble,3252,1575,1677,0,3329,1614,1715
microbiome,Rep_2304,long_seq,ensemble,3252,1575,1677,0,3329,1614,1715
microbiome,Rep_2306,long_seq,ensemble,3252,1575,1677,0,3329,1614,1715
microbiome,Rep_231,long_seq,ensemble,3252,1575,1677,0,3329,1614,1715
microbiome,Rep_2312,long_seq,ensemble,3252,1575,1677,0,3329,1614,1715
microbiome,Rep_2313,long_seq,ensemble,3252,1575,1677,0,3329,1614,1715
microbiome,Rep_2316,long_seq,ensemble,3252,1575,1677,0,3329,1614,1715
microbiome,Rep_2318,long_seq,ensemble,3252,1575,1677,0,3329,1614,1715
microbiome,Rep_2319,long_seq,ensemble,3252,1575,1677,0,3329,1614,1715
microbiome,Rep_2320,long_seq,ensemble,3252,1575,1677,0,3329,1614,1715
microbiome,Rep_2321,long_seq,ensemble,3252,1575,1677,0,3329,1614,1715
microbiome,Rep_2323,long_seq,ensemble,3252,1575,1677,0,3329,1614,1715
microbiome,Rep_2324,long_seq,ensemble,3252,1575,1677,0,3329,1614,1715
microbiome,Rep_2325,long_seq,ensemble,3252,1575,1677,0,3329,1614,1715
microbiome,Rep_2326,long_seq,ensemble,3252,1575,1677,0,3329,1614,1715
microbiome,Rep_2327,long_seq,ensemble,3252,1575,1677,0,3329,1614,1715
microbiome,Rep_2329,long_seq,ensemble,3252,1575,1677,0,3329,1614,1715
microbiome,Rep_2330,long_seq,ensemble,3252,1575,1677,0,3329,1614,1715
microbiome,Rep_2331,long_seq,ensemble,3252,1575,1677,0,3329,1614,1715
microbiome,Rep_2332,long_seq,ensemble,3252,1575,1677,0,3329,1614,1715
microbiome,Rep_2333,long_seq,ensemble,3252,1575,1677,0,3329,1614,1715
microbiome,Rep_2342,long_seq,ensemble,3252,1575,1677,0,3329,1614,1715
microbiome,Rep_2343,long_seq,ensemble,3252,1575,1677,0,3329,1614,1715
microbiome,Rep_2350,long_seq,ensemble,3252,1575,1677,0,3329,1614,1715
microbiome,Rep_2351,long_seq,ensemble,3252,1575,1677,0,3329,1614,1715
microbiome,Rep_2352,long_seq,ensemble,3252,1575,1677,0,3329,1614,1715
microbiome,Rep_2353,long_seq,ensemble,3252,1575,1677,0,3329,1614,1715
microbiome,Rep_2363,long_seq,ensemble,3252,1575,1677,0,3329,1614,1715
microbiome,Rep_2367,long_seq,ensemble,3252,1575,1677,0,3329,1614,1715
microbiome,Rep_2368,long_seq,ensemble,3252,1575,1677,0,3329,1614,1715
microbiome,Rep_2369,long_seq,ensemble,3252,1575,1677,0,3329,1614,1715
microbiome,Rep_2370,long_seq,ensemble,3252,1575,1677,0,3329,1614,1715
microbiome,Rep_2371,long_seq,ensemble,3252,1575,1677,0,3329,1614,1715
microbiome,Rep_2374,long_seq,ensemble,3252,1575,1677,0,3329,1614,1715
microbiome,Rep_2384,long_seq,ensemble,3252,1575,1677,0,3329,1614,1715
microbiome,Rep_2385,long_seq,ensemble,3252,1575,1677,0,3329,1614,1715
microbiome,Rep_2386,long_seq,ensemble,3252,1575,1677,0,3329,1614,1715
microbiome,Rep_2387,long_seq,ensemble,3252,1575,1677,0,3329,1614,1715
microbiome,Rep_2390,long_seq,ensemble,3252,1575,1677,0,3329,1614,1715
microbiome,Rep_2391,long_seq,ensemble,3252,1575,1677,0,3329,1614,1715
microbiome,Rep_2392,long_seq,ensemble,3252,1575,1677,0,3329,1614,1715
microbiome,Rep_2393,long_seq,ensemble,3252,1575,1677,0,3329,1614,1715
microbiome,Rep_2399,long_seq,ensemble,3252,1575,1677,0,3329,1614,1715
microbiome,Rep_2400,long_seq,ensemble,3252,1575,1677,0,3329,1614,1715
microbiome,Rep_2415,long_seq,ensemble,3252,1575,1677,0,3329,1614,1715
microbiome,Rep_2423,long_seq,ensemble,3252,1575,1677,0,3329,1614,1715
microbiome,Rep_2473,long_seq,ensemble,3252,1575,1677,0,3329,1614,1715
microbiome,Rep_2516,long_seq,ensemble,3252,1575,1677,0,3329,1614,1715
microbiome,Rep_2540,long_seq,ensemble,3252,1575,1677,0,3329,1614,1715
microbiome,Rep_2551,long_seq,ensemble,3252,1575,1677,0,3329,1614,1715
microbiome,Rep_2557,long_seq,ensemble,3252,1575,1677,0,3329,1614,1715
microbiome,Rep_2559,long_seq,ensemble,3252,1575,1677,0,3329,1614,1715
microbiome,Rep_2560,long_seq,ensemble,3252,1575,1677,0,3329,1614,1715
microbiome,Rep_2561,long_seq,ensemble,3252,1575,1677,0,3329,1614,1715
microbiome,Rep_2562,long_seq,ensemble,3252,1575,1677,0,3329,1614,1715
microbiome,Rep_2586,long_seq,ensemble,3252,1575,1677,0,3329,1614,1715
microbiome,Rep_259,long_seq,ensemble,3252,1575,1677,0,3329,1614,1715
microbiome,Rep_2624,long_seq,ensemble,3252,1575,1677,0,3329,1614,1715
microbiome,Rep_2631,long_seq,ensemble,3252,1575,1677,0,3329,1614,1715
microbiome,Rep_2647,long_seq,ensemble,3252,1575,1677,0,3329,1614,1715
microbiome,Rep_2652,long_seq,ensemble,3252,1575,1677,0,3329,1614,1715
microbiome,Rep_2659,long_seq,ensemble,3252,1575,1677,0,3329,1614,1715
microbiome,Rep_2663,long_seq,ensemble,3252,1575,1677,0,3329,1614,1715
microbiome,Rep_2676,long_seq,ensemble,3252,1575,1677,0,3329,1614,1715
microbiome,Rep_2678,long_seq,ensemble,3252,1575,1677,0,3329,1614,1715
microbiome,Rep_2679,long_seq,ensemble,3252,1575,1677,0,3329,1614,1715
microbiome,Rep_2685,long_seq,ensemble,3252,1575,1677,0,3329,1614,1715
microbiome,Rep_2686,long_seq,ensemble,3252,1575,1677,0,3329,1614,1715
microbiome,Rep_2688,long_seq,ensemble,3252,1575,1677,0,3329,1614,1715
microbiome,Rep_2712,long_seq,ensemble,3252,1575,1677,0,3329,1614,1715
microbiome,Rep_2716,long_seq,ensemble,3252,1575,1677,0,3329,1614,1715
microbiome,Rep_2718,long_seq,ensemble,3252,1575,1677,0,3329,1614,1715
microbiome,Rep_2729,long_seq,ensemble,3252,1575,1677,0,3329,1614,1715
microbiome,Rep_2733,long_seq,ensemble,3252,1575,1677,0,3329,1614,1715
microbiome,Rep_2734,long_seq,ensemble,3252,1575,1677,0,3329,1614,1715
microbiome,Rep_2740,long_seq,ensemble,3252,1575,1677,0,3329,1614,1715
microbiome,Rep_2745,long_seq,ensemble,3252,1575,1677,0,3329,1614,1715
microbiome,Rep_2746,long_seq,ensemble,3252,1575,1677,0,3329,1614,1715
microbiome,Rep_2756,long_seq,ensemble,3252,1575,1677,0,3329,1614,1715
microbiome,Rep_2772,long_seq,ensemble,3252,1575,1677,0,3329,1614,1715
microbiome,Rep_2778,long_seq,ensemble,3252,1575,1677,0,3329,1614,1715
microbiome,Rep_280,long_seq,ensemble,3252,1575,1677,0,3329,1614,1715
microbiome,Rep_2935,long_seq,ensemble,3252,1575,1677,0,3329,1614,1715
microbiome,Rep_2937,long_seq,ensemble,3252,1575,1677,0,3329,1614,1715
microbiome,Rep_2945,long_seq,ensemble,3252,1575,1677,0,3329,1614,1715
microbiome,Rep_2948,long_seq,ensemble,3252,1575,1677,0,3329,1614,1715
microbiome,Rep_2950,long_seq,ensemble,3252,1575,1677,0,3329,1614,1715
microbiome,Rep_2951,long_seq,ensemble,3252,1575,1677,0,3329,1614,1715
microbiome,Rep_2955,long_seq,ensemble,3252,1575,1677,0,3329,1614,1715
microbiome,Rep_2956,long_seq,ensemble,3252,1575,1677,0,3329,1614,1715
microbiome,Rep_2969,long_seq,ensemble,3252,1575,1677,0,3329,1614,1715
microbiome,Rep_2972,long_seq,ensemble,3252,1575,1677,0,3329,1614,1715
microbiome,Rep_2988,long_seq,ensemble,3252,1575,1677,0,3329,1614,1715
microbiome,Rep_2995,long_seq,ensemble,3252,1575,1677,0,3329,1614,1715
microbiome,Rep_2996,long_seq,ensemble,3252,1575,1677,0,3329,1614,1715
microbiome,Rep_2997,long_seq,ensemble,3252,1575,1677,0,3329,1614,1715
microbiome,Rep_3000,long_seq,ensemble,3252,1575,1677,0,3329,1614,1715
microbiome,Rep_3001,long_seq,ensemble,3252,1575,1677,0,3329,1614,1715
microbiome,Rep_3002,long_seq,ensemble,3252,1575,1677,0,3329,1614,1715
microbiome,Rep_3005,long_seq,ensemble,3252,1575,1677,0,3329,1614,1715
microbiome,Rep_3008,long_seq,ensemble,3252,1575,1677,0,3329,1614,1715
microbiome,Rep_3012,long_seq,ensemble,3252,1575,1677,0,3329,1614,1715
microbiome,Rep_3013,long_seq,ensemble,3252,1575,1677,0,3329,1614,1715
microbiome,Rep_3015,long_seq,ensemble,3252,1575,1677,0,3329,1614,1715
microbiome,Rep_3016,long_seq,ensemble,3252,1575,1677,0,3329,1614,1715
microbiome,Rep_3019,long_seq,ensemble,3252,1575,1677,0,3329,1614,1715
microbiome,Rep_3022,long_seq,ensemble,3252,1575,1677,0,3329,1614,1715
microbiome,Rep_3025,long_seq,ensemble,3252,1575,1677,0,3329,1614,1715
microbiome,Rep_3030,long_seq,ensemble,3252,1575,1677,0,3329,1614,1715
microbiome,Rep_3033,long_seq,ensemble,3252,1575,1677,0,3329,1614,1715
microbiome,Rep_3036,long_seq,ensemble,3252,1575,1677,0,3329,1614,1715
microbiome,Rep_3039,long_seq,ensemble,3252,1575,1677,0,3329,1614,1715
microbiome,Rep_3040,long_seq,ensemble,3252,1575,1677,0,3329,1614,1715
microbiome,Rep_3041,long_seq,ensemble,3252,1575,1677,0,3329,1614,1715
microbiome,Rep_3047,long_seq,ensemble,3252,1575,1677,0,3329,1614,1715
microbiome,Rep_3050,long_seq,ensemble,3252,1575,1677,0,3329,1614,1715
microbiome,Rep_3053,long_seq,ensemble,3252,1575,1677,0,3329,1614,1715
microbiome,Rep_3054,long_seq,ensemble,3252,1575,1677,0,3329,1614,1715
microbiome,Rep_3055,long_seq,ensemble,3252,1575,1677,0,3329,1614,1715
microbiome,Rep_3056,long_seq,ensemble,3252,1575,1677,0,3329,1614,1715
microbiome,Rep_3063,long_seq,ensemble,3252,1575,1677,0,3329,1614,1715
microbiome,Rep_3064,long_seq,ensemble,3252,1575,1677,0,3329,1614,1715
microbiome,Rep_3065,long_seq,ensemble,3252,1575,1677,0,3329,1614,1715
microbiome,Rep_3066,long_seq,ensemble,3252,1575,1677,0,3329,1614,1715
microbiome,Rep_3067,long_seq,ensemble,3252,1575,1677,0,3329,1614,1715
microbiome,Rep_3068,long_seq,ensemble,3252,1575,1677,0,3329,1614,1715
microbiome,Rep_3070,long_seq,ensemble,3252,1575,1677,0,3329,1614,1715
microbiome,Rep_3071,long_seq,ensemble,3252,1575,1677,0,3329,1614,1715
microbiome,Rep_3072,long_seq,ensemble,3252,1575,1677,0,3329,1614,1715
microbiome,Rep_3073,long_seq,ensemble,3252,1575,1677,0,3329,1614,1715
microbiome,Rep_3074,long_seq,ensemble,3252,1575,1677,0,3329,1614,1715
microbiome,Rep_3075,long_seq,ensemble,3252,1575,1677,0,3329,1614,1715
microbiome,Rep_3076,long_seq,ensemble,3252,1575,1677,0,3329,1614,1715
microbiome,Rep_3077,long_seq,ensemble,3252,1575,1677,0,3329,1614,1715
microbiome,Rep_3078,long_seq,ensemble,3252,1575,1677,0,3329,1614,1715
microbiome,Rep_3079,long_seq,ensemble,3252,1575,1677,0,3329,1614,1715
microbiome,Rep_3080,long_seq,ensemble,3252,1575,1677,0,3329,1614,1715
microbiome,Rep_3081,long_seq,ensemble,3252,1575,1677,0,3329,1614,1715
microbiome,Rep_3082,long_seq,ensemble,3252,1575,1677,0,3329,1614,1715
microbiome,Rep_3083,long_seq,ensemble,3252,1575,1677,0,3329,1614,1715
microbiome,Rep_3084,long_seq,ensemble,3252,1575,1677,0,3329,1614,1715
microbiome,Rep_3085,long_seq,ensemble,3252,1575,1677,0,3329,1614,1715
microbiome,Rep_3086,long_seq,ensemble,3252,1575,1677,0,3329,1614,1715
microbiome,Rep_3087,long_seq,ensemble,3252,1575,1677,0,3329,1614,1715
microbiome,Rep_3088,long_seq,ensemble,3252,1575,1677,0,3329,1614,1715
microbiome,Rep_3092,long_seq,ensemble,3252,1575,1677,0,3329,1614,1715
microbiome,Rep_3096,long_seq,ensemble,3252,1575,1677,0,3329,1614,1715
microbiome,Rep_3098,long_seq,ensemble,3252,1575,1677,0,3329,1614,1715
microbiome,Rep_3102,long_seq,ensemble,3252,1575,1677,0,3329,1614,1715
microbiome,Rep_3103,long_seq,ensemble,3252,1575,1677,0,3329,1614,1715
microbiome,Rep_3106,long_seq,ensemble,3252,1575,1677,0,3329,1614,1715
microbiome,Rep_3116,long_seq,ensemble,3252,1575,1677,0,3329,1614,1715
microbiome,Rep_3117,long_seq,ensemble,3252,1575,1677,0,3329,1614,1715
microbiome,Rep_3118,long_seq,ensemble,3252,1575,1677,0,3329,1614,1715
microbiome,Rep_3119,long_seq,ensemble,3252,1575,1677,0,3329,1614,1715
microbiome,Rep_3128,long_seq,ensemble,3252,1575,1677,0,3329,1614,1715
microbiome,Rep_3137,long_seq,ensemble,3252,1575,1677,0,3329,1614,1715
microbiome,Rep_3144,long_seq,ensemble,3252,1575,1677,0,3329,1614,1715
microbiome,Rep_3145,long_seq,ensemble,3252,1575,1677,0,3329,1614,1715
microbiome,Rep_3147,long_seq,ensemble,3252,1575,1677,0,3329,1614,1715
microbiome,Rep_3148,long_seq,ensemble,3252,1575,1677,0,3329,1614,1715
microbiome,Rep_3149,long_seq,ensemble,3252,1575,1677,0,3329,1614,1715
microbiome,Rep_3150,long_seq,ensemble,3252,1575,1677,0,3329,1614,1715
microbiome,Rep_3151,long_seq,ensemble,3252,1575,1677,0,3329,1614,1715
microbiome,Rep_3152,long_seq,ensemble,3252,1575,1677,0,3329,1614,1715
microbiome,Rep_3160,long_seq,ensemble,3252,1575,1677,0,3329,1614,1715
microbiome,Rep_3162,long_seq,ensemble,3252,1575,1677,0,3329,1614,1715
microbiome,Rep_3165,long_seq,ensemble,3252,1575,1677,0,3329,1614,1715
microbiome,Rep_3167,long_seq,ensemble,3252,1575,1677,0,3329,1614,1715
microbiome,Rep_3169,long_seq,ensemble,3252,1575,1677,0,3329,1614,1715
microbiome,Rep_3170,long_seq,ensemble,3252,1575,1677,0,3329,1614,1715
microbiome,Rep_3171,long_seq,ensemble,3252,1575,1677,0,3329,1614,1715
microbiome,Rep_3172,long_seq,ensemble,3252,1575,1677,0,3329,1614,1715
microbiome,Rep_3178,long_seq,ensemble,3252,1575,1677,0,3329,1614,1715
microbiome,Rep_3179,long_seq,ensemble,3252,1575,1677,0,3329,1614,1715
microbiome,Rep_3180,long_seq,ensemble,3252,1575,1677,0,3329,1614,1715
microbiome,Rep_3181,long_seq,ensemble,3252,1575,1677,0,3329,1614,1715
microbiome,Rep_3182,long_seq,ensemble,3252,1575,1677,0,3329,1614,1715
microbiome,Rep_3183,long_seq,ensemble,3252,1575,1677,0,3329,1614,1715
microbiome,Rep_3186,long_seq,ensemble,3252,1575,1677,0,3329,1614,1715
microbiome,Rep_3187,long_seq,ensemble,3252,1575,1677,0,3329,1614,1715
microbiome,Rep_3190,long_seq,ensemble,3252,1575,1677,0,3329,1614,1715
microbiome,Rep_3191,long_seq,ensemble,3252,1575,1677,0,3329,1614,1715
microbiome,Rep_3198,long_seq,ensemble,3252,1575,1677,0,3329,1614,1715
microbiome,Rep_3199,long_seq,ensemble,3252,1575,1677,0,3329,1614,1715
microbiome,Rep_3200,long_seq,ensemble,3252,1575,1677,0,3329,1614,1715
microbiome,Rep_3203,long_seq,ensemble,3252,1575,1677,0,3329,1614,1715
microbiome,Rep_3210,long_seq,ensemble,3252,1575,1677,0,3329,1614,1715
microbiome,Rep_3212,long_seq,ensemble,3252,1575,1677,0,3329,1614,1715
microbiome,Rep_3214,long_seq,ensemble,3252,1575,1677,0,3329,1614,1715
microbiome,Rep_3216,long_seq,ensemble,3252,1575,1677,0,3329,1614,1715
microbiome,Rep_3217,long_seq,ensemble,3252,1575,1677,0,3329,1614,1715
microbiome,Rep_3218,long_seq,ensemble,3252,1575,1677,0,3329,1614,1715
microbiome,Rep_3219,long_seq,ensemble,3252,1575,1677,0,3329,1614,1715
microbiome,Rep_3222,long_seq,ensemble,3252,1575,1677,0,3329,1614,1715
microbiome,Rep_3226,long_seq,ensemble,3252,1575,1677,0,3329,1614,1715
microbiome,Rep_3228,long_seq,ensemble,3252,1575,1677,0,3329,1614,1715
microbiome,Rep_3229,long_seq,ensemble,3252,1575,1677,0,3329,1614,1715
microbiome,Rep_3230,long_seq,ensemble,3252,1575,1677,0,3329,1614,1715
microbiome,Rep_3232,long_seq,ensemble,3252,1575,1677,0,3329,1614,1715
microbiome,Rep_3240,long_seq,ensemble,3252,1575,1677,0,3329,1614,1715
microbiome,Rep_3242,long_seq,ensemble,3252,1575,1677,0,3329,1614,1715
microbiome,Rep_3243,long_seq,ensemble,3252,1575,1677,0,3329,1614,1715
microbiome,Rep_3244,long_seq,ensemble,3252,1575,1677,0,3329,1614,1715
microbiome,Rep_3245,long_seq,ensemble,3252,1575,1677,0,3329,1614,1715
microbiome,Rep_3249,long_seq,ensemble,3252,1575,1677,0,3329,1614,1715
microbiome,Rep_3253,long_seq,ensemble,3252,1575,1677,0,3329,1614,1715
microbiome,Rep_3257,long_seq,ensemble,3252,1575,1677,0,3329,1614,1715
microbiome,Rep_3262,long_seq,ensemble,3252,1575,1677,0,3329,1614,1715
microbiome,Rep_3263,long_seq,ensemble,3252,1575,1677,0,3329,1614,1715
microbiome,Rep_3264,long_seq,ensemble,3252,1575,1677,0,3329,1614,1715
microbiome,Rep_3268,long_seq,ensemble,3252,1575,1677,0,3329,1614,1715
microbiome,Rep_3269,long_seq,ensemble,3252,1575,1677,0,3329,1614,1715
microbiome,Rep_3272,long_seq,ensemble,3252,1575,1677,0,3329,1614,1715
microbiome,Rep_3275,long_seq,ensemble,3252,1575,1677,0,3329,1614,1715
microbiome,Rep_3277,long_seq,ensemble,3252,1575,1677,0,3329,1614,1715
microbiome,Rep_3278,long_seq,ensemble,3252,1575,1677,0,3329,1614,1715
microbiome,Rep_3281,long_seq,ensemble,3252,1575,1677,0,3329,1614,1715
microbiome,Rep_3282,long_seq,ensemble,3252,1575,1677,0,3329,1614,1715
microbiome,Rep_3287,long_seq,ensemble,3252,1575,1677,0,3329,1614,1715
microbiome,Rep_3288,long_seq,ensemble,3252,1575,1677,0,3329,1614,1715
microbiome,Rep_3290,long_seq,ensemble,3252,1575,1677,0,3329,1614,1715
microbiome,Rep_3295,long_seq,ensemble,3252,1575,1677,0,3329,1614,1715
microbiome,Rep_33,long_seq,ensemble,3252,1575,1677,0,3329,1614,1715
microbiome,Rep_3315,long_seq,ensemble,3252,1575,1677,0,3329,1614,1715
microbiome,Rep_3342,long_seq,ensemble,3252,1575,1677,0,3329,1614,1715
microbiome,Rep_3343,long_seq,ensemble,3252,1575,1677,0,3329,1614,1715
microbiome,Rep_3345,long_seq,ensemble,3252,1575,1677,0,3329,1614,1715
microbiome,Rep_3346,long_seq,ensemble,3252,1575,1677,0,3329,1614,1715
microbiome,Rep_3349,long_seq,ensemble,3252,1575,1677,0,3329,1614,1715
microbiome,Rep_3357,long_seq,ensemble,3252,1575,1677,0,3329,1614,1715
microbiome,Rep_3364,long_seq,ensemble,3252,1575,1677,0,3329,1614,1715
microbiome,Rep_3368,long_seq,ensemble,3252,1575,1677,0,3329,1614,1715
microbiome,Rep_3380,long_seq,ensemble,3252,1575,1677,0,3329,1614,1715
microbiome,Rep_3382,long_seq,ensemble,3252,1575,1677,0,3329,1614,1715
microbiome,Rep_3388,long_seq,ensemble,3252,1575,1677,0,3329,1614,1715
microbiome,Rep_3389,long_seq,ensemble,3252,1575,1677,0,3329,1614,1715
microbiome,Rep_3396,long_seq,ensemble,3252,1575,1677,0,3329,1614,1715
microbiome,Rep_3397,long_seq,ensemble,3252,1575,1677,0,3329,1614,1715
microbiome,Rep_3413,long_seq,ensemble,3252,1575,1677,0,3329,1614,1715
microbiome,Rep_3418,long_seq,ensemble,3252,1575,1677,0,3329,1614,1715
microbiome,Rep_3421,long_seq,ensemble,3252,1575,1677,0,3329,1614,1715
microbiome,Rep_3424,long_seq,ensemble,3252,1575,1677,0,3329,1614,1715
microbiome,Rep_3441,long_seq,ensemble,3252,1575,1677,0,3329,1614,1715
microbiome,Rep_3443,long_seq,ensemble,3252,1575,1677,0,3329,1614,1715
microbiome,Rep_3450,long_seq,ensemble,3252,1575,1677,0,3329,1614,1715
microbiome,Rep_3454,long_seq,ensemble,3252,1575,1677,0,3329,1614,1715
microbiome,Rep_3456,long_seq,ensemble,3252,1575,1677,0,3329,1614,1715
microbiome,Rep_3457,long_seq,ensemble,3252,1575,1677,0,3329,1614,1715
microbiome,Rep_3477,long_seq,ensemble,3252,1575,1677,0,3329,1614,1715
microbiome,Rep_3480,long_seq,ensemble,3252,1575,1677,0,3329,1614,1715
microbiome,Rep_3490,long_seq,ensemble,3252,1575,1677,0,3329,1614,1715
microbiome,Rep_3491,long_seq,ensemble,3252,1575,1677,0,3329,1614,1715
microbiome,Rep_3522,long_seq,ensemble,3252,1575,1677,0,3329,1614,1715
microbiome,Rep_3523,long_seq,ensemble,3252,1575,1677,0,3329,1614,1715
microbiome,Rep_3524,long_seq,ensemble,3252,1575,1677,0,3329,1614,1715
microbiome,Rep_3533,long_seq,ensemble,3252,1575,1677,0,3329,1614,1715
microbiome,Rep_3541,long_seq,ensemble,3252,1575,1677,0,3329,1614,1715
microbiome,Rep_3547,long_seq,ensemble,3252,1575,1677,0,3329,1614,1715
microbiome,Rep_3548,long_seq,ensemble,3252,1575,1677,0,3329,1614,1715
microbiome,Rep_3574,long_seq,ensemble,3252,1575,1677,0,3329,1614,1715
microbiome,Rep_3575,long_seq,ensemble,3252,1575,1677,0,3329,1614,1715
microbiome,Rep_3576,long_seq,ensemble,3252,1575,1677,0,3329,1614,1715
microbiome,Rep_3588,long_seq,ensemble,3252,1575,1677,0,3329,1614,1715
microbiome,Rep_3589,long_seq,ensemble,3252,1575,1677,0,3329,1614,1715
microbiome,Rep_3592,long_seq,ensemble,3252,1575,1677,0,3329,1614,1715
microbiome,Rep_41,long_seq,ensemble,3252,1575,1677,0,3329,1614,1715
microbiome,Rep_42,long_seq,ensemble,3252,1575,1677,0,3329,1614,1715
microbiome,Rep_426,long_seq,ensemble,3252,1575,1677,0,3329,1614,1715
microbiome,Rep_431,long_seq,ensemble,3252,1575,1677,0,3329,1614,1715
microbiome,Rep_432,long_seq,ensemble,3252,1575,1677,0,3329,1614,1715
microbiome,Rep_436,long_seq,ensemble,3252,1575,1677,0,3329,1614,1715
microbiome,Rep_442,long_seq,ensemble,3252,1575,1677,0,3329,1614,1715
microbiome,Rep_443,long_seq,ensemble,3252,1575,1677,0,3329,1614,1715
microbiome,Rep_449,long_seq,ensemble,3252,1575,1677,0,3329,1614,1715
microbiome,Rep_450,long_seq,ensemble,3252,1575,1677,0,3329,1614,1715
microbiome,Rep_455,long_seq,ensemble,3252,1575,1677,0,3329,1614,1715
microbiome,Rep_456,long_seq,ensemble,3252,1575,1677,0,3329,1614,1715
microbiome,Rep_457,long_seq,ensemble,3252,1575,1677,0,3329,1614,1715
microbiome,Rep_458,long_seq,ensemble,3252,1575,1677,0,3329,1614,1715
microbiome,Rep_459,long_seq,ensemble,3252,1575,1677,0,3329,1614,1715
microbiome,Rep_466,long_seq,ensemble,3252,1575,1677,0,3329,1614,1715
microbiome,Rep_467,long_seq,ensemble,3252,1575,1677,0,3329,1614,1715
microbiome,Rep_469,long_seq,ensemble,3252,1575,1677,0,3329,1614,1715
microbiome,Rep_476,long_seq,ensemble,3252,1575,1677,0,3329,1614,1715
microbiome,Rep_477,long_seq,ensemble,3252,1575,1677,0,3329,1614,1715
microbiome,Rep_478,long_seq,ensemble,3252,1575,1677,0,3329,1614,1715
microbiome,Rep_484,long_seq,ensemble,3252,1575,1677,0,3329,1614,1715
microbiome,Rep_485,long_seq,ensemble,3252,1575,1677,0,3329,1614,1715
microbiome,Rep_486,long_seq,ensemble,3252,1575,1677,0,3329,1614,1715
microbiome,Rep_487,long_seq,ensemble,3252,1575,1677,0,3329,1614,1715
microbiome,Rep_489,long_seq,ensemble,3252,1575,1677,0,3329,1614,1715
microbiome,Rep_490,long_seq,ensemble,3252,1575,1677,0,3329,1614,1715
microbiome,Rep_491,long_seq,ensemble,3252,1575,1677,0,3329,1614,1715
microbiome,Rep_493,long_seq,ensemble,3252,1575,1677,0,3329,1614,1715
microbiome,Rep_494,long_seq,ensemble,3252,1575,1677,0,3329,1614,1715
microbiome,Rep_495,long_seq,ensemble,3252,1575,1677,0,3329,1614,1715
microbiome,Rep_496,long_seq,ensemble,3252,1575,1677,0,3329,1614,1715
microbiome,Rep_497,long_seq,ensemble,3252,1575,1677,0,3329,1614,1715
microbiome,Rep_498,long_seq,ensemble,3252,1575,1677,0,3329,1614,1715
microbiome,Rep_519,long_seq,ensemble,3252,1575,1677,0,3329,1614,1715
microbiome,Rep_520,long_seq,ensemble,3252,1575,1677,0,3329,1614,1715
microbiome,Rep_527,long_seq,ensemble,3252,1575,1677,0,3329,1614,1715
microbiome,Rep_552,long_seq,ensemble,3252,1575,1677,0,3329,1614,1715
microbiome,Rep_557,long_seq,ensemble,3252,1575,1677,0,3329,1614,1715
microbiome,Rep_565,long_seq,ensemble,3252,1575,1677,0,3329,1614,1715
microbiome,Rep_566,long_seq,ensemble,3252,1575,1677,0,3329,1614,1715
microbiome,Rep_587,long_seq,ensemble,3252,1575,1677,0,3329,1614,1715
microbiome,Rep_590,long_seq,ensemble,3252,1575,1677,0,3329,1614,1715
microbiome,Rep_595,long_seq,ensemble,3252,1575,1677,0,3329,1614,1715
microbiome,Rep_596,long_seq,ensemble,3252,1575,1677,0,3329,1614,1715
microbiome,Rep_597,long_seq,ensemble,3252,1575,1677,0,3329,1614,1715
microbiome,Rep_604,long_seq,ensemble,3252,1575,1677,0,3329,1614,1715
microbiome,Rep_609,long_seq,ensemble,3252,1575,1677,0,3329,1614,1715
microbiome,Rep_610,long_seq,ensemble,3252,1575,1677,0,3329,1614,1715
microbiome,Rep_613,long_seq,ensemble,3252,1575,1677,0,3329,1614,1715
microbiome,Rep_614,long_seq,ensemble,3252,1575,1677,0,3329,1614,1715
microbiome,Rep_615,long_seq,ensemble,3252,1575,1677,0,3329,1614,1715
microbiome,Rep_616,long_seq,ensemble,3252,1575,1677,0,3329,1614,1715
microbiome,Rep_618,long_seq,ensemble,3252,1575,1677,0,3329,1614,1715
microbiome,Rep_620,long_seq,ensemble,3252,1575,1677,0,3329,1614,1715
microbiome,Rep_631,long_seq,ensemble,3252,1575,1677,0,3329,1614,1715
microbiome,Rep_637,long_seq,ensemble,3252,1575,1677,0,3329,1614,1715
microbiome,Rep_654,long_seq,ensemble,3252,1575,1677,0,3329,1614,1715
microbiome,Rep_678,long_seq,ensemble,3252,1575,1677,0,3329,1614,1715
microbiome,Rep_687,long_seq,ensemble,3252,1575,1677,0,3329,1614,1715
microbiome,Rep_695,long_seq,ensemble,3252,1575,1677,0,3329,1614,1715
microbiome,Rep_698,long_seq,ensemble,3252,1575,1677,0,3329,1614,1715
microbiome,Rep_704,long_seq,ensemble,3252,1575,1677,0,3329,1614,1715
microbiome,Rep_705,long_seq,ensemble,3252,1575,1677,0,3329,1614,1715
microbiome,Rep_706,long_seq,ensemble,3252,1575,1677,0,3329,1614,1715
microbiome,Rep_709,long_seq,ensemble,3252,1575,1677,0,3329,1614,1715
microbiome,Rep_720,long_seq,ensemble,3252,1575,1677,0,3329,1614,1715
microbiome,Rep_721,long_seq,ensemble,3252,1575,1677,0,3329,1614,1715
microbiome,Rep_727,long_seq,ensemble,3252,1575,1677,0,3329,1614,1715
microbiome,Rep_730,long_seq,ensemble,3252,1575,1677,0,3329,1614,1715
microbiome,Rep_731,long_seq,ensemble,3252,1575,1677,0,3329,1614,1715
microbiome,Rep_736,long_seq,ensemble,3252,1575,1677,0,3329,1614,1715
microbiome,Rep_766,long_seq,ensemble,3252,1575,1677,0,3329,1614,1715
microbiome,Rep_767,long_seq,ensemble,3252,1575,1677,0,3329,1614,1715
microbiome,Rep_769,long_seq,ensemble,3252,1575,1677,0,3329,1614,1715
microbiome,Rep_776,long_seq,ensemble,3252,1575,1677,0,3329,1614,1715
microbiome,Rep_778,long_seq,ensemble,3252,1575,1677,0,3329,1614,1715
microbiome,Rep_779,long_seq,ensemble,3252,1575,1677,0,3329,1614,1715
microbiome,Rep_787,long_seq,ensemble,3252,1575,1677,0,3329,1614,1715
microbiome,Rep_81,long_seq,ensemble,3252,1575,1677,0,3329,1614,1715
microbiome,Rep_836,long_seq,ensemble,3252,1575,1677,0,3329,1614,1715
microbiome,Rep_838,long_seq,ensemble,3252,1575,1677,0,3329,1614,1715
microbiome,Rep_84,long_seq,ensemble,3252,1575,1677,0,3329,1614,1715
microbiome,Rep_840,long_seq,ensemble,3252,1575,1677,0,3329,1614,1715
microbiome,Rep_842,long_seq,ensemble,3252,1575,1677,0,3329,1614,1715
microbiome,Rep_846,long_seq,ensemble,3252,1575,1677,0,3329,1614,1715
microbiome,Rep_848,long_seq,ensemble,3252,1575,1677,0,3329,1614,1715
microbiome,Rep_92,long_seq,ensemble,3252,1575,1677,0,3329,1614,1715
microbiome,Rep_93,long_seq,ensemble,3252,1575,1677,0,3329,1614,1715
microbiome,Rep_94,long_seq,ensemble,3252,1575,1677,0,3329,1614,1715
microbiome,Rep_95,long_seq,ensemble,3252,1575,1677,0,3329,1614,1715
microbiome,Rep_959,long_seq,ensemble,3252,1575,1677,0,3329,1614,1715
microbiome,Rep_96,long_seq,ensemble,3252,1575,1677,0,3329,1614,1715
microbiome,Rep_975,long_seq,ensemble,3252,1575,1677,0,3329,1614,1715
nightingale,Acetate,long_seq,ensemble,1622,810,812,0,1680,840,840
nightingale,Acetoacetate,long_seq,ensemble,1622,810,812,0,1680,840,840
nightingale,Acetone,long_seq,ensemble,1622,810,812,0,1680,840,840
nightingale,Ala,long_seq,ensemble,1622,810,812,0,1680,840,840
nightingale,Albumin,long_seq,ensemble,1622,810,812,0,1680,840,840
nightingale,ApoA1,long_seq,ensemble,1621,809,812,0,1679,839,840
nightingale,ApoB,long_seq,ensemble,1621,809,812,0,1679,839,840
nightingale,Cholines,long_seq,ensemble,1618,807,811,0,1676,837,839
nightingale,Citrate,long_seq,ensemble,1622,810,812,0,1680,840,840
nightingale,Clinical_LDL_C,long_seq,ensemble,1621,809,812,0,1679,839,840
nightingale,Creatinine,long_seq,ensemble,1622,810,812,0,1680,840,840
nightingale,DHA,long_seq,ensemble,1618,807,811,0,1676,837,839
nightingale,Gln,long_seq,ensemble,1622,810,812,0,1680,840,840
nightingale,Gly,long_seq,ensemble,1622,810,812,0,1680,840,840
nightingale,GlycA,long_seq,ensemble,1622,810,812,0,1680,840,840
nightingale,HDL_C,long_seq,ensemble,1621,809,812,0,1679,839,840
nightingale,HDL_CE,long_seq,ensemble,1621,809,812,0,1679,839,840
nightingale,HDL_FC,long_seq,ensemble,1621,809,812,0,1679,839,840
nightingale,HDL_L,long_seq,ensemble,1621,809,812,0,1679,839,840
nightingale,HDL_P,long_seq,ensemble,1621,809,812,0,1679,839,840
nightingale,HDL_PL,long_seq,ensemble,1621,809,812,0,1679,839,840
nightingale,HDL_TG,long_seq,ensemble,1621,809,812,0,1679,839,840
nightingale,HDL_size,long_seq,ensemble,1621,809,812,0,1679,839,840
nightingale,His,long_seq,ensemble,1622,810,812,0,1680,840,840
nightingale,IDL_C,long_seq,ensemble,1621,809,812,0,1679,839,840
nightingale,IDL_CE,long_seq,ensemble,1621,809,812,0,1679,839,840
nightingale,IDL_FC,long_seq,ensemble,1621,809,812,0,1679,839,840
nightingale,IDL_L,long_seq,ensemble,1621,809,812,0,1679,839,840
nightingale,IDL_P,long_seq,ensemble,1621,809,812,0,1679,839,840
nightingale,IDL_PL,long_seq,ensemble,1621,809,812,0,1679,839,840
nightingale,IDL_TG,long_seq,ensemble,1621,809,812,0,1679,839,840
nightingale,Ile,long_seq,ensemble,1622,810,812,0,1680,840,840
nightingale,LA,long_seq,ensemble,1618,807,811,0,1676,837,839
nightingale,LDL_C,long_seq,ensemble,1621,809,812,0,1679,839,840
nightingale,LDL_CE,long_seq,ensemble,1621,809,812,0,1679,839,840
nightingale,LDL_FC,long_seq,ensemble,1621,809,812,0,1679,839,840
nightingale,LDL_L,long_seq,ensemble,1621,809,812,0,1679,839,840
nightingale,LDL_P,long_seq,ensemble,1621,809,812,0,1679,839,840
nightingale,LDL_PL,long_seq,ensemble,1621,809,812,0,1679,839,840
nightingale,LDL_TG,long_seq,ensemble,1621,809,812,0,1679,839,840
nightingale,LDL_size,long_seq,ensemble,1621,809,812,0,1679,839,840
nightingale,L_HDL_C,long_seq,ensemble,1621,809,812,0,1679,839,840
nightingale,L_HDL_CE,long_seq,ensemble,1621,809,812,0,1679,839,840
nightingale,L_HDL_FC,long_seq,ensemble,1621,809,812,0,1679,839,840
nightingale,L_HDL_L,long_seq,ensemble,1621,809,812,0,1679,839,840
nightingale,L_HDL_P,long_seq,ensemble,1621,809,812,0,1679,839,840
nightingale,L_HDL_PL,long_seq,ensemble,1621,809,812,0,1679,839,840
nightingale,L_HDL_TG,long_seq,ensemble,1621,809,812,0,1679,839,840
nightingale,L_LDL_C,long_seq,ensemble,1621,809,812,0,1679,839,840
nightingale,L_LDL_CE,long_seq,ensemble,1621,809,812,0,1679,839,840
nightingale,L_LDL_FC,long_seq,ensemble,1621,809,812,0,1679,839,840
nightingale,L_LDL_L,long_seq,ensemble,1621,809,812,0,1679,839,840
nightingale,L_LDL_P,long_seq,ensemble,1621,809,812,0,1679,839,840
nightingale,L_LDL_PL,long_seq,ensemble,1621,809,812,0,1679,839,840
nightingale,L_LDL_TG,long_seq,ensemble,1621,809,812,0,1679,839,840
nightingale,L_VLDL_C,long_seq,ensemble,1621,809,812,0,1679,839,840
nightingale,L_VLDL_CE,long_seq,ensemble,1621,809,812,0,1679,839,840
nightingale,L_VLDL_FC,long_seq,ensemble,1621,809,812,0,1679,839,840
nightingale,L_VLDL_L,long_seq,ensemble,1621,809,812,0,1679,839,840
nightingale,L_VLDL_P,long_seq,ensemble,1621,809,812,0,1679,839,840
nightingale,L_VLDL_PL,long_seq,ensemble,1621,809,812,0,1679,839,840
nightingale,L_VLDL_TG,long_seq,ensemble,1621,809,812,0,1679,839,840
nightingale,Lactate,long_seq,ensemble,1621,810,811,0,1679,840,839
nightingale,Leu,long_seq,ensemble,1622,810,812,0,1680,840,840
nightingale,MUFA,long_seq,ensemble,1618,807,811,0,1676,837,839
nightingale,M_HDL_C,long_seq,ensemble,1621,809,812,0,1679,839,840
nightingale,M_HDL_CE,long_seq,ensemble,1621,809,812,0,1679,839,840
nightingale,M_HDL_FC,long_seq,ensemble,1621,809,812,0,1679,839,840
nightingale,M_HDL_L,long_seq,ensemble,1621,809,812,0,1679,839,840
nightingale,M_HDL_P,long_seq,ensemble,1621,809,812,0,1679,839,840
nightingale,M_HDL_PL,long_seq,ensemble,1621,809,812,0,1679,839,840
nightingale,M_HDL_TG,long_seq,ensemble,1621,809,812,0,1679,839,840
nightingale,M_LDL_C,long_seq,ensemble,1621,809,812,0,1679,839,840
nightingale,M_LDL_CE,long_seq,ensemble,1621,809,812,0,1679,839,840
nightingale,M_LDL_FC,long_seq,ensemble,1621,809,812,0,1679,839,840
nightingale,M_LDL_L,long_seq,ensemble,1621,809,812,0,1679,839,840
nightingale,M_LDL_P,long_seq,ensemble,1621,809,812,0,1679,839,840
nightingale,M_LDL_PL,long_seq,ensemble,1621,809,812,0,1679,839,840
nightingale,M_LDL_TG,long_seq,ensemble,1621,809,812,0,1679,839,840
nightingale,M_VLDL_C,long_seq,ensemble,1621,809,812,0,1679,839,840
nightingale,M_VLDL_CE,long_seq,ensemble,1621,809,812,0,1679,839,840
nightingale,M_VLDL_FC,long_seq,ensemble,1621,809,812,0,1679,839,840
nightingale,M_VLDL_L,long_seq,ensemble,1621,809,812,0,1679,839,840
nightingale,M_VLDL_P,long_seq,ensemble,1621,809,812,0,1679,839,840
nightingale,M_VLDL_PL,long_seq,ensemble,1621,809,812,0,1679,839,840
nightingale,M_VLDL_TG,long_seq,ensemble,1621,809,812,0,1679,839,840
nightingale,Omega_3,long_seq,ensemble,1618,807,811,0,1676,837,839
nightingale,Omega_6,long_seq,ensemble,1618,807,811,0,1676,837,839
nightingale,PUFA,long_seq,ensemble,1618,807,811,0,1676,837,839
nightingale,Phe,long_seq,ensemble,1622,810,812,0,1680,840,840
nightingale,Phosphatidylc,long_seq,ensemble,1618,807,811,0,1676,837,839
nightingale,Phosphoglyc,long_seq,ensemble,1618,807,811,0,1676,837,839
nightingale,Pyruvate,long_seq,ensemble,1618,809,809,0,1676,839,837
nightingale,Remnant_C,long_seq,ensemble,1621,809,812,0,1679,839,840
nightingale,SFA,long_seq,ensemble,1618,807,811,0,1676,837,839
nightingale,S_HDL_C,long_seq,ensemble,1621,809,812,0,1679,839,840
nightingale,S_HDL_CE,long_seq,ensemble,1621,809,812,0,1679,839,840
nightingale,S_HDL_FC,long_seq,ensemble,1621,809,812,0,1679,839,840
nightingale,S_HDL_L,long_seq,ensemble,1621,809,812,0,1679,839,840
nightingale,S_HDL_P,long_seq,ensemble,1621,809,812,0,1679,839,840
nightingale,S_HDL_PL,long_seq,ensemble,1621,809,812,0,1679,839,840
nightingale,S_HDL_TG,long_seq,ensemble,1621,809,812,0,1679,839,840
nightingale,S_LDL_C,long_seq,ensemble,1621,809,812,0,1679,839,840
nightingale,S_LDL_CE,long_seq,ensemble,1621,809,812,0,1679,839,840
nightingale,S_LDL_FC,long_seq,ensemble,1621,809,812,0,1679,839,840
nightingale,S_LDL_L,long_seq,ensemble,1621,809,812,0,1679,839,840
nightingale,S_LDL_P,long_seq,ensemble,1621,809,812,0,1679,839,840
nightingale,S_LDL_PL,long_seq,ensemble,1621,809,812,0,1679,839,840
nightingale,S_LDL_TG,long_seq,ensemble,1621,809,812,0,1679,839,840
nightingale,S_VLDL_C,long_seq,ensemble,1621,809,812,0,1679,839,840
nightingale,S_VLDL_CE,long_seq,ensemble,1621,809,812,0,1679,839,840
nightingale,S_VLDL_FC,long_seq,ensemble,1621,809,812,0,1679,839,840
nightingale,S_VLDL_L,long_seq,ensemble,1621,809,812,0,1679,839,840
nightingale,S_VLDL_P,long_seq,ensemble,1621,809,812,0,1679,839,840
nightingale,S_VLDL_PL,long_seq,ensemble,1621,809,812,0,1679,839,840
nightingale,S_VLDL_TG,long_seq,ensemble,1621,809,812,0,1679,839,840
nightingale,Sphingomyelins,long_seq,ensemble,1618,807,811,0,1676,837,839
nightingale,Total_BCAA,long_seq,ensemble,1622,810,812,0,1680,840,840
nightingale,Total_C,long_seq,ensemble,1621,809,812,0,1679,839,840
nightingale,Total_CE,long_seq,ensemble,1621,809,812,0,1679,839,840
nightingale,Total_FA,long_seq,ensemble,1618,807,811,0,1676,837,839
nightingale,Total_FC,long_seq,ensemble,1621,809,812,0,1679,839,840
nightingale,Total_L,long_seq,ensemble,1621,809,812,0,1679,839,840
nightingale,Total_P,long_seq,ensemble,1621,809,812,0,1679,839,840
nightingale,Total_PL,long_seq,ensemble,1621,809,812,0,1679,839,840
nightingale,Total_TG,long_seq,ensemble,1621,809,812,0,1679,839,840
nightingale,Tyr,long_seq,ensemble,1622,810,812,0,1680,840,840
nightingale,VLDL_C,long_seq,ensemble,1621,809,812,0,1679,839,840
nightingale,VLDL_CE,long_seq,ensemble,1621,809,812,0,1679,839,840
nightingale,VLDL_FC,long_seq,ensemble,1621,809,812,0,1679,839,840
nightingale,VLDL_L,long_seq,ensemble,1621,809,812,0,1679,839,840
nightingale,VLDL_P,long_seq,ensemble,1621,809,812,0,1679,839,840
nightingale,VLDL_PL,long_seq,ensemble,1621,809,812,0,1679,839,840
nightingale,VLDL_TG,long_seq,ensemble,1621,809,812,0,1679,839,840
nightingale,VLDL_size,long_seq,ensemble,1621,809,812,0,1679,839,840
nightingale,Val,long_seq,ensemble,1622,810,812,0,1680,840,840
nightingale,XL_HDL_C,long_seq,ensemble,1621,809,812,0,1679,839,840
nightingale,XL_HDL_CE,long_seq,ensemble,1621,809,812,0,1679,839,840
nightingale,XL_HDL_FC,long_seq,ensemble,1621,809,812,0,1679,839,840
nightingale,XL_HDL_L,long_seq,ensemble,1621,809,812,0,1679,839,840
nightingale,XL_HDL_P,long_seq,ensemble,1621,809,812,0,1679,839,840
nightingale,XL_HDL_PL,long_seq,ensemble,1621,809,812,0,1679,839,840
nightingale,XL_HDL_TG,long_seq,ensemble,1621,809,812,0,1679,839,840
nightingale,XL_VLDL_C,long_seq,ensemble,1621,809,812,0,1679,839,840
nightingale,XL_VLDL_CE,long_seq,ensemble,1621,809,812,0,1679,839,840
nightingale,XL_VLDL_FC,long_seq,ensemble,1621,809,812,0,1679,839,840
nightingale,XL_VLDL_L,long_seq,ensemble,1621,809,812,0,1679,839,840
nightingale,XL_VLDL_P,long_seq,ensemble,1621,809,812,0,1679,839,840
nightingale,XL_VLDL_PL,long_seq,ensemble,1621,809,812,0,1679,839,840
nightingale,XL_VLDL_TG,long_seq,ensemble,1621,809,812,0,1679,839,840
nightingale,XS_VLDL_C,long_seq,ensemble,1621,809,812,0,1679,839,840
nightingale,XS_VLDL_CE,long_seq,ensemble,1621,809,812,0,1679,839,840
nightingale,XS_VLDL_FC,long_seq,ensemble,1621,809,812,0,1679,839,840
nightingale,XS_VLDL_L,long_seq,ensemble,1621,809,812,0,1679,839,840
nightingale,XS_VLDL_P,long_seq,ensemble,1621,809,812,0,1679,839,840
nightingale,XS_VLDL_PL,long_seq,ensemble,1621,809,812,0,1679,839,840
nightingale,XS_VLDL_TG,long_seq,ensemble,1621,809,812,0,1679,839,840
nightingale,XXL_VLDL_C,long_seq,ensemble,1621,809,812,0,1679,839,840
nightingale,XXL_VLDL_CE,long_seq,ensemble,1621,809,812,0,1679,839,840
nightingale,XXL_VLDL_FC,long_seq,ensemble,1621,809,812,0,1679,839,840
nightingale,XXL_VLDL_L,long_seq,ensemble,1621,809,812,0,1679,839,840
nightingale,XXL_VLDL_P,long_seq,ensemble,1621,809,812,0,1679,839,840
nightingale,XXL_VLDL_PL,long_seq,ensemble,1621,809,812,0,1679,839,840
nightingale,XXL_VLDL_TG,long_seq,ensemble,1621,809,812,0,1679,839,840
nightingale,bOHbutyrate,long_seq,ensemble,1553,786,767,0,1609,815,794
nightingale,nightingale_Glucose,long_seq,ensemble,1619,808,811,0,1677,838,839
nightingale,non_HDL_C,long_seq,ensemble,1621,809,812,0,1679,839,840
proteomics,ABI3BP,long_seq,ensemble,1116,586,530,0,1143,602,541
proteomics,ABL1,long_seq,ensemble,1116,586,530,0,1143,602,541
proteomics,ACAA1,long_seq,ensemble,1116,586,530,0,1143,602,541
proteomics,ACAN,long_seq,ensemble,1116,586,530,0,1143,602,541
proteomics,ACE2,long_seq,ensemble,1116,586,530,0,1143,602,541
proteomics,ACP1,long_seq,ensemble,1116,586,530,0,1143,602,541
proteomics,ACP3,long_seq,ensemble,1116,586,530,0,1143,602,541
proteomics,ACP6,long_seq,ensemble,1116,586,530,0,1143,602,541
proteomics,ACRV1,long_seq,ensemble,1116,586,530,0,1143,602,541
proteomics,ACVRL1,long_seq,ensemble,1116,586,530,0,1143,602,541
proteomics,ACY3,long_seq,ensemble,1116,586,530,0,1143,602,541
proteomics,ADA,long_seq,ensemble,1116,586,530,0,1143,602,541
proteomics,ADAM12,long_seq,ensemble,1104,579,525,0,1131,595,536
proteomics,ADAM15,long_seq,ensemble,1116,586,530,0,1143,602,541
proteomics,ADAM22,long_seq,ensemble,1116,586,530,0,1143,602,541
proteomics,ADAM23,long_seq,ensemble,1116,586,530,0,1143,602,541
proteomics,ADAM8,long_seq,ensemble,1116,586,530,0,1143,602,541
proteomics,ADAMTS1,long_seq,ensemble,1116,586,530,0,1143,602,541
proteomics,ADAMTS15,long_seq,ensemble,1116,586,530,0,1143,602,541
proteomics,ADAMTSL4,long_seq,ensemble,1116,586,530,0,1143,602,541
proteomics,ADGRB1,long_seq,ensemble,1116,586,530,0,1143,602,541
proteomics,ADGRB3,long_seq,ensemble,1116,586,530,0,1143,602,541
proteomics,ADGRE1,long_seq,ensemble,1112,583,529,0,1139,599,540
proteomics,ADGRE3,long_seq,ensemble,1116,586,530,0,1143,602,541
proteomics,ADGRG3,long_seq,ensemble,1089,572,517,0,1112,585,527
proteomics,ADH4,long_seq,ensemble,1114,586,528,0,1141,602,539
proteomics,ADM,long_seq,ensemble,1097,573,524,0,1124,589,535
proteomics,ADSL,long_seq,ensemble,1116,586,530,0,1143,602,541
proteomics,AFAP1L1,long_seq,ensemble,1077,564,513,0,1104,580,524
proteomics,AFAP1L2,long_seq,ensemble,1116,586,530,0,1143,602,541
proteomics,AGR2,long_seq,ensemble,1116,586,530,0,1143,602,541
proteomics,AGRP,long_seq,ensemble,1116,586,530,0,1143,602,541
proteomics,AHNAK,long_seq,ensemble,1116,586,530,0,1143,602,541
proteomics,AHNAK2,long_seq,ensemble,1116,586,530,0,1143,602,541
proteomics,AHSA1,long_seq,ensemble,1116,586,530,0,1143,602,541
proteomics,AIF1,long_seq,ensemble,1116,586,530,0,1143,602,541
proteomics,AKAP2,long_seq,ensemble,1116,586,530,0,1143,602,541
proteomics,AKAP8,long_seq,ensemble,1019,539,480,0,1039,550,489
proteomics,AKT1S1,long_seq,ensemble,1116,586,530,0,1143,602,541
proteomics,AKT2,long_seq,ensemble,1116,586,530,0,1143,602,541
proteomics,AKT3,long_seq,ensemble,756,400,356,0,777,412,365
proteomics,ALDH3A1,long_seq,ensemble,1116,586,530,0,1143,602,541
proteomics,ALK,long_seq,ensemble,1116,586,530,0,1143,602,541
proteomics,ALPI,long_seq,ensemble,1116,586,530,0,1143,602,541
proteomics,AMDHD1,long_seq,ensemble,1116,586,530,0,1143,602,541
proteomics,AMIGO2,long_seq,ensemble,1116,586,530,0,1143,602,541
proteomics,ANKMY2,long_seq,ensemble,1116,586,530,0,1143,602,541
proteomics,ANKRD11,long_seq,ensemble,1116,586,530,0,1143,602,541
proteomics,ANP32E,long_seq,ensemble,1089,576,513,0,1116,592,524
proteomics,ANXA10,long_seq,ensemble,1116,586,530,0,1143,602,541
proteomics,ANXA2,long_seq,ensemble,1041,544,497,0,1061,554,507
proteomics,AOC1,long_seq,ensemble,1092,577,515,0,1119,593,526
proteomics,AP3B1,long_seq,ensemble,1116,586,530,0,1143,602,541
proteomics,APBB1IP,long_seq,ensemble,1116,586,530,0,1143,602,541
proteomics,APEX1,long_seq,ensemble,1116,586,530,0,1143,602,541
proteomics,APIP,long_seq,ensemble,1116,586,530,0,1143,602,541
proteomics,ARG1,long_seq,ensemble,1111,583,528,0,1138,599,539
proteomics,ARHGEF12,long_seq,ensemble,1083,566,517,0,1106,579,527
proteomics,ARHGEF2,long_seq,ensemble,1116,586,530,0,1143,602,541
proteomics,ASGR1,long_seq,ensemble,1116,586,530,0,1143,602,541
proteomics,ASPSCR1,long_seq,ensemble,1116,586,530,0,1143,602,541
proteomics,ASS1,long_seq,ensemble,1116,586,530,0,1143,602,541
proteomics,ATAD3B,long_seq,ensemble,1116,586,530,0,1143,602,541
proteomics,ATE1,long_seq,ensemble,1116,586,530,0,1143,602,541
proteomics,ATF1,long_seq,ensemble,734,381,353,0,747,388,359
proteomics,ATF2,long_seq,ensemble,1116,586,530,0,1143,602,541
proteomics,ATG16L1,long_seq,ensemble,1116,586,530,0,1143,602,541
proteomics,ATOX1,long_seq,ensemble,1116,586,530,0,1143,602,541
proteomics,ATP6AP2,long_seq,ensemble,1116,586,530,0,1143,602,541
proteomics,ATP6V0D1,long_seq,ensemble,1116,586,530,0,1143,602,541
proteomics,ATP6V1F,long_seq,ensemble,1116,586,530,0,1143,602,541
proteomics,ATP6V1G1,long_seq,ensemble,1116,586,530,0,1143,602,541
proteomics,ATP6V1G2,long_seq,ensemble,1116,586,530,0,1143,602,541
proteomics,ATRAID,long_seq,ensemble,1116,586,530,0,1143,602,541
proteomics,ATXN3,long_seq,ensemble,1116,586,530,0,1143,602,541
proteomics,AXIN1,long_seq,ensemble,1116,586,530,0,1143,602,541
proteomics,AZI2,long_seq,ensemble,1116,586,530,0,1143,602,541
proteomics,B3GNT7,long_seq,ensemble,1116,586,530,0,1143,602,541
proteomics,BACE1,long_seq,ensemble,1089,572,517,0,1112,585,527
proteomics,BACH1,long_seq,ensemble,1116,586,530,0,1143,602,541
proteomics,BAG4,long_seq,ensemble,1116,586,530,0,1143,602,541
proteomics,BAG5,long_seq,ensemble,1116,586,530,0,1143,602,541
proteomics,BAG6,long_seq,ensemble,1116,586,530,0,1143,602,541
proteomics,BAIAP2,long_seq,ensemble,1116,586,530,0,1143,602,541
proteomics,BANK1,long_seq,ensemble,1116,586,530,0,1143,602,541
proteomics,BAX,long_seq,ensemble,1116,586,530,0,1143,602,541
proteomics,BCAN,long_seq,ensemble,1116,586,530,0,1143,602,541
proteomics,BCL2L1,long_seq,ensemble,1116,586,530,0,1143,602,541
proteomics,BCL2L15,long_seq,ensemble,1116,586,530,0,1143,602,541
proteomics,BCR,long_seq,ensemble,1116,586,530,0,1143,602,541
proteomics,BGN,long_seq,ensemble,764,398,366,0,778,406,372
proteomics,BLNK,long_seq,ensemble,1116,586,530,0,1143,602,541
proteomics,BMP4,long_seq,ensemble,1095,575,520,0,1122,591,531
proteomics,BMP6,long_seq,ensemble,1095,573,522,0,1122,589,533
proteomics,BMP7,long_seq,ensemble,1116,586,530,0,1143,602,541
proteomics,BNIP3L,long_seq,ensemble,1116,586,530,0,1143,602,541
proteomics,BOC,long_seq,ensemble,1116,586,530,0,1143,602,541
proteomics,BOLA2,long_seq,ensemble,1116,586,530,0,1143,602,541
proteomics,BPIFA2,long_seq,ensemble,1116,586,530,0,1143,602,541
proteomics,BRD2,long_seq,ensemble,1104,579,525,0,1131,595,536
proteomics,BSG,long_seq,ensemble,1116,586,530,0,1143,602,541
proteomics,BTC,long_seq,ensemble,1116,586,530,0,1143,602,541
proteomics,BTLA,long_seq,ensemble,1028,538,490,0,1050,551,499
proteomics,BTN1A1,long_seq,ensemble,1088,571,517,0,1111,584,527
proteomics,BTN3A2,long_seq,ensemble,1116,586,530,0,1143,602,541
proteomics,BTNL9,long_seq,ensemble,1116,586,530,0,1143,602,541
proteomics,C16orf89,long_seq,ensemble,1116,586,530,0,1143,602,541
proteomics,C1QA,long_seq,ensemble,1116,586,530,0,1143,602,541
proteomics,C1QL2,long_seq,ensemble,1116,586,530,0,1143,602,541
proteomics,C1QTNF6,long_seq,ensemble,1108,580,528,0,1135,596,539
proteomics,C4BPB,long_seq,ensemble,1116,586,530,0,1143,602,541
proteomics,C8orf34,long_seq,ensemble,1116,586,530,0,1143,602,541
proteomics,C9orf40,long_seq,ensemble,1116,586,530,0,1143,602,541
proteomics,CA12,long_seq,ensemble,1116,586,530,0,1143,602,541
proteomics,CA14,long_seq,ensemble,1116,586,530,0,1143,602,541
proteomics,CA9,long_seq,ensemble,1116,586,530,0,1143,602,541
proteomics,CALCA,long_seq,ensemble,1116,586,530,0,1143,602,541
proteomics,CALCB,long_seq,ensemble,1116,586,530,0,1143,602,541
proteomics,CALCOCO1,long_seq,ensemble,1116,586,530,0,1143,602,541
proteomics,CALCOCO2,long_seq,ensemble,1116,586,530,0,1143,602,541
proteomics,CALML4,long_seq,ensemble,1116,586,530,0,1143,602,541
proteomics,CAMK4,long_seq,ensemble,1116,586,530,0,1143,602,541
proteomics,CAMSAP1,long_seq,ensemble,1116,586,530,0,1143,602,541
proteomics,CAPG,long_seq,ensemble,1116,586,530,0,1143,602,541
proteomics,CAPN3,long_seq,ensemble,1116,586,530,0,1143,602,541
proteomics,CAPS,long_seq,ensemble,1116,586,530,0,1143,602,541
proteomics,CASP1,long_seq,ensemble,1116,586,530,0,1143,602,541
proteomics,CASP10,long_seq,ensemble,1116,586,530,0,1143,602,541
proteomics,CASP2,long_seq,ensemble,1116,586,530,0,1143,602,541
proteomics,CASP4,long_seq,ensemble,1116,586,530,0,1143,602,541
proteomics,CASP7,long_seq,ensemble,1089,572,517,0,1112,585,527
proteomics,CASP8,long_seq,ensemble,1116,586,530,0,1143,602,541
proteomics,CASP9,long_seq,ensemble,1116,586,530,0,1143,602,541
proteomics,CAST,long_seq,ensemble,1116,586,530,0,1143,602,541
proteomics,CBLB,long_seq,ensemble,1116,586,530,0,1143,602,541
proteomics,CBLN4,long_seq,ensemble,1116,586,530,0,1143,602,541
proteomics,CBS,long_seq,ensemble,1116,586,530,0,1143,602,541
proteomics,CC2D1A,long_seq,ensemble,1116,586,530,0,1143,602,541
proteomics,CCAR1,long_seq,ensemble,1116,586,530,0,1143,602,541
proteomics,CCER2,long_seq,ensemble,1116,586,530,0,1143,602,541
proteomics,CCK,long_seq,ensemble,1116,586,530,0,1143,602,541
proteomics,CCL11,long_seq,ensemble,1116,586,530,0,1143,602,541
proteomics,CCL19,long_seq,ensemble,1116,586,530,0,1143,602,541
proteomics,CCL2,long_seq,ensemble,1116,586,530,0,1143,602,541
proteomics,CCL20,long_seq,ensemble,1116,586,530,0,1143,602,541
proteomics,CCL23,long_seq,ensemble,1116,586,530,0,1143,602,541
proteomics,CCL25,long_seq,ensemble,1116,586,530,0,1143,602,541
proteomics,CCL26,long_seq,ensemble,1116,586,530,0,1143,602,541
proteomics,CCL28,long_seq,ensemble,1116,586,530,0,1143,602,541
proteomics,CCL3,long_seq,ensemble,1116,586,530,0,1143,602,541
proteomics,CCL4,long_seq,ensemble,1116,586,530,0,1143,602,541
proteomics,CCL7,long_seq,ensemble,902,469,433,0,925,482,443
proteomics,CCL8,long_seq,ensemble,1116,586,530,0,1143,602,541
proteomics,CCN1,long_seq,ensemble,1116,586,530,0,1143,602,541
proteomics,CCN4,long_seq,ensemble,1116,586,530,0,1143,602,541
proteomics,CCND1,long_seq,ensemble,1116,586,530,0,1143,602,541
proteomics,CD101,long_seq,ensemble,1116,586,530,0,1143,602,541
proteomics,CD160,long_seq,ensemble,1116,586,530,0,1143,602,541
proteomics,CD200,long_seq,ensemble,1116,586,530,0,1143,602,541
proteomics,CD200R1,long_seq,ensemble,1116,586,530,0,1143,602,541
proteomics,CD207,long_seq,ensemble,1116,586,530,0,1143,602,541
proteomics,CD22,long_seq,ensemble,1116,586,530,0,1143,602,541
proteomics,CD226,long_seq,ensemble,1116,586,530,0,1143,602,541
proteomics,CD244,long_seq,ensemble,1116,586,530,0,1143,602,541
proteomics,CD274,long_seq,ensemble,1116,586,530,0,1143,602,541
proteomics,CD28,long_seq,ensemble,1074,563,511,0,1100,578,522
proteomics,CD300E,long_seq,ensemble,1116,586,530,0,1143,602,541
proteomics,CD300LB,long_seq,ensemble,1116,586,530,0,1143,602,541
proteomics,CD302,long_seq,ensemble,1116,586,530,0,1143,602,541
proteomics,CD33,long_seq,ensemble,1116,586,530,0,1143,602,541
proteomics,CD38,long_seq,ensemble,1116,586,530,0,1143,602,541
proteomics,CD4,long_seq,ensemble,1116,586,530,0,1143,602,541
proteomics,CD40LG,long_seq,ensemble,1095,573,522,0,1122,589,533
proteomics,CD5,long_seq,ensemble,1116,586,530,0,1143,602,541
proteomics,CD6,long_seq,ensemble,1116,586,530,0,1143,602,541
proteomics,CD63,long_seq,ensemble,1116,586,530,0,1143,602,541
proteomics,CD7,long_seq,ensemble,1116,586,530,0,1143,602,541
proteomics,CD70,long_seq,ensemble,1116,586,530,0,1143,602,541
proteomics,CD79B,long_seq,ensemble,1116,586,530,0,1143,602,541
proteomics,CD83,long_seq,ensemble,1116,586,530,0,1143,602,541
proteomics,CD84,long_seq,ensemble,1116,586,530,0,1143,602,541
proteomics,CD86,long_seq,ensemble,1116,586,530,0,1143,602,541
proteomics,CDC26,long_seq,ensemble,1116,586,530,0,1143,602,541
proteomics,CDCP1,long_seq,ensemble,1116,586,530,0,1143,602,541
proteomics,CDH3,long_seq,ensemble,1116,586,530,0,1143,602,541
proteomics,CDKN1A,long_seq,ensemble,1089,572,517,0,1112,585,527
proteomics,CDNF,long_seq,ensemble,1116,586,530,0,1143,602,541
proteomics,CDSN,long_seq,ensemble,1111,583,528,0,1138,599,539
proteomics,CEACAM16,long_seq,ensemble,1116,586,530,0,1143,602,541
proteomics,CEACAM19,long_seq,ensemble,1116,586,530,0,1143,602,541
proteomics,CEACAM21,long_seq,ensemble,1116,586,530,0,1143,602,541
proteomics,CEACAM3,long_seq,ensemble,1116,586,530,0,1143,602,541
proteomics,CEACAM5,long_seq,ensemble,1112,583,529,0,1139,599,540
proteomics,CEACAM8,long_seq,ensemble,1116,586,530,0,1143,602,541
proteomics,CEBPA,long_seq,ensemble,1116,586,530,0,1143,602,541
proteomics,CEBPB,long_seq,ensemble,1116,586,530,0,1143,602,541
proteomics,CEMIP2,long_seq,ensemble,1116,586,530,0,1143,602,541
proteomics,CENPS,long_seq,ensemble,1052,548,504,0,1074,560,514
proteomics,CEP164,long_seq,ensemble,1116,586,530,0,1143,602,541
proteomics,CES2,long_seq,ensemble,1116,586,530,0,1143,602,541
proteomics,CES3,long_seq,ensemble,1116,586,530,0,1143,602,541
proteomics,CFAP36,long_seq,ensemble,1116,586,530,0,1143,602,541
proteomics,CFC1,long_seq,ensemble,1116,586,530,0,1143,602,541
proteomics,CFDP1,long_seq,ensemble,1116,586,530,0,1143,602,541
proteomics,CHCHD6,long_seq,ensemble,1116,586,530,0,1143,602,541
proteomics,CHRM1,long_seq,ensemble,1116,586,530,0,1143,602,541
proteomics,CHRM3,long_seq,ensemble,1116,586,530,0,1143,602,541
proteomics,CHST2,long_seq,ensemble,1116,586,530,0,1143,602,541
proteomics,CHUK,long_seq,ensemble,1116,586,530,0,1143,602,541
proteomics,CKAP4,long_seq,ensemble,1116,586,530,0,1143,602,541
proteomics,CLEC10A,long_seq,ensemble,1116,586,530,0,1143,602,541
proteomics,CLEC12A,long_seq,ensemble,1116,586,530,0,1143,602,541
proteomics,CLEC1A,long_seq,ensemble,1116,586,530,0,1143,602,541
proteomics,CLEC4A,long_seq,ensemble,1116,586,530,0,1143,602,541
proteomics,CLEC4C,long_seq,ensemble,1116,586,530,0,1143,602,541
proteomics,CLEC4D,long_seq,ensemble,1116,586,530,0,1143,602,541
proteomics,CLEC4G,long_seq,ensemble,1116,586,530,0,1143,602,541
proteomics,CLEC5A,long_seq,ensemble,1116,586,530,0,1143,602,541
proteomics,CLEC6A,long_seq,ensemble,1116,586,530,0,1143,602,541
proteomics,CLEC7A,long_seq,ensemble,1116,586,530,0,1143,602,541
proteomics,CLSTN2,long_seq,ensemble,1116,586,530,0,1143,602,541
proteomics,CLSTN3,long_seq,ensemble,1116,586,530,0,1143,602,541
proteomics,CLTA,long_seq,ensemble,1105,578,527,0,1132,594,538
proteomics,CNP,long_seq,ensemble,1116,586,530,0,1143,602,541
proteomics,CNPY4,long_seq,ensemble,1100,575,525,0,1126,590,536
proteomics,CNTN2,long_seq,ensemble,1116,586,530,0,1143,602,541
proteomics,CNTNAP2,long_seq,ensemble,1116,586,530,0,1143,602,541
proteomics,COL24A1,long_seq,ensemble,1116,586,530,0,1143,602,541
proteomics,COL28A1,long_seq,ensemble,1116,586,530,0,1143,602,541
proteomics,COL9A1,long_seq,ensemble,1116,586,530,0,1143,602,541
proteomics,COMMD9,long_seq,ensemble,1116,586,530,0,1143,602,541
proteomics,COMT,long_seq,ensemble,1116,586,530,0,1143,602,541
proteomics,CPE,long_seq,ensemble,1081,562,519,0,1107,577,530
proteomics,CPVL,long_seq,ensemble,1116,586,530,0,1143,602,541
proteomics,CRACR2A,long_seq,ensemble,1116,586,530,0,1143,602,541
proteomics,CRADD,long_seq,ensemble,1116,586,530,0,1143,602,541
proteomics,CRH,long_seq,ensemble,1116,586,530,0,1143,602,541
proteomics,CRISP2,long_seq,ensemble,1116,586,530,0,1143,602,541
proteomics,CRNN,long_seq,ensemble,1116,586,530,0,1143,602,541
proteomics,CRTAM,long_seq,ensemble,1116,586,530,0,1143,602,541
proteomics,CRYZL1,long_seq,ensemble,1116,586,530,0,1143,602,541
proteomics,CSF1,long_seq,ensemble,1116,586,530,0,1143,602,541
proteomics,CSF2,long_seq,ensemble,1116,586,530,0,1143,602,541
proteomics,CSF2RB,long_seq,ensemble,1116,586,530,0,1143,602,541
proteomics,CSF3,long_seq,ensemble,1116,586,530,0,1143,602,541
proteomics,CSF3R,long_seq,ensemble,1116,586,530,0,1143,602,541
proteomics,CSNK1D,long_seq,ensemble,1114,586,528,0,1141,602,539
proteomics,CSRP3,long_seq,ensemble,1114,586,528,0,1141,602,539
proteomics,CST5,long_seq,ensemble,1116,586,530,0,1143,602,541
proteomics,CTF1,long_seq,ensemble,1116,586,530,0,1143,602,541
proteomics,CTH,long_seq,ensemble,1116,586,530,0,1143,602,541
proteomics,CTRC,long_seq,ensemble,1116,586,530,0,1143,602,541
proteomics,CTRL,long_seq,ensemble,1116,586,530,0,1143,602,541
proteomics,CTSF,long_seq,ensemble,548,293,255,0,555,295,260
proteomics,CTSH,long_seq,ensemble,1116,586,530,0,1143,602,541
proteomics,CTSO,long_seq,ensemble,1116,586,530,0,1143,602,541
proteomics,CTSV,long_seq,ensemble,1111,583,528,0,1138,599,539
proteomics,CX3CL1,long_seq,ensemble,1116,586,530,0,1143,602,541
proteomics,CXADR,long_seq,ensemble,1116,586,530,0,1143,602,541
proteomics,CXCL1,long_seq,ensemble,1097,573,524,0,1124,589,535
proteomics,CXCL10,long_seq,ensemble,1116,586,530,0,1143,602,541
proteomics,CXCL11,long_seq,ensemble,1116,586,530,0,1143,602,541
proteomics,CXCL12,long_seq,ensemble,1116,586,530,0,1143,602,541
proteomics,CXCL17,long_seq,ensemble,1116,586,530,0,1143,602,541
proteomics,CXCL6,long_seq,ensemble,1114,586,528,0,1141,602,539
proteomics,CXCL8,long_seq,ensemble,1116,586,530,0,1143,602,541
proteomics,CXCL9,long_seq,ensemble,1116,586,530,0,1143,602,541
proteomics,CYB5R2,long_seq,ensemble,1116,586,530,0,1143,602,541
proteomics,CYLD,long_seq,ensemble,1116,586,530,0,1143,602,541
proteomics,DAPK2,long_seq,ensemble,1116,586,530,0,1143,602,541
proteomics,DAPP1,long_seq,ensemble,1116,586,530,0,1143,602,541
proteomics,DBN1,long_seq,ensemble,1105,582,523,0,1132,598,534
proteomics,DCN,long_seq,ensemble,1054,548,506,0,1081,564,517
proteomics,DCPS,long_seq,ensemble,1116,586,530,0,1143,602,541
proteomics,DCTN1,long_seq,ensemble,1116,586,530,0,1143,602,541
proteomics,DCTN2,long_seq,ensemble,1116,586,530,0,1143,602,541
proteomics,DCTN4,long_seq,ensemble,1116,586,530,0,1143,602,541
proteomics,DDX21,long_seq,ensemble,1116,586,530,0,1143,602,541
proteomics,DDX39A,long_seq,ensemble,1116,586,530,0,1143,602,541
proteomics,DDX60,long_seq,ensemble,814,424,390,0,829,432,397
proteomics,DECR1,long_seq,ensemble,1050,551,499,0,1077,567,510
proteomics,DEFB103A_DEFB103B,long_seq,ensemble,988,521,467,0,1015,537,478
proteomics,DENR,long_seq,ensemble,1116,586,530,0,1143,602,541
proteomics,DFFA,long_seq,ensemble,1116,586,530,0,1143,602,541
proteomics,DGKA,long_seq,ensemble,1116,586,530,0,1143,602,541
proteomics,DHPS,long_seq,ensemble,1079,568,511,0,1102,581,521
proteomics,DHX36,long_seq,ensemble,1116,586,530,0,1143,602,541
proteomics,DKK4,long_seq,ensemble,1116,586,530,0,1143,602,541
proteomics,DLG4,long_seq,ensemble,1116,586,530,0,1143,602,541
proteomics,DNAJA4,long_seq,ensemble,1116,586,530,0,1143,602,541
proteomics,DNAJB1,long_seq,ensemble,1116,586,530,0,1143,602,541
proteomics,DNAJC6,long_seq,ensemble,1116,586,530,0,1143,602,541
proteomics,DNM1,long_seq,ensemble,1116,586,530,0,1143,602,541
proteomics,DNM3,long_seq,ensemble,1116,586,530,0,1143,602,541
proteomics,DNMBP,long_seq,ensemble,1116,586,530,0,1143,602,541
proteomics,DNPEP,long_seq,ensemble,1116,586,530,0,1143,602,541
proteomics,DPEP1,long_seq,ensemble,1116,586,530,0,1143,602,541
proteomics,DPEP2,long_seq,ensemble,1116,586,530,0,1143,602,541
proteomics,DPP10,long_seq,ensemble,1116,586,530,0,1143,602,541
proteomics,DPP6,long_seq,ensemble,1116,586,530,0,1143,602,541
proteomics,DPY30,long_seq,ensemble,1116,586,530,0,1143,602,541
proteomics,DRAXIN,long_seq,ensemble,1089,572,517,0,1112,585,527
proteomics,DSG3,long_seq,ensemble,1116,586,530,0,1143,602,541
proteomics,DTNB,long_seq,ensemble,1116,586,530,0,1143,602,541
proteomics,DTX3,long_seq,ensemble,1116,586,530,0,1143,602,541
proteomics,DTX3L,long_seq,ensemble,1093,569,524,0,1120,585,535
proteomics,DUT,long_seq,ensemble,859,443,416,0,875,452,423
proteomics,DYNC1H1,long_seq,ensemble,1089,572,517,0,1112,585,527
proteomics,DYNC1I2,long_seq,ensemble,1089,569,520,0,1113,582,531
proteomics,EBAG9,long_seq,ensemble,1116,586,530,0,1143,602,541
proteomics,EBI3_IL27,long_seq,ensemble,1116,586,530,0,1143,602,541
proteomics,ECE1,long_seq,ensemble,1116,586,530,0,1143,602,541
proteomics,ECSIT,long_seq,ensemble,1092,572,520,0,1119,588,531
proteomics,EDA2R,long_seq,ensemble,1116,586,530,0,1143,602,541
proteomics,EDAR,long_seq,ensemble,1116,586,530,0,1143,602,541
proteomics,EDNRB,long_seq,ensemble,1116,586,530,0,1143,602,541
proteomics,EFHD2,long_seq,ensemble,1116,586,530,0,1143,602,541
proteomics,EFNA4,long_seq,ensemble,1116,586,530,0,1143,602,541
proteomics,EGFLAM,long_seq,ensemble,1116,586,530,0,1143,602,541
proteomics,EGLN1,long_seq,ensemble,1116,586,530,0,1143,602,541
proteomics,EHD4,long_seq,ensemble,1116,586,530,0,1143,602,541
proteomics,EIF2S2,long_seq,ensemble,1089,576,513,0,1116,592,524
proteomics,EIF4E,long_seq,ensemble,1079,567,512,0,1102,580,522
proteomics,EIF4E2,long_seq,ensemble,1116,586,530,0,1143,602,541
proteomics,ELOB,long_seq,ensemble,1116,586,530,0,1143,602,541
proteomics,EML4,long_seq,ensemble,1116,586,530,0,1143,602,541
proteomics,ENAH,long_seq,ensemble,806,423,383,0,822,432,390
proteomics,ENDOU,long_seq,ensemble,1116,586,530,0,1143,602,541
proteomics,ENPP1,long_seq,ensemble,1116,586,530,0,1143,602,541
proteomics,ENPP6,long_seq,ensemble,1116,586,530,0,1143,602,541
proteomics,ENTPD5,long_seq,ensemble,1116,586,530,0,1143,602,541
proteomics,ENTPD6,long_seq,ensemble,1116,586,530,0,1143,602,541
proteomics,EPB41L3,long_seq,ensemble,1116,586,530,0,1143,602,541
proteomics,EPHA2,long_seq,ensemble,1116,586,530,0,1143,602,541
proteomics,EPHB6,long_seq,ensemble,1116,586,530,0,1143,602,541
proteomics,EPS8L2,long_seq,ensemble,872,461,411,0,889,471,418
proteomics,ERBB4,long_seq,ensemble,1116,586,530,0,1143,602,541
proteomics,EREG,long_seq,ensemble,1095,573,522,0,1122,589,533
proteomics,ERF,long_seq,ensemble,1116,586,530,0,1143,602,541
proteomics,ERG,long_seq,ensemble,1089,572,517,0,1112,585,527
proteomics,ERN1,long_seq,ensemble,15,7,8,0,15,7,8
proteomics,ERP44,long_seq,ensemble,1116,586,530,0,1143,602,541
proteomics,ESR1,long_seq,ensemble,1116,586,530,0,1143,602,541
proteomics,EVA1C,long_seq,ensemble,1116,586,530,0,1143,602,541
proteomics,EVI5,long_seq,ensemble,617,315,302,0,632,322,310
proteomics,EVL,long_seq,ensemble,1115,586,529,0,1142,602,540
proteomics,EXOSC3,long_seq,ensemble,1116,586,530,0,1143,602,541
proteomics,EZR,long_seq,ensemble,1116,586,530,0,1143,602,541
proteomics,F3,long_seq,ensemble,1116,586,530,0,1143,602,541
proteomics,FAF2,long_seq,ensemble,1116,586,530,0,1143,602,541
proteomics,FAM3B,long_seq,ensemble,1116,586,530,0,1143,602,541
proteomics,FAM3D,long_seq,ensemble,1116,586,530,0,1143,602,541
proteomics,FASLG,long_seq,ensemble,1116,586,530,0,1143,602,541
proteomics,FBXO28,long_seq,ensemble,1116,586,530,0,1143,602,541
proteomics,FBXO40,long_seq,ensemble,1116,586,530,0,1143,602,541
proteomics,FCAR,long_seq,ensemble,1116,586,530,0,1143,602,541
proteomics,FCER1A,long_seq,ensemble,1116,586,530,0,1143,602,541
proteomics,FCRL2,long_seq,ensemble,1116,586,530,0,1143,602,541
proteomics,FCRL3,long_seq,ensemble,1110,582,528,0,1137,598,539
proteomics,FCRL6,long_seq,ensemble,1116,586,530,0,1143,602,541
proteomics,FGF19,long_seq,ensemble,1116,586,530,0,1143,602,541
proteomics,FGF2,long_seq,ensemble,1033,544,489,0,1055,556,499
proteomics,FGF21,long_seq,ensemble,1116,586,530,0,1143,602,541
proteomics,FGF23,long_seq,ensemble,1116,586,530,0,1143,602,541
proteomics,FGF5,long_seq,ensemble,1092,577,515,0,1119,593,526
proteomics,FGFBP3,long_seq,ensemble,1116,586,530,0,1143,602,541
proteomics,FGR,long_seq,ensemble,1116,586,530,0,1143,602,541
proteomics,FHIT,long_seq,ensemble,1116,586,530,0,1143,602,541
proteomics,FKBP10,long_seq,ensemble,1116,586,530,0,1143,602,541
proteomics,FKBP15,long_seq,ensemble,1116,586,530,0,1143,602,541
proteomics,FKBP4,long_seq,ensemble,1116,586,530,0,1143,602,541
proteomics,FKBP5,long_seq,ensemble,1116,586,530,0,1143,602,541
proteomics,FKBPL,long_seq,ensemble,1116,586,530,0,1143,602,541
proteomics,FLRT2,long_seq,ensemble,1116,586,530,0,1143,602,541
proteomics,FLT3,long_seq,ensemble,1116,586,530,0,1143,602,541
proteomics,FLT3LG,long_seq,ensemble,1116,586,530,0,1143,602,541
proteomics,FMNL1,long_seq,ensemble,1116,586,530,0,1143,602,541
proteomics,FNDC1,long_seq,ensemble,1116,586,530,0,1143,602,541
proteomics,FNTA,long_seq,ensemble,1116,586,530,0,1143,602,541
proteomics,FOLH1,long_seq,ensemble,1116,586,530,0,1143,602,541
proteomics,FOXJ3,long_seq,ensemble,1116,586,530,0,1143,602,541
proteomics,FOXO1,long_seq,ensemble,1116,586,530,0,1143,602,541
proteomics,FOXO3,long_seq,ensemble,1116,586,530,0,1143,602,541
proteomics,FRZB,long_seq,ensemble,1116,586,530,0,1143,602,541
proteomics,FSTL1,long_seq,ensemble,1116,586,530,0,1143,602,541
proteomics,FURIN,long_seq,ensemble,1116,586,530,0,1143,602,541
proteomics,FUS,long_seq,ensemble,1116,586,530,0,1143,602,541
proteomics,FUT8,long_seq,ensemble,1095,573,522,0,1122,589,533
proteomics,FXYD5,long_seq,ensemble,1116,586,530,0,1143,602,541
proteomics,FYCO1,long_seq,ensemble,1116,586,530,0,1143,602,541
proteomics,GALNT10,long_seq,ensemble,1116,586,530,0,1143,602,541
proteomics,GALNT2,long_seq,ensemble,1116,586,530,0,1143,602,541
proteomics,GALNT3,long_seq,ensemble,1116,586,530,0,1143,602,541
proteomics,GAP43,long_seq,ensemble,1115,586,529,0,1142,602,540
proteomics,GBA1,long_seq,ensemble,1067,564,503,0,1089,577,512
proteomics,GBP2,long_seq,ensemble,1116,586,530,0,1143,602,541
proteomics,GBP3,long_seq,ensemble,1116,586,530,0,1143,602,541
proteomics,GCG,long_seq,ensemble,1081,563,518,0,1108,579,529
proteomics,GCNT1,long_seq,ensemble,1116,586,530,0,1143,602,541
proteomics,GDNF,long_seq,ensemble,1116,586,530,0,1143,602,541
proteomics,GFAP,long_seq,ensemble,1116,586,530,0,1143,602,541
proteomics,GFER,long_seq,ensemble,1116,586,530,0,1143,602,541
proteomics,GFRA1,long_seq,ensemble,1116,586,530,0,1143,602,541
proteomics,GFRA2,long_seq,ensemble,1116,586,530,0,1143,602,541
proteomics,GFRA3,long_seq,ensemble,1116,586,530,0,1143,602,541
proteomics,GFRAL,long_seq,ensemble,1116,586,530,0,1143,602,541
proteomics,GIT1,long_seq,ensemble,1116,586,530,0,1143,602,541
proteomics,GLIPR1,long_seq,ensemble,1116,586,530,0,1143,602,541
proteomics,GLRX2,long_seq,ensemble,1116,586,530,0,1143,602,541
proteomics,GMPR,long_seq,ensemble,1116,586,530,0,1143,602,541
proteomics,GOPC,long_seq,ensemble,1116,586,530,0,1143,602,541
proteomics,GP2,long_seq,ensemble,1116,586,530,0,1143,602,541
proteomics,GPA33,long_seq,ensemble,1116,586,530,0,1143,602,541
proteomics,GPC1,long_seq,ensemble,1116,586,530,0,1143,602,541
proteomics,GPC5,long_seq,ensemble,1116,586,530,0,1143,602,541
proteomics,GPD1,long_seq,ensemble,1116,586,530,0,1143,602,541
proteomics,GPIHBP1,long_seq,ensemble,1116,586,530,0,1143,602,541
proteomics,GPR15LG,long_seq,ensemble,1116,586,530,0,1143,602,541
proteomics,GPR37,long_seq,ensemble,1116,586,530,0,1143,602,541
proteomics,GRP,long_seq,ensemble,1116,586,530,0,1143,602,541
proteomics,GRPEL1,long_seq,ensemble,1116,586,530,0,1143,602,541
proteomics,GSDMD,long_seq,ensemble,1088,571,517,0,1115,587,528
proteomics,GSTP1,long_seq,ensemble,1116,586,530,0,1143,602,541
proteomics,GZMA,long_seq,ensemble,1092,570,522,0,1119,586,533
proteomics,GZMB,long_seq,ensemble,1116,586,530,0,1143,602,541
proteomics,GZMH,long_seq,ensemble,1116,586,530,0,1143,602,541
proteomics,HAO1,long_seq,ensemble,1116,586,530,0,1143,602,541
proteomics,HAVCR1,long_seq,ensemble,1116,586,530,0,1143,602,541
proteomics,HBEGF,long_seq,ensemble,1116,586,530,0,1143,602,541
proteomics,HCLS1,long_seq,ensemble,1116,586,530,0,1143,602,541
proteomics,HDAC5,long_seq,ensemble,1116,586,530,0,1143,602,541
proteomics,HDAC9,long_seq,ensemble,1092,577,515,0,1119,593,526
proteomics,HEPH,long_seq,ensemble,1116,586,530,0,1143,602,541
proteomics,HGF,long_seq,ensemble,1116,586,530,0,1143,602,541
proteomics,HHEX,long_seq,ensemble,1116,586,530,0,1143,602,541
proteomics,HIF1A,long_seq,ensemble,1116,586,530,0,1143,602,541
proteomics,HLA-A,long_seq,ensemble,1089,569,520,0,1113,582,531
proteomics,HMBS,long_seq,ensemble,1116,586,530,0,1143,602,541
proteomics,HMOX2,long_seq,ensemble,1116,586,530,0,1143,602,541
proteomics,HNMT,long_seq,ensemble,1116,586,530,0,1143,602,541
proteomics,HNRNPA0,long_seq,ensemble,1116,586,530,0,1143,602,541
proteomics,HNRNPUL1,long_seq,ensemble,1116,586,530,0,1143,602,541
proteomics,HOMER3,long_seq,ensemble,1116,586,530,0,1143,602,541
proteomics,HPGDS,long_seq,ensemble,1116,586,530,0,1143,602,541
proteomics,HRAS,long_seq,ensemble,1092,577,515,0,1119,593,526
proteomics,HRC,long_seq,ensemble,1116,586,530,0,1143,602,541
proteomics,HRH1,long_seq,ensemble,1116,586,530,0,1143,602,541
proteomics,HS6ST2,long_seq,ensemble,1095,572,523,0,1121,587,534
proteomics,HSD11B1,long_seq,ensemble,1116,586,530,0,1143,602,541
proteomics,HSP90B1,long_seq,ensemble,1039,541,498,0,1065,556,509
proteomics,HSPA13,long_seq,ensemble,1116,586,530,0,1143,602,541
proteomics,HSPB6,long_seq,ensemble,1116,586,530,0,1143,602,541
proteomics,ICA1,long_seq,ensemble,1116,586,530,0,1143,602,541
proteomics,ICAM4,long_seq,ensemble,1116,586,530,0,1143,602,541
proteomics,ICOSLG,long_seq,ensemble,1116,586,530,0,1143,602,541
proteomics,IDO1,long_seq,ensemble,1116,586,530,0,1143,602,541
proteomics,IDS,long_seq,ensemble,1116,586,530,0,1143,602,541
proteomics,IDUA,long_seq,ensemble,1116,586,530,0,1143,602,541
proteomics,IFI30,long_seq,ensemble,1092,571,521,0,1119,587,532
proteomics,IFIT1,long_seq,ensemble,1116,586,530,0,1143,602,541
proteomics,IFIT3,long_seq,ensemble,1116,586,530,0,1143,602,541
proteomics,IFNAR1,long_seq,ensemble,1116,586,530,0,1143,602,541
proteomics,IFNB1,long_seq,ensemble,1054,559,495,0,1080,575,505
proteomics,IFNG,long_seq,ensemble,1116,586,530,0,1143,602,541
proteomics,IFNGR1,long_seq,ensemble,1116,586,530,0,1143,602,541
proteomics,IFNGR2,long_seq,ensemble,1116,586,530,0,1143,602,541
proteomics,IFNL4,long_seq,ensemble,1116,586,530,0,1143,602,541
proteomics,IFNLR1,long_seq,ensemble,1116,586,530,0,1143,602,541
proteomics,IGBP1,long_seq,ensemble,1116,586,530,0,1143,602,541
proteomics,IGF1R,long_seq,ensemble,1116,586,530,0,1143,602,541
proteomics,IGFL4,long_seq,ensemble,1116,586,530,0,1143,602,541
proteomics,IGSF3,long_seq,ensemble,1116,586,530,0,1143,602,541
proteomics,IKBKG,long_seq,ensemble,1116,586,530,0,1143,602,541
proteomics,IL10,long_seq,ensemble,1116,586,530,0,1143,602,541
proteomics,IL10RA,long_seq,ensemble,1116,586,530,0,1143,602,541
proteomics,IL11,long_seq,ensemble,1116,586,530,0,1143,602,541
proteomics,IL11RA,long_seq,ensemble,1107,582,525,0,1134,598,536
proteomics,IL12A_IL12B,long_seq,ensemble,1116,586,530,0,1143,602,541
proteomics,IL12B,long_seq,ensemble,1116,586,530,0,1143,602,541
proteomics,IL12RB1,long_seq,ensemble,1116,586,530,0,1143,602,541
proteomics,IL13,long_seq,ensemble,1089,572,517,0,1112,585,527
proteomics,IL15,long_seq,ensemble,1116,586,530,0,1143,602,541
proteomics,IL15RA,long_seq,ensemble,1116,586,530,0,1143,602,541
proteomics,IL16,long_seq,ensemble,1116,586,530,0,1143,602,541
proteomics,IL17A,long_seq,ensemble,1116,586,530,0,1143,602,541
proteomics,IL17C,long_seq,ensemble,1116,586,530,0,1143,602,541
proteomics,IL17D,long_seq,ensemble,1116,586,530,0,1143,602,541
proteomics,IL17F,long_seq,ensemble,1116,586,530,0,1143,602,541
proteomics,IL17RB,long_seq,ensemble,1116,586,530,0,1143,602,541
proteomics,IL18,long_seq,ensemble,1116,586,530,0,1143,602,541
proteomics,IL18R1,long_seq,ensemble,1116,586,530,0,1143,602,541
proteomics,IL18RAP,long_seq,ensemble,1116,586,530,0,1143,602,541
proteomics,IL1A,long_seq,ensemble,850,459,391,0,866,469,397
proteomics,IL1B,long_seq,ensemble,1089,572,517,0,1112,585,527
proteomics,IL1RL2,long_seq,ensemble,1116,586,530,0,1143,602,541
proteomics,IL2,long_seq,ensemble,1058,554,504,0,1084,570,514
proteomics,IL20,long_seq,ensemble,1116,586,530,0,1143,602,541
proteomics,IL20RA,long_seq,ensemble,1116,586,530,0,1143,602,541
proteomics,IL22,long_seq,ensemble,1113,585,528,0,1140,601,539
proteomics,IL22RA1,long_seq,ensemble,1116,586,530,0,1143,602,541
proteomics,IL23R,long_seq,ensemble,1116,586,530,0,1143,602,541
proteomics,IL2RB,long_seq,ensemble,1116,586,530,0,1143,602,541
proteomics,IL31RA,long_seq,ensemble,1116,586,530,0,1143,602,541
proteomics,IL32,long_seq,ensemble,1116,586,530,0,1143,602,541
proteomics,IL33,long_seq,ensemble,913,473,440,0,931,482,449
proteomics,IL36B,long_seq,ensemble,927,504,423,0,944,514,430
proteomics,IL36G,long_seq,ensemble,966,520,446,0,983,530,453
proteomics,IL3RA,long_seq,ensemble,1116,586,530,0,1143,602,541
proteomics,IL4,long_seq,ensemble,1116,586,530,0,1143,602,541
proteomics,IL4R,long_seq,ensemble,1116,586,530,0,1143,602,541
proteomics,IL5RA,long_seq,ensemble,1116,586,530,0,1143,602,541
proteomics,IL6,long_seq,ensemble,1116,586,530,0,1143,602,541
proteomics,IL7,long_seq,ensemble,1116,586,530,0,1143,602,541
proteomics,IL9,long_seq,ensemble,1116,586,530,0,1143,602,541
proteomics,IMPA1,long_seq,ensemble,1110,583,527,0,1137,599,538
proteomics,INPP1,long_seq,ensemble,1116,586,530,0,1143,602,541
proteomics,INPP5D,long_seq,ensemble,1116,586,530,0,1143,602,541
proteomics,INPPL1,long_seq,ensemble,1116,586,530,0,1143,602,541
proteomics,INSL5,long_seq,ensemble,1116,586,530,0,1143,602,541
proteomics,IPCEF1,long_seq,ensemble,1116,586,530,0,1143,602,541
proteomics,IQGAP2,long_seq,ensemble,1116,586,530,0,1143,602,541
proteomics,IRAG2,long_seq,ensemble,1116,586,530,0,1143,602,541
proteomics,IRAK1,long_seq,ensemble,1089,572,517,0,1112,585,527
proteomics,IRAK1BP1,long_seq,ensemble,1116,586,530,0,1143,602,541
proteomics,IRAK4,long_seq,ensemble,1116,586,530,0,1143,602,541
proteomics,ISM1,long_seq,ensemble,1116,586,530,0,1143,602,541
proteomics,ITCH,long_seq,ensemble,119,61,58,0,119,61,58
proteomics,ITGA11,long_seq,ensemble,1116,586,530,0,1143,602,541
proteomics,ITGAL,long_seq,ensemble,1116,586,530,0,1143,602,541
proteomics,ITGAV,long_seq,ensemble,1116,586,530,0,1143,602,541
proteomics,ITGB1BP2,long_seq,ensemble,1116,586,530,0,1143,602,541
proteomics,ITGB6,long_seq,ensemble,1116,586,530,0,1143,602,541
proteomics,ITGB7,long_seq,ensemble,1116,586,530,0,1143,602,541
proteomics,ITM2A,long_seq,ensemble,1093,569,524,0,1120,585,535
proteomics,ITPR1,long_seq,ensemble,1056,558,498,0,1083,574,509
proteomics,JTB,long_seq,ensemble,1116,586,530,0,1143,602,541
proteomics,KDR,long_seq,ensemble,1116,586,530,0,1143,602,541
proteomics,KEL,long_seq,ensemble,1106,582,524,0,1133,598,535
proteomics,KHK,long_seq,ensemble,1095,573,522,0,1122,589,533
proteomics,KIAA0319,long_seq,ensemble,1116,586,530,0,1143,602,541
proteomics,KIAA0319L,long_seq,ensemble,1116,586,530,0,1143,602,541
proteomics,KIF22,long_seq,ensemble,1011,531,480,0,1038,547,491
proteomics,KIF4A,long_seq,ensemble,1116,586,530,0,1143,602,541
proteomics,KIFAP3,long_seq,ensemble,1116,586,530,0,1143,602,541
proteomics,KIR2DL2_KIR2DL3,long_seq,ensemble,1116,586,530,0,1143,602,541
proteomics,KIR3DL1,long_seq,ensemble,1116,586,530,0,1143,602,541
proteomics,KITLG,long_seq,ensemble,1116,586,530,0,1143,602,541
proteomics,KLB,long_seq,ensemble,1116,586,530,0,1143,602,541
proteomics,KLHL41,long_seq,ensemble,801,425,376,0,820,436,384
proteomics,KLK13,long_seq,ensemble,1116,586,530,0,1143,602,541
proteomics,KLK15,long_seq,ensemble,1116,586,530,0,1143,602,541
proteomics,KLRB1,long_seq,ensemble,1116,586,530,0,1143,602,541
proteomics,KLRD1,long_seq,ensemble,1116,586,530,0,1143,602,541
proteomics,KLRF1,long_seq,ensemble,1116,586,530,0,1143,602,541
proteomics,KLRK1,long_seq,ensemble,1116,586,530,0,1143,602,541
proteomics,KRT19,long_seq,ensemble,1116,586,530,0,1143,602,541
proteomics,KRT5,long_seq,ensemble,1106,580,526,0,1133,596,537
proteomics,KYAT1,long_seq,ensemble,1116,586,530,0,1143,602,541
proteomics,KYNU,long_seq,ensemble,1116,586,530,0,1143,602,541
proteomics,L1CAM,long_seq,ensemble,1116,586,530,0,1143,602,541
proteomics,LAG3,long_seq,ensemble,1116,586,530,0,1143,602,541
proteomics,LAIR2,long_seq,ensemble,1116,586,530,0,1143,602,541
proteomics,LAMB1,long_seq,ensemble,1116,586,530,0,1143,602,541
proteomics,LAMP3,long_seq,ensemble,1116,586,530,0,1143,602,541
proteomics,LAT,long_seq,ensemble,1116,586,530,0,1143,602,541
proteomics,LAT2,long_seq,ensemble,1116,586,530,0,1143,602,541
proteomics,LATS1,long_seq,ensemble,1076,565,511,0,1098,577,521
proteomics,LAYN,long_seq,ensemble,1116,586,530,0,1143,602,541
proteomics,LCK,long_seq,ensemble,1115,586,529,0,1142,602,540
proteomics,LCN15,long_seq,ensemble,1111,583,528,0,1138,599,539
proteomics,LEFTY2,long_seq,ensemble,1113,585,528,0,1140,601,539
proteomics,LGALS7,long_seq,ensemble,942,496,446,0,961,507,454
proteomics,LIF,long_seq,ensemble,1087,567,520,0,1114,583,531
proteomics,LIFR,long_seq,ensemble,1116,586,530,0,1143,602,541
proteomics,LILRB4,long_seq,ensemble,1116,586,530,0,1143,602,541
proteomics,LIPF,long_seq,ensemble,1116,586,530,0,1143,602,541
proteomics,LMNB1,long_seq,ensemble,1113,585,528,0,1140,601,539
proteomics,LMNB2,long_seq,ensemble,1116,586,530,0,1143,602,541
proteomics,LMOD1,long_seq,ensemble,1116,586,530,0,1143,602,541
proteomics,LPL,long_seq,ensemble,1116,586,530,0,1143,602,541
proteomics,LPO,long_seq,ensemble,1116,586,530,0,1143,602,541
proteomics,LRCH4,long_seq,ensemble,1116,586,530,0,1143,602,541
proteomics,LRIG1,long_seq,ensemble,1116,586,530,0,1143,602,541
proteomics,LRRC25,long_seq,ensemble,1112,584,528,0,1139,600,539
proteomics,LRRC37A2,long_seq,ensemble,1116,586,530,0,1143,602,541
proteomics,LRRFIP1,long_seq,ensemble,1116,586,530,0,1143,602,541
proteomics,LRRN1,long_seq,ensemble,1116,586,530,0,1143,602,541
proteomics,LTA4H,long_seq,ensemble,1104,579,525,0,1130,594,536
proteomics,LTBP3,long_seq,ensemble,1116,586,530,0,1143,602,541
proteomics,LTK,long_seq,ensemble,1116,586,530,0,1143,602,541
proteomics,LUZP2,long_seq,ensemble,1095,575,520,0,1122,591,531
proteomics,LXN,long_seq,ensemble,1116,586,530,0,1143,602,541
proteomics,LY75,long_seq,ensemble,1116,586,530,0,1143,602,541
proteomics,LY9,long_seq,ensemble,1116,586,530,0,1143,602,541
proteomics,LY96,long_seq,ensemble,1116,586,530,0,1143,602,541
proteomics,MAD1L1,long_seq,ensemble,1116,586,530,0,1143,602,541
proteomics,MAFB,long_seq,ensemble,959,509,450,0,978,519,459
proteomics,MAG,long_seq,ensemble,1116,586,530,0,1143,602,541
proteomics,MAN1A2,long_seq,ensemble,1109,582,527,0,1136,598,538
proteomics,MAP2K1,long_seq,ensemble,1116,586,530,0,1143,602,541
proteomics,MAP2K6,long_seq,ensemble,1116,586,530,0,1143,602,541
proteomics,MAP3K5,long_seq,ensemble,1116,586,530,0,1143,602,541
proteomics,MAP4K5,long_seq,ensemble,1116,586,530,0,1143,602,541
proteomics,MAPK9,long_seq,ensemble,1116,586,530,0,1143,602,541
proteomics,MAPKAP1,long_seq,ensemble,1116,586,530,0,1143,602,541
proteomics,MAPKAPK2,long_seq,ensemble,1116,586,530,0,1143,602,541
proteomics,MAPT,long_seq,ensemble,795,399,396,0,817,411,406
proteomics,MASP1,long_seq,ensemble,1116,586,530,0,1143,602,541
proteomics,MATN3,long_seq,ensemble,1116,586,530,0,1143,602,541
proteomics,MAVS,long_seq,ensemble,1116,586,530,0,1143,602,541
proteomics,MCF2L,long_seq,ensemble,1116,586,530,0,1143,602,541
proteomics,MDGA1,long_seq,ensemble,1116,586,530,0,1143,602,541
proteomics,MECR,long_seq,ensemble,1116,586,530,0,1143,602,541
proteomics,MEF2C,long_seq,ensemble,1080,568,512,0,1103,581,522
proteomics,MELTF,long_seq,ensemble,1116,586,530,0,1143,602,541
proteomics,MEP1A,long_seq,ensemble,1116,586,530,0,1143,602,541
proteomics,METAP1D,long_seq,ensemble,1116,586,530,0,1143,602,541
proteomics,METAP2,long_seq,ensemble,1068,565,503,0,1095,581,514
proteomics,MICA_MICB,long_seq,ensemble,1116,586,530,0,1143,602,541
proteomics,MILR1,long_seq,ensemble,1043,542,501,0,1070,558,512
proteomics,MINDY2,long_seq,ensemble,475,252,223,0,489,263,226
proteomics,MKI67,long_seq,ensemble,1109,582,527,0,1136,598,538
proteomics,MKNK1,long_seq,ensemble,1116,586,530,0,1143,602,541
proteomics,MLN,long_seq,ensemble,1116,586,530,0,1143,602,541
proteomics,MME,long_seq,ensemble,1116,586,530,0,1143,602,541
proteomics,MMP10,long_seq,ensemble,1116,586,530,0,1143,602,541
proteomics,MMP12,long_seq,ensemble,1116,586,530,0,1143,602,541
proteomics,MMP13,long_seq,ensemble,1078,568,510,0,1105,584,521
proteomics,MOG,long_seq,ensemble,1116,586,530,0,1143,602,541
proteomics,MORC3,long_seq,ensemble,1116,586,530,0,1143,602,541
proteomics,MPP7,long_seq,ensemble,1116,586,530,0,1143,602,541
proteomics,MPST,long_seq,ensemble,1116,586,530,0,1143,602,541
proteomics,MS4A1,long_seq,ensemble,1116,586,530,0,1143,602,541
proteomics,MSLN,long_seq,ensemble,1116,586,530,0,1143,602,541
proteomics,MSTN,long_seq,ensemble,1116,586,530,0,1143,602,541
proteomics,MTAP,long_seq,ensemble,1116,586,530,0,1143,602,541
proteomics,MTDH,long_seq,ensemble,1116,586,530,0,1143,602,541
proteomics,MUC13,long_seq,ensemble,1116,586,530,0,1143,602,541
proteomics,MUC16,long_seq,ensemble,1116,586,530,0,1143,602,541
proteomics,MUC20,long_seq,ensemble,1116,586,530,0,1143,602,541
proteomics,MVK,long_seq,ensemble,1116,586,530,0,1143,602,541
proteomics,MYL11,long_seq,ensemble,1116,586,530,0,1143,602,541
proteomics,MYL3,long_seq,ensemble,1116,586,530,0,1143,602,541
proteomics,MYO9B,long_seq,ensemble,1092,577,515,0,1119,593,526
proteomics,NAAA,long_seq,ensemble,1116,586,530,0,1143,602,541
proteomics,NACC1,long_seq,ensemble,1116,586,530,0,1143,602,541
proteomics,NAGA,long_seq,ensemble,1116,586,530,0,1143,602,541
proteomics,NAGK,long_seq,ensemble,1116,586,530,0,1143,602,541
proteomics,NAPRT,long_seq,ensemble,1116,586,530,0,1143,602,541
proteomics,NBN,long_seq,ensemble,1116,586,530,0,1143,602,541
proteomics,NCAN,long_seq,ensemble,336,188,148,0,342,191,151
proteomics,NCF1C_NCF1,long_seq,ensemble,1116,586,530,0,1143,602,541
proteomics,NCKIPSD,long_seq,ensemble,1114,586,528,0,1141,602,539
proteomics,NCR1,long_seq,ensemble,1116,586,530,0,1143,602,541
proteomics,NCR3,long_seq,ensemble,1116,586,530,0,1143,602,541
proteomics,NCR3LG1,long_seq,ensemble,1116,586,530,0,1143,602,541
proteomics,NCS1,long_seq,ensemble,1116,586,530,0,1143,602,541
proteomics,NDRG1,long_seq,ensemble,1113,585,528,0,1140,601,539
proteomics,NDUFA5,long_seq,ensemble,1116,586,530,0,1143,602,541
proteomics,NDUFAF2,long_seq,ensemble,1116,586,530,0,1143,602,541
proteomics,NDUFB7,long_seq,ensemble,1110,583,527,0,1137,599,538
proteomics,NDUFS6,long_seq,ensemble,1113,585,528,0,1140,601,539
proteomics,NECAB2,long_seq,ensemble,1116,586,530,0,1143,602,541
proteomics,NEFL,long_seq,ensemble,1116,586,530,0,1143,602,541
proteomics,NELL1,long_seq,ensemble,1116,586,530,0,1143,602,541
proteomics,NEO1,long_seq,ensemble,1116,586,530,0,1143,602,541
proteomics,NFAT5,long_seq,ensemble,1116,586,530,0,1143,602,541
proteomics,NFATC1,long_seq,ensemble,1116,586,530,0,1143,602,541
proteomics,NFATC3,long_seq,ensemble,1116,586,530,0,1143,602,541
proteomics,NFKB1,long_seq,ensemble,1116,586,530,0,1143,602,541
proteomics,NFKBIE,long_seq,ensemble,1116,586,530,0,1143,602,541
proteomics,NFU1,long_seq,ensemble,1116,586,530,0,1143,602,541
proteomics,NFX1,long_seq,ensemble,1116,586,530,0,1143,602,541
proteomics,NHEJ1,long_seq,ensemble,1113,585,528,0,1140,601,539
proteomics,NIT1,long_seq,ensemble,1116,586,530,0,1143,602,541
proteomics,NLGN1,long_seq,ensemble,1116,586,530,0,1143,602,541
proteomics,NMI,long_seq,ensemble,1116,586,530,0,1143,602,541
proteomics,NOS1,long_seq,ensemble,1116,586,530,0,1143,602,541
proteomics,NOS2,long_seq,ensemble,1078,575,503,0,1105,591,514
proteomics,NOS3,long_seq,ensemble,1116,586,530,0,1143,602,541
proteomics,NPHS1,long_seq,ensemble,1116,586,530,0,1143,602,541
proteomics,NPPC,long_seq,ensemble,1116,586,530,0,1143,602,541
proteomics,NPTXR,long_seq,ensemble,1116,586,530,0,1143,602,541
proteomics,NPY,long_seq,ensemble,1116,586,530,0,1143,602,541
proteomics,NQO1,long_seq,ensemble,1116,586,530,0,1143,602,541
proteomics,NRTN,long_seq,ensemble,1116,586,530,0,1143,602,541
proteomics,NT5C1A,long_seq,ensemble,1116,586,530,0,1143,602,541
proteomics,NTF3,long_seq,ensemble,1116,586,530,0,1143,602,541
proteomics,NUB1,long_seq,ensemble,1089,572,517,0,1112,585,527
proteomics,NUCB2,long_seq,ensemble,1116,586,530,0,1143,602,541
proteomics,NUDC,long_seq,ensemble,1116,586,530,0,1143,602,541
proteomics,NUDCD3,long_seq,ensemble,1116,586,530,0,1143,602,541
proteomics,NUMB,long_seq,ensemble,1116,586,530,0,1143,602,541
proteomics,NUP50,long_seq,ensemble,1116,586,530,0,1143,602,541
proteomics,NXPH3,long_seq,ensemble,1116,586,530,0,1143,602,541
proteomics,OBP2B,long_seq,ensemble,1116,586,530,0,1143,602,541
proteomics,OCLN,long_seq,ensemble,1116,586,530,0,1143,602,541
proteomics,ODAM,long_seq,ensemble,1116,586,530,0,1143,602,541
proteomics,OGA,long_seq,ensemble,1116,586,530,0,1143,602,541
proteomics,OGFR,long_seq,ensemble,1116,586,530,0,1143,602,541
proteomics,OSM,long_seq,ensemble,1116,586,530,0,1143,602,541
proteomics,OTUD7B,long_seq,ensemble,1116,586,530,0,1143,602,541
proteomics,PADI2,long_seq,ensemble,1116,586,530,0,1143,602,541
proteomics,PADI4,long_seq,ensemble,1116,586,530,0,1143,602,541
proteomics,PAEP,long_seq,ensemble,1116,586,530,0,1143,602,541
proteomics,PAG1,long_seq,ensemble,1116,586,530,0,1143,602,541
proteomics,PALM,long_seq,ensemble,1116,586,530,0,1143,602,541
proteomics,PALM2,long_seq,ensemble,1116,586,530,0,1143,602,541
proteomics,PAPPA,long_seq,ensemble,977,516,461,0,1003,531,472
proteomics,PARP1,long_seq,ensemble,1097,573,524,0,1124,589,535
proteomics,PBXIP1,long_seq,ensemble,1116,586,530,0,1143,602,541
proteomics,PCBP2,long_seq,ensemble,1116,586,530,0,1143,602,541
proteomics,PCDH12,long_seq,ensemble,1116,586,530,0,1143,602,541
proteomics,PCDH7,long_seq,ensemble,1116,586,530,0,1143,602,541
proteomics,PCDH9,long_seq,ensemble,1116,586,530,0,1143,602,541
proteomics,PCDHB15,long_seq,ensemble,1078,562,516,0,1105,578,527
proteomics,PCNA,long_seq,ensemble,1116,586,530,0,1143,602,541
proteomics,PCSK7,long_seq,ensemble,1116,586,530,0,1143,602,541
proteomics,PDCD1,long_seq,ensemble,1116,586,530,0,1143,602,541
proteomics,PDCD1LG2,long_seq,ensemble,1116,586,530,0,1143,602,541
proteomics,PDE4C,long_seq,ensemble,51,26,25,0,51,26,25
proteomics,PDGFC,long_seq,ensemble,1116,586,530,0,1143,602,541
proteomics,PDZK1,long_seq,ensemble,1089,572,517,0,1112,585,527
proteomics,PER3,long_seq,ensemble,1115,586,529,0,1142,602,540
proteomics,PFKFB2,long_seq,ensemble,1116,586,530,0,1143,602,541
proteomics,PGF,long_seq,ensemble,1116,586,530,0,1143,602,541
proteomics,PGLYRP3,long_seq,ensemble,1116,586,530,0,1143,602,541
proteomics,PGM2,long_seq,ensemble,1116,586,530,0,1143,602,541
proteomics,PGR,long_seq,ensemble,1116,586,530,0,1143,602,541
proteomics,PHLDB1,long_seq,ensemble,1116,586,530,0,1143,602,541
proteomics,PIK3AP1,long_seq,ensemble,1116,586,530,0,1143,602,541
proteomics,PIKFYVE,long_seq,ensemble,1116,586,530,0,1143,602,541
proteomics,PJA2,long_seq,ensemble,1116,586,530,0,1143,602,541
proteomics,PKD2,long_seq,ensemble,1116,586,530,0,1143,602,541
proteomics,PLA2G10,long_seq,ensemble,1116,586,530,0,1143,602,541
proteomics,PLCG1,long_seq,ensemble,1116,586,530,0,1143,602,541
proteomics,PLIN1,long_seq,ensemble,1116,586,530,0,1143,602,541
proteomics,PLXNA4,long_seq,ensemble,1116,586,530,0,1143,602,541
proteomics,PNLIPRP1,long_seq,ensemble,1116,586,530,0,1143,602,541
proteomics,PNMA1,long_seq,ensemble,1116,586,530,0,1143,602,541
proteomics,PNPT1,long_seq,ensemble,605,323,282,0,616,329,287
proteomics,POF1B,long_seq,ensemble,911,480,431,0,927,489,438
proteomics,POLR2F,long_seq,ensemble,1116,586,530,0,1143,602,541
proteomics,POLR3F,long_seq,ensemble,1073,565,508,0,1099,581,518
proteomics,POMC,long_seq,ensemble,1116,586,530,0,1143,602,541
proteomics,PON2,long_seq,ensemble,1116,586,530,0,1143,602,541
proteomics,PPIE,long_seq,ensemble,1116,586,530,0,1143,602,541
proteomics,PPL,long_seq,ensemble,1116,586,530,0,1143,602,541
proteomics,PPME1,long_seq,ensemble,1116,586,530,0,1143,602,541
proteomics,PPP2R5A,long_seq,ensemble,1116,586,530,0,1143,602,541
proteomics,PRDX1,long_seq,ensemble,1116,586,530,0,1143,602,541
proteomics,PRDX6,long_seq,ensemble,1116,586,530,0,1143,602,541
proteomics,PREB,long_seq,ensemble,1116,586,530,0,1143,602,541
proteomics,PRELP,long_seq,ensemble,1116,586,530,0,1143,602,541
proteomics,PRKAB1,long_seq,ensemble,1113,585,528,0,1140,601,539
proteomics,PRKAR1B,long_seq,ensemble,1113,585,528,0,1140,601,539
proteomics,PRKAR2A,long_seq,ensemble,1116,586,530,0,1143,602,541
proteomics,PRKN,long_seq,ensemble,1116,586,530,0,1143,602,541
proteomics,PRKRA,long_seq,ensemble,1116,586,530,0,1143,602,541
proteomics,PROK1,long_seq,ensemble,1116,586,530,0,1143,602,541
proteomics,PRRC1,long_seq,ensemble,1116,586,530,0,1143,602,541
proteomics,PRRT3,long_seq,ensemble,1116,586,530,0,1143,602,541
proteomics,PRTG,long_seq,ensemble,1116,586,530,0,1143,602,541
proteomics,PSAPL1,long_seq,ensemble,1114,586,528,0,1141,602,539
proteomics,PSIP1,long_seq,ensemble,1114,586,528,0,1141,602,539
proteomics,PSMB11,long_seq,ensemble,1116,586,530,0,1143,602,541
proteomics,PSMD1,long_seq,ensemble,1116,586,530,0,1143,602,541
proteomics,PSMD5,long_seq,ensemble,1116,586,530,0,1143,602,541
proteomics,PSMD9,long_seq,ensemble,831,421,410,0,855,435,420
proteomics,PSME1,long_seq,ensemble,1116,586,530,0,1143,602,541
proteomics,PSME2,long_seq,ensemble,1116,586,530,0,1143,602,541
proteomics,PSMG3,long_seq,ensemble,1116,586,530,0,1143,602,541
proteomics,PSMG4,long_seq,ensemble,1116,586,530,0,1143,602,541
proteomics,PSPN,long_seq,ensemble,936,495,441,0,961,510,451
proteomics,PSTPIP1,long_seq,ensemble,1116,586,530,0,1143,602,541
proteomics,PTEN,long_seq,ensemble,1116,586,530,0,1143,602,541
proteomics,PTGES2,long_seq,ensemble,1116,586,530,0,1143,602,541
proteomics,PTH,long_seq,ensemble,197,101,96,0,203,102,101
proteomics,PTH1R,long_seq,ensemble,1116,586,530,0,1143,602,541
proteomics,PTK7,long_seq,ensemble,1116,586,530,0,1143,602,541
proteomics,PTP4A3,long_seq,ensemble,1089,572,517,0,1112,585,527
proteomics,PTPN1,long_seq,ensemble,1116,586,530,0,1143,602,541
proteomics,PTPN11,long_seq,ensemble,1116,586,530,0,1143,602,541
proteomics,PTPN14,long_seq,ensemble,1116,586,530,0,1143,602,541
proteomics,PTPRB,long_seq,ensemble,1116,586,530,0,1143,602,541
proteomics,PTPRK,long_seq,ensemble,1095,575,520,0,1122,591,531
proteomics,PTPRN2,long_seq,ensemble,1116,586,530,0,1143,602,541
proteomics,PTPRR,long_seq,ensemble,1116,586,530,0,1143,602,541
proteomics,PTPRZ1,long_seq,ensemble,1116,586,530,0,1143,602,541
proteomics,PXN,long_seq,ensemble,1116,586,530,0,1143,602,541
proteomics,PYDC1,long_seq,ensemble,1115,586,529,0,1142,602,540
proteomics,PYHIN1,long_seq,ensemble,1116,586,530,0,1143,602,541
proteomics,RAB2B,long_seq,ensemble,1092,571,521,0,1119,587,532
proteomics,RAB37,long_seq,ensemble,1116,586,530,0,1143,602,541
proteomics,RAB3IL1,long_seq,ensemble,1116,586,530,0,1143,602,541
proteomics,RAB44,long_seq,ensemble,1116,586,530,0,1143,602,541
proteomics,RABGAP1L,long_seq,ensemble,1116,586,530,0,1143,602,541
proteomics,RAET1L_ULBP2,long_seq,ensemble,1116,586,530,0,1143,602,541
proteomics,RALB,long_seq,ensemble,1116,586,530,0,1143,602,541
proteomics,RAMP2,long_seq,ensemble,1116,586,530,0,1143,602,541
proteomics,RANBP2,long_seq,ensemble,1116,586,530,0,1143,602,541
proteomics,RAP1GAP,long_seq,ensemble,1116,586,530,0,1143,602,541
proteomics,RASGRP2,long_seq,ensemble,1116,586,530,0,1143,602,541
proteomics,RBFOX3,long_seq,ensemble,1116,586,530,0,1143,602,541
proteomics,RBKS,long_seq,ensemble,1116,586,530,0,1143,602,541
proteomics,RBPMS,long_seq,ensemble,1116,586,530,0,1143,602,541
proteomics,RC3H1,long_seq,ensemble,1116,586,530,0,1143,602,541
proteomics,RECK,long_seq,ensemble,1116,586,530,0,1143,602,541
proteomics,REG3G,long_seq,ensemble,970,511,459,0,989,522,467
proteomics,RET,long_seq,ensemble,1116,586,530,0,1143,602,541
proteomics,RFC4,long_seq,ensemble,1116,586,530,0,1143,602,541
proteomics,RGCC,long_seq,ensemble,1100,575,525,0,1127,591,536
proteomics,RGS8,long_seq,ensemble,1116,586,530,0,1143,602,541
proteomics,RIGI,long_seq,ensemble,1116,586,530,0,1143,602,541
proteomics,RILP,long_seq,ensemble,1116,586,530,0,1143,602,541
proteomics,RIPK3,long_seq,ensemble,1116,586,530,0,1143,602,541
proteomics,RNF135,long_seq,ensemble,1116,586,530,0,1143,602,541
proteomics,RNF149,long_seq,ensemble,1116,586,530,0,1143,602,541
proteomics,RNF213,long_seq,ensemble,1116,586,530,0,1143,602,541
proteomics,RNF25,long_seq,ensemble,1116,586,530,0,1143,602,541
proteomics,RNF41,long_seq,ensemble,1116,586,530,0,1143,602,541
proteomics,ROBO2,long_seq,ensemble,1116,586,530,0,1143,602,541
proteomics,RPH3A,long_seq,ensemble,1116,586,530,0,1143,602,541
proteomics,RPL14,long_seq,ensemble,1068,561,507,0,1091,574,517
proteomics,RSPO1,long_seq,ensemble,1116,586,530,0,1143,602,541
proteomics,RSPO3,long_seq,ensemble,1116,586,530,0,1143,602,541
proteomics,RTBDN,long_seq,ensemble,1116,586,530,0,1143,602,541
proteomics,RTN4R,long_seq,ensemble,1116,586,530,0,1143,602,541
proteomics,RYK,long_seq,ensemble,1116,586,530,0,1143,602,541
proteomics,S100A11,long_seq,ensemble,1116,586,530,0,1143,602,541
proteomics,S100A12,long_seq,ensemble,1116,586,530,0,1143,602,541
proteomics,S100A13,long_seq,ensemble,1116,586,530,0,1143,602,541
proteomics,S100A16,long_seq,ensemble,1116,586,530,0,1143,602,541
proteomics,SAMD9L,long_seq,ensemble,1116,586,530,0,1143,602,541
proteomics,SASH3,long_seq,ensemble,1116,586,530,0,1143,602,541
proteomics,SAV1,long_seq,ensemble,1061,557,504,0,1084,570,514
proteomics,SCAMP3,long_seq,ensemble,1116,586,530,0,1143,602,541
proteomics,SCARB1,long_seq,ensemble,1046,550,496,0,1069,563,506
proteomics,SCARB2,long_seq,ensemble,1116,586,530,0,1143,602,541
proteomics,SCG2,long_seq,ensemble,1116,586,530,0,1143,602,541
proteomics,SCGN,long_seq,ensemble,1108,584,524,0,1135,600,535
proteomics,SCN4B,long_seq,ensemble,1116,586,530,0,1143,602,541
proteomics,SCPEP1,long_seq,ensemble,1089,576,513,0,1116,592,524
proteomics,SCRIB,long_seq,ensemble,1116,586,530,0,1143,602,541
proteomics,SCRN1,long_seq,ensemble,1116,586,530,0,1143,602,541
proteomics,SDHA,long_seq,ensemble,1116,586,530,0,1143,602,541
proteomics,SDHB,long_seq,ensemble,1116,586,530,0,1143,602,541
proteomics,SEC13,long_seq,ensemble,1116,586,530,0,1143,602,541
proteomics,SEL1L,long_seq,ensemble,1116,586,530,0,1143,602,541
proteomics,SEPTIN8,long_seq,ensemble,1089,572,517,0,1112,585,527
proteomics,SERPINB4,long_seq,ensemble,1005,537,468,0,1023,547,476
proteomics,SERPINB5,long_seq,ensemble,1113,586,527,0,1140,602,538
proteomics,SERPINB8,long_seq,ensemble,1111,583,528,0,1138,599,539
proteomics,SERPINB9,long_seq,ensemble,1116,586,530,0,1143,602,541
proteomics,SERPINI2,long_seq,ensemble,1116,586,530,0,1143,602,541
proteomics,SETMAR,long_seq,ensemble,1116,586,530,0,1143,602,541
proteomics,SEZ6,long_seq,ensemble,1116,586,530,0,1143,602,541
proteomics,SEZ6L2,long_seq,ensemble,1116,586,530,0,1143,602,541
proteomics,SFTPA2,long_seq,ensemble,15,7,8,0,15,7,8
proteomics,SH2B3,long_seq,ensemble,1116,586,530,0,1143,602,541
proteomics,SH2D1A,long_seq,ensemble,1109,582,527,0,1136,598,538
proteomics,SH3PXD2B,long_seq,ensemble,1116,586,530,0,1143,602,541
proteomics,SIGLEC10,long_seq,ensemble,1116,586,530,0,1143,602,541
proteomics,SIGLEC6,long_seq,ensemble,1116,586,530,0,1143,602,541
proteomics,SIGLEC7,long_seq,ensemble,1116,586,530,0,1143,602,541
proteomics,SIGLEC8,long_seq,ensemble,1116,586,530,0,1143,602,541
proteomics,SIGLEC9,long_seq,ensemble,1116,586,530,0,1143,602,541
proteomics,SIKE1,long_seq,ensemble,1095,573,522,0,1122,589,533
proteomics,SIL1,long_seq,ensemble,1116,586,530,0,1143,602,541
proteomics,SIPA1,long_seq,ensemble,1116,586,530,0,1143,602,541
proteomics,SIRT1,long_seq,ensemble,1116,586,530,0,1143,602,541
proteomics,SIRT2,long_seq,ensemble,1116,586,530,0,1143,602,541
proteomics,SIT1,long_seq,ensemble,1116,586,530,0,1143,602,541
proteomics,SKAP1,long_seq,ensemble,1116,586,530,0,1143,602,541
proteomics,SLA2,long_seq,ensemble,1116,586,530,0,1143,602,541
proteomics,SLAMF7,long_seq,ensemble,1116,586,530,0,1143,602,541
proteomics,SLAMF8,long_seq,ensemble,1116,586,530,0,1143,602,541
proteomics,SLC16A1,long_seq,ensemble,1093,574,519,0,1120,590,530
proteomics,SLIT2,long_seq,ensemble,1116,586,530,0,1143,602,541
proteomics,SLITRK1,long_seq,ensemble,1116,586,530,0,1143,602,541
proteomics,SLITRK2,long_seq,ensemble,1116,586,530,0,1143,602,541
proteomics,SLITRK6,long_seq,ensemble,1116,586,530,0,1143,602,541
proteomics,SLMAP,long_seq,ensemble,961,508,453,0,985,521,464
proteomics,SMAD1,long_seq,ensemble,1116,586,530,0,1143,602,541
proteomics,SMAD2,long_seq,ensemble,1114,584,530,0,1141,600,541
proteomics,SMAD3,long_seq,ensemble,1116,586,530,0,1143,602,541
proteomics,SMAD5,long_seq,ensemble,1116,586,530,0,1143,602,541
proteomics,SMARCA4,long_seq,ensemble,1116,586,530,0,1143,602,541
proteomics,SMPD1,long_seq,ensemble,1116,586,530,0,1143,602,541
proteomics,SMURF1,long_seq,ensemble,1048,553,495,0,1070,565,505
proteomics,SNAP25,long_seq,ensemble,1116,586,530,0,1143,602,541
proteomics,SNCG,long_seq,ensemble,1116,586,530,0,1143,602,541
proteomics,SNED1,long_seq,ensemble,1116,586,530,0,1143,602,541
proteomics,SNX29,long_seq,ensemble,1116,586,530,0,1143,602,541
proteomics,SNX5,long_seq,ensemble,1107,581,526,0,1134,597,537
proteomics,SPATA2L,long_seq,ensemble,1116,586,530,0,1143,602,541
proteomics,SPINK6,long_seq,ensemble,1116,586,530,0,1143,602,541
proteomics,SPN,long_seq,ensemble,1116,586,530,0,1143,602,541
proteomics,SPOCK1,long_seq,ensemble,1116,586,530,0,1143,602,541
proteomics,SPRED2,long_seq,ensemble,1116,586,530,0,1143,602,541
proteomics,SPRR3,long_seq,ensemble,1100,576,524,0,1127,592,535
proteomics,SPRY2,long_seq,ensemble,1116,586,530,0,1143,602,541
proteomics,SPTBN2,long_seq,ensemble,1116,586,530,0,1143,602,541
proteomics,SRP14,long_seq,ensemble,1116,586,530,0,1143,602,541
proteomics,SRPK2,long_seq,ensemble,1116,586,530,0,1143,602,541
proteomics,SSB,long_seq,ensemble,1116,586,530,0,1143,602,541
proteomics,ST3GAL1,long_seq,ensemble,1116,586,530,0,1143,602,541
proteomics,STAMBP,long_seq,ensemble,1116,586,530,0,1143,602,541
proteomics,STAT2,long_seq,ensemble,1116,586,530,0,1143,602,541
proteomics,STK11,long_seq,ensemble,1116,586,530,0,1143,602,541
proteomics,STK11IP,long_seq,ensemble,1066,564,502,0,1092,580,512
proteomics,STK39,long_seq,ensemble,1116,586,530,0,1143,602,541
proteomics,STX4,long_seq,ensemble,1116,586,530,0,1143,602,541
proteomics,STX5,long_seq,ensemble,1116,586,530,0,1143,602,541
proteomics,STX7,long_seq,ensemble,1116,586,530,0,1143,602,541
proteomics,STX8,long_seq,ensemble,1116,586,530,0,1143,602,541
proteomics,STXBP3,long_seq,ensemble,1116,586,530,0,1143,602,541
proteomics,SULT2A1,long_seq,ensemble,1116,586,530,0,1143,602,541
proteomics,SUMO1,long_seq,ensemble,1116,586,530,0,1143,602,541
proteomics,SUSD4,long_seq,ensemble,1116,586,530,0,1143,602,541
proteomics,SWAP70,long_seq,ensemble,1116,586,530,0,1143,602,541
proteomics,SYT1,long_seq,ensemble,1116,586,530,0,1143,602,541
proteomics,TAB2,long_seq,ensemble,1116,586,530,0,1143,602,541
proteomics,TACSTD2,long_seq,ensemble,1116,586,530,0,1143,602,541
proteomics,TAFA5,long_seq,ensemble,1116,586,530,0,1143,602,541
proteomics,TARBP2,long_seq,ensemble,1116,586,530,0,1143,602,541
proteomics,TARDBP,long_seq,ensemble,1116,586,530,0,1143,602,541
proteomics,TAX1BP1,long_seq,ensemble,1116,586,530,0,1143,602,541
proteomics,TCERG1,long_seq,ensemble,1116,586,530,0,1143,602,541
proteomics,TCL1A,long_seq,ensemble,1116,586,530,0,1143,602,541
proteomics,TFEB,long_seq,ensemble,1116,586,530,0,1143,602,541
proteomics,TG,long_seq,ensemble,888,461,427,0,906,471,435
proteomics,TGFA,long_seq,ensemble,1116,586,530,0,1143,602,541
proteomics,TGFB1,long_seq,ensemble,1116,586,530,0,1143,602,541
proteomics,TGFBR1,long_seq,ensemble,1013,531,482,0,1040,547,493
proteomics,THPO,long_seq,ensemble,1116,586,530,0,1143,602,541
proteomics,TIGAR,long_seq,ensemble,1116,586,530,0,1143,602,541
proteomics,TIMP2,long_seq,ensemble,1045,548,497,0,1068,561,507
proteomics,TK1,long_seq,ensemble,1116,586,530,0,1143,602,541
proteomics,TLR1,long_seq,ensemble,1116,586,530,0,1143,602,541
proteomics,TLR2,long_seq,ensemble,637,331,306,0,648,336,312
proteomics,TLR3,long_seq,ensemble,1116,586,530,0,1143,602,541
proteomics,TLR4,long_seq,ensemble,1116,586,530,0,1143,602,541
proteomics,TMEM106A,long_seq,ensemble,1095,573,522,0,1122,589,533
proteomics,TMEM25,long_seq,ensemble,1116,586,530,0,1143,602,541
proteomics,TMPRSS11D,long_seq,ensemble,1114,586,528,0,1141,602,539
proteomics,TMPRSS15,long_seq,ensemble,1116,586,530,0,1143,602,541
proteomics,TMPRSS5,long_seq,ensemble,1116,586,530,0,1143,602,541
proteomics,TNF,long_seq,ensemble,1116,586,530,0,1143,602,541
proteomics,TNFAIP6,long_seq,ensemble,1116,586,530,0,1143,602,541
proteomics,TNFAIP8,long_seq,ensemble,1068,561,507,0,1091,574,517
proteomics,TNFRSF10A,long_seq,ensemble,1116,586,530,0,1143,602,541
proteomics,TNFRSF10B,long_seq,ensemble,1116,586,530,0,1143,602,541
proteomics,TNFRSF11A,long_seq,ensemble,1116,586,530,0,1143,602,541
proteomics,TNFRSF11B,long_seq,ensemble,1116,586,530,0,1143,602,541
proteomics,TNFRSF13B,long_seq,ensemble,1116,586,530,0,1143,602,541
proteomics,TNFRSF13C,long_seq,ensemble,1116,586,530,0,1143,602,541
proteomics,TNFRSF19,long_seq,ensemble,1116,586,530,0,1143,602,541
proteomics,TNFRSF6B,long_seq,ensemble,1116,586,530,0,1143,602,541
proteomics,TNFRSF9,long_seq,ensemble,1116,586,530,0,1143,602,541
proteomics,TNFSF11,long_seq,ensemble,1116,586,530,0,1143,602,541
proteomics,TNFSF12,long_seq,ensemble,1116,586,530,0,1143,602,541
proteomics,TNFSF13,long_seq,ensemble,1116,586,530,0,1143,602,541
proteomics,TNFSF14,long_seq,ensemble,1116,586,530,0,1143,602,541
proteomics,TNFSF15,long_seq,ensemble,1116,586,530,0,1143,602,541
proteomics,TNIP1,long_seq,ensemble,1116,586,530,0,1143,602,541
proteomics,TNR,long_seq,ensemble,1116,586,530,0,1143,602,541
proteomics,TOP2B,long_seq,ensemble,1068,561,507,0,1091,574,517
proteomics,TP53,long_seq,ensemble,1116,586,530,0,1143,602,541
proteomics,TP53BP1,long_seq,ensemble,1116,586,530,0,1143,602,541
proteomics,TPMT,long_seq,ensemble,1116,586,530,0,1143,602,541
proteomics,TPR,long_seq,ensemble,1116,586,530,0,1143,602,541
proteomics,TPSAB1,long_seq,ensemble,1116,586,530,0,1143,602,541
proteomics,TRIAP1,long_seq,ensemble,1116,586,530,0,1143,602,541
proteomics,TRIM21,long_seq,ensemble,1116,586,530,0,1143,602,541
proteomics,TRIM25,long_seq,ensemble,1089,576,513,0,1116,592,524
proteomics,TRIM40,long_seq,ensemble,1084,569,515,0,1107,582,525
proteomics,TRIM41,long_seq,ensemble,1057,556,501,0,1079,568,511
proteomics,TRIM5,long_seq,ensemble,1116,586,530,0,1143,602,541
proteomics,TRIM58,long_seq,ensemble,1116,586,530,0,1143,602,541
proteomics,TRIP11,long_seq,ensemble,1116,586,530,0,1143,602,541
proteomics,TSC22D3,long_seq,ensemble,1116,586,530,0,1143,602,541
proteomics,TSLP,long_seq,ensemble,1116,586,530,0,1143,602,541
proteomics,TXLNA,long_seq,ensemble,1116,586,530,0,1143,602,541
proteomics,TYMS,long_seq,ensemble,1116,586,530,0,1143,602,541
proteomics,UBA52,long_seq,ensemble,1116,586,530,0,1143,602,541
proteomics,UBAC1,long_seq,ensemble,1116,586,530,0,1143,602,541
proteomics,UBE2B,long_seq,ensemble,1116,586,530,0,1143,602,541
proteomics,UBE2E2,long_seq,ensemble,1116,586,530,0,1143,602,541
proteomics,UBE2Z,long_seq,ensemble,1116,586,530,0,1143,602,541
proteomics,UBL4A,long_seq,ensemble,1116,586,530,0,1143,602,541
proteomics,UBOX5,long_seq,ensemble,1116,586,530,0,1143,602,541
proteomics,UBR2,long_seq,ensemble,1116,586,530,0,1143,602,541
proteomics,UNG,long_seq,ensemble,1085,567,518,0,1112,583,529
proteomics,USO1,long_seq,ensemble,1116,586,530,0,1143,602,541
proteomics,USP8,long_seq,ensemble,1116,586,530,0,1143,602,541
proteomics,VAMP8,long_seq,ensemble,1104,581,523,0,1130,596,534
proteomics,VAV3,long_seq,ensemble,1116,586,530,0,1143,602,541
proteomics,VEGFA,long_seq,ensemble,1116,586,530,0,1143,602,541
proteomics,VEGFB,long_seq,ensemble,1116,586,530,0,1143,602,541
proteomics,VEGFD,long_seq,ensemble,1116,586,530,0,1143,602,541
proteomics,VGF,long_seq,ensemble,1116,586,530,0,1143,602,541
proteomics,VNN2,long_seq,ensemble,1116,586,530,0,1143,602,541
proteomics,VPS54,long_seq,ensemble,1044,553,491,0,1062,563,499
proteomics,VRK3,long_seq,ensemble,1116,586,530,0,1143,602,541
proteomics,VSIG10L,long_seq,ensemble,1116,586,530,0,1143,602,541
proteomics,VSNL1,long_seq,ensemble,1116,586,530,0,1143,602,541
proteomics,VWA1,long_seq,ensemble,1115,586,529,0,1142,602,540
proteomics,VWC2,long_seq,ensemble,1116,586,530,0,1143,602,541
proteomics,WAS,long_seq,ensemble,1116,586,530,0,1143,602,541
proteomics,WASF3,long_seq,ensemble,1116,586,530,0,1143,602,541
proteomics,WASL,long_seq,ensemble,1116,586,530,0,1143,602,541
proteomics,WDR91,long_seq,ensemble,1116,586,530,0,1143,602,541
proteomics,WFDC3,long_seq,ensemble,1115,586,529,0,1142,602,540
proteomics,WIF1,long_seq,ensemble,1116,586,530,0,1143,602,541
proteomics,WNT9A,long_seq,ensemble,1116,586,530,0,1143,602,541
proteomics,WWP2,long_seq,ensemble,1116,586,530,0,1143,602,541
proteomics,XCL1,long_seq,ensemble,1116,586,530,0,1143,602,541
proteomics,XIAP,long_seq,ensemble,1116,586,530,0,1143,602,541
proteomics,YES1,long_seq,ensemble,1116,586,530,0,1143,602,541
proteomics,YOD1,long_seq,ensemble,1116,586,530,0,1143,602,541
proteomics,ZBP1,long_seq,ensemble,1116,586,530,0,1143,602,541
proteomics,ZBTB16,long_seq,ensemble,1116,586,530,0,1143,602,541
proteomics,ZBTB17,long_seq,ensemble,1116,586,530,0,1143,602,541
proteomics,ZC3H12A,long_seq,ensemble,1116,586,530,0,1143,602,541
proteomics,ZC3H12D,long_seq,ensemble,1092,572,520,0,1119,588,531
proteomics,ZER1,long_seq,ensemble,1116,586,530,0,1143,602,541
proteomics,ZFAND2B,long_seq,ensemble,1116,586,530,0,1143,602,541
renal_function,bt__creatinine,long_seq,ensemble,2636,1281,1355,0,2700,1312,1388
renal_function,bt__potassium,long_seq,ensemble,2483,1199,1284,0,2542,1227,1315
renal_function,bt__sodium,long_seq,ensemble,2479,1197,1282,0,2541,1227,1314
renal_function,bt__urea,long_seq,ensemble,2291,1119,1172,0,2346,1143,1203
sleep_group,ahi,long_seq,ensemble,3026,1491,1535,0,3099,1527,1572
sleep_group,csr_percent,long_seq,ensemble,3009,1486,1523,0,3082,1522,1560
sleep_group,heart_rate_max_during_sleep,long_seq,ensemble,3033,1496,1537,0,3106,1532,1574
sleep_group,heart_rate_mean_during_sleep,long_seq,ensemble,3033,1496,1537,0,3106,1532,1574
sleep_group,heart_rate_min_during_sleep,long_seq,ensemble,3033,1496,1537,0,3106,1532,1574
sleep_group,hypoxic_burden,long_seq,ensemble,3026,1491,1535,0,3099,1527,1572
sleep_group,odi,long_seq,ensemble,3026,1491,1535,0,3099,1527,1572
sleep_group,percent_of_deep_sleep_time,long_seq,ensemble,3030,1497,1533,0,3103,1533,1570
sleep_group,percent_of_light_sleep_time,long_seq,ensemble,3030,1497,1533,0,3103,1533,1570
sleep_group,percent_of_rem_sleep_time,long_seq,ensemble,3030,1497,1533,0,3103,1533,1570
sleep_group,rdi,long_seq,ensemble,3026,1491,1535,0,3099,1527,1572
sleep_group,rem_latency,long_seq,ensemble,3028,1495,1533,0,3101,1531,1570
sleep_group,saturation_mean,long_seq,ensemble,3026,1491,1535,0,3099,1527,1572
sleep_group,saturation_min_value,long_seq,ensemble,3026,1491,1535,0,3099,1527,1572
sleep_group,sleep_efficiency,long_seq,ensemble,3052,1507,1545,0,3125,1543,1582
sleep_group,sleep_latency,long_seq,ensemble,3052,1507,1545,0,3125,1543,1582
sleep_group,total_deep_sleep_time,long_seq,ensemble,3052,1507,1545,0,3125,1543,1582
sleep_group,total_light_sleep_time,long_seq,ensemble,3052,1507,1545,0,3125,1543,1582
sleep_group,total_rem_sleep_time,long_seq,ensemble,3052,1507,1545,0,3125,1543,1582
sleep_group,total_sleep_time,long_seq,ensemble,3052,1507,1545,0,3125,1543,1582
subject,age,long_seq,ensemble,3328,1607,1721,0,3405,1646,1759
subject,bmi,long_seq,ensemble,3327,1607,1720,0,3404,1646,1758
subject,gender,long_seq,ensemble,3328,1607,1721,0,3405,1646,1759
wearable_monthly,wearable_aerobic_monthly_hours,long_seq,ensemble,431,139,292,0,442,144,298
wearable_monthly,wearable_basketball_monthly_hours,long_seq,ensemble,41,26,15,0,42,27,15
wearable_monthly,wearable_crossfit_monthly_hours,long_seq,ensemble,226,105,121,0,232,109,123
wearable_monthly,wearable_folkdances_monthly_hours,long_seq,ensemble,133,27,106,0,136,28,108
wearable_monthly,wearable_football_monthly_hours,long_seq,ensemble,24,21,3,0,26,23,3
wearable_monthly,wearable_martialarts_monthly_hours,long_seq,ensemble,61,31,30,0,64,32,32
wearable_monthly,wearable_meditation_monthly_hours,long_seq,ensemble,104,32,72,0,106,33,73
wearable_monthly,wearable_other_monthly_hours,long_seq,ensemble,747,304,443,0,768,314,454
wearable_monthly,wearable_running_monthly_hours,long_seq,ensemble,626,361,265,0,641,372,269
wearable_monthly,wearable_swimming_monthly_hours,long_seq,ensemble,413,208,205,0,421,211,210
wearable_monthly,wearable_total_monthly_hours,long_seq,ensemble,1454,645,809,0,1491,664,827
wearable_monthly,wearable_walking_monthly_hours,long_seq,ensemble,1195,496,699,0,1230,513,717
wearable_monthly,wearable_weightlifting_monthly_hours,long_seq,ensemble,583,325,258,0,599,336,263
wearable_monthly,wearable_yogaandpilates_monthly_hours,long_seq,ensemble,918,254,664,0,938,260,678
wearable_weekly,wearable_aerobic_weekly_hours,long_seq,ensemble,131,50,81,0,134,50,84
wearable_weekly,wearable_bicycle_weekly_hours,long_seq,ensemble,119,70,49,0,120,70,50
wearable_weekly,wearable_crossfit_weekly_hours,long_seq,ensemble,65,31,34,0,67,31,36
wearable_weekly,wearable_folkdances_weekly_hours,long_seq,ensemble,41,9,32,0,41,9,32
wearable_weekly,wearable_martialarts_weekly_hours,long_seq,ensemble,17,6,11,0,18,6,12
wearable_weekly,wearable_meditation_weekly_hours,long_seq,ensemble,30,12,18,0,31,12,19
wearable_weekly,wearable_other_weekly_hours,long_seq,ensemble,181,77,104,0,185,78,107
wearable_weekly,wearable_running_weekly_hours,long_seq,ensemble,154,95,59,0,157,95,62
wearable_weekly,wearable_swimming_weekly_hours,long_seq,ensemble,99,52,47,0,99,52,47
wearable_weekly,wearable_total_weekly_hours,long_seq,ensemble,388,177,211,0,395,178,217
wearable_weekly,wearable_walking_weekly_hours,long_seq,ensemble,305,133,172,0,312,134,178
wearable_weekly,wearable_weightlifting_weekly_hours,long_seq,ensemble,150,85,65,0,152,86,66
wearable_weekly,wearable_yogaandpilates_weekly_hours,long_seq,ensemble,230,77,153,0,234,77,157
