system,label,score_type,score,delta,is_better,is_significant,model,sub_model,baseline_model,baseline_score,gender,label_type,description,score_pvalue,wilcox_pvalue,n_seeds,n_subjects,n_positive,wilcox_pvalue_fdr
medical_conditions,Vitiligo,auc,0.6245551090700345,0.34390696092188644,True,1.0,long_seq,activity_romberg_closed,Age_Gender_BMI_height_VAT,0.2806481481481481,female,categorical,"Binary indicator of vitiligo diagnosis status, a chronic autoimmune skin condition characterized by loss of skin pigmentation due to melanocyte destruction",,0.0009765625,10,3387,17,0.009854403409090908
medical_conditions,Hypercholesterolaemia,auc,0.5198714023270055,0.330341487797091,True,1.0,long_seq,activity_romberg_closed,Age_Gender_BMI_height_VAT,0.18952991452991447,male,categorical,"Binary diagnosis flag for hypercholesterolemia, elevated cholesterol levels in blood",,0.0009765625,10,3387,13,0.0062255859375
medical_conditions,Hypercholesterolaemia,auc,0.620964962665135,0.3299387368954657,True,1.0,long_seq,activity_romberg_closed,Age_Gender_BMI_height_VAT,0.2910262257696693,female,categorical,"Binary diagnosis flag for hypercholesterolemia, elevated cholesterol levels in blood",,0.0009765625,10,3387,13,0.009854403409090908
medical_conditions,Iron Defficiency,auc,0.6471763506625893,0.3052962693617763,True,1.0,long_seq,activity_romberg_closed,Age_Gender_BMI_height_VAT,0.341880081300813,male,categorical,"Deficiency of iron, causing reduced hemoglobin and oxygen-carrying capacity",,0.0009765625,10,3387,10,0.0062255859375
medical_conditions,Hypercholesterolaemia,auc,0.5673567096803611,0.22492655728558608,True,1.0,long_seq,activity_romberg_closed,Age_Gender_BMI_height_VAT,0.34243015239477503,all,categorical,"Binary diagnosis flag for hypercholesterolemia, elevated cholesterol levels in blood",,0.0009765625,10,3387,13,0.015625
medical_conditions,Myocarditis,auc,0.451162456946039,0.2178576136411957,True,1.0,long_seq,activity_romberg_closed,Age_Gender_BMI_height_VAT,0.2333048433048433,female,categorical,"Binary indicator of myocarditis diagnosis (inflammation of the heart muscle). Values represent presence/absence of the condition, potentially linked to biomarkers like sST2 that correlate with disease severity.",,0.001953125,10,3387,9,0.011410361842105263
medical_conditions,Vitiligo,auc,0.631832356832357,0.2077238260489946,True,1.0,long_seq,activity_romberg_closed,Age_Gender_BMI_height_VAT,0.42410853078336236,male,categorical,"Binary indicator of vitiligo diagnosis status, a chronic autoimmune skin condition characterized by loss of skin pigmentation due to melanocyte destruction",,0.0009765625,10,3387,17,0.0062255859375
medical_conditions,Myocarditis,auc,0.41702933985330076,0.1990281210842575,True,1.0,long_seq,activity_romberg_closed,Age_Gender_BMI_height_VAT,0.21800121876904327,male,categorical,"Binary indicator of myocarditis diagnosis (inflammation of the heart muscle). Values represent presence/absence of the condition, potentially linked to biomarkers like sST2 that correlate with disease severity.",,0.0009765625,10,3387,9,0.0062255859375
medical_conditions,Myocarditis,auc,0.4326261430169067,0.18495240921243092,True,1.0,long_seq,activity_romberg_closed,Age_Gender_BMI_height_VAT,0.2476737338044758,all,categorical,"Binary indicator of myocarditis diagnosis (inflammation of the heart muscle). Values represent presence/absence of the condition, potentially linked to biomarkers like sST2 that correlate with disease severity.",,0.0009765625,10,3387,9,0.015625
medical_conditions,Uveitis,auc,0.704592130124045,0.18162246280506267,True,1.0,long_seq,activity_romberg_closed,Age_Gender_BMI_height_VAT,0.5229696673189823,female,categorical,"Binary indicator of uveitis, an inflammatory condition affecting the uvea (middle layer of the eye) causing redness, pain, and vision problems",,0.0009765625,10,3387,11,0.009854403409090908
medical_conditions,Gout,auc,0.6751433486238532,0.175257179016568,True,1.0,long_seq,activity_romberg_closed,Age_Gender_BMI_height_VAT,0.49988616960728516,female,categorical,"Presence or absence of gout, an inflammatory arthritis caused by uric acid crystal deposition, characterized by acute painful attacks in joints",,0.0009765625,10,3387,27,0.009854403409090908
medical_conditions,IBD,auc,0.4236300976450316,0.15423443059828135,True,1.0,long_seq,activity_romberg_closed,Age_Gender_BMI_height_VAT,0.2693956670467503,female,categorical,"Binary indicator of Inflammatory Bowel Disease, a chronic gastrointestinal condition (Crohn's disease or ulcerative colitis)",,0.001953125,10,3387,11,0.011410361842105263
medical_conditions,Uveitis,auc,0.44737324373854614,0.14575935823306507,True,1.0,long_seq,activity_romberg_closed,Age_Gender_BMI_height_VAT,0.30161388550548107,male,categorical,"Binary indicator of uveitis, an inflammatory condition affecting the uvea (middle layer of the eye) causing redness, pain, and vision problems",,0.0009765625,10,3387,11,0.0062255859375
medical_conditions,Celiac,auc,0.6623243738546122,0.1323152386536378,True,1.0,long_seq,activity_romberg_closed,Age_Gender_BMI_height_VAT,0.5300091352009744,male,categorical,"Binary indicator of celiac disease, an autoimmune condition triggered by gluten consumption causing intestinal damage",,0.0009765625,10,3387,11,0.0062255859375
medical_conditions,Uveitis,auc,0.6170050624730721,0.12885752939330558,True,1.0,long_seq,activity_romberg_closed,Age_Gender_BMI_height_VAT,0.4881475330797665,all,categorical,"Binary indicator of uveitis, an inflammatory condition affecting the uvea (middle layer of the eye) causing redness, pain, and vision problems",,0.0009765625,10,3387,11,0.015625
medical_conditions,Headache,auc,0.6108560220218658,0.1070669534735681,True,1.0,long_seq,activity_romberg_closed,Age_Gender_BMI_height_VAT,0.5037890685482977,female,categorical,"Headache diagnosis - pain in the head or upper neck region, which may indicate primary headache disorders or secondary conditions",,0.0009765625,10,3387,79,0.009854403409090908
medical_conditions,Lactose Intolerance,auc,0.612677261613692,0.10540121042539208,True,1.0,long_seq,activity_romberg_closed,Age_Gender_BMI_height_VAT,0.5072760511882999,male,categorical,Inability to digest lactose sugar due to insufficient lactase enzyme,,0.0009765625,10,3387,11,0.0062255859375
medical_conditions,Vitiligo,auc,0.6643916913946588,0.09959639311005575,True,1.0,long_seq,activity_romberg_closed,Age_Gender_BMI_height_VAT,0.5647952982846031,all,categorical,"Binary indicator of vitiligo diagnosis status, a chronic autoimmune skin condition characterized by loss of skin pigmentation due to melanocyte destruction",,0.001953125,10,3387,17,0.021875
medical_conditions,Melanoma,auc,0.6714080459770114,0.09105056356590668,True,1.0,long_seq,activity_romberg_closed,Age_Gender_BMI_height_VAT,0.5803574824111047,female,categorical,"Binary indicator of melanoma diagnosis, a malignant skin cancer with highest mortality risk among skin cancers",,0.0009765625,10,3387,16,0.009854403409090908
medical_conditions,Urinary tract infection,auc,0.27406955460646737,0.08942843538505621,True,1.0,long_seq,activity_romberg_closed,Age_Gender_BMI_height_VAT,0.18464111922141116,male,categorical,"Presence or absence of urinary tract infection (UTI), a bacterial infection affecting the urinary system",,0.001953125,10,3387,297,0.0099609375
medical_conditions,Anal Fissure,auc,0.49769754280392575,0.08442169304671354,True,1.0,long_seq,activity_romberg_closed,Age_Gender_BMI_height_VAT,0.4132758497572122,male,categorical,Anal fissure diagnosis - a small tear in the tissue lining the anus causing pain and bleeding,,0.0009765625,10,3387,196,0.0062255859375
medical_conditions,Anemia,auc,0.5535037290242386,0.08354748676897217,True,1.0,long_seq,activity_romberg_closed,Age_Gender_BMI_height_VAT,0.46995624225526644,male,categorical,"Presence or absence of anemia, a condition characterized by insufficient red blood cells or hemoglobin to carry adequate oxygen",,0.001953125,10,3387,173,0.0099609375
medical_conditions,Anal Fissure,auc,0.5178382420616658,0.07998425445765256,True,1.0,long_seq,activity_romberg_closed,Age_Gender_BMI_height_VAT,0.4378539876040133,female,categorical,Anal fissure diagnosis - a small tear in the tissue lining the anus causing pain and bleeding,,0.0009765625,10,3387,196,0.009854403409090908
medical_conditions,Thalassemia,auc,0.3609346365302382,0.07649492885666942,True,1.0,long_seq,activity_romberg_closed,Age_Gender_BMI_height_VAT,0.2844397076735688,male,categorical,Binary indicator of thalassemia diagnosis (hereditary blood disorder characterized by deficient beta-globin chain synthesis causing anemia). Represents presence/absence of this genetic hematologic condition.,,0.0048828125,10,3387,14,0.022638494318181816
medical_conditions,Hashimoto,auc,0.4453663227837034,0.07450429890154536,True,0.0,long_seq,activity_romberg_closed,Age_Gender_BMI_height_VAT,0.37086202388215805,male,categorical,"Binary diagnosis flag for Hashimoto's thyroiditis, an autoimmune thyroid disease",,0.0322265625,10,3387,20,0.136962890625
medical_conditions,Anal Fissure,auc,0.5081455176868617,0.06738221485871893,True,1.0,long_seq,activity_romberg_closed,Age_Gender_BMI_height_VAT,0.44076330282814274,all,categorical,Anal fissure diagnosis - a small tear in the tissue lining the anus causing pain and bleeding,,0.0009765625,10,3387,196,0.015625
medical_conditions,Meniscus Tears,auc,0.557235327963176,0.06603744104141701,True,1.0,long_seq,activity_romberg_closed,Age_Gender_BMI_height_VAT,0.491197886921759,female,categorical,Tear or rupture of the meniscus cartilage in the knee joint,,0.0029296875,10,3387,18,0.016259765625000002
medical_conditions,Anal abscess,auc,0.5233713957118212,0.06489129134130583,True,1.0,long_seq,activity_romberg_closed,Age_Gender_BMI_height_VAT,0.4584801043705154,female,categorical,Anal abscess diagnosis - a localized collection of pus near the anus caused by bacterial infection,,0.001953125,10,3387,19,0.011410361842105263
medical_conditions,Headache,auc,0.5937080257204096,0.06444639229210936,True,1.0,long_seq,activity_romberg_closed,Age_Gender_BMI_height_VAT,0.5292616334283002,male,categorical,"Headache diagnosis - pain in the head or upper neck region, which may indicate primary headache disorders or secondary conditions",,0.0009765625,10,3387,79,0.0062255859375
medical_conditions,Oral apthae,auc,0.5615065243179121,0.058352217863134825,True,1.0,long_seq,activity_romberg_closed,Age_Gender_BMI_height_VAT,0.5031543064547773,female,categorical,Presence or absence of aphthous ulcers (canker sores) in the oral cavity; painful ulcerations of the mouth that are non-infectious and non-cancerous,,0.0009765625,10,3387,109,0.009854403409090908
medical_conditions,Asthma,auc,0.5846492966118486,0.05804834736029696,True,1.0,long_seq,activity_romberg_closed,Age_Gender_BMI_height_VAT,0.5266009492515517,female,categorical,"Asthma diagnosis - a chronic inflammatory airway disease characterized by reversible airflow obstruction, bronchial hyperresponsiveness, and inflammation",,0.0009765625,10,3387,187,0.009854403409090908
medical_conditions,Asthma,auc,0.5720188836898397,0.05027179900743162,True,1.0,long_seq,activity_romberg_closed,Age_Gender_BMI_height_VAT,0.521747084682408,all,categorical,"Asthma diagnosis - a chronic inflammatory airway disease characterized by reversible airflow obstruction, bronchial hyperresponsiveness, and inflammation",,0.0009765625,10,3387,187,0.015625
medical_conditions,Iron Defficiency,auc,0.5032721350310927,0.04971396124611477,True,0.0,long_seq,activity_romberg_closed,Age_Gender_BMI_height_VAT,0.4535581737849779,all,categorical,"Deficiency of iron, causing reduced hemoglobin and oxygen-carrying capacity",,0.009765625,10,3387,10,0.08413461538461538
medical_conditions,Psoriasis,auc,0.5069501278772378,0.04339648438374821,True,1.0,long_seq,activity_romberg_closed,Age_Gender_BMI_height_VAT,0.4635536434934896,female,categorical,"Binary diagnosis flag for Psoriasis, an autoimmune skin condition",,0.001953125,10,3387,87,0.011410361842105263
medical_conditions,Headache,auc,0.619608390859137,0.0414912166201149,True,1.0,long_seq,activity_romberg_closed,Age_Gender_BMI_height_VAT,0.5781171742390221,all,categorical,"Headache diagnosis - pain in the head or upper neck region, which may indicate primary headache disorders or secondary conditions",,0.0009765625,10,3387,79,0.015625
medical_conditions,Asthma,auc,0.5577782925981699,0.04123087757389121,True,1.0,long_seq,activity_romberg_closed,Age_Gender_BMI_height_VAT,0.5165474150242787,male,categorical,"Asthma diagnosis - a chronic inflammatory airway disease characterized by reversible airflow obstruction, bronchial hyperresponsiveness, and inflammation",,0.0009765625,10,3387,187,0.0062255859375
medical_conditions,Fibromyalgia,auc,0.4728644240570846,0.04027296064245056,True,0.0,long_seq,activity_romberg_closed,Age_Gender_BMI_height_VAT,0.43259146341463406,male,categorical,"Presence or absence of fibromyalgia, a chronic pain syndrome characterized by widespread musculoskeletal pain, fatigue, and sleep disturbances",,0.1376953125,10,3387,34,0.484307650862069
medical_conditions,AV. Conduction Disorder,auc,0.6528776565192418,0.03852189825242314,True,0.0,long_seq,activity_romberg_closed,Age_Gender_BMI_height_VAT,0.6143557582668187,female,categorical,Atrioventricular conduction disorder - abnormal electrical conduction between the atria and ventricles of the heart,,0.34765625,10,3387,9,1.0
medical_conditions,Heart valve disease,auc,0.5108722523781373,0.03679713651647476,True,1.0,long_seq,activity_romberg_closed,Age_Gender_BMI_height_VAT,0.4740751158616625,male,categorical,"Binary diagnosis flag for heart valve disease, a cardiac condition affecting heart valve function",,0.001953125,10,3387,43,0.0099609375
medical_conditions,Osteoarthritis,auc,0.6780554408187617,0.03633558631323708,True,1.0,long_seq,activity_romberg_closed,Age_Gender_BMI_height_VAT,0.6417198545055246,male,categorical,"Binary diagnosis flag for Osteoarthritis, degenerative joint disease from cartilage wear",,0.001953125,10,3387,94,0.0099609375
medical_conditions,Peptic Ulcer Disease,auc,0.5574575134168158,0.03361158150683308,True,0.0,long_seq,activity_romberg_closed,Age_Gender_BMI_height_VAT,0.5238459319099827,female,categorical,"Binary diagnosis flag for Peptic Ulcer Disease, erosion of GI tract lining",,0.0185546875,10,3387,55,0.0858154296875
medical_conditions,IBS,auc,0.6419777604905506,0.03353438568353939,True,1.0,long_seq,activity_romberg_closed,Age_Gender_BMI_height_VAT,0.6084433748070112,female,categorical,"Binary diagnosis flag for Irritable Bowel Syndrome, a gastrointestinal disorder",,0.001953125,10,3387,104,0.011410361842105263
medical_conditions,Melanoma,auc,0.6965014090774251,0.03297603286025186,True,0.0,long_seq,activity_romberg_closed,Age_Gender_BMI_height_VAT,0.6635253762171732,all,categorical,"Binary indicator of melanoma diagnosis, a malignant skin cancer with highest mortality risk among skin cancers",,0.0068359375,10,3387,16,0.06960227272727273
medical_conditions,Breast fibrocystic change,auc,0.5705894681687189,0.02894187091471445,True,0.0,long_seq,activity_romberg_closed,Age_Gender_BMI_height_VAT,0.5416475972540045,female,categorical,Benign breast condition characterized by cysts and fibrosis in breast tissue,,0.080078125,10,3387,11,0.355546875
medical_conditions,Tinnitus,auc,0.45885639926515615,0.027942174600931458,True,0.0,long_seq,activity_romberg_closed,Age_Gender_BMI_height_VAT,0.4309142246642247,male,categorical,"Binary indicator of tinnitus, an auditory condition characterized by perception of ringing or noise in the ears",,0.1611328125,10,3387,12,0.5478515625
medical_conditions,Heart valve disease,auc,0.5115993935684878,0.02345245722107553,True,0.0,long_seq,activity_romberg_closed,Age_Gender_BMI_height_VAT,0.4881469363474123,all,categorical,"Binary diagnosis flag for heart valve disease, a cardiac condition affecting heart valve function",,0.0419921875,10,3387,43,0.2766544117647059
medical_conditions,Heart valve disease,auc,0.5101738122827346,0.022729878987737484,True,0.0,long_seq,activity_romberg_closed,Age_Gender_BMI_height_VAT,0.48744393329499713,female,categorical,"Binary diagnosis flag for heart valve disease, a cardiac condition affecting heart valve function",,0.1376953125,10,3387,43,0.5660807291666666
medical_conditions,Diabetes,auc,0.49014690668321953,0.021642368729424155,True,0.0,long_seq,activity_romberg_closed,Age_Gender_BMI_height_VAT,0.4685045379537954,male,categorical,"Presence or absence of diabetes mellitus, a metabolic disorder affecting blood glucose regulation",,0.1162109375,10,3387,52,0.4390190972222222
medical_conditions,Oral apthae,auc,0.5441850311501196,0.021500598532323223,True,0.0,long_seq,activity_romberg_closed,Age_Gender_BMI_height_VAT,0.5226844326177964,all,categorical,Presence or absence of aphthous ulcers (canker sores) in the oral cavity; painful ulcerations of the mouth that are non-infectious and non-cancerous,,0.009765625,10,3387,109,0.08413461538461538
medical_conditions,Insomnia,auc,0.49152469500725526,0.021078125316130403,True,0.0,long_seq,activity_romberg_closed,Age_Gender_BMI_height_VAT,0.47044656969112486,male,categorical,Insomnia diagnosis - sleep disorder characterized by persistent difficulty falling or staying asleep,,0.052734375,10,3387,48,0.21515625000000002
medical_conditions,Peptic Ulcer Disease,auc,0.5274347920986576,0.020117288706527292,True,0.0,long_seq,activity_romberg_closed,Age_Gender_BMI_height_VAT,0.5073175033921303,all,categorical,"Binary diagnosis flag for Peptic Ulcer Disease, erosion of GI tract lining",,0.0419921875,10,3387,55,0.2766544117647059
medical_conditions,B12 Deficiency,auc,0.5530531771068049,0.017458500556939538,True,0.0,long_seq,activity_romberg_closed,Age_Gender_BMI_height_VAT,0.5355946765498654,male,categorical,"Vitamin B12 deficiency diagnosis - insufficient levels of cobalamin affecting DNA synthesis, metabolism, and neurological function",,0.0185546875,10,3387,165,0.08228600543478261
medical_conditions,Diabetes,auc,0.5185667580679181,0.016148796064463955,True,0.0,long_seq,activity_romberg_closed,Age_Gender_BMI_height_VAT,0.5024179620034541,female,categorical,"Presence or absence of diabetes mellitus, a metabolic disorder affecting blood glucose regulation",,0.1162109375,10,3387,52,0.49613131009615385
medical_conditions,Erectile Dysfunction,auc,0.5891906805640711,0.016097771028618757,True,0.0,long_seq,activity_romberg_closed,Age_Gender_BMI_height_VAT,0.5730929095354523,male,categorical,Inability to achieve or maintain erections sufficient for sexual function,,0.2783203125,10,3387,10,0.9157636088709679
medical_conditions,Anal abscess,auc,0.6477809726215776,0.011175134340109083,True,0.0,long_seq,activity_romberg_closed,Age_Gender_BMI_height_VAT,0.6366058382814686,all,categorical,Anal abscess diagnosis - a localized collection of pus near the anus caused by bacterial infection,,0.080078125,10,3387,19,0.49826388888888884
medical_conditions,Peptic Ulcer Disease,auc,0.4966265936510653,0.010844067474450547,True,0.0,long_seq,activity_romberg_closed,Age_Gender_BMI_height_VAT,0.48578252617661477,male,categorical,"Binary diagnosis flag for Peptic Ulcer Disease, erosion of GI tract lining",,0.1376953125,10,3387,55,0.484307650862069
medical_conditions,Breast Cancer,auc,0.4320520706673342,0.009415141736927313,True,0.0,long_seq,activity_romberg_closed,Age_Gender_BMI_height_VAT,0.4226369289304069,female,categorical,"Binary indicator of breast cancer diagnosis, a malignant neoplasm assessed using biomarkers for diagnosis and treatment planning",,0.24609375,10,3387,41,0.910546875
medical_conditions,Psoriasis,auc,0.5199035179380007,0.009237732863864645,True,0.0,long_seq,activity_romberg_closed,Age_Gender_BMI_height_VAT,0.5106657850741361,all,categorical,"Binary diagnosis flag for Psoriasis, an autoimmune skin condition",,0.1376953125,10,3387,87,0.77109375
medical_conditions,Meniscus Tears,auc,0.5880149071600542,0.007823488992551031,True,0.0,long_seq,activity_romberg_closed,Age_Gender_BMI_height_VAT,0.5801914181675032,all,categorical,Tear or rupture of the meniscus cartilage in the knee joint,,0.384765625,10,3387,18,1.0
medical_conditions,IBS,auc,0.6267851285175379,0.006966946699356047,True,0.0,long_seq,activity_romberg_closed,Age_Gender_BMI_height_VAT,0.6198181818181818,all,categorical,"Binary diagnosis flag for Irritable Bowel Syndrome, a gastrointestinal disorder",,0.0322265625,10,3387,104,0.240625
medical_conditions,Urinary tract infection,auc,0.4933607447815066,0.006471341748565784,True,0.0,long_seq,activity_romberg_closed,Age_Gender_BMI_height_VAT,0.4868894030329408,female,categorical,"Presence or absence of urinary tract infection (UTI), a bacterial infection affecting the urinary system",,0.1875,10,3387,297,0.7176724137931034
medical_conditions,Urinary tract infection,auc,0.7578170050014711,0.003555222969070515,True,0.0,long_seq,activity_romberg_closed,Age_Gender_BMI_height_VAT,0.7542617820324006,all,categorical,"Presence or absence of urinary tract infection (UTI), a bacterial infection affecting the urinary system",,0.1875,10,3387,297,1.0
medical_conditions,Retinal detachment,auc,0.5698446531791908,-0.0003916491730755478,False,0.0,long_seq,activity_romberg_closed,Age_Gender_BMI_height_VAT,0.5702363023522663,female,categorical,"Presence or absence of retinal detachment, an ophthalmologic emergency where the retina separates from the back of the eye",,0.4228515625,10,3387,28,1.0
medical_conditions,Perimenopausal Disorders,auc,0.5424602601156071,-0.0007196021907611705,False,0.0,long_seq,activity_romberg_closed,Age_Gender_BMI_height_VAT,0.5431798623063683,female,categorical,"Presence or absence of disorders related to the perimenopausal period (transition to menopause), including hormonal fluctuations and associated symptoms",,0.5,10,3387,16,1.0
medical_conditions,Melanoma,auc,0.6876762722256284,-0.001651356136229798,False,0.0,long_seq,activity_romberg_closed,Age_Gender_BMI_height_VAT,0.6893276283618582,male,categorical,"Binary indicator of melanoma diagnosis, a malignant skin cancer with highest mortality risk among skin cancers",,0.4228515625,10,3387,16,1.0
medical_conditions,Breast Cancer,auc,0.6979779277768868,-0.007161859352256883,False,0.0,long_seq,activity_romberg_closed,Age_Gender_BMI_height_VAT,0.7051397871291437,all,categorical,"Binary indicator of breast cancer diagnosis, a malignant neoplasm assessed using biomarkers for diagnosis and treatment planning",,0.9345703125,10,3387,41,1.0
medical_conditions,Haemorrhoids,auc,0.5225292038873073,-0.00984595045065928,False,0.0,long_seq,activity_romberg_closed,Age_Gender_BMI_height_VAT,0.5323751543379666,male,categorical,Hemorrhoids (piles) diagnosis - swollen veins in the rectal or anal area causing discomfort and bleeding,,0.9931640625,10,3387,645,1.0
medical_conditions,Diabetes,auc,0.5067137585053627,-0.010828511333358048,False,0.0,long_seq,activity_romberg_closed,Age_Gender_BMI_height_VAT,0.5175422698387208,all,categorical,"Presence or absence of diabetes mellitus, a metabolic disorder affecting blood glucose regulation",,0.8837890625,10,3387,52,1.0
medical_conditions,Anxiety,auc,0.46646695508624125,-0.011027086452744084,False,0.0,long_seq,activity_romberg_closed,Age_Gender_BMI_height_VAT,0.47749404153898534,male,categorical,"Anxiety disorder diagnosis - a mental health condition characterized by persistent worry, fear, or panic",,0.8623046875,10,3387,122,1.0
medical_conditions,Meniscus Tears,auc,0.6155242182709995,-0.011844363636090982,False,0.0,long_seq,activity_romberg_closed,Age_Gender_BMI_height_VAT,0.6273685819070904,male,categorical,Tear or rupture of the meniscus cartilage in the knee joint,,0.8623046875,10,3387,18,1.0
medical_conditions,Glaucoma,auc,0.6584004602991944,-0.012837403778475531,False,0.0,long_seq,activity_romberg_closed,Age_Gender_BMI_height_VAT,0.6712378640776699,female,categorical,Glaucoma diagnosis - an eye disease involving optic nerve damage typically associated with elevated intraocular pressure,,0.8388671875,10,3387,21,1.0
medical_conditions,Psoriasis,auc,0.5370213414634146,-0.012907408091270112,False,0.0,long_seq,activity_romberg_closed,Age_Gender_BMI_height_VAT,0.5499287495546847,male,categorical,"Binary diagnosis flag for Psoriasis, an autoimmune skin condition",,0.8388671875,10,3387,87,1.0
medical_conditions,Back Pain,auc,0.541020134228188,-0.013570882086697988,False,0.0,long_seq,activity_romberg_closed,Age_Gender_BMI_height_VAT,0.5545910163148859,male,categorical,"Back pain diagnosis - musculoskeletal pain in the lumbar, thoracic, or cervical spine regions",,1.0,10,3387,604,1.0
medical_conditions,Migraine,auc,0.530892274357241,-0.013768663559092675,False,0.0,long_seq,activity_romberg_closed,Age_Gender_BMI_height_VAT,0.5446609379163336,female,categorical,"Binary diagnosis flag for Migraine, a neurological headache disorder",,0.9931640625,10,3387,183,1.0
medical_conditions,Hearing loss,auc,0.6075024670314882,-0.01417604850618226,False,0.0,long_seq,activity_romberg_closed,Age_Gender_BMI_height_VAT,0.6216785155376705,male,categorical,"Hearing loss diagnosis - reduced ability to hear sound, ranging from mild to complete loss across frequency ranges",,0.9990234375,10,3387,140,1.0
medical_conditions,Insomnia,auc,0.447576619746431,-0.016253312732965264,False,0.0,long_seq,activity_romberg_closed,Age_Gender_BMI_height_VAT,0.46382993247939625,all,categorical,Insomnia diagnosis - sleep disorder characterized by persistent difficulty falling or staying asleep,,0.9755859375,10,3387,48,1.0
medical_conditions,Ischemic Heart Disease,auc,0.7049410241657077,-0.01773887303589139,False,0.0,long_seq,activity_romberg_closed,Age_Gender_BMI_height_VAT,0.7226798972015991,female,categorical,"Binary diagnosis flag for Ischemic Heart Disease, reduced blood flow to the heart",,0.9033203125,10,3387,50,1.0
medical_conditions,Fractures,auc,0.5198596817814618,-0.017877346448524123,False,0.0,long_seq,activity_romberg_closed,Age_Gender_BMI_height_VAT,0.5377370282299859,female,categorical,Fracture diagnosis - break or crack in bone structure,,0.9931640625,10,3387,298,1.0
medical_conditions,ADHD,auc,0.564823954917156,-0.018004938449010632,False,0.0,long_seq,activity_romberg_closed,Age_Gender_BMI_height_VAT,0.5828288933661666,female,categorical,Attention-Deficit/Hyperactivity Disorder diagnosis flag - a neurodevelopmental condition characterized by persistent patterns of inattention and/or hyperactivity-impulsivity,,1.0,10,3387,519,1.0
medical_conditions,Atopic Dermatitis,auc,0.4726339739555597,-0.01800761469418455,False,0.0,long_seq,activity_romberg_closed,Age_Gender_BMI_height_VAT,0.4906415886497443,male,categorical,"Presence or absence of atopic dermatitis (eczema), a chronic inflammatory skin condition characterized by itching and skin barrier dysfunction",,0.9951171875,10,3387,118,1.0
medical_conditions,Goiter,auc,0.4947640966628309,-0.01914581196081272,False,0.0,long_seq,activity_romberg_closed,Age_Gender_BMI_height_VAT,0.5139099086236436,female,categorical,Enlargement of the thyroid gland,,0.8837890625,10,3387,10,1.0
medical_conditions,Hyperlipidemia,auc,0.6453556224310042,-0.022354462665475694,False,0.0,long_seq,activity_romberg_closed,Age_Gender_BMI_height_VAT,0.6677100850964799,male,categorical,"Binary diagnosis flag for hyperlipidemia, excess fats in the bloodstream",,1.0,10,3387,773,1.0
medical_conditions,Fatty Liver Disease,auc,0.6781277340332459,-0.02274373662239737,False,0.0,long_seq,activity_romberg_closed,Age_Gender_BMI_height_VAT,0.7008714706556433,male,categorical,"Presence or absence of fatty liver disease (NAFLD/AFLD), characterized by excessive fat accumulation in hepatocytes impairing liver function",,1.0,10,3387,171,1.0
medical_conditions,Hypertension,auc,0.7731967004330192,-0.02312819887664308,False,0.0,long_seq,activity_romberg_closed,Age_Gender_BMI_height_VAT,0.7963248993096623,female,categorical,Binary diagnosis flag for hypertension (high blood pressure),,1.0,10,3387,352,1.0
medical_conditions,Haemorrhoids,auc,0.5193365336228295,-0.023441760349573793,False,0.0,long_seq,activity_romberg_closed,Age_Gender_BMI_height_VAT,0.5427782939724033,all,categorical,Hemorrhoids (piles) diagnosis - swollen veins in the rectal or anal area causing discomfort and bleeding,,1.0,10,3387,645,1.0
medical_conditions,Sinusitis,auc,0.4843853204825773,-0.023635441111832578,False,0.0,long_seq,activity_romberg_closed,Age_Gender_BMI_height_VAT,0.5080207615944099,male,categorical,"Presence or absence of sinusitis, inflammation of the tissues in the sinuses causing facial pain, nasal congestion, and other symptoms",,1.0,10,3387,124,1.0
medical_conditions,Anal abscess,auc,0.7054737057499489,-0.023851059651927797,False,0.0,long_seq,activity_romberg_closed,Age_Gender_BMI_height_VAT,0.7293247654018767,male,categorical,Anal abscess diagnosis - a localized collection of pus near the anus caused by bacterial infection,,0.986328125,10,3387,19,1.0
medical_conditions,B12 Deficiency,auc,0.5434566475932143,-0.024018470560802863,False,0.0,long_seq,activity_romberg_closed,Age_Gender_BMI_height_VAT,0.5674751181540172,female,categorical,"Vitamin B12 deficiency diagnosis - insufficient levels of cobalamin affecting DNA synthesis, metabolism, and neurological function",,0.9970703125,10,3387,165,1.0
medical_conditions,Renal Stones,auc,0.5634184845005741,-0.024430518348428798,False,0.0,long_seq,activity_romberg_closed,Age_Gender_BMI_height_VAT,0.5878490028490029,female,categorical,"Binary indicator of kidney stone presence or history, a urological condition involving mineral crystal deposits in the renal system",,0.65234375,10,3387,21,1.0
medical_conditions,Hypertension,auc,0.7502486146472968,-0.025465355479569407,False,0.0,long_seq,activity_romberg_closed,Age_Gender_BMI_height_VAT,0.7757139701268662,all,categorical,Binary diagnosis flag for hypertension (high blood pressure),,1.0,10,3387,352,1.0
medical_conditions,Migraine,auc,0.48127597199294136,-0.025922416385222302,False,0.0,long_seq,activity_romberg_closed,Age_Gender_BMI_height_VAT,0.5071983883781637,male,categorical,"Binary diagnosis flag for Migraine, a neurological headache disorder",,0.986328125,10,3387,183,1.0
medical_conditions,Hypertension,auc,0.7266553529517964,-0.02627352562181684,False,0.0,long_seq,activity_romberg_closed,Age_Gender_BMI_height_VAT,0.7529288785736132,male,categorical,Binary diagnosis flag for hypertension (high blood pressure),,1.0,10,3387,352,1.0
medical_conditions,Oral apthae,auc,0.5220631217311046,-0.026491566268077582,False,0.0,long_seq,activity_romberg_closed,Age_Gender_BMI_height_VAT,0.5485546879991822,male,categorical,Presence or absence of aphthous ulcers (canker sores) in the oral cavity; painful ulcerations of the mouth that are non-infectious and non-cancerous,,0.9970703125,10,3387,109,1.0
medical_conditions,Back Pain,auc,0.5377462621926407,-0.02668231965256951,False,0.0,long_seq,activity_romberg_closed,Age_Gender_BMI_height_VAT,0.5644285818452102,all,categorical,"Back pain diagnosis - musculoskeletal pain in the lumbar, thoracic, or cervical spine regions",,1.0,10,3387,604,1.0
medical_conditions,B12 Deficiency,auc,0.5724439930026521,-0.027089957614631843,False,0.0,long_seq,activity_romberg_closed,Age_Gender_BMI_height_VAT,0.599533950617284,all,categorical,"Vitamin B12 deficiency diagnosis - insufficient levels of cobalamin affecting DNA synthesis, metabolism, and neurological function",,1.0,10,3387,165,1.0
medical_conditions,Erectile Dysfunction,auc,0.7624045010364229,-0.02937753136416621,False,0.0,long_seq,activity_romberg_closed,Age_Gender_BMI_height_VAT,0.7917820324005891,all,categorical,Inability to achieve or maintain erections sufficient for sexual function,,0.947265625,10,3387,10,1.0
medical_conditions,Goiter,auc,0.32461866992068333,-0.02964182916635255,False,0.0,long_seq,activity_romberg_closed,Age_Gender_BMI_height_VAT,0.3542604990870359,male,categorical,Enlargement of the thyroid gland,,0.8623046875,10,3387,10,1.0
medical_conditions,Hearing loss,auc,0.6144955783360464,-0.029760370940827507,False,0.0,long_seq,activity_romberg_closed,Age_Gender_BMI_height_VAT,0.6442559492768739,all,categorical,"Hearing loss diagnosis - reduced ability to hear sound, ranging from mild to complete loss across frequency ranges",,1.0,10,3387,140,1.0
medical_conditions,Gout,auc,0.6372871287128714,-0.030054018726980547,False,0.0,long_seq,activity_romberg_closed,Age_Gender_BMI_height_VAT,0.667341147439852,male,categorical,"Presence or absence of gout, an inflammatory arthritis caused by uric acid crystal deposition, characterized by acute painful attacks in joints",,0.9931640625,10,3387,27,1.0
medical_conditions,Obesity,auc,0.8563621452924606,-0.030502059591398956,False,0.0,long_seq,activity_romberg_closed,Age_Gender_BMI_height_VAT,0.8868642048838595,female,categorical,"Binary diagnosis flag for Obesity, excessive body fat accumulation",,1.0,10,3387,118,1.0
medical_conditions,Hyperlipidemia,auc,0.667807635470662,-0.030801399938373386,False,0.0,long_seq,activity_romberg_closed,Age_Gender_BMI_height_VAT,0.6986090354090354,all,categorical,"Binary diagnosis flag for hyperlipidemia, excess fats in the bloodstream",,1.0,10,3387,773,1.0
medical_conditions,Sleep Apnea,auc,0.6038957738296944,-0.031494149922839165,False,0.0,long_seq,activity_romberg_closed,Age_Gender_BMI_height_VAT,0.6353899237525336,male,categorical,"Binary diagnosis flag for Sleep Apnea, a sleep-related breathing disorder",,0.9990234375,10,3387,73,1.0
medical_conditions,Allergy,auc,0.5761925264732513,-0.03257247206347691,False,0.0,long_seq,activity_romberg_closed,Age_Gender_BMI_height_VAT,0.6087649985367282,male,categorical,Presence or absence of allergic conditions - abnormal immune response to environmental or substance triggers,,1.0,10,3387,675,1.0
medical_conditions,ADHD,auc,0.5593424754718198,-0.03374848049545032,False,0.0,long_seq,activity_romberg_closed,Age_Gender_BMI_height_VAT,0.5930909559672701,all,categorical,Attention-Deficit/Hyperactivity Disorder diagnosis flag - a neurodevelopmental condition characterized by persistent patterns of inattention and/or hyperactivity-impulsivity,,1.0,10,3387,519,1.0
medical_conditions,Haemorrhoids,auc,0.5162465484059912,-0.033899753599316185,False,0.0,long_seq,activity_romberg_closed,Age_Gender_BMI_height_VAT,0.5501463020053073,female,categorical,Hemorrhoids (piles) diagnosis - swollen veins in the rectal or anal area causing discomfort and bleeding,,1.0,10,3387,645,1.0
medical_conditions,Perimenopausal Disorders,auc,0.7296184366656779,-0.03543393866627842,False,0.0,long_seq,activity_romberg_closed,Age_Gender_BMI_height_VAT,0.7650523753319564,all,categorical,"Presence or absence of disorders related to the perimenopausal period (transition to menopause), including hormonal fluctuations and associated symptoms",,0.9990234375,10,3387,16,1.0
medical_conditions,Obesity,auc,0.8615922041157041,-0.03694756480464556,False,0.0,long_seq,activity_romberg_closed,Age_Gender_BMI_height_VAT,0.8985397689203497,all,categorical,"Binary diagnosis flag for Obesity, excessive body fat accumulation",,1.0,10,3387,118,1.0
medical_conditions,Fibromyalgia,auc,0.5182230167969399,-0.037499526555661244,False,0.0,long_seq,activity_romberg_closed,Age_Gender_BMI_height_VAT,0.5557225433526012,female,categorical,"Presence or absence of fibromyalgia, a chronic pain syndrome characterized by widespread musculoskeletal pain, fatigue, and sleep disturbances",,0.9970703125,10,3387,34,1.0
medical_conditions,Back Pain,auc,0.5348944266004818,-0.03802577332593682,False,0.0,long_seq,activity_romberg_closed,Age_Gender_BMI_height_VAT,0.5729201999264186,female,categorical,"Back pain diagnosis - musculoskeletal pain in the lumbar, thoracic, or cervical spine regions",,1.0,10,3387,604,1.0
medical_conditions,IBS,auc,0.5813854476775825,-0.038342136382193304,False,0.0,long_seq,activity_romberg_closed,Age_Gender_BMI_height_VAT,0.6197275840597758,male,categorical,"Binary diagnosis flag for Irritable Bowel Syndrome, a gastrointestinal disorder",,1.0,10,3387,104,1.0
medical_conditions,Hyperlipidemia,auc,0.6884705633043076,-0.03869100874809428,False,0.0,long_seq,activity_romberg_closed,Age_Gender_BMI_height_VAT,0.7271615720524018,female,categorical,"Binary diagnosis flag for hyperlipidemia, excess fats in the bloodstream",,1.0,10,3387,773,1.0
medical_conditions,Endometriosis and Adenomyosis,auc,0.8104779316559803,-0.040848783982316506,False,0.0,long_seq,activity_romberg_closed,Age_Gender_BMI_height_VAT,0.8513267156382968,all,categorical,"Presence or absence of endometriosis and/or adenomyosis, gynecologic conditions involving abnormal uterine tissue growth causing pain and infertility",,1.0,10,3387,58,1.0
medical_conditions,Fractures,auc,0.5142521308561881,-0.04119184388800279,False,0.0,long_seq,activity_romberg_closed,Age_Gender_BMI_height_VAT,0.5554439747441909,all,categorical,Fracture diagnosis - break or crack in bone structure,,1.0,10,3387,298,1.0
medical_conditions,IBD,auc,0.4143553425247738,-0.04168204966465139,False,0.0,long_seq,activity_romberg_closed,Age_Gender_BMI_height_VAT,0.4560373921894252,all,categorical,"Binary indicator of Inflammatory Bowel Disease, a chronic gastrointestinal condition (Crohn's disease or ulcerative colitis)",,0.9033203125,10,3387,11,1.0
medical_conditions,Allergy,auc,0.5467233147601879,-0.041710306394696084,False,0.0,long_seq,activity_romberg_closed,Age_Gender_BMI_height_VAT,0.588433621154884,all,categorical,Presence or absence of allergic conditions - abnormal immune response to environmental or substance triggers,,1.0,10,3387,675,1.0
medical_conditions,Fatty Liver Disease,auc,0.713862704023741,-0.04180756406910968,False,0.0,long_seq,activity_romberg_closed,Age_Gender_BMI_height_VAT,0.7556702680928506,all,categorical,"Presence or absence of fatty liver disease (NAFLD/AFLD), characterized by excessive fat accumulation in hepatocytes impairing liver function",,1.0,10,3387,171,1.0
medical_conditions,Atopic Dermatitis,auc,0.47024539718257274,-0.04254742301821823,False,0.0,long_seq,activity_romberg_closed,Age_Gender_BMI_height_VAT,0.512792820200791,all,categorical,"Presence or absence of atopic dermatitis (eczema), a chronic inflammatory skin condition characterized by itching and skin barrier dysfunction",,1.0,10,3387,118,1.0
medical_conditions,Breast fibrocystic change,auc,0.7210092632485997,-0.04290834536553212,False,0.0,long_seq,activity_romberg_closed,Age_Gender_BMI_height_VAT,0.7639176086141318,all,categorical,Benign breast condition characterized by cysts and fibrosis in breast tissue,,0.9931640625,10,3387,11,1.0
medical_conditions,Celiac,auc,0.5753931495045238,-0.04356811904425206,False,0.0,long_seq,activity_romberg_closed,Age_Gender_BMI_height_VAT,0.6189612685487759,all,categorical,"Binary indicator of celiac disease, an autoimmune condition triggered by gluten consumption causing intestinal damage",,1.0,10,3387,11,1.0
medical_conditions,AV. Conduction Disorder,auc,0.5740642063022169,-0.046482842513383194,False,0.0,long_seq,activity_romberg_closed,Age_Gender_BMI_height_VAT,0.6205470488156001,all,categorical,Atrioventricular conduction disorder - abnormal electrical conduction between the atria and ventricles of the heart,,0.9677734375,10,3387,9,1.0
medical_conditions,Allergy,auc,0.5180122518990442,-0.0467237468654107,False,0.0,long_seq,activity_romberg_closed,Age_Gender_BMI_height_VAT,0.5647359987644549,female,categorical,Presence or absence of allergic conditions - abnormal immune response to environmental or substance triggers,,1.0,10,3387,675,1.0
medical_conditions,Hearing loss,auc,0.6188535428171424,-0.047754340122889594,False,0.0,long_seq,activity_romberg_closed,Age_Gender_BMI_height_VAT,0.666607882940032,female,categorical,"Hearing loss diagnosis - reduced ability to hear sound, ranging from mild to complete loss across frequency ranges",,1.0,10,3387,140,1.0
medical_conditions,Lactose Intolerance,auc,0.5177267341663077,-0.047931914786389695,False,0.0,long_seq,activity_romberg_closed,Age_Gender_BMI_height_VAT,0.5656586489526974,all,categorical,Inability to digest lactose sugar due to insufficient lactase enzyme,,0.9970703125,10,3387,11,1.0
medical_conditions,G6PD,auc,0.38052128315854417,-0.04820872914157881,False,0.0,long_seq,activity_romberg_closed,Age_Gender_BMI_height_VAT,0.428730012300123,male,categorical,"Presence or absence of glucose-6-phosphate dehydrogenase (G6PD) deficiency, an inherited enzyme deficiency affecting red blood cell metabolism",,0.9970703125,10,3387,35,1.0
medical_conditions,Fractures,auc,0.5077678494345161,-0.04873425863638392,False,0.0,long_seq,activity_romberg_closed,Age_Gender_BMI_height_VAT,0.5565021080709001,male,categorical,Fracture diagnosis - break or crack in bone structure,,1.0,10,3387,298,1.0
medical_conditions,Obesity,auc,0.8523672332661096,-0.048965078893831615,False,0.0,long_seq,activity_romberg_closed,Age_Gender_BMI_height_VAT,0.9013323121599413,male,categorical,"Binary diagnosis flag for Obesity, excessive body fat accumulation",,1.0,10,3387,118,1.0
medical_conditions,Atopic Dermatitis,auc,0.4626001082251082,-0.04899039813799111,False,0.0,long_seq,activity_romberg_closed,Age_Gender_BMI_height_VAT,0.5115905063630993,female,categorical,"Presence or absence of atopic dermatitis (eczema), a chronic inflammatory skin condition characterized by itching and skin barrier dysfunction",,1.0,10,3387,118,1.0
medical_conditions,Insomnia,auc,0.4064613596746078,-0.05015225047533445,False,0.0,long_seq,activity_romberg_closed,Age_Gender_BMI_height_VAT,0.45661361014994223,female,categorical,Insomnia diagnosis - sleep disorder characterized by persistent difficulty falling or staying asleep,,0.990234375,10,3387,48,1.0
medical_conditions,ADHD,auc,0.553867145938174,-0.05045238675295116,False,0.0,long_seq,activity_romberg_closed,Age_Gender_BMI_height_VAT,0.6043195326911251,male,categorical,Attention-Deficit/Hyperactivity Disorder diagnosis flag - a neurodevelopmental condition characterized by persistent patterns of inattention and/or hyperactivity-impulsivity,,1.0,10,3387,519,1.0
medical_conditions,Polycystic Ovary Disease,auc,0.761585346215781,-0.052427266396831484,False,0.0,long_seq,activity_romberg_closed,Age_Gender_BMI_height_VAT,0.8140126126126125,all,categorical,"Binary diagnosis flag for Polycystic Ovary Disease (PCOS), a hormonal endocrine disorder",,1.0,10,3387,75,1.0
medical_conditions,Depression,auc,0.5034687653368856,-0.05343499853412703,False,0.0,long_seq,activity_romberg_closed,Age_Gender_BMI_height_VAT,0.5569037638710126,female,categorical,"Major depressive disorder diagnosis - a mental health condition characterized by persistent depressed mood, loss of interest, and neurobiological changes",,1.0,10,3387,108,1.0
medical_conditions,Glaucoma,auc,0.6039979628214922,-0.05386537163758687,False,0.0,long_seq,activity_romberg_closed,Age_Gender_BMI_height_VAT,0.6578633344590791,all,categorical,Glaucoma diagnosis - an eye disease involving optic nerve damage typically associated with elevated intraocular pressure,,0.9990234375,10,3387,21,1.0
medical_conditions,Osteoarthritis,auc,0.6739750986941999,-0.054914579168758526,False,0.0,long_seq,activity_romberg_closed,Age_Gender_BMI_height_VAT,0.7288896778629584,all,categorical,"Binary diagnosis flag for Osteoarthritis, degenerative joint disease from cartilage wear",,1.0,10,3387,94,1.0
medical_conditions,Gout,auc,0.7404750881834214,-0.0550898965763531,False,0.0,long_seq,activity_romberg_closed,Age_Gender_BMI_height_VAT,0.7955649847597746,all,categorical,"Presence or absence of gout, an inflammatory arthritis caused by uric acid crystal deposition, characterized by acute painful attacks in joints",,1.0,10,3387,27,1.0
medical_conditions,Migraine,auc,0.5903194777020528,-0.05592212290579013,False,0.0,long_seq,activity_romberg_closed,Age_Gender_BMI_height_VAT,0.646241600607843,all,categorical,"Binary diagnosis flag for Migraine, a neurological headache disorder",,1.0,10,3387,183,1.0
medical_conditions,Goiter,auc,0.4935119928931003,-0.05816476287911798,False,0.0,long_seq,activity_romberg_closed,Age_Gender_BMI_height_VAT,0.5516767557722183,all,categorical,Enlargement of the thyroid gland,,1.0,10,3387,10,1.0
medical_conditions,Gallstone Disease,auc,0.5347725026538306,-0.059575037851205104,False,0.0,long_seq,activity_romberg_closed,Age_Gender_BMI_height_VAT,0.5943475405050357,male,categorical,"Presence or absence of cholelithiasis (gallstone disease), characterized by formation of stones in the gallbladder",,1.0,10,3387,126,1.0
medical_conditions,Anemia,auc,0.6252671656876886,-0.06049220233726427,False,0.0,long_seq,activity_romberg_closed,Age_Gender_BMI_height_VAT,0.6857593680249529,all,categorical,"Presence or absence of anemia, a condition characterized by insufficient red blood cells or hemoglobin to carry adequate oxygen",,1.0,10,3387,173,1.0
medical_conditions,Retinal detachment,auc,0.5944626376897886,-0.06251682421638338,False,0.0,long_seq,activity_romberg_closed,Age_Gender_BMI_height_VAT,0.656979461906172,all,categorical,"Presence or absence of retinal detachment, an ophthalmologic emergency where the retina separates from the back of the eye",,1.0,10,3387,28,1.0
medical_conditions,Thalassemia,auc,0.42836981566820276,-0.06268793161595959,False,0.0,long_seq,activity_romberg_closed,Age_Gender_BMI_height_VAT,0.49105774728416235,female,categorical,Binary indicator of thalassemia diagnosis (hereditary blood disorder characterized by deficient beta-globin chain synthesis causing anemia). Represents presence/absence of this genetic hematologic condition.,,1.0,10,3387,14,1.0
medical_conditions,Prediabetes,auc,0.6114243805332915,-0.0643382689511911,False,0.0,long_seq,activity_romberg_closed,Age_Gender_BMI_height_VAT,0.6757626494844826,male,categorical,"Binary diagnosis flag for Prediabetes, elevated blood glucose preceding type 2 diabetes",,1.0,10,3387,280,1.0
medical_conditions,Anemia,auc,0.511992664766576,-0.06556938101273302,False,0.0,long_seq,activity_romberg_closed,Age_Gender_BMI_height_VAT,0.577562045779309,female,categorical,"Presence or absence of anemia, a condition characterized by insufficient red blood cells or hemoglobin to carry adequate oxygen",,1.0,10,3387,173,1.0
medical_conditions,Prediabetes,auc,0.64792553680629,-0.0681389593149333,False,0.0,long_seq,activity_romberg_closed,Age_Gender_BMI_height_VAT,0.7160644961212232,all,categorical,"Binary diagnosis flag for Prediabetes, elevated blood glucose preceding type 2 diabetes",,1.0,10,3387,280,1.0
medical_conditions,Glaucoma,auc,0.5606407106407107,-0.0681760023462411,False,0.0,long_seq,activity_romberg_closed,Age_Gender_BMI_height_VAT,0.6288167129869519,male,categorical,Glaucoma diagnosis - an eye disease involving optic nerve damage typically associated with elevated intraocular pressure,,0.9990234375,10,3387,21,1.0
medical_conditions,Sinusitis,auc,0.4986725142552292,-0.06829745473448845,False,0.0,long_seq,activity_romberg_closed,Age_Gender_BMI_height_VAT,0.5669699689897176,female,categorical,"Presence or absence of sinusitis, inflammation of the tissues in the sinuses causing facial pain, nasal congestion, and other symptoms",,1.0,10,3387,124,1.0
medical_conditions,Depression,auc,0.4653700811992504,-0.07163023013325265,False,0.0,long_seq,activity_romberg_closed,Age_Gender_BMI_height_VAT,0.537000311332503,male,categorical,"Major depressive disorder diagnosis - a mental health condition characterized by persistent depressed mood, loss of interest, and neurobiological changes",,1.0,10,3387,108,1.0
medical_conditions,Depression,auc,0.5047928456055935,-0.07197124408312472,False,0.0,long_seq,activity_romberg_closed,Age_Gender_BMI_height_VAT,0.5767640896887182,all,categorical,"Major depressive disorder diagnosis - a mental health condition characterized by persistent depressed mood, loss of interest, and neurobiological changes",,1.0,10,3387,108,1.0
medical_conditions,Tinnitus,auc,0.4632345679012345,-0.07375971729470165,False,0.0,long_seq,activity_romberg_closed,Age_Gender_BMI_height_VAT,0.5369942851959362,all,categorical,"Binary indicator of tinnitus, an auditory condition characterized by perception of ringing or noise in the ears",,0.9951171875,10,3387,12,1.0
medical_conditions,Thalassemia,auc,0.45535555461437466,-0.07399735434631965,False,0.0,long_seq,activity_romberg_closed,Age_Gender_BMI_height_VAT,0.5293529089606943,all,categorical,Binary indicator of thalassemia diagnosis (hereditary blood disorder characterized by deficient beta-globin chain synthesis causing anemia). Represents presence/absence of this genetic hematologic condition.,,1.0,10,3387,14,1.0
medical_conditions,Prediabetes,auc,0.677089995431704,-0.07524736880522354,False,0.0,long_seq,activity_romberg_closed,Age_Gender_BMI_height_VAT,0.7523373642369275,female,categorical,"Binary diagnosis flag for Prediabetes, elevated blood glucose preceding type 2 diabetes",,1.0,10,3387,280,1.0
medical_conditions,Anxiety,auc,0.5243674842467302,-0.07623235196864664,False,0.0,long_seq,activity_romberg_closed,Age_Gender_BMI_height_VAT,0.6005998362153768,all,categorical,"Anxiety disorder diagnosis - a mental health condition characterized by persistent worry, fear, or panic",,1.0,10,3387,122,1.0
medical_conditions,Endometriosis and Adenomyosis,auc,0.6310732962902434,-0.07639746127629954,False,0.0,long_seq,activity_romberg_closed,Age_Gender_BMI_height_VAT,0.707470757566543,female,categorical,"Presence or absence of endometriosis and/or adenomyosis, gynecologic conditions involving abnormal uterine tissue growth causing pain and infertility",,1.0,10,3387,58,1.0
medical_conditions,Fibromyalgia,auc,0.5972000491219452,-0.0765778228577072,False,0.0,long_seq,activity_romberg_closed,Age_Gender_BMI_height_VAT,0.6737778719796524,all,categorical,"Presence or absence of fibromyalgia, a chronic pain syndrome characterized by widespread musculoskeletal pain, fatigue, and sleep disturbances",,1.0,10,3387,34,1.0
medical_conditions,Fatty Liver Disease,auc,0.6993717712984852,-0.07829148094223182,False,0.0,long_seq,activity_romberg_closed,Age_Gender_BMI_height_VAT,0.777663252240717,female,categorical,"Presence or absence of fatty liver disease (NAFLD/AFLD), characterized by excessive fat accumulation in hepatocytes impairing liver function",,1.0,10,3387,171,1.0
medical_conditions,Sinusitis,auc,0.5402560971992921,-0.08360561011778112,False,0.0,long_seq,activity_romberg_closed,Age_Gender_BMI_height_VAT,0.6238617073170732,all,categorical,"Presence or absence of sinusitis, inflammation of the tissues in the sinuses causing facial pain, nasal congestion, and other symptoms",,1.0,10,3387,124,1.0
medical_conditions,Sleep Apnea,auc,0.6287840708988848,-0.08517562256754285,False,0.0,long_seq,activity_romberg_closed,Age_Gender_BMI_height_VAT,0.7139596934664276,all,categorical,"Binary diagnosis flag for Sleep Apnea, a sleep-related breathing disorder",,1.0,10,3387,73,1.0
medical_conditions,Polycystic Ovary Disease,auc,0.5455615399960104,-0.08666055026527231,False,0.0,long_seq,activity_romberg_closed,Age_Gender_BMI_height_VAT,0.6322220902612827,female,categorical,"Binary diagnosis flag for Polycystic Ovary Disease (PCOS), a hormonal endocrine disorder",,1.0,10,3387,75,1.0
medical_conditions,Urinary Tract Stones,auc,0.3865701042873696,-0.09421195436702945,False,0.0,long_seq,activity_romberg_closed,Age_Gender_BMI_height_VAT,0.48078205865439905,female,categorical,"Presence or absence of urolithiasis (kidney or urinary tract stones), mineral deposits that form in the urinary system",,1.0,10,3387,82,1.0
medical_conditions,Osteoarthritis,auc,0.6336136470713734,-0.09635750779260455,False,0.0,long_seq,activity_romberg_closed,Age_Gender_BMI_height_VAT,0.7299711548639779,female,categorical,"Binary diagnosis flag for Osteoarthritis, degenerative joint disease from cartilage wear",,1.0,10,3387,94,1.0
medical_conditions,Urinary Tract Stones,auc,0.4838954830537907,-0.09747904190885803,False,0.0,long_seq,activity_romberg_closed,Age_Gender_BMI_height_VAT,0.5813745249626487,male,categorical,"Presence or absence of urolithiasis (kidney or urinary tract stones), mineral deposits that form in the urinary system",,1.0,10,3387,82,1.0
medical_conditions,Anxiety,auc,0.5285171862509993,-0.09933368090682804,False,0.0,long_seq,activity_romberg_closed,Age_Gender_BMI_height_VAT,0.6278508671578273,female,categorical,"Anxiety disorder diagnosis - a mental health condition characterized by persistent worry, fear, or panic",,1.0,10,3387,122,1.0
medical_conditions,Atherosclerotic,auc,0.5456982670744138,-0.1000791719499764,False,0.0,long_seq,activity_romberg_closed,Age_Gender_BMI_height_VAT,0.6457774390243902,male,categorical,"Binary indicator of atherosclerotic disease, characterized by buildup of plaque in arteries and associated cardiovascular complications",,1.0,10,3387,15,1.0
medical_conditions,Atherosclerotic,auc,0.6568988677796967,-0.10368525920443028,False,0.0,long_seq,activity_romberg_closed,Age_Gender_BMI_height_VAT,0.760584126984127,female,categorical,"Binary indicator of atherosclerotic disease, characterized by buildup of plaque in arteries and associated cardiovascular complications",,1.0,10,3387,15,1.0
medical_conditions,Atrial Fibrillation,auc,0.6873572660806703,-0.10461109660687051,False,0.0,long_seq,activity_romberg_closed,Age_Gender_BMI_height_VAT,0.7919683626875408,female,categorical,"Binary indicator of atrial fibrillation, a cardiac arrhythmia characterized by irregular heartbeat and associated coagulation/inflammation biomarkers",,0.9990234375,10,3387,15,1.0
medical_conditions,Atherosclerotic,auc,0.6121668643732701,-0.1065224178292864,False,0.0,long_seq,activity_romberg_closed,Age_Gender_BMI_height_VAT,0.7186892822025565,all,categorical,"Binary indicator of atherosclerotic disease, characterized by buildup of plaque in arteries and associated cardiovascular complications",,1.0,10,3387,15,1.0
medical_conditions,G6PD,auc,0.42902318445277865,-0.1067860567511213,False,0.0,long_seq,activity_romberg_closed,Age_Gender_BMI_height_VAT,0.5358092412038999,all,categorical,"Presence or absence of glucose-6-phosphate dehydrogenase (G6PD) deficiency, an inherited enzyme deficiency affecting red blood cell metabolism",,1.0,10,3387,35,1.0
medical_conditions,Hashimoto,auc,0.2673043632651249,-0.11080604293806479,False,0.0,long_seq,activity_romberg_closed,Age_Gender_BMI_height_VAT,0.3781104062031897,female,categorical,"Binary diagnosis flag for Hashimoto's thyroiditis, an autoimmune thyroid disease",,1.0,10,3387,20,1.0
medical_conditions,Ischemic Heart Disease,auc,0.5098722415795586,-0.11868063218840252,False,0.0,long_seq,activity_romberg_closed,Age_Gender_BMI_height_VAT,0.6285528737679611,male,categorical,"Binary diagnosis flag for Ischemic Heart Disease, reduced blood flow to the heart",,1.0,10,3387,50,1.0
medical_conditions,Urinary Tract Stones,auc,0.5479196339618463,-0.1199919884459063,False,0.0,long_seq,activity_romberg_closed,Age_Gender_BMI_height_VAT,0.6679116224077526,all,categorical,"Presence or absence of urolithiasis (kidney or urinary tract stones), mineral deposits that form in the urinary system",,1.0,10,3387,82,1.0
medical_conditions,Hashimoto,auc,0.33260469260469255,-0.12021879336281116,False,0.0,long_seq,activity_romberg_closed,Age_Gender_BMI_height_VAT,0.4528234859675037,all,categorical,"Binary diagnosis flag for Hashimoto's thyroiditis, an autoimmune thyroid disease",,1.0,10,3387,20,1.0
medical_conditions,Ischemic Heart Disease,auc,0.6338417740485465,-0.12068669092909878,False,0.0,long_seq,activity_romberg_closed,Age_Gender_BMI_height_VAT,0.7545284649776453,all,categorical,"Binary diagnosis flag for Ischemic Heart Disease, reduced blood flow to the heart",,1.0,10,3387,50,1.0
medical_conditions,Gallstone Disease,auc,0.5483701075237414,-0.12173951064836719,False,0.0,long_seq,activity_romberg_closed,Age_Gender_BMI_height_VAT,0.6701096181721086,all,categorical,"Presence or absence of cholelithiasis (gallstone disease), characterized by formation of stones in the gallbladder",,1.0,10,3387,126,1.0
medical_conditions,Renal Stones,auc,0.6123376623376624,-0.12268288252330795,False,0.0,long_seq,activity_romberg_closed,Age_Gender_BMI_height_VAT,0.7350205448609703,all,categorical,"Binary indicator of kidney stone presence or history, a urological condition involving mineral crystal deposits in the renal system",,1.0,10,3387,21,1.0
medical_conditions,Renal Stones,auc,0.5428354100260795,-0.12819698083081577,False,0.0,long_seq,activity_romberg_closed,Age_Gender_BMI_height_VAT,0.6710323908568953,male,categorical,"Binary indicator of kidney stone presence or history, a urological condition involving mineral crystal deposits in the renal system",,1.0,10,3387,21,1.0
medical_conditions,Atrial Fibrillation,auc,0.6901285092922104,-0.1332461219762262,False,0.0,long_seq,activity_romberg_closed,Age_Gender_BMI_height_VAT,0.8233746312684366,all,categorical,"Binary indicator of atrial fibrillation, a cardiac arrhythmia characterized by irregular heartbeat and associated coagulation/inflammation biomarkers",,1.0,10,3387,15,1.0
medical_conditions,Celiac,auc,0.5161504970015608,-0.1374290855163779,False,0.0,long_seq,activity_romberg_closed,Age_Gender_BMI_height_VAT,0.6535795825179387,female,categorical,"Binary indicator of celiac disease, an autoimmune condition triggered by gluten consumption causing intestinal damage",,1.0,10,3387,11,1.0
medical_conditions,Gallstone Disease,auc,0.47799865937647856,-0.14194447524750708,False,0.0,long_seq,activity_romberg_closed,Age_Gender_BMI_height_VAT,0.6199431346239856,female,categorical,"Presence or absence of cholelithiasis (gallstone disease), characterized by formation of stones in the gallbladder",,1.0,10,3387,126,1.0
medical_conditions,G6PD,auc,0.4644983631812055,-0.15237090287384036,False,0.0,long_seq,activity_romberg_closed,Age_Gender_BMI_height_VAT,0.6168692660550459,female,categorical,"Presence or absence of glucose-6-phosphate dehydrogenase (G6PD) deficiency, an inherited enzyme deficiency affecting red blood cell metabolism",,1.0,10,3387,35,1.0
medical_conditions,Retinal detachment,auc,0.6232299979537548,-0.15329998980634307,False,0.0,long_seq,activity_romberg_closed,Age_Gender_BMI_height_VAT,0.7765299877600979,male,categorical,"Presence or absence of retinal detachment, an ophthalmologic emergency where the retina separates from the back of the eye",,1.0,10,3387,28,1.0
medical_conditions,Atrial Fibrillation,auc,0.6949556031843234,-0.15460178387306378,False,0.0,long_seq,activity_romberg_closed,Age_Gender_BMI_height_VAT,0.8495573870573871,male,categorical,"Binary indicator of atrial fibrillation, a cardiac arrhythmia characterized by irregular heartbeat and associated coagulation/inflammation biomarkers",,1.0,10,3387,15,1.0
medical_conditions,AV. Conduction Disorder,auc,0.4693188759926695,-0.15839123362974228,False,0.0,long_seq,activity_romberg_closed,Age_Gender_BMI_height_VAT,0.6277101096224118,male,categorical,Atrioventricular conduction disorder - abnormal electrical conduction between the atria and ventricles of the heart,,1.0,10,3387,9,1.0
medical_conditions,IBD,auc,0.4057084607543323,-0.17455576688794416,False,0.0,long_seq,activity_romberg_closed,Age_Gender_BMI_height_VAT,0.5802642276422765,male,categorical,"Binary indicator of Inflammatory Bowel Disease, a chronic gastrointestinal condition (Crohn's disease or ulcerative colitis)",,1.0,10,3387,11,1.0
medical_conditions,Lactose Intolerance,auc,0.4338888888888889,-0.17933605881980097,False,0.0,long_seq,activity_romberg_closed,Age_Gender_BMI_height_VAT,0.6132249477086898,female,categorical,Inability to digest lactose sugar due to insufficient lactase enzyme,,1.0,10,3387,11,1.0
medical_conditions,Tinnitus,auc,0.42257462686567165,-0.1808119181742372,False,0.0,long_seq,activity_romberg_closed,Age_Gender_BMI_height_VAT,0.6033865450399089,female,categorical,"Binary indicator of tinnitus, an auditory condition characterized by perception of ringing or noise in the ears",,1.0,10,3387,12,1.0
medical_conditions,Sleep Apnea,auc,0.5326238785369221,-0.18281806348729845,False,0.0,long_seq,activity_romberg_closed,Age_Gender_BMI_height_VAT,0.7154419420242205,female,categorical,"Binary diagnosis flag for Sleep Apnea, a sleep-related breathing disorder",,1.0,10,3387,73,1.0
medical_conditions,Iron Defficiency,auc,0.28577784156142366,-0.22869509291151074,False,0.0,long_seq,activity_romberg_closed,Age_Gender_BMI_height_VAT,0.5144729344729344,female,categorical,"Deficiency of iron, causing reduced hemoglobin and oxygen-carrying capacity",,1.0,10,3387,10,1.0
medical_conditions,Hypercoagulability ,auc,0.20284482758620687,-0.2393590134482103,False,0.0,long_seq,activity_romberg_closed,Age_Gender_BMI_height_VAT,0.4422038410344172,female,categorical,,,1.0,10,3387,8,1.0
medical_conditions,Hypercoagulability ,auc,0.3122635753508237,-0.3087826533596385,False,0.0,long_seq,activity_romberg_closed,Age_Gender_BMI_height_VAT,0.6210462287104622,male,categorical,,,0.9990234375,10,3387,8,1.0
medical_conditions,Hypercoagulability ,auc,0.259940071026931,-0.3203403234387741,False,0.0,long_seq,activity_romberg_closed,Age_Gender_BMI_height_VAT,0.5802803944657051,all,categorical,,,1.0,10,3387,8,1.0
medical_conditions,Polycystic Ovary Disease,auc,,,,,long_seq,activity_romberg_closed,Age_Gender_BMI_height_VAT,,male,categorical,"Binary diagnosis flag for Polycystic Ovary Disease (PCOS), a hormonal endocrine disorder",,,10,3387,75,
medical_conditions,Perimenopausal Disorders,auc,,,,,long_seq,activity_romberg_closed,Age_Gender_BMI_height_VAT,,male,categorical,"Presence or absence of disorders related to the perimenopausal period (transition to menopause), including hormonal fluctuations and associated symptoms",,,10,3387,16,
medical_conditions,Breast Cancer,auc,,,,,long_seq,activity_romberg_closed,Age_Gender_BMI_height_VAT,,male,categorical,"Binary indicator of breast cancer diagnosis, a malignant neoplasm assessed using biomarkers for diagnosis and treatment planning",,,10,3387,41,
medical_conditions,Breast fibrocystic change,auc,,,,,long_seq,activity_romberg_closed,Age_Gender_BMI_height_VAT,,male,categorical,Benign breast condition characterized by cysts and fibrosis in breast tissue,,,10,3387,11,
medical_conditions,Erectile Dysfunction,auc,,,,,long_seq,activity_romberg_closed,Age_Gender_BMI_height_VAT,,female,categorical,Inability to achieve or maintain erections sufficient for sexual function,,,10,3387,10,
medical_conditions,Endometriosis and Adenomyosis,auc,,,,,long_seq,activity_romberg_closed,Age_Gender_BMI_height_VAT,,male,categorical,"Presence or absence of endometriosis and/or adenomyosis, gynecologic conditions involving abnormal uterine tissue growth causing pain and infertility",,,10,3387,58,
medical_conditions,Hypercholesterolaemia,auc,0.5277821813570069,0.3382522668270925,True,1.0,long_seq,activity_self_selected_gait_speed,Age_Gender_BMI_height_VAT,0.18952991452991447,male,categorical,"Binary diagnosis flag for hypercholesterolemia, elevated cholesterol levels in blood",,0.0009765625,10,3257,13,0.005242598684210526
medical_conditions,Myocarditis,auc,0.5476333133612942,0.31432847005645087,True,1.0,long_seq,activity_self_selected_gait_speed,Age_Gender_BMI_height_VAT,0.2333048433048433,female,categorical,"Binary indicator of myocarditis diagnosis (inflammation of the heart muscle). Values represent presence/absence of the condition, potentially linked to biomarkers like sST2 that correlate with disease severity.",,0.0009765625,10,3257,6,0.005653782894736842
medical_conditions,Myocarditis,auc,0.5111251580278128,0.2931239392587695,True,1.0,long_seq,activity_self_selected_gait_speed,Age_Gender_BMI_height_VAT,0.21800121876904327,male,categorical,"Binary indicator of myocarditis diagnosis (inflammation of the heart muscle). Values represent presence/absence of the condition, potentially linked to biomarkers like sST2 that correlate with disease severity.",,0.0009765625,10,3257,6,0.005242598684210526
medical_conditions,Myocarditis,auc,0.5337383369219728,0.28606460311749704,True,1.0,long_seq,activity_self_selected_gait_speed,Age_Gender_BMI_height_VAT,0.2476737338044758,all,categorical,"Binary indicator of myocarditis diagnosis (inflammation of the heart muscle). Values represent presence/absence of the condition, potentially linked to biomarkers like sST2 that correlate with disease severity.",,0.0009765625,10,3257,6,0.0109375
medical_conditions,Uveitis,auc,0.5533364958886782,0.2517226103831971,True,1.0,long_seq,activity_self_selected_gait_speed,Age_Gender_BMI_height_VAT,0.30161388550548107,male,categorical,"Binary indicator of uveitis, an inflammatory condition affecting the uvea (middle layer of the eye) causing redness, pain, and vision problems",,0.0009765625,10,3257,10,0.005242598684210526
medical_conditions,Lactose Intolerance,auc,0.6949113924050633,0.1876353412167634,True,1.0,long_seq,activity_self_selected_gait_speed,Age_Gender_BMI_height_VAT,0.5072760511882999,male,categorical,Inability to digest lactose sugar due to insufficient lactase enzyme,,0.0009765625,10,3257,11,0.005242598684210526
medical_conditions,Tinnitus,auc,0.7895260947810437,0.1861395497411349,True,1.0,long_seq,activity_self_selected_gait_speed,Age_Gender_BMI_height_VAT,0.6033865450399089,female,categorical,"Binary indicator of tinnitus, an auditory condition characterized by perception of ringing or noise in the ears",,0.0009765625,10,3257,12,0.005653782894736842
medical_conditions,Glaucoma,auc,0.8344401544401544,0.16320229036248446,True,1.0,long_seq,activity_self_selected_gait_speed,Age_Gender_BMI_height_VAT,0.6712378640776699,female,categorical,Glaucoma diagnosis - an eye disease involving optic nerve damage typically associated with elevated intraocular pressure,,0.0009765625,10,3257,19,0.005653782894736842
medical_conditions,Urinary tract infection,auc,0.34526216045483255,0.16062104123342139,True,1.0,long_seq,activity_self_selected_gait_speed,Age_Gender_BMI_height_VAT,0.18464111922141116,male,categorical,"Presence or absence of urinary tract infection (UTI), a bacterial infection affecting the urinary system",,0.0009765625,10,3257,282,0.005242598684210526
medical_conditions,IBD,auc,0.42657374100719425,0.15717807396044398,True,1.0,long_seq,activity_self_selected_gait_speed,Age_Gender_BMI_height_VAT,0.2693956670467503,female,categorical,"Binary indicator of Inflammatory Bowel Disease, a chronic gastrointestinal condition (Crohn's disease or ulcerative colitis)",,0.0009765625,10,3257,10,0.005653782894736842
medical_conditions,Vitiligo,auc,0.4346372901678657,0.15398914201971758,True,1.0,long_seq,activity_self_selected_gait_speed,Age_Gender_BMI_height_VAT,0.2806481481481481,female,categorical,"Binary indicator of vitiligo diagnosis status, a chronic autoimmune skin condition characterized by loss of skin pigmentation due to melanocyte destruction",,0.0009765625,10,3257,17,0.005653782894736842
medical_conditions,Hypercholesterolaemia,auc,0.4951318410319644,0.15270168863718936,True,1.0,long_seq,activity_self_selected_gait_speed,Age_Gender_BMI_height_VAT,0.34243015239477503,all,categorical,"Binary diagnosis flag for hypercholesterolemia, elevated cholesterol levels in blood",,0.0009765625,10,3257,13,0.0109375
medical_conditions,Goiter,auc,0.4924989464812473,0.13823844739421143,True,1.0,long_seq,activity_self_selected_gait_speed,Age_Gender_BMI_height_VAT,0.3542604990870359,male,categorical,Enlargement of the thyroid gland,,0.0009765625,10,3257,10,0.005242598684210526
medical_conditions,Hypercholesterolaemia,auc,0.41872825434913025,0.12770202857946095,True,1.0,long_seq,activity_self_selected_gait_speed,Age_Gender_BMI_height_VAT,0.2910262257696693,female,categorical,"Binary diagnosis flag for hypercholesterolemia, elevated cholesterol levels in blood",,0.0009765625,10,3257,13,0.005653782894736842
medical_conditions,Depression,auc,0.6624871463163831,0.12548683498388002,True,1.0,long_seq,activity_self_selected_gait_speed,Age_Gender_BMI_height_VAT,0.537000311332503,male,categorical,"Major depressive disorder diagnosis - a mental health condition characterized by persistent depressed mood, loss of interest, and neurobiological changes",,0.0009765625,10,3257,101,0.005242598684210526
medical_conditions,Anal Fissure,auc,0.5357047428189713,0.12242889306175908,True,1.0,long_seq,activity_self_selected_gait_speed,Age_Gender_BMI_height_VAT,0.4132758497572122,male,categorical,Anal fissure diagnosis - a small tear in the tissue lining the anus causing pain and bleeding,,0.0009765625,10,3257,189,0.005242598684210526
medical_conditions,Goiter,auc,0.6086743886743886,0.094764480050745,True,1.0,long_seq,activity_self_selected_gait_speed,Age_Gender_BMI_height_VAT,0.5139099086236436,female,categorical,Enlargement of the thyroid gland,,0.0009765625,10,3257,10,0.005653782894736842
medical_conditions,Diabetes,auc,0.5575347930148038,0.08903025506100842,True,1.0,long_seq,activity_self_selected_gait_speed,Age_Gender_BMI_height_VAT,0.4685045379537954,male,categorical,"Presence or absence of diabetes mellitus, a metabolic disorder affecting blood glucose regulation",,0.0009765625,10,3257,51,0.005242598684210526
medical_conditions,Heart valve disease,auc,0.5595891554862773,0.08551403962461479,True,1.0,long_seq,activity_self_selected_gait_speed,Age_Gender_BMI_height_VAT,0.4740751158616625,male,categorical,"Binary diagnosis flag for heart valve disease, a cardiac condition affecting heart valve function",,0.001953125,10,3257,43,0.0099609375
medical_conditions,Psoriasis,auc,0.5448484588918869,0.08129481539839734,True,1.0,long_seq,activity_self_selected_gait_speed,Age_Gender_BMI_height_VAT,0.4635536434934896,female,categorical,"Binary diagnosis flag for Psoriasis, an autoimmune skin condition",,0.0009765625,10,3257,82,0.005653782894736842
medical_conditions,Thalassemia,auc,0.3620177103099304,0.07757800263636161,True,1.0,long_seq,activity_self_selected_gait_speed,Age_Gender_BMI_height_VAT,0.2844397076735688,male,categorical,Binary indicator of thalassemia diagnosis (hereditary blood disorder characterized by deficient beta-globin chain synthesis causing anemia). Represents presence/absence of this genetic hematologic condition.,,0.0029296875,10,3257,12,0.014229910714285716
medical_conditions,Fibromyalgia,auc,0.5066392231370065,0.07404775972237243,True,0.0,long_seq,activity_self_selected_gait_speed,Age_Gender_BMI_height_VAT,0.43259146341463406,male,categorical,"Presence or absence of fibromyalgia, a chronic pain syndrome characterized by widespread musculoskeletal pain, fatigue, and sleep disturbances",,0.0185546875,10,3257,34,0.06759207589285714
medical_conditions,Glaucoma,auc,0.73002990800039,0.07216657354131095,True,1.0,long_seq,activity_self_selected_gait_speed,Age_Gender_BMI_height_VAT,0.6578633344590791,all,categorical,Glaucoma diagnosis - an eye disease involving optic nerve damage typically associated with elevated intraocular pressure,,0.0009765625,10,3257,19,0.0109375
medical_conditions,Diabetes,auc,0.5738457300275482,0.07142776802409412,True,1.0,long_seq,activity_self_selected_gait_speed,Age_Gender_BMI_height_VAT,0.5024179620034541,female,categorical,"Presence or absence of diabetes mellitus, a metabolic disorder affecting blood glucose regulation",,0.0009765625,10,3257,51,0.005653782894736842
medical_conditions,Vitiligo,auc,0.4942699158348013,0.07016138505143893,True,1.0,long_seq,activity_self_selected_gait_speed,Age_Gender_BMI_height_VAT,0.42410853078336236,male,categorical,"Binary indicator of vitiligo diagnosis status, a chronic autoimmune skin condition characterized by loss of skin pigmentation due to melanocyte destruction",,0.0068359375,10,3257,17,0.031693892045454544
medical_conditions,Lactose Intolerance,auc,0.6353666050523721,0.06970795609967473,True,1.0,long_seq,activity_self_selected_gait_speed,Age_Gender_BMI_height_VAT,0.5656586489526974,all,categorical,Inability to digest lactose sugar due to insufficient lactase enzyme,,0.0009765625,10,3257,11,0.0109375
medical_conditions,Headache,auc,0.5730413105413106,0.06925224199301283,True,1.0,long_seq,activity_self_selected_gait_speed,Age_Gender_BMI_height_VAT,0.5037890685482977,female,categorical,"Headache diagnosis - pain in the head or upper neck region, which may indicate primary headache disorders or secondary conditions",,0.0009765625,10,3257,75,0.005653782894736842
medical_conditions,Perimenopausal Disorders,auc,0.6103480185073427,0.06716815620097438,True,1.0,long_seq,activity_self_selected_gait_speed,Age_Gender_BMI_height_VAT,0.5431798623063683,female,categorical,"Presence or absence of disorders related to the perimenopausal period (transition to menopause), including hormonal fluctuations and associated symptoms",,0.0009765625,10,3257,15,0.005653782894736842
medical_conditions,Tinnitus,auc,0.591517719568567,0.05452343437263085,True,1.0,long_seq,activity_self_selected_gait_speed,Age_Gender_BMI_height_VAT,0.5369942851959362,all,categorical,"Binary indicator of tinnitus, an auditory condition characterized by perception of ringing or noise in the ears",,0.0048828125,10,3257,12,0.036458333333333336
medical_conditions,Diabetes,auc,0.5715851406064608,0.05404287076774006,True,1.0,long_seq,activity_self_selected_gait_speed,Age_Gender_BMI_height_VAT,0.5175422698387208,all,categorical,"Presence or absence of diabetes mellitus, a metabolic disorder affecting blood glucose regulation",,0.0009765625,10,3257,51,0.0109375
medical_conditions,Meniscus Tears,auc,0.5447447447447449,0.053546857822985905,True,1.0,long_seq,activity_self_selected_gait_speed,Age_Gender_BMI_height_VAT,0.491197886921759,female,categorical,Tear or rupture of the meniscus cartilage in the knee joint,,0.0029296875,10,3257,17,0.01401154891304348
medical_conditions,Anal Fissure,auc,0.4934234942709518,0.052660191442809035,True,1.0,long_seq,activity_self_selected_gait_speed,Age_Gender_BMI_height_VAT,0.44076330282814274,all,categorical,Anal fissure diagnosis - a small tear in the tissue lining the anus causing pain and bleeding,,0.0009765625,10,3257,189,0.0109375
medical_conditions,Insomnia,auc,0.5222201924247959,0.05177362273367103,True,1.0,long_seq,activity_self_selected_gait_speed,Age_Gender_BMI_height_VAT,0.47044656969112486,male,categorical,Insomnia diagnosis - sleep disorder characterized by persistent difficulty falling or staying asleep,,0.0009765625,10,3257,41,0.005242598684210526
medical_conditions,Celiac,auc,0.5803130929791271,0.050303957778152775,True,0.0,long_seq,activity_self_selected_gait_speed,Age_Gender_BMI_height_VAT,0.5300091352009744,male,categorical,"Binary indicator of celiac disease, an autoimmune condition triggered by gluten consumption causing intestinal damage",,0.0185546875,10,3257,11,0.06759207589285714
medical_conditions,Breast Cancer,auc,0.4725611192237034,0.04992419029329653,True,1.0,long_seq,activity_self_selected_gait_speed,Age_Gender_BMI_height_VAT,0.4226369289304069,female,categorical,"Binary indicator of breast cancer diagnosis, a malignant neoplasm assessed using biomarkers for diagnosis and treatment planning",,0.0029296875,10,3257,39,0.01401154891304348
medical_conditions,Goiter,auc,0.5983708038189096,0.046694048046691305,True,1.0,long_seq,activity_self_selected_gait_speed,Age_Gender_BMI_height_VAT,0.5516767557722183,all,categorical,Enlargement of the thyroid gland,,0.0009765625,10,3257,10,0.0109375
medical_conditions,Heart valve disease,auc,0.5318663984602249,0.04371946211281258,True,0.0,long_seq,activity_self_selected_gait_speed,Age_Gender_BMI_height_VAT,0.4881469363474123,all,categorical,"Binary diagnosis flag for heart valve disease, a cardiac condition affecting heart valve function",,0.009765625,10,3257,43,0.068359375
medical_conditions,Iron Defficiency,auc,0.5569544364508393,0.0424815019779049,True,0.0,long_seq,activity_self_selected_gait_speed,Age_Gender_BMI_height_VAT,0.5144729344729344,female,categorical,"Deficiency of iron, causing reduced hemoglobin and oxygen-carrying capacity",,0.052734375,10,3257,10,0.19335937500000003
medical_conditions,G6PD,auc,0.4690360959870941,0.04030608368697114,True,1.0,long_seq,activity_self_selected_gait_speed,Age_Gender_BMI_height_VAT,0.428730012300123,male,categorical,"Presence or absence of glucose-6-phosphate dehydrogenase (G6PD) deficiency, an inherited enzyme deficiency affecting red blood cell metabolism",,0.0009765625,10,3257,34,0.005242598684210526
medical_conditions,IBS,auc,0.6460829493087558,0.0376395745017446,True,1.0,long_seq,activity_self_selected_gait_speed,Age_Gender_BMI_height_VAT,0.6084433748070112,female,categorical,"Binary diagnosis flag for Irritable Bowel Syndrome, a gastrointestinal disorder",,0.0009765625,10,3257,98,0.005653782894736842
medical_conditions,Peptic Ulcer Disease,auc,0.5230617487842921,0.037279222607677354,True,0.0,long_seq,activity_self_selected_gait_speed,Age_Gender_BMI_height_VAT,0.48578252617661477,male,categorical,"Binary diagnosis flag for Peptic Ulcer Disease, erosion of GI tract lining",,0.0419921875,10,3257,54,0.14769665948275862
medical_conditions,Peptic Ulcer Disease,auc,0.5594705112627348,0.035624579352752095,True,1.0,long_seq,activity_self_selected_gait_speed,Age_Gender_BMI_height_VAT,0.5238459319099827,female,categorical,"Binary diagnosis flag for Peptic Ulcer Disease, erosion of GI tract lining",,0.001953125,10,3257,54,0.0107421875
medical_conditions,Peptic Ulcer Disease,auc,0.542893814826378,0.035576311434247665,True,1.0,long_seq,activity_self_selected_gait_speed,Age_Gender_BMI_height_VAT,0.5073175033921303,all,categorical,"Binary diagnosis flag for Peptic Ulcer Disease, erosion of GI tract lining",,0.0048828125,10,3257,54,0.036458333333333336
medical_conditions,Depression,auc,0.6108625406266863,0.03409845093796815,True,1.0,long_seq,activity_self_selected_gait_speed,Age_Gender_BMI_height_VAT,0.5767640896887182,all,categorical,"Major depressive disorder diagnosis - a mental health condition characterized by persistent depressed mood, loss of interest, and neurobiological changes",,0.0009765625,10,3257,101,0.0109375
medical_conditions,Hashimoto,auc,0.4098298326146428,0.03171942641145309,True,0.0,long_seq,activity_self_selected_gait_speed,Age_Gender_BMI_height_VAT,0.3781104062031897,female,categorical,"Binary diagnosis flag for Hashimoto's thyroiditis, an autoimmune thyroid disease",,0.052734375,10,3257,20,0.19335937500000003
medical_conditions,Breast fibrocystic change,auc,0.5688194406436429,0.027171843389638406,True,0.0,long_seq,activity_self_selected_gait_speed,Age_Gender_BMI_height_VAT,0.5416475972540045,female,categorical,Benign breast condition characterized by cysts and fibrosis in breast tissue,,0.052734375,10,3257,11,0.19335937500000003
medical_conditions,Anemia,auc,0.49662548293625247,0.02666924068098603,True,0.0,long_seq,activity_self_selected_gait_speed,Age_Gender_BMI_height_VAT,0.46995624225526644,male,categorical,"Presence or absence of anemia, a condition characterized by insufficient red blood cells or hemoglobin to carry adequate oxygen",,0.013671875,10,3257,165,0.05363581730769231
medical_conditions,Psoriasis,auc,0.5368019973113117,0.02613621223717566,True,1.0,long_seq,activity_self_selected_gait_speed,Age_Gender_BMI_height_VAT,0.5106657850741361,all,categorical,"Binary diagnosis flag for Psoriasis, an autoimmune skin condition",,0.001953125,10,3257,82,0.018229166666666668
medical_conditions,Urinary Tract Stones,auc,0.5017025057757241,0.020920447121325014,True,0.0,long_seq,activity_self_selected_gait_speed,Age_Gender_BMI_height_VAT,0.48078205865439905,female,categorical,"Presence or absence of urolithiasis (kidney or urinary tract stones), mineral deposits that form in the urinary system",,0.1162109375,10,3257,74,0.3759765625
medical_conditions,Anal Fissure,auc,0.4559843953841597,0.018130407780146407,True,0.0,long_seq,activity_self_selected_gait_speed,Age_Gender_BMI_height_VAT,0.4378539876040133,female,categorical,Anal fissure diagnosis - a small tear in the tissue lining the anus causing pain and bleeding,,0.0185546875,10,3257,189,0.08504231770833334
medical_conditions,Ischemic Heart Disease,auc,0.7405799278846155,0.017900030683016377,True,0.0,long_seq,activity_self_selected_gait_speed,Age_Gender_BMI_height_VAT,0.7226798972015991,female,categorical,"Binary diagnosis flag for Ischemic Heart Disease, reduced blood flow to the heart",,0.052734375,10,3257,50,0.19335937500000003
medical_conditions,Glaucoma,auc,0.6431341385886841,0.014317425601732214,True,0.0,long_seq,activity_self_selected_gait_speed,Age_Gender_BMI_height_VAT,0.6288167129869519,male,categorical,Glaucoma diagnosis - an eye disease involving optic nerve damage typically associated with elevated intraocular pressure,,0.2158203125,10,3257,19,0.7101184475806452
medical_conditions,Depression,auc,0.5703526347425365,0.01344887087152391,True,0.0,long_seq,activity_self_selected_gait_speed,Age_Gender_BMI_height_VAT,0.5569037638710126,female,categorical,"Major depressive disorder diagnosis - a mental health condition characterized by persistent depressed mood, loss of interest, and neurobiological changes",,0.0419921875,10,3257,101,0.17765925480769232
medical_conditions,IBS,auc,0.6312266217028121,0.01140843988463025,True,1.0,long_seq,activity_self_selected_gait_speed,Age_Gender_BMI_height_VAT,0.6198181818181818,all,categorical,"Binary diagnosis flag for Irritable Bowel Syndrome, a gastrointestinal disorder",,0.0029296875,10,3257,98,0.025240384615384616
medical_conditions,Retinal detachment,auc,0.5791742149758454,0.008937912623579125,True,0.0,long_seq,activity_self_selected_gait_speed,Age_Gender_BMI_height_VAT,0.5702363023522663,female,categorical,"Presence or absence of retinal detachment, an ophthalmologic emergency where the retina separates from the back of the eye",,0.1162109375,10,3257,28,0.3759765625
medical_conditions,Urinary tract infection,auc,0.49436319786535304,0.007473794832412228,True,0.0,long_seq,activity_self_selected_gait_speed,Age_Gender_BMI_height_VAT,0.4868894030329408,female,categorical,"Presence or absence of urinary tract infection (UTI), a bacterial infection affecting the urinary system",,0.1162109375,10,3257,282,0.3759765625
medical_conditions,Heart valve disease,auc,0.49314467312348664,0.0057007398284895094,True,0.0,long_seq,activity_self_selected_gait_speed,Age_Gender_BMI_height_VAT,0.48744393329499713,female,categorical,"Binary diagnosis flag for heart valve disease, a cardiac condition affecting heart valve function",,0.34765625,10,3257,43,1.0
medical_conditions,Urinary tract infection,auc,0.758284641516181,0.00402285948378045,True,0.0,long_seq,activity_self_selected_gait_speed,Age_Gender_BMI_height_VAT,0.7542617820324006,all,categorical,"Presence or absence of urinary tract infection (UTI), a bacterial infection affecting the urinary system",,0.080078125,10,3257,282,0.4720394736842105
medical_conditions,Insomnia,auc,0.465820288799903,0.0019903563205067587,True,0.0,long_seq,activity_self_selected_gait_speed,Age_Gender_BMI_height_VAT,0.46382993247939625,all,categorical,Insomnia diagnosis - sleep disorder characterized by persistent difficulty falling or staying asleep,,0.1875,10,3257,41,0.9130434782608696
medical_conditions,Fractures,auc,0.5530668710624218,-0.0034352370084782535,False,0.0,long_seq,activity_self_selected_gait_speed,Age_Gender_BMI_height_VAT,0.5565021080709001,male,categorical,Fracture diagnosis - break or crack in bone structure,,0.7841796875,10,3257,288,1.0
medical_conditions,Atopic Dermatitis,auc,0.4850805139882889,-0.00556107466145539,False,0.0,long_seq,activity_self_selected_gait_speed,Age_Gender_BMI_height_VAT,0.4906415886497443,male,categorical,"Presence or absence of atopic dermatitis (eczema), a chronic inflammatory skin condition characterized by itching and skin barrier dysfunction",,0.75390625,10,3257,111,1.0
medical_conditions,Atrial Fibrillation,auc,0.7857943177270909,-0.0061740449604499315,False,0.0,long_seq,activity_self_selected_gait_speed,Age_Gender_BMI_height_VAT,0.7919683626875408,female,categorical,"Binary indicator of atrial fibrillation, a cardiac arrhythmia characterized by irregular heartbeat and associated coagulation/inflammation biomarkers",,0.615234375,10,3257,13,1.0
medical_conditions,Anxiety,auc,0.471212612825202,-0.0062814287137833436,False,0.0,long_seq,activity_self_selected_gait_speed,Age_Gender_BMI_height_VAT,0.47749404153898534,male,categorical,"Anxiety disorder diagnosis - a mental health condition characterized by persistent worry, fear, or panic",,0.8125,10,3257,117,1.0
medical_conditions,Asthma,auc,0.5191954534422781,-0.007405495809273521,False,0.0,long_seq,activity_self_selected_gait_speed,Age_Gender_BMI_height_VAT,0.5266009492515517,female,categorical,"Asthma diagnosis - a chronic inflammatory airway disease characterized by reversible airflow obstruction, bronchial hyperresponsiveness, and inflammation",,0.9033203125,10,3257,182,1.0
medical_conditions,Iron Defficiency,auc,0.445802279026794,-0.0077558947581839455,False,0.0,long_seq,activity_self_selected_gait_speed,Age_Gender_BMI_height_VAT,0.4535581737849779,all,categorical,"Deficiency of iron, causing reduced hemoglobin and oxygen-carrying capacity",,0.615234375,10,3257,10,1.0
medical_conditions,Perimenopausal Disorders,auc,0.7572753444375899,-0.007777030894366432,False,0.0,long_seq,activity_self_selected_gait_speed,Age_Gender_BMI_height_VAT,0.7650523753319564,all,categorical,"Presence or absence of disorders related to the perimenopausal period (transition to menopause), including hormonal fluctuations and associated symptoms",,0.8837890625,10,3257,15,1.0
medical_conditions,Headache,auc,0.570139115860046,-0.007978058378976138,False,0.0,long_seq,activity_self_selected_gait_speed,Age_Gender_BMI_height_VAT,0.5781171742390221,all,categorical,"Headache diagnosis - pain in the head or upper neck region, which may indicate primary headache disorders or secondary conditions",,0.8388671875,10,3257,75,1.0
medical_conditions,ADHD,auc,0.5738997876145764,-0.008929105751590227,False,0.0,long_seq,activity_self_selected_gait_speed,Age_Gender_BMI_height_VAT,0.5828288933661666,female,categorical,Attention-Deficit/Hyperactivity Disorder diagnosis flag - a neurodevelopmental condition characterized by persistent patterns of inattention and/or hyperactivity-impulsivity,,0.9931640625,10,3257,491,1.0
medical_conditions,Uveitis,auc,0.4788327687095781,-0.00931476437018841,False,0.0,long_seq,activity_self_selected_gait_speed,Age_Gender_BMI_height_VAT,0.4881475330797665,all,categorical,"Binary indicator of uveitis, an inflammatory condition affecting the uvea (middle layer of the eye) causing redness, pain, and vision problems",,0.7216796875,10,3257,10,1.0
medical_conditions,Back Pain,auc,0.5626357711803042,-0.01028442874611446,False,0.0,long_seq,activity_self_selected_gait_speed,Age_Gender_BMI_height_VAT,0.5729201999264186,female,categorical,"Back pain diagnosis - musculoskeletal pain in the lumbar, thoracic, or cervical spine regions",,0.9931640625,10,3257,575,1.0
medical_conditions,Iron Defficiency,auc,0.33115896136795436,-0.010721119932858625,False,0.0,long_seq,activity_self_selected_gait_speed,Age_Gender_BMI_height_VAT,0.341880081300813,male,categorical,"Deficiency of iron, causing reduced hemoglobin and oxygen-carrying capacity",,0.65234375,10,3257,10,1.0
medical_conditions,B12 Deficiency,auc,0.5235612163437114,-0.012033460206153923,False,0.0,long_seq,activity_self_selected_gait_speed,Age_Gender_BMI_height_VAT,0.5355946765498654,male,categorical,"Vitamin B12 deficiency diagnosis - insufficient levels of cobalamin affecting DNA synthesis, metabolism, and neurological function",,0.919921875,10,3257,158,1.0
medical_conditions,Migraine,auc,0.5311519539589715,-0.013508983957362108,False,0.0,long_seq,activity_self_selected_gait_speed,Age_Gender_BMI_height_VAT,0.5446609379163336,female,categorical,"Binary diagnosis flag for Migraine, a neurological headache disorder",,0.9931640625,10,3257,175,1.0
medical_conditions,Migraine,auc,0.4922152269851556,-0.014983161393008093,False,0.0,long_seq,activity_self_selected_gait_speed,Age_Gender_BMI_height_VAT,0.5071983883781637,male,categorical,"Binary diagnosis flag for Migraine, a neurological headache disorder",,0.8623046875,10,3257,175,1.0
medical_conditions,Hashimoto,auc,0.35531414086547164,-0.015547883016686415,False,0.0,long_seq,activity_self_selected_gait_speed,Age_Gender_BMI_height_VAT,0.37086202388215805,male,categorical,"Binary diagnosis flag for Hashimoto's thyroiditis, an autoimmune thyroid disease",,0.6875,10,3257,20,1.0
medical_conditions,Allergy,auc,0.5491780894867453,-0.015557909277709614,False,0.0,long_seq,activity_self_selected_gait_speed,Age_Gender_BMI_height_VAT,0.5647359987644549,female,categorical,Presence or absence of allergic conditions - abnormal immune response to environmental or substance triggers,,0.998046875,10,3257,653,1.0
medical_conditions,Asthma,auc,0.5060564638613418,-0.015690620821066203,False,0.0,long_seq,activity_self_selected_gait_speed,Age_Gender_BMI_height_VAT,0.521747084682408,all,categorical,"Asthma diagnosis - a chronic inflammatory airway disease characterized by reversible airflow obstruction, bronchial hyperresponsiveness, and inflammation",,0.990234375,10,3257,182,1.0
medical_conditions,Tinnitus,auc,0.41484700344015935,-0.016067221224065342,False,0.0,long_seq,activity_self_selected_gait_speed,Age_Gender_BMI_height_VAT,0.4309142246642247,male,categorical,"Binary indicator of tinnitus, an auditory condition characterized by perception of ringing or noise in the ears",,0.8388671875,10,3257,12,1.0
medical_conditions,Breast Cancer,auc,0.688375484056031,-0.01676430307311272,False,0.0,long_seq,activity_self_selected_gait_speed,Age_Gender_BMI_height_VAT,0.7051397871291437,all,categorical,"Binary indicator of breast cancer diagnosis, a malignant neoplasm assessed using biomarkers for diagnosis and treatment planning",,0.9755859375,10,3257,39,1.0
medical_conditions,Haemorrhoids,auc,0.5148124084675809,-0.017562745870385643,False,0.0,long_seq,activity_self_selected_gait_speed,Age_Gender_BMI_height_VAT,0.5323751543379666,male,categorical,Hemorrhoids (piles) diagnosis - swollen veins in the rectal or anal area causing discomfort and bleeding,,1.0,10,3257,620,1.0
medical_conditions,Back Pain,auc,0.5459789255260513,-0.018449656319158847,False,0.0,long_seq,activity_self_selected_gait_speed,Age_Gender_BMI_height_VAT,0.5644285818452102,all,categorical,"Back pain diagnosis - musculoskeletal pain in the lumbar, thoracic, or cervical spine regions",,1.0,10,3257,575,1.0
medical_conditions,ADHD,auc,0.5746279745469057,-0.0184629814203644,False,0.0,long_seq,activity_self_selected_gait_speed,Age_Gender_BMI_height_VAT,0.5930909559672701,all,categorical,Attention-Deficit/Hyperactivity Disorder diagnosis flag - a neurodevelopmental condition characterized by persistent patterns of inattention and/or hyperactivity-impulsivity,,1.0,10,3257,491,1.0
medical_conditions,Psoriasis,auc,0.528278103957276,-0.021650645597408702,False,0.0,long_seq,activity_self_selected_gait_speed,Age_Gender_BMI_height_VAT,0.5499287495546847,male,categorical,"Binary diagnosis flag for Psoriasis, an autoimmune skin condition",,0.990234375,10,3257,82,1.0
medical_conditions,Haemorrhoids,auc,0.5191134231225611,-0.023664870849842146,False,0.0,long_seq,activity_self_selected_gait_speed,Age_Gender_BMI_height_VAT,0.5427782939724033,all,categorical,Hemorrhoids (piles) diagnosis - swollen veins in the rectal or anal area causing discomfort and bleeding,,1.0,10,3257,620,1.0
medical_conditions,Sleep Apnea,auc,0.610493481210548,-0.02489644254198553,False,0.0,long_seq,activity_self_selected_gait_speed,Age_Gender_BMI_height_VAT,0.6353899237525336,male,categorical,"Binary diagnosis flag for Sleep Apnea, a sleep-related breathing disorder",,0.990234375,10,3257,63,1.0
medical_conditions,Anxiety,auc,0.6027457229261439,-0.02510514423168342,False,0.0,long_seq,activity_self_selected_gait_speed,Age_Gender_BMI_height_VAT,0.6278508671578273,female,categorical,"Anxiety disorder diagnosis - a mental health condition characterized by persistent worry, fear, or panic",,0.9990234375,10,3257,117,1.0
medical_conditions,Asthma,auc,0.49137441549766203,-0.02517299952661667,False,0.0,long_seq,activity_self_selected_gait_speed,Age_Gender_BMI_height_VAT,0.5165474150242787,male,categorical,"Asthma diagnosis - a chronic inflammatory airway disease characterized by reversible airflow obstruction, bronchial hyperresponsiveness, and inflammation",,0.990234375,10,3257,182,1.0
medical_conditions,IBD,auc,0.42968278410840777,-0.026354608081017417,False,0.0,long_seq,activity_self_selected_gait_speed,Age_Gender_BMI_height_VAT,0.4560373921894252,all,categorical,"Binary indicator of Inflammatory Bowel Disease, a chronic gastrointestinal condition (Crohn's disease or ulcerative colitis)",,0.919921875,10,3257,10,1.0
medical_conditions,Fractures,auc,0.528783073238277,-0.026660901505913936,False,0.0,long_seq,activity_self_selected_gait_speed,Age_Gender_BMI_height_VAT,0.5554439747441909,all,categorical,Fracture diagnosis - break or crack in bone structure,,1.0,10,3257,288,1.0
medical_conditions,Back Pain,auc,0.5270046876184085,-0.02758632869647748,False,0.0,long_seq,activity_self_selected_gait_speed,Age_Gender_BMI_height_VAT,0.5545910163148859,male,categorical,"Back pain diagnosis - musculoskeletal pain in the lumbar, thoracic, or cervical spine regions",,1.0,10,3257,575,1.0
medical_conditions,Lactose Intolerance,auc,0.5847438975590237,-0.028481050149666176,False,0.0,long_seq,activity_self_selected_gait_speed,Age_Gender_BMI_height_VAT,0.6132249477086898,female,categorical,Inability to digest lactose sugar due to insufficient lactase enzyme,,0.8837890625,10,3257,11,1.0
medical_conditions,ADHD,auc,0.5751953719994778,-0.02912416069164736,False,0.0,long_seq,activity_self_selected_gait_speed,Age_Gender_BMI_height_VAT,0.6043195326911251,male,categorical,Attention-Deficit/Hyperactivity Disorder diagnosis flag - a neurodevelopmental condition characterized by persistent patterns of inattention and/or hyperactivity-impulsivity,,1.0,10,3257,491,1.0
medical_conditions,Headache,auc,0.49996381450759897,-0.02929781892070127,False,0.0,long_seq,activity_self_selected_gait_speed,Age_Gender_BMI_height_VAT,0.5292616334283002,male,categorical,"Headache diagnosis - pain in the head or upper neck region, which may indicate primary headache disorders or secondary conditions",,0.986328125,10,3257,75,1.0
medical_conditions,Haemorrhoids,auc,0.5207724788872329,-0.02937382311807446,False,0.0,long_seq,activity_self_selected_gait_speed,Age_Gender_BMI_height_VAT,0.5501463020053073,female,categorical,Hemorrhoids (piles) diagnosis - swollen veins in the rectal or anal area causing discomfort and bleeding,,1.0,10,3257,620,1.0
medical_conditions,Fibromyalgia,auc,0.5253997219325687,-0.03032282142003251,False,0.0,long_seq,activity_self_selected_gait_speed,Age_Gender_BMI_height_VAT,0.5557225433526012,female,categorical,"Presence or absence of fibromyalgia, a chronic pain syndrome characterized by widespread musculoskeletal pain, fatigue, and sleep disturbances",,0.9931640625,10,3257,34,1.0
medical_conditions,IBS,auc,0.5875618678717452,-0.032165716188030546,False,0.0,long_seq,activity_self_selected_gait_speed,Age_Gender_BMI_height_VAT,0.6197275840597758,male,categorical,"Binary diagnosis flag for Irritable Bowel Syndrome, a gastrointestinal disorder",,1.0,10,3257,98,1.0
medical_conditions,Sinusitis,auc,0.4748890658778017,-0.03313169571660818,False,0.0,long_seq,activity_self_selected_gait_speed,Age_Gender_BMI_height_VAT,0.5080207615944099,male,categorical,"Presence or absence of sinusitis, inflammation of the tissues in the sinuses causing facial pain, nasal congestion, and other symptoms",,0.9990234375,10,3257,116,1.0
medical_conditions,Allergy,auc,0.5542996638461737,-0.03413395730871027,False,0.0,long_seq,activity_self_selected_gait_speed,Age_Gender_BMI_height_VAT,0.588433621154884,all,categorical,Presence or absence of allergic conditions - abnormal immune response to environmental or substance triggers,,1.0,10,3257,653,1.0
medical_conditions,Anxiety,auc,0.5638897054820622,-0.03671013073331464,False,0.0,long_seq,activity_self_selected_gait_speed,Age_Gender_BMI_height_VAT,0.6005998362153768,all,categorical,"Anxiety disorder diagnosis - a mental health condition characterized by persistent worry, fear, or panic",,1.0,10,3257,117,1.0
medical_conditions,Gallstone Disease,auc,0.5818013706080715,-0.03814176401591418,False,0.0,long_seq,activity_self_selected_gait_speed,Age_Gender_BMI_height_VAT,0.6199431346239856,female,categorical,"Presence or absence of cholelithiasis (gallstone disease), characterized by formation of stones in the gallbladder",,1.0,10,3257,118,1.0
medical_conditions,Gout,auc,0.46167664670658687,-0.03820952290069829,False,0.0,long_seq,activity_self_selected_gait_speed,Age_Gender_BMI_height_VAT,0.49988616960728516,female,categorical,"Presence or absence of gout, an inflammatory arthritis caused by uric acid crystal deposition, characterized by acute painful attacks in joints",,0.9033203125,10,3257,24,1.0
medical_conditions,Atopic Dermatitis,auc,0.4745433927252109,-0.03824942747558008,False,0.0,long_seq,activity_self_selected_gait_speed,Age_Gender_BMI_height_VAT,0.512792820200791,all,categorical,"Presence or absence of atopic dermatitis (eczema), a chronic inflammatory skin condition characterized by itching and skin barrier dysfunction",,1.0,10,3257,111,1.0
medical_conditions,Vitiligo,auc,0.5251978939724037,-0.03959740431219938,False,0.0,long_seq,activity_self_selected_gait_speed,Age_Gender_BMI_height_VAT,0.5647952982846031,all,categorical,"Binary indicator of vitiligo diagnosis status, a chronic autoimmune skin condition characterized by loss of skin pigmentation due to melanocyte destruction",,0.9970703125,10,3257,17,1.0
medical_conditions,Fractures,auc,0.4978623754616659,-0.03987465276832003,False,0.0,long_seq,activity_self_selected_gait_speed,Age_Gender_BMI_height_VAT,0.5377370282299859,female,categorical,Fracture diagnosis - break or crack in bone structure,,0.9990234375,10,3257,288,1.0
medical_conditions,Gout,auc,0.6265573198394694,-0.04078382760038257,False,0.0,long_seq,activity_self_selected_gait_speed,Age_Gender_BMI_height_VAT,0.667341147439852,male,categorical,"Presence or absence of gout, an inflammatory arthritis caused by uric acid crystal deposition, characterized by acute painful attacks in joints",,0.986328125,10,3257,24,1.0
medical_conditions,Anal abscess,auc,0.4166280566280566,-0.04185204774245882,False,0.0,long_seq,activity_self_selected_gait_speed,Age_Gender_BMI_height_VAT,0.4584801043705154,female,categorical,Anal abscess diagnosis - a localized collection of pus near the anus caused by bacterial infection,,0.990234375,10,3257,15,1.0
medical_conditions,Oral apthae,auc,0.4610138259396602,-0.042140480515117096,False,0.0,long_seq,activity_self_selected_gait_speed,Age_Gender_BMI_height_VAT,0.5031543064547773,female,categorical,Presence or absence of aphthous ulcers (canker sores) in the oral cavity; painful ulcerations of the mouth that are non-infectious and non-cancerous,,0.9990234375,10,3257,101,1.0
medical_conditions,Oral apthae,auc,0.47969167639197385,-0.04299275622582255,False,0.0,long_seq,activity_self_selected_gait_speed,Age_Gender_BMI_height_VAT,0.5226844326177964,all,categorical,Presence or absence of aphthous ulcers (canker sores) in the oral cavity; painful ulcerations of the mouth that are non-infectious and non-cancerous,,1.0,10,3257,101,1.0
medical_conditions,Hashimoto,auc,0.4066048810627124,-0.046218604904791294,False,0.0,long_seq,activity_self_selected_gait_speed,Age_Gender_BMI_height_VAT,0.4528234859675037,all,categorical,"Binary diagnosis flag for Hashimoto's thyroiditis, an autoimmune thyroid disease",,0.9990234375,10,3257,20,1.0
medical_conditions,Oral apthae,auc,0.5019782530503832,-0.04657643494879893,False,0.0,long_seq,activity_self_selected_gait_speed,Age_Gender_BMI_height_VAT,0.5485546879991822,male,categorical,Presence or absence of aphthous ulcers (canker sores) in the oral cavity; painful ulcerations of the mouth that are non-infectious and non-cancerous,,1.0,10,3257,101,1.0
medical_conditions,Insomnia,auc,0.408317191283293,-0.048296418866649204,False,0.0,long_seq,activity_self_selected_gait_speed,Age_Gender_BMI_height_VAT,0.45661361014994223,female,categorical,Insomnia diagnosis - sleep disorder characterized by persistent difficulty falling or staying asleep,,0.998046875,10,3257,41,1.0
medical_conditions,Polycystic Ovary Disease,auc,0.7644143619167151,-0.049598250695897406,False,0.0,long_seq,activity_self_selected_gait_speed,Age_Gender_BMI_height_VAT,0.8140126126126125,all,categorical,"Binary diagnosis flag for Polycystic Ovary Disease (PCOS), a hormonal endocrine disorder",,1.0,10,3257,70,1.0
medical_conditions,Ischemic Heart Disease,auc,0.7035060804490177,-0.05102238452862751,False,0.0,long_seq,activity_self_selected_gait_speed,Age_Gender_BMI_height_VAT,0.7545284649776453,all,categorical,"Binary diagnosis flag for Ischemic Heart Disease, reduced blood flow to the heart",,1.0,10,3257,50,1.0
medical_conditions,Atopic Dermatitis,auc,0.45974034942338227,-0.05185015693971706,False,0.0,long_seq,activity_self_selected_gait_speed,Age_Gender_BMI_height_VAT,0.5115905063630993,female,categorical,"Presence or absence of atopic dermatitis (eczema), a chronic inflammatory skin condition characterized by itching and skin barrier dysfunction",,1.0,10,3257,111,1.0
medical_conditions,Allergy,auc,0.556484180068354,-0.05228081846837418,False,0.0,long_seq,activity_self_selected_gait_speed,Age_Gender_BMI_height_VAT,0.6087649985367282,male,categorical,Presence or absence of allergic conditions - abnormal immune response to environmental or substance triggers,,1.0,10,3257,653,1.0
medical_conditions,B12 Deficiency,auc,0.5151448439952905,-0.05233027415872671,False,0.0,long_seq,activity_self_selected_gait_speed,Age_Gender_BMI_height_VAT,0.5674751181540172,female,categorical,"Vitamin B12 deficiency diagnosis - insufficient levels of cobalamin affecting DNA synthesis, metabolism, and neurological function",,1.0,10,3257,158,1.0
medical_conditions,Hyperlipidemia,auc,0.6743608214058275,-0.0528007506465743,False,0.0,long_seq,activity_self_selected_gait_speed,Age_Gender_BMI_height_VAT,0.7271615720524018,female,categorical,"Binary diagnosis flag for hyperlipidemia, excess fats in the bloodstream",,1.0,10,3257,742,1.0
medical_conditions,Osteoarthritis,auc,0.6770438111022326,-0.05292734376174535,False,0.0,long_seq,activity_self_selected_gait_speed,Age_Gender_BMI_height_VAT,0.7299711548639779,female,categorical,"Binary diagnosis flag for Osteoarthritis, degenerative joint disease from cartilage wear",,1.0,10,3257,88,1.0
medical_conditions,Hypertension,auc,0.6998153106652041,-0.053113567908409154,False,0.0,long_seq,activity_self_selected_gait_speed,Age_Gender_BMI_height_VAT,0.7529288785736132,male,categorical,Binary diagnosis flag for hypertension (high blood pressure),,1.0,10,3257,321,1.0
medical_conditions,Sinusitis,auc,0.5137168277343152,-0.05325314125540248,False,0.0,long_seq,activity_self_selected_gait_speed,Age_Gender_BMI_height_VAT,0.5669699689897176,female,categorical,"Presence or absence of sinusitis, inflammation of the tissues in the sinuses causing facial pain, nasal congestion, and other symptoms",,1.0,10,3257,116,1.0
medical_conditions,Hyperlipidemia,auc,0.6438269573931077,-0.054782078015927715,False,0.0,long_seq,activity_self_selected_gait_speed,Age_Gender_BMI_height_VAT,0.6986090354090354,all,categorical,"Binary diagnosis flag for hyperlipidemia, excess fats in the bloodstream",,1.0,10,3257,742,1.0
medical_conditions,Obesity,auc,0.8293265482707515,-0.05753765661310806,False,0.0,long_seq,activity_self_selected_gait_speed,Age_Gender_BMI_height_VAT,0.8868642048838595,female,categorical,"Binary diagnosis flag for Obesity, excessive body fat accumulation",,1.0,10,3257,102,1.0
medical_conditions,Hyperlipidemia,auc,0.6096520110192838,-0.0580580740771961,False,0.0,long_seq,activity_self_selected_gait_speed,Age_Gender_BMI_height_VAT,0.6677100850964799,male,categorical,"Binary diagnosis flag for hyperlipidemia, excess fats in the bloodstream",,1.0,10,3257,742,1.0
medical_conditions,Migraine,auc,0.5866391026235284,-0.059602497984314606,False,0.0,long_seq,activity_self_selected_gait_speed,Age_Gender_BMI_height_VAT,0.646241600607843,all,categorical,"Binary diagnosis flag for Migraine, a neurological headache disorder",,1.0,10,3257,175,1.0
medical_conditions,Breast fibrocystic change,auc,0.7037696745644989,-0.06014793404963292,False,0.0,long_seq,activity_self_selected_gait_speed,Age_Gender_BMI_height_VAT,0.7639176086141318,all,categorical,Benign breast condition characterized by cysts and fibrosis in breast tissue,,1.0,10,3257,11,1.0
medical_conditions,Obesity,auc,0.8379972654672011,-0.0605425034531486,False,0.0,long_seq,activity_self_selected_gait_speed,Age_Gender_BMI_height_VAT,0.8985397689203497,all,categorical,"Binary diagnosis flag for Obesity, excessive body fat accumulation",,1.0,10,3257,102,1.0
medical_conditions,B12 Deficiency,auc,0.5378351938763423,-0.06169875674094172,False,0.0,long_seq,activity_self_selected_gait_speed,Age_Gender_BMI_height_VAT,0.599533950617284,all,categorical,"Vitamin B12 deficiency diagnosis - insufficient levels of cobalamin affecting DNA synthesis, metabolism, and neurological function",,1.0,10,3257,158,1.0
medical_conditions,Osteoarthritis,auc,0.6664709974468573,-0.0624186804161011,False,0.0,long_seq,activity_self_selected_gait_speed,Age_Gender_BMI_height_VAT,0.7288896778629584,all,categorical,"Binary diagnosis flag for Osteoarthritis, degenerative joint disease from cartilage wear",,1.0,10,3257,88,1.0
medical_conditions,Celiac,auc,0.5559597826695793,-0.06300148587919652,False,0.0,long_seq,activity_self_selected_gait_speed,Age_Gender_BMI_height_VAT,0.6189612685487759,all,categorical,"Binary indicator of celiac disease, an autoimmune condition triggered by gluten consumption causing intestinal damage",,0.9990234375,10,3257,11,1.0
medical_conditions,Prediabetes,auc,0.6087929465301479,-0.06696970295433469,False,0.0,long_seq,activity_self_selected_gait_speed,Age_Gender_BMI_height_VAT,0.6757626494844826,male,categorical,"Binary diagnosis flag for Prediabetes, elevated blood glucose preceding type 2 diabetes",,1.0,10,3257,263,1.0
medical_conditions,Hypertension,auc,0.7083120060777374,-0.06740196404912879,False,0.0,long_seq,activity_self_selected_gait_speed,Age_Gender_BMI_height_VAT,0.7757139701268662,all,categorical,Binary diagnosis flag for hypertension (high blood pressure),,1.0,10,3257,321,1.0
medical_conditions,Obesity,auc,0.8284793014803652,-0.07285301067957606,False,0.0,long_seq,activity_self_selected_gait_speed,Age_Gender_BMI_height_VAT,0.9013323121599413,male,categorical,"Binary diagnosis flag for Obesity, excessive body fat accumulation",,1.0,10,3257,102,1.0
medical_conditions,Ischemic Heart Disease,auc,0.5536709563929265,-0.07488191737503458,False,0.0,long_seq,activity_self_selected_gait_speed,Age_Gender_BMI_height_VAT,0.6285528737679611,male,categorical,"Binary diagnosis flag for Ischemic Heart Disease, reduced blood flow to the heart",,1.0,10,3257,50,1.0
medical_conditions,Gout,auc,0.718592122899268,-0.07697286186050656,False,0.0,long_seq,activity_self_selected_gait_speed,Age_Gender_BMI_height_VAT,0.7955649847597746,all,categorical,"Presence or absence of gout, an inflammatory arthritis caused by uric acid crystal deposition, characterized by acute painful attacks in joints",,1.0,10,3257,24,1.0
medical_conditions,Prediabetes,auc,0.6390188488510609,-0.07704564727016239,False,0.0,long_seq,activity_self_selected_gait_speed,Age_Gender_BMI_height_VAT,0.7160644961212232,all,categorical,"Binary diagnosis flag for Prediabetes, elevated blood glucose preceding type 2 diabetes",,1.0,10,3257,263,1.0
medical_conditions,Endometriosis and Adenomyosis,auc,0.7740156797446838,-0.07731103589361299,False,0.0,long_seq,activity_self_selected_gait_speed,Age_Gender_BMI_height_VAT,0.8513267156382968,all,categorical,"Presence or absence of endometriosis and/or adenomyosis, gynecologic conditions involving abnormal uterine tissue growth causing pain and infertility",,1.0,10,3257,54,1.0
medical_conditions,Gallstone Disease,auc,0.5922376229070038,-0.0778719952651048,False,0.0,long_seq,activity_self_selected_gait_speed,Age_Gender_BMI_height_VAT,0.6701096181721086,all,categorical,"Presence or absence of cholelithiasis (gallstone disease), characterized by formation of stones in the gallbladder",,1.0,10,3257,118,1.0
medical_conditions,Osteoarthritis,auc,0.5626769230769231,-0.07904293142860153,False,0.0,long_seq,activity_self_selected_gait_speed,Age_Gender_BMI_height_VAT,0.6417198545055246,male,categorical,"Binary diagnosis flag for Osteoarthritis, degenerative joint disease from cartilage wear",,1.0,10,3257,88,1.0
medical_conditions,Urinary Tract Stones,auc,0.49802401947276564,-0.0833505054898831,False,0.0,long_seq,activity_self_selected_gait_speed,Age_Gender_BMI_height_VAT,0.5813745249626487,male,categorical,"Presence or absence of urolithiasis (kidney or urinary tract stones), mineral deposits that form in the urinary system",,1.0,10,3257,74,1.0
medical_conditions,Anemia,auc,0.6019240268140656,-0.0838353412108872,False,0.0,long_seq,activity_self_selected_gait_speed,Age_Gender_BMI_height_VAT,0.6857593680249529,all,categorical,"Presence or absence of anemia, a condition characterized by insufficient red blood cells or hemoglobin to carry adequate oxygen",,1.0,10,3257,165,1.0
medical_conditions,Hypertension,auc,0.7106659440417316,-0.08565895526793077,False,0.0,long_seq,activity_self_selected_gait_speed,Age_Gender_BMI_height_VAT,0.7963248993096623,female,categorical,Binary diagnosis flag for hypertension (high blood pressure),,1.0,10,3257,321,1.0
medical_conditions,Polycystic Ovary Disease,auc,0.546509719992866,-0.08571237026841672,False,0.0,long_seq,activity_self_selected_gait_speed,Age_Gender_BMI_height_VAT,0.6322220902612827,female,categorical,"Binary diagnosis flag for Polycystic Ovary Disease (PCOS), a hormonal endocrine disorder",,1.0,10,3257,70,1.0
medical_conditions,Sinusitis,auc,0.5377927082304119,-0.08606899908666132,False,0.0,long_seq,activity_self_selected_gait_speed,Age_Gender_BMI_height_VAT,0.6238617073170732,all,categorical,"Presence or absence of sinusitis, inflammation of the tissues in the sinuses causing facial pain, nasal congestion, and other symptoms",,1.0,10,3257,116,1.0
medical_conditions,Anemia,auc,0.48897145397607067,-0.08859059180323836,False,0.0,long_seq,activity_self_selected_gait_speed,Age_Gender_BMI_height_VAT,0.577562045779309,female,categorical,"Presence or absence of anemia, a condition characterized by insufficient red blood cells or hemoglobin to carry adequate oxygen",,1.0,10,3257,165,1.0
medical_conditions,Prediabetes,auc,0.6630404258919629,-0.08929693834496466,False,0.0,long_seq,activity_self_selected_gait_speed,Age_Gender_BMI_height_VAT,0.7523373642369275,female,categorical,"Binary diagnosis flag for Prediabetes, elevated blood glucose preceding type 2 diabetes",,1.0,10,3257,263,1.0
medical_conditions,Retinal detachment,auc,0.5675452373578729,-0.08943422454829908,False,0.0,long_seq,activity_self_selected_gait_speed,Age_Gender_BMI_height_VAT,0.656979461906172,all,categorical,"Presence or absence of retinal detachment, an ophthalmologic emergency where the retina separates from the back of the eye",,1.0,10,3257,28,1.0
medical_conditions,Hearing loss,auc,0.5314853231998138,-0.09019319233785672,False,0.0,long_seq,activity_self_selected_gait_speed,Age_Gender_BMI_height_VAT,0.6216785155376705,male,categorical,"Hearing loss diagnosis - reduced ability to hear sound, ranging from mild to complete loss across frequency ranges",,1.0,10,3257,135,1.0
medical_conditions,Uveitis,auc,0.42748099239695875,-0.09548867492202356,False,0.0,long_seq,activity_self_selected_gait_speed,Age_Gender_BMI_height_VAT,0.5229696673189823,female,categorical,"Binary indicator of uveitis, an inflammatory condition affecting the uvea (middle layer of the eye) causing redness, pain, and vision problems",,1.0,10,3257,10,1.0
medical_conditions,Meniscus Tears,auc,0.48425018155410315,-0.09594123661340004,False,0.0,long_seq,activity_self_selected_gait_speed,Age_Gender_BMI_height_VAT,0.5801914181675032,all,categorical,Tear or rupture of the meniscus cartilage in the knee joint,,1.0,10,3257,17,1.0
medical_conditions,G6PD,auc,0.43873902648245144,-0.0970702147214485,False,0.0,long_seq,activity_self_selected_gait_speed,Age_Gender_BMI_height_VAT,0.5358092412038999,all,categorical,"Presence or absence of glucose-6-phosphate dehydrogenase (G6PD) deficiency, an inherited enzyme deficiency affecting red blood cell metabolism",,1.0,10,3257,34,1.0
medical_conditions,Fibromyalgia,auc,0.5746646347027796,-0.09911323727687282,False,0.0,long_seq,activity_self_selected_gait_speed,Age_Gender_BMI_height_VAT,0.6737778719796524,all,categorical,"Presence or absence of fibromyalgia, a chronic pain syndrome characterized by widespread musculoskeletal pain, fatigue, and sleep disturbances",,1.0,10,3257,34,1.0
medical_conditions,Hearing loss,auc,0.5446325954397704,-0.09962335383710352,False,0.0,long_seq,activity_self_selected_gait_speed,Age_Gender_BMI_height_VAT,0.6442559492768739,all,categorical,"Hearing loss diagnosis - reduced ability to hear sound, ranging from mild to complete loss across frequency ranges",,1.0,10,3257,135,1.0
medical_conditions,Urinary Tract Stones,auc,0.5672950047125354,-0.10061661769521724,False,0.0,long_seq,activity_self_selected_gait_speed,Age_Gender_BMI_height_VAT,0.6679116224077526,all,categorical,"Presence or absence of urolithiasis (kidney or urinary tract stones), mineral deposits that form in the urinary system",,1.0,10,3257,74,1.0
medical_conditions,Fatty Liver Disease,auc,0.6530935296686841,-0.10257673842416659,False,0.0,long_seq,activity_self_selected_gait_speed,Age_Gender_BMI_height_VAT,0.7556702680928506,all,categorical,"Presence or absence of fatty liver disease (NAFLD/AFLD), characterized by excessive fat accumulation in hepatocytes impairing liver function",,1.0,10,3257,155,1.0
medical_conditions,Fatty Liver Disease,auc,0.596854860954387,-0.10401660970125626,False,0.0,long_seq,activity_self_selected_gait_speed,Age_Gender_BMI_height_VAT,0.7008714706556433,male,categorical,"Presence or absence of fatty liver disease (NAFLD/AFLD), characterized by excessive fat accumulation in hepatocytes impairing liver function",,1.0,10,3257,155,1.0
medical_conditions,Sleep Apnea,auc,0.6090005069028237,-0.10495918656360392,False,0.0,long_seq,activity_self_selected_gait_speed,Age_Gender_BMI_height_VAT,0.7139596934664276,all,categorical,"Binary diagnosis flag for Sleep Apnea, a sleep-related breathing disorder",,1.0,10,3257,63,1.0
medical_conditions,Celiac,auc,0.5437923637923638,-0.10978721872557484,False,0.0,long_seq,activity_self_selected_gait_speed,Age_Gender_BMI_height_VAT,0.6535795825179387,female,categorical,"Binary indicator of celiac disease, an autoimmune condition triggered by gluten consumption causing intestinal damage",,1.0,10,3257,11,1.0
medical_conditions,Hearing loss,auc,0.5563974519923747,-0.11021043094765737,False,0.0,long_seq,activity_self_selected_gait_speed,Age_Gender_BMI_height_VAT,0.666607882940032,female,categorical,"Hearing loss diagnosis - reduced ability to hear sound, ranging from mild to complete loss across frequency ranges",,1.0,10,3257,135,1.0
medical_conditions,Renal Stones,auc,0.5605944798301487,-0.1104379110267466,False,0.0,long_seq,activity_self_selected_gait_speed,Age_Gender_BMI_height_VAT,0.6710323908568953,male,categorical,"Binary indicator of kidney stone presence or history, a urological condition involving mineral crystal deposits in the renal system",,1.0,10,3257,17,1.0
medical_conditions,Gallstone Disease,auc,0.48185535766180926,-0.11249218284322643,False,0.0,long_seq,activity_self_selected_gait_speed,Age_Gender_BMI_height_VAT,0.5943475405050357,male,categorical,"Presence or absence of cholelithiasis (gallstone disease), characterized by formation of stones in the gallbladder",,1.0,10,3257,118,1.0
medical_conditions,Endometriosis and Adenomyosis,auc,0.5933788856842008,-0.11409187188234216,False,0.0,long_seq,activity_self_selected_gait_speed,Age_Gender_BMI_height_VAT,0.707470757566543,female,categorical,"Presence or absence of endometriosis and/or adenomyosis, gynecologic conditions involving abnormal uterine tissue growth causing pain and infertility",,1.0,10,3257,54,1.0
medical_conditions,Melanoma,auc,0.4590836334533813,-0.12127384895772342,False,0.0,long_seq,activity_self_selected_gait_speed,Age_Gender_BMI_height_VAT,0.5803574824111047,female,categorical,"Binary indicator of melanoma diagnosis, a malignant skin cancer with highest mortality risk among skin cancers",,1.0,10,3257,16,1.0
medical_conditions,Renal Stones,auc,0.6076942628903412,-0.12732628197062912,False,0.0,long_seq,activity_self_selected_gait_speed,Age_Gender_BMI_height_VAT,0.7350205448609703,all,categorical,"Binary indicator of kidney stone presence or history, a urological condition involving mineral crystal deposits in the renal system",,1.0,10,3257,17,1.0
medical_conditions,Erectile Dysfunction,auc,0.6603878116343489,-0.1313942207662402,False,0.0,long_seq,activity_self_selected_gait_speed,Age_Gender_BMI_height_VAT,0.7917820324005891,all,categorical,Inability to achieve or maintain erections sufficient for sexual function,,1.0,10,3257,8,1.0
medical_conditions,Fatty Liver Disease,auc,0.646183960720131,-0.13147929152058602,False,0.0,long_seq,activity_self_selected_gait_speed,Age_Gender_BMI_height_VAT,0.777663252240717,female,categorical,"Presence or absence of fatty liver disease (NAFLD/AFLD), characterized by excessive fat accumulation in hepatocytes impairing liver function",,1.0,10,3257,155,1.0
medical_conditions,AV. Conduction Disorder,auc,0.4944795617361989,-0.1332305478862129,False,0.0,long_seq,activity_self_selected_gait_speed,Age_Gender_BMI_height_VAT,0.6277101096224118,male,categorical,Atrioventricular conduction disorder - abnormal electrical conduction between the atria and ventricles of the heart,,1.0,10,3257,8,1.0
medical_conditions,Erectile Dysfunction,auc,0.4398145212428662,-0.13327838829258615,False,0.0,long_seq,activity_self_selected_gait_speed,Age_Gender_BMI_height_VAT,0.5730929095354523,male,categorical,Inability to achieve or maintain erections sufficient for sexual function,,0.9990234375,10,3257,8,1.0
medical_conditions,Atherosclerotic,auc,0.5101857715853917,-0.13559166743899853,False,0.0,long_seq,activity_self_selected_gait_speed,Age_Gender_BMI_height_VAT,0.6457774390243902,male,categorical,"Binary indicator of atherosclerotic disease, characterized by buildup of plaque in arteries and associated cardiovascular complications",,0.9990234375,10,3257,15,1.0
medical_conditions,IBD,auc,0.42360143550770524,-0.15666279213457124,False,0.0,long_seq,activity_self_selected_gait_speed,Age_Gender_BMI_height_VAT,0.5802642276422765,male,categorical,"Binary indicator of Inflammatory Bowel Disease, a chronic gastrointestinal condition (Crohn's disease or ulcerative colitis)",,0.9990234375,10,3257,10,1.0
medical_conditions,Melanoma,auc,0.4949205492132058,-0.16860482700396745,False,0.0,long_seq,activity_self_selected_gait_speed,Age_Gender_BMI_height_VAT,0.6635253762171732,all,categorical,"Binary indicator of melanoma diagnosis, a malignant skin cancer with highest mortality risk among skin cancers",,1.0,10,3257,16,1.0
medical_conditions,AV. Conduction Disorder,auc,0.45171591258848875,-0.16883113622711132,False,0.0,long_seq,activity_self_selected_gait_speed,Age_Gender_BMI_height_VAT,0.6205470488156001,all,categorical,Atrioventricular conduction disorder - abnormal electrical conduction between the atria and ventricles of the heart,,0.9990234375,10,3257,8,1.0
medical_conditions,Atrial Fibrillation,auc,0.6542729773309304,-0.1691016539375062,False,0.0,long_seq,activity_self_selected_gait_speed,Age_Gender_BMI_height_VAT,0.8233746312684366,all,categorical,"Binary indicator of atrial fibrillation, a cardiac arrhythmia characterized by irregular heartbeat and associated coagulation/inflammation biomarkers",,1.0,10,3257,13,1.0
medical_conditions,Anal abscess,auc,0.4671745835903763,-0.16943125469109227,False,0.0,long_seq,activity_self_selected_gait_speed,Age_Gender_BMI_height_VAT,0.6366058382814686,all,categorical,Anal abscess diagnosis - a localized collection of pus near the anus caused by bacterial infection,,1.0,10,3257,15,1.0
medical_conditions,Atherosclerotic,auc,0.549212420316677,-0.1694768618858794,False,0.0,long_seq,activity_self_selected_gait_speed,Age_Gender_BMI_height_VAT,0.7186892822025565,all,categorical,"Binary indicator of atherosclerotic disease, characterized by buildup of plaque in arteries and associated cardiovascular complications",,1.0,10,3257,15,1.0
medical_conditions,Melanoma,auc,0.5067301587301587,-0.18259746963169954,False,0.0,long_seq,activity_self_selected_gait_speed,Age_Gender_BMI_height_VAT,0.6893276283618582,male,categorical,"Binary indicator of melanoma diagnosis, a malignant skin cancer with highest mortality risk among skin cancers",,1.0,10,3257,16,1.0
medical_conditions,Sleep Apnea,auc,0.5306587703378227,-0.1847831716863978,False,0.0,long_seq,activity_self_selected_gait_speed,Age_Gender_BMI_height_VAT,0.7154419420242205,female,categorical,"Binary diagnosis flag for Sleep Apnea, a sleep-related breathing disorder",,1.0,10,3257,63,1.0
medical_conditions,Thalassemia,auc,0.2963416466346153,-0.19471610064954703,False,0.0,long_seq,activity_self_selected_gait_speed,Age_Gender_BMI_height_VAT,0.49105774728416235,female,categorical,Binary indicator of thalassemia diagnosis (hereditary blood disorder characterized by deficient beta-globin chain synthesis causing anemia). Represents presence/absence of this genetic hematologic condition.,,1.0,10,3257,12,1.0
medical_conditions,Atherosclerotic,auc,0.5654773835772031,-0.1951067434069239,False,0.0,long_seq,activity_self_selected_gait_speed,Age_Gender_BMI_height_VAT,0.760584126984127,female,categorical,"Binary indicator of atherosclerotic disease, characterized by buildup of plaque in arteries and associated cardiovascular complications",,1.0,10,3257,15,1.0
medical_conditions,AV. Conduction Disorder,auc,0.4171565686862627,-0.19719918958055593,False,0.0,long_seq,activity_self_selected_gait_speed,Age_Gender_BMI_height_VAT,0.6143557582668187,female,categorical,Atrioventricular conduction disorder - abnormal electrical conduction between the atria and ventricles of the heart,,0.9990234375,10,3257,8,1.0
medical_conditions,Meniscus Tears,auc,0.42925079365079366,-0.19811778825629678,False,0.0,long_seq,activity_self_selected_gait_speed,Age_Gender_BMI_height_VAT,0.6273685819070904,male,categorical,Tear or rupture of the meniscus cartilage in the knee joint,,1.0,10,3257,17,1.0
medical_conditions,Thalassemia,auc,0.32316127375449405,-0.20619163520620026,False,0.0,long_seq,activity_self_selected_gait_speed,Age_Gender_BMI_height_VAT,0.5293529089606943,all,categorical,Binary indicator of thalassemia diagnosis (hereditary blood disorder characterized by deficient beta-globin chain synthesis causing anemia). Represents presence/absence of this genetic hematologic condition.,,1.0,10,3257,12,1.0
medical_conditions,Hypercoagulability ,auc,0.2359043617446978,-0.20629947928971937,False,0.0,long_seq,activity_self_selected_gait_speed,Age_Gender_BMI_height_VAT,0.4422038410344172,female,categorical,,,1.0,10,3257,8,1.0
medical_conditions,G6PD,auc,0.39319653993160325,-0.22367272612344263,False,0.0,long_seq,activity_self_selected_gait_speed,Age_Gender_BMI_height_VAT,0.6168692660550459,female,categorical,"Presence or absence of glucose-6-phosphate dehydrogenase (G6PD) deficiency, an inherited enzyme deficiency affecting red blood cell metabolism",,1.0,10,3257,34,1.0
medical_conditions,Anal abscess,auc,0.5055168040583387,-0.2238079613435381,False,0.0,long_seq,activity_self_selected_gait_speed,Age_Gender_BMI_height_VAT,0.7293247654018767,male,categorical,Anal abscess diagnosis - a localized collection of pus near the anus caused by bacterial infection,,1.0,10,3257,15,1.0
medical_conditions,Retinal detachment,auc,0.5454757363848273,-0.23105425137527058,False,0.0,long_seq,activity_self_selected_gait_speed,Age_Gender_BMI_height_VAT,0.7765299877600979,male,categorical,"Presence or absence of retinal detachment, an ophthalmologic emergency where the retina separates from the back of the eye",,1.0,10,3257,28,1.0
medical_conditions,Renal Stones,auc,0.3404491017964072,-0.24739990105259568,False,0.0,long_seq,activity_self_selected_gait_speed,Age_Gender_BMI_height_VAT,0.5878490028490029,female,categorical,"Binary indicator of kidney stone presence or history, a urological condition involving mineral crystal deposits in the renal system",,1.0,10,3257,17,1.0
medical_conditions,Atrial Fibrillation,auc,0.5296577946768062,-0.31989959238058097,False,0.0,long_seq,activity_self_selected_gait_speed,Age_Gender_BMI_height_VAT,0.8495573870573871,male,categorical,"Binary indicator of atrial fibrillation, a cardiac arrhythmia characterized by irregular heartbeat and associated coagulation/inflammation biomarkers",,1.0,10,3257,13,1.0
medical_conditions,Hypercoagulability ,auc,0.2548476454293629,-0.32543274903634223,False,0.0,long_seq,activity_self_selected_gait_speed,Age_Gender_BMI_height_VAT,0.5802803944657051,all,categorical,,,1.0,10,3257,8,1.0
medical_conditions,Hypercoagulability ,auc,0.25230574857864807,-0.36874048013181415,False,0.0,long_seq,activity_self_selected_gait_speed,Age_Gender_BMI_height_VAT,0.6210462287104622,male,categorical,,,0.9990234375,10,3257,8,1.0
medical_conditions,Polycystic Ovary Disease,auc,,,,,long_seq,activity_self_selected_gait_speed,Age_Gender_BMI_height_VAT,,male,categorical,"Binary diagnosis flag for Polycystic Ovary Disease (PCOS), a hormonal endocrine disorder",,,10,3257,70,
medical_conditions,Perimenopausal Disorders,auc,,,,,long_seq,activity_self_selected_gait_speed,Age_Gender_BMI_height_VAT,,male,categorical,"Presence or absence of disorders related to the perimenopausal period (transition to menopause), including hormonal fluctuations and associated symptoms",,,10,3257,15,
medical_conditions,Breast Cancer,auc,,,,,long_seq,activity_self_selected_gait_speed,Age_Gender_BMI_height_VAT,,male,categorical,"Binary indicator of breast cancer diagnosis, a malignant neoplasm assessed using biomarkers for diagnosis and treatment planning",,,10,3257,39,
medical_conditions,Breast fibrocystic change,auc,,,,,long_seq,activity_self_selected_gait_speed,Age_Gender_BMI_height_VAT,,male,categorical,Benign breast condition characterized by cysts and fibrosis in breast tissue,,,10,3257,11,
medical_conditions,Erectile Dysfunction,auc,,,,,long_seq,activity_self_selected_gait_speed,Age_Gender_BMI_height_VAT,,female,categorical,Inability to achieve or maintain erections sufficient for sexual function,,,10,3257,8,
medical_conditions,Endometriosis and Adenomyosis,auc,,,,,long_seq,activity_self_selected_gait_speed,Age_Gender_BMI_height_VAT,,male,categorical,"Presence or absence of endometriosis and/or adenomyosis, gynecologic conditions involving abnormal uterine tissue growth causing pain and infertility",,,10,3257,54,
medical_conditions,Myocarditis,auc,0.6399755948749237,0.42197437610588046,True,1.0,long_seq,activity_sit_to_stand,Age_Gender_BMI_height_VAT,0.21800121876904327,male,categorical,"Binary indicator of myocarditis diagnosis (inflammation of the heart muscle). Values represent presence/absence of the condition, potentially linked to biomarkers like sST2 that correlate with disease severity.",,0.0009765625,10,3396,9,0.005242598684210526
medical_conditions,Myocarditis,auc,0.6114949316012204,0.3638211977967446,True,1.0,long_seq,activity_sit_to_stand,Age_Gender_BMI_height_VAT,0.2476737338044758,all,categorical,"Binary indicator of myocarditis diagnosis (inflammation of the heart muscle). Values represent presence/absence of the condition, potentially linked to biomarkers like sST2 that correlate with disease severity.",,0.0009765625,10,3396,9,0.018229166666666668
medical_conditions,Myocarditis,auc,0.5795766590389015,0.34627181573405824,True,1.0,long_seq,activity_sit_to_stand,Age_Gender_BMI_height_VAT,0.2333048433048433,female,categorical,"Binary indicator of myocarditis diagnosis (inflammation of the heart muscle). Values represent presence/absence of the condition, potentially linked to biomarkers like sST2 that correlate with disease severity.",,0.0009765625,10,3396,9,0.0072265624999999995
medical_conditions,Hypercholesterolaemia,auc,0.6320778477389812,0.34105162196931194,True,1.0,long_seq,activity_sit_to_stand,Age_Gender_BMI_height_VAT,0.2910262257696693,female,categorical,"Binary diagnosis flag for hypercholesterolemia, elevated cholesterol levels in blood",,0.0009765625,10,3396,13,0.0072265624999999995
medical_conditions,Hypercholesterolaemia,auc,0.44805165036674816,0.2585217358368337,True,1.0,long_seq,activity_sit_to_stand,Age_Gender_BMI_height_VAT,0.18952991452991447,male,categorical,"Binary diagnosis flag for hypercholesterolemia, elevated cholesterol levels in blood",,0.0009765625,10,3396,13,0.005242598684210526
medical_conditions,Urinary tract infection,auc,0.4309378806333739,0.24629676141196274,True,1.0,long_seq,activity_sit_to_stand,Age_Gender_BMI_height_VAT,0.18464111922141116,male,categorical,"Presence or absence of urinary tract infection (UTI), a bacterial infection affecting the urinary system",,0.0009765625,10,3396,298,0.005242598684210526
medical_conditions,Hypercholesterolaemia,auc,0.5358489278974055,0.19341877550263042,True,1.0,long_seq,activity_sit_to_stand,Age_Gender_BMI_height_VAT,0.34243015239477503,all,categorical,"Binary diagnosis flag for hypercholesterolemia, elevated cholesterol levels in blood",,0.0009765625,10,3396,13,0.018229166666666668
medical_conditions,Vitiligo,auc,0.4426487414187642,0.1620005932706161,True,1.0,long_seq,activity_sit_to_stand,Age_Gender_BMI_height_VAT,0.2806481481481481,female,categorical,"Binary indicator of vitiligo diagnosis status, a chronic autoimmune skin condition characterized by loss of skin pigmentation due to melanocyte destruction",,0.0009765625,10,3396,17,0.0072265624999999995
medical_conditions,Goiter,auc,0.5131423928498883,0.1588818937628524,True,1.0,long_seq,activity_sit_to_stand,Age_Gender_BMI_height_VAT,0.3542604990870359,male,categorical,Enlargement of the thyroid gland,,0.0009765625,10,3396,11,0.005242598684210526
medical_conditions,Uveitis,auc,0.428780487804878,0.1271666022993969,True,1.0,long_seq,activity_sit_to_stand,Age_Gender_BMI_height_VAT,0.30161388550548107,male,categorical,"Binary indicator of uveitis, an inflammatory condition affecting the uvea (middle layer of the eye) causing redness, pain, and vision problems",,0.0009765625,10,3396,11,0.005242598684210526
medical_conditions,Thalassemia,auc,0.41068597560975606,0.12624626793618726,True,1.0,long_seq,activity_sit_to_stand,Age_Gender_BMI_height_VAT,0.2844397076735688,male,categorical,Binary indicator of thalassemia diagnosis (hereditary blood disorder characterized by deficient beta-globin chain synthesis causing anemia). Represents presence/absence of this genetic hematologic condition.,,0.0009765625,10,3396,14,0.005242598684210526
medical_conditions,Celiac,auc,0.7693982808022922,0.11581869828435354,True,1.0,long_seq,activity_sit_to_stand,Age_Gender_BMI_height_VAT,0.6535795825179387,female,categorical,"Binary indicator of celiac disease, an autoimmune condition triggered by gluten consumption causing intestinal damage",,0.0009765625,10,3396,11,0.0072265624999999995
medical_conditions,IBD,auc,0.3824842587292502,0.1130885916824999,True,1.0,long_seq,activity_sit_to_stand,Age_Gender_BMI_height_VAT,0.2693956670467503,female,categorical,"Binary indicator of Inflammatory Bowel Disease, a chronic gastrointestinal condition (Crohn's disease or ulcerative colitis)",,0.0009765625,10,3396,11,0.0072265624999999995
medical_conditions,Lactose Intolerance,auc,0.6164490543014033,0.1091730031131034,True,1.0,long_seq,activity_sit_to_stand,Age_Gender_BMI_height_VAT,0.5072760511882999,male,categorical,Inability to digest lactose sugar due to insufficient lactase enzyme,,0.0009765625,10,3396,11,0.005242598684210526
medical_conditions,Anal Fissure,auc,0.5220863720863721,0.10881052232915989,True,1.0,long_seq,activity_sit_to_stand,Age_Gender_BMI_height_VAT,0.4132758497572122,male,categorical,Anal fissure diagnosis - a small tear in the tissue lining the anus causing pain and bleeding,,0.0009765625,10,3396,196,0.005242598684210526
medical_conditions,Hashimoto,auc,0.4767344445414084,0.10587242065925034,True,1.0,long_seq,activity_sit_to_stand,Age_Gender_BMI_height_VAT,0.37086202388215805,male,categorical,"Binary diagnosis flag for Hashimoto's thyroiditis, an autoimmune thyroid disease",,0.0029296875,10,3396,20,0.012992527173913044
medical_conditions,Psoriasis,auc,0.5668866914725521,0.10333304797906251,True,1.0,long_seq,activity_sit_to_stand,Age_Gender_BMI_height_VAT,0.4635536434934896,female,categorical,"Binary diagnosis flag for Psoriasis, an autoimmune skin condition",,0.0009765625,10,3396,88,0.0072265624999999995
medical_conditions,Gout,auc,0.5931142857142857,0.09322811610700055,True,0.0,long_seq,activity_sit_to_stand,Age_Gender_BMI_height_VAT,0.49988616960728516,female,categorical,"Presence or absence of gout, an inflammatory arthritis caused by uric acid crystal deposition, characterized by acute painful attacks in joints",,0.0322265625,10,3396,27,0.178857421875
medical_conditions,Peptic Ulcer Disease,auc,0.5765730756912566,0.09079054951464183,True,1.0,long_seq,activity_sit_to_stand,Age_Gender_BMI_height_VAT,0.48578252617661477,male,categorical,"Binary diagnosis flag for Peptic Ulcer Disease, erosion of GI tract lining",,0.0009765625,10,3396,55,0.005242598684210526
medical_conditions,Diabetes,auc,0.5578934324659233,0.08938889451212789,True,1.0,long_seq,activity_sit_to_stand,Age_Gender_BMI_height_VAT,0.4685045379537954,male,categorical,"Presence or absence of diabetes mellitus, a metabolic disorder affecting blood glucose regulation",,0.0009765625,10,3396,52,0.005242598684210526
medical_conditions,Iron Defficiency,auc,0.4279304029304029,0.08605032162958992,True,1.0,long_seq,activity_sit_to_stand,Age_Gender_BMI_height_VAT,0.341880081300813,male,categorical,"Deficiency of iron, causing reduced hemoglobin and oxygen-carrying capacity",,0.0029296875,10,3396,10,0.012992527173913044
medical_conditions,Meniscus Tears,auc,0.5663130733944954,0.07511518647273646,True,1.0,long_seq,activity_sit_to_stand,Age_Gender_BMI_height_VAT,0.491197886921759,female,categorical,Tear or rupture of the meniscus cartilage in the knee joint,,0.0029296875,10,3396,18,0.02032470703125
medical_conditions,Peptic Ulcer Disease,auc,0.5784637152730538,0.07114621188092352,True,1.0,long_seq,activity_sit_to_stand,Age_Gender_BMI_height_VAT,0.5073175033921303,all,categorical,"Binary diagnosis flag for Peptic Ulcer Disease, erosion of GI tract lining",,0.0009765625,10,3396,55,0.018229166666666668
medical_conditions,Glaucoma,auc,0.7415567660550458,0.07031890197737589,True,1.0,long_seq,activity_sit_to_stand,Age_Gender_BMI_height_VAT,0.6712378640776699,female,categorical,Glaucoma diagnosis - an eye disease involving optic nerve damage typically associated with elevated intraocular pressure,,0.0009765625,10,3396,21,0.0072265624999999995
medical_conditions,Anal Fissure,auc,0.5043780293367347,0.06361472650859196,True,1.0,long_seq,activity_sit_to_stand,Age_Gender_BMI_height_VAT,0.44076330282814274,all,categorical,Anal fissure diagnosis - a small tear in the tissue lining the anus causing pain and bleeding,,0.0009765625,10,3396,196,0.018229166666666668
medical_conditions,Fibromyalgia,auc,0.4895604395604395,0.05696897614580543,True,0.0,long_seq,activity_sit_to_stand,Age_Gender_BMI_height_VAT,0.43259146341463406,male,categorical,"Presence or absence of fibromyalgia, a chronic pain syndrome characterized by widespread musculoskeletal pain, fatigue, and sleep disturbances",,0.0244140625,10,3396,34,0.09223090277777778
medical_conditions,Peptic Ulcer Disease,auc,0.5771280862821999,0.05328215437221717,True,1.0,long_seq,activity_sit_to_stand,Age_Gender_BMI_height_VAT,0.5238459319099827,female,categorical,"Binary diagnosis flag for Peptic Ulcer Disease, erosion of GI tract lining",,0.0048828125,10,3396,55,0.03188189338235294
medical_conditions,Sinusitis,auc,0.5598513261238838,0.05183056452947388,True,1.0,long_seq,activity_sit_to_stand,Age_Gender_BMI_height_VAT,0.5080207615944099,male,categorical,"Presence or absence of sinusitis, inflammation of the tissues in the sinuses causing facial pain, nasal congestion, and other symptoms",,0.0009765625,10,3396,124,0.005242598684210526
medical_conditions,Anal Fissure,auc,0.4881599761571792,0.050305988553165926,True,1.0,long_seq,activity_sit_to_stand,Age_Gender_BMI_height_VAT,0.4378539876040133,female,categorical,Anal fissure diagnosis - a small tear in the tissue lining the anus causing pain and bleeding,,0.0009765625,10,3396,196,0.0072265624999999995
medical_conditions,Headache,auc,0.5530578475684921,0.04926877902019433,True,1.0,long_seq,activity_sit_to_stand,Age_Gender_BMI_height_VAT,0.5037890685482977,female,categorical,"Headache diagnosis - pain in the head or upper neck region, which may indicate primary headache disorders or secondary conditions",,0.0009765625,10,3396,79,0.0072265624999999995
medical_conditions,Heart valve disease,auc,0.5223774910817263,0.048302375220063754,True,1.0,long_seq,activity_sit_to_stand,Age_Gender_BMI_height_VAT,0.4740751158616625,male,categorical,"Binary diagnosis flag for heart valve disease, a cardiac condition affecting heart valve function",,0.0048828125,10,3396,43,0.019921875000000002
medical_conditions,Celiac,auc,0.6620384047267357,0.04307713617795983,True,1.0,long_seq,activity_sit_to_stand,Age_Gender_BMI_height_VAT,0.6189612685487759,all,categorical,"Binary indicator of celiac disease, an autoimmune condition triggered by gluten consumption causing intestinal damage",,0.0009765625,10,3396,11,0.018229166666666668
medical_conditions,Asthma,auc,0.556116831116831,0.03956941609255227,True,1.0,long_seq,activity_sit_to_stand,Age_Gender_BMI_height_VAT,0.5165474150242787,male,categorical,"Asthma diagnosis - a chronic inflammatory airway disease characterized by reversible airflow obstruction, bronchial hyperresponsiveness, and inflammation",,0.0009765625,10,3396,189,0.005242598684210526
medical_conditions,Depression,auc,0.574638403990025,0.03763809265752194,True,1.0,long_seq,activity_sit_to_stand,Age_Gender_BMI_height_VAT,0.537000311332503,male,categorical,"Major depressive disorder diagnosis - a mental health condition characterized by persistent depressed mood, loss of interest, and neurobiological changes",,0.0048828125,10,3396,108,0.019921875000000002
medical_conditions,Heart valve disease,auc,0.5230512071799638,0.03490427083255149,True,0.0,long_seq,activity_sit_to_stand,Age_Gender_BMI_height_VAT,0.4881469363474123,all,categorical,"Binary diagnosis flag for heart valve disease, a cardiac condition affecting heart valve function",,0.0244140625,10,3396,43,0.22786458333333334
medical_conditions,Depression,auc,0.588241407014112,0.03133764314309939,True,1.0,long_seq,activity_sit_to_stand,Age_Gender_BMI_height_VAT,0.5569037638710126,female,categorical,"Major depressive disorder diagnosis - a mental health condition characterized by persistent depressed mood, loss of interest, and neurobiological changes",,0.0009765625,10,3396,108,0.0072265624999999995
medical_conditions,Heart valve disease,auc,0.5182303695150116,0.030786436220014424,True,0.0,long_seq,activity_sit_to_stand,Age_Gender_BMI_height_VAT,0.48744393329499713,female,categorical,"Binary diagnosis flag for heart valve disease, a cardiac condition affecting heart valve function",,0.1376953125,10,3396,43,0.6947354403409091
medical_conditions,Diabetes,auc,0.5445528156054472,0.027010545766726457,True,0.0,long_seq,activity_sit_to_stand,Age_Gender_BMI_height_VAT,0.5175422698387208,all,categorical,"Presence or absence of diabetes mellitus, a metabolic disorder affecting blood glucose regulation",,0.013671875,10,3396,52,0.13920454545454547
medical_conditions,IBD,auc,0.4809936887337183,0.0249562965442931,True,0.0,long_seq,activity_sit_to_stand,Age_Gender_BMI_height_VAT,0.4560373921894252,all,categorical,"Binary indicator of Inflammatory Bowel Disease, a chronic gastrointestinal condition (Crohn's disease or ulcerative colitis)",,0.1376953125,10,3396,11,1.0
medical_conditions,Tinnitus,auc,0.4494345965770171,0.018520371912792433,True,0.0,long_seq,activity_sit_to_stand,Age_Gender_BMI_height_VAT,0.4309142246642247,male,categorical,"Binary indicator of tinnitus, an auditory condition characterized by perception of ringing or noise in the ears",,0.1162109375,10,3396,12,0.38237147177419356
medical_conditions,Psoriasis,auc,0.5287763136198748,0.01811052854573869,True,0.0,long_seq,activity_sit_to_stand,Age_Gender_BMI_height_VAT,0.5106657850741361,all,categorical,"Binary diagnosis flag for Psoriasis, an autoimmune skin condition",,0.0048828125,10,3396,88,0.06076388888888888
medical_conditions,Depression,auc,0.593792804361539,0.017028714672820855,True,1.0,long_seq,activity_sit_to_stand,Age_Gender_BMI_height_VAT,0.5767640896887182,all,categorical,"Major depressive disorder diagnosis - a mental health condition characterized by persistent depressed mood, loss of interest, and neurobiological changes",,0.001953125,10,3396,108,0.03125
medical_conditions,Asthma,auc,0.5386766382400932,0.016929553557685106,True,1.0,long_seq,activity_sit_to_stand,Age_Gender_BMI_height_VAT,0.521747084682408,all,categorical,"Asthma diagnosis - a chronic inflammatory airway disease characterized by reversible airflow obstruction, bronchial hyperresponsiveness, and inflammation",,0.0029296875,10,3396,189,0.041015625
medical_conditions,Haemorrhoids,auc,0.5462089398743863,0.013833785536419785,True,1.0,long_seq,activity_sit_to_stand,Age_Gender_BMI_height_VAT,0.5323751543379666,male,categorical,Hemorrhoids (piles) diagnosis - swollen veins in the rectal or anal area causing discomfort and bleeding,,0.0009765625,10,3396,646,0.005242598684210526
medical_conditions,Oral apthae,auc,0.5620587294478919,0.013504041448709758,True,0.0,long_seq,activity_sit_to_stand,Age_Gender_BMI_height_VAT,0.5485546879991822,male,categorical,Presence or absence of aphthous ulcers (canker sores) in the oral cavity; painful ulcerations of the mouth that are non-infectious and non-cancerous,,0.2158203125,10,3396,109,0.6670809659090908
medical_conditions,Hashimoto,auc,0.3903436988543371,0.01223329265114742,True,0.0,long_seq,activity_sit_to_stand,Age_Gender_BMI_height_VAT,0.3781104062031897,female,categorical,"Binary diagnosis flag for Hashimoto's thyroiditis, an autoimmune thyroid disease",,0.1611328125,10,3396,20,0.7776409646739131
medical_conditions,Insomnia,auc,0.48165920124453504,0.01121263155341018,True,0.0,long_seq,activity_sit_to_stand,Age_Gender_BMI_height_VAT,0.47044656969112486,male,categorical,Insomnia diagnosis - sleep disorder characterized by persistent difficulty falling or staying asleep,,0.24609375,10,3396,48,0.73828125
medical_conditions,Diabetes,auc,0.5131082501313715,0.010690288127917391,True,0.0,long_seq,activity_sit_to_stand,Age_Gender_BMI_height_VAT,0.5024179620034541,female,categorical,"Presence or absence of diabetes mellitus, a metabolic disorder affecting blood glucose regulation",,0.2783203125,10,3396,52,1.0
medical_conditions,Urinary Tract Stones,auc,0.48826789838337187,0.007485839728972821,True,0.0,long_seq,activity_sit_to_stand,Age_Gender_BMI_height_VAT,0.48078205865439905,female,categorical,"Presence or absence of urolithiasis (kidney or urinary tract stones), mineral deposits that form in the urinary system",,0.3125,10,3396,83,1.0
medical_conditions,Anxiety,auc,0.48428835227272726,0.006794310733741926,True,0.0,long_seq,activity_sit_to_stand,Age_Gender_BMI_height_VAT,0.47749404153898534,male,categorical,"Anxiety disorder diagnosis - a mental health condition characterized by persistent worry, fear, or panic",,0.1162109375,10,3396,122,0.38237147177419356
medical_conditions,Lactose Intolerance,auc,0.5718866657714516,0.0062280168187542895,True,0.0,long_seq,activity_sit_to_stand,Age_Gender_BMI_height_VAT,0.5656586489526974,all,categorical,Inability to digest lactose sugar due to insufficient lactase enzyme,,0.384765625,10,3396,11,1.0
medical_conditions,Breast Cancer,auc,0.428760815954156,0.006123887023749108,True,0.0,long_seq,activity_sit_to_stand,Age_Gender_BMI_height_VAT,0.4226369289304069,female,categorical,"Binary indicator of breast cancer diagnosis, a malignant neoplasm assessed using biomarkers for diagnosis and treatment planning",,0.3125,10,3396,41,1.0
medical_conditions,Fractures,auc,0.5431156504242848,0.005378622194298854,True,0.0,long_seq,activity_sit_to_stand,Age_Gender_BMI_height_VAT,0.5377370282299859,female,categorical,Fracture diagnosis - break or crack in bone structure,,0.2783203125,10,3396,298,1.0
medical_conditions,Urinary tract infection,auc,0.49016859407484403,0.0032791910419032178,True,0.0,long_seq,activity_sit_to_stand,Age_Gender_BMI_height_VAT,0.4868894030329408,female,categorical,"Presence or absence of urinary tract infection (UTI), a bacterial infection affecting the urinary system",,0.384765625,10,3396,298,1.0
medical_conditions,Back Pain,auc,0.5565753968253969,0.0019843805105109746,True,0.0,long_seq,activity_sit_to_stand,Age_Gender_BMI_height_VAT,0.5545910163148859,male,categorical,"Back pain diagnosis - musculoskeletal pain in the lumbar, thoracic, or cervical spine regions",,0.34765625,10,3396,606,1.0
medical_conditions,Urinary tract infection,auc,0.7534837370721964,-0.0007780449602041717,False,0.0,long_seq,activity_sit_to_stand,Age_Gender_BMI_height_VAT,0.7542617820324006,all,categorical,"Presence or absence of urinary tract infection (UTI), a bacterial infection affecting the urinary system",,0.7216796875,10,3396,298,1.0
medical_conditions,Asthma,auc,0.5234150335783729,-0.0031859156731787186,False,0.0,long_seq,activity_sit_to_stand,Age_Gender_BMI_height_VAT,0.5266009492515517,female,categorical,"Asthma diagnosis - a chronic inflammatory airway disease characterized by reversible airflow obstruction, bronchial hyperresponsiveness, and inflammation",,0.6875,10,3396,189,1.0
medical_conditions,Haemorrhoids,auc,0.5387095412327612,-0.004068752739642134,False,0.0,long_seq,activity_sit_to_stand,Age_Gender_BMI_height_VAT,0.5427782939724033,all,categorical,Hemorrhoids (piles) diagnosis - swollen veins in the rectal or anal area causing discomfort and bleeding,,0.9814453125,10,3396,646,1.0
medical_conditions,G6PD,auc,0.42437192118226597,-0.00435809111785701,False,0.0,long_seq,activity_sit_to_stand,Age_Gender_BMI_height_VAT,0.428730012300123,male,categorical,"Presence or absence of glucose-6-phosphate dehydrogenase (G6PD) deficiency, an inherited enzyme deficiency affecting red blood cell metabolism",,0.65234375,10,3396,35,1.0
medical_conditions,Thalassemia,auc,0.4838346727898967,-0.007223074494265624,False,0.0,long_seq,activity_sit_to_stand,Age_Gender_BMI_height_VAT,0.49105774728416235,female,categorical,Binary indicator of thalassemia diagnosis (hereditary blood disorder characterized by deficient beta-globin chain synthesis causing anemia). Represents presence/absence of this genetic hematologic condition.,,0.6875,10,3396,14,1.0
medical_conditions,Goiter,auc,0.5060349770642201,-0.007874931559423537,False,0.0,long_seq,activity_sit_to_stand,Age_Gender_BMI_height_VAT,0.5139099086236436,female,categorical,Enlargement of the thyroid gland,,0.7216796875,10,3396,11,1.0
medical_conditions,Haemorrhoids,auc,0.5319700052582246,-0.018176296747082765,False,0.0,long_seq,activity_sit_to_stand,Age_Gender_BMI_height_VAT,0.5501463020053073,female,categorical,Hemorrhoids (piles) diagnosis - swollen veins in the rectal or anal area causing discomfort and bleeding,,1.0,10,3396,646,1.0
medical_conditions,Insomnia,auc,0.4449777230187177,-0.01885220946067856,False,0.0,long_seq,activity_sit_to_stand,Age_Gender_BMI_height_VAT,0.46382993247939625,all,categorical,Insomnia diagnosis - sleep disorder characterized by persistent difficulty falling or staying asleep,,0.919921875,10,3396,48,1.0
medical_conditions,Gout,auc,0.6480642371834466,-0.019276910256405322,False,0.0,long_seq,activity_sit_to_stand,Age_Gender_BMI_height_VAT,0.667341147439852,male,categorical,"Presence or absence of gout, an inflammatory arthritis caused by uric acid crystal deposition, characterized by acute painful attacks in joints",,0.9931640625,10,3396,27,1.0
medical_conditions,IBD,auc,0.5608872608872609,-0.019376966755015546,False,0.0,long_seq,activity_sit_to_stand,Age_Gender_BMI_height_VAT,0.5802642276422765,male,categorical,"Binary indicator of Inflammatory Bowel Disease, a chronic gastrointestinal condition (Crohn's disease or ulcerative colitis)",,0.8837890625,10,3396,11,1.0
medical_conditions,Allergy,auc,0.5439802705618466,-0.020755728202608292,False,0.0,long_seq,activity_sit_to_stand,Age_Gender_BMI_height_VAT,0.5647359987644549,female,categorical,Presence or absence of allergic conditions - abnormal immune response to environmental or substance triggers,,1.0,10,3396,680,1.0
medical_conditions,Back Pain,auc,0.5429097909790979,-0.021518790866112303,False,0.0,long_seq,activity_sit_to_stand,Age_Gender_BMI_height_VAT,0.5644285818452102,all,categorical,"Back pain diagnosis - musculoskeletal pain in the lumbar, thoracic, or cervical spine regions",,1.0,10,3396,606,1.0
medical_conditions,Goiter,auc,0.5286800053712905,-0.022996750400927857,False,0.0,long_seq,activity_sit_to_stand,Age_Gender_BMI_height_VAT,0.5516767557722183,all,categorical,Enlargement of the thyroid gland,,0.919921875,10,3396,11,1.0
medical_conditions,Vitiligo,auc,0.40007546101966707,-0.02403306976369529,False,0.0,long_seq,activity_sit_to_stand,Age_Gender_BMI_height_VAT,0.42410853078336236,male,categorical,"Binary indicator of vitiligo diagnosis status, a chronic autoimmune skin condition characterized by loss of skin pigmentation due to melanocyte destruction",,0.9033203125,10,3396,17,1.0
medical_conditions,Migraine,auc,0.4824772727272727,-0.024721115650890968,False,0.0,long_seq,activity_sit_to_stand,Age_Gender_BMI_height_VAT,0.5071983883781637,male,categorical,"Binary diagnosis flag for Migraine, a neurological headache disorder",,0.9970703125,10,3396,183,1.0
medical_conditions,Oral apthae,auc,0.49736521129944766,-0.02531922131834874,False,0.0,long_seq,activity_sit_to_stand,Age_Gender_BMI_height_VAT,0.5226844326177964,all,categorical,Presence or absence of aphthous ulcers (canker sores) in the oral cavity; painful ulcerations of the mouth that are non-infectious and non-cancerous,,0.9970703125,10,3396,109,1.0
medical_conditions,Anemia,auc,0.5505800106537062,-0.02698203512560282,False,0.0,long_seq,activity_sit_to_stand,Age_Gender_BMI_height_VAT,0.577562045779309,female,categorical,"Presence or absence of anemia, a condition characterized by insufficient red blood cells or hemoglobin to carry adequate oxygen",,1.0,10,3396,173,1.0
medical_conditions,Hashimoto,auc,0.4243290876777251,-0.028494398289778622,False,0.0,long_seq,activity_sit_to_stand,Age_Gender_BMI_height_VAT,0.4528234859675037,all,categorical,"Binary diagnosis flag for Hashimoto's thyroiditis, an autoimmune thyroid disease",,0.986328125,10,3396,20,1.0
medical_conditions,ADHD,auc,0.5515569550657271,-0.031271938300439506,False,0.0,long_seq,activity_sit_to_stand,Age_Gender_BMI_height_VAT,0.5828288933661666,female,categorical,Attention-Deficit/Hyperactivity Disorder diagnosis flag - a neurodevelopmental condition characterized by persistent patterns of inattention and/or hyperactivity-impulsivity,,1.0,10,3396,521,1.0
medical_conditions,Atopic Dermatitis,auc,0.45727193660610743,-0.033369652043636844,False,0.0,long_seq,activity_sit_to_stand,Age_Gender_BMI_height_VAT,0.4906415886497443,male,categorical,"Presence or absence of atopic dermatitis (eczema), a chronic inflammatory skin condition characterized by itching and skin barrier dysfunction",,0.9970703125,10,3396,118,1.0
medical_conditions,Hearing loss,auc,0.6309850422382391,-0.03562284070179289,False,0.0,long_seq,activity_sit_to_stand,Age_Gender_BMI_height_VAT,0.666607882940032,female,categorical,"Hearing loss diagnosis - reduced ability to hear sound, ranging from mild to complete loss across frequency ranges",,0.998046875,10,3396,140,1.0
medical_conditions,Fractures,auc,0.5191814593524291,-0.03626251539176184,False,0.0,long_seq,activity_sit_to_stand,Age_Gender_BMI_height_VAT,0.5554439747441909,all,categorical,Fracture diagnosis - break or crack in bone structure,,1.0,10,3396,298,1.0
medical_conditions,Uveitis,auc,0.44883845843964015,-0.03930907464012634,False,0.0,long_seq,activity_sit_to_stand,Age_Gender_BMI_height_VAT,0.4881475330797665,all,categorical,"Binary indicator of uveitis, an inflammatory condition affecting the uvea (middle layer of the eye) causing redness, pain, and vision problems",,0.986328125,10,3396,11,1.0
medical_conditions,Headache,auc,0.5381826646771714,-0.03993450956185074,False,0.0,long_seq,activity_sit_to_stand,Age_Gender_BMI_height_VAT,0.5781171742390221,all,categorical,"Headache diagnosis - pain in the head or upper neck region, which may indicate primary headache disorders or secondary conditions",,0.998046875,10,3396,79,1.0
medical_conditions,Breast Cancer,auc,0.6642150412562249,-0.04092474587291883,False,0.0,long_seq,activity_sit_to_stand,Age_Gender_BMI_height_VAT,0.7051397871291437,all,categorical,"Binary indicator of breast cancer diagnosis, a malignant neoplasm assessed using biomarkers for diagnosis and treatment planning",,1.0,10,3396,41,1.0
medical_conditions,Allergy,auc,0.5474618816598804,-0.040971739495003545,False,0.0,long_seq,activity_sit_to_stand,Age_Gender_BMI_height_VAT,0.588433621154884,all,categorical,Presence or absence of allergic conditions - abnormal immune response to environmental or substance triggers,,1.0,10,3396,680,1.0
medical_conditions,ADHD,auc,0.5513498789952431,-0.041741076972027,False,0.0,long_seq,activity_sit_to_stand,Age_Gender_BMI_height_VAT,0.5930909559672701,all,categorical,Attention-Deficit/Hyperactivity Disorder diagnosis flag - a neurodevelopmental condition characterized by persistent patterns of inattention and/or hyperactivity-impulsivity,,1.0,10,3396,521,1.0
medical_conditions,Hyperlipidemia,auc,0.6259030515551682,-0.041807033541311656,False,0.0,long_seq,activity_sit_to_stand,Age_Gender_BMI_height_VAT,0.6677100850964799,male,categorical,"Binary diagnosis flag for hyperlipidemia, excess fats in the bloodstream",,1.0,10,3396,778,1.0
medical_conditions,Migraine,auc,0.5027960768397062,-0.04186486107662746,False,0.0,long_seq,activity_sit_to_stand,Age_Gender_BMI_height_VAT,0.5446609379163336,female,categorical,"Binary diagnosis flag for Migraine, a neurological headache disorder",,1.0,10,3396,183,1.0
medical_conditions,Back Pain,auc,0.5292772941357271,-0.04364290579069152,False,0.0,long_seq,activity_sit_to_stand,Age_Gender_BMI_height_VAT,0.5729201999264186,female,categorical,"Back pain diagnosis - musculoskeletal pain in the lumbar, thoracic, or cervical spine regions",,1.0,10,3396,606,1.0
medical_conditions,Insomnia,auc,0.41145338737695425,-0.04516022277298798,False,0.0,long_seq,activity_sit_to_stand,Age_Gender_BMI_height_VAT,0.45661361014994223,female,categorical,Insomnia diagnosis - sleep disorder characterized by persistent difficulty falling or staying asleep,,0.9951171875,10,3396,48,1.0
medical_conditions,Gout,auc,0.7476523421610983,-0.047912642598676225,False,0.0,long_seq,activity_sit_to_stand,Age_Gender_BMI_height_VAT,0.7955649847597746,all,categorical,"Presence or absence of gout, an inflammatory arthritis caused by uric acid crystal deposition, characterized by acute painful attacks in joints",,1.0,10,3396,27,1.0
medical_conditions,AV. Conduction Disorder,auc,0.578094512195122,-0.049615597427289826,False,0.0,long_seq,activity_sit_to_stand,Age_Gender_BMI_height_VAT,0.6277101096224118,male,categorical,Atrioventricular conduction disorder - abnormal electrical conduction between the atria and ventricles of the heart,,0.9970703125,10,3396,9,1.0
medical_conditions,B12 Deficiency,auc,0.5154969372427927,-0.051978180911224525,False,0.0,long_seq,activity_sit_to_stand,Age_Gender_BMI_height_VAT,0.5674751181540172,female,categorical,"Vitamin B12 deficiency diagnosis - insufficient levels of cobalamin affecting DNA synthesis, metabolism, and neurological function",,1.0,10,3396,165,1.0
medical_conditions,Perimenopausal Disorders,auc,0.4910282258064515,-0.052151636499916776,False,0.0,long_seq,activity_sit_to_stand,Age_Gender_BMI_height_VAT,0.5431798623063683,female,categorical,"Presence or absence of disorders related to the perimenopausal period (transition to menopause), including hormonal fluctuations and associated symptoms",,0.9990234375,10,3396,16,1.0
medical_conditions,ADHD,auc,0.5512122364812109,-0.05310729620991428,False,0.0,long_seq,activity_sit_to_stand,Age_Gender_BMI_height_VAT,0.6043195326911251,male,categorical,Attention-Deficit/Hyperactivity Disorder diagnosis flag - a neurodevelopmental condition characterized by persistent patterns of inattention and/or hyperactivity-impulsivity,,1.0,10,3396,521,1.0
medical_conditions,Iron Defficiency,auc,0.4001742468989959,-0.053383926885982036,False,0.0,long_seq,activity_sit_to_stand,Age_Gender_BMI_height_VAT,0.4535581737849779,all,categorical,"Deficiency of iron, causing reduced hemoglobin and oxygen-carrying capacity",,0.986328125,10,3396,10,1.0
medical_conditions,Hyperlipidemia,auc,0.6430172957240854,-0.055591739684950014,False,0.0,long_seq,activity_sit_to_stand,Age_Gender_BMI_height_VAT,0.6986090354090354,all,categorical,"Binary diagnosis flag for hyperlipidemia, excess fats in the bloodstream",,1.0,10,3396,778,1.0
medical_conditions,Headache,auc,0.47099220309974327,-0.05826943032855697,False,0.0,long_seq,activity_sit_to_stand,Age_Gender_BMI_height_VAT,0.5292616334283002,male,categorical,"Headache diagnosis - pain in the head or upper neck region, which may indicate primary headache disorders or secondary conditions",,0.9970703125,10,3396,79,1.0
medical_conditions,Oral apthae,auc,0.4444602048857368,-0.058694101569040535,False,0.0,long_seq,activity_sit_to_stand,Age_Gender_BMI_height_VAT,0.5031543064547773,female,categorical,Presence or absence of aphthous ulcers (canker sores) in the oral cavity; painful ulcerations of the mouth that are non-infectious and non-cancerous,,1.0,10,3396,109,1.0
medical_conditions,Allergy,auc,0.549244067332962,-0.059520931203766114,False,0.0,long_seq,activity_sit_to_stand,Age_Gender_BMI_height_VAT,0.6087649985367282,male,categorical,Presence or absence of allergic conditions - abnormal immune response to environmental or substance triggers,,1.0,10,3396,680,1.0
medical_conditions,Fractures,auc,0.49515827474496826,-0.061343833325931796,False,0.0,long_seq,activity_sit_to_stand,Age_Gender_BMI_height_VAT,0.5565021080709001,male,categorical,Fracture diagnosis - break or crack in bone structure,,1.0,10,3396,298,1.0
medical_conditions,Hypertension,auc,0.6913697243111382,-0.061559154262475047,False,0.0,long_seq,activity_sit_to_stand,Age_Gender_BMI_height_VAT,0.7529288785736132,male,categorical,Binary diagnosis flag for hypertension (high blood pressure),,1.0,10,3396,352,1.0
medical_conditions,Atopic Dermatitis,auc,0.451078840963382,-0.061713979237408956,False,0.0,long_seq,activity_sit_to_stand,Age_Gender_BMI_height_VAT,0.512792820200791,all,categorical,"Presence or absence of atopic dermatitis (eczema), a chronic inflammatory skin condition characterized by itching and skin barrier dysfunction",,1.0,10,3396,118,1.0
medical_conditions,Thalassemia,auc,0.4673756019261637,-0.06197730703453064,False,0.0,long_seq,activity_sit_to_stand,Age_Gender_BMI_height_VAT,0.5293529089606943,all,categorical,Binary indicator of thalassemia diagnosis (hereditary blood disorder characterized by deficient beta-globin chain synthesis causing anemia). Represents presence/absence of this genetic hematologic condition.,,0.9990234375,10,3396,14,1.0
medical_conditions,Hypertension,auc,0.7131818555130808,-0.06253211461378538,False,0.0,long_seq,activity_sit_to_stand,Age_Gender_BMI_height_VAT,0.7757139701268662,all,categorical,Binary diagnosis flag for hypertension (high blood pressure),,1.0,10,3396,352,1.0
medical_conditions,Atherosclerotic,auc,0.582926332926333,-0.06285110609805722,False,0.0,long_seq,activity_sit_to_stand,Age_Gender_BMI_height_VAT,0.6457774390243902,male,categorical,"Binary indicator of atherosclerotic disease, characterized by buildup of plaque in arteries and associated cardiovascular complications",,0.998046875,10,3396,15,1.0
medical_conditions,Psoriasis,auc,0.48651834017002554,-0.0634104093846592,False,0.0,long_seq,activity_sit_to_stand,Age_Gender_BMI_height_VAT,0.5499287495546847,male,categorical,"Binary diagnosis flag for Psoriasis, an autoimmune skin condition",,1.0,10,3396,88,1.0
medical_conditions,Urinary Tract Stones,auc,0.5173589148921216,-0.06401561007052714,False,0.0,long_seq,activity_sit_to_stand,Age_Gender_BMI_height_VAT,0.5813745249626487,male,categorical,"Presence or absence of urolithiasis (kidney or urinary tract stones), mineral deposits that form in the urinary system",,1.0,10,3396,83,1.0
medical_conditions,Hypertension,auc,0.7323024309879719,-0.06402246832169045,False,0.0,long_seq,activity_sit_to_stand,Age_Gender_BMI_height_VAT,0.7963248993096623,female,categorical,Binary diagnosis flag for hypertension (high blood pressure),,1.0,10,3396,352,1.0
medical_conditions,Fibromyalgia,auc,0.4916514749751408,-0.0640710683774604,False,0.0,long_seq,activity_sit_to_stand,Age_Gender_BMI_height_VAT,0.5557225433526012,female,categorical,"Presence or absence of fibromyalgia, a chronic pain syndrome characterized by widespread musculoskeletal pain, fatigue, and sleep disturbances",,1.0,10,3396,34,1.0
medical_conditions,Celiac,auc,0.465609756097561,-0.06439937910341337,False,0.0,long_seq,activity_sit_to_stand,Age_Gender_BMI_height_VAT,0.5300091352009744,male,categorical,"Binary indicator of celiac disease, an autoimmune condition triggered by gluten consumption causing intestinal damage",,0.9931640625,10,3396,11,1.0
medical_conditions,Endometriosis and Adenomyosis,auc,0.7859765294105493,-0.06535018622774746,False,0.0,long_seq,activity_sit_to_stand,Age_Gender_BMI_height_VAT,0.8513267156382968,all,categorical,"Presence or absence of endometriosis and/or adenomyosis, gynecologic conditions involving abnormal uterine tissue growth causing pain and infertility",,1.0,10,3396,58,1.0
medical_conditions,Atopic Dermatitis,auc,0.44587242532082383,-0.0657180810422755,False,0.0,long_seq,activity_sit_to_stand,Age_Gender_BMI_height_VAT,0.5115905063630993,female,categorical,"Presence or absence of atopic dermatitis (eczema), a chronic inflammatory skin condition characterized by itching and skin barrier dysfunction",,1.0,10,3396,118,1.0
medical_conditions,Sinusitis,auc,0.500717959338649,-0.06625200965106859,False,0.0,long_seq,activity_sit_to_stand,Age_Gender_BMI_height_VAT,0.5669699689897176,female,categorical,"Presence or absence of sinusitis, inflammation of the tissues in the sinuses causing facial pain, nasal congestion, and other symptoms",,1.0,10,3396,124,1.0
medical_conditions,IBS,auc,0.5411600266587678,-0.06728334814824333,False,0.0,long_seq,activity_sit_to_stand,Age_Gender_BMI_height_VAT,0.6084433748070112,female,categorical,"Binary diagnosis flag for Irritable Bowel Syndrome, a gastrointestinal disorder",,1.0,10,3396,104,1.0
medical_conditions,Atherosclerotic,auc,0.6513950507739328,-0.06729423142862367,False,0.0,long_seq,activity_sit_to_stand,Age_Gender_BMI_height_VAT,0.7186892822025565,all,categorical,"Binary indicator of atherosclerotic disease, characterized by buildup of plaque in arteries and associated cardiovascular complications",,1.0,10,3396,15,1.0
medical_conditions,Uveitis,auc,0.45530085959885386,-0.06766880772012845,False,0.0,long_seq,activity_sit_to_stand,Age_Gender_BMI_height_VAT,0.5229696673189823,female,categorical,"Binary indicator of uveitis, an inflammatory condition affecting the uvea (middle layer of the eye) causing redness, pain, and vision problems",,1.0,10,3396,11,1.0
medical_conditions,Polycystic Ovary Disease,auc,0.745918699186992,-0.06809391342562043,False,0.0,long_seq,activity_sit_to_stand,Age_Gender_BMI_height_VAT,0.8140126126126125,all,categorical,"Binary diagnosis flag for Polycystic Ovary Disease (PCOS), a hormonal endocrine disorder",,1.0,10,3396,75,1.0
medical_conditions,Hyperlipidemia,auc,0.6582426615451807,-0.0689189105072211,False,0.0,long_seq,activity_sit_to_stand,Age_Gender_BMI_height_VAT,0.7271615720524018,female,categorical,"Binary diagnosis flag for hyperlipidemia, excess fats in the bloodstream",,1.0,10,3396,778,1.0
medical_conditions,Obesity,auc,0.816356579176345,-0.07050762570751457,False,0.0,long_seq,activity_sit_to_stand,Age_Gender_BMI_height_VAT,0.8868642048838595,female,categorical,"Binary diagnosis flag for Obesity, excessive body fat accumulation",,1.0,10,3396,118,1.0
medical_conditions,Sinusitis,auc,0.5513664326839656,-0.07249527463310768,False,0.0,long_seq,activity_sit_to_stand,Age_Gender_BMI_height_VAT,0.6238617073170732,all,categorical,"Presence or absence of sinusitis, inflammation of the tissues in the sinuses causing facial pain, nasal congestion, and other symptoms",,1.0,10,3396,124,1.0
medical_conditions,Obesity,auc,0.8240923051467928,-0.07444746377355693,False,0.0,long_seq,activity_sit_to_stand,Age_Gender_BMI_height_VAT,0.8985397689203497,all,categorical,"Binary diagnosis flag for Obesity, excessive body fat accumulation",,1.0,10,3396,118,1.0
medical_conditions,Glaucoma,auc,0.5818793650793651,-0.07598396937971397,False,0.0,long_seq,activity_sit_to_stand,Age_Gender_BMI_height_VAT,0.6578633344590791,all,categorical,Glaucoma diagnosis - an eye disease involving optic nerve damage typically associated with elevated intraocular pressure,,1.0,10,3396,21,1.0
medical_conditions,Atherosclerotic,auc,0.6829540383757251,-0.07763008860840193,False,0.0,long_seq,activity_sit_to_stand,Age_Gender_BMI_height_VAT,0.760584126984127,female,categorical,"Binary indicator of atherosclerotic disease, characterized by buildup of plaque in arteries and associated cardiovascular complications",,1.0,10,3396,15,1.0
medical_conditions,Obesity,auc,0.8235418164390126,-0.07779049572092867,False,0.0,long_seq,activity_sit_to_stand,Age_Gender_BMI_height_VAT,0.9013323121599413,male,categorical,"Binary diagnosis flag for Obesity, excessive body fat accumulation",,1.0,10,3396,118,1.0
medical_conditions,Meniscus Tears,auc,0.5011298598776397,-0.0790615582898635,False,0.0,long_seq,activity_sit_to_stand,Age_Gender_BMI_height_VAT,0.5801914181675032,all,categorical,Tear or rupture of the meniscus cartilage in the knee joint,,0.9990234375,10,3396,18,1.0
medical_conditions,B12 Deficiency,auc,0.4558699172364159,-0.07972475931344947,False,0.0,long_seq,activity_sit_to_stand,Age_Gender_BMI_height_VAT,0.5355946765498654,male,categorical,"Vitamin B12 deficiency diagnosis - insufficient levels of cobalamin affecting DNA synthesis, metabolism, and neurological function",,1.0,10,3396,165,1.0
medical_conditions,Hypercoagulability ,auc,0.3602615502100038,-0.0819422908244134,False,0.0,long_seq,activity_sit_to_stand,Age_Gender_BMI_height_VAT,0.4422038410344172,female,categorical,,,1.0,10,3396,8,1.0
medical_conditions,Lactose Intolerance,auc,0.5290282550591829,-0.08419669264950691,False,0.0,long_seq,activity_sit_to_stand,Age_Gender_BMI_height_VAT,0.6132249477086898,female,categorical,Inability to digest lactose sugar due to insufficient lactase enzyme,,0.9951171875,10,3396,11,1.0
medical_conditions,B12 Deficiency,auc,0.5110649672209561,-0.08846898339632792,False,0.0,long_seq,activity_sit_to_stand,Age_Gender_BMI_height_VAT,0.599533950617284,all,categorical,"Vitamin B12 deficiency diagnosis - insufficient levels of cobalamin affecting DNA synthesis, metabolism, and neurological function",,1.0,10,3396,165,1.0
medical_conditions,Polycystic Ovary Disease,auc,0.5429520969986087,-0.08926999326267404,False,0.0,long_seq,activity_sit_to_stand,Age_Gender_BMI_height_VAT,0.6322220902612827,female,categorical,"Binary diagnosis flag for Polycystic Ovary Disease (PCOS), a hormonal endocrine disorder",,1.0,10,3396,75,1.0
medical_conditions,G6PD,auc,0.44619798529349247,-0.08961125591040747,False,0.0,long_seq,activity_sit_to_stand,Age_Gender_BMI_height_VAT,0.5358092412038999,all,categorical,"Presence or absence of glucose-6-phosphate dehydrogenase (G6PD) deficiency, an inherited enzyme deficiency affecting red blood cell metabolism",,1.0,10,3396,35,1.0
medical_conditions,Vitiligo,auc,0.47468098810995246,-0.0901143101746506,False,0.0,long_seq,activity_sit_to_stand,Age_Gender_BMI_height_VAT,0.5647952982846031,all,categorical,"Binary indicator of vitiligo diagnosis status, a chronic autoimmune skin condition characterized by loss of skin pigmentation due to melanocyte destruction",,1.0,10,3396,17,1.0
medical_conditions,Anemia,auc,0.37961771091811414,-0.0903385313371523,False,0.0,long_seq,activity_sit_to_stand,Age_Gender_BMI_height_VAT,0.46995624225526644,male,categorical,"Presence or absence of anemia, a condition characterized by insufficient red blood cells or hemoglobin to carry adequate oxygen",,1.0,10,3396,173,1.0
medical_conditions,Retinal detachment,auc,0.47874063940092154,-0.09149566295134476,False,0.0,long_seq,activity_sit_to_stand,Age_Gender_BMI_height_VAT,0.5702363023522663,female,categorical,"Presence or absence of retinal detachment, an ophthalmologic emergency where the retina separates from the back of the eye",,1.0,10,3396,28,1.0
medical_conditions,Anemia,auc,0.5928449600863734,-0.09291440793857941,False,0.0,long_seq,activity_sit_to_stand,Age_Gender_BMI_height_VAT,0.6857593680249529,all,categorical,"Presence or absence of anemia, a condition characterized by insufficient red blood cells or hemoglobin to carry adequate oxygen",,1.0,10,3396,173,1.0
medical_conditions,Ischemic Heart Disease,auc,0.5354452767374115,-0.0931075970305496,False,0.0,long_seq,activity_sit_to_stand,Age_Gender_BMI_height_VAT,0.6285528737679611,male,categorical,"Binary diagnosis flag for Ischemic Heart Disease, reduced blood flow to the heart",,1.0,10,3396,50,1.0
medical_conditions,Migraine,auc,0.5525814697463685,-0.09366013086147451,False,0.0,long_seq,activity_sit_to_stand,Age_Gender_BMI_height_VAT,0.646241600607843,all,categorical,"Binary diagnosis flag for Migraine, a neurological headache disorder",,1.0,10,3396,183,1.0
medical_conditions,Anxiety,auc,0.5064074126000181,-0.09419242361535873,False,0.0,long_seq,activity_sit_to_stand,Age_Gender_BMI_height_VAT,0.6005998362153768,all,categorical,"Anxiety disorder diagnosis - a mental health condition characterized by persistent worry, fear, or panic",,1.0,10,3396,122,1.0
medical_conditions,Prediabetes,auc,0.6216917877168769,-0.0943727084043463,False,0.0,long_seq,activity_sit_to_stand,Age_Gender_BMI_height_VAT,0.7160644961212232,all,categorical,"Binary diagnosis flag for Prediabetes, elevated blood glucose preceding type 2 diabetes",,1.0,10,3396,282,1.0
medical_conditions,Prediabetes,auc,0.5798685760852076,-0.09589407339927503,False,0.0,long_seq,activity_sit_to_stand,Age_Gender_BMI_height_VAT,0.6757626494844826,male,categorical,"Binary diagnosis flag for Prediabetes, elevated blood glucose preceding type 2 diabetes",,1.0,10,3396,282,1.0
medical_conditions,Endometriosis and Adenomyosis,auc,0.6110694947685543,-0.09640126279798866,False,0.0,long_seq,activity_sit_to_stand,Age_Gender_BMI_height_VAT,0.707470757566543,female,categorical,"Presence or absence of endometriosis and/or adenomyosis, gynecologic conditions involving abnormal uterine tissue growth causing pain and infertility",,1.0,10,3396,58,1.0
medical_conditions,Sleep Apnea,auc,0.5382054503285659,-0.09718447342396763,False,0.0,long_seq,activity_sit_to_stand,Age_Gender_BMI_height_VAT,0.6353899237525336,male,categorical,"Binary diagnosis flag for Sleep Apnea, a sleep-related breathing disorder",,1.0,10,3396,73,1.0
medical_conditions,Prediabetes,auc,0.6546678247520552,-0.09766953948487234,False,0.0,long_seq,activity_sit_to_stand,Age_Gender_BMI_height_VAT,0.7523373642369275,female,categorical,"Binary diagnosis flag for Prediabetes, elevated blood glucose preceding type 2 diabetes",,1.0,10,3396,282,1.0
medical_conditions,Hearing loss,auc,0.545487671112671,-0.09876827816420286,False,0.0,long_seq,activity_sit_to_stand,Age_Gender_BMI_height_VAT,0.6442559492768739,all,categorical,"Hearing loss diagnosis - reduced ability to hear sound, ranging from mild to complete loss across frequency ranges",,1.0,10,3396,140,1.0
medical_conditions,Urinary Tract Stones,auc,0.5659995854228868,-0.10191203698486584,False,0.0,long_seq,activity_sit_to_stand,Age_Gender_BMI_height_VAT,0.6679116224077526,all,categorical,"Presence or absence of urolithiasis (kidney or urinary tract stones), mineral deposits that form in the urinary system",,1.0,10,3396,83,1.0
medical_conditions,Melanoma,auc,0.47434135166093927,-0.10601613075016547,False,0.0,long_seq,activity_sit_to_stand,Age_Gender_BMI_height_VAT,0.5803574824111047,female,categorical,"Binary indicator of melanoma diagnosis, a malignant skin cancer with highest mortality risk among skin cancers",,1.0,10,3396,16,1.0
medical_conditions,Gallstone Disease,auc,0.511622577265584,-0.10832055735840163,False,0.0,long_seq,activity_sit_to_stand,Age_Gender_BMI_height_VAT,0.6199431346239856,female,categorical,"Presence or absence of cholelithiasis (gallstone disease), characterized by formation of stones in the gallbladder",,1.0,10,3396,125,1.0
medical_conditions,Erectile Dysfunction,auc,0.4626744186046512,-0.11041849093080114,False,0.0,long_seq,activity_sit_to_stand,Age_Gender_BMI_height_VAT,0.5730929095354523,male,categorical,Inability to achieve or maintain erections sufficient for sexual function,,0.998046875,10,3396,10,1.0
medical_conditions,Sleep Apnea,auc,0.6040218976094194,-0.11142004441480113,False,0.0,long_seq,activity_sit_to_stand,Age_Gender_BMI_height_VAT,0.7154419420242205,female,categorical,"Binary diagnosis flag for Sleep Apnea, a sleep-related breathing disorder",,1.0,10,3396,73,1.0
medical_conditions,Perimenopausal Disorders,auc,0.6488036242603551,-0.11624875107160126,False,0.0,long_seq,activity_sit_to_stand,Age_Gender_BMI_height_VAT,0.7650523753319564,all,categorical,"Presence or absence of disorders related to the perimenopausal period (transition to menopause), including hormonal fluctuations and associated symptoms",,1.0,10,3396,16,1.0
medical_conditions,Melanoma,auc,0.5726805385556915,-0.11664708980616678,False,0.0,long_seq,activity_sit_to_stand,Age_Gender_BMI_height_VAT,0.6893276283618582,male,categorical,"Binary indicator of melanoma diagnosis, a malignant skin cancer with highest mortality risk among skin cancers",,1.0,10,3396,16,1.0
medical_conditions,Tinnitus,auc,0.4190110323089046,-0.1179832528870316,False,0.0,long_seq,activity_sit_to_stand,Age_Gender_BMI_height_VAT,0.5369942851959362,all,categorical,"Binary indicator of tinnitus, an auditory condition characterized by perception of ringing or noise in the ears",,1.0,10,3396,12,1.0
medical_conditions,Fatty Liver Disease,auc,0.6592309034594076,-0.11843234878130937,False,0.0,long_seq,activity_sit_to_stand,Age_Gender_BMI_height_VAT,0.777663252240717,female,categorical,"Presence or absence of fatty liver disease (NAFLD/AFLD), characterized by excessive fat accumulation in hepatocytes impairing liver function",,1.0,10,3396,171,1.0
medical_conditions,Fatty Liver Disease,auc,0.6369565256811278,-0.11871374241172283,False,0.0,long_seq,activity_sit_to_stand,Age_Gender_BMI_height_VAT,0.7556702680928506,all,categorical,"Presence or absence of fatty liver disease (NAFLD/AFLD), characterized by excessive fat accumulation in hepatocytes impairing liver function",,1.0,10,3396,171,1.0
medical_conditions,Gallstone Disease,auc,0.47476440381468316,-0.11958313669035253,False,0.0,long_seq,activity_sit_to_stand,Age_Gender_BMI_height_VAT,0.5943475405050357,male,categorical,"Presence or absence of cholelithiasis (gallstone disease), characterized by formation of stones in the gallbladder",,1.0,10,3396,125,1.0
medical_conditions,IBS,auc,0.49965096037012807,-0.12016722144805375,False,0.0,long_seq,activity_sit_to_stand,Age_Gender_BMI_height_VAT,0.6198181818181818,all,categorical,"Binary diagnosis flag for Irritable Bowel Syndrome, a gastrointestinal disorder",,1.0,10,3396,104,1.0
medical_conditions,Melanoma,auc,0.5422448224852072,-0.121280553731966,False,0.0,long_seq,activity_sit_to_stand,Age_Gender_BMI_height_VAT,0.6635253762171732,all,categorical,"Binary indicator of melanoma diagnosis, a malignant skin cancer with highest mortality risk among skin cancers",,1.0,10,3396,16,1.0
medical_conditions,Osteoarthritis,auc,0.5203486108248013,-0.12137124368072327,False,0.0,long_seq,activity_sit_to_stand,Age_Gender_BMI_height_VAT,0.6417198545055246,male,categorical,"Binary diagnosis flag for Osteoarthritis, degenerative joint disease from cartilage wear",,1.0,10,3396,94,1.0
medical_conditions,Fatty Liver Disease,auc,0.5787628946764507,-0.12210857597919256,False,0.0,long_seq,activity_sit_to_stand,Age_Gender_BMI_height_VAT,0.7008714706556433,male,categorical,"Presence or absence of fatty liver disease (NAFLD/AFLD), characterized by excessive fat accumulation in hepatocytes impairing liver function",,1.0,10,3396,171,1.0
medical_conditions,Sleep Apnea,auc,0.5915907807353481,-0.12236891273107953,False,0.0,long_seq,activity_sit_to_stand,Age_Gender_BMI_height_VAT,0.7139596934664276,all,categorical,"Binary diagnosis flag for Sleep Apnea, a sleep-related breathing disorder",,1.0,10,3396,73,1.0
medical_conditions,Anxiety,auc,0.5042826946052752,-0.12356817255255215,False,0.0,long_seq,activity_sit_to_stand,Age_Gender_BMI_height_VAT,0.6278508671578273,female,categorical,"Anxiety disorder diagnosis - a mental health condition characterized by persistent worry, fear, or panic",,1.0,10,3396,122,1.0
medical_conditions,Ischemic Heart Disease,auc,0.5983801605504586,-0.12429973665114047,False,0.0,long_seq,activity_sit_to_stand,Age_Gender_BMI_height_VAT,0.7226798972015991,female,categorical,"Binary diagnosis flag for Ischemic Heart Disease, reduced blood flow to the heart",,1.0,10,3396,50,1.0
medical_conditions,Osteoarthritis,auc,0.6054643695469242,-0.12450678531705373,False,0.0,long_seq,activity_sit_to_stand,Age_Gender_BMI_height_VAT,0.7299711548639779,female,categorical,"Binary diagnosis flag for Osteoarthritis, degenerative joint disease from cartilage wear",,1.0,10,3396,94,1.0
medical_conditions,Breast fibrocystic change,auc,0.417095713017597,-0.12455188423640745,False,0.0,long_seq,activity_sit_to_stand,Age_Gender_BMI_height_VAT,0.5416475972540045,female,categorical,Benign breast condition characterized by cysts and fibrosis in breast tissue,,1.0,10,3396,11,1.0
medical_conditions,Gallstone Disease,auc,0.5452664017120146,-0.124843216460094,False,0.0,long_seq,activity_sit_to_stand,Age_Gender_BMI_height_VAT,0.6701096181721086,all,categorical,"Presence or absence of cholelithiasis (gallstone disease), characterized by formation of stones in the gallbladder",,1.0,10,3396,125,1.0
medical_conditions,Retinal detachment,auc,0.5297961910417374,-0.1271832708644346,False,0.0,long_seq,activity_sit_to_stand,Age_Gender_BMI_height_VAT,0.656979461906172,all,categorical,"Presence or absence of retinal detachment, an ophthalmologic emergency where the retina separates from the back of the eye",,1.0,10,3396,28,1.0
medical_conditions,Fibromyalgia,auc,0.546548797984393,-0.1272290739952594,False,0.0,long_seq,activity_sit_to_stand,Age_Gender_BMI_height_VAT,0.6737778719796524,all,categorical,"Presence or absence of fibromyalgia, a chronic pain syndrome characterized by widespread musculoskeletal pain, fatigue, and sleep disturbances",,1.0,10,3396,34,1.0
medical_conditions,Ischemic Heart Disease,auc,0.6251320980274955,-0.12939636695014978,False,0.0,long_seq,activity_sit_to_stand,Age_Gender_BMI_height_VAT,0.7545284649776453,all,categorical,"Binary diagnosis flag for Ischemic Heart Disease, reduced blood flow to the heart",,1.0,10,3396,50,1.0
medical_conditions,Osteoarthritis,auc,0.5988275964276968,-0.13006208143526166,False,0.0,long_seq,activity_sit_to_stand,Age_Gender_BMI_height_VAT,0.7288896778629584,all,categorical,"Binary diagnosis flag for Osteoarthritis, degenerative joint disease from cartilage wear",,1.0,10,3396,94,1.0
medical_conditions,AV. Conduction Disorder,auc,0.48491946330741725,-0.13562758550818282,False,0.0,long_seq,activity_sit_to_stand,Age_Gender_BMI_height_VAT,0.6205470488156001,all,categorical,Atrioventricular conduction disorder - abnormal electrical conduction between the atria and ventricles of the heart,,0.9990234375,10,3396,9,1.0
medical_conditions,Renal Stones,auc,0.5208250479048412,-0.15020734295205407,False,0.0,long_seq,activity_sit_to_stand,Age_Gender_BMI_height_VAT,0.6710323908568953,male,categorical,"Binary indicator of kidney stone presence or history, a urological condition involving mineral crystal deposits in the renal system",,1.0,10,3396,21,1.0
medical_conditions,G6PD,auc,0.46193436960276335,-0.15493489645228253,False,0.0,long_seq,activity_sit_to_stand,Age_Gender_BMI_height_VAT,0.6168692660550459,female,categorical,"Presence or absence of glucose-6-phosphate dehydrogenase (G6PD) deficiency, an inherited enzyme deficiency affecting red blood cell metabolism",,1.0,10,3396,35,1.0
medical_conditions,Anal abscess,auc,0.3021449038067948,-0.15633520056372058,False,0.0,long_seq,activity_sit_to_stand,Age_Gender_BMI_height_VAT,0.4584801043705154,female,categorical,Anal abscess diagnosis - a localized collection of pus near the anus caused by bacterial infection,,1.0,10,3396,19,1.0
medical_conditions,Renal Stones,auc,0.4233552631578947,-0.1644937396911082,False,0.0,long_seq,activity_sit_to_stand,Age_Gender_BMI_height_VAT,0.5878490028490029,female,categorical,"Binary indicator of kidney stone presence or history, a urological condition involving mineral crystal deposits in the renal system",,1.0,10,3396,21,1.0
medical_conditions,Hearing loss,auc,0.45717880071273154,-0.16449971482493897,False,0.0,long_seq,activity_sit_to_stand,Age_Gender_BMI_height_VAT,0.6216785155376705,male,categorical,"Hearing loss diagnosis - reduced ability to hear sound, ranging from mild to complete loss across frequency ranges",,1.0,10,3396,140,1.0
medical_conditions,Glaucoma,auc,0.46201009291138045,-0.1668066200755714,False,0.0,long_seq,activity_sit_to_stand,Age_Gender_BMI_height_VAT,0.6288167129869519,male,categorical,Glaucoma diagnosis - an eye disease involving optic nerve damage typically associated with elevated intraocular pressure,,1.0,10,3396,21,1.0
medical_conditions,Atrial Fibrillation,auc,0.6810742665036675,-0.1684831205537196,False,0.0,long_seq,activity_sit_to_stand,Age_Gender_BMI_height_VAT,0.8495573870573871,male,categorical,"Binary indicator of atrial fibrillation, a cardiac arrhythmia characterized by irregular heartbeat and associated coagulation/inflammation biomarkers",,1.0,10,3396,14,1.0
medical_conditions,Breast fibrocystic change,auc,0.5939116422720557,-0.1700059663420761,False,0.0,long_seq,activity_sit_to_stand,Age_Gender_BMI_height_VAT,0.7639176086141318,all,categorical,Benign breast condition characterized by cysts and fibrosis in breast tissue,,1.0,10,3396,11,1.0
medical_conditions,Iron Defficiency,auc,0.3415188787185354,-0.17295405575439898,False,0.0,long_seq,activity_sit_to_stand,Age_Gender_BMI_height_VAT,0.5144729344729344,female,categorical,"Deficiency of iron, causing reduced hemoglobin and oxygen-carrying capacity",,1.0,10,3396,10,1.0
medical_conditions,Renal Stones,auc,0.5580712522045855,-0.17694929265638482,False,0.0,long_seq,activity_sit_to_stand,Age_Gender_BMI_height_VAT,0.7350205448609703,all,categorical,"Binary indicator of kidney stone presence or history, a urological condition involving mineral crystal deposits in the renal system",,1.0,10,3396,21,1.0
medical_conditions,Retinal detachment,auc,0.5935202205882353,-0.18300976717186257,False,0.0,long_seq,activity_sit_to_stand,Age_Gender_BMI_height_VAT,0.7765299877600979,male,categorical,"Presence or absence of retinal detachment, an ophthalmologic emergency where the retina separates from the back of the eye",,1.0,10,3396,28,1.0
medical_conditions,Atrial Fibrillation,auc,0.6374524795133902,-0.18592215175504634,False,0.0,long_seq,activity_sit_to_stand,Age_Gender_BMI_height_VAT,0.8233746312684366,all,categorical,"Binary indicator of atrial fibrillation, a cardiac arrhythmia characterized by irregular heartbeat and associated coagulation/inflammation biomarkers",,1.0,10,3396,14,1.0
medical_conditions,Anal abscess,auc,0.44967972195813777,-0.18692611632333078,False,0.0,long_seq,activity_sit_to_stand,Age_Gender_BMI_height_VAT,0.6366058382814686,all,categorical,Anal abscess diagnosis - a localized collection of pus near the anus caused by bacterial infection,,1.0,10,3396,19,1.0
medical_conditions,AV. Conduction Disorder,auc,0.42619347452776185,-0.1881622837390568,False,0.0,long_seq,activity_sit_to_stand,Age_Gender_BMI_height_VAT,0.6143557582668187,female,categorical,Atrioventricular conduction disorder - abnormal electrical conduction between the atria and ventricles of the heart,,0.998046875,10,3396,9,1.0
medical_conditions,Anal abscess,auc,0.5406198937908495,-0.18870487161102723,False,0.0,long_seq,activity_sit_to_stand,Age_Gender_BMI_height_VAT,0.7293247654018767,male,categorical,Anal abscess diagnosis - a localized collection of pus near the anus caused by bacterial infection,,1.0,10,3396,19,1.0
medical_conditions,Meniscus Tears,auc,0.43372705018359853,-0.1936415317234919,False,0.0,long_seq,activity_sit_to_stand,Age_Gender_BMI_height_VAT,0.6273685819070904,male,categorical,Tear or rupture of the meniscus cartilage in the knee joint,,1.0,10,3396,18,1.0
medical_conditions,IBS,auc,0.4168500623441396,-0.20287752171563617,False,0.0,long_seq,activity_sit_to_stand,Age_Gender_BMI_height_VAT,0.6197275840597758,male,categorical,"Binary diagnosis flag for Irritable Bowel Syndrome, a gastrointestinal disorder",,1.0,10,3396,104,1.0
medical_conditions,Erectile Dysfunction,auc,0.5885617247489664,-0.2032203076516227,False,0.0,long_seq,activity_sit_to_stand,Age_Gender_BMI_height_VAT,0.7917820324005891,all,categorical,Inability to achieve or maintain erections sufficient for sexual function,,1.0,10,3396,10,1.0
medical_conditions,Hypercoagulability ,auc,0.3723324970484061,-0.20794789741729902,False,0.0,long_seq,activity_sit_to_stand,Age_Gender_BMI_height_VAT,0.5802803944657051,all,categorical,,,1.0,10,3396,8,1.0
medical_conditions,Atrial Fibrillation,auc,0.5824933180603284,-0.20947504462721234,False,0.0,long_seq,activity_sit_to_stand,Age_Gender_BMI_height_VAT,0.7919683626875408,female,categorical,"Binary indicator of atrial fibrillation, a cardiac arrhythmia characterized by irregular heartbeat and associated coagulation/inflammation biomarkers",,1.0,10,3396,14,1.0
medical_conditions,Hypercoagulability ,auc,0.37591352009744206,-0.24513270861302017,False,0.0,long_seq,activity_sit_to_stand,Age_Gender_BMI_height_VAT,0.6210462287104622,male,categorical,,,0.9970703125,10,3396,8,1.0
medical_conditions,Tinnitus,auc,0.31075514874141874,-0.2926313962984901,False,0.0,long_seq,activity_sit_to_stand,Age_Gender_BMI_height_VAT,0.6033865450399089,female,categorical,"Binary indicator of tinnitus, an auditory condition characterized by perception of ringing or noise in the ears",,1.0,10,3396,12,1.0
medical_conditions,Polycystic Ovary Disease,auc,,,,,long_seq,activity_sit_to_stand,Age_Gender_BMI_height_VAT,,male,categorical,"Binary diagnosis flag for Polycystic Ovary Disease (PCOS), a hormonal endocrine disorder",,,10,3396,75,
medical_conditions,Perimenopausal Disorders,auc,,,,,long_seq,activity_sit_to_stand,Age_Gender_BMI_height_VAT,,male,categorical,"Presence or absence of disorders related to the perimenopausal period (transition to menopause), including hormonal fluctuations and associated symptoms",,,10,3396,16,
medical_conditions,Breast Cancer,auc,,,,,long_seq,activity_sit_to_stand,Age_Gender_BMI_height_VAT,,male,categorical,"Binary indicator of breast cancer diagnosis, a malignant neoplasm assessed using biomarkers for diagnosis and treatment planning",,,10,3396,41,
medical_conditions,Breast fibrocystic change,auc,,,,,long_seq,activity_sit_to_stand,Age_Gender_BMI_height_VAT,,male,categorical,Benign breast condition characterized by cysts and fibrosis in breast tissue,,,10,3396,11,
medical_conditions,Erectile Dysfunction,auc,,,,,long_seq,activity_sit_to_stand,Age_Gender_BMI_height_VAT,,female,categorical,Inability to achieve or maintain erections sufficient for sexual function,,,10,3396,10,
medical_conditions,Endometriosis and Adenomyosis,auc,,,,,long_seq,activity_sit_to_stand,Age_Gender_BMI_height_VAT,,male,categorical,"Presence or absence of endometriosis and/or adenomyosis, gynecologic conditions involving abnormal uterine tissue growth causing pain and infertility",,,10,3396,58,
medical_conditions,Myocarditis,auc,0.809525171624714,0.5762203283198708,True,1.0,long_seq,activity_stationary_walk,Age_Gender_BMI_height_VAT,0.2333048433048433,female,categorical,"Binary indicator of myocarditis diagnosis (inflammation of the heart muscle). Values represent presence/absence of the condition, potentially linked to biomarkers like sST2 that correlate with disease severity.",,0.0009765625,10,3395,9,0.0072265624999999995
medical_conditions,Urinary tract infection,auc,0.512187690432663,0.32754657121125186,True,1.0,long_seq,activity_stationary_walk,Age_Gender_BMI_height_VAT,0.18464111922141116,male,categorical,"Presence or absence of urinary tract infection (UTI), a bacterial infection affecting the urinary system",,0.0009765625,10,3395,299,0.00498046875
medical_conditions,IBD,auc,0.5748826559816829,0.3054869889349326,True,1.0,long_seq,activity_stationary_walk,Age_Gender_BMI_height_VAT,0.2693956670467503,female,categorical,"Binary indicator of Inflammatory Bowel Disease, a chronic gastrointestinal condition (Crohn's disease or ulcerative colitis)",,0.0009765625,10,3395,11,0.0072265624999999995
medical_conditions,Myocarditis,auc,0.5484051978735971,0.3007314640691213,True,1.0,long_seq,activity_stationary_walk,Age_Gender_BMI_height_VAT,0.2476737338044758,all,categorical,"Binary indicator of myocarditis diagnosis (inflammation of the heart muscle). Values represent presence/absence of the condition, potentially linked to biomarkers like sST2 that correlate with disease severity.",,0.0009765625,10,3395,9,0.018229166666666668
medical_conditions,Hypercholesterolaemia,auc,0.47164373088685013,0.28211381635693566,True,1.0,long_seq,activity_stationary_walk,Age_Gender_BMI_height_VAT,0.18952991452991447,male,categorical,"Binary diagnosis flag for hypercholesterolemia, elevated cholesterol levels in blood",,0.0009765625,10,3395,13,0.00498046875
medical_conditions,Thalassemia,auc,0.5462934716290422,0.2618537639554734,True,1.0,long_seq,activity_stationary_walk,Age_Gender_BMI_height_VAT,0.2844397076735688,male,categorical,Binary indicator of thalassemia diagnosis (hereditary blood disorder characterized by deficient beta-globin chain synthesis causing anemia). Represents presence/absence of this genetic hematologic condition.,,0.0009765625,10,3395,14,0.00498046875
medical_conditions,Iron Defficiency,auc,0.5665953980859296,0.22471531678511664,True,1.0,long_seq,activity_stationary_walk,Age_Gender_BMI_height_VAT,0.341880081300813,male,categorical,"Deficiency of iron, causing reduced hemoglobin and oxygen-carrying capacity",,0.0009765625,10,3395,10,0.00498046875
medical_conditions,Hypercholesterolaemia,auc,0.5002633085289068,0.20923708275923747,True,1.0,long_seq,activity_stationary_walk,Age_Gender_BMI_height_VAT,0.2910262257696693,female,categorical,"Binary diagnosis flag for hypercholesterolemia, elevated cholesterol levels in blood",,0.0009765625,10,3395,13,0.0072265624999999995
medical_conditions,Goiter,auc,0.5446138211382113,0.19035332205117544,True,1.0,long_seq,activity_stationary_walk,Age_Gender_BMI_height_VAT,0.3542604990870359,male,categorical,Enlargement of the thyroid gland,,0.0009765625,10,3395,11,0.00498046875
medical_conditions,Uveitis,auc,0.7042570609905854,0.18128739367160307,True,1.0,long_seq,activity_stationary_walk,Age_Gender_BMI_height_VAT,0.5229696673189823,female,categorical,"Binary indicator of uveitis, an inflammatory condition affecting the uvea (middle layer of the eye) causing redness, pain, and vision problems",,0.0009765625,10,3395,11,0.0072265624999999995
medical_conditions,Hashimoto,auc,0.5217865874956339,0.15092456361347584,True,1.0,long_seq,activity_stationary_walk,Age_Gender_BMI_height_VAT,0.37086202388215805,male,categorical,"Binary diagnosis flag for Hashimoto's thyroiditis, an autoimmune thyroid disease",,0.001953125,10,3395,20,0.007662259615384616
medical_conditions,Hypercholesterolaemia,auc,0.4872697084110449,0.14483955601626985,True,1.0,long_seq,activity_stationary_walk,Age_Gender_BMI_height_VAT,0.34243015239477503,all,categorical,"Binary diagnosis flag for hypercholesterolemia, elevated cholesterol levels in blood",,0.0009765625,10,3395,13,0.018229166666666668
medical_conditions,IBD,auc,0.599006017623039,0.14296862543361377,True,1.0,long_seq,activity_stationary_walk,Age_Gender_BMI_height_VAT,0.4560373921894252,all,categorical,"Binary indicator of Inflammatory Bowel Disease, a chronic gastrointestinal condition (Crohn's disease or ulcerative colitis)",,0.001953125,10,3395,11,0.021875
medical_conditions,Anal Fissure,auc,0.5513207412177147,0.13804489146050247,True,1.0,long_seq,activity_stationary_walk,Age_Gender_BMI_height_VAT,0.4132758497572122,male,categorical,Anal fissure diagnosis - a small tear in the tissue lining the anus causing pain and bleeding,,0.0009765625,10,3395,196,0.00498046875
medical_conditions,Fibromyalgia,auc,0.5533088983913663,0.12071743497673226,True,1.0,long_seq,activity_stationary_walk,Age_Gender_BMI_height_VAT,0.43259146341463406,male,categorical,"Presence or absence of fibromyalgia, a chronic pain syndrome characterized by widespread musculoskeletal pain, fatigue, and sleep disturbances",,0.001953125,10,3395,34,0.007662259615384616
medical_conditions,Uveitis,auc,0.41958511287370337,0.1179712273682223,True,1.0,long_seq,activity_stationary_walk,Age_Gender_BMI_height_VAT,0.30161388550548107,male,categorical,"Binary indicator of uveitis, an inflammatory condition affecting the uvea (middle layer of the eye) causing redness, pain, and vision problems",,0.001953125,10,3395,11,0.007662259615384616
medical_conditions,AV. Conduction Disorder,auc,0.7427394752898109,0.11502936566739907,True,1.0,long_seq,activity_stationary_walk,Age_Gender_BMI_height_VAT,0.6277101096224118,male,categorical,Atrioventricular conduction disorder - abnormal electrical conduction between the atria and ventricles of the heart,,0.0009765625,10,3395,9,0.00498046875
medical_conditions,Urinary Tract Stones,auc,0.5954301385681293,0.11464807991373027,True,1.0,long_seq,activity_stationary_walk,Age_Gender_BMI_height_VAT,0.48078205865439905,female,categorical,"Presence or absence of urolithiasis (kidney or urinary tract stones), mineral deposits that form in the urinary system",,0.0009765625,10,3395,83,0.0072265624999999995
medical_conditions,Uveitis,auc,0.6024446593595529,0.11429712627978644,True,1.0,long_seq,activity_stationary_walk,Age_Gender_BMI_height_VAT,0.4881475330797665,all,categorical,"Binary indicator of uveitis, an inflammatory condition affecting the uvea (middle layer of the eye) causing redness, pain, and vision problems",,0.0009765625,10,3395,11,0.018229166666666668
medical_conditions,Sinusitis,auc,0.6032631012083067,0.09524233961389683,True,1.0,long_seq,activity_stationary_walk,Age_Gender_BMI_height_VAT,0.5080207615944099,male,categorical,"Presence or absence of sinusitis, inflammation of the tissues in the sinuses causing facial pain, nasal congestion, and other symptoms",,0.0009765625,10,3395,124,0.00498046875
medical_conditions,Depression,auc,0.6510509765711501,0.09414721270013748,True,1.0,long_seq,activity_stationary_walk,Age_Gender_BMI_height_VAT,0.5569037638710126,female,categorical,"Major depressive disorder diagnosis - a mental health condition characterized by persistent depressed mood, loss of interest, and neurobiological changes",,0.0009765625,10,3395,107,0.0072265624999999995
medical_conditions,Vitiligo,auc,0.5180320906087778,0.09392355982541539,True,1.0,long_seq,activity_stationary_walk,Age_Gender_BMI_height_VAT,0.42410853078336236,male,categorical,"Binary indicator of vitiligo diagnosis status, a chronic autoimmune skin condition characterized by loss of skin pigmentation due to melanocyte destruction",,0.001953125,10,3395,17,0.007662259615384616
medical_conditions,Myocarditis,auc,0.3090842490842491,0.09108303031520582,True,1.0,long_seq,activity_stationary_walk,Age_Gender_BMI_height_VAT,0.21800121876904327,male,categorical,"Binary indicator of myocarditis diagnosis (inflammation of the heart muscle). Values represent presence/absence of the condition, potentially linked to biomarkers like sST2 that correlate with disease severity.",,0.0048828125,10,3395,9,0.017174030172413795
medical_conditions,Heart valve disease,auc,0.5577536231884057,0.0836785073267432,True,1.0,long_seq,activity_stationary_walk,Age_Gender_BMI_height_VAT,0.4740751158616625,male,categorical,"Binary diagnosis flag for heart valve disease, a cardiac condition affecting heart valve function",,0.0009765625,10,3395,43,0.00498046875
medical_conditions,Anemia,auc,0.5513811297330851,0.08142488747781862,True,1.0,long_seq,activity_stationary_walk,Age_Gender_BMI_height_VAT,0.46995624225526644,male,categorical,"Presence or absence of anemia, a condition characterized by insufficient red blood cells or hemoglobin to carry adequate oxygen",,0.0009765625,10,3395,173,0.00498046875
medical_conditions,Anal Fissure,auc,0.5192928593756978,0.07852955654755506,True,1.0,long_seq,activity_stationary_walk,Age_Gender_BMI_height_VAT,0.44076330282814274,all,categorical,Anal fissure diagnosis - a small tear in the tissue lining the anus causing pain and bleeding,,0.0009765625,10,3395,196,0.018229166666666668
medical_conditions,Peptic Ulcer Disease,auc,0.5585459129171474,0.07276338674053262,True,1.0,long_seq,activity_stationary_walk,Age_Gender_BMI_height_VAT,0.48578252617661477,male,categorical,"Binary diagnosis flag for Peptic Ulcer Disease, erosion of GI tract lining",,0.0009765625,10,3395,55,0.00498046875
medical_conditions,Iron Defficiency,auc,0.5219202363367799,0.06836206255180194,True,1.0,long_seq,activity_stationary_walk,Age_Gender_BMI_height_VAT,0.4535581737849779,all,categorical,"Deficiency of iron, causing reduced hemoglobin and oxygen-carrying capacity",,0.001953125,10,3395,10,0.021875
medical_conditions,Diabetes,auc,0.5702896756622927,0.0678717136588386,True,1.0,long_seq,activity_stationary_walk,Age_Gender_BMI_height_VAT,0.5024179620034541,female,categorical,"Presence or absence of diabetes mellitus, a metabolic disorder affecting blood glucose regulation",,0.0009765625,10,3395,51,0.0072265624999999995
medical_conditions,Lactose Intolerance,auc,0.5672405372405371,0.059964486052237254,True,1.0,long_seq,activity_stationary_walk,Age_Gender_BMI_height_VAT,0.5072760511882999,male,categorical,Inability to digest lactose sugar due to insufficient lactase enzyme,,0.001953125,10,3395,11,0.007662259615384616
medical_conditions,Meniscus Tears,auc,0.5509102637614679,0.059712376839708925,True,1.0,long_seq,activity_stationary_walk,Age_Gender_BMI_height_VAT,0.491197886921759,female,categorical,Tear or rupture of the meniscus cartilage in the knee joint,,0.001953125,10,3395,18,0.012752757352941178
medical_conditions,Insomnia,auc,0.527842190016103,0.057395620324978136,True,1.0,long_seq,activity_stationary_walk,Age_Gender_BMI_height_VAT,0.47044656969112486,male,categorical,Insomnia diagnosis - sleep disorder characterized by persistent difficulty falling or staying asleep,,0.0029296875,10,3395,48,0.010672433035714284
medical_conditions,Depression,auc,0.6335993814948724,0.05683529180615421,True,1.0,long_seq,activity_stationary_walk,Age_Gender_BMI_height_VAT,0.5767640896887182,all,categorical,"Major depressive disorder diagnosis - a mental health condition characterized by persistent depressed mood, loss of interest, and neurobiological changes",,0.0009765625,10,3395,107,0.018229166666666668
medical_conditions,Diabetes,auc,0.5244162016945649,0.05591166374076956,True,1.0,long_seq,activity_stationary_walk,Age_Gender_BMI_height_VAT,0.4685045379537954,male,categorical,"Presence or absence of diabetes mellitus, a metabolic disorder affecting blood glucose regulation",,0.0009765625,10,3395,51,0.00498046875
medical_conditions,Tinnitus,auc,0.6588672768878718,0.05548073184796298,True,0.0,long_seq,activity_stationary_walk,Age_Gender_BMI_height_VAT,0.6033865450399089,female,categorical,"Binary indicator of tinnitus, an auditory condition characterized by perception of ringing or noise in the ears",,0.0322265625,10,3395,12,0.16259765625
medical_conditions,Anal Fissure,auc,0.49151573855429975,0.05366175095028647,True,1.0,long_seq,activity_stationary_walk,Age_Gender_BMI_height_VAT,0.4378539876040133,female,categorical,Anal fissure diagnosis - a small tear in the tissue lining the anus causing pain and bleeding,,0.0009765625,10,3395,196,0.0072265624999999995
medical_conditions,Depression,auc,0.5886618839675608,0.05166157263505777,True,1.0,long_seq,activity_stationary_walk,Age_Gender_BMI_height_VAT,0.537000311332503,male,categorical,"Major depressive disorder diagnosis - a mental health condition characterized by persistent depressed mood, loss of interest, and neurobiological changes",,0.0009765625,10,3395,107,0.00498046875
medical_conditions,Renal Stones,auc,0.6380577803203662,0.05020877747136332,True,0.0,long_seq,activity_stationary_walk,Age_Gender_BMI_height_VAT,0.5878490028490029,female,categorical,"Binary indicator of kidney stone presence or history, a urological condition involving mineral crystal deposits in the renal system",,0.0654296875,10,3395,21,0.2905078125
medical_conditions,Psoriasis,auc,0.5098756307660942,0.046321987272604614,True,1.0,long_seq,activity_stationary_walk,Age_Gender_BMI_height_VAT,0.4635536434934896,female,categorical,"Binary diagnosis flag for Psoriasis, an autoimmune skin condition",,0.0009765625,10,3395,88,0.0072265624999999995
medical_conditions,Headache,auc,0.545446266949482,0.0416571984011842,True,1.0,long_seq,activity_stationary_walk,Age_Gender_BMI_height_VAT,0.5037890685482977,female,categorical,"Headache diagnosis - pain in the head or upper neck region, which may indicate primary headache disorders or secondary conditions",,0.0009765625,10,3395,79,0.0072265624999999995
medical_conditions,IBD,auc,0.6180309509264916,0.03776672328421515,True,0.0,long_seq,activity_stationary_walk,Age_Gender_BMI_height_VAT,0.5802642276422765,male,categorical,"Binary indicator of Inflammatory Bowel Disease, a chronic gastrointestinal condition (Crohn's disease or ulcerative colitis)",,0.0654296875,10,3395,11,0.2022372159090909
medical_conditions,Diabetes,auc,0.5549019607843138,0.037359690945592994,True,1.0,long_seq,activity_stationary_walk,Age_Gender_BMI_height_VAT,0.5175422698387208,all,categorical,"Presence or absence of diabetes mellitus, a metabolic disorder affecting blood glucose regulation",,0.001953125,10,3395,51,0.021875
medical_conditions,IBS,auc,0.6444731202407552,0.03602974543374404,True,1.0,long_seq,activity_stationary_walk,Age_Gender_BMI_height_VAT,0.6084433748070112,female,categorical,"Binary diagnosis flag for Irritable Bowel Syndrome, a gastrointestinal disorder",,0.0009765625,10,3395,105,0.0072265624999999995
medical_conditions,AV. Conduction Disorder,auc,0.6554341405788541,0.034887091763254,True,0.0,long_seq,activity_stationary_walk,Age_Gender_BMI_height_VAT,0.6205470488156001,all,categorical,Atrioventricular conduction disorder - abnormal electrical conduction between the atria and ventricles of the heart,,0.052734375,10,3395,9,0.369140625
medical_conditions,Atherosclerotic,auc,0.6799429851354103,0.03416554611102007,True,0.0,long_seq,activity_stationary_walk,Age_Gender_BMI_height_VAT,0.6457774390243902,male,categorical,"Binary indicator of atherosclerotic disease, characterized by buildup of plaque in arteries and associated cardiovascular complications",,0.1611328125,10,3395,15,0.45654296874999994
medical_conditions,Heart valve disease,auc,0.5190035799522673,0.030856643604855016,True,1.0,long_seq,activity_stationary_walk,Age_Gender_BMI_height_VAT,0.4881469363474123,all,categorical,"Binary diagnosis flag for heart valve disease, a cardiac condition affecting heart valve function",,0.0048828125,10,3395,43,0.04557291666666667
medical_conditions,Gout,auc,0.5296000000000001,0.029713830392714913,True,0.0,long_seq,activity_stationary_walk,Age_Gender_BMI_height_VAT,0.49988616960728516,female,categorical,"Presence or absence of gout, an inflammatory arthritis caused by uric acid crystal deposition, characterized by acute painful attacks in joints",,0.1162109375,10,3395,26,0.47775607638888884
medical_conditions,Peptic Ulcer Disease,auc,0.5322547632008711,0.02493725980874073,True,0.0,long_seq,activity_stationary_walk,Age_Gender_BMI_height_VAT,0.5073175033921303,all,categorical,"Binary diagnosis flag for Peptic Ulcer Disease, erosion of GI tract lining",,0.0185546875,10,3395,55,0.13854166666666667
medical_conditions,B12 Deficiency,auc,0.5587159060221442,0.023121229472278793,True,1.0,long_seq,activity_stationary_walk,Age_Gender_BMI_height_VAT,0.5355946765498654,male,categorical,"Vitamin B12 deficiency diagnosis - insufficient levels of cobalamin affecting DNA synthesis, metabolism, and neurological function",,0.0029296875,10,3395,165,0.010672433035714284
medical_conditions,Asthma,auc,0.5339529226586535,0.01740550763437476,True,0.0,long_seq,activity_stationary_walk,Age_Gender_BMI_height_VAT,0.5165474150242787,male,categorical,"Asthma diagnosis - a chronic inflammatory airway disease characterized by reversible airflow obstruction, bronchial hyperresponsiveness, and inflammation",,0.0185546875,10,3395,189,0.0630859375
medical_conditions,Asthma,auc,0.5383592932563612,0.01661220857395318,True,0.0,long_seq,activity_stationary_walk,Age_Gender_BMI_height_VAT,0.521747084682408,all,categorical,"Asthma diagnosis - a chronic inflammatory airway disease characterized by reversible airflow obstruction, bronchial hyperresponsiveness, and inflammation",,0.0068359375,10,3395,189,0.05889423076923077
medical_conditions,Breast Cancer,auc,0.4392211087511225,0.01658417982071564,True,0.0,long_seq,activity_stationary_walk,Age_Gender_BMI_height_VAT,0.4226369289304069,female,categorical,"Binary indicator of breast cancer diagnosis, a malignant neoplasm assessed using biomarkers for diagnosis and treatment planning",,0.1376953125,10,3395,41,0.5458635602678572
medical_conditions,Atopic Dermatitis,auc,0.5069163080790988,0.016274719429354545,True,0.0,long_seq,activity_stationary_walk,Age_Gender_BMI_height_VAT,0.4906415886497443,male,categorical,"Presence or absence of atopic dermatitis (eczema), a chronic inflammatory skin condition characterized by itching and skin barrier dysfunction",,0.052734375,10,3395,118,0.1680908203125
medical_conditions,Asthma,auc,0.5427609427609428,0.016159993509391124,True,1.0,long_seq,activity_stationary_walk,Age_Gender_BMI_height_VAT,0.5266009492515517,female,categorical,"Asthma diagnosis - a chronic inflammatory airway disease characterized by reversible airflow obstruction, bronchial hyperresponsiveness, and inflammation",,0.0068359375,10,3395,189,0.03993626644736842
medical_conditions,Atherosclerotic,auc,0.7348303747534517,0.016141092550895242,True,0.0,long_seq,activity_stationary_walk,Age_Gender_BMI_height_VAT,0.7186892822025565,all,categorical,"Binary indicator of atherosclerotic disease, characterized by buildup of plaque in arteries and associated cardiovascular complications",,0.1875,10,3395,15,1.0
medical_conditions,Hashimoto,auc,0.3939576237448578,0.015847217541668124,True,0.0,long_seq,activity_stationary_walk,Age_Gender_BMI_height_VAT,0.3781104062031897,female,categorical,"Binary diagnosis flag for Hashimoto's thyroiditis, an autoimmune thyroid disease",,0.1875,10,3395,20,0.7176724137931034
medical_conditions,Melanoma,auc,0.7004164115125537,0.011088783150695503,True,0.0,long_seq,activity_stationary_walk,Age_Gender_BMI_height_VAT,0.6893276283618582,male,categorical,"Binary indicator of melanoma diagnosis, a malignant skin cancer with highest mortality risk among skin cancers",,0.24609375,10,3395,16,0.6784206081081081
medical_conditions,Sleep Apnea,auc,0.6456292607455397,0.010239336993006165,True,0.0,long_seq,activity_stationary_walk,Age_Gender_BMI_height_VAT,0.6353899237525336,male,categorical,"Binary diagnosis flag for Sleep Apnea, a sleep-related breathing disorder",,0.1376953125,10,3395,73,0.4130859375
medical_conditions,Atherosclerotic,auc,0.7698285204309301,0.009244393446803056,True,0.0,long_seq,activity_stationary_walk,Age_Gender_BMI_height_VAT,0.760584126984127,female,categorical,"Binary indicator of atherosclerotic disease, characterized by buildup of plaque in arteries and associated cardiovascular complications",,0.3125,10,3395,15,1.0
medical_conditions,Meniscus Tears,auc,0.5889497581679992,0.008758340000496023,True,0.0,long_seq,activity_stationary_walk,Age_Gender_BMI_height_VAT,0.5801914181675032,all,categorical,Tear or rupture of the meniscus cartilage in the knee joint,,0.2158203125,10,3395,18,1.0
medical_conditions,Goiter,auc,0.5207568807339449,0.006846972110301275,True,0.0,long_seq,activity_stationary_walk,Age_Gender_BMI_height_VAT,0.5139099086236436,female,categorical,Enlargement of the thyroid gland,,0.4228515625,10,3395,11,1.0
medical_conditions,Breast fibrocystic change,auc,0.5450890292935096,0.003441432039505088,True,0.0,long_seq,activity_stationary_walk,Age_Gender_BMI_height_VAT,0.5416475972540045,female,categorical,Benign breast condition characterized by cysts and fibrosis in breast tissue,,0.5771484375,10,3395,11,1.0
medical_conditions,Tinnitus,auc,0.43096330275229355,4.907808806886571e-05,True,0.0,long_seq,activity_stationary_walk,Age_Gender_BMI_height_VAT,0.4309142246642247,male,categorical,"Binary indicator of tinnitus, an auditory condition characterized by perception of ringing or noise in the ears",,0.5771484375,10,3395,12,1.0
medical_conditions,Haemorrhoids,auc,0.5316670342326447,-0.0007081201053218411,False,0.0,long_seq,activity_stationary_walk,Age_Gender_BMI_height_VAT,0.5323751543379666,male,categorical,Hemorrhoids (piles) diagnosis - swollen veins in the rectal or anal area causing discomfort and bleeding,,0.8125,10,3395,646,1.0
medical_conditions,Urinary tract infection,auc,0.7512107541935651,-0.003051027838835485,False,0.0,long_seq,activity_stationary_walk,Age_Gender_BMI_height_VAT,0.7542617820324006,all,categorical,"Presence or absence of urinary tract infection (UTI), a bacterial infection affecting the urinary system",,0.8125,10,3395,299,1.0
medical_conditions,Anxiety,auc,0.473879981806811,-0.003614059732174324,False,0.0,long_seq,activity_stationary_walk,Age_Gender_BMI_height_VAT,0.47749404153898534,male,categorical,"Anxiety disorder diagnosis - a mental health condition characterized by persistent worry, fear, or panic",,0.6875,10,3395,122,1.0
medical_conditions,Glaucoma,auc,0.6673666857798165,-0.0038711782978534393,False,0.0,long_seq,activity_stationary_walk,Age_Gender_BMI_height_VAT,0.6712378640776699,female,categorical,Glaucoma diagnosis - an eye disease involving optic nerve damage typically associated with elevated intraocular pressure,,0.5390625,10,3395,21,1.0
medical_conditions,Breast Cancer,auc,0.6987993949706939,-0.006340392158449837,False,0.0,long_seq,activity_stationary_walk,Age_Gender_BMI_height_VAT,0.7051397871291437,all,categorical,"Binary indicator of breast cancer diagnosis, a malignant neoplasm assessed using biomarkers for diagnosis and treatment planning",,0.6875,10,3395,41,1.0
medical_conditions,Tinnitus,auc,0.5301778500344863,-0.006816435161449919,False,0.0,long_seq,activity_stationary_walk,Age_Gender_BMI_height_VAT,0.5369942851959362,all,categorical,"Binary indicator of tinnitus, an auditory condition characterized by perception of ringing or noise in the ears",,0.6875,10,3395,12,1.0
medical_conditions,Haemorrhoids,auc,0.5349898696627087,-0.007788424309694619,False,0.0,long_seq,activity_stationary_walk,Age_Gender_BMI_height_VAT,0.5427782939724033,all,categorical,Hemorrhoids (piles) diagnosis - swollen veins in the rectal or anal area causing discomfort and bleeding,,0.990234375,10,3395,646,1.0
medical_conditions,Fractures,auc,0.5483896982310094,-0.0081124098398907,False,0.0,long_seq,activity_stationary_walk,Age_Gender_BMI_height_VAT,0.5565021080709001,male,categorical,Fracture diagnosis - break or crack in bone structure,,0.947265625,10,3395,297,1.0
medical_conditions,Hashimoto,auc,0.4446933333333333,-0.00813015263417044,False,0.0,long_seq,activity_stationary_walk,Age_Gender_BMI_height_VAT,0.4528234859675037,all,categorical,"Binary diagnosis flag for Hashimoto's thyroiditis, an autoimmune thyroid disease",,0.7216796875,10,3395,20,1.0
medical_conditions,Back Pain,auc,0.5459159978412742,-0.00867501847361174,False,0.0,long_seq,activity_stationary_walk,Age_Gender_BMI_height_VAT,0.5545910163148859,male,categorical,"Back pain diagnosis - musculoskeletal pain in the lumbar, thoracic, or cervical spine regions",,1.0,10,3395,606,1.0
medical_conditions,Psoriasis,auc,0.5019772108750035,-0.008688574199132604,False,0.0,long_seq,activity_stationary_walk,Age_Gender_BMI_height_VAT,0.5106657850741361,all,categorical,"Binary diagnosis flag for Psoriasis, an autoimmune skin condition",,0.8623046875,10,3395,88,1.0
medical_conditions,Heart valve disease,auc,0.47830831408775987,-0.009135619207237267,False,0.0,long_seq,activity_stationary_walk,Age_Gender_BMI_height_VAT,0.48744393329499713,female,categorical,"Binary diagnosis flag for heart valve disease, a cardiac condition affecting heart valve function",,0.75390625,10,3395,43,1.0
medical_conditions,Urinary tract infection,auc,0.47770557811794917,-0.009183824914991645,False,0.0,long_seq,activity_stationary_walk,Age_Gender_BMI_height_VAT,0.4868894030329408,female,categorical,"Presence or absence of urinary tract infection (UTI), a bacterial infection affecting the urinary system",,0.919921875,10,3395,299,1.0
medical_conditions,IBS,auc,0.609073382544507,-0.010744799273674777,False,0.0,long_seq,activity_stationary_walk,Age_Gender_BMI_height_VAT,0.6198181818181818,all,categorical,"Binary diagnosis flag for Irritable Bowel Syndrome, a gastrointestinal disorder",,0.9580078125,10,3395,105,1.0
medical_conditions,Goiter,auc,0.5397082527401676,-0.011968503032050659,False,0.0,long_seq,activity_stationary_walk,Age_Gender_BMI_height_VAT,0.5516767557722183,all,categorical,Enlargement of the thyroid gland,,0.75390625,10,3395,11,1.0
medical_conditions,Haemorrhoids,auc,0.5375358255516459,-0.012610476453661423,False,0.0,long_seq,activity_stationary_walk,Age_Gender_BMI_height_VAT,0.5501463020053073,female,categorical,Hemorrhoids (piles) diagnosis - swollen veins in the rectal or anal area causing discomfort and bleeding,,0.9970703125,10,3395,646,1.0
medical_conditions,Insomnia,auc,0.4485403595259436,-0.015289572953452624,False,0.0,long_seq,activity_stationary_walk,Age_Gender_BMI_height_VAT,0.46382993247939625,all,categorical,Insomnia diagnosis - sleep disorder characterized by persistent difficulty falling or staying asleep,,0.9580078125,10,3395,48,1.0
medical_conditions,Allergy,auc,0.5491342176136849,-0.015601781150770044,False,0.0,long_seq,activity_stationary_walk,Age_Gender_BMI_height_VAT,0.5647359987644549,female,categorical,Presence or absence of allergic conditions - abnormal immune response to environmental or substance triggers,,1.0,10,3395,680,1.0
medical_conditions,Vitiligo,auc,0.2643735697940503,-0.01627457835409779,False,0.0,long_seq,activity_stationary_walk,Age_Gender_BMI_height_VAT,0.2806481481481481,female,categorical,"Binary indicator of vitiligo diagnosis status, a chronic autoimmune skin condition characterized by loss of skin pigmentation due to melanocyte destruction",,0.6875,10,3395,17,1.0
medical_conditions,G6PD,auc,0.41008934072704867,-0.018640671573074308,False,0.0,long_seq,activity_stationary_walk,Age_Gender_BMI_height_VAT,0.428730012300123,male,categorical,"Presence or absence of glucose-6-phosphate dehydrogenase (G6PD) deficiency, an inherited enzyme deficiency affecting red blood cell metabolism",,0.9755859375,10,3395,35,1.0
medical_conditions,ADHD,auc,0.5627155495576549,-0.020113343808511708,False,0.0,long_seq,activity_stationary_walk,Age_Gender_BMI_height_VAT,0.5828288933661666,female,categorical,Attention-Deficit/Hyperactivity Disorder diagnosis flag - a neurodevelopmental condition characterized by persistent patterns of inattention and/or hyperactivity-impulsivity,,1.0,10,3395,521,1.0
medical_conditions,Meniscus Tears,auc,0.6059399877526025,-0.021428594154487945,False,0.0,long_seq,activity_stationary_walk,Age_Gender_BMI_height_VAT,0.6273685819070904,male,categorical,Tear or rupture of the meniscus cartilage in the knee joint,,0.8837890625,10,3395,18,1.0
medical_conditions,Gallstone Disease,auc,0.5729133915841041,-0.02143414892093154,False,0.0,long_seq,activity_stationary_walk,Age_Gender_BMI_height_VAT,0.5943475405050357,male,categorical,"Presence or absence of cholelithiasis (gallstone disease), characterized by formation of stones in the gallbladder",,0.998046875,10,3395,127,1.0
medical_conditions,AV. Conduction Disorder,auc,0.5921923297080711,-0.022163428558747533,False,0.0,long_seq,activity_stationary_walk,Age_Gender_BMI_height_VAT,0.6143557582668187,female,categorical,Atrioventricular conduction disorder - abnormal electrical conduction between the atria and ventricles of the heart,,0.9033203125,10,3395,9,1.0
medical_conditions,Melanoma,auc,0.6398379698135542,-0.023687406403618994,False,0.0,long_seq,activity_stationary_walk,Age_Gender_BMI_height_VAT,0.6635253762171732,all,categorical,"Binary indicator of melanoma diagnosis, a malignant skin cancer with highest mortality risk among skin cancers",,0.919921875,10,3395,16,1.0
medical_conditions,Atopic Dermatitis,auc,0.48811516320735693,-0.02467765699343405,False,0.0,long_seq,activity_stationary_walk,Age_Gender_BMI_height_VAT,0.512792820200791,all,categorical,"Presence or absence of atopic dermatitis (eczema), a chronic inflammatory skin condition characterized by itching and skin barrier dysfunction",,0.9970703125,10,3395,118,1.0
medical_conditions,Hyperlipidemia,auc,0.6427040109244756,-0.02500607417200429,False,0.0,long_seq,activity_stationary_walk,Age_Gender_BMI_height_VAT,0.6677100850964799,male,categorical,"Binary diagnosis flag for hyperlipidemia, excess fats in the bloodstream",,1.0,10,3395,777,1.0
medical_conditions,Peptic Ulcer Disease,auc,0.4974284695605669,-0.026417462349415832,False,0.0,long_seq,activity_stationary_walk,Age_Gender_BMI_height_VAT,0.5238459319099827,female,categorical,"Binary diagnosis flag for Peptic Ulcer Disease, erosion of GI tract lining",,0.9755859375,10,3395,55,1.0
medical_conditions,Fractures,auc,0.5267635468087373,-0.028680427935453667,False,0.0,long_seq,activity_stationary_walk,Age_Gender_BMI_height_VAT,0.5554439747441909,all,categorical,Fracture diagnosis - break or crack in bone structure,,0.9990234375,10,3395,297,1.0
medical_conditions,Back Pain,auc,0.5346562461911304,-0.029772335654079773,False,0.0,long_seq,activity_stationary_walk,Age_Gender_BMI_height_VAT,0.5644285818452102,all,categorical,"Back pain diagnosis - musculoskeletal pain in the lumbar, thoracic, or cervical spine regions",,1.0,10,3395,606,1.0
medical_conditions,Migraine,auc,0.4769714025811586,-0.030226985797005057,False,0.0,long_seq,activity_stationary_walk,Age_Gender_BMI_height_VAT,0.5071983883781637,male,categorical,"Binary diagnosis flag for Migraine, a neurological headache disorder",,0.986328125,10,3395,183,1.0
medical_conditions,Anal abscess,auc,0.42734343020875964,-0.03113667416175575,False,0.0,long_seq,activity_stationary_walk,Age_Gender_BMI_height_VAT,0.4584801043705154,female,categorical,Anal abscess diagnosis - a localized collection of pus near the anus caused by bacterial infection,,0.9755859375,10,3395,19,1.0
medical_conditions,Oral apthae,auc,0.471695232466509,-0.031459073988268305,False,0.0,long_seq,activity_stationary_walk,Age_Gender_BMI_height_VAT,0.5031543064547773,female,categorical,Presence or absence of aphthous ulcers (canker sores) in the oral cavity; painful ulcerations of the mouth that are non-infectious and non-cancerous,,1.0,10,3395,109,1.0
medical_conditions,Obesity,auc,0.8692595434490696,-0.03207276871087161,False,0.0,long_seq,activity_stationary_walk,Age_Gender_BMI_height_VAT,0.9013323121599413,male,categorical,"Binary diagnosis flag for Obesity, excessive body fat accumulation",,1.0,10,3395,118,1.0
medical_conditions,Hypertension,auc,0.7201713333574818,-0.03275754521613139,False,0.0,long_seq,activity_stationary_walk,Age_Gender_BMI_height_VAT,0.7529288785736132,male,categorical,Binary diagnosis flag for hypertension (high blood pressure),,1.0,10,3395,351,1.0
medical_conditions,Headache,auc,0.544900062604022,-0.033217111635000074,False,0.0,long_seq,activity_stationary_walk,Age_Gender_BMI_height_VAT,0.5781171742390221,all,categorical,"Headache diagnosis - pain in the head or upper neck region, which may indicate primary headache disorders or secondary conditions",,1.0,10,3395,79,1.0
medical_conditions,Celiac,auc,0.6190421612771183,-0.034537421240820376,False,0.0,long_seq,activity_stationary_walk,Age_Gender_BMI_height_VAT,0.6535795825179387,female,categorical,"Binary indicator of celiac disease, an autoimmune condition triggered by gluten consumption causing intestinal damage",,0.9755859375,10,3395,11,1.0
medical_conditions,Osteoarthritis,auc,0.6948057929934895,-0.035165361870488354,False,0.0,long_seq,activity_stationary_walk,Age_Gender_BMI_height_VAT,0.7299711548639779,female,categorical,"Binary diagnosis flag for Osteoarthritis, degenerative joint disease from cartilage wear",,1.0,10,3395,94,1.0
medical_conditions,Headache,auc,0.49399647971076543,-0.0352651537175348,False,0.0,long_seq,activity_stationary_walk,Age_Gender_BMI_height_VAT,0.5292616334283002,male,categorical,"Headache diagnosis - pain in the head or upper neck region, which may indicate primary headache disorders or secondary conditions",,0.9814453125,10,3395,79,1.0
medical_conditions,Allergy,auc,0.5530704690716066,-0.03536315208327734,False,0.0,long_seq,activity_stationary_walk,Age_Gender_BMI_height_VAT,0.588433621154884,all,categorical,Presence or absence of allergic conditions - abnormal immune response to environmental or substance triggers,,1.0,10,3395,680,1.0
medical_conditions,Gout,auc,0.6317325509573811,-0.03560859648247083,False,0.0,long_seq,activity_stationary_walk,Age_Gender_BMI_height_VAT,0.667341147439852,male,categorical,"Presence or absence of gout, an inflammatory arthritis caused by uric acid crystal deposition, characterized by acute painful attacks in joints",,0.9990234375,10,3395,26,1.0
medical_conditions,Polycystic Ovary Disease,auc,0.7774971887550202,-0.03651542385759232,False,0.0,long_seq,activity_stationary_walk,Age_Gender_BMI_height_VAT,0.8140126126126125,all,categorical,"Binary diagnosis flag for Polycystic Ovary Disease (PCOS), a hormonal endocrine disorder",,1.0,10,3395,75,1.0
medical_conditions,Fractures,auc,0.49933732831773253,-0.03839969991225339,False,0.0,long_seq,activity_stationary_walk,Age_Gender_BMI_height_VAT,0.5377370282299859,female,categorical,Fracture diagnosis - break or crack in bone structure,,0.9990234375,10,3395,297,1.0
medical_conditions,Glaucoma,auc,0.6192296835746747,-0.0386336508844044,False,0.0,long_seq,activity_stationary_walk,Age_Gender_BMI_height_VAT,0.6578633344590791,all,categorical,Glaucoma diagnosis - an eye disease involving optic nerve damage typically associated with elevated intraocular pressure,,0.9931640625,10,3395,21,1.0
medical_conditions,Hyperlipidemia,auc,0.659682152959464,-0.03892688244957143,False,0.0,long_seq,activity_stationary_walk,Age_Gender_BMI_height_VAT,0.6986090354090354,all,categorical,"Binary diagnosis flag for hyperlipidemia, excess fats in the bloodstream",,1.0,10,3395,777,1.0
medical_conditions,Atopic Dermatitis,auc,0.472653582084187,-0.03893692427891232,False,0.0,long_seq,activity_stationary_walk,Age_Gender_BMI_height_VAT,0.5115905063630993,female,categorical,"Presence or absence of atopic dermatitis (eczema), a chronic inflammatory skin condition characterized by itching and skin barrier dysfunction",,0.9970703125,10,3395,118,1.0
medical_conditions,Hypertension,auc,0.7360125565776027,-0.03970141354926349,False,0.0,long_seq,activity_stationary_walk,Age_Gender_BMI_height_VAT,0.7757139701268662,all,categorical,Binary diagnosis flag for hypertension (high blood pressure),,1.0,10,3395,351,1.0
medical_conditions,Obesity,auc,0.8560496113125378,-0.04249015760781194,False,0.0,long_seq,activity_stationary_walk,Age_Gender_BMI_height_VAT,0.8985397689203497,all,categorical,"Binary diagnosis flag for Obesity, excessive body fat accumulation",,1.0,10,3395,118,1.0
medical_conditions,ADHD,auc,0.5495980910325815,-0.043492864934688624,False,0.0,long_seq,activity_stationary_walk,Age_Gender_BMI_height_VAT,0.5930909559672701,all,categorical,Attention-Deficit/Hyperactivity Disorder diagnosis flag - a neurodevelopmental condition characterized by persistent patterns of inattention and/or hyperactivity-impulsivity,,1.0,10,3395,521,1.0
medical_conditions,Migraine,auc,0.5000669024606725,-0.044594035455661096,False,0.0,long_seq,activity_stationary_walk,Age_Gender_BMI_height_VAT,0.5446609379163336,female,categorical,"Binary diagnosis flag for Migraine, a neurological headache disorder",,1.0,10,3395,183,1.0
medical_conditions,Osteoarthritis,auc,0.6842687902440912,-0.04462088761886729,False,0.0,long_seq,activity_stationary_walk,Age_Gender_BMI_height_VAT,0.7288896778629584,all,categorical,"Binary diagnosis flag for Osteoarthritis, degenerative joint disease from cartilage wear",,1.0,10,3395,94,1.0
medical_conditions,Anxiety,auc,0.5808596023649788,-0.04699126479284854,False,0.0,long_seq,activity_stationary_walk,Age_Gender_BMI_height_VAT,0.6278508671578273,female,categorical,"Anxiety disorder diagnosis - a mental health condition characterized by persistent worry, fear, or panic",,1.0,10,3395,122,1.0
medical_conditions,Anxiety,auc,0.5532318572723676,-0.04736797894300926,False,0.0,long_seq,activity_stationary_walk,Age_Gender_BMI_height_VAT,0.6005998362153768,all,categorical,"Anxiety disorder diagnosis - a mental health condition characterized by persistent worry, fear, or panic",,1.0,10,3395,122,1.0
medical_conditions,Vitiligo,auc,0.5169975272524641,-0.047797771032139,False,0.0,long_seq,activity_stationary_walk,Age_Gender_BMI_height_VAT,0.5647952982846031,all,categorical,"Binary indicator of vitiligo diagnosis status, a chronic autoimmune skin condition characterized by loss of skin pigmentation due to melanocyte destruction",,1.0,10,3395,17,1.0
medical_conditions,Obesity,auc,0.8388697632540649,-0.047994441629794604,False,0.0,long_seq,activity_stationary_walk,Age_Gender_BMI_height_VAT,0.8868642048838595,female,categorical,"Binary diagnosis flag for Obesity, excessive body fat accumulation",,1.0,10,3395,118,1.0
medical_conditions,Hypertension,auc,0.748126690897166,-0.048198208412496335,False,0.0,long_seq,activity_stationary_walk,Age_Gender_BMI_height_VAT,0.7963248993096623,female,categorical,Binary diagnosis flag for hypertension (high blood pressure),,1.0,10,3395,351,1.0
medical_conditions,Back Pain,auc,0.5237155448808728,-0.04920465504554583,False,0.0,long_seq,activity_stationary_walk,Age_Gender_BMI_height_VAT,0.5729201999264186,female,categorical,"Back pain diagnosis - musculoskeletal pain in the lumbar, thoracic, or cervical spine regions",,1.0,10,3395,606,1.0
medical_conditions,Hearing loss,auc,0.6169633246359588,-0.049644558304073216,False,0.0,long_seq,activity_stationary_walk,Age_Gender_BMI_height_VAT,0.666607882940032,female,categorical,"Hearing loss diagnosis - reduced ability to hear sound, ranging from mild to complete loss across frequency ranges",,1.0,10,3395,140,1.0
medical_conditions,Osteoarthritis,auc,0.5917720938760541,-0.04994776062947048,False,0.0,long_seq,activity_stationary_walk,Age_Gender_BMI_height_VAT,0.6417198545055246,male,categorical,"Binary diagnosis flag for Osteoarthritis, degenerative joint disease from cartilage wear",,0.9990234375,10,3395,94,1.0
medical_conditions,Oral apthae,auc,0.4720658115887809,-0.05061862102901549,False,0.0,long_seq,activity_stationary_walk,Age_Gender_BMI_height_VAT,0.5226844326177964,all,categorical,Presence or absence of aphthous ulcers (canker sores) in the oral cavity; painful ulcerations of the mouth that are non-infectious and non-cancerous,,1.0,10,3395,109,1.0
medical_conditions,Melanoma,auc,0.5292191676212294,-0.051138314789875294,False,0.0,long_seq,activity_stationary_walk,Age_Gender_BMI_height_VAT,0.5803574824111047,female,categorical,"Binary indicator of melanoma diagnosis, a malignant skin cancer with highest mortality risk among skin cancers",,0.9580078125,10,3395,16,1.0
medical_conditions,Erectile Dysfunction,auc,0.5216901408450705,-0.05140276869038185,False,0.0,long_seq,activity_stationary_walk,Age_Gender_BMI_height_VAT,0.5730929095354523,male,categorical,Inability to achieve or maintain erections sufficient for sexual function,,0.9814453125,10,3395,10,1.0
medical_conditions,Thalassemia,auc,0.47793129674229934,-0.051421612218394974,False,0.0,long_seq,activity_stationary_walk,Age_Gender_BMI_height_VAT,0.5293529089606943,all,categorical,Binary indicator of thalassemia diagnosis (hereditary blood disorder characterized by deficient beta-globin chain synthesis causing anemia). Represents presence/absence of this genetic hematologic condition.,,0.9990234375,10,3395,14,1.0
medical_conditions,Perimenopausal Disorders,auc,0.49121183755760367,-0.05196802474876461,False,0.0,long_seq,activity_stationary_walk,Age_Gender_BMI_height_VAT,0.5431798623063683,female,categorical,"Presence or absence of disorders related to the perimenopausal period (transition to menopause), including hormonal fluctuations and associated symptoms",,0.998046875,10,3395,16,1.0
medical_conditions,Prediabetes,auc,0.7000593855414387,-0.05227797869548889,False,0.0,long_seq,activity_stationary_walk,Age_Gender_BMI_height_VAT,0.7523373642369275,female,categorical,"Binary diagnosis flag for Prediabetes, elevated blood glucose preceding type 2 diabetes",,1.0,10,3395,281,1.0
medical_conditions,Sinusitis,auc,0.571199988165797,-0.052661719151276265,False,0.0,long_seq,activity_stationary_walk,Age_Gender_BMI_height_VAT,0.6238617073170732,all,categorical,"Presence or absence of sinusitis, inflammation of the tissues in the sinuses causing facial pain, nasal congestion, and other symptoms",,1.0,10,3395,124,1.0
medical_conditions,Anal abscess,auc,0.5833406086305811,-0.053265229650887425,False,0.0,long_seq,activity_stationary_walk,Age_Gender_BMI_height_VAT,0.6366058382814686,all,categorical,Anal abscess diagnosis - a localized collection of pus near the anus caused by bacterial infection,,1.0,10,3395,19,1.0
medical_conditions,Hyperlipidemia,auc,0.6736856961400043,-0.05347587591239755,False,0.0,long_seq,activity_stationary_walk,Age_Gender_BMI_height_VAT,0.7271615720524018,female,categorical,"Binary diagnosis flag for hyperlipidemia, excess fats in the bloodstream",,1.0,10,3395,777,1.0
medical_conditions,Sinusitis,auc,0.5133015774395084,-0.053668391550209193,False,0.0,long_seq,activity_stationary_walk,Age_Gender_BMI_height_VAT,0.5669699689897176,female,categorical,"Presence or absence of sinusitis, inflammation of the tissues in the sinuses causing facial pain, nasal congestion, and other symptoms",,1.0,10,3395,124,1.0
medical_conditions,Polycystic Ovary Disease,auc,0.5771989664082687,-0.055023123853014,False,0.0,long_seq,activity_stationary_walk,Age_Gender_BMI_height_VAT,0.6322220902612827,female,categorical,"Binary diagnosis flag for Polycystic Ovary Disease (PCOS), a hormonal endocrine disorder",,1.0,10,3395,75,1.0
medical_conditions,Hearing loss,auc,0.589064735571648,-0.05519121370522595,False,0.0,long_seq,activity_stationary_walk,Age_Gender_BMI_height_VAT,0.6442559492768739,all,categorical,"Hearing loss diagnosis - reduced ability to hear sound, ranging from mild to complete loss across frequency ranges",,1.0,10,3395,140,1.0
medical_conditions,Glaucoma,auc,0.5727465785747994,-0.05607013441215247,False,0.0,long_seq,activity_stationary_walk,Age_Gender_BMI_height_VAT,0.6288167129869519,male,categorical,Glaucoma diagnosis - an eye disease involving optic nerve damage typically associated with elevated intraocular pressure,,0.9990234375,10,3395,21,1.0
medical_conditions,Psoriasis,auc,0.4937910829541061,-0.05613766660057862,False,0.0,long_seq,activity_stationary_walk,Age_Gender_BMI_height_VAT,0.5499287495546847,male,categorical,"Binary diagnosis flag for Psoriasis, an autoimmune skin condition",,0.9990234375,10,3395,88,1.0
medical_conditions,Prediabetes,auc,0.6597115083528182,-0.05635298776840503,False,0.0,long_seq,activity_stationary_walk,Age_Gender_BMI_height_VAT,0.7160644961212232,all,categorical,"Binary diagnosis flag for Prediabetes, elevated blood glucose preceding type 2 diabetes",,1.0,10,3395,281,1.0
medical_conditions,Allergy,auc,0.5522687609075043,-0.056496237629223844,False,0.0,long_seq,activity_stationary_walk,Age_Gender_BMI_height_VAT,0.6087649985367282,male,categorical,Presence or absence of allergic conditions - abnormal immune response to environmental or substance triggers,,1.0,10,3395,680,1.0
medical_conditions,Gout,auc,0.7379055643080578,-0.05765942045171679,False,0.0,long_seq,activity_stationary_walk,Age_Gender_BMI_height_VAT,0.7955649847597746,all,categorical,"Presence or absence of gout, an inflammatory arthritis caused by uric acid crystal deposition, characterized by acute painful attacks in joints",,1.0,10,3395,26,1.0
medical_conditions,Fibromyalgia,auc,0.4951255386145178,-0.06059700473808338,False,0.0,long_seq,activity_stationary_walk,Age_Gender_BMI_height_VAT,0.5557225433526012,female,categorical,"Presence or absence of fibromyalgia, a chronic pain syndrome characterized by widespread musculoskeletal pain, fatigue, and sleep disturbances",,1.0,10,3395,34,1.0
medical_conditions,Fatty Liver Disease,auc,0.6400163546952539,-0.060855115960389394,False,0.0,long_seq,activity_stationary_walk,Age_Gender_BMI_height_VAT,0.7008714706556433,male,categorical,"Presence or absence of fatty liver disease (NAFLD/AFLD), characterized by excessive fat accumulation in hepatocytes impairing liver function",,1.0,10,3395,172,1.0
medical_conditions,Sleep Apnea,auc,0.6530283786792903,-0.060931314787137314,False,0.0,long_seq,activity_stationary_walk,Age_Gender_BMI_height_VAT,0.7139596934664276,all,categorical,"Binary diagnosis flag for Sleep Apnea, a sleep-related breathing disorder",,1.0,10,3395,73,1.0
medical_conditions,Anemia,auc,0.6242480346462004,-0.061511333378752475,False,0.0,long_seq,activity_stationary_walk,Age_Gender_BMI_height_VAT,0.6857593680249529,all,categorical,"Presence or absence of anemia, a condition characterized by insufficient red blood cells or hemoglobin to carry adequate oxygen",,1.0,10,3395,173,1.0
medical_conditions,Lactose Intolerance,auc,0.5035595314850634,-0.06209911746763397,False,0.0,long_seq,activity_stationary_walk,Age_Gender_BMI_height_VAT,0.5656586489526974,all,categorical,Inability to digest lactose sugar due to insufficient lactase enzyme,,0.9990234375,10,3395,11,1.0
medical_conditions,Anemia,auc,0.5124938917284098,-0.06506815405089927,False,0.0,long_seq,activity_stationary_walk,Age_Gender_BMI_height_VAT,0.577562045779309,female,categorical,"Presence or absence of anemia, a condition characterized by insufficient red blood cells or hemoglobin to carry adequate oxygen",,1.0,10,3395,173,1.0
medical_conditions,Hearing loss,auc,0.5554322115901517,-0.06624630394751885,False,0.0,long_seq,activity_stationary_walk,Age_Gender_BMI_height_VAT,0.6216785155376705,male,categorical,"Hearing loss diagnosis - reduced ability to hear sound, ranging from mild to complete loss across frequency ranges",,1.0,10,3395,140,1.0
medical_conditions,Prediabetes,auc,0.609491896077262,-0.06627075340722066,False,0.0,long_seq,activity_stationary_walk,Age_Gender_BMI_height_VAT,0.6757626494844826,male,categorical,"Binary diagnosis flag for Prediabetes, elevated blood glucose preceding type 2 diabetes",,1.0,10,3395,281,1.0
medical_conditions,Migraine,auc,0.5790595716881367,-0.06718202891970626,False,0.0,long_seq,activity_stationary_walk,Age_Gender_BMI_height_VAT,0.646241600607843,all,categorical,"Binary diagnosis flag for Migraine, a neurological headache disorder",,1.0,10,3395,183,1.0
medical_conditions,Fatty Liver Disease,auc,0.6882283225941453,-0.0674419454987053,False,0.0,long_seq,activity_stationary_walk,Age_Gender_BMI_height_VAT,0.7556702680928506,all,categorical,"Presence or absence of fatty liver disease (NAFLD/AFLD), characterized by excessive fat accumulation in hepatocytes impairing liver function",,1.0,10,3395,172,1.0
medical_conditions,ADHD,auc,0.5352131703072767,-0.06910636238384849,False,0.0,long_seq,activity_stationary_walk,Age_Gender_BMI_height_VAT,0.6043195326911251,male,categorical,Attention-Deficit/Hyperactivity Disorder diagnosis flag - a neurodevelopmental condition characterized by persistent patterns of inattention and/or hyperactivity-impulsivity,,1.0,10,3395,521,1.0
medical_conditions,Anal abscess,auc,0.6601216022889842,-0.06920316311289254,False,0.0,long_seq,activity_stationary_walk,Age_Gender_BMI_height_VAT,0.7293247654018767,male,categorical,Anal abscess diagnosis - a localized collection of pus near the anus caused by bacterial infection,,1.0,10,3395,19,1.0
medical_conditions,Breast fibrocystic change,auc,0.6920642596174511,-0.07185334899668072,False,0.0,long_seq,activity_stationary_walk,Age_Gender_BMI_height_VAT,0.7639176086141318,all,categorical,Benign breast condition characterized by cysts and fibrosis in breast tissue,,1.0,10,3395,11,1.0
medical_conditions,Insomnia,auc,0.38453271569195135,-0.07208089445799087,False,0.0,long_seq,activity_stationary_walk,Age_Gender_BMI_height_VAT,0.45661361014994223,female,categorical,Insomnia diagnosis - sleep disorder characterized by persistent difficulty falling or staying asleep,,1.0,10,3395,48,1.0
medical_conditions,Retinal detachment,auc,0.49810267857142865,-0.07213362378083765,False,0.0,long_seq,activity_stationary_walk,Age_Gender_BMI_height_VAT,0.5702363023522663,female,categorical,"Presence or absence of retinal detachment, an ophthalmologic emergency where the retina separates from the back of the eye",,1.0,10,3395,28,1.0
medical_conditions,Thalassemia,auc,0.418662456946039,-0.07239529033812336,False,0.0,long_seq,activity_stationary_walk,Age_Gender_BMI_height_VAT,0.49105774728416235,female,categorical,Binary indicator of thalassemia diagnosis (hereditary blood disorder characterized by deficient beta-globin chain synthesis causing anemia). Represents presence/absence of this genetic hematologic condition.,,1.0,10,3395,14,1.0
medical_conditions,Ischemic Heart Disease,auc,0.5545284197376639,-0.07402445403029723,False,0.0,long_seq,activity_stationary_walk,Age_Gender_BMI_height_VAT,0.6285528737679611,male,categorical,"Binary diagnosis flag for Ischemic Heart Disease, reduced blood flow to the heart",,1.0,10,3395,50,1.0
medical_conditions,Oral apthae,auc,0.4710918495378076,-0.07746283846137458,False,0.0,long_seq,activity_stationary_walk,Age_Gender_BMI_height_VAT,0.5485546879991822,male,categorical,Presence or absence of aphthous ulcers (canker sores) in the oral cavity; painful ulcerations of the mouth that are non-infectious and non-cancerous,,1.0,10,3395,109,1.0
medical_conditions,Endometriosis and Adenomyosis,auc,0.7730498176144173,-0.0782768980238795,False,0.0,long_seq,activity_stationary_walk,Age_Gender_BMI_height_VAT,0.8513267156382968,all,categorical,"Presence or absence of endometriosis and/or adenomyosis, gynecologic conditions involving abnormal uterine tissue growth causing pain and infertility",,1.0,10,3395,58,1.0
medical_conditions,Fatty Liver Disease,auc,0.6992628703058874,-0.07840038193482957,False,0.0,long_seq,activity_stationary_walk,Age_Gender_BMI_height_VAT,0.777663252240717,female,categorical,"Presence or absence of fatty liver disease (NAFLD/AFLD), characterized by excessive fat accumulation in hepatocytes impairing liver function",,1.0,10,3395,172,1.0
medical_conditions,Urinary Tract Stones,auc,0.5889671002851988,-0.07894452212255376,False,0.0,long_seq,activity_stationary_walk,Age_Gender_BMI_height_VAT,0.6679116224077526,all,categorical,"Presence or absence of urolithiasis (kidney or urinary tract stones), mineral deposits that form in the urinary system",,1.0,10,3395,83,1.0
medical_conditions,B12 Deficiency,auc,0.5192907402195328,-0.08024321039775117,False,0.0,long_seq,activity_stationary_walk,Age_Gender_BMI_height_VAT,0.599533950617284,all,categorical,"Vitamin B12 deficiency diagnosis - insufficient levels of cobalamin affecting DNA synthesis, metabolism, and neurological function",,1.0,10,3395,165,1.0
medical_conditions,IBS,auc,0.5385605115408609,-0.08116707251891486,False,0.0,long_seq,activity_stationary_walk,Age_Gender_BMI_height_VAT,0.6197275840597758,male,categorical,"Binary diagnosis flag for Irritable Bowel Syndrome, a gastrointestinal disorder",,1.0,10,3395,105,1.0
medical_conditions,Retinal detachment,auc,0.5751813823242394,-0.08179807958193253,False,0.0,long_seq,activity_stationary_walk,Age_Gender_BMI_height_VAT,0.656979461906172,all,categorical,"Presence or absence of retinal detachment, an ophthalmologic emergency where the retina separates from the back of the eye",,1.0,10,3395,28,1.0
medical_conditions,Urinary Tract Stones,auc,0.4978541289933694,-0.08352039596927935,False,0.0,long_seq,activity_stationary_walk,Age_Gender_BMI_height_VAT,0.5813745249626487,male,categorical,"Presence or absence of urolithiasis (kidney or urinary tract stones), mineral deposits that form in the urinary system",,1.0,10,3395,83,1.0
medical_conditions,Atrial Fibrillation,auc,0.7048055669259108,-0.08716279576163,False,0.0,long_seq,activity_stationary_walk,Age_Gender_BMI_height_VAT,0.7919683626875408,female,categorical,"Binary indicator of atrial fibrillation, a cardiac arrhythmia characterized by irregular heartbeat and associated coagulation/inflammation biomarkers",,1.0,10,3395,15,1.0
medical_conditions,Erectile Dysfunction,auc,0.7035864106351551,-0.08819562176543394,False,0.0,long_seq,activity_stationary_walk,Age_Gender_BMI_height_VAT,0.7917820324005891,all,categorical,Inability to achieve or maintain erections sufficient for sexual function,,1.0,10,3395,10,1.0
medical_conditions,Gallstone Disease,auc,0.577735666303646,-0.09237395186846253,False,0.0,long_seq,activity_stationary_walk,Age_Gender_BMI_height_VAT,0.6701096181721086,all,categorical,"Presence or absence of cholelithiasis (gallstone disease), characterized by formation of stones in the gallbladder",,1.0,10,3395,127,1.0
medical_conditions,B12 Deficiency,auc,0.47186172083959194,-0.09561339731442525,False,0.0,long_seq,activity_stationary_walk,Age_Gender_BMI_height_VAT,0.5674751181540172,female,categorical,"Vitamin B12 deficiency diagnosis - insufficient levels of cobalamin affecting DNA synthesis, metabolism, and neurological function",,1.0,10,3395,165,1.0
medical_conditions,Retinal detachment,auc,0.6805742898017575,-0.09595569795834036,False,0.0,long_seq,activity_stationary_walk,Age_Gender_BMI_height_VAT,0.7765299877600979,male,categorical,"Presence or absence of retinal detachment, an ophthalmologic emergency where the retina separates from the back of the eye",,1.0,10,3395,28,1.0
medical_conditions,Gallstone Disease,auc,0.5221684263742247,-0.09777470824976098,False,0.0,long_seq,activity_stationary_walk,Age_Gender_BMI_height_VAT,0.6199431346239856,female,categorical,"Presence or absence of cholelithiasis (gallstone disease), characterized by formation of stones in the gallbladder",,1.0,10,3395,127,1.0
medical_conditions,Fibromyalgia,auc,0.5734497786023067,-0.10032809337734572,False,0.0,long_seq,activity_stationary_walk,Age_Gender_BMI_height_VAT,0.6737778719796524,all,categorical,"Presence or absence of fibromyalgia, a chronic pain syndrome characterized by widespread musculoskeletal pain, fatigue, and sleep disturbances",,1.0,10,3395,34,1.0
medical_conditions,G6PD,auc,0.4325246598639455,-0.10328458133995444,False,0.0,long_seq,activity_stationary_walk,Age_Gender_BMI_height_VAT,0.5358092412038999,all,categorical,"Presence or absence of glucose-6-phosphate dehydrogenase (G6PD) deficiency, an inherited enzyme deficiency affecting red blood cell metabolism",,1.0,10,3395,35,1.0
medical_conditions,Renal Stones,auc,0.6242766816270076,-0.11074386323396279,False,0.0,long_seq,activity_stationary_walk,Age_Gender_BMI_height_VAT,0.7350205448609703,all,categorical,"Binary indicator of kidney stone presence or history, a urological condition involving mineral crystal deposits in the renal system",,1.0,10,3395,21,1.0
medical_conditions,Ischemic Heart Disease,auc,0.6435031390134529,-0.11102532596419235,False,0.0,long_seq,activity_stationary_walk,Age_Gender_BMI_height_VAT,0.7545284649776453,all,categorical,"Binary diagnosis flag for Ischemic Heart Disease, reduced blood flow to the heart",,1.0,10,3395,50,1.0
medical_conditions,Iron Defficiency,auc,0.3998140732265446,-0.1146588612463898,False,0.0,long_seq,activity_stationary_walk,Age_Gender_BMI_height_VAT,0.5144729344729344,female,categorical,"Deficiency of iron, causing reduced hemoglobin and oxygen-carrying capacity",,1.0,10,3395,10,1.0
medical_conditions,Atrial Fibrillation,auc,0.706145956607495,-0.11722867466094156,False,0.0,long_seq,activity_stationary_walk,Age_Gender_BMI_height_VAT,0.8233746312684366,all,categorical,"Binary indicator of atrial fibrillation, a cardiac arrhythmia characterized by irregular heartbeat and associated coagulation/inflammation biomarkers",,1.0,10,3395,15,1.0
medical_conditions,Endometriosis and Adenomyosis,auc,0.5810639986972275,-0.12640675886931552,False,0.0,long_seq,activity_stationary_walk,Age_Gender_BMI_height_VAT,0.707470757566543,female,categorical,"Presence or absence of endometriosis and/or adenomyosis, gynecologic conditions involving abnormal uterine tissue growth causing pain and infertility",,1.0,10,3395,58,1.0
medical_conditions,Celiac,auc,0.4905356759080163,-0.1284255926407596,False,0.0,long_seq,activity_stationary_walk,Age_Gender_BMI_height_VAT,0.6189612685487759,all,categorical,"Binary indicator of celiac disease, an autoimmune condition triggered by gluten consumption causing intestinal damage",,1.0,10,3395,11,1.0
medical_conditions,Atrial Fibrillation,auc,0.711414373088685,-0.1381430139687021,False,0.0,long_seq,activity_stationary_walk,Age_Gender_BMI_height_VAT,0.8495573870573871,male,categorical,"Binary indicator of atrial fibrillation, a cardiac arrhythmia characterized by irregular heartbeat and associated coagulation/inflammation biomarkers",,1.0,10,3395,15,1.0
medical_conditions,Perimenopausal Disorders,auc,0.6221200799052973,-0.14293229542665908,False,0.0,long_seq,activity_stationary_walk,Age_Gender_BMI_height_VAT,0.7650523753319564,all,categorical,"Presence or absence of disorders related to the perimenopausal period (transition to menopause), including hormonal fluctuations and associated symptoms",,1.0,10,3395,16,1.0
medical_conditions,Lactose Intolerance,auc,0.4541905307369225,-0.15903441697176735,False,0.0,long_seq,activity_stationary_walk,Age_Gender_BMI_height_VAT,0.6132249477086898,female,categorical,Inability to digest lactose sugar due to insufficient lactase enzyme,,1.0,10,3395,11,1.0
medical_conditions,Renal Stones,auc,0.4972795022067868,-0.17375288865010846,False,0.0,long_seq,activity_stationary_walk,Age_Gender_BMI_height_VAT,0.6710323908568953,male,categorical,"Binary indicator of kidney stone presence or history, a urological condition involving mineral crystal deposits in the renal system",,1.0,10,3395,21,1.0
medical_conditions,G6PD,auc,0.4316599501055459,-0.18520931594949996,False,0.0,long_seq,activity_stationary_walk,Age_Gender_BMI_height_VAT,0.6168692660550459,female,categorical,"Presence or absence of glucose-6-phosphate dehydrogenase (G6PD) deficiency, an inherited enzyme deficiency affecting red blood cell metabolism",,1.0,10,3395,35,1.0
medical_conditions,Sleep Apnea,auc,0.5253335534098099,-0.1901083886144106,False,0.0,long_seq,activity_stationary_walk,Age_Gender_BMI_height_VAT,0.7154419420242205,female,categorical,"Binary diagnosis flag for Sleep Apnea, a sleep-related breathing disorder",,1.0,10,3395,73,1.0
medical_conditions,Ischemic Heart Disease,auc,0.48816657110091743,-0.23451332610068165,False,0.0,long_seq,activity_stationary_walk,Age_Gender_BMI_height_VAT,0.7226798972015991,female,categorical,"Binary diagnosis flag for Ischemic Heart Disease, reduced blood flow to the heart",,1.0,10,3395,50,1.0
medical_conditions,Hypercoagulability ,auc,0.19094119893088962,-0.25126264210352756,False,0.0,long_seq,activity_stationary_walk,Age_Gender_BMI_height_VAT,0.4422038410344172,female,categorical,,,1.0,10,3395,8,1.0
medical_conditions,Celiac,auc,0.2485051860890787,-0.2815039491118957,False,0.0,long_seq,activity_stationary_walk,Age_Gender_BMI_height_VAT,0.5300091352009744,male,categorical,"Binary indicator of celiac disease, an autoimmune condition triggered by gluten consumption causing intestinal damage",,1.0,10,3395,11,1.0
medical_conditions,Hypercoagulability ,auc,0.21006052553882487,-0.37021986892688025,False,0.0,long_seq,activity_stationary_walk,Age_Gender_BMI_height_VAT,0.5802803944657051,all,categorical,,,1.0,10,3395,8,1.0
medical_conditions,Hypercoagulability ,auc,0.16130408287629489,-0.45974214583416734,False,0.0,long_seq,activity_stationary_walk,Age_Gender_BMI_height_VAT,0.6210462287104622,male,categorical,,,1.0,10,3395,8,1.0
medical_conditions,Polycystic Ovary Disease,auc,,,,,long_seq,activity_stationary_walk,Age_Gender_BMI_height_VAT,,male,categorical,"Binary diagnosis flag for Polycystic Ovary Disease (PCOS), a hormonal endocrine disorder",,,10,3395,75,
medical_conditions,Perimenopausal Disorders,auc,,,,,long_seq,activity_stationary_walk,Age_Gender_BMI_height_VAT,,male,categorical,"Presence or absence of disorders related to the perimenopausal period (transition to menopause), including hormonal fluctuations and associated symptoms",,,10,3395,16,
medical_conditions,Breast Cancer,auc,,,,,long_seq,activity_stationary_walk,Age_Gender_BMI_height_VAT,,male,categorical,"Binary indicator of breast cancer diagnosis, a malignant neoplasm assessed using biomarkers for diagnosis and treatment planning",,,10,3395,41,
medical_conditions,Breast fibrocystic change,auc,,,,,long_seq,activity_stationary_walk,Age_Gender_BMI_height_VAT,,male,categorical,Benign breast condition characterized by cysts and fibrosis in breast tissue,,,10,3395,11,
medical_conditions,Erectile Dysfunction,auc,,,,,long_seq,activity_stationary_walk,Age_Gender_BMI_height_VAT,,female,categorical,Inability to achieve or maintain erections sufficient for sexual function,,,10,3395,10,
medical_conditions,Endometriosis and Adenomyosis,auc,,,,,long_seq,activity_stationary_walk,Age_Gender_BMI_height_VAT,,male,categorical,"Presence or absence of endometriosis and/or adenomyosis, gynecologic conditions involving abnormal uterine tissue growth causing pain and infertility",,,10,3395,58,
medical_conditions,Myocarditis,auc,0.7141857113444513,0.480880868039608,True,1.0,long_seq,activity_tm_3kmh,Age_Gender_BMI_height_VAT,0.2333048433048433,female,categorical,"Binary indicator of myocarditis diagnosis (inflammation of the heart muscle). Values represent presence/absence of the condition, potentially linked to biomarkers like sST2 that correlate with disease severity.",,0.0009765625,10,3189,6,0.006318933823529412
medical_conditions,Hypercholesterolaemia,auc,0.6237091084028223,0.4341791938729079,True,1.0,long_seq,activity_tm_3kmh,Age_Gender_BMI_height_VAT,0.18952991452991447,male,categorical,"Binary diagnosis flag for hypercholesterolemia, elevated cholesterol levels in blood",,0.0009765625,10,3189,13,0.005859375
medical_conditions,Uveitis,auc,0.6335572616762636,0.3319433761707825,True,1.0,long_seq,activity_tm_3kmh,Age_Gender_BMI_height_VAT,0.30161388550548107,male,categorical,"Binary indicator of uveitis, an inflammatory condition affecting the uvea (middle layer of the eye) causing redness, pain, and vision problems",,0.0009765625,10,3189,10,0.005859375
medical_conditions,Myocarditis,auc,0.5581369776939994,0.3104632438895236,True,1.0,long_seq,activity_tm_3kmh,Age_Gender_BMI_height_VAT,0.2476737338044758,all,categorical,"Binary indicator of myocarditis diagnosis (inflammation of the heart muscle). Values represent presence/absence of the condition, potentially linked to biomarkers like sST2 that correlate with disease severity.",,0.0009765625,10,3189,6,0.013671875
medical_conditions,Hypercholesterolaemia,auc,0.5703109862429763,0.22788083384820124,True,1.0,long_seq,activity_tm_3kmh,Age_Gender_BMI_height_VAT,0.34243015239477503,all,categorical,"Binary diagnosis flag for hypercholesterolemia, elevated cholesterol levels in blood",,0.0009765625,10,3189,13,0.013671875
medical_conditions,Glaucoma,auc,0.8885313531353136,0.21729348905764367,True,1.0,long_seq,activity_tm_3kmh,Age_Gender_BMI_height_VAT,0.6712378640776699,female,categorical,Glaucoma diagnosis - an eye disease involving optic nerve damage typically associated with elevated intraocular pressure,,0.0009765625,10,3189,18,0.006318933823529412
medical_conditions,Vitiligo,auc,0.4604913473423979,0.1798431991942498,True,1.0,long_seq,activity_tm_3kmh,Age_Gender_BMI_height_VAT,0.2806481481481481,female,categorical,"Binary indicator of vitiligo diagnosis status, a chronic autoimmune skin condition characterized by loss of skin pigmentation due to melanocyte destruction",,0.0009765625,10,3189,17,0.006318933823529412
medical_conditions,IBD,auc,0.4469406674907293,0.17754500044397903,True,1.0,long_seq,activity_tm_3kmh,Age_Gender_BMI_height_VAT,0.2693956670467503,female,categorical,"Binary indicator of Inflammatory Bowel Disease, a chronic gastrointestinal condition (Crohn's disease or ulcerative colitis)",,0.0009765625,10,3189,10,0.006318933823529412
medical_conditions,Myocarditis,auc,0.38925831202046035,0.17125709325141708,True,1.0,long_seq,activity_tm_3kmh,Age_Gender_BMI_height_VAT,0.21800121876904327,male,categorical,"Binary indicator of myocarditis diagnosis (inflammation of the heart muscle). Values represent presence/absence of the condition, potentially linked to biomarkers like sST2 that correlate with disease severity.",,0.0009765625,10,3189,6,0.005859375
medical_conditions,Hypercholesterolaemia,auc,0.4609276437847867,0.16990141801511738,True,1.0,long_seq,activity_tm_3kmh,Age_Gender_BMI_height_VAT,0.2910262257696693,female,categorical,"Binary diagnosis flag for hypercholesterolemia, elevated cholesterol levels in blood",,0.0009765625,10,3189,13,0.006318933823529412
medical_conditions,Goiter,auc,0.6736222910216718,0.1597123823980282,True,1.0,long_seq,activity_tm_3kmh,Age_Gender_BMI_height_VAT,0.5139099086236436,female,categorical,Enlargement of the thyroid gland,,0.0009765625,10,3189,10,0.006318933823529412
medical_conditions,Urinary tract infection,auc,0.32843450479233227,0.1437933855709211,True,1.0,long_seq,activity_tm_3kmh,Age_Gender_BMI_height_VAT,0.18464111922141116,male,categorical,"Presence or absence of urinary tract infection (UTI), a bacterial infection affecting the urinary system",,0.0009765625,10,3189,274,0.005859375
medical_conditions,Goiter,auc,0.49181585677749357,0.13755535769045768,True,1.0,long_seq,activity_tm_3kmh,Age_Gender_BMI_height_VAT,0.3542604990870359,male,categorical,Enlargement of the thyroid gland,,0.0009765625,10,3189,10,0.005859375
medical_conditions,Vitiligo,auc,0.5595188595188595,0.13541032873549713,True,1.0,long_seq,activity_tm_3kmh,Age_Gender_BMI_height_VAT,0.42410853078336236,male,categorical,"Binary indicator of vitiligo diagnosis status, a chronic autoimmune skin condition characterized by loss of skin pigmentation due to melanocyte destruction",,0.0009765625,10,3189,17,0.005859375
medical_conditions,Lactose Intolerance,auc,0.6334827144686299,0.12620666328033003,True,1.0,long_seq,activity_tm_3kmh,Age_Gender_BMI_height_VAT,0.5072760511882999,male,categorical,Inability to digest lactose sugar due to insufficient lactase enzyme,,0.0009765625,10,3189,11,0.005859375
medical_conditions,Fibromyalgia,auc,0.5571748878923767,0.12458342447774262,True,1.0,long_seq,activity_tm_3kmh,Age_Gender_BMI_height_VAT,0.43259146341463406,male,categorical,"Presence or absence of fibromyalgia, a chronic pain syndrome characterized by widespread musculoskeletal pain, fatigue, and sleep disturbances",,0.0009765625,10,3189,32,0.005859375
medical_conditions,Anal Fissure,auc,0.5360539984018686,0.12277814864465642,True,1.0,long_seq,activity_tm_3kmh,Age_Gender_BMI_height_VAT,0.4132758497572122,male,categorical,Anal fissure diagnosis - a small tear in the tissue lining the anus causing pain and bleeding,,0.0009765625,10,3189,183,0.005859375
medical_conditions,Psoriasis,auc,0.5833002073971656,0.119746563903676,True,1.0,long_seq,activity_tm_3kmh,Age_Gender_BMI_height_VAT,0.4635536434934896,female,categorical,"Binary diagnosis flag for Psoriasis, an autoimmune skin condition",,0.0009765625,10,3189,83,0.006318933823529412
medical_conditions,Lactose Intolerance,auc,0.6672206647977574,0.10156201584506008,True,1.0,long_seq,activity_tm_3kmh,Age_Gender_BMI_height_VAT,0.5656586489526974,all,categorical,Inability to digest lactose sugar due to insufficient lactase enzyme,,0.0009765625,10,3189,11,0.013671875
medical_conditions,Diabetes,auc,0.5671270346621228,0.0986224967083274,True,1.0,long_seq,activity_tm_3kmh,Age_Gender_BMI_height_VAT,0.4685045379537954,male,categorical,"Presence or absence of diabetes mellitus, a metabolic disorder affecting blood glucose regulation",,0.0009765625,10,3189,50,0.005859375
medical_conditions,Perimenopausal Disorders,auc,0.6402496446339729,0.09706978232760466,True,1.0,long_seq,activity_tm_3kmh,Age_Gender_BMI_height_VAT,0.5431798623063683,female,categorical,"Presence or absence of disorders related to the perimenopausal period (transition to menopause), including hormonal fluctuations and associated symptoms",,0.0009765625,10,3189,14,0.006318933823529412
medical_conditions,Glaucoma,auc,0.7485125617575947,0.09064922729851566,True,1.0,long_seq,activity_tm_3kmh,Age_Gender_BMI_height_VAT,0.6578633344590791,all,categorical,Glaucoma diagnosis - an eye disease involving optic nerve damage typically associated with elevated intraocular pressure,,0.0009765625,10,3189,18,0.013671875
medical_conditions,Peptic Ulcer Disease,auc,0.6135820320030847,0.08973610009310196,True,1.0,long_seq,activity_tm_3kmh,Age_Gender_BMI_height_VAT,0.5238459319099827,female,categorical,"Binary diagnosis flag for Peptic Ulcer Disease, erosion of GI tract lining",,0.0009765625,10,3189,53,0.006318933823529412
medical_conditions,Diabetes,auc,0.5916778204098627,0.0892598584064086,True,1.0,long_seq,activity_tm_3kmh,Age_Gender_BMI_height_VAT,0.5024179620034541,female,categorical,"Presence or absence of diabetes mellitus, a metabolic disorder affecting blood glucose regulation",,0.0009765625,10,3189,50,0.006318933823529412
medical_conditions,Depression,auc,0.6248573634044837,0.08785705207198069,True,1.0,long_seq,activity_tm_3kmh,Age_Gender_BMI_height_VAT,0.537000311332503,male,categorical,"Major depressive disorder diagnosis - a mental health condition characterized by persistent depressed mood, loss of interest, and neurobiological changes",,0.0009765625,10,3189,97,0.005859375
medical_conditions,Goiter,auc,0.6389965397923876,0.08731978402016927,True,1.0,long_seq,activity_tm_3kmh,Age_Gender_BMI_height_VAT,0.5516767557722183,all,categorical,Enlargement of the thyroid gland,,0.0009765625,10,3189,10,0.013671875
medical_conditions,Hashimoto,auc,0.4538736263736263,0.08301160249146827,True,1.0,long_seq,activity_tm_3kmh,Age_Gender_BMI_height_VAT,0.37086202388215805,male,categorical,"Binary diagnosis flag for Hashimoto's thyroiditis, an autoimmune thyroid disease",,0.0048828125,10,3189,19,0.02371651785714286
medical_conditions,Lactose Intolerance,auc,0.694368811881188,0.08114386417249819,True,1.0,long_seq,activity_tm_3kmh,Age_Gender_BMI_height_VAT,0.6132249477086898,female,categorical,Inability to digest lactose sugar due to insufficient lactase enzyme,,0.0029296875,10,3189,11,0.0146484375
medical_conditions,Tinnitus,auc,0.682292954264524,0.07890640922461511,True,1.0,long_seq,activity_tm_3kmh,Age_Gender_BMI_height_VAT,0.6033865450399089,female,categorical,"Binary indicator of tinnitus, an auditory condition characterized by perception of ringing or noise in the ears",,0.0068359375,10,3189,11,0.030078125
medical_conditions,Meniscus Tears,auc,0.5674834144183989,0.07628552749663992,True,1.0,long_seq,activity_tm_3kmh,Age_Gender_BMI_height_VAT,0.491197886921759,female,categorical,Tear or rupture of the meniscus cartilage in the knee joint,,0.0009765625,10,3189,17,0.006318933823529412
medical_conditions,Anal Fissure,auc,0.5166592134492399,0.07589591062109718,True,1.0,long_seq,activity_tm_3kmh,Age_Gender_BMI_height_VAT,0.44076330282814274,all,categorical,Anal fissure diagnosis - a small tear in the tissue lining the anus causing pain and bleeding,,0.0009765625,10,3189,183,0.013671875
medical_conditions,Headache,auc,0.5704033078880406,0.06661423933974286,True,1.0,long_seq,activity_tm_3kmh,Age_Gender_BMI_height_VAT,0.5037890685482977,female,categorical,"Headache diagnosis - pain in the head or upper neck region, which may indicate primary headache disorders or secondary conditions",,0.0009765625,10,3189,73,0.006318933823529412
medical_conditions,Thalassemia,auc,0.35091170825335893,0.06647200057979014,True,1.0,long_seq,activity_tm_3kmh,Age_Gender_BMI_height_VAT,0.2844397076735688,male,categorical,Binary indicator of thalassemia diagnosis (hereditary blood disorder characterized by deficient beta-globin chain synthesis causing anemia). Represents presence/absence of this genetic hematologic condition.,,0.009765625,10,3189,12,0.04330842391304348
medical_conditions,Diabetes,auc,0.5835023892959541,0.06596011945723335,True,1.0,long_seq,activity_tm_3kmh,Age_Gender_BMI_height_VAT,0.5175422698387208,all,categorical,"Presence or absence of diabetes mellitus, a metabolic disorder affecting blood glucose regulation",,0.0009765625,10,3189,50,0.013671875
medical_conditions,Uveitis,auc,0.5510286253538849,0.06288109227411837,True,0.0,long_seq,activity_tm_3kmh,Age_Gender_BMI_height_VAT,0.4881475330797665,all,categorical,"Binary indicator of uveitis, an inflammatory condition affecting the uvea (middle layer of the eye) causing redness, pain, and vision problems",,0.0068359375,10,3189,10,0.0546875
medical_conditions,Anal Fissure,auc,0.4975707441491745,0.05971675654516123,True,1.0,long_seq,activity_tm_3kmh,Age_Gender_BMI_height_VAT,0.4378539876040133,female,categorical,Anal fissure diagnosis - a small tear in the tissue lining the anus causing pain and bleeding,,0.0009765625,10,3189,183,0.006318933823529412
medical_conditions,Peptic Ulcer Disease,auc,0.5630974441663458,0.05577994077421544,True,1.0,long_seq,activity_tm_3kmh,Age_Gender_BMI_height_VAT,0.5073175033921303,all,categorical,"Binary diagnosis flag for Peptic Ulcer Disease, erosion of GI tract lining",,0.001953125,10,3189,53,0.018229166666666668
medical_conditions,Atrial Fibrillation,auc,0.8474829931972788,0.05551463050973804,True,1.0,long_seq,activity_tm_3kmh,Age_Gender_BMI_height_VAT,0.7919683626875408,female,categorical,"Binary indicator of atrial fibrillation, a cardiac arrhythmia characterized by irregular heartbeat and associated coagulation/inflammation biomarkers",,0.0068359375,10,3189,12,0.030078125
medical_conditions,Breast Cancer,auc,0.47446574849221357,0.05182881956180668,True,1.0,long_seq,activity_tm_3kmh,Age_Gender_BMI_height_VAT,0.4226369289304069,female,categorical,"Binary indicator of breast cancer diagnosis, a malignant neoplasm assessed using biomarkers for diagnosis and treatment planning",,0.0029296875,10,3189,35,0.0146484375
medical_conditions,Heart valve disease,auc,0.5166197341743637,0.04254461831270118,True,0.0,long_seq,activity_tm_3kmh,Age_Gender_BMI_height_VAT,0.4740751158616625,male,categorical,"Binary diagnosis flag for heart valve disease, a cardiac condition affecting heart valve function",,0.0185546875,10,3189,43,0.078857421875
medical_conditions,IBS,auc,0.6439916773367478,0.03554830252973662,True,1.0,long_seq,activity_tm_3kmh,Age_Gender_BMI_height_VAT,0.6084433748070112,female,categorical,"Binary diagnosis flag for Irritable Bowel Syndrome, a gastrointestinal disorder",,0.0009765625,10,3189,96,0.006318933823529412
medical_conditions,Iron Defficiency,auc,0.5484703337453647,0.033997399272430284,True,0.0,long_seq,activity_tm_3kmh,Age_Gender_BMI_height_VAT,0.5144729344729344,female,categorical,"Deficiency of iron, causing reduced hemoglobin and oxygen-carrying capacity",,0.1162109375,10,3189,10,0.3759765625
medical_conditions,Anxiety,auc,0.510696591655226,0.033202550116240626,True,1.0,long_seq,activity_tm_3kmh,Age_Gender_BMI_height_VAT,0.47749404153898534,male,categorical,"Anxiety disorder diagnosis - a mental health condition characterized by persistent worry, fear, or panic",,0.001953125,10,3189,113,0.010485197368421052
medical_conditions,Peptic Ulcer Disease,auc,0.508102453102453,0.022319926925838285,True,0.0,long_seq,activity_tm_3kmh,Age_Gender_BMI_height_VAT,0.48578252617661477,male,categorical,"Binary diagnosis flag for Peptic Ulcer Disease, erosion of GI tract lining",,0.0966796875,10,3189,53,0.365234375
medical_conditions,Psoriasis,auc,0.5303020194105462,0.019636234336410152,True,0.0,long_seq,activity_tm_3kmh,Age_Gender_BMI_height_VAT,0.5106657850741361,all,categorical,"Binary diagnosis flag for Psoriasis, an autoimmune skin condition",,0.0185546875,10,3189,83,0.12224264705882354
medical_conditions,Vitiligo,auc,0.5814312736443885,0.01663597535978545,True,0.0,long_seq,activity_tm_3kmh,Age_Gender_BMI_height_VAT,0.5647952982846031,all,categorical,"Binary indicator of vitiligo diagnosis status, a chronic autoimmune skin condition characterized by loss of skin pigmentation due to melanocyte destruction",,0.1376953125,10,3189,17,0.734375
medical_conditions,Depression,auc,0.5933953268161267,0.01663123712740855,True,0.0,long_seq,activity_tm_3kmh,Age_Gender_BMI_height_VAT,0.5767640896887182,all,categorical,"Major depressive disorder diagnosis - a mental health condition characterized by persistent depressed mood, loss of interest, and neurobiological changes",,0.0068359375,10,3189,97,0.0546875
medical_conditions,Urinary tract infection,auc,0.5034978213507625,0.01660841831782167,True,0.0,long_seq,activity_tm_3kmh,Age_Gender_BMI_height_VAT,0.4868894030329408,female,categorical,"Presence or absence of urinary tract infection (UTI), a bacterial infection affecting the urinary system",,0.0185546875,10,3189,274,0.0755931712962963
medical_conditions,Iron Defficiency,auc,0.35722827247490924,0.015348191174096248,True,0.0,long_seq,activity_tm_3kmh,Age_Gender_BMI_height_VAT,0.341880081300813,male,categorical,"Deficiency of iron, causing reduced hemoglobin and oxygen-carrying capacity",,0.384765625,10,3189,10,1.0
medical_conditions,Celiac,auc,0.5448816378758797,0.014872502674905363,True,0.0,long_seq,activity_tm_3kmh,Age_Gender_BMI_height_VAT,0.5300091352009744,male,categorical,"Binary indicator of celiac disease, an autoimmune condition triggered by gluten consumption causing intestinal damage",,0.2158203125,10,3189,11,0.7337890625
medical_conditions,G6PD,auc,0.4435638514891881,0.014833839189065112,True,0.0,long_seq,activity_tm_3kmh,Age_Gender_BMI_height_VAT,0.428730012300123,male,categorical,"Presence or absence of glucose-6-phosphate dehydrogenase (G6PD) deficiency, an inherited enzyme deficiency affecting red blood cell metabolism",,0.1162109375,10,3189,34,0.42333984374999994
medical_conditions,Insomnia,auc,0.4844298650896322,0.013983295398507345,True,0.0,long_seq,activity_tm_3kmh,Age_Gender_BMI_height_VAT,0.47044656969112486,male,categorical,Insomnia diagnosis - sleep disorder characterized by persistent difficulty falling or staying asleep,,0.1611328125,10,3189,42,0.5667429956896552
medical_conditions,Perimenopausal Disorders,auc,0.7769381327334084,0.011885757401452035,True,0.0,long_seq,activity_tm_3kmh,Age_Gender_BMI_height_VAT,0.7650523753319564,all,categorical,"Presence or absence of disorders related to the perimenopausal period (transition to menopause), including hormonal fluctuations and associated symptoms",,0.1376953125,10,3189,14,0.734375
medical_conditions,Urinary tract infection,auc,0.7655876350615367,0.011325853029136135,True,1.0,long_seq,activity_tm_3kmh,Age_Gender_BMI_height_VAT,0.7542617820324006,all,categorical,"Presence or absence of urinary tract infection (UTI), a bacterial infection affecting the urinary system",,0.001953125,10,3189,274,0.018229166666666668
medical_conditions,Asthma,auc,0.5359829285952992,0.009381979343747515,True,0.0,long_seq,activity_tm_3kmh,Age_Gender_BMI_height_VAT,0.5266009492515517,female,categorical,"Asthma diagnosis - a chronic inflammatory airway disease characterized by reversible airflow obstruction, bronchial hyperresponsiveness, and inflammation",,0.0419921875,10,3189,181,0.15397135416666669
medical_conditions,Breast fibrocystic change,auc,0.5507759155803849,0.009128318326380391,True,0.0,long_seq,activity_tm_3kmh,Age_Gender_BMI_height_VAT,0.5416475972540045,female,categorical,Benign breast condition characterized by cysts and fibrosis in breast tissue,,0.34765625,10,3189,11,1.0
medical_conditions,Depression,auc,0.5643520151688861,0.0074482512978735205,True,0.0,long_seq,activity_tm_3kmh,Age_Gender_BMI_height_VAT,0.5569037638710126,female,categorical,"Major depressive disorder diagnosis - a mental health condition characterized by persistent depressed mood, loss of interest, and neurobiological changes",,0.0419921875,10,3189,97,0.15397135416666669
medical_conditions,Oral apthae,auc,0.5102829587406954,0.00712865228591808,True,0.0,long_seq,activity_tm_3kmh,Age_Gender_BMI_height_VAT,0.5031543064547773,female,categorical,Presence or absence of aphthous ulcers (canker sores) in the oral cavity; painful ulcerations of the mouth that are non-infectious and non-cancerous,,0.1162109375,10,3189,100,0.3759765625
medical_conditions,Back Pain,auc,0.5791572125757323,0.006237012649313645,True,0.0,long_seq,activity_tm_3kmh,Age_Gender_BMI_height_VAT,0.5729201999264186,female,categorical,"Back pain diagnosis - musculoskeletal pain in the lumbar, thoracic, or cervical spine regions",,0.080078125,10,3189,564,0.2752685546875
medical_conditions,Headache,auc,0.5354415408875873,0.006179907459287093,True,0.0,long_seq,activity_tm_3kmh,Age_Gender_BMI_height_VAT,0.5292616334283002,male,categorical,"Headache diagnosis - pain in the head or upper neck region, which may indicate primary headache disorders or secondary conditions",,0.615234375,10,3189,73,1.0
medical_conditions,Headache,auc,0.5841485395747974,0.006031365335775307,True,0.0,long_seq,activity_tm_3kmh,Age_Gender_BMI_height_VAT,0.5781171742390221,all,categorical,"Headache diagnosis - pain in the head or upper neck region, which may indicate primary headache disorders or secondary conditions",,0.3125,10,3189,73,1.0
medical_conditions,Glaucoma,auc,0.6317416934619506,0.002924980474998784,True,0.0,long_seq,activity_tm_3kmh,Age_Gender_BMI_height_VAT,0.6288167129869519,male,categorical,Glaucoma diagnosis - an eye disease involving optic nerve damage typically associated with elevated intraocular pressure,,0.4228515625,10,3189,18,1.0
medical_conditions,Breast Cancer,auc,0.7075468792463087,0.002407092117164944,True,0.0,long_seq,activity_tm_3kmh,Age_Gender_BMI_height_VAT,0.7051397871291437,all,categorical,"Binary indicator of breast cancer diagnosis, a malignant neoplasm assessed using biomarkers for diagnosis and treatment planning",,0.4228515625,10,3189,35,1.0
medical_conditions,Back Pain,auc,0.5648441067207025,0.00041552487549234574,True,0.0,long_seq,activity_tm_3kmh,Age_Gender_BMI_height_VAT,0.5644285818452102,all,categorical,"Back pain diagnosis - musculoskeletal pain in the lumbar, thoracic, or cervical spine regions",,0.4609375,10,3189,564,1.0
medical_conditions,Hashimoto,auc,0.37777950310559005,-0.0003309030975996441,False,0.0,long_seq,activity_tm_3kmh,Age_Gender_BMI_height_VAT,0.3781104062031897,female,categorical,"Binary diagnosis flag for Hashimoto's thyroiditis, an autoimmune thyroid disease",,0.5,10,3189,19,1.0
medical_conditions,IBS,auc,0.6192811051837483,-0.0005370766344334754,False,0.0,long_seq,activity_tm_3kmh,Age_Gender_BMI_height_VAT,0.6198181818181818,all,categorical,"Binary diagnosis flag for Irritable Bowel Syndrome, a gastrointestinal disorder",,0.615234375,10,3189,96,1.0
medical_conditions,Insomnia,auc,0.4617852225097221,-0.002044709969674152,False,0.0,long_seq,activity_tm_3kmh,Age_Gender_BMI_height_VAT,0.46382993247939625,all,categorical,Insomnia diagnosis - sleep disorder characterized by persistent difficulty falling or staying asleep,,0.4228515625,10,3189,42,1.0
medical_conditions,Back Pain,auc,0.5496862719196856,-0.004904744395200389,False,0.0,long_seq,activity_tm_3kmh,Age_Gender_BMI_height_VAT,0.5545910163148859,male,categorical,"Back pain diagnosis - musculoskeletal pain in the lumbar, thoracic, or cervical spine regions",,0.919921875,10,3189,564,1.0
medical_conditions,Atopic Dermatitis,auc,0.48537374020156776,-0.005267848448176515,False,0.0,long_seq,activity_tm_3kmh,Age_Gender_BMI_height_VAT,0.4906415886497443,male,categorical,"Presence or absence of atopic dermatitis (eczema), a chronic inflammatory skin condition characterized by itching and skin barrier dysfunction",,0.65234375,10,3189,108,1.0
medical_conditions,Iron Defficiency,auc,0.4469424347279018,-0.006615739057076131,False,0.0,long_seq,activity_tm_3kmh,Age_Gender_BMI_height_VAT,0.4535581737849779,all,categorical,"Deficiency of iron, causing reduced hemoglobin and oxygen-carrying capacity",,0.615234375,10,3189,10,1.0
medical_conditions,Anemia,auc,0.4627772177419354,-0.007179024513331023,False,0.0,long_seq,activity_tm_3kmh,Age_Gender_BMI_height_VAT,0.46995624225526644,male,categorical,"Presence or absence of anemia, a condition characterized by insufficient red blood cells or hemoglobin to carry adequate oxygen",,0.4609375,10,3189,162,1.0
medical_conditions,Urinary Tract Stones,auc,0.47137364921030755,-0.009408409444091492,False,0.0,long_seq,activity_tm_3kmh,Age_Gender_BMI_height_VAT,0.48078205865439905,female,categorical,"Presence or absence of urolithiasis (kidney or urinary tract stones), mineral deposits that form in the urinary system",,0.615234375,10,3189,75,1.0
medical_conditions,IBD,auc,0.44452343504246616,-0.01151395714695902,False,0.0,long_seq,activity_tm_3kmh,Age_Gender_BMI_height_VAT,0.4560373921894252,all,categorical,"Binary indicator of Inflammatory Bowel Disease, a chronic gastrointestinal condition (Crohn's disease or ulcerative colitis)",,0.7216796875,10,3189,10,1.0
medical_conditions,Haemorrhoids,auc,0.5182532720351327,-0.014121882302833844,False,0.0,long_seq,activity_tm_3kmh,Age_Gender_BMI_height_VAT,0.5323751543379666,male,categorical,Hemorrhoids (piles) diagnosis - swollen veins in the rectal or anal area causing discomfort and bleeding,,1.0,10,3189,606,1.0
medical_conditions,Asthma,auc,0.507060913071588,-0.014686171610820087,False,0.0,long_seq,activity_tm_3kmh,Age_Gender_BMI_height_VAT,0.521747084682408,all,categorical,"Asthma diagnosis - a chronic inflammatory airway disease characterized by reversible airflow obstruction, bronchial hyperresponsiveness, and inflammation",,0.9814453125,10,3189,181,1.0
medical_conditions,Sinusitis,auc,0.49235545602605857,-0.01566530556835133,False,0.0,long_seq,activity_tm_3kmh,Age_Gender_BMI_height_VAT,0.5080207615944099,male,categorical,"Presence or absence of sinusitis, inflammation of the tissues in the sinuses causing facial pain, nasal congestion, and other symptoms",,0.9677734375,10,3189,112,1.0
medical_conditions,Insomnia,auc,0.4404895749680259,-0.016124035181916352,False,0.0,long_seq,activity_tm_3kmh,Age_Gender_BMI_height_VAT,0.45661361014994223,female,categorical,Insomnia diagnosis - sleep disorder characterized by persistent difficulty falling or staying asleep,,0.65234375,10,3189,42,1.0
medical_conditions,Allergy,auc,0.5484258760107815,-0.016310122753673384,False,0.0,long_seq,activity_tm_3kmh,Age_Gender_BMI_height_VAT,0.5647359987644549,female,categorical,Presence or absence of allergic conditions - abnormal immune response to environmental or substance triggers,,1.0,10,3189,644,1.0
medical_conditions,Heart valve disease,auc,0.4709161874066736,-0.01723074894073867,False,0.0,long_seq,activity_tm_3kmh,Age_Gender_BMI_height_VAT,0.4881469363474123,all,categorical,"Binary diagnosis flag for heart valve disease, a cardiac condition affecting heart valve function",,0.8125,10,3189,43,1.0
medical_conditions,Migraine,auc,0.4897164594188538,-0.01748192895930989,False,0.0,long_seq,activity_tm_3kmh,Age_Gender_BMI_height_VAT,0.5071983883781637,male,categorical,"Binary diagnosis flag for Migraine, a neurological headache disorder",,0.947265625,10,3189,171,1.0
medical_conditions,ADHD,auc,0.5652363345538755,-0.01759255881229116,False,0.0,long_seq,activity_tm_3kmh,Age_Gender_BMI_height_VAT,0.5828288933661666,female,categorical,Attention-Deficit/Hyperactivity Disorder diagnosis flag - a neurodevelopmental condition characterized by persistent patterns of inattention and/or hyperactivity-impulsivity,,1.0,10,3189,477,1.0
medical_conditions,Fractures,auc,0.5374416699998095,-0.01906043807109059,False,0.0,long_seq,activity_tm_3kmh,Age_Gender_BMI_height_VAT,0.5565021080709001,male,categorical,Fracture diagnosis - break or crack in bone structure,,0.9970703125,10,3189,283,1.0
medical_conditions,Tinnitus,auc,0.5166199439327193,-0.02037434126321691,False,0.0,long_seq,activity_tm_3kmh,Age_Gender_BMI_height_VAT,0.5369942851959362,all,categorical,"Binary indicator of tinnitus, an auditory condition characterized by perception of ringing or noise in the ears",,0.8388671875,10,3189,11,1.0
medical_conditions,B12 Deficiency,auc,0.5110694964627549,-0.024525180087110465,False,0.0,long_seq,activity_tm_3kmh,Age_Gender_BMI_height_VAT,0.5355946765498654,male,categorical,"Vitamin B12 deficiency diagnosis - insufficient levels of cobalamin affecting DNA synthesis, metabolism, and neurological function",,0.9951171875,10,3189,155,1.0
medical_conditions,Fibromyalgia,auc,0.5295329670329669,-0.026189576319634256,False,0.0,long_seq,activity_tm_3kmh,Age_Gender_BMI_height_VAT,0.5557225433526012,female,categorical,"Presence or absence of fibromyalgia, a chronic pain syndrome characterized by widespread musculoskeletal pain, fatigue, and sleep disturbances",,0.9580078125,10,3189,32,1.0
medical_conditions,Haemorrhoids,auc,0.5142646320381167,-0.028513661934286616,False,0.0,long_seq,activity_tm_3kmh,Age_Gender_BMI_height_VAT,0.5427782939724033,all,categorical,Hemorrhoids (piles) diagnosis - swollen veins in the rectal or anal area causing discomfort and bleeding,,1.0,10,3189,606,1.0
medical_conditions,B12 Deficiency,auc,0.5388514591104082,-0.028623659043608973,False,0.0,long_seq,activity_tm_3kmh,Age_Gender_BMI_height_VAT,0.5674751181540172,female,categorical,"Vitamin B12 deficiency diagnosis - insufficient levels of cobalamin affecting DNA synthesis, metabolism, and neurological function",,0.998046875,10,3189,155,1.0
medical_conditions,Migraine,auc,0.5158939987626316,-0.028766939153701987,False,0.0,long_seq,activity_tm_3kmh,Age_Gender_BMI_height_VAT,0.5446609379163336,female,categorical,"Binary diagnosis flag for Migraine, a neurological headache disorder",,1.0,10,3189,171,1.0
medical_conditions,Uveitis,auc,0.4925948844884488,-0.03037478283053352,False,0.0,long_seq,activity_tm_3kmh,Age_Gender_BMI_height_VAT,0.5229696673189823,female,categorical,"Binary indicator of uveitis, an inflammatory condition affecting the uvea (middle layer of the eye) causing redness, pain, and vision problems",,0.947265625,10,3189,10,1.0
medical_conditions,ADHD,auc,0.5623598510850141,-0.030731104882256055,False,0.0,long_seq,activity_tm_3kmh,Age_Gender_BMI_height_VAT,0.5930909559672701,all,categorical,Attention-Deficit/Hyperactivity Disorder diagnosis flag - a neurodevelopmental condition characterized by persistent patterns of inattention and/or hyperactivity-impulsivity,,1.0,10,3189,477,1.0
medical_conditions,Hypertension,auc,0.7201030842338344,-0.032825794339778835,False,0.0,long_seq,activity_tm_3kmh,Age_Gender_BMI_height_VAT,0.7529288785736132,male,categorical,Binary diagnosis flag for hypertension (high blood pressure),,1.0,10,3189,308,1.0
medical_conditions,Atopic Dermatitis,auc,0.477973120800125,-0.03481969940066598,False,0.0,long_seq,activity_tm_3kmh,Age_Gender_BMI_height_VAT,0.512792820200791,all,categorical,"Presence or absence of atopic dermatitis (eczema), a chronic inflammatory skin condition characterized by itching and skin barrier dysfunction",,1.0,10,3189,108,1.0
medical_conditions,Oral apthae,auc,0.4877141469731304,-0.03497028564466598,False,0.0,long_seq,activity_tm_3kmh,Age_Gender_BMI_height_VAT,0.5226844326177964,all,categorical,Presence or absence of aphthous ulcers (canker sores) in the oral cavity; painful ulcerations of the mouth that are non-infectious and non-cancerous,,1.0,10,3189,100,1.0
medical_conditions,Polycystic Ovary Disease,auc,0.77806509979833,-0.035947512814282434,False,0.0,long_seq,activity_tm_3kmh,Age_Gender_BMI_height_VAT,0.8140126126126125,all,categorical,"Binary diagnosis flag for Polycystic Ovary Disease (PCOS), a hormonal endocrine disorder",,1.0,10,3189,68,1.0
medical_conditions,Hashimoto,auc,0.416798937406608,-0.03602454856089571,False,0.0,long_seq,activity_tm_3kmh,Age_Gender_BMI_height_VAT,0.4528234859675037,all,categorical,"Binary diagnosis flag for Hashimoto's thyroiditis, an autoimmune thyroid disease",,0.9951171875,10,3189,19,1.0
medical_conditions,Fractures,auc,0.5189505567863735,-0.036493417957817464,False,0.0,long_seq,activity_tm_3kmh,Age_Gender_BMI_height_VAT,0.5554439747441909,all,categorical,Fracture diagnosis - break or crack in bone structure,,1.0,10,3189,283,1.0
medical_conditions,Anxiety,auc,0.5639492732775585,-0.03665056293781832,False,0.0,long_seq,activity_tm_3kmh,Age_Gender_BMI_height_VAT,0.6005998362153768,all,categorical,"Anxiety disorder diagnosis - a mental health condition characterized by persistent worry, fear, or panic",,1.0,10,3189,113,1.0
medical_conditions,Allergy,auc,0.55127561044064,-0.03715801071424396,False,0.0,long_seq,activity_tm_3kmh,Age_Gender_BMI_height_VAT,0.588433621154884,all,categorical,Presence or absence of allergic conditions - abnormal immune response to environmental or substance triggers,,1.0,10,3189,644,1.0
medical_conditions,Urinary Tract Stones,auc,0.5424817009410944,-0.03889282402155436,False,0.0,long_seq,activity_tm_3kmh,Age_Gender_BMI_height_VAT,0.5813745249626487,male,categorical,"Presence or absence of urolithiasis (kidney or urinary tract stones), mineral deposits that form in the urinary system",,1.0,10,3189,75,1.0
medical_conditions,Hypertension,auc,0.7362599566348266,-0.039454013492039586,False,0.0,long_seq,activity_tm_3kmh,Age_Gender_BMI_height_VAT,0.7757139701268662,all,categorical,Binary diagnosis flag for hypertension (high blood pressure),,1.0,10,3189,308,1.0
medical_conditions,Asthma,auc,0.4760748679714196,-0.040472547052859076,False,0.0,long_seq,activity_tm_3kmh,Age_Gender_BMI_height_VAT,0.5165474150242787,male,categorical,"Asthma diagnosis - a chronic inflammatory airway disease characterized by reversible airflow obstruction, bronchial hyperresponsiveness, and inflammation",,0.9990234375,10,3189,181,1.0
medical_conditions,Haemorrhoids,auc,0.5095768519525725,-0.04056945005273482,False,0.0,long_seq,activity_tm_3kmh,Age_Gender_BMI_height_VAT,0.5501463020053073,female,categorical,Hemorrhoids (piles) diagnosis - swollen veins in the rectal or anal area causing discomfort and bleeding,,1.0,10,3189,606,1.0
medical_conditions,Hyperlipidemia,auc,0.682522916328335,-0.04463865572406689,False,0.0,long_seq,activity_tm_3kmh,Age_Gender_BMI_height_VAT,0.7271615720524018,female,categorical,"Binary diagnosis flag for hyperlipidemia, excess fats in the bloodstream",,1.0,10,3189,717,1.0
medical_conditions,B12 Deficiency,auc,0.5548748591234822,-0.04465909149380176,False,0.0,long_seq,activity_tm_3kmh,Age_Gender_BMI_height_VAT,0.599533950617284,all,categorical,"Vitamin B12 deficiency diagnosis - insufficient levels of cobalamin affecting DNA synthesis, metabolism, and neurological function",,1.0,10,3189,155,1.0
medical_conditions,ADHD,auc,0.5594347304774911,-0.044884802213634,False,0.0,long_seq,activity_tm_3kmh,Age_Gender_BMI_height_VAT,0.6043195326911251,male,categorical,Attention-Deficit/Hyperactivity Disorder diagnosis flag - a neurodevelopmental condition characterized by persistent patterns of inattention and/or hyperactivity-impulsivity,,1.0,10,3189,477,1.0
medical_conditions,Fractures,auc,0.49272858601708636,-0.04500844221289957,False,0.0,long_seq,activity_tm_3kmh,Age_Gender_BMI_height_VAT,0.5377370282299859,female,categorical,Fracture diagnosis - break or crack in bone structure,,1.0,10,3189,283,1.0
medical_conditions,Meniscus Tears,auc,0.5348601735776277,-0.045331244589875475,False,0.0,long_seq,activity_tm_3kmh,Age_Gender_BMI_height_VAT,0.5801914181675032,all,categorical,Tear or rupture of the meniscus cartilage in the knee joint,,0.9970703125,10,3189,17,1.0
medical_conditions,Tinnitus,auc,0.38342490842490834,-0.04748931623931635,False,0.0,long_seq,activity_tm_3kmh,Age_Gender_BMI_height_VAT,0.4309142246642247,male,categorical,"Binary indicator of tinnitus, an auditory condition characterized by perception of ringing or noise in the ears",,0.9814453125,10,3189,11,1.0
medical_conditions,Hypertension,auc,0.748759371341752,-0.04756552796791036,False,0.0,long_seq,activity_tm_3kmh,Age_Gender_BMI_height_VAT,0.7963248993096623,female,categorical,Binary diagnosis flag for hypertension (high blood pressure),,1.0,10,3189,308,1.0
medical_conditions,Sinusitis,auc,0.5190783073929961,-0.047891661596721535,False,0.0,long_seq,activity_tm_3kmh,Age_Gender_BMI_height_VAT,0.5669699689897176,female,categorical,"Presence or absence of sinusitis, inflammation of the tissues in the sinuses causing facial pain, nasal congestion, and other symptoms",,1.0,10,3189,112,1.0
medical_conditions,Anxiety,auc,0.5795953600791363,-0.048255507078691084,False,0.0,long_seq,activity_tm_3kmh,Age_Gender_BMI_height_VAT,0.6278508671578273,female,categorical,"Anxiety disorder diagnosis - a mental health condition characterized by persistent worry, fear, or panic",,1.0,10,3189,113,1.0
medical_conditions,Hyperlipidemia,auc,0.64986103776523,-0.04874799764380544,False,0.0,long_seq,activity_tm_3kmh,Age_Gender_BMI_height_VAT,0.6986090354090354,all,categorical,"Binary diagnosis flag for hyperlipidemia, excess fats in the bloodstream",,1.0,10,3189,717,1.0
medical_conditions,Atopic Dermatitis,auc,0.46239905062958797,-0.04919145573351136,False,0.0,long_seq,activity_tm_3kmh,Age_Gender_BMI_height_VAT,0.5115905063630993,female,categorical,"Presence or absence of atopic dermatitis (eczema), a chronic inflammatory skin condition characterized by itching and skin barrier dysfunction",,1.0,10,3189,108,1.0
medical_conditions,Obesity,auc,0.834711684724283,-0.0521525201595765,False,0.0,long_seq,activity_tm_3kmh,Age_Gender_BMI_height_VAT,0.8868642048838595,female,categorical,"Binary diagnosis flag for Obesity, excessive body fat accumulation",,1.0,10,3189,98,1.0
medical_conditions,Hyperlipidemia,auc,0.6138448905357168,-0.05386519456076311,False,0.0,long_seq,activity_tm_3kmh,Age_Gender_BMI_height_VAT,0.6677100850964799,male,categorical,"Binary diagnosis flag for hyperlipidemia, excess fats in the bloodstream",,1.0,10,3189,717,1.0
medical_conditions,Obesity,auc,0.8414686482810529,-0.05707112063929676,False,0.0,long_seq,activity_tm_3kmh,Age_Gender_BMI_height_VAT,0.8985397689203497,all,categorical,"Binary diagnosis flag for Obesity, excessive body fat accumulation",,1.0,10,3189,98,1.0
medical_conditions,Hearing loss,auc,0.5644596947659531,-0.05721882077171736,False,0.0,long_seq,activity_tm_3kmh,Age_Gender_BMI_height_VAT,0.6216785155376705,male,categorical,"Hearing loss diagnosis - reduced ability to hear sound, ranging from mild to complete loss across frequency ranges",,1.0,10,3189,127,1.0
medical_conditions,IBS,auc,0.5609931780245301,-0.05873440603524571,False,0.0,long_seq,activity_tm_3kmh,Age_Gender_BMI_height_VAT,0.6197275840597758,male,categorical,"Binary diagnosis flag for Irritable Bowel Syndrome, a gastrointestinal disorder",,1.0,10,3189,96,1.0
medical_conditions,Allergy,auc,0.5496328775029258,-0.05913212103380239,False,0.0,long_seq,activity_tm_3kmh,Age_Gender_BMI_height_VAT,0.6087649985367282,male,categorical,Presence or absence of allergic conditions - abnormal immune response to environmental or substance triggers,,1.0,10,3189,644,1.0
medical_conditions,Retinal detachment,auc,0.5078533623910336,-0.062382939961232675,False,0.0,long_seq,activity_tm_3kmh,Age_Gender_BMI_height_VAT,0.5702363023522663,female,categorical,"Presence or absence of retinal detachment, an ophthalmologic emergency where the retina separates from the back of the eye",,1.0,10,3189,28,1.0
medical_conditions,Gallstone Disease,auc,0.5566095423865255,-0.06333359223746016,False,0.0,long_seq,activity_tm_3kmh,Age_Gender_BMI_height_VAT,0.6199431346239856,female,categorical,"Presence or absence of cholelithiasis (gallstone disease), characterized by formation of stones in the gallbladder",,1.0,10,3189,115,1.0
medical_conditions,Migraine,auc,0.5811574994477579,-0.06508410116008512,False,0.0,long_seq,activity_tm_3kmh,Age_Gender_BMI_height_VAT,0.646241600607843,all,categorical,"Binary diagnosis flag for Migraine, a neurological headache disorder",,1.0,10,3189,171,1.0
medical_conditions,Celiac,auc,0.5538503346873391,-0.06511093386143674,False,0.0,long_seq,activity_tm_3kmh,Age_Gender_BMI_height_VAT,0.6189612685487759,all,categorical,"Binary indicator of celiac disease, an autoimmune condition triggered by gluten consumption causing intestinal damage",,1.0,10,3189,11,1.0
medical_conditions,Endometriosis and Adenomyosis,auc,0.7856169885994448,-0.06570972703885192,False,0.0,long_seq,activity_tm_3kmh,Age_Gender_BMI_height_VAT,0.8513267156382968,all,categorical,"Presence or absence of endometriosis and/or adenomyosis, gynecologic conditions involving abnormal uterine tissue growth causing pain and infertility",,1.0,10,3189,54,1.0
medical_conditions,Polycystic Ovary Disease,auc,0.5644711938829585,-0.06775089637832421,False,0.0,long_seq,activity_tm_3kmh,Age_Gender_BMI_height_VAT,0.6322220902612827,female,categorical,"Binary diagnosis flag for Polycystic Ovary Disease (PCOS), a hormonal endocrine disorder",,1.0,10,3189,68,1.0
medical_conditions,Anemia,auc,0.6168946559156889,-0.06886471210926393,False,0.0,long_seq,activity_tm_3kmh,Age_Gender_BMI_height_VAT,0.6857593680249529,all,categorical,"Presence or absence of anemia, a condition characterized by insufficient red blood cells or hemoglobin to carry adequate oxygen",,1.0,10,3189,162,1.0
medical_conditions,Gout,auc,0.598208296557811,-0.06913285088204091,False,0.0,long_seq,activity_tm_3kmh,Age_Gender_BMI_height_VAT,0.667341147439852,male,categorical,"Presence or absence of gout, an inflammatory arthritis caused by uric acid crystal deposition, characterized by acute painful attacks in joints",,1.0,10,3189,24,1.0
medical_conditions,Obesity,auc,0.8307093852293619,-0.07062292693057937,False,0.0,long_seq,activity_tm_3kmh,Age_Gender_BMI_height_VAT,0.9013323121599413,male,categorical,"Binary diagnosis flag for Obesity, excessive body fat accumulation",,1.0,10,3189,98,1.0
medical_conditions,Breast fibrocystic change,auc,0.6928685851593341,-0.07104902345479769,False,0.0,long_seq,activity_tm_3kmh,Age_Gender_BMI_height_VAT,0.7639176086141318,all,categorical,Benign breast condition characterized by cysts and fibrosis in breast tissue,,1.0,10,3189,11,1.0
medical_conditions,Prediabetes,auc,0.6045889873808787,-0.07117366210360387,False,0.0,long_seq,activity_tm_3kmh,Age_Gender_BMI_height_VAT,0.6757626494844826,male,categorical,"Binary diagnosis flag for Prediabetes, elevated blood glucose preceding type 2 diabetes",,1.0,10,3189,250,1.0
medical_conditions,Sleep Apnea,auc,0.5637094848683817,-0.07168043888415188,False,0.0,long_seq,activity_tm_3kmh,Age_Gender_BMI_height_VAT,0.6353899237525336,male,categorical,"Binary diagnosis flag for Sleep Apnea, a sleep-related breathing disorder",,1.0,10,3189,63,1.0
medical_conditions,Sinusitis,auc,0.5514644946376339,-0.07239721267943933,False,0.0,long_seq,activity_tm_3kmh,Age_Gender_BMI_height_VAT,0.6238617073170732,all,categorical,"Presence or absence of sinusitis, inflammation of the tissues in the sinuses causing facial pain, nasal congestion, and other symptoms",,1.0,10,3189,112,1.0
medical_conditions,Urinary Tract Stones,auc,0.5950207664311711,-0.07289085597658151,False,0.0,long_seq,activity_tm_3kmh,Age_Gender_BMI_height_VAT,0.6679116224077526,all,categorical,"Presence or absence of urolithiasis (kidney or urinary tract stones), mineral deposits that form in the urinary system",,1.0,10,3189,75,1.0
medical_conditions,Osteoarthritis,auc,0.5686822308690014,-0.07303762363652322,False,0.0,long_seq,activity_tm_3kmh,Age_Gender_BMI_height_VAT,0.6417198545055246,male,categorical,"Binary diagnosis flag for Osteoarthritis, degenerative joint disease from cartilage wear",,1.0,10,3189,85,1.0
medical_conditions,Fibromyalgia,auc,0.5987052581564777,-0.07507261382317476,False,0.0,long_seq,activity_tm_3kmh,Age_Gender_BMI_height_VAT,0.6737778719796524,all,categorical,"Presence or absence of fibromyalgia, a chronic pain syndrome characterized by widespread musculoskeletal pain, fatigue, and sleep disturbances",,1.0,10,3189,32,1.0
medical_conditions,Ischemic Heart Disease,auc,0.6787677109060185,-0.07576075407162675,False,0.0,long_seq,activity_tm_3kmh,Age_Gender_BMI_height_VAT,0.7545284649776453,all,categorical,"Binary diagnosis flag for Ischemic Heart Disease, reduced blood flow to the heart",,1.0,10,3189,49,1.0
medical_conditions,Osteoarthritis,auc,0.6529172983626441,-0.07597237950031432,False,0.0,long_seq,activity_tm_3kmh,Age_Gender_BMI_height_VAT,0.7288896778629584,all,categorical,"Binary diagnosis flag for Osteoarthritis, degenerative joint disease from cartilage wear",,1.0,10,3189,85,1.0
medical_conditions,Hearing loss,auc,0.5675853875548378,-0.07667056172203612,False,0.0,long_seq,activity_tm_3kmh,Age_Gender_BMI_height_VAT,0.6442559492768739,all,categorical,"Hearing loss diagnosis - reduced ability to hear sound, ranging from mild to complete loss across frequency ranges",,1.0,10,3189,127,1.0
medical_conditions,Osteoarthritis,auc,0.6522161758429363,-0.07775497902104156,False,0.0,long_seq,activity_tm_3kmh,Age_Gender_BMI_height_VAT,0.7299711548639779,female,categorical,"Binary diagnosis flag for Osteoarthritis, degenerative joint disease from cartilage wear",,1.0,10,3189,85,1.0
medical_conditions,Fatty Liver Disease,auc,0.6222869545350697,-0.0785845161205736,False,0.0,long_seq,activity_tm_3kmh,Age_Gender_BMI_height_VAT,0.7008714706556433,male,categorical,"Presence or absence of fatty liver disease (NAFLD/AFLD), characterized by excessive fat accumulation in hepatocytes impairing liver function",,1.0,10,3189,155,1.0
medical_conditions,Prediabetes,auc,0.6364402858115005,-0.07962421030972278,False,0.0,long_seq,activity_tm_3kmh,Age_Gender_BMI_height_VAT,0.7160644961212232,all,categorical,"Binary diagnosis flag for Prediabetes, elevated blood glucose preceding type 2 diabetes",,1.0,10,3189,250,1.0
medical_conditions,Anal abscess,auc,0.3784608580274214,-0.08001924634309399,False,0.0,long_seq,activity_tm_3kmh,Age_Gender_BMI_height_VAT,0.4584801043705154,female,categorical,Anal abscess diagnosis - a localized collection of pus near the anus caused by bacterial infection,,0.9970703125,10,3189,15,1.0
medical_conditions,Psoriasis,auc,0.46980467176802254,-0.0801240777866622,False,0.0,long_seq,activity_tm_3kmh,Age_Gender_BMI_height_VAT,0.5499287495546847,male,categorical,"Binary diagnosis flag for Psoriasis, an autoimmune skin condition",,1.0,10,3189,83,1.0
medical_conditions,Ischemic Heart Disease,auc,0.5465277127244341,-0.08202516104352697,False,0.0,long_seq,activity_tm_3kmh,Age_Gender_BMI_height_VAT,0.6285528737679611,male,categorical,"Binary diagnosis flag for Ischemic Heart Disease, reduced blood flow to the heart",,1.0,10,3189,49,1.0
medical_conditions,Anemia,auc,0.4949503637601692,-0.08261168201913982,False,0.0,long_seq,activity_tm_3kmh,Age_Gender_BMI_height_VAT,0.577562045779309,female,categorical,"Presence or absence of anemia, a condition characterized by insufficient red blood cells or hemoglobin to carry adequate oxygen",,1.0,10,3189,162,1.0
medical_conditions,Heart valve disease,auc,0.4048252184769038,-0.08261871481809335,False,0.0,long_seq,activity_tm_3kmh,Age_Gender_BMI_height_VAT,0.48744393329499713,female,categorical,"Binary diagnosis flag for heart valve disease, a cardiac condition affecting heart valve function",,1.0,10,3189,43,1.0
medical_conditions,Gallstone Disease,auc,0.5106644825268816,-0.08368305797815412,False,0.0,long_seq,activity_tm_3kmh,Age_Gender_BMI_height_VAT,0.5943475405050357,male,categorical,"Presence or absence of cholelithiasis (gallstone disease), characterized by formation of stones in the gallbladder",,1.0,10,3189,115,1.0
medical_conditions,Gallstone Disease,auc,0.5835000424316144,-0.08660957574049422,False,0.0,long_seq,activity_tm_3kmh,Age_Gender_BMI_height_VAT,0.6701096181721086,all,categorical,"Presence or absence of cholelithiasis (gallstone disease), characterized by formation of stones in the gallbladder",,1.0,10,3189,115,1.0
medical_conditions,Erectile Dysfunction,auc,0.4857681205901218,-0.08732478894533052,False,0.0,long_seq,activity_tm_3kmh,Age_Gender_BMI_height_VAT,0.5730929095354523,male,categorical,Inability to achieve or maintain erections sufficient for sexual function,,0.9970703125,10,3189,8,1.0
medical_conditions,Oral apthae,auc,0.4610330347144457,-0.08752165328473649,False,0.0,long_seq,activity_tm_3kmh,Age_Gender_BMI_height_VAT,0.5485546879991822,male,categorical,Presence or absence of aphthous ulcers (canker sores) in the oral cavity; painful ulcerations of the mouth that are non-infectious and non-cancerous,,1.0,10,3189,100,1.0
medical_conditions,Prediabetes,auc,0.6631645201412293,-0.08917284409569826,False,0.0,long_seq,activity_tm_3kmh,Age_Gender_BMI_height_VAT,0.7523373642369275,female,categorical,"Binary diagnosis flag for Prediabetes, elevated blood glucose preceding type 2 diabetes",,1.0,10,3189,250,1.0
medical_conditions,Celiac,auc,0.5603980539584255,-0.09318152855951323,False,0.0,long_seq,activity_tm_3kmh,Age_Gender_BMI_height_VAT,0.6535795825179387,female,categorical,"Binary indicator of celiac disease, an autoimmune condition triggered by gluten consumption causing intestinal damage",,1.0,10,3189,11,1.0
medical_conditions,Endometriosis and Adenomyosis,auc,0.6122531651549509,-0.09521759241159211,False,0.0,long_seq,activity_tm_3kmh,Age_Gender_BMI_height_VAT,0.707470757566543,female,categorical,"Presence or absence of endometriosis and/or adenomyosis, gynecologic conditions involving abnormal uterine tissue growth causing pain and infertility",,1.0,10,3189,54,1.0
medical_conditions,Hearing loss,auc,0.570312241521919,-0.09629564141811309,False,0.0,long_seq,activity_tm_3kmh,Age_Gender_BMI_height_VAT,0.666607882940032,female,categorical,"Hearing loss diagnosis - reduced ability to hear sound, ranging from mild to complete loss across frequency ranges",,1.0,10,3189,127,1.0
medical_conditions,AV. Conduction Disorder,auc,0.5304987212276215,-0.09721138839479027,False,0.0,long_seq,activity_tm_3kmh,Age_Gender_BMI_height_VAT,0.6277101096224118,male,categorical,Atrioventricular conduction disorder - abnormal electrical conduction between the atria and ventricles of the heart,,1.0,10,3189,8,1.0
medical_conditions,Erectile Dysfunction,auc,0.6937558943728387,-0.0980261380277504,False,0.0,long_seq,activity_tm_3kmh,Age_Gender_BMI_height_VAT,0.7917820324005891,all,categorical,Inability to achieve or maintain erections sufficient for sexual function,,1.0,10,3189,8,1.0
medical_conditions,Renal Stones,auc,0.5703523134946187,-0.10068007736227658,False,0.0,long_seq,activity_tm_3kmh,Age_Gender_BMI_height_VAT,0.6710323908568953,male,categorical,"Binary indicator of kidney stone presence or history, a urological condition involving mineral crystal deposits in the renal system",,1.0,10,3189,16,1.0
medical_conditions,Gout,auc,0.6940271195365983,-0.1015378652231762,False,0.0,long_seq,activity_tm_3kmh,Age_Gender_BMI_height_VAT,0.7955649847597746,all,categorical,"Presence or absence of gout, an inflammatory arthritis caused by uric acid crystal deposition, characterized by acute painful attacks in joints",,1.0,10,3189,24,1.0
medical_conditions,Fatty Liver Disease,auc,0.6539838815999319,-0.10168638649291872,False,0.0,long_seq,activity_tm_3kmh,Age_Gender_BMI_height_VAT,0.7556702680928506,all,categorical,"Presence or absence of fatty liver disease (NAFLD/AFLD), characterized by excessive fat accumulation in hepatocytes impairing liver function",,1.0,10,3189,155,1.0
medical_conditions,Atrial Fibrillation,auc,0.7193395236596369,-0.10403510760879964,False,0.0,long_seq,activity_tm_3kmh,Age_Gender_BMI_height_VAT,0.8233746312684366,all,categorical,"Binary indicator of atrial fibrillation, a cardiac arrhythmia characterized by irregular heartbeat and associated coagulation/inflammation biomarkers",,1.0,10,3189,12,1.0
medical_conditions,Ischemic Heart Disease,auc,0.6158513931888544,-0.10682850401274468,False,0.0,long_seq,activity_tm_3kmh,Age_Gender_BMI_height_VAT,0.7226798972015991,female,categorical,"Binary diagnosis flag for Ischemic Heart Disease, reduced blood flow to the heart",,1.0,10,3189,49,1.0
medical_conditions,Retinal detachment,auc,0.547249966104759,-0.109729495801413,False,0.0,long_seq,activity_tm_3kmh,Age_Gender_BMI_height_VAT,0.656979461906172,all,categorical,"Presence or absence of retinal detachment, an ophthalmologic emergency where the retina separates from the back of the eye",,1.0,10,3189,28,1.0
medical_conditions,Gout,auc,0.3793827160493827,-0.12050345355790248,False,0.0,long_seq,activity_tm_3kmh,Age_Gender_BMI_height_VAT,0.49988616960728516,female,categorical,"Presence or absence of gout, an inflammatory arthritis caused by uric acid crystal deposition, characterized by acute painful attacks in joints",,1.0,10,3189,24,1.0
medical_conditions,Sleep Apnea,auc,0.5907371863225991,-0.12322250714382854,False,0.0,long_seq,activity_tm_3kmh,Age_Gender_BMI_height_VAT,0.7139596934664276,all,categorical,"Binary diagnosis flag for Sleep Apnea, a sleep-related breathing disorder",,1.0,10,3189,63,1.0
medical_conditions,Renal Stones,auc,0.6115072486605736,-0.12351329620039675,False,0.0,long_seq,activity_tm_3kmh,Age_Gender_BMI_height_VAT,0.7350205448609703,all,categorical,"Binary indicator of kidney stone presence or history, a urological condition involving mineral crystal deposits in the renal system",,1.0,10,3189,16,1.0
medical_conditions,Meniscus Tears,auc,0.49265895953757227,-0.13470962236951817,False,0.0,long_seq,activity_tm_3kmh,Age_Gender_BMI_height_VAT,0.6273685819070904,male,categorical,Tear or rupture of the meniscus cartilage in the knee joint,,1.0,10,3189,17,1.0
medical_conditions,IBD,auc,0.4392483450779414,-0.14101588256433506,False,0.0,long_seq,activity_tm_3kmh,Age_Gender_BMI_height_VAT,0.5802642276422765,male,categorical,"Binary indicator of Inflammatory Bowel Disease, a chronic gastrointestinal condition (Crohn's disease or ulcerative colitis)",,0.998046875,10,3189,10,1.0
medical_conditions,G6PD,auc,0.3924526894751561,-0.14335655172874384,False,0.0,long_seq,activity_tm_3kmh,Age_Gender_BMI_height_VAT,0.5358092412038999,all,categorical,"Presence or absence of glucose-6-phosphate dehydrogenase (G6PD) deficiency, an inherited enzyme deficiency affecting red blood cell metabolism",,1.0,10,3189,34,1.0
medical_conditions,Melanoma,auc,0.5380989081567116,-0.15122872020514666,False,0.0,long_seq,activity_tm_3kmh,Age_Gender_BMI_height_VAT,0.6893276283618582,male,categorical,"Binary indicator of melanoma diagnosis, a malignant skin cancer with highest mortality risk among skin cancers",,1.0,10,3189,15,1.0
medical_conditions,Sleep Apnea,auc,0.5607577896706832,-0.15468415235353727,False,0.0,long_seq,activity_tm_3kmh,Age_Gender_BMI_height_VAT,0.7154419420242205,female,categorical,"Binary diagnosis flag for Sleep Apnea, a sleep-related breathing disorder",,1.0,10,3189,63,1.0
medical_conditions,Atherosclerotic,auc,0.4832372410847747,-0.1625401979396155,False,0.0,long_seq,activity_tm_3kmh,Age_Gender_BMI_height_VAT,0.6457774390243902,male,categorical,"Binary indicator of atherosclerotic disease, characterized by buildup of plaque in arteries and associated cardiovascular complications",,1.0,10,3189,15,1.0
medical_conditions,Melanoma,auc,0.4978596933417349,-0.1656656828754383,False,0.0,long_seq,activity_tm_3kmh,Age_Gender_BMI_height_VAT,0.6635253762171732,all,categorical,"Binary indicator of melanoma diagnosis, a malignant skin cancer with highest mortality risk among skin cancers",,1.0,10,3189,15,1.0
medical_conditions,Fatty Liver Disease,auc,0.609210401891253,-0.168452850349464,False,0.0,long_seq,activity_tm_3kmh,Age_Gender_BMI_height_VAT,0.777663252240717,female,categorical,"Presence or absence of fatty liver disease (NAFLD/AFLD), characterized by excessive fat accumulation in hepatocytes impairing liver function",,1.0,10,3189,155,1.0
medical_conditions,Atherosclerotic,auc,0.5500399075824406,-0.16864937462011587,False,0.0,long_seq,activity_tm_3kmh,Age_Gender_BMI_height_VAT,0.7186892822025565,all,categorical,"Binary indicator of atherosclerotic disease, characterized by buildup of plaque in arteries and associated cardiovascular complications",,1.0,10,3189,15,1.0
medical_conditions,Anal abscess,auc,0.4644570468388993,-0.17214879144256923,False,0.0,long_seq,activity_tm_3kmh,Age_Gender_BMI_height_VAT,0.6366058382814686,all,categorical,Anal abscess diagnosis - a localized collection of pus near the anus caused by bacterial infection,,1.0,10,3189,15,1.0
medical_conditions,Atherosclerotic,auc,0.5847144726871942,-0.1758696542969328,False,0.0,long_seq,activity_tm_3kmh,Age_Gender_BMI_height_VAT,0.760584126984127,female,categorical,"Binary indicator of atherosclerotic disease, characterized by buildup of plaque in arteries and associated cardiovascular complications",,1.0,10,3189,15,1.0
medical_conditions,Retinal detachment,auc,0.5941157556270096,-0.18241423213308827,False,0.0,long_seq,activity_tm_3kmh,Age_Gender_BMI_height_VAT,0.7765299877600979,male,categorical,"Presence or absence of retinal detachment, an ophthalmologic emergency where the retina separates from the back of the eye",,1.0,10,3189,28,1.0
medical_conditions,Anal abscess,auc,0.5411722257857601,-0.18815253961611667,False,0.0,long_seq,activity_tm_3kmh,Age_Gender_BMI_height_VAT,0.7293247654018767,male,categorical,Anal abscess diagnosis - a localized collection of pus near the anus caused by bacterial infection,,1.0,10,3189,15,1.0
medical_conditions,Melanoma,auc,0.3775881261595547,-0.20276935625155001,False,0.0,long_seq,activity_tm_3kmh,Age_Gender_BMI_height_VAT,0.5803574824111047,female,categorical,"Binary indicator of melanoma diagnosis, a malignant skin cancer with highest mortality risk among skin cancers",,1.0,10,3189,15,1.0
medical_conditions,Hypercoagulability ,auc,0.23115717821782172,-0.21104666281659545,False,0.0,long_seq,activity_tm_3kmh,Age_Gender_BMI_height_VAT,0.4422038410344172,female,categorical,,,1.0,10,3189,8,1.0
medical_conditions,AV. Conduction Disorder,auc,0.4093956303049355,-0.2111514185106646,False,0.0,long_seq,activity_tm_3kmh,Age_Gender_BMI_height_VAT,0.6205470488156001,all,categorical,Atrioventricular conduction disorder - abnormal electrical conduction between the atria and ventricles of the heart,,1.0,10,3189,8,1.0
medical_conditions,Thalassemia,auc,0.262360594795539,-0.22869715248862332,False,0.0,long_seq,activity_tm_3kmh,Age_Gender_BMI_height_VAT,0.49105774728416235,female,categorical,Binary indicator of thalassemia diagnosis (hereditary blood disorder characterized by deficient beta-globin chain synthesis causing anemia). Represents presence/absence of this genetic hematologic condition.,,1.0,10,3189,12,1.0
medical_conditions,Thalassemia,auc,0.29593169656909035,-0.23342121239160396,False,0.0,long_seq,activity_tm_3kmh,Age_Gender_BMI_height_VAT,0.5293529089606943,all,categorical,Binary indicator of thalassemia diagnosis (hereditary blood disorder characterized by deficient beta-globin chain synthesis causing anemia). Represents presence/absence of this genetic hematologic condition.,,1.0,10,3189,12,1.0
medical_conditions,Atrial Fibrillation,auc,0.6028113553113553,-0.24674603174603182,False,0.0,long_seq,activity_tm_3kmh,Age_Gender_BMI_height_VAT,0.8495573870573871,male,categorical,"Binary indicator of atrial fibrillation, a cardiac arrhythmia characterized by irregular heartbeat and associated coagulation/inflammation biomarkers",,1.0,10,3189,12,1.0
medical_conditions,AV. Conduction Disorder,auc,0.3293630179344465,-0.28499274033237215,False,0.0,long_seq,activity_tm_3kmh,Age_Gender_BMI_height_VAT,0.6143557582668187,female,categorical,Atrioventricular conduction disorder - abnormal electrical conduction between the atria and ventricles of the heart,,0.9990234375,10,3189,8,1.0
medical_conditions,G6PD,auc,0.31629122588674546,-0.3005780401683004,False,0.0,long_seq,activity_tm_3kmh,Age_Gender_BMI_height_VAT,0.6168692660550459,female,categorical,"Presence or absence of glucose-6-phosphate dehydrogenase (G6PD) deficiency, an inherited enzyme deficiency affecting red blood cell metabolism",,1.0,10,3189,34,1.0
medical_conditions,Hypercoagulability ,auc,0.2685397673687519,-0.3117406270969532,False,0.0,long_seq,activity_tm_3kmh,Age_Gender_BMI_height_VAT,0.5802803944657051,all,categorical,,,1.0,10,3189,8,1.0
medical_conditions,Hypercoagulability ,auc,0.29939297124600633,-0.3216532574644559,False,0.0,long_seq,activity_tm_3kmh,Age_Gender_BMI_height_VAT,0.6210462287104622,male,categorical,,,0.9990234375,10,3189,8,1.0
medical_conditions,Renal Stones,auc,0.22885802469135802,-0.35899097815764486,False,0.0,long_seq,activity_tm_3kmh,Age_Gender_BMI_height_VAT,0.5878490028490029,female,categorical,"Binary indicator of kidney stone presence or history, a urological condition involving mineral crystal deposits in the renal system",,1.0,10,3189,16,1.0
medical_conditions,Polycystic Ovary Disease,auc,,,,,long_seq,activity_tm_3kmh,Age_Gender_BMI_height_VAT,,male,categorical,"Binary diagnosis flag for Polycystic Ovary Disease (PCOS), a hormonal endocrine disorder",,,10,3189,68,
medical_conditions,Perimenopausal Disorders,auc,,,,,long_seq,activity_tm_3kmh,Age_Gender_BMI_height_VAT,,male,categorical,"Presence or absence of disorders related to the perimenopausal period (transition to menopause), including hormonal fluctuations and associated symptoms",,,10,3189,14,
medical_conditions,Breast Cancer,auc,,,,,long_seq,activity_tm_3kmh,Age_Gender_BMI_height_VAT,,male,categorical,"Binary indicator of breast cancer diagnosis, a malignant neoplasm assessed using biomarkers for diagnosis and treatment planning",,,10,3189,35,
medical_conditions,Breast fibrocystic change,auc,,,,,long_seq,activity_tm_3kmh,Age_Gender_BMI_height_VAT,,male,categorical,Benign breast condition characterized by cysts and fibrosis in breast tissue,,,10,3189,11,
medical_conditions,Erectile Dysfunction,auc,,,,,long_seq,activity_tm_3kmh,Age_Gender_BMI_height_VAT,,female,categorical,Inability to achieve or maintain erections sufficient for sexual function,,,10,3189,8,
medical_conditions,Endometriosis and Adenomyosis,auc,,,,,long_seq,activity_tm_3kmh,Age_Gender_BMI_height_VAT,,male,categorical,"Presence or absence of endometriosis and/or adenomyosis, gynecologic conditions involving abnormal uterine tissue growth causing pain and infertility",,,10,3189,54,
medical_conditions,Myocarditis,auc,0.6662250712250712,0.43292022792022794,True,1.0,long_seq,ensemble,Age_Gender_BMI_height_VAT,0.2333048433048433,female,categorical,"Binary indicator of myocarditis diagnosis (inflammation of the heart muscle). Values represent presence/absence of the condition, potentially linked to biomarkers like sST2 that correlate with disease severity.",,0.0009765625,10,3405,9,0.006022135416666666
medical_conditions,Hypercholesterolaemia,auc,0.5781288156288157,0.3885989010989012,True,1.0,long_seq,ensemble,Age_Gender_BMI_height_VAT,0.18952991452991447,male,categorical,"Binary diagnosis flag for hypercholesterolemia, elevated cholesterol levels in blood",,0.0009765625,10,3405,13,0.005533854166666666
medical_conditions,Myocarditis,auc,0.527960999869127,0.28028726606465126,True,1.0,long_seq,ensemble,Age_Gender_BMI_height_VAT,0.2476737338044758,all,categorical,"Binary indicator of myocarditis diagnosis (inflammation of the heart muscle). Values represent presence/absence of the condition, potentially linked to biomarkers like sST2 that correlate with disease severity.",,0.0009765625,10,3405,9,0.008413461538461538
medical_conditions,Hypercholesterolaemia,auc,0.5451539338654503,0.254127708095781,True,1.0,long_seq,ensemble,Age_Gender_BMI_height_VAT,0.2910262257696693,female,categorical,"Binary diagnosis flag for hypercholesterolemia, elevated cholesterol levels in blood",,0.0009765625,10,3405,13,0.006022135416666666
medical_conditions,Hypercholesterolaemia,auc,0.5809687953555878,0.23853864296081273,True,1.0,long_seq,ensemble,Age_Gender_BMI_height_VAT,0.34243015239477503,all,categorical,"Binary diagnosis flag for hypercholesterolemia, elevated cholesterol levels in blood",,0.0009765625,10,3405,13,0.008413461538461538
medical_conditions,Vitiligo,auc,0.509102564102564,0.22845441595441596,True,1.0,long_seq,ensemble,Age_Gender_BMI_height_VAT,0.2806481481481481,female,categorical,"Binary indicator of vitiligo diagnosis status, a chronic autoimmune skin condition characterized by loss of skin pigmentation due to melanocyte destruction",,0.0009765625,10,3405,17,0.006022135416666666
medical_conditions,Lactose Intolerance,auc,0.7097379646556978,0.20246191346739795,True,1.0,long_seq,ensemble,Age_Gender_BMI_height_VAT,0.5072760511882999,male,categorical,Inability to digest lactose sugar due to insufficient lactase enzyme,,0.0009765625,10,3405,11,0.005533854166666666
medical_conditions,Uveitis,auc,0.49528014616321564,0.19366626065773457,True,1.0,long_seq,ensemble,Age_Gender_BMI_height_VAT,0.30161388550548107,male,categorical,"Binary indicator of uveitis, an inflammatory condition affecting the uvea (middle layer of the eye) causing redness, pain, and vision problems",,0.001953125,10,3405,11,0.008661684782608696
medical_conditions,Myocarditis,auc,0.40156002437538085,0.18355880560633758,True,1.0,long_seq,ensemble,Age_Gender_BMI_height_VAT,0.21800121876904327,male,categorical,"Binary indicator of myocarditis diagnosis (inflammation of the heart muscle). Values represent presence/absence of the condition, potentially linked to biomarkers like sST2 that correlate with disease severity.",,0.0009765625,10,3405,9,0.005533854166666666
medical_conditions,Psoriasis,auc,0.6010279448716973,0.1374743013782077,True,1.0,long_seq,ensemble,Age_Gender_BMI_height_VAT,0.4635536434934896,female,categorical,"Binary diagnosis flag for Psoriasis, an autoimmune skin condition",,0.0009765625,10,3405,88,0.006022135416666666
medical_conditions,Glaucoma,auc,0.7999500285551113,0.12871216447744138,True,1.0,long_seq,ensemble,Age_Gender_BMI_height_VAT,0.6712378640776699,female,categorical,Glaucoma diagnosis - an eye disease involving optic nerve damage typically associated with elevated intraocular pressure,,0.0009765625,10,3405,21,0.006022135416666666
medical_conditions,Anal Fissure,auc,0.5379862896315338,0.12471043987432162,True,1.0,long_seq,ensemble,Age_Gender_BMI_height_VAT,0.4132758497572122,male,categorical,Anal fissure diagnosis - a small tear in the tissue lining the anus causing pain and bleeding,,0.0009765625,10,3405,196,0.005533854166666666
medical_conditions,Uveitis,auc,0.6473581213307241,0.12438845401174181,True,1.0,long_seq,ensemble,Age_Gender_BMI_height_VAT,0.5229696673189823,female,categorical,"Binary indicator of uveitis, an inflammatory condition affecting the uvea (middle layer of the eye) causing redness, pain, and vision problems",,0.001953125,10,3405,11,0.01083984375
medical_conditions,Thalassemia,auc,0.4061205846528623,0.12168087697929353,True,1.0,long_seq,ensemble,Age_Gender_BMI_height_VAT,0.2844397076735688,male,categorical,Binary indicator of thalassemia diagnosis (hereditary blood disorder characterized by deficient beta-globin chain synthesis causing anemia). Represents presence/absence of this genetic hematologic condition.,,0.0009765625,10,3405,14,0.005533854166666666
medical_conditions,Uveitis,auc,0.6006669523758504,0.11251941929608394,True,1.0,long_seq,ensemble,Age_Gender_BMI_height_VAT,0.4881475330797665,all,categorical,"Binary indicator of uveitis, an inflammatory condition affecting the uvea (middle layer of the eye) causing redness, pain, and vision problems",,0.0029296875,10,3405,11,0.018229166666666664
medical_conditions,Urinary tract infection,auc,0.29540754257907537,0.1107664233576642,True,1.0,long_seq,ensemble,Age_Gender_BMI_height_VAT,0.18464111922141116,male,categorical,"Presence or absence of urinary tract infection (UTI), a bacterial infection affecting the urinary system",,0.0029296875,10,3405,301,0.011953125
medical_conditions,Diabetes,auc,0.5778382838283829,0.1093337458745875,True,1.0,long_seq,ensemble,Age_Gender_BMI_height_VAT,0.4685045379537954,male,categorical,"Presence or absence of diabetes mellitus, a metabolic disorder affecting blood glucose regulation",,0.0009765625,10,3405,52,0.005533854166666666
medical_conditions,IBD,auc,0.3745267958950969,0.10513112884834663,True,1.0,long_seq,ensemble,Age_Gender_BMI_height_VAT,0.2693956670467503,female,categorical,"Binary indicator of Inflammatory Bowel Disease, a chronic gastrointestinal condition (Crohn's disease or ulcerative colitis)",,0.0029296875,10,3405,11,0.014138926630434784
medical_conditions,Depression,auc,0.6418493150684932,0.10484900373599015,True,1.0,long_seq,ensemble,Age_Gender_BMI_height_VAT,0.537000311332503,male,categorical,"Major depressive disorder diagnosis - a mental health condition characterized by persistent depressed mood, loss of interest, and neurobiological changes",,0.0009765625,10,3405,108,0.005533854166666666
medical_conditions,Headache,auc,0.6031741467406933,0.0993850781923955,True,1.0,long_seq,ensemble,Age_Gender_BMI_height_VAT,0.5037890685482977,female,categorical,"Headache diagnosis - pain in the head or upper neck region, which may indicate primary headache disorders or secondary conditions",,0.0009765625,10,3405,79,0.006022135416666666
medical_conditions,Vitiligo,auc,0.5181732535682322,0.09406472278486983,True,1.0,long_seq,ensemble,Age_Gender_BMI_height_VAT,0.42410853078336236,male,categorical,"Binary indicator of vitiligo diagnosis status, a chronic autoimmune skin condition characterized by loss of skin pigmentation due to melanocyte destruction",,0.001953125,10,3405,17,0.008661684782608696
medical_conditions,Peptic Ulcer Disease,auc,0.6123529672866084,0.08850703537662563,True,1.0,long_seq,ensemble,Age_Gender_BMI_height_VAT,0.5238459319099827,female,categorical,"Binary diagnosis flag for Peptic Ulcer Disease, erosion of GI tract lining",,0.0009765625,10,3405,55,0.006022135416666666
medical_conditions,Iron Defficiency,auc,0.4303556910569105,0.08847560975609753,True,1.0,long_seq,ensemble,Age_Gender_BMI_height_VAT,0.341880081300813,male,categorical,"Deficiency of iron, causing reduced hemoglobin and oxygen-carrying capacity",,0.001953125,10,3405,10,0.008661684782608696
medical_conditions,Goiter,auc,0.43593020896733614,0.08166970988030026,True,1.0,long_seq,ensemble,Age_Gender_BMI_height_VAT,0.3542604990870359,male,categorical,Enlargement of the thyroid gland,,0.0009765625,10,3405,11,0.005533854166666666
medical_conditions,Tinnitus,auc,0.678654503990878,0.07526795895096916,True,1.0,long_seq,ensemble,Age_Gender_BMI_height_VAT,0.6033865450399089,female,categorical,"Binary indicator of tinnitus, an auditory condition characterized by perception of ringing or noise in the ears",,0.0029296875,10,3405,13,0.014138926630434784
medical_conditions,Peptic Ulcer Disease,auc,0.5817910447761194,0.0744735413839891,True,1.0,long_seq,ensemble,Age_Gender_BMI_height_VAT,0.5073175033921303,all,categorical,"Binary diagnosis flag for Peptic Ulcer Disease, erosion of GI tract lining",,0.0009765625,10,3405,55,0.008413461538461538
medical_conditions,Meniscus Tears,auc,0.5655339805825242,0.07433609366076527,True,1.0,long_seq,ensemble,Age_Gender_BMI_height_VAT,0.491197886921759,female,categorical,Tear or rupture of the meniscus cartilage in the knee joint,,0.0009765625,10,3405,18,0.006022135416666666
medical_conditions,Diabetes,auc,0.5760114094310985,0.0735934474276444,True,1.0,long_seq,ensemble,Age_Gender_BMI_height_VAT,0.5024179620034541,female,categorical,"Presence or absence of diabetes mellitus, a metabolic disorder affecting blood glucose regulation",,0.0009765625,10,3405,52,0.006022135416666666
medical_conditions,Glaucoma,auc,0.7311001350894968,0.07323680063041771,True,1.0,long_seq,ensemble,Age_Gender_BMI_height_VAT,0.6578633344590791,all,categorical,Glaucoma diagnosis - an eye disease involving optic nerve damage typically associated with elevated intraocular pressure,,0.001953125,10,3405,21,0.01286764705882353
medical_conditions,Fibromyalgia,auc,0.5018495934959349,0.06925813008130088,True,1.0,long_seq,ensemble,Age_Gender_BMI_height_VAT,0.43259146341463406,male,categorical,"Presence or absence of fibromyalgia, a chronic pain syndrome characterized by widespread musculoskeletal pain, fatigue, and sleep disturbances",,0.009765625,10,3405,35,0.03557477678571428
medical_conditions,Diabetes,auc,0.5855382091812154,0.0679959393424946,True,1.0,long_seq,ensemble,Age_Gender_BMI_height_VAT,0.5175422698387208,all,categorical,"Presence or absence of diabetes mellitus, a metabolic disorder affecting blood glucose regulation",,0.0009765625,10,3405,52,0.008413461538461538
medical_conditions,Lactose Intolerance,auc,0.6276986125247763,0.06203996357207897,True,1.0,long_seq,ensemble,Age_Gender_BMI_height_VAT,0.5656586489526974,all,categorical,Inability to digest lactose sugar due to insufficient lactase enzyme,,0.0009765625,10,3405,11,0.008413461538461538
medical_conditions,Anal Fissure,auc,0.5025080926730305,0.06174478984488779,True,1.0,long_seq,ensemble,Age_Gender_BMI_height_VAT,0.44076330282814274,all,categorical,Anal fissure diagnosis - a small tear in the tissue lining the anus causing pain and bleeding,,0.0009765625,10,3405,196,0.008413461538461538
medical_conditions,Peptic Ulcer Disease,auc,0.5472714477640587,0.0614889215874439,True,1.0,long_seq,ensemble,Age_Gender_BMI_height_VAT,0.48578252617661477,male,categorical,"Binary diagnosis flag for Peptic Ulcer Disease, erosion of GI tract lining",,0.001953125,10,3405,55,0.008661684782608696
medical_conditions,Insomnia,auc,0.5290792681293365,0.05863269843821162,True,1.0,long_seq,ensemble,Age_Gender_BMI_height_VAT,0.47044656969112486,male,categorical,Insomnia diagnosis - sleep disorder characterized by persistent difficulty falling or staying asleep,,0.009765625,10,3405,48,0.03557477678571428
medical_conditions,Sinusitis,auc,0.5644785245158148,0.05645776292140492,True,1.0,long_seq,ensemble,Age_Gender_BMI_height_VAT,0.5080207615944099,male,categorical,"Presence or absence of sinusitis, inflammation of the tissues in the sinuses causing facial pain, nasal congestion, and other symptoms",,0.0009765625,10,3405,125,0.005533854166666666
medical_conditions,Depression,auc,0.6296596793942866,0.0528955897055684,True,1.0,long_seq,ensemble,Age_Gender_BMI_height_VAT,0.5767640896887182,all,categorical,"Major depressive disorder diagnosis - a mental health condition characterized by persistent depressed mood, loss of interest, and neurobiological changes",,0.0009765625,10,3405,108,0.008413461538461538
medical_conditions,AV. Conduction Disorder,auc,0.6782734470158344,0.05056333739342256,True,1.0,long_seq,ensemble,Age_Gender_BMI_height_VAT,0.6277101096224118,male,categorical,Atrioventricular conduction disorder - abnormal electrical conduction between the atria and ventricles of the heart,,0.0029296875,10,3405,9,0.011953125
medical_conditions,Depression,auc,0.6015792952308068,0.044675531359794185,True,1.0,long_seq,ensemble,Age_Gender_BMI_height_VAT,0.5569037638710126,female,categorical,"Major depressive disorder diagnosis - a mental health condition characterized by persistent depressed mood, loss of interest, and neurobiological changes",,0.0009765625,10,3405,108,0.006022135416666666
medical_conditions,IBS,auc,0.6492235037689583,0.04078012896194716,True,1.0,long_seq,ensemble,Age_Gender_BMI_height_VAT,0.6084433748070112,female,categorical,"Binary diagnosis flag for Irritable Bowel Syndrome, a gastrointestinal disorder",,0.0009765625,10,3405,105,0.006022135416666666
medical_conditions,Asthma,auc,0.5656967262991359,0.03909577704758427,True,1.0,long_seq,ensemble,Age_Gender_BMI_height_VAT,0.5266009492515517,female,categorical,"Asthma diagnosis - a chronic inflammatory airway disease characterized by reversible airflow obstruction, bronchial hyperresponsiveness, and inflammation",,0.0009765625,10,3405,189,0.006022135416666666
medical_conditions,Glaucoma,auc,0.6661171039615621,0.03730039097461024,True,0.0,long_seq,ensemble,Age_Gender_BMI_height_VAT,0.6288167129869519,male,categorical,Glaucoma diagnosis - an eye disease involving optic nerve damage typically associated with elevated intraocular pressure,,0.0419921875,10,3405,21,0.1381678427419355
medical_conditions,Heart valve disease,auc,0.5111709394840472,0.03709582362238473,True,1.0,long_seq,ensemble,Age_Gender_BMI_height_VAT,0.4740751158616625,male,categorical,"Binary diagnosis flag for heart valve disease, a cardiac condition affecting heart valve function",,0.009765625,10,3405,43,0.03557477678571428
medical_conditions,Psoriasis,auc,0.5467810453038068,0.03611526022967071,True,1.0,long_seq,ensemble,Age_Gender_BMI_height_VAT,0.5106657850741361,all,categorical,"Binary diagnosis flag for Psoriasis, an autoimmune skin condition",,0.0009765625,10,3405,88,0.008413461538461538
medical_conditions,Perimenopausal Disorders,auc,0.5769614170969593,0.03378155479059097,True,0.0,long_seq,ensemble,Age_Gender_BMI_height_VAT,0.5431798623063683,female,categorical,"Presence or absence of disorders related to the perimenopausal period (transition to menopause), including hormonal fluctuations and associated symptoms",,0.0244140625,10,3405,16,0.09678431919642858
medical_conditions,Anal Fissure,auc,0.46918809711331033,0.03133410950929705,True,1.0,long_seq,ensemble,Age_Gender_BMI_height_VAT,0.4378539876040133,female,categorical,Anal fissure diagnosis - a small tear in the tissue lining the anus causing pain and bleeding,,0.0068359375,10,3405,196,0.0303515625
medical_conditions,Celiac,auc,0.6840998043052837,0.030520221787345037,True,0.0,long_seq,ensemble,Age_Gender_BMI_height_VAT,0.6535795825179387,female,categorical,"Binary indicator of celiac disease, an autoimmune condition triggered by gluten consumption causing intestinal damage",,0.052734375,10,3405,11,0.19511718749999998
medical_conditions,Gout,auc,0.5277461582242459,0.027859988616960707,True,0.0,long_seq,ensemble,Age_Gender_BMI_height_VAT,0.49988616960728516,female,categorical,"Presence or absence of gout, an inflammatory arthritis caused by uric acid crystal deposition, characterized by acute painful attacks in joints",,0.0966796875,10,3405,27,0.335357666015625
medical_conditions,Hashimoto,auc,0.3962956506580667,0.025433626775908658,True,0.0,long_seq,ensemble,Age_Gender_BMI_height_VAT,0.37086202388215805,male,categorical,"Binary diagnosis flag for Hashimoto's thyroiditis, an autoimmune thyroid disease",,0.1611328125,10,3405,20,0.45654296874999994
medical_conditions,Goiter,auc,0.538692175899486,0.02478226727584243,True,0.0,long_seq,ensemble,Age_Gender_BMI_height_VAT,0.5139099086236436,female,categorical,Enlargement of the thyroid gland,,0.080078125,10,3405,11,0.2867313508064516
medical_conditions,Headache,auc,0.6026073818096014,0.024490207570579292,True,0.0,long_seq,ensemble,Age_Gender_BMI_height_VAT,0.5781171742390221,all,categorical,"Headache diagnosis - pain in the head or upper neck region, which may indicate primary headache disorders or secondary conditions",,0.013671875,10,3405,79,0.06657608695652174
medical_conditions,Asthma,auc,0.544661777093369,0.022914692410961,True,1.0,long_seq,ensemble,Age_Gender_BMI_height_VAT,0.521747084682408,all,categorical,"Asthma diagnosis - a chronic inflammatory airway disease characterized by reversible airflow obstruction, bronchial hyperresponsiveness, and inflammation",,0.0009765625,10,3405,189,0.008413461538461538
medical_conditions,Back Pain,auc,0.5771334708345169,0.022542454519630994,True,1.0,long_seq,ensemble,Age_Gender_BMI_height_VAT,0.5545910163148859,male,categorical,"Back pain diagnosis - musculoskeletal pain in the lumbar, thoracic, or cervical spine regions",,0.0009765625,10,3405,608,0.005533854166666666
medical_conditions,Vitiligo,auc,0.5797607472741163,0.014965448989513241,True,0.0,long_seq,ensemble,Age_Gender_BMI_height_VAT,0.5647952982846031,all,categorical,"Binary indicator of vitiligo diagnosis status, a chronic autoimmune skin condition characterized by loss of skin pigmentation due to melanocyte destruction",,0.2158203125,10,3405,17,0.9296875
medical_conditions,Headache,auc,0.5401495726495726,0.010887939221272402,True,0.0,long_seq,ensemble,Age_Gender_BMI_height_VAT,0.5292616334283002,male,categorical,"Headache diagnosis - pain in the head or upper neck region, which may indicate primary headache disorders or secondary conditions",,0.3125,10,3405,79,0.8173076923076924
medical_conditions,Sleep Apnea,auc,0.6436106553421486,0.008220731589615005,True,0.0,long_seq,ensemble,Age_Gender_BMI_height_VAT,0.6353899237525336,male,categorical,"Binary diagnosis flag for Sleep Apnea, a sleep-related breathing disorder",,0.1611328125,10,3405,73,0.45654296874999994
medical_conditions,Back Pain,auc,0.5704075560280751,0.005978974182864971,True,0.0,long_seq,ensemble,Age_Gender_BMI_height_VAT,0.5644285818452102,all,categorical,"Back pain diagnosis - musculoskeletal pain in the lumbar, thoracic, or cervical spine regions",,0.013671875,10,3405,608,0.06657608695652174
medical_conditions,Asthma,auc,0.521021850899743,0.0044744358754642555,True,0.0,long_seq,ensemble,Age_Gender_BMI_height_VAT,0.5165474150242787,male,categorical,"Asthma diagnosis - a chronic inflammatory airway disease characterized by reversible airflow obstruction, bronchial hyperresponsiveness, and inflammation",,0.2158203125,10,3405,189,0.5949641047297297
medical_conditions,Haemorrhoids,auc,0.5366985733670738,0.004323419029107267,True,0.0,long_seq,ensemble,Age_Gender_BMI_height_VAT,0.5323751543379666,male,categorical,Hemorrhoids (piles) diagnosis - swollen veins in the rectal or anal area causing discomfort and bleeding,,0.080078125,10,3405,647,0.2552490234375
medical_conditions,Anxiety,auc,0.4798334468278288,0.0023394052888434658,True,0.0,long_seq,ensemble,Age_Gender_BMI_height_VAT,0.47749404153898534,male,categorical,"Anxiety disorder diagnosis - a mental health condition characterized by persistent worry, fear, or panic",,0.2783203125,10,3405,122,0.7470703125
medical_conditions,G6PD,auc,0.4305043050430504,0.001774292742927397,True,0.0,long_seq,ensemble,Age_Gender_BMI_height_VAT,0.428730012300123,male,categorical,"Presence or absence of glucose-6-phosphate dehydrogenase (G6PD) deficiency, an inherited enzyme deficiency affecting red blood cell metabolism",,0.384765625,10,3405,35,0.98115234375
medical_conditions,ADHD,auc,0.5843641021814292,0.0015352088152625898,True,0.0,long_seq,ensemble,Age_Gender_BMI_height_VAT,0.5828288933661666,female,categorical,Attention-Deficit/Hyperactivity Disorder diagnosis flag - a neurodevelopmental condition characterized by persistent patterns of inattention and/or hyperactivity-impulsivity,,0.2158203125,10,3405,522,0.70458984375
medical_conditions,Allergy,auc,0.5644572289040328,-0.00027876986042207896,False,0.0,long_seq,ensemble,Age_Gender_BMI_height_VAT,0.5647359987644549,female,categorical,Presence or absence of allergic conditions - abnormal immune response to environmental or substance triggers,,0.6875,10,3405,680,1.0
medical_conditions,Celiac,auc,0.6185139551079446,-0.0004473134408312651,False,0.0,long_seq,ensemble,Age_Gender_BMI_height_VAT,0.6189612685487759,all,categorical,"Binary indicator of celiac disease, an autoimmune condition triggered by gluten consumption causing intestinal damage",,0.5390625,10,3405,11,1.0
medical_conditions,Osteoarthritis,auc,0.7291574044670266,-0.0008137503969513071,False,0.0,long_seq,ensemble,Age_Gender_BMI_height_VAT,0.7299711548639779,female,categorical,"Binary diagnosis flag for Osteoarthritis, degenerative joint disease from cartilage wear",,0.75390625,10,3405,94,1.0
medical_conditions,Urinary tract infection,auc,0.7525969063602426,-0.001664875672158006,False,0.0,long_seq,ensemble,Age_Gender_BMI_height_VAT,0.7542617820324006,all,categorical,"Presence or absence of urinary tract infection (UTI), a bacterial infection affecting the urinary system",,0.8125,10,3405,301,1.0
medical_conditions,Breast Cancer,auc,0.42024333456372975,-0.002393594366677132,False,0.0,long_seq,ensemble,Age_Gender_BMI_height_VAT,0.4226369289304069,female,categorical,"Binary indicator of breast cancer diagnosis, a malignant neoplasm assessed using biomarkers for diagnosis and treatment planning",,0.4609375,10,3405,41,1.0
medical_conditions,Urinary tract infection,auc,0.482501259907454,-0.004388143125486799,False,0.0,long_seq,ensemble,Age_Gender_BMI_height_VAT,0.4868894030329408,female,categorical,"Presence or absence of urinary tract infection (UTI), a bacterial infection affecting the urinary system",,0.7841796875,10,3405,301,1.0
medical_conditions,AV. Conduction Disorder,auc,0.6161399031540375,-0.004407145661562528,False,0.0,long_seq,ensemble,Age_Gender_BMI_height_VAT,0.6205470488156001,all,categorical,Atrioventricular conduction disorder - abnormal electrical conduction between the atria and ventricles of the heart,,0.65234375,10,3405,9,1.0
medical_conditions,Breast Cancer,auc,0.7003929700414722,-0.004746817087671551,False,0.0,long_seq,ensemble,Age_Gender_BMI_height_VAT,0.7051397871291437,all,categorical,"Binary indicator of breast cancer diagnosis, a malignant neoplasm assessed using biomarkers for diagnosis and treatment planning",,0.615234375,10,3405,41,1.0
medical_conditions,IBS,auc,0.6149509379509379,-0.004867243867243909,False,0.0,long_seq,ensemble,Age_Gender_BMI_height_VAT,0.6198181818181818,all,categorical,"Binary diagnosis flag for Irritable Bowel Syndrome, a gastrointestinal disorder",,0.9677734375,10,3405,105,1.0
medical_conditions,Osteoarthritis,auc,0.7240217971044295,-0.004867880758528953,False,0.0,long_seq,ensemble,Age_Gender_BMI_height_VAT,0.7288896778629584,all,categorical,"Binary diagnosis flag for Osteoarthritis, degenerative joint disease from cartilage wear",,0.9677734375,10,3405,94,1.0
medical_conditions,Hypertension,auc,0.769621554992036,-0.006092415134830165,False,0.0,long_seq,ensemble,Age_Gender_BMI_height_VAT,0.7757139701268662,all,categorical,Binary diagnosis flag for hypertension (high blood pressure),,0.9970703125,10,3405,353,1.0
medical_conditions,Hypertension,auc,0.79012075109967,-0.006204148209992377,False,0.0,long_seq,ensemble,Age_Gender_BMI_height_VAT,0.7963248993096623,female,categorical,Binary diagnosis flag for hypertension (high blood pressure),,0.9931640625,10,3405,353,1.0
medical_conditions,Hypertension,auc,0.7465803062197514,-0.006348572353861881,False,0.0,long_seq,ensemble,Age_Gender_BMI_height_VAT,0.7529288785736132,male,categorical,Binary diagnosis flag for hypertension (high blood pressure),,0.9931640625,10,3405,353,1.0
medical_conditions,Goiter,auc,0.545135801146408,-0.00654095462581028,False,0.0,long_seq,ensemble,Age_Gender_BMI_height_VAT,0.5516767557722183,all,categorical,Enlargement of the thyroid gland,,0.6875,10,3405,11,1.0
medical_conditions,Haemorrhoids,auc,0.5355599503705955,-0.007218343601807842,False,0.0,long_seq,ensemble,Age_Gender_BMI_height_VAT,0.5427782939724033,all,categorical,Hemorrhoids (piles) diagnosis - swollen veins in the rectal or anal area causing discomfort and bleeding,,0.990234375,10,3405,647,1.0
medical_conditions,Urinary Tract Stones,auc,0.4727688326624497,-0.008013225991949369,False,0.0,long_seq,ensemble,Age_Gender_BMI_height_VAT,0.48078205865439905,female,categorical,"Presence or absence of urolithiasis (kidney or urinary tract stones), mineral deposits that form in the urinary system",,0.75390625,10,3405,83,1.0
medical_conditions,Back Pain,auc,0.5642835670893118,-0.008636632837106806,False,0.0,long_seq,ensemble,Age_Gender_BMI_height_VAT,0.5729201999264186,female,categorical,"Back pain diagnosis - musculoskeletal pain in the lumbar, thoracic, or cervical spine regions",,0.9970703125,10,3405,608,1.0
medical_conditions,Insomnia,auc,0.4545967381590705,-0.009233194320325766,False,0.0,long_seq,ensemble,Age_Gender_BMI_height_VAT,0.46382993247939625,all,categorical,Insomnia diagnosis - sleep disorder characterized by persistent difficulty falling or staying asleep,,0.65234375,10,3405,48,1.0
medical_conditions,Anemia,auc,0.4594679368029738,-0.010488305452292623,False,0.0,long_seq,ensemble,Age_Gender_BMI_height_VAT,0.46995624225526644,male,categorical,"Presence or absence of anemia, a condition characterized by insufficient red blood cells or hemoglobin to carry adequate oxygen",,0.7216796875,10,3405,173,1.0
medical_conditions,Heart valve disease,auc,0.4770160341989126,-0.01113090214849971,False,0.0,long_seq,ensemble,Age_Gender_BMI_height_VAT,0.4881469363474123,all,categorical,"Binary diagnosis flag for heart valve disease, a cardiac condition affecting heart valve function",,0.7841796875,10,3405,43,1.0
medical_conditions,ADHD,auc,0.5804916653709219,-0.012599290596348234,False,0.0,long_seq,ensemble,Age_Gender_BMI_height_VAT,0.5930909559672701,all,categorical,Attention-Deficit/Hyperactivity Disorder diagnosis flag - a neurodevelopmental condition characterized by persistent patterns of inattention and/or hyperactivity-impulsivity,,1.0,10,3405,522,1.0
medical_conditions,Osteoarthritis,auc,0.6285063939789078,-0.01321346052661676,False,0.0,long_seq,ensemble,Age_Gender_BMI_height_VAT,0.6417198545055246,male,categorical,"Binary diagnosis flag for Osteoarthritis, degenerative joint disease from cartilage wear",,0.9580078125,10,3405,94,1.0
medical_conditions,Perimenopausal Disorders,auc,0.7502655650634406,-0.014786810268515804,False,0.0,long_seq,ensemble,Age_Gender_BMI_height_VAT,0.7650523753319564,all,categorical,"Presence or absence of disorders related to the perimenopausal period (transition to menopause), including hormonal fluctuations and associated symptoms",,0.9345703125,10,3405,16,1.0
medical_conditions,Tinnitus,auc,0.52165956095791,-0.015334724238026176,False,0.0,long_seq,ensemble,Age_Gender_BMI_height_VAT,0.5369942851959362,all,categorical,"Binary indicator of tinnitus, an auditory condition characterized by perception of ringing or noise in the ears",,0.8125,10,3405,13,1.0
medical_conditions,Fibromyalgia,auc,0.5400877018138329,-0.015634841538768263,False,0.0,long_seq,ensemble,Age_Gender_BMI_height_VAT,0.5557225433526012,female,categorical,"Presence or absence of fibromyalgia, a chronic pain syndrome characterized by widespread musculoskeletal pain, fatigue, and sleep disturbances",,0.8388671875,10,3405,35,1.0
medical_conditions,Fractures,auc,0.5408217174324557,-0.015680390638444397,False,0.0,long_seq,ensemble,Age_Gender_BMI_height_VAT,0.5565021080709001,male,categorical,Fracture diagnosis - break or crack in bone structure,,0.9970703125,10,3405,298,1.0
medical_conditions,Hyperlipidemia,auc,0.651466472391707,-0.016243612704772925,False,0.0,long_seq,ensemble,Age_Gender_BMI_height_VAT,0.6677100850964799,male,categorical,"Binary diagnosis flag for hyperlipidemia, excess fats in the bloodstream",,1.0,10,3405,780,1.0
medical_conditions,Haemorrhoids,auc,0.5338679856545621,-0.01627831635074528,False,0.0,long_seq,ensemble,Age_Gender_BMI_height_VAT,0.5501463020053073,female,categorical,Hemorrhoids (piles) diagnosis - swollen veins in the rectal or anal area causing discomfort and bleeding,,0.9990234375,10,3405,647,1.0
medical_conditions,Allergy,auc,0.5717777118186724,-0.016655909336211527,False,0.0,long_seq,ensemble,Age_Gender_BMI_height_VAT,0.588433621154884,all,categorical,Presence or absence of allergic conditions - abnormal immune response to environmental or substance triggers,,1.0,10,3405,680,1.0
medical_conditions,Iron Defficiency,auc,0.4366921944035346,-0.016865979381443352,False,0.0,long_seq,ensemble,Age_Gender_BMI_height_VAT,0.4535581737849779,all,categorical,"Deficiency of iron, causing reduced hemoglobin and oxygen-carrying capacity",,0.9345703125,10,3405,10,1.0
medical_conditions,Hyperlipidemia,auc,0.6816823931623932,-0.0169266422466422,False,0.0,long_seq,ensemble,Age_Gender_BMI_height_VAT,0.6986090354090354,all,categorical,"Binary diagnosis flag for hyperlipidemia, excess fats in the bloodstream",,1.0,10,3405,780,1.0
medical_conditions,Atrial Fibrillation,auc,0.7743069145466406,-0.017661448140900204,False,0.0,long_seq,ensemble,Age_Gender_BMI_height_VAT,0.7919683626875408,female,categorical,"Binary indicator of atrial fibrillation, a cardiac arrhythmia characterized by irregular heartbeat and associated coagulation/inflammation biomarkers",,0.7841796875,10,3405,15,1.0
medical_conditions,Hyperlipidemia,auc,0.7087389175598782,-0.01842265449252367,False,0.0,long_seq,ensemble,Age_Gender_BMI_height_VAT,0.7271615720524018,female,categorical,"Binary diagnosis flag for hyperlipidemia, excess fats in the bloodstream",,1.0,10,3405,780,1.0
medical_conditions,Obesity,auc,0.8681596188207266,-0.018704586063132966,False,0.0,long_seq,ensemble,Age_Gender_BMI_height_VAT,0.8868642048838595,female,categorical,"Binary diagnosis flag for Obesity, excessive body fat accumulation",,1.0,10,3405,119,1.0
medical_conditions,Meniscus Tears,auc,0.5614473641045828,-0.018744054062920346,False,0.0,long_seq,ensemble,Age_Gender_BMI_height_VAT,0.5801914181675032,all,categorical,Tear or rupture of the meniscus cartilage in the knee joint,,0.919921875,10,3405,18,1.0
medical_conditions,B12 Deficiency,auc,0.5168351302785265,-0.01875954627133891,False,0.0,long_seq,ensemble,Age_Gender_BMI_height_VAT,0.5355946765498654,male,categorical,"Vitamin B12 deficiency diagnosis - insufficient levels of cobalamin affecting DNA synthesis, metabolism, and neurological function",,0.990234375,10,3405,165,1.0
medical_conditions,Obesity,auc,0.8775436407064348,-0.020996128213914944,False,0.0,long_seq,ensemble,Age_Gender_BMI_height_VAT,0.8985397689203497,all,categorical,"Binary diagnosis flag for Obesity, excessive body fat accumulation",,1.0,10,3405,119,1.0
medical_conditions,Fractures,auc,0.5166161470990444,-0.02112088113094157,False,0.0,long_seq,ensemble,Age_Gender_BMI_height_VAT,0.5377370282299859,female,categorical,Fracture diagnosis - break or crack in bone structure,,0.986328125,10,3405,298,1.0
medical_conditions,Fractures,auc,0.5324807805712582,-0.02296319417293269,False,0.0,long_seq,ensemble,Age_Gender_BMI_height_VAT,0.5554439747441909,all,categorical,Fracture diagnosis - break or crack in bone structure,,1.0,10,3405,298,1.0
medical_conditions,Anxiety,auc,0.5762999156109716,-0.024299920604405223,False,0.0,long_seq,ensemble,Age_Gender_BMI_height_VAT,0.6005998362153768,all,categorical,"Anxiety disorder diagnosis - a mental health condition characterized by persistent worry, fear, or panic",,0.9990234375,10,3405,122,1.0
medical_conditions,Obesity,auc,0.8767252245783672,-0.02460708758157404,False,0.0,long_seq,ensemble,Age_Gender_BMI_height_VAT,0.9013323121599413,male,categorical,"Binary diagnosis flag for Obesity, excessive body fat accumulation",,1.0,10,3405,119,1.0
medical_conditions,Migraine,auc,0.5196931343813838,-0.024967803534949873,False,0.0,long_seq,ensemble,Age_Gender_BMI_height_VAT,0.5446609379163336,female,categorical,"Binary diagnosis flag for Migraine, a neurological headache disorder",,1.0,10,3405,183,1.0
medical_conditions,Breast fibrocystic change,auc,0.5161431246099438,-0.02550447264406064,False,0.0,long_seq,ensemble,Age_Gender_BMI_height_VAT,0.5416475972540045,female,categorical,Benign breast condition characterized by cysts and fibrosis in breast tissue,,0.9345703125,10,3405,11,1.0
medical_conditions,Gout,auc,0.6410734114743984,-0.02626773596545351,False,0.0,long_seq,ensemble,Age_Gender_BMI_height_VAT,0.667341147439852,male,categorical,"Presence or absence of gout, an inflammatory arthritis caused by uric acid crystal deposition, characterized by acute painful attacks in joints",,0.9755859375,10,3405,27,1.0
medical_conditions,IBD,auc,0.42976911126587025,-0.026268280923554932,False,0.0,long_seq,ensemble,Age_Gender_BMI_height_VAT,0.4560373921894252,all,categorical,"Binary indicator of Inflammatory Bowel Disease, a chronic gastrointestinal condition (Crohn's disease or ulcerative colitis)",,0.8623046875,10,3405,11,1.0
medical_conditions,ADHD,auc,0.5769624923139987,-0.027357040377126496,False,0.0,long_seq,ensemble,Age_Gender_BMI_height_VAT,0.6043195326911251,male,categorical,Attention-Deficit/Hyperactivity Disorder diagnosis flag - a neurodevelopmental condition characterized by persistent patterns of inattention and/or hyperactivity-impulsivity,,1.0,10,3405,522,1.0
medical_conditions,Hearing loss,auc,0.6391761820181003,-0.0274317009219317,False,0.0,long_seq,ensemble,Age_Gender_BMI_height_VAT,0.666607882940032,female,categorical,"Hearing loss diagnosis - reduced ability to hear sound, ranging from mild to complete loss across frequency ranges",,1.0,10,3405,141,1.0
medical_conditions,Anxiety,auc,0.598554736954499,-0.02929613020332833,False,0.0,long_seq,ensemble,Age_Gender_BMI_height_VAT,0.6278508671578273,female,categorical,"Anxiety disorder diagnosis - a mental health condition characterized by persistent worry, fear, or panic",,0.9990234375,10,3405,122,1.0
medical_conditions,Atopic Dermatitis,auc,0.4599242351124409,-0.03071735353730337,False,0.0,long_seq,ensemble,Age_Gender_BMI_height_VAT,0.4906415886497443,male,categorical,"Presence or absence of atopic dermatitis (eczema), a chronic inflammatory skin condition characterized by itching and skin barrier dysfunction",,0.9990234375,10,3405,118,1.0
medical_conditions,Prediabetes,auc,0.6445003706333943,-0.03126227885108834,False,0.0,long_seq,ensemble,Age_Gender_BMI_height_VAT,0.6757626494844826,male,categorical,"Binary diagnosis flag for Prediabetes, elevated blood glucose preceding type 2 diabetes",,1.0,10,3405,283,1.0
medical_conditions,Oral apthae,auc,0.4717216009417304,-0.031432705513046943,False,0.0,long_seq,ensemble,Age_Gender_BMI_height_VAT,0.5031543064547773,female,categorical,Presence or absence of aphthous ulcers (canker sores) in the oral cavity; painful ulcerations of the mouth that are non-infectious and non-cancerous,,1.0,10,3405,109,1.0
medical_conditions,Celiac,auc,0.49815773447015826,-0.031851400730816104,False,0.0,long_seq,ensemble,Age_Gender_BMI_height_VAT,0.5300091352009744,male,categorical,"Binary indicator of celiac disease, an autoimmune condition triggered by gluten consumption causing intestinal damage",,0.986328125,10,3405,11,1.0
medical_conditions,Polycystic Ovary Disease,auc,0.7821157157157158,-0.031896896896896676,False,0.0,long_seq,ensemble,Age_Gender_BMI_height_VAT,0.8140126126126125,all,categorical,"Binary diagnosis flag for Polycystic Ovary Disease (PCOS), a hormonal endocrine disorder",,1.0,10,3405,75,1.0
medical_conditions,Prediabetes,auc,0.6822496451717324,-0.03381485094949088,False,0.0,long_seq,ensemble,Age_Gender_BMI_height_VAT,0.7160644961212232,all,categorical,"Binary diagnosis flag for Prediabetes, elevated blood glucose preceding type 2 diabetes",,1.0,10,3405,283,1.0
medical_conditions,Allergy,auc,0.5742432445615062,-0.03452175397522195,False,0.0,long_seq,ensemble,Age_Gender_BMI_height_VAT,0.6087649985367282,male,categorical,Presence or absence of allergic conditions - abnormal immune response to environmental or substance triggers,,1.0,10,3405,680,1.0
medical_conditions,Erectile Dysfunction,auc,0.5382151589242054,-0.03487775061124698,False,0.0,long_seq,ensemble,Age_Gender_BMI_height_VAT,0.5730929095354523,male,categorical,Inability to achieve or maintain erections sufficient for sexual function,,0.9033203125,10,3405,10,1.0
medical_conditions,Fatty Liver Disease,auc,0.6647196927772467,-0.03615177787839652,False,0.0,long_seq,ensemble,Age_Gender_BMI_height_VAT,0.7008714706556433,male,categorical,"Presence or absence of fatty liver disease (NAFLD/AFLD), characterized by excessive fat accumulation in hepatocytes impairing liver function",,1.0,10,3405,172,1.0
medical_conditions,Gout,auc,0.7588798982523078,-0.03668508650746671,False,0.0,long_seq,ensemble,Age_Gender_BMI_height_VAT,0.7955649847597746,all,categorical,"Presence or absence of gout, an inflammatory arthritis caused by uric acid crystal deposition, characterized by acute painful attacks in joints",,1.0,10,3405,27,1.0
medical_conditions,Hearing loss,auc,0.607540675844806,-0.03671527343206793,False,0.0,long_seq,ensemble,Age_Gender_BMI_height_VAT,0.6442559492768739,all,categorical,"Hearing loss diagnosis - reduced ability to hear sound, ranging from mild to complete loss across frequency ranges",,1.0,10,3405,141,1.0
medical_conditions,Prediabetes,auc,0.7127049442551627,-0.03963241998176481,False,0.0,long_seq,ensemble,Age_Gender_BMI_height_VAT,0.7523373642369275,female,categorical,"Binary diagnosis flag for Prediabetes, elevated blood glucose preceding type 2 diabetes",,1.0,10,3405,283,1.0
medical_conditions,Fatty Liver Disease,auc,0.7156032628633496,-0.04006700522950102,False,0.0,long_seq,ensemble,Age_Gender_BMI_height_VAT,0.7556702680928506,all,categorical,"Presence or absence of fatty liver disease (NAFLD/AFLD), characterized by excessive fat accumulation in hepatocytes impairing liver function",,1.0,10,3405,172,1.0
medical_conditions,Oral apthae,auc,0.4820413400730382,-0.040643092544758175,False,0.0,long_seq,ensemble,Age_Gender_BMI_height_VAT,0.5226844326177964,all,categorical,Presence or absence of aphthous ulcers (canker sores) in the oral cavity; painful ulcerations of the mouth that are non-infectious and non-cancerous,,1.0,10,3405,109,1.0
medical_conditions,Melanoma,auc,0.6475977995110026,-0.04172982885085563,False,0.0,long_seq,ensemble,Age_Gender_BMI_height_VAT,0.6893276283618582,male,categorical,"Binary indicator of melanoma diagnosis, a malignant skin cancer with highest mortality risk among skin cancers",,1.0,10,3405,16,1.0
medical_conditions,Sinusitis,auc,0.5818692682926829,-0.041992439024390316,False,0.0,long_seq,ensemble,Age_Gender_BMI_height_VAT,0.6238617073170732,all,categorical,"Presence or absence of sinusitis, inflammation of the tissues in the sinuses causing facial pain, nasal congestion, and other symptoms",,1.0,10,3405,125,1.0
medical_conditions,Endometriosis and Adenomyosis,auc,0.8082467057478132,-0.04308000989048355,False,0.0,long_seq,ensemble,Age_Gender_BMI_height_VAT,0.8513267156382968,all,categorical,"Presence or absence of endometriosis and/or adenomyosis, gynecologic conditions involving abnormal uterine tissue growth causing pain and infertility",,1.0,10,3405,58,1.0
medical_conditions,Anemia,auc,0.6425248955531392,-0.04323447247181367,False,0.0,long_seq,ensemble,Age_Gender_BMI_height_VAT,0.6857593680249529,all,categorical,"Presence or absence of anemia, a condition characterized by insufficient red blood cells or hemoglobin to carry adequate oxygen",,1.0,10,3405,173,1.0
medical_conditions,Migraine,auc,0.6020292524413782,-0.0442123481664648,False,0.0,long_seq,ensemble,Age_Gender_BMI_height_VAT,0.646241600607843,all,categorical,"Binary diagnosis flag for Migraine, a neurological headache disorder",,1.0,10,3405,183,1.0
medical_conditions,Retinal detachment,auc,0.5257565978198507,-0.044479704532415565,False,0.0,long_seq,ensemble,Age_Gender_BMI_height_VAT,0.5702363023522663,female,categorical,"Presence or absence of retinal detachment, an ophthalmologic emergency where the retina separates from the back of the eye",,0.9990234375,10,3405,28,1.0
medical_conditions,Sleep Apnea,auc,0.6691197026755907,-0.04483999079083689,False,0.0,long_seq,ensemble,Age_Gender_BMI_height_VAT,0.7139596934664276,all,categorical,"Binary diagnosis flag for Sleep Apnea, a sleep-related breathing disorder",,1.0,10,3405,73,1.0
medical_conditions,Sinusitis,auc,0.5208714161362276,-0.04609855285349007,False,0.0,long_seq,ensemble,Age_Gender_BMI_height_VAT,0.5669699689897176,female,categorical,"Presence or absence of sinusitis, inflammation of the tissues in the sinuses causing facial pain, nasal congestion, and other symptoms",,1.0,10,3405,125,1.0
medical_conditions,AV. Conduction Disorder,auc,0.5660433295324973,-0.0483124287343214,False,0.0,long_seq,ensemble,Age_Gender_BMI_height_VAT,0.6143557582668187,female,categorical,Atrioventricular conduction disorder - abnormal electrical conduction between the atria and ventricles of the heart,,0.9580078125,10,3405,9,1.0
medical_conditions,Migraine,auc,0.4579091476563386,-0.049289240721825056,False,0.0,long_seq,ensemble,Age_Gender_BMI_height_VAT,0.5071983883781637,male,categorical,"Binary diagnosis flag for Migraine, a neurological headache disorder",,1.0,10,3405,183,1.0
medical_conditions,Atherosclerotic,auc,0.5955589430894308,-0.05021849593495942,False,0.0,long_seq,ensemble,Age_Gender_BMI_height_VAT,0.6457774390243902,male,categorical,"Binary indicator of atherosclerotic disease, characterized by buildup of plaque in arteries and associated cardiovascular complications",,0.919921875,10,3405,15,1.0
medical_conditions,Tinnitus,auc,0.3802197802197802,-0.050694444444444486,False,0.0,long_seq,ensemble,Age_Gender_BMI_height_VAT,0.4309142246642247,male,categorical,"Binary indicator of tinnitus, an auditory condition characterized by perception of ringing or noise in the ears",,0.9677734375,10,3405,13,1.0
medical_conditions,Hearing loss,auc,0.5702302705119606,-0.05144824502570988,False,0.0,long_seq,ensemble,Age_Gender_BMI_height_VAT,0.6216785155376705,male,categorical,"Hearing loss diagnosis - reduced ability to hear sound, ranging from mild to complete loss across frequency ranges",,1.0,10,3405,141,1.0
medical_conditions,Erectile Dysfunction,auc,0.7403181148748159,-0.05146391752577317,False,0.0,long_seq,ensemble,Age_Gender_BMI_height_VAT,0.7917820324005891,all,categorical,Inability to achieve or maintain erections sufficient for sexual function,,0.9970703125,10,3405,10,1.0
medical_conditions,Melanoma,auc,0.6101965919150192,-0.05332878430215404,False,0.0,long_seq,ensemble,Age_Gender_BMI_height_VAT,0.6635253762171732,all,categorical,"Binary indicator of melanoma diagnosis, a malignant skin cancer with highest mortality risk among skin cancers",,1.0,10,3405,16,1.0
medical_conditions,B12 Deficiency,auc,0.5139649708090074,-0.053510147345009806,False,0.0,long_seq,ensemble,Age_Gender_BMI_height_VAT,0.5674751181540172,female,categorical,"Vitamin B12 deficiency diagnosis - insufficient levels of cobalamin affecting DNA synthesis, metabolism, and neurological function",,1.0,10,3405,165,1.0
medical_conditions,B12 Deficiency,auc,0.5453649457538348,-0.05416900486344922,False,0.0,long_seq,ensemble,Age_Gender_BMI_height_VAT,0.599533950617284,all,categorical,"Vitamin B12 deficiency diagnosis - insufficient levels of cobalamin affecting DNA synthesis, metabolism, and neurological function",,1.0,10,3405,165,1.0
medical_conditions,Oral apthae,auc,0.4941062962442334,-0.054448391754948755,False,0.0,long_seq,ensemble,Age_Gender_BMI_height_VAT,0.5485546879991822,male,categorical,Presence or absence of aphthous ulcers (canker sores) in the oral cavity; painful ulcerations of the mouth that are non-infectious and non-cancerous,,1.0,10,3405,109,1.0
medical_conditions,Thalassemia,auc,0.43636363636363634,-0.05469411092052601,False,0.0,long_seq,ensemble,Age_Gender_BMI_height_VAT,0.49105774728416235,female,categorical,Binary indicator of thalassemia diagnosis (hereditary blood disorder characterized by deficient beta-globin chain synthesis causing anemia). Represents presence/absence of this genetic hematologic condition.,,0.998046875,10,3405,14,1.0
medical_conditions,Fatty Liver Disease,auc,0.7217104139991464,-0.0559528382415706,False,0.0,long_seq,ensemble,Age_Gender_BMI_height_VAT,0.777663252240717,female,categorical,"Presence or absence of fatty liver disease (NAFLD/AFLD), characterized by excessive fat accumulation in hepatocytes impairing liver function",,1.0,10,3405,172,1.0
medical_conditions,Fibromyalgia,auc,0.6175277660025433,-0.05625010597710911,False,0.0,long_seq,ensemble,Age_Gender_BMI_height_VAT,0.6737778719796524,all,categorical,"Presence or absence of fibromyalgia, a chronic pain syndrome characterized by widespread musculoskeletal pain, fatigue, and sleep disturbances",,1.0,10,3405,35,1.0
medical_conditions,Atherosclerotic,auc,0.7043301587301588,-0.05625396825396822,False,0.0,long_seq,ensemble,Age_Gender_BMI_height_VAT,0.760584126984127,female,categorical,"Binary indicator of atherosclerotic disease, characterized by buildup of plaque in arteries and associated cardiovascular complications",,0.9990234375,10,3405,15,1.0
medical_conditions,Breast fibrocystic change,auc,0.7075132586918091,-0.05640434992232268,False,0.0,long_seq,ensemble,Age_Gender_BMI_height_VAT,0.7639176086141318,all,categorical,Benign breast condition characterized by cysts and fibrosis in breast tissue,,1.0,10,3405,11,1.0
medical_conditions,Lactose Intolerance,auc,0.5561988971287317,-0.05702605057995813,False,0.0,long_seq,ensemble,Age_Gender_BMI_height_VAT,0.6132249477086898,female,categorical,Inability to digest lactose sugar due to insufficient lactase enzyme,,0.9931640625,10,3405,11,1.0
medical_conditions,Heart valve disease,auc,0.43012075905692926,-0.057323174238067875,False,0.0,long_seq,ensemble,Age_Gender_BMI_height_VAT,0.48744393329499713,female,categorical,"Binary diagnosis flag for heart valve disease, a cardiac condition affecting heart valve function",,0.9755859375,10,3405,43,1.0
medical_conditions,Atherosclerotic,auc,0.6608711897738446,-0.05781809242871183,False,0.0,long_seq,ensemble,Age_Gender_BMI_height_VAT,0.7186892822025565,all,categorical,"Binary indicator of atherosclerotic disease, characterized by buildup of plaque in arteries and associated cardiovascular complications",,0.9951171875,10,3405,15,1.0
medical_conditions,Anemia,auc,0.5189091690117384,-0.05865287676757058,False,0.0,long_seq,ensemble,Age_Gender_BMI_height_VAT,0.577562045779309,female,categorical,"Presence or absence of anemia, a condition characterized by insufficient red blood cells or hemoglobin to carry adequate oxygen",,1.0,10,3405,173,1.0
medical_conditions,Polycystic Ovary Disease,auc,0.571034045922407,-0.0611880443388757,False,0.0,long_seq,ensemble,Age_Gender_BMI_height_VAT,0.6322220902612827,female,categorical,"Binary diagnosis flag for Polycystic Ovary Disease (PCOS), a hormonal endocrine disorder",,1.0,10,3405,75,1.0
medical_conditions,Ischemic Heart Disease,auc,0.6612435750999429,-0.06143632210165617,False,0.0,long_seq,ensemble,Age_Gender_BMI_height_VAT,0.7226798972015991,female,categorical,"Binary diagnosis flag for Ischemic Heart Disease, reduced blood flow to the heart",,1.0,10,3405,50,1.0
medical_conditions,Atopic Dermatitis,auc,0.4510423703031458,-0.061750449897645165,False,0.0,long_seq,ensemble,Age_Gender_BMI_height_VAT,0.512792820200791,all,categorical,"Presence or absence of atopic dermatitis (eczema), a chronic inflammatory skin condition characterized by itching and skin barrier dysfunction",,1.0,10,3405,118,1.0
medical_conditions,Psoriasis,auc,0.48617147607172545,-0.06375727348295929,False,0.0,long_seq,ensemble,Age_Gender_BMI_height_VAT,0.5499287495546847,male,categorical,"Binary diagnosis flag for Psoriasis, an autoimmune skin condition",,1.0,10,3405,88,1.0
medical_conditions,Insomnia,auc,0.39169088811995384,-0.06492272202998839,False,0.0,long_seq,ensemble,Age_Gender_BMI_height_VAT,0.45661361014994223,female,categorical,Insomnia diagnosis - sleep disorder characterized by persistent difficulty falling or staying asleep,,0.9990234375,10,3405,48,1.0
medical_conditions,Retinal detachment,auc,0.5909482211599475,-0.06603124074622446,False,0.0,long_seq,ensemble,Age_Gender_BMI_height_VAT,0.656979461906172,all,categorical,"Presence or absence of retinal detachment, an ophthalmologic emergency where the retina separates from the back of the eye",,1.0,10,3405,28,1.0
medical_conditions,Atrial Fibrillation,auc,0.7569321533923304,-0.06644247787610613,False,0.0,long_seq,ensemble,Age_Gender_BMI_height_VAT,0.8233746312684366,all,categorical,"Binary indicator of atrial fibrillation, a cardiac arrhythmia characterized by irregular heartbeat and associated coagulation/inflammation biomarkers",,1.0,10,3405,15,1.0
medical_conditions,Melanoma,auc,0.5088419851682829,-0.0715154972428218,False,0.0,long_seq,ensemble,Age_Gender_BMI_height_VAT,0.5803574824111047,female,categorical,"Binary indicator of melanoma diagnosis, a malignant skin cancer with highest mortality risk among skin cancers",,1.0,10,3405,16,1.0
medical_conditions,Urinary Tract Stones,auc,0.5960370077540748,-0.07187461465367784,False,0.0,long_seq,ensemble,Age_Gender_BMI_height_VAT,0.6679116224077526,all,categorical,"Presence or absence of urolithiasis (kidney or urinary tract stones), mineral deposits that form in the urinary system",,1.0,10,3405,83,1.0
medical_conditions,Urinary Tract Stones,auc,0.5078442579390147,-0.07353026702363408,False,0.0,long_seq,ensemble,Age_Gender_BMI_height_VAT,0.5813745249626487,male,categorical,"Presence or absence of urolithiasis (kidney or urinary tract stones), mineral deposits that form in the urinary system",,1.0,10,3405,83,1.0
medical_conditions,Ischemic Heart Disease,auc,0.6792274217585693,-0.07530104321907594,False,0.0,long_seq,ensemble,Age_Gender_BMI_height_VAT,0.7545284649776453,all,categorical,"Binary diagnosis flag for Ischemic Heart Disease, reduced blood flow to the heart",,1.0,10,3405,50,1.0
medical_conditions,Anal abscess,auc,0.6533965728274174,-0.07592819257445937,False,0.0,long_seq,ensemble,Age_Gender_BMI_height_VAT,0.7293247654018767,male,categorical,Anal abscess diagnosis - a localized collection of pus near the anus caused by bacterial infection,,1.0,10,3405,19,1.0
medical_conditions,Gallstone Disease,auc,0.5939266573848031,-0.07618296078730546,False,0.0,long_seq,ensemble,Age_Gender_BMI_height_VAT,0.6701096181721086,all,categorical,"Presence or absence of cholelithiasis (gallstone disease), characterized by formation of stones in the gallbladder",,1.0,10,3405,128,1.0
medical_conditions,Endometriosis and Adenomyosis,auc,0.6305347767033591,-0.07693598086318387,False,0.0,long_seq,ensemble,Age_Gender_BMI_height_VAT,0.707470757566543,female,categorical,"Presence or absence of endometriosis and/or adenomyosis, gynecologic conditions involving abnormal uterine tissue growth causing pain and infertility",,1.0,10,3405,58,1.0
medical_conditions,Renal Stones,auc,0.5106980056980056,-0.07715099715099727,False,0.0,long_seq,ensemble,Age_Gender_BMI_height_VAT,0.5878490028490029,female,categorical,"Binary indicator of kidney stone presence or history, a urological condition involving mineral crystal deposits in the renal system",,0.9970703125,10,3405,21,1.0
medical_conditions,IBS,auc,0.5424548567870485,-0.07727272727272727,False,0.0,long_seq,ensemble,Age_Gender_BMI_height_VAT,0.6197275840597758,male,categorical,"Binary diagnosis flag for Irritable Bowel Syndrome, a gastrointestinal disorder",,1.0,10,3405,105,1.0
medical_conditions,Atopic Dermatitis,auc,0.4341271545937818,-0.07746335176931751,False,0.0,long_seq,ensemble,Age_Gender_BMI_height_VAT,0.5115905063630993,female,categorical,"Presence or absence of atopic dermatitis (eczema), a chronic inflammatory skin condition characterized by itching and skin barrier dysfunction",,1.0,10,3405,118,1.0
medical_conditions,Gallstone Disease,auc,0.514824478178368,-0.07952306232666773,False,0.0,long_seq,ensemble,Age_Gender_BMI_height_VAT,0.5943475405050357,male,categorical,"Presence or absence of cholelithiasis (gallstone disease), characterized by formation of stones in the gallbladder",,1.0,10,3405,128,1.0
medical_conditions,Hashimoto,auc,0.2981363996827914,-0.07997400652039832,False,0.0,long_seq,ensemble,Age_Gender_BMI_height_VAT,0.3781104062031897,female,categorical,"Binary diagnosis flag for Hashimoto's thyroiditis, an autoimmune thyroid disease",,0.9990234375,10,3405,20,1.0
medical_conditions,Anal abscess,auc,0.5564678086237448,-0.08013802965772376,False,0.0,long_seq,ensemble,Age_Gender_BMI_height_VAT,0.6366058382814686,all,categorical,Anal abscess diagnosis - a localized collection of pus near the anus caused by bacterial infection,,1.0,10,3405,19,1.0
medical_conditions,Gallstone Disease,auc,0.5392543607437225,-0.08068877388026319,False,0.0,long_seq,ensemble,Age_Gender_BMI_height_VAT,0.6199431346239856,female,categorical,"Presence or absence of cholelithiasis (gallstone disease), characterized by formation of stones in the gallbladder",,1.0,10,3405,128,1.0
medical_conditions,Meniscus Tears,auc,0.5464180929095355,-0.08095048899755497,False,0.0,long_seq,ensemble,Age_Gender_BMI_height_VAT,0.6273685819070904,male,categorical,Tear or rupture of the meniscus cartilage in the knee joint,,1.0,10,3405,18,1.0
medical_conditions,Thalassemia,auc,0.44814214096136834,-0.08121076799932597,False,0.0,long_seq,ensemble,Age_Gender_BMI_height_VAT,0.5293529089606943,all,categorical,Binary indicator of thalassemia diagnosis (hereditary blood disorder characterized by deficient beta-globin chain synthesis causing anemia). Represents presence/absence of this genetic hematologic condition.,,1.0,10,3405,14,1.0
medical_conditions,Anal abscess,auc,0.3732305936073059,-0.08524951076320947,False,0.0,long_seq,ensemble,Age_Gender_BMI_height_VAT,0.4584801043705154,female,categorical,Anal abscess diagnosis - a localized collection of pus near the anus caused by bacterial infection,,1.0,10,3405,19,1.0
medical_conditions,Renal Stones,auc,0.6411741528762805,-0.0938463919846898,False,0.0,long_seq,ensemble,Age_Gender_BMI_height_VAT,0.7350205448609703,all,categorical,"Binary indicator of kidney stone presence or history, a urological condition involving mineral crystal deposits in the renal system",,1.0,10,3405,21,1.0
medical_conditions,Ischemic Heart Disease,auc,0.5283309583184895,-0.10022191544947157,False,0.0,long_seq,ensemble,Age_Gender_BMI_height_VAT,0.6285528737679611,male,categorical,"Binary diagnosis flag for Ischemic Heart Disease, reduced blood flow to the heart",,1.0,10,3405,50,1.0
medical_conditions,Retinal detachment,auc,0.6744288045695634,-0.1021011831905344,False,0.0,long_seq,ensemble,Age_Gender_BMI_height_VAT,0.7765299877600979,male,categorical,"Presence or absence of retinal detachment, an ophthalmologic emergency where the retina separates from the back of the eye",,1.0,10,3405,28,1.0
medical_conditions,IBD,auc,0.4756605691056911,-0.10460365853658538,False,0.0,long_seq,ensemble,Age_Gender_BMI_height_VAT,0.5802642276422765,male,categorical,"Binary indicator of Inflammatory Bowel Disease, a chronic gastrointestinal condition (Crohn's disease or ulcerative colitis)",,0.998046875,10,3405,11,1.0
medical_conditions,Hashimoto,auc,0.3445627769571639,-0.1082607090103398,False,0.0,long_seq,ensemble,Age_Gender_BMI_height_VAT,0.4528234859675037,all,categorical,"Binary diagnosis flag for Hashimoto's thyroiditis, an autoimmune thyroid disease",,1.0,10,3405,20,1.0
medical_conditions,Atrial Fibrillation,auc,0.7390109890109889,-0.11054639804639821,False,0.0,long_seq,ensemble,Age_Gender_BMI_height_VAT,0.8495573870573871,male,categorical,"Binary indicator of atrial fibrillation, a cardiac arrhythmia characterized by irregular heartbeat and associated coagulation/inflammation biomarkers",,1.0,10,3405,15,1.0
medical_conditions,Renal Stones,auc,0.5592460188495287,-0.11178637200736652,False,0.0,long_seq,ensemble,Age_Gender_BMI_height_VAT,0.6710323908568953,male,categorical,"Binary indicator of kidney stone presence or history, a urological condition involving mineral crystal deposits in the renal system",,1.0,10,3405,21,1.0
medical_conditions,G6PD,auc,0.4199143704959728,-0.11589487070792714,False,0.0,long_seq,ensemble,Age_Gender_BMI_height_VAT,0.5358092412038999,all,categorical,"Presence or absence of glucose-6-phosphate dehydrogenase (G6PD) deficiency, an inherited enzyme deficiency affecting red blood cell metabolism",,1.0,10,3405,35,1.0
medical_conditions,Iron Defficiency,auc,0.38870370370370366,-0.12576923076923074,False,0.0,long_seq,ensemble,Age_Gender_BMI_height_VAT,0.5144729344729344,female,categorical,"Deficiency of iron, causing reduced hemoglobin and oxygen-carrying capacity",,1.0,10,3405,10,1.0
medical_conditions,Sleep Apnea,auc,0.5749849306811331,-0.1404570113430874,False,0.0,long_seq,ensemble,Age_Gender_BMI_height_VAT,0.7154419420242205,female,categorical,"Binary diagnosis flag for Sleep Apnea, a sleep-related breathing disorder",,1.0,10,3405,73,1.0
medical_conditions,Hypercoagulability ,auc,0.20853774481840648,-0.2336660962160107,False,0.0,long_seq,ensemble,Age_Gender_BMI_height_VAT,0.4422038410344172,female,categorical,,,1.0,10,3405,8,1.0
medical_conditions,G6PD,auc,0.3765749235474005,-0.24029434250764536,False,0.0,long_seq,ensemble,Age_Gender_BMI_height_VAT,0.6168692660550459,female,categorical,"Presence or absence of glucose-6-phosphate dehydrogenase (G6PD) deficiency, an inherited enzyme deficiency affecting red blood cell metabolism",,1.0,10,3405,35,1.0
medical_conditions,Hypercoagulability ,auc,0.2260671180453341,-0.35421327642037104,False,0.0,long_seq,ensemble,Age_Gender_BMI_height_VAT,0.5802803944657051,all,categorical,,,1.0,10,3405,8,1.0
medical_conditions,Hypercoagulability ,auc,0.19014598540145983,-0.4309002433090024,False,0.0,long_seq,ensemble,Age_Gender_BMI_height_VAT,0.6210462287104622,male,categorical,,,1.0,10,3405,8,1.0
medical_conditions,Polycystic Ovary Disease,auc,,,,,long_seq,ensemble,Age_Gender_BMI_height_VAT,,male,categorical,"Binary diagnosis flag for Polycystic Ovary Disease (PCOS), a hormonal endocrine disorder",,,10,3405,75,
medical_conditions,Perimenopausal Disorders,auc,,,,,long_seq,ensemble,Age_Gender_BMI_height_VAT,,male,categorical,"Presence or absence of disorders related to the perimenopausal period (transition to menopause), including hormonal fluctuations and associated symptoms",,,10,3405,16,
medical_conditions,Breast Cancer,auc,,,,,long_seq,ensemble,Age_Gender_BMI_height_VAT,,male,categorical,"Binary indicator of breast cancer diagnosis, a malignant neoplasm assessed using biomarkers for diagnosis and treatment planning",,,10,3405,41,
medical_conditions,Breast fibrocystic change,auc,,,,,long_seq,ensemble,Age_Gender_BMI_height_VAT,,male,categorical,Benign breast condition characterized by cysts and fibrosis in breast tissue,,,10,3405,11,
medical_conditions,Erectile Dysfunction,auc,,,,,long_seq,ensemble,Age_Gender_BMI_height_VAT,,female,categorical,Inability to achieve or maintain erections sufficient for sexual function,,,10,3405,10,
medical_conditions,Endometriosis and Adenomyosis,auc,,,,,long_seq,ensemble,Age_Gender_BMI_height_VAT,,male,categorical,"Presence or absence of endometriosis and/or adenomyosis, gynecologic conditions involving abnormal uterine tissue growth causing pain and infertility",,,10,3405,58,
medical_conditions,Myocarditis,auc,0.634230588787239,0.40092574548239573,True,1.0,long_seq,long_seq_main,Age_Gender_BMI_height_VAT,0.2333048433048433,female,categorical,"Binary indicator of myocarditis diagnosis (inflammation of the heart muscle). Values represent presence/absence of the condition, potentially linked to biomarkers like sST2 that correlate with disease severity.",,0.0009765625,10,3328,39,0.00677490234375
medical_conditions,Hypercholesterolaemia,auc,0.5121464552238806,0.3226165406939661,True,1.0,long_seq,long_seq_main,Age_Gender_BMI_height_VAT,0.18952991452991447,male,categorical,"Binary diagnosis flag for hypercholesterolemia, elevated cholesterol levels in blood",,0.0009765625,10,3328,65,0.00498046875
medical_conditions,Myocarditis,auc,0.5463596236945649,0.29868588989008915,True,1.0,long_seq,long_seq_main,Age_Gender_BMI_height_VAT,0.2476737338044758,all,categorical,"Binary indicator of myocarditis diagnosis (inflammation of the heart muscle). Values represent presence/absence of the condition, potentially linked to biomarkers like sST2 that correlate with disease severity.",,0.0009765625,10,3328,39,0.021875
medical_conditions,Myocarditis,auc,0.46247318880399907,0.2444719700349558,True,1.0,long_seq,long_seq_main,Age_Gender_BMI_height_VAT,0.21800121876904327,male,categorical,"Binary indicator of myocarditis diagnosis (inflammation of the heart muscle). Values represent presence/absence of the condition, potentially linked to biomarkers like sST2 that correlate with disease severity.",,0.0009765625,10,3328,39,0.00498046875
medical_conditions,Hypercholesterolaemia,auc,0.5263129475290528,0.23528672175938348,True,1.0,long_seq,long_seq_main,Age_Gender_BMI_height_VAT,0.2910262257696693,female,categorical,"Binary diagnosis flag for hypercholesterolemia, elevated cholesterol levels in blood",,0.0009765625,10,3328,65,0.00677490234375
medical_conditions,Urinary tract infection,auc,0.38309913258983885,0.1984580133684277,True,1.0,long_seq,long_seq_main,Age_Gender_BMI_height_VAT,0.18464111922141116,male,categorical,"Presence or absence of urinary tract infection (UTI), a bacterial infection affecting the urinary system",,0.0009765625,10,3328,1450,0.00498046875
medical_conditions,Uveitis,auc,0.4986569478908188,0.19704306238533775,True,1.0,long_seq,long_seq_main,Age_Gender_BMI_height_VAT,0.30161388550548107,male,categorical,"Binary indicator of uveitis, an inflammatory condition affecting the uvea (middle layer of the eye) causing redness, pain, and vision problems",,0.0009765625,10,3328,53,0.00498046875
medical_conditions,IBD,auc,0.45520427792206464,0.18580861087531436,True,1.0,long_seq,long_seq_main,Age_Gender_BMI_height_VAT,0.2693956670467503,female,categorical,"Binary indicator of Inflammatory Bowel Disease, a chronic gastrointestinal condition (Crohn's disease or ulcerative colitis)",,0.0009765625,10,3328,53,0.00677490234375
medical_conditions,Hypercholesterolaemia,auc,0.5270125936627538,0.18458244126797874,True,1.0,long_seq,long_seq_main,Age_Gender_BMI_height_VAT,0.34243015239477503,all,categorical,"Binary diagnosis flag for hypercholesterolemia, elevated cholesterol levels in blood",,0.0009765625,10,3328,65,0.021875
medical_conditions,Vitiligo,auc,0.4443911309244486,0.1637429827763005,True,1.0,long_seq,long_seq_main,Age_Gender_BMI_height_VAT,0.2806481481481481,female,categorical,"Binary indicator of vitiligo diagnosis status, a chronic autoimmune skin condition characterized by loss of skin pigmentation due to melanocyte destruction",,0.0009765625,10,3328,85,0.00677490234375
medical_conditions,Goiter,auc,0.481658460557543,0.12739796147050714,True,1.0,long_seq,long_seq_main,Age_Gender_BMI_height_VAT,0.3542604990870359,male,categorical,Enlargement of the thyroid gland,,0.0009765625,10,3328,52,0.00498046875
medical_conditions,Thalassemia,auc,0.4105167493796526,0.1260770417060838,True,1.0,long_seq,long_seq_main,Age_Gender_BMI_height_VAT,0.2844397076735688,male,categorical,Binary indicator of thalassemia diagnosis (hereditary blood disorder characterized by deficient beta-globin chain synthesis causing anemia). Represents presence/absence of this genetic hematologic condition.,,0.0009765625,10,3328,66,0.00498046875
medical_conditions,Iron Defficiency,auc,0.4635552795031055,0.1216751982022925,True,1.0,long_seq,long_seq_main,Age_Gender_BMI_height_VAT,0.341880081300813,male,categorical,"Deficiency of iron, causing reduced hemoglobin and oxygen-carrying capacity",,0.0009765625,10,3328,50,0.00498046875
medical_conditions,Anal Fissure,auc,0.5294525553019239,0.11617670554471171,True,1.0,long_seq,long_seq_main,Age_Gender_BMI_height_VAT,0.4132758497572122,male,categorical,Anal fissure diagnosis - a small tear in the tissue lining the anus causing pain and bleeding,,0.0009765625,10,3328,960,0.00498046875
medical_conditions,Lactose Intolerance,auc,0.6214589695841093,0.11418291839580941,True,1.0,long_seq,long_seq_main,Age_Gender_BMI_height_VAT,0.5072760511882999,male,categorical,Inability to digest lactose sugar due to insufficient lactase enzyme,,0.0009765625,10,3328,55,0.00498046875
medical_conditions,Vitiligo,auc,0.5165687413023659,0.0924602105190035,True,1.0,long_seq,long_seq_main,Age_Gender_BMI_height_VAT,0.42410853078336236,male,categorical,"Binary indicator of vitiligo diagnosis status, a chronic autoimmune skin condition characterized by loss of skin pigmentation due to melanocyte destruction",,0.001953125,10,3328,85,0.009055397727272726
medical_conditions,Hashimoto,auc,0.4542715084790908,0.08340948459693276,True,1.0,long_seq,long_seq_main,Age_Gender_BMI_height_VAT,0.37086202388215805,male,categorical,"Binary diagnosis flag for Hashimoto's thyroiditis, an autoimmune thyroid disease",,0.0029296875,10,3328,99,0.012992527173913044
medical_conditions,Glaucoma,auc,0.7524471103288548,0.08120924625118486,True,1.0,long_seq,long_seq_main,Age_Gender_BMI_height_VAT,0.6712378640776699,female,categorical,Glaucoma diagnosis - an eye disease involving optic nerve damage typically associated with elevated intraocular pressure,,0.0009765625,10,3328,100,0.00677490234375
medical_conditions,Psoriasis,auc,0.543754564517637,0.08020092102414744,True,1.0,long_seq,long_seq_main,Age_Gender_BMI_height_VAT,0.4635536434934896,female,categorical,"Binary diagnosis flag for Psoriasis, an autoimmune skin condition",,0.0009765625,10,3328,428,0.00677490234375
medical_conditions,Fibromyalgia,auc,0.5115540372670807,0.07896257385244665,True,1.0,long_seq,long_seq_main,Age_Gender_BMI_height_VAT,0.43259146341463406,male,categorical,"Presence or absence of fibromyalgia, a chronic pain syndrome characterized by widespread musculoskeletal pain, fatigue, and sleep disturbances",,0.0048828125,10,3328,168,0.020751953125
medical_conditions,Diabetes,auc,0.5392192589715282,0.07071472101773285,True,1.0,long_seq,long_seq_main,Age_Gender_BMI_height_VAT,0.4685045379537954,male,categorical,"Presence or absence of diabetes mellitus, a metabolic disorder affecting blood glucose regulation",,0.0009765625,10,3328,256,0.00498046875
medical_conditions,Anal Fissure,auc,0.508668849219016,0.06790554639087326,True,1.0,long_seq,long_seq_main,Age_Gender_BMI_height_VAT,0.44076330282814274,all,categorical,Anal fissure diagnosis - a small tear in the tissue lining the anus causing pain and bleeding,,0.0009765625,10,3328,960,0.021875
medical_conditions,Meniscus Tears,auc,0.5554444540695731,0.06424656714781413,True,1.0,long_seq,long_seq_main,Age_Gender_BMI_height_VAT,0.491197886921759,female,categorical,Tear or rupture of the meniscus cartilage in the knee joint,,0.0009765625,10,3328,88,0.00677490234375
medical_conditions,Headache,auc,0.5667385028561014,0.06294943430780364,True,1.0,long_seq,long_seq_main,Age_Gender_BMI_height_VAT,0.5037890685482977,female,categorical,"Headache diagnosis - pain in the head or upper neck region, which may indicate primary headache disorders or secondary conditions",,0.0009765625,10,3328,385,0.00677490234375
medical_conditions,Heart valve disease,auc,0.5314070798875516,0.05733196402588914,True,1.0,long_seq,long_seq_main,Age_Gender_BMI_height_VAT,0.4740751158616625,male,categorical,"Binary diagnosis flag for heart valve disease, a cardiac condition affecting heart valve function",,0.0009765625,10,3328,215,0.00498046875
medical_conditions,Diabetes,auc,0.5564135407337162,0.05399557873026206,True,1.0,long_seq,long_seq_main,Age_Gender_BMI_height_VAT,0.5024179620034541,female,categorical,"Presence or absence of diabetes mellitus, a metabolic disorder affecting blood glucose regulation",,0.0009765625,10,3328,256,0.00677490234375
medical_conditions,Anal Fissure,auc,0.48973569445319354,0.051881706849180254,True,1.0,long_seq,long_seq_main,Age_Gender_BMI_height_VAT,0.4378539876040133,female,categorical,Anal fissure diagnosis - a small tear in the tissue lining the anus causing pain and bleeding,,0.0009765625,10,3328,960,0.00677490234375
medical_conditions,Uveitis,auc,0.5379365861934295,0.04978905311366305,True,0.0,long_seq,long_seq_main,Age_Gender_BMI_height_VAT,0.4881475330797665,all,categorical,"Binary indicator of uveitis, an inflammatory condition affecting the uvea (middle layer of the eye) causing redness, pain, and vision problems",,0.0048828125,10,3328,53,0.06076388888888888
medical_conditions,Peptic Ulcer Disease,auc,0.5347128627142042,0.04893033653758938,True,1.0,long_seq,long_seq_main,Age_Gender_BMI_height_VAT,0.48578252617661477,male,categorical,"Binary diagnosis flag for Peptic Ulcer Disease, erosion of GI tract lining",,0.0009765625,10,3328,272,0.00498046875
medical_conditions,Depression,auc,0.5835313295348821,0.04653101820237904,True,1.0,long_seq,long_seq_main,Age_Gender_BMI_height_VAT,0.537000311332503,male,categorical,"Major depressive disorder diagnosis - a mental health condition characterized by persistent depressed mood, loss of interest, and neurobiological changes",,0.0009765625,10,3328,521,0.00498046875
medical_conditions,Peptic Ulcer Disease,auc,0.5489777739006562,0.04166027050852583,True,1.0,long_seq,long_seq_main,Age_Gender_BMI_height_VAT,0.5073175033921303,all,categorical,"Binary diagnosis flag for Peptic Ulcer Disease, erosion of GI tract lining",,0.0009765625,10,3328,272,0.021875
medical_conditions,Goiter,auc,0.5510704518172931,0.037160543193649476,True,0.0,long_seq,long_seq_main,Age_Gender_BMI_height_VAT,0.5139099086236436,female,categorical,Enlargement of the thyroid gland,,0.0185546875,10,3328,52,0.08954653532608696
medical_conditions,Diabetes,auc,0.5535346216703323,0.035992351831611535,True,1.0,long_seq,long_seq_main,Age_Gender_BMI_height_VAT,0.5175422698387208,all,categorical,"Presence or absence of diabetes mellitus, a metabolic disorder affecting blood glucose regulation",,0.0009765625,10,3328,256,0.021875
medical_conditions,Peptic Ulcer Disease,auc,0.5590517635442761,0.03520583163429336,True,1.0,long_seq,long_seq_main,Age_Gender_BMI_height_VAT,0.5238459319099827,female,categorical,"Binary diagnosis flag for Peptic Ulcer Disease, erosion of GI tract lining",,0.0048828125,10,3328,272,0.028525904605263157
medical_conditions,Uveitis,auc,0.5569779572246967,0.03400828990571436,True,0.0,long_seq,long_seq_main,Age_Gender_BMI_height_VAT,0.5229696673189823,female,categorical,"Binary indicator of uveitis, an inflammatory condition affecting the uvea (middle layer of the eye) causing redness, pain, and vision problems",,0.0244140625,10,3328,53,0.1129150390625
medical_conditions,Insomnia,auc,0.5000846749623258,0.02963810527120092,True,0.0,long_seq,long_seq_main,Age_Gender_BMI_height_VAT,0.47044656969112486,male,categorical,Insomnia diagnosis - sleep disorder characterized by persistent difficulty falling or staying asleep,,0.013671875,10,3328,227,0.05164930555555555
medical_conditions,Breast Cancer,auc,0.4499417706230817,0.02730484169267483,True,0.0,long_seq,long_seq_main,Age_Gender_BMI_height_VAT,0.4226369289304069,female,categorical,"Binary indicator of breast cancer diagnosis, a malignant neoplasm assessed using biomarkers for diagnosis and treatment planning",,0.0185546875,10,3328,197,0.08954653532608696
medical_conditions,Heart valve disease,auc,0.5107174877088155,0.022570551361403235,True,0.0,long_seq,long_seq_main,Age_Gender_BMI_height_VAT,0.4881469363474123,all,categorical,"Binary diagnosis flag for heart valve disease, a cardiac condition affecting heart valve function",,0.0419921875,10,3328,215,0.4275568181818182
medical_conditions,Gout,auc,0.5217377548629013,0.021851585255616146,True,0.0,long_seq,long_seq_main,Age_Gender_BMI_height_VAT,0.49988616960728516,female,categorical,"Presence or absence of gout, an inflammatory arthritis caused by uric acid crystal deposition, characterized by acute painful attacks in joints",,0.2158203125,10,3328,128,0.8260708512931034
medical_conditions,Depression,auc,0.57836138892205,0.021457625051037432,True,1.0,long_seq,long_seq_main,Age_Gender_BMI_height_VAT,0.5569037638710126,female,categorical,"Major depressive disorder diagnosis - a mental health condition characterized by persistent depressed mood, loss of interest, and neurobiological changes",,0.0009765625,10,3328,521,0.00677490234375
medical_conditions,IBD,auc,0.47686717987664284,0.02082978768721766,True,0.0,long_seq,long_seq_main,Age_Gender_BMI_height_VAT,0.4560373921894252,all,categorical,"Binary indicator of Inflammatory Bowel Disease, a chronic gastrointestinal condition (Crohn's disease or ulcerative colitis)",,0.2158203125,10,3328,53,1.0
medical_conditions,Sinusitis,auc,0.5241983484781221,0.01617758688371218,True,1.0,long_seq,long_seq_main,Age_Gender_BMI_height_VAT,0.5080207615944099,male,categorical,"Presence or absence of sinusitis, inflammation of the tissues in the sinuses causing facial pain, nasal congestion, and other symptoms",,0.0068359375,10,3328,600,0.027890625000000002
medical_conditions,Anemia,auc,0.4854517765449537,0.015495534289687252,True,0.0,long_seq,long_seq_main,Age_Gender_BMI_height_VAT,0.46995624225526644,male,categorical,"Presence or absence of anemia, a condition characterized by insufficient red blood cells or hemoglobin to carry adequate oxygen",,0.0322265625,10,3328,846,0.11739676339285714
medical_conditions,Asthma,auc,0.5400706221930561,0.013469672941504474,True,1.0,long_seq,long_seq_main,Age_Gender_BMI_height_VAT,0.5266009492515517,female,categorical,"Asthma diagnosis - a chronic inflammatory airway disease characterized by reversible airflow obstruction, bronchial hyperresponsiveness, and inflammation",,0.0048828125,10,3328,928,0.028525904605263157
medical_conditions,Lactose Intolerance,auc,0.5781819279157683,0.012523278963070927,True,0.0,long_seq,long_seq_main,Age_Gender_BMI_height_VAT,0.5656586489526974,all,categorical,Inability to digest lactose sugar due to insufficient lactase enzyme,,0.1376953125,10,3328,55,1.0
medical_conditions,IBS,auc,0.6206610416423082,0.012217666835297014,True,1.0,long_seq,long_seq_main,Age_Gender_BMI_height_VAT,0.6084433748070112,female,categorical,"Binary diagnosis flag for Irritable Bowel Syndrome, a gastrointestinal disorder",,0.0009765625,10,3328,507,0.00677490234375
medical_conditions,Urinary Tract Stones,auc,0.4923407939899459,0.011558735335546855,True,0.0,long_seq,long_seq_main,Age_Gender_BMI_height_VAT,0.48078205865439905,female,categorical,"Presence or absence of urolithiasis (kidney or urinary tract stones), mineral deposits that form in the urinary system",,0.1376953125,10,3328,397,0.5660807291666666
medical_conditions,Depression,auc,0.5880821553857408,0.01131806569702265,True,0.0,long_seq,long_seq_main,Age_Gender_BMI_height_VAT,0.5767640896887182,all,categorical,"Major depressive disorder diagnosis - a mental health condition characterized by persistent depressed mood, loss of interest, and neurobiological changes",,0.0048828125,10,3328,521,0.06076388888888888
medical_conditions,Psoriasis,auc,0.5219323076195116,0.011266522545375524,True,0.0,long_seq,long_seq_main,Age_Gender_BMI_height_VAT,0.5106657850741361,all,categorical,"Binary diagnosis flag for Psoriasis, an autoimmune skin condition",,0.0966796875,10,3328,428,0.7734375
medical_conditions,Asthma,auc,0.5321345667356497,0.010387482053241692,True,0.0,long_seq,long_seq_main,Age_Gender_BMI_height_VAT,0.521747084682408,all,categorical,"Asthma diagnosis - a chronic inflammatory airway disease characterized by reversible airflow obstruction, bronchial hyperresponsiveness, and inflammation",,0.013671875,10,3328,928,0.15312499999999998
medical_conditions,Iron Defficiency,auc,0.463505490527332,0.009947316742354051,True,0.0,long_seq,long_seq_main,Age_Gender_BMI_height_VAT,0.4535581737849779,all,categorical,"Deficiency of iron, causing reduced hemoglobin and oxygen-carrying capacity",,0.3125,10,3328,50,1.0
medical_conditions,Perimenopausal Disorders,auc,0.5508156187735731,0.007635756467204824,True,0.0,long_seq,long_seq_main,Age_Gender_BMI_height_VAT,0.5431798623063683,female,categorical,"Presence or absence of disorders related to the perimenopausal period (transition to menopause), including hormonal fluctuations and associated symptoms",,0.3125,10,3328,77,1.0
medical_conditions,Asthma,auc,0.5234960405664963,0.006948625542217646,True,0.0,long_seq,long_seq_main,Age_Gender_BMI_height_VAT,0.5165474150242787,male,categorical,"Asthma diagnosis - a chronic inflammatory airway disease characterized by reversible airflow obstruction, bronchial hyperresponsiveness, and inflammation",,0.1162109375,10,3328,928,0.39511718749999997
medical_conditions,Urinary tract infection,auc,0.49205519973098094,0.005165796698040126,True,0.0,long_seq,long_seq_main,Age_Gender_BMI_height_VAT,0.4868894030329408,female,categorical,"Presence or absence of urinary tract infection (UTI), a bacterial infection affecting the urinary system",,0.1875,10,3328,1450,0.7433035714285715
medical_conditions,Goiter,auc,0.5562256308137916,0.004548875041573308,True,0.0,long_seq,long_seq_main,Age_Gender_BMI_height_VAT,0.5516767557722183,all,categorical,Enlargement of the thyroid gland,,0.3125,10,3328,52,1.0
medical_conditions,Urinary tract infection,auc,0.7575037291555882,0.003241947123187594,True,0.0,long_seq,long_seq_main,Age_Gender_BMI_height_VAT,0.7542617820324006,all,categorical,"Presence or absence of urinary tract infection (UTI), a bacterial infection affecting the urinary system",,0.080078125,10,3328,1450,0.7473958333333334
medical_conditions,Anxiety,auc,0.4807236872542216,0.0032296457152362623,True,0.0,long_seq,long_seq_main,Age_Gender_BMI_height_VAT,0.47749404153898534,male,categorical,"Anxiety disorder diagnosis - a mental health condition characterized by persistent worry, fear, or panic",,0.384765625,10,3328,596,1.0
medical_conditions,Hashimoto,auc,0.37903983637971694,0.0009294301765272461,True,0.0,long_seq,long_seq_main,Age_Gender_BMI_height_VAT,0.3781104062031897,female,categorical,"Binary diagnosis flag for Hashimoto's thyroiditis, an autoimmune thyroid disease",,0.5,10,3328,99,1.0
medical_conditions,G6PD,auc,0.4288834827341109,0.00015347043398794558,True,0.0,long_seq,long_seq_main,Age_Gender_BMI_height_VAT,0.428730012300123,male,categorical,"Presence or absence of glucose-6-phosphate dehydrogenase (G6PD) deficiency, an inherited enzyme deficiency affecting red blood cell metabolism",,0.615234375,10,3328,173,1.0
medical_conditions,Tinnitus,auc,0.4288210578672495,-0.0020931667969751877,False,0.0,long_seq,long_seq_main,Age_Gender_BMI_height_VAT,0.4309142246642247,male,categorical,"Binary indicator of tinnitus, an auditory condition characterized by perception of ringing or noise in the ears",,0.5390625,10,3328,59,1.0
medical_conditions,Haemorrhoids,auc,0.527803968175567,-0.004571186162399599,False,0.0,long_seq,long_seq_main,Age_Gender_BMI_height_VAT,0.5323751543379666,male,categorical,Hemorrhoids (piles) diagnosis - swollen veins in the rectal or anal area causing discomfort and bleeding,,0.9033203125,10,3328,3163,1.0
medical_conditions,Heart valve disease,auc,0.4824295357650403,-0.00501439752995686,False,0.0,long_seq,long_seq_main,Age_Gender_BMI_height_VAT,0.48744393329499713,female,categorical,"Binary diagnosis flag for heart valve disease, a cardiac condition affecting heart valve function",,0.615234375,10,3328,215,1.0
medical_conditions,Glaucoma,auc,0.6524397845557977,-0.005423549903281422,False,0.0,long_seq,long_seq_main,Age_Gender_BMI_height_VAT,0.6578633344590791,all,categorical,Glaucoma diagnosis - an eye disease involving optic nerve damage typically associated with elevated intraocular pressure,,0.7216796875,10,3328,100,1.0
medical_conditions,Atopic Dermatitis,auc,0.4826348966122991,-0.008006692037445196,False,0.0,long_seq,long_seq_main,Age_Gender_BMI_height_VAT,0.4906415886497443,male,categorical,"Presence or absence of atopic dermatitis (eczema), a chronic inflammatory skin condition characterized by itching and skin barrier dysfunction",,0.9033203125,10,3328,573,1.0
medical_conditions,Insomnia,auc,0.45400609169131884,-0.00982384078807741,False,0.0,long_seq,long_seq_main,Age_Gender_BMI_height_VAT,0.46382993247939625,all,categorical,Insomnia diagnosis - sleep disorder characterized by persistent difficulty falling or staying asleep,,0.8837890625,10,3328,227,1.0
medical_conditions,Headache,auc,0.56736775263655,-0.010749421602472053,False,0.0,long_seq,long_seq_main,Age_Gender_BMI_height_VAT,0.5781171742390221,all,categorical,"Headache diagnosis - pain in the head or upper neck region, which may indicate primary headache disorders or secondary conditions",,0.9345703125,10,3328,385,1.0
medical_conditions,Back Pain,auc,0.5434886883067859,-0.01110232800810007,False,0.0,long_seq,long_seq_main,Age_Gender_BMI_height_VAT,0.5545910163148859,male,categorical,"Back pain diagnosis - musculoskeletal pain in the lumbar, thoracic, or cervical spine regions",,1.0,10,3328,2955,1.0
medical_conditions,Breast Cancer,auc,0.6915923363757636,-0.013547450753380152,False,0.0,long_seq,long_seq_main,Age_Gender_BMI_height_VAT,0.7051397871291437,all,categorical,"Binary indicator of breast cancer diagnosis, a malignant neoplasm assessed using biomarkers for diagnosis and treatment planning",,0.9755859375,10,3328,197,1.0
medical_conditions,Breast fibrocystic change,auc,0.5279555360412941,-0.013692061212710382,False,0.0,long_seq,long_seq_main,Age_Gender_BMI_height_VAT,0.5416475972540045,female,categorical,Benign breast condition characterized by cysts and fibrosis in breast tissue,,0.8837890625,10,3328,55,1.0
medical_conditions,Headache,auc,0.5152885223568335,-0.013973111071466704,False,0.0,long_seq,long_seq_main,Age_Gender_BMI_height_VAT,0.5292616334283002,male,categorical,"Headache diagnosis - pain in the head or upper neck region, which may indicate primary headache disorders or secondary conditions",,0.8837890625,10,3328,385,1.0
medical_conditions,Oral apthae,auc,0.48703479974123953,-0.01611950671353779,False,0.0,long_seq,long_seq_main,Age_Gender_BMI_height_VAT,0.5031543064547773,female,categorical,Presence or absence of aphthous ulcers (canker sores) in the oral cavity; painful ulcerations of the mouth that are non-infectious and non-cancerous,,0.9990234375,10,3328,528,1.0
medical_conditions,Haemorrhoids,auc,0.52585445200022,-0.01692384197218333,False,0.0,long_seq,long_seq_main,Age_Gender_BMI_height_VAT,0.5427782939724033,all,categorical,Hemorrhoids (piles) diagnosis - swollen veins in the rectal or anal area causing discomfort and bleeding,,1.0,10,3328,3163,1.0
medical_conditions,Vitiligo,auc,0.5466971827729822,-0.018098115511620883,False,0.0,long_seq,long_seq_main,Age_Gender_BMI_height_VAT,0.5647952982846031,all,categorical,"Binary indicator of vitiligo diagnosis status, a chronic autoimmune skin condition characterized by loss of skin pigmentation due to melanocyte destruction",,0.9580078125,10,3328,85,1.0
medical_conditions,B12 Deficiency,auc,0.517273471798186,-0.01832120475167942,False,0.0,long_seq,long_seq_main,Age_Gender_BMI_height_VAT,0.5355946765498654,male,categorical,"Vitamin B12 deficiency diagnosis - insufficient levels of cobalamin affecting DNA synthesis, metabolism, and neurological function",,0.990234375,10,3328,808,1.0
medical_conditions,Back Pain,auc,0.5447848064568399,-0.019643775388370255,False,0.0,long_seq,long_seq_main,Age_Gender_BMI_height_VAT,0.5644285818452102,all,categorical,"Back pain diagnosis - musculoskeletal pain in the lumbar, thoracic, or cervical spine regions",,1.0,10,3328,2955,1.0
medical_conditions,ADHD,auc,0.5629177647188421,-0.019911128647324472,False,0.0,long_seq,long_seq_main,Age_Gender_BMI_height_VAT,0.5828288933661666,female,categorical,Attention-Deficit/Hyperactivity Disorder diagnosis flag - a neurodevelopmental condition characterized by persistent patterns of inattention and/or hyperactivity-impulsivity,,1.0,10,3328,2529,1.0
medical_conditions,Tinnitus,auc,0.5825659420168396,-0.020820603023069206,False,0.0,long_seq,long_seq_main,Age_Gender_BMI_height_VAT,0.6033865450399089,female,categorical,"Binary indicator of tinnitus, an auditory condition characterized by perception of ringing or noise in the ears",,0.8388671875,10,3328,59,1.0
medical_conditions,Allergy,auc,0.542134045396993,-0.022601953367461958,False,0.0,long_seq,long_seq_main,Age_Gender_BMI_height_VAT,0.5647359987644549,female,categorical,Presence or absence of allergic conditions - abnormal immune response to environmental or substance triggers,,1.0,10,3328,3332,1.0
medical_conditions,Migraine,auc,0.4839492600422832,-0.023249128335880442,False,0.0,long_seq,long_seq_main,Age_Gender_BMI_height_VAT,0.5071983883781637,male,categorical,"Binary diagnosis flag for Migraine, a neurological headache disorder",,0.990234375,10,3328,895,1.0
medical_conditions,IBS,auc,0.5939371721994944,-0.025881009618687445,False,0.0,long_seq,long_seq_main,Age_Gender_BMI_height_VAT,0.6198181818181818,all,categorical,"Binary diagnosis flag for Irritable Bowel Syndrome, a gastrointestinal disorder",,1.0,10,3328,507,1.0
medical_conditions,Fractures,auc,0.5111865848328112,-0.026550443397174717,False,0.0,long_seq,long_seq_main,Age_Gender_BMI_height_VAT,0.5377370282299859,female,categorical,Fracture diagnosis - break or crack in bone structure,,0.9990234375,10,3328,1464,1.0
medical_conditions,Haemorrhoids,auc,0.5235463718067433,-0.026599930198563992,False,0.0,long_seq,long_seq_main,Age_Gender_BMI_height_VAT,0.5501463020053073,female,categorical,Hemorrhoids (piles) diagnosis - swollen veins in the rectal or anal area causing discomfort and bleeding,,1.0,10,3328,3163,1.0
medical_conditions,Oral apthae,auc,0.495083958841647,-0.02760047377614938,False,0.0,long_seq,long_seq_main,Age_Gender_BMI_height_VAT,0.5226844326177964,all,categorical,Presence or absence of aphthous ulcers (canker sores) in the oral cavity; painful ulcerations of the mouth that are non-infectious and non-cancerous,,1.0,10,3328,528,1.0
medical_conditions,Back Pain,auc,0.5452827818896928,-0.027637418036725814,False,0.0,long_seq,long_seq_main,Age_Gender_BMI_height_VAT,0.5729201999264186,female,categorical,"Back pain diagnosis - musculoskeletal pain in the lumbar, thoracic, or cervical spine regions",,1.0,10,3328,2955,1.0
medical_conditions,Fractures,auc,0.5281379440886933,-0.028364163982206758,False,0.0,long_seq,long_seq_main,Age_Gender_BMI_height_VAT,0.5565021080709001,male,categorical,Fracture diagnosis - break or crack in bone structure,,0.9990234375,10,3328,1464,1.0
medical_conditions,Migraine,auc,0.5152802420561307,-0.029380695860202977,False,0.0,long_seq,long_seq_main,Age_Gender_BMI_height_VAT,0.5446609379163336,female,categorical,"Binary diagnosis flag for Migraine, a neurological headache disorder",,1.0,10,3328,895,1.0
medical_conditions,Tinnitus,auc,0.5049791524912133,-0.03201513270472289,False,0.0,long_seq,long_seq_main,Age_Gender_BMI_height_VAT,0.5369942851959362,all,categorical,"Binary indicator of tinnitus, an auditory condition characterized by perception of ringing or noise in the ears",,0.9580078125,10,3328,59,1.0
medical_conditions,Celiac,auc,0.49711166253101735,-0.03289747266995702,False,0.0,long_seq,long_seq_main,Age_Gender_BMI_height_VAT,0.5300091352009744,male,categorical,"Binary indicator of celiac disease, an autoimmune condition triggered by gluten consumption causing intestinal damage",,0.986328125,10,3328,55,1.0
medical_conditions,Fractures,auc,0.5216584212840809,-0.03378555346011003,False,0.0,long_seq,long_seq_main,Age_Gender_BMI_height_VAT,0.5554439747441909,all,categorical,Fracture diagnosis - break or crack in bone structure,,1.0,10,3328,1464,1.0
medical_conditions,ADHD,auc,0.5586751062629159,-0.034415849704354184,False,0.0,long_seq,long_seq_main,Age_Gender_BMI_height_VAT,0.5930909559672701,all,categorical,Attention-Deficit/Hyperactivity Disorder diagnosis flag - a neurodevelopmental condition characterized by persistent patterns of inattention and/or hyperactivity-impulsivity,,1.0,10,3328,2529,1.0
medical_conditions,Allergy,auc,0.5503299265839348,-0.0381036945709492,False,0.0,long_seq,long_seq_main,Age_Gender_BMI_height_VAT,0.588433621154884,all,categorical,Presence or absence of allergic conditions - abnormal immune response to environmental or substance triggers,,1.0,10,3328,3332,1.0
medical_conditions,Hashimoto,auc,0.4141645196289675,-0.038658966338536216,False,0.0,long_seq,long_seq_main,Age_Gender_BMI_height_VAT,0.4528234859675037,all,categorical,"Binary diagnosis flag for Hashimoto's thyroiditis, an autoimmune thyroid disease",,0.998046875,10,3328,99,1.0
medical_conditions,Atopic Dermatitis,auc,0.47306768575688557,-0.03972513444390541,False,0.0,long_seq,long_seq_main,Age_Gender_BMI_height_VAT,0.512792820200791,all,categorical,"Presence or absence of atopic dermatitis (eczema), a chronic inflammatory skin condition characterized by itching and skin barrier dysfunction",,1.0,10,3328,573,1.0
medical_conditions,Fibromyalgia,auc,0.5158876337467716,-0.03983490960582958,False,0.0,long_seq,long_seq_main,Age_Gender_BMI_height_VAT,0.5557225433526012,female,categorical,"Presence or absence of fibromyalgia, a chronic pain syndrome characterized by widespread musculoskeletal pain, fatigue, and sleep disturbances",,0.990234375,10,3328,168,1.0
medical_conditions,Hyperlipidemia,auc,0.6273779669007756,-0.04033211819570426,False,0.0,long_seq,long_seq_main,Age_Gender_BMI_height_VAT,0.6677100850964799,male,categorical,"Binary diagnosis flag for hyperlipidemia, excess fats in the bloodstream",,1.0,10,3328,3787,1.0
medical_conditions,Gout,auc,0.626055437054824,-0.04128571038502793,False,0.0,long_seq,long_seq_main,Age_Gender_BMI_height_VAT,0.667341147439852,male,categorical,"Presence or absence of gout, an inflammatory arthritis caused by uric acid crystal deposition, characterized by acute painful attacks in joints",,1.0,10,3328,128,1.0
medical_conditions,Hypertension,auc,0.7105596335994009,-0.04236924497421235,False,0.0,long_seq,long_seq_main,Age_Gender_BMI_height_VAT,0.7529288785736132,male,categorical,Binary diagnosis flag for hypertension (high blood pressure),,1.0,10,3328,1684,1.0
medical_conditions,Meniscus Tears,auc,0.5372266982231604,-0.04296471994434281,False,0.0,long_seq,long_seq_main,Age_Gender_BMI_height_VAT,0.5801914181675032,all,categorical,Tear or rupture of the meniscus cartilage in the knee joint,,0.9990234375,10,3328,88,1.0
medical_conditions,Celiac,auc,0.6098188472709568,-0.043760735246981874,False,0.0,long_seq,long_seq_main,Age_Gender_BMI_height_VAT,0.6535795825179387,female,categorical,"Binary indicator of celiac disease, an autoimmune condition triggered by gluten consumption causing intestinal damage",,1.0,10,3328,55,1.0
medical_conditions,Oral apthae,auc,0.5042377219128319,-0.04431696608635027,False,0.0,long_seq,long_seq_main,Age_Gender_BMI_height_VAT,0.5485546879991822,male,categorical,Presence or absence of aphthous ulcers (canker sores) in the oral cavity; painful ulcerations of the mouth that are non-infectious and non-cancerous,,1.0,10,3328,528,1.0
medical_conditions,Sleep Apnea,auc,0.5904723052075751,-0.04491761854495846,False,0.0,long_seq,long_seq_main,Age_Gender_BMI_height_VAT,0.6353899237525336,male,categorical,"Binary diagnosis flag for Sleep Apnea, a sleep-related breathing disorder",,1.0,10,3328,345,1.0
medical_conditions,Retinal detachment,auc,0.5252007029773156,-0.04503559937495072,False,0.0,long_seq,long_seq_main,Age_Gender_BMI_height_VAT,0.5702363023522663,female,categorical,"Presence or absence of retinal detachment, an ophthalmologic emergency where the retina separates from the back of the eye",,1.0,10,3328,140,1.0
medical_conditions,Anal abscess,auc,0.4134100028541209,-0.04507010151639451,False,0.0,long_seq,long_seq_main,Age_Gender_BMI_height_VAT,0.4584801043705154,female,categorical,Anal abscess diagnosis - a localized collection of pus near the anus caused by bacterial infection,,1.0,10,3328,87,1.0
medical_conditions,Insomnia,auc,0.4110670711749013,-0.04554653897504091,False,0.0,long_seq,long_seq_main,Age_Gender_BMI_height_VAT,0.45661361014994223,female,categorical,Insomnia diagnosis - sleep disorder characterized by persistent difficulty falling or staying asleep,,0.9990234375,10,3328,227,1.0
medical_conditions,Hyperlipidemia,auc,0.6522069850282387,-0.0464020503807967,False,0.0,long_seq,long_seq_main,Age_Gender_BMI_height_VAT,0.6986090354090354,all,categorical,"Binary diagnosis flag for hyperlipidemia, excess fats in the bloodstream",,1.0,10,3328,3787,1.0
medical_conditions,Celiac,auc,0.5721433783791199,-0.046817890169655985,False,0.0,long_seq,long_seq_main,Age_Gender_BMI_height_VAT,0.6189612685487759,all,categorical,"Binary indicator of celiac disease, an autoimmune condition triggered by gluten consumption causing intestinal damage",,1.0,10,3328,55,1.0
medical_conditions,Hypertension,auc,0.7278221993277941,-0.04789177079907203,False,0.0,long_seq,long_seq_main,Age_Gender_BMI_height_VAT,0.7757139701268662,all,categorical,Binary diagnosis flag for hypertension (high blood pressure),,1.0,10,3328,1684,1.0
medical_conditions,Polycystic Ovary Disease,auc,0.7645790440139442,-0.04943356859866832,False,0.0,long_seq,long_seq_main,Age_Gender_BMI_height_VAT,0.8140126126126125,all,categorical,"Binary diagnosis flag for Polycystic Ovary Disease (PCOS), a hormonal endocrine disorder",,1.0,10,3328,363,1.0
medical_conditions,Atopic Dermatitis,auc,0.46174737977642166,-0.049843126586677666,False,0.0,long_seq,long_seq_main,Age_Gender_BMI_height_VAT,0.5115905063630993,female,categorical,"Presence or absence of atopic dermatitis (eczema), a chronic inflammatory skin condition characterized by itching and skin barrier dysfunction",,1.0,10,3328,573,1.0
medical_conditions,ADHD,auc,0.554087021241757,-0.050232511449368134,False,0.0,long_seq,long_seq_main,Age_Gender_BMI_height_VAT,0.6043195326911251,male,categorical,Attention-Deficit/Hyperactivity Disorder diagnosis flag - a neurodevelopmental condition characterized by persistent patterns of inattention and/or hyperactivity-impulsivity,,1.0,10,3328,2529,1.0
medical_conditions,B12 Deficiency,auc,0.5157497072061081,-0.051725410947909056,False,0.0,long_seq,long_seq_main,Age_Gender_BMI_height_VAT,0.5674751181540172,female,categorical,"Vitamin B12 deficiency diagnosis - insufficient levels of cobalamin affecting DNA synthesis, metabolism, and neurological function",,1.0,10,3328,808,1.0
medical_conditions,Psoriasis,auc,0.4974273169188089,-0.05250143263587581,False,0.0,long_seq,long_seq_main,Age_Gender_BMI_height_VAT,0.5499287495546847,male,categorical,"Binary diagnosis flag for Psoriasis, an autoimmune skin condition",,1.0,10,3328,428,1.0
medical_conditions,Allergy,auc,0.5559895394590384,-0.05277545907768977,False,0.0,long_seq,long_seq_main,Age_Gender_BMI_height_VAT,0.6087649985367282,male,categorical,Presence or absence of allergic conditions - abnormal immune response to environmental or substance triggers,,1.0,10,3328,3332,1.0
medical_conditions,Hyperlipidemia,auc,0.674276290149853,-0.05288528190254882,False,0.0,long_seq,long_seq_main,Age_Gender_BMI_height_VAT,0.7271615720524018,female,categorical,"Binary diagnosis flag for hyperlipidemia, excess fats in the bloodstream",,1.0,10,3328,3787,1.0
medical_conditions,Obesity,auc,0.8331830145724641,-0.0536811903113954,False,0.0,long_seq,long_seq_main,Age_Gender_BMI_height_VAT,0.8868642048838595,female,categorical,"Binary diagnosis flag for Obesity, excessive body fat accumulation",,1.0,10,3328,554,1.0
medical_conditions,Hypertension,auc,0.7419029921829614,-0.05442190712670092,False,0.0,long_seq,long_seq_main,Age_Gender_BMI_height_VAT,0.7963248993096623,female,categorical,Binary diagnosis flag for hypertension (high blood pressure),,1.0,10,3328,1684,1.0
medical_conditions,AV. Conduction Disorder,auc,0.5720968053143691,-0.05561330430804268,False,0.0,long_seq,long_seq_main,Age_Gender_BMI_height_VAT,0.6277101096224118,male,categorical,Atrioventricular conduction disorder - abnormal electrical conduction between the atria and ventricles of the heart,,1.0,10,3328,43,1.0
medical_conditions,Obesity,auc,0.842606792485044,-0.055932976435305704,False,0.0,long_seq,long_seq_main,Age_Gender_BMI_height_VAT,0.8985397689203497,all,categorical,"Binary diagnosis flag for Obesity, excessive body fat accumulation",,1.0,10,3328,554,1.0
medical_conditions,Glaucoma,auc,0.5715438027524843,-0.05727291023446757,False,0.0,long_seq,long_seq_main,Age_Gender_BMI_height_VAT,0.6288167129869519,male,categorical,Glaucoma diagnosis - an eye disease involving optic nerve damage typically associated with elevated intraocular pressure,,1.0,10,3328,100,1.0
medical_conditions,Sinusitis,auc,0.5086316507737724,-0.05833831821594526,False,0.0,long_seq,long_seq_main,Age_Gender_BMI_height_VAT,0.5669699689897176,female,categorical,"Presence or absence of sinusitis, inflammation of the tissues in the sinuses causing facial pain, nasal congestion, and other symptoms",,1.0,10,3328,600,1.0
medical_conditions,Anxiety,auc,0.5416748877384041,-0.058924948476972716,False,0.0,long_seq,long_seq_main,Age_Gender_BMI_height_VAT,0.6005998362153768,all,categorical,"Anxiety disorder diagnosis - a mental health condition characterized by persistent worry, fear, or panic",,1.0,10,3328,596,1.0
medical_conditions,Osteoarthritis,auc,0.5811458352339678,-0.06057401927155681,False,0.0,long_seq,long_seq_main,Age_Gender_BMI_height_VAT,0.6417198545055246,male,categorical,"Binary diagnosis flag for Osteoarthritis, degenerative joint disease from cartilage wear",,1.0,10,3328,455,1.0
medical_conditions,Perimenopausal Disorders,auc,0.7041694692567961,-0.060882906075160226,False,0.0,long_seq,long_seq_main,Age_Gender_BMI_height_VAT,0.7650523753319564,all,categorical,"Presence or absence of disorders related to the perimenopausal period (transition to menopause), including hormonal fluctuations and associated symptoms",,1.0,10,3328,77,1.0
medical_conditions,Obesity,auc,0.8404345893195988,-0.06089772284034245,False,0.0,long_seq,long_seq_main,Age_Gender_BMI_height_VAT,0.9013323121599413,male,categorical,"Binary diagnosis flag for Obesity, excessive body fat accumulation",,1.0,10,3328,554,1.0
medical_conditions,B12 Deficiency,auc,0.5371947570326077,-0.06233919358467632,False,0.0,long_seq,long_seq_main,Age_Gender_BMI_height_VAT,0.599533950617284,all,categorical,"Vitamin B12 deficiency diagnosis - insufficient levels of cobalamin affecting DNA synthesis, metabolism, and neurological function",,1.0,10,3328,808,1.0
medical_conditions,Anemia,auc,0.5132763059632711,-0.06428573981603791,False,0.0,long_seq,long_seq_main,Age_Gender_BMI_height_VAT,0.577562045779309,female,categorical,"Presence or absence of anemia, a condition characterized by insufficient red blood cells or hemoglobin to carry adequate oxygen",,1.0,10,3328,846,1.0
medical_conditions,Endometriosis and Adenomyosis,auc,0.7850276579253214,-0.0662990577129754,False,0.0,long_seq,long_seq_main,Age_Gender_BMI_height_VAT,0.8513267156382968,all,categorical,"Presence or absence of endometriosis and/or adenomyosis, gynecologic conditions involving abnormal uterine tissue growth causing pain and infertility",,1.0,10,3328,282,1.0
medical_conditions,Hearing loss,auc,0.5991360055230669,-0.06747187741696514,False,0.0,long_seq,long_seq_main,Age_Gender_BMI_height_VAT,0.666607882940032,female,categorical,"Hearing loss diagnosis - reduced ability to hear sound, ranging from mild to complete loss across frequency ranges",,1.0,10,3328,682,1.0
medical_conditions,Erectile Dysfunction,auc,0.5042225433213192,-0.06887036621413312,False,0.0,long_seq,long_seq_main,Age_Gender_BMI_height_VAT,0.5730929095354523,male,categorical,Inability to achieve or maintain erections sufficient for sexual function,,0.9970703125,10,3328,46,1.0
medical_conditions,Gout,auc,0.7266111386851359,-0.06895384607463861,False,0.0,long_seq,long_seq_main,Age_Gender_BMI_height_VAT,0.7955649847597746,all,categorical,"Presence or absence of gout, an inflammatory arthritis caused by uric acid crystal deposition, characterized by acute painful attacks in joints",,1.0,10,3328,128,1.0
medical_conditions,Anxiety,auc,0.5586592136932919,-0.06919165346453549,False,0.0,long_seq,long_seq_main,Age_Gender_BMI_height_VAT,0.6278508671578273,female,categorical,"Anxiety disorder diagnosis - a mental health condition characterized by persistent worry, fear, or panic",,1.0,10,3328,596,1.0
medical_conditions,Migraine,auc,0.5762482352101286,-0.06999336539771439,False,0.0,long_seq,long_seq_main,Age_Gender_BMI_height_VAT,0.646241600607843,all,categorical,"Binary diagnosis flag for Migraine, a neurological headache disorder",,1.0,10,3328,895,1.0
medical_conditions,Lactose Intolerance,auc,0.5405203194738079,-0.072704628234882,False,0.0,long_seq,long_seq_main,Age_Gender_BMI_height_VAT,0.6132249477086898,female,categorical,Inability to digest lactose sugar due to insufficient lactase enzyme,,0.9990234375,10,3328,55,1.0
medical_conditions,Prediabetes,auc,0.6018543991200126,-0.07390825036447002,False,0.0,long_seq,long_seq_main,Age_Gender_BMI_height_VAT,0.6757626494844826,male,categorical,"Binary diagnosis flag for Prediabetes, elevated blood glucose preceding type 2 diabetes",,1.0,10,3328,1356,1.0
medical_conditions,Hearing loss,auc,0.5702446110552513,-0.07401133822162265,False,0.0,long_seq,long_seq_main,Age_Gender_BMI_height_VAT,0.6442559492768739,all,categorical,"Hearing loss diagnosis - reduced ability to hear sound, ranging from mild to complete loss across frequency ranges",,1.0,10,3328,682,1.0
medical_conditions,Urinary Tract Stones,auc,0.507249688797917,-0.07412483616473176,False,0.0,long_seq,long_seq_main,Age_Gender_BMI_height_VAT,0.5813745249626487,male,categorical,"Presence or absence of urolithiasis (kidney or urinary tract stones), mineral deposits that form in the urinary system",,1.0,10,3328,397,1.0
medical_conditions,Anemia,auc,0.6114645148839677,-0.07429485314098516,False,0.0,long_seq,long_seq_main,Age_Gender_BMI_height_VAT,0.6857593680249529,all,categorical,"Presence or absence of anemia, a condition characterized by insufficient red blood cells or hemoglobin to carry adequate oxygen",,1.0,10,3328,846,1.0
medical_conditions,Sinusitis,auc,0.5489158137793311,-0.07494589353774217,False,0.0,long_seq,long_seq_main,Age_Gender_BMI_height_VAT,0.6238617073170732,all,categorical,"Presence or absence of sinusitis, inflammation of the tissues in the sinuses causing facial pain, nasal congestion, and other symptoms",,1.0,10,3328,600,1.0
medical_conditions,Osteoarthritis,auc,0.6533531061677514,-0.075536571695207,False,0.0,long_seq,long_seq_main,Age_Gender_BMI_height_VAT,0.7288896778629584,all,categorical,"Binary diagnosis flag for Osteoarthritis, degenerative joint disease from cartilage wear",,1.0,10,3328,455,1.0
medical_conditions,Prediabetes,auc,0.6402219963012852,-0.07584249981993807,False,0.0,long_seq,long_seq_main,Age_Gender_BMI_height_VAT,0.7160644961212232,all,categorical,"Binary diagnosis flag for Prediabetes, elevated blood glucose preceding type 2 diabetes",,1.0,10,3328,1356,1.0
medical_conditions,Atrial Fibrillation,auc,0.7155973975286374,-0.0763709651589034,False,0.0,long_seq,long_seq_main,Age_Gender_BMI_height_VAT,0.7919683626875408,female,categorical,"Binary indicator of atrial fibrillation, a cardiac arrhythmia characterized by irregular heartbeat and associated coagulation/inflammation biomarkers",,1.0,10,3328,69,1.0
medical_conditions,Polycystic Ovary Disease,auc,0.5553454672066533,-0.07687662305462939,False,0.0,long_seq,long_seq_main,Age_Gender_BMI_height_VAT,0.6322220902612827,female,categorical,"Binary diagnosis flag for Polycystic Ovary Disease (PCOS), a hormonal endocrine disorder",,1.0,10,3328,363,1.0
medical_conditions,Melanoma,auc,0.5025038977868669,-0.07785358462423786,False,0.0,long_seq,long_seq_main,Age_Gender_BMI_height_VAT,0.5803574824111047,female,categorical,"Binary indicator of melanoma diagnosis, a malignant skin cancer with highest mortality risk among skin cancers",,1.0,10,3328,79,1.0
medical_conditions,Osteoarthritis,auc,0.6508184644498514,-0.07915269041412654,False,0.0,long_seq,long_seq_main,Age_Gender_BMI_height_VAT,0.7299711548639779,female,categorical,"Binary diagnosis flag for Osteoarthritis, degenerative joint disease from cartilage wear",,1.0,10,3328,455,1.0
medical_conditions,Gallstone Disease,auc,0.5141762193803657,-0.08017132112466996,False,0.0,long_seq,long_seq_main,Age_Gender_BMI_height_VAT,0.5943475405050357,male,categorical,"Presence or absence of cholelithiasis (gallstone disease), characterized by formation of stones in the gallbladder",,1.0,10,3328,611,1.0
medical_conditions,Prediabetes,auc,0.671036123515939,-0.08130124072098854,False,0.0,long_seq,long_seq_main,Age_Gender_BMI_height_VAT,0.7523373642369275,female,categorical,"Binary diagnosis flag for Prediabetes, elevated blood glucose preceding type 2 diabetes",,1.0,10,3328,1356,1.0
medical_conditions,Fatty Liver Disease,auc,0.6194999566888293,-0.08137151396681397,False,0.0,long_seq,long_seq_main,Age_Gender_BMI_height_VAT,0.7008714706556433,male,categorical,"Presence or absence of fatty liver disease (NAFLD/AFLD), characterized by excessive fat accumulation in hepatocytes impairing liver function",,1.0,10,3328,824,1.0
medical_conditions,Iron Defficiency,auc,0.4325076255279211,-0.0819653089450133,False,0.0,long_seq,long_seq_main,Age_Gender_BMI_height_VAT,0.5144729344729344,female,categorical,"Deficiency of iron, causing reduced hemoglobin and oxygen-carrying capacity",,1.0,10,3328,50,1.0
medical_conditions,Hearing loss,auc,0.5394744847090618,-0.08220403082860872,False,0.0,long_seq,long_seq_main,Age_Gender_BMI_height_VAT,0.6216785155376705,male,categorical,"Hearing loss diagnosis - reduced ability to hear sound, ranging from mild to complete loss across frequency ranges",,1.0,10,3328,682,1.0
medical_conditions,Atherosclerotic,auc,0.5620062111801243,-0.08377122784426594,False,0.0,long_seq,long_seq_main,Age_Gender_BMI_height_VAT,0.6457774390243902,male,categorical,"Binary indicator of atherosclerotic disease, characterized by buildup of plaque in arteries and associated cardiovascular complications",,1.0,10,3328,75,1.0
medical_conditions,Breast fibrocystic change,auc,0.676650261441136,-0.08726734717299578,False,0.0,long_seq,long_seq_main,Age_Gender_BMI_height_VAT,0.7639176086141318,all,categorical,Benign breast condition characterized by cysts and fibrosis in breast tissue,,1.0,10,3328,55,1.0
medical_conditions,IBS,auc,0.5320452827483958,-0.08768230131138,False,0.0,long_seq,long_seq_main,Age_Gender_BMI_height_VAT,0.6197275840597758,male,categorical,"Binary diagnosis flag for Irritable Bowel Syndrome, a gastrointestinal disorder",,1.0,10,3328,507,1.0
medical_conditions,Ischemic Heart Disease,auc,0.5404727415743935,-0.08808013219356758,False,0.0,long_seq,long_seq_main,Age_Gender_BMI_height_VAT,0.6285528737679611,male,categorical,"Binary diagnosis flag for Ischemic Heart Disease, reduced blood flow to the heart",,1.0,10,3328,249,1.0
medical_conditions,Melanoma,auc,0.6009302615193026,-0.08839736684255561,False,0.0,long_seq,long_seq_main,Age_Gender_BMI_height_VAT,0.6893276283618582,male,categorical,"Binary indicator of melanoma diagnosis, a malignant skin cancer with highest mortality risk among skin cancers",,1.0,10,3328,79,1.0
medical_conditions,Fatty Liver Disease,auc,0.6660900285731841,-0.08958023951966654,False,0.0,long_seq,long_seq_main,Age_Gender_BMI_height_VAT,0.7556702680928506,all,categorical,"Presence or absence of fatty liver disease (NAFLD/AFLD), characterized by excessive fat accumulation in hepatocytes impairing liver function",,1.0,10,3328,824,1.0
medical_conditions,Melanoma,auc,0.5734334056332748,-0.0900919705838984,False,0.0,long_seq,long_seq_main,Age_Gender_BMI_height_VAT,0.6635253762171732,all,categorical,"Binary indicator of melanoma diagnosis, a malignant skin cancer with highest mortality risk among skin cancers",,1.0,10,3328,79,1.0
medical_conditions,Ischemic Heart Disease,auc,0.6323194500972278,-0.0903604471043713,False,0.0,long_seq,long_seq_main,Age_Gender_BMI_height_VAT,0.7226798972015991,female,categorical,"Binary diagnosis flag for Ischemic Heart Disease, reduced blood flow to the heart",,1.0,10,3328,249,1.0
medical_conditions,Gallstone Disease,auc,0.5294905056729955,-0.09045262895099015,False,0.0,long_seq,long_seq_main,Age_Gender_BMI_height_VAT,0.6199431346239856,female,categorical,"Presence or absence of cholelithiasis (gallstone disease), characterized by formation of stones in the gallbladder",,1.0,10,3328,611,1.0
medical_conditions,IBD,auc,0.4890190476190476,-0.0912451800232289,False,0.0,long_seq,long_seq_main,Age_Gender_BMI_height_VAT,0.5802642276422765,male,categorical,"Binary indicator of Inflammatory Bowel Disease, a chronic gastrointestinal condition (Crohn's disease or ulcerative colitis)",,0.9970703125,10,3328,53,1.0
medical_conditions,Thalassemia,auc,0.3983308092952817,-0.09272693798888065,False,0.0,long_seq,long_seq_main,Age_Gender_BMI_height_VAT,0.49105774728416235,female,categorical,Binary indicator of thalassemia diagnosis (hereditary blood disorder characterized by deficient beta-globin chain synthesis causing anemia). Represents presence/absence of this genetic hematologic condition.,,1.0,10,3328,66,1.0
medical_conditions,Fibromyalgia,auc,0.5776261589346482,-0.09615171304500425,False,0.0,long_seq,long_seq_main,Age_Gender_BMI_height_VAT,0.6737778719796524,all,categorical,"Presence or absence of fibromyalgia, a chronic pain syndrome characterized by widespread musculoskeletal pain, fatigue, and sleep disturbances",,1.0,10,3328,168,1.0
medical_conditions,Urinary Tract Stones,auc,0.5714937895434716,-0.09641783286428096,False,0.0,long_seq,long_seq_main,Age_Gender_BMI_height_VAT,0.6679116224077526,all,categorical,"Presence or absence of urolithiasis (kidney or urinary tract stones), mineral deposits that form in the urinary system",,1.0,10,3328,397,1.0
medical_conditions,Retinal detachment,auc,0.5589244548826567,-0.09805500702351522,False,0.0,long_seq,long_seq_main,Age_Gender_BMI_height_VAT,0.656979461906172,all,categorical,"Presence or absence of retinal detachment, an ophthalmologic emergency where the retina separates from the back of the eye",,1.0,10,3328,140,1.0
medical_conditions,Ischemic Heart Disease,auc,0.6559383426837119,-0.09859012229393338,False,0.0,long_seq,long_seq_main,Age_Gender_BMI_height_VAT,0.7545284649776453,all,categorical,"Binary diagnosis flag for Ischemic Heart Disease, reduced blood flow to the heart",,1.0,10,3328,249,1.0
medical_conditions,Atherosclerotic,auc,0.6190167381714907,-0.09967254403106574,False,0.0,long_seq,long_seq_main,Age_Gender_BMI_height_VAT,0.7186892822025565,all,categorical,"Binary indicator of atherosclerotic disease, characterized by buildup of plaque in arteries and associated cardiovascular complications",,1.0,10,3328,75,1.0
medical_conditions,Gallstone Disease,auc,0.5686433986788353,-0.10146621949327328,False,0.0,long_seq,long_seq_main,Age_Gender_BMI_height_VAT,0.6701096181721086,all,categorical,"Presence or absence of cholelithiasis (gallstone disease), characterized by formation of stones in the gallbladder",,1.0,10,3328,611,1.0
medical_conditions,Endometriosis and Adenomyosis,auc,0.6056339714766915,-0.10183678608985147,False,0.0,long_seq,long_seq_main,Age_Gender_BMI_height_VAT,0.707470757566543,female,categorical,"Presence or absence of endometriosis and/or adenomyosis, gynecologic conditions involving abnormal uterine tissue growth causing pain and infertility",,1.0,10,3328,282,1.0
medical_conditions,Sleep Apnea,auc,0.6119746165371766,-0.10198507692925107,False,0.0,long_seq,long_seq_main,Age_Gender_BMI_height_VAT,0.7139596934664276,all,categorical,"Binary diagnosis flag for Sleep Apnea, a sleep-related breathing disorder",,1.0,10,3328,345,1.0
medical_conditions,Renal Stones,auc,0.4851071470450282,-0.10274185580397466,False,0.0,long_seq,long_seq_main,Age_Gender_BMI_height_VAT,0.5878490028490029,female,categorical,"Binary indicator of kidney stone presence or history, a urological condition involving mineral crystal deposits in the renal system",,1.0,10,3328,96,1.0
medical_conditions,AV. Conduction Disorder,auc,0.5176391302457422,-0.10290791856985793,False,0.0,long_seq,long_seq_main,Age_Gender_BMI_height_VAT,0.6205470488156001,all,categorical,Atrioventricular conduction disorder - abnormal electrical conduction between the atria and ventricles of the heart,,0.998046875,10,3328,43,1.0
medical_conditions,G6PD,auc,0.429645543974873,-0.10616369722902697,False,0.0,long_seq,long_seq_main,Age_Gender_BMI_height_VAT,0.5358092412038999,all,categorical,"Presence or absence of glucose-6-phosphate dehydrogenase (G6PD) deficiency, an inherited enzyme deficiency affecting red blood cell metabolism",,1.0,10,3328,173,1.0
medical_conditions,Anal abscess,auc,0.5287897775729659,-0.10781606070850269,False,0.0,long_seq,long_seq_main,Age_Gender_BMI_height_VAT,0.6366058382814686,all,categorical,Anal abscess diagnosis - a localized collection of pus near the anus caused by bacterial infection,,1.0,10,3328,87,1.0
medical_conditions,Erectile Dysfunction,auc,0.6805071676973673,-0.11127486470322179,False,0.0,long_seq,long_seq_main,Age_Gender_BMI_height_VAT,0.7917820324005891,all,categorical,Inability to achieve or maintain erections sufficient for sexual function,,1.0,10,3328,46,1.0
medical_conditions,Atherosclerotic,auc,0.6488528062124955,-0.1117313207716315,False,0.0,long_seq,long_seq_main,Age_Gender_BMI_height_VAT,0.760584126984127,female,categorical,"Binary indicator of atherosclerotic disease, characterized by buildup of plaque in arteries and associated cardiovascular complications",,1.0,10,3328,75,1.0
medical_conditions,Meniscus Tears,auc,0.513918804483188,-0.11344977742390239,False,0.0,long_seq,long_seq_main,Age_Gender_BMI_height_VAT,0.6273685819070904,male,categorical,Tear or rupture of the meniscus cartilage in the knee joint,,1.0,10,3328,88,1.0
medical_conditions,Thalassemia,auc,0.41586013535524347,-0.11349277360545085,False,0.0,long_seq,long_seq_main,Age_Gender_BMI_height_VAT,0.5293529089606943,all,categorical,Binary indicator of thalassemia diagnosis (hereditary blood disorder characterized by deficient beta-globin chain synthesis causing anemia). Represents presence/absence of this genetic hematologic condition.,,1.0,10,3328,66,1.0
medical_conditions,Fatty Liver Disease,auc,0.6616271606317897,-0.11603609160892725,False,0.0,long_seq,long_seq_main,Age_Gender_BMI_height_VAT,0.777663252240717,female,categorical,"Presence or absence of fatty liver disease (NAFLD/AFLD), characterized by excessive fat accumulation in hepatocytes impairing liver function",,1.0,10,3328,824,1.0
medical_conditions,Anal abscess,auc,0.5991172722394695,-0.1302074931624072,False,0.0,long_seq,long_seq_main,Age_Gender_BMI_height_VAT,0.7293247654018767,male,categorical,Anal abscess diagnosis - a localized collection of pus near the anus caused by bacterial infection,,1.0,10,3328,87,1.0
medical_conditions,Renal Stones,auc,0.6040425086721524,-0.13097803618881798,False,0.0,long_seq,long_seq_main,Age_Gender_BMI_height_VAT,0.7350205448609703,all,categorical,"Binary indicator of kidney stone presence or history, a urological condition involving mineral crystal deposits in the renal system",,1.0,10,3328,96,1.0
medical_conditions,Renal Stones,auc,0.538819375,-0.13221301585689527,False,0.0,long_seq,long_seq_main,Age_Gender_BMI_height_VAT,0.6710323908568953,male,categorical,"Binary indicator of kidney stone presence or history, a urological condition involving mineral crystal deposits in the renal system",,1.0,10,3328,96,1.0
medical_conditions,AV. Conduction Disorder,auc,0.4811395703721094,-0.13321618789470924,False,0.0,long_seq,long_seq_main,Age_Gender_BMI_height_VAT,0.6143557582668187,female,categorical,Atrioventricular conduction disorder - abnormal electrical conduction between the atria and ventricles of the heart,,0.9931640625,10,3328,43,1.0
medical_conditions,Atrial Fibrillation,auc,0.6787063761987928,-0.14466825506964376,False,0.0,long_seq,long_seq_main,Age_Gender_BMI_height_VAT,0.8233746312684366,all,categorical,"Binary indicator of atrial fibrillation, a cardiac arrhythmia characterized by irregular heartbeat and associated coagulation/inflammation biomarkers",,1.0,10,3328,69,1.0
medical_conditions,Sleep Apnea,auc,0.5492455522941848,-0.1661963897300357,False,0.0,long_seq,long_seq_main,Age_Gender_BMI_height_VAT,0.7154419420242205,female,categorical,"Binary diagnosis flag for Sleep Apnea, a sleep-related breathing disorder",,1.0,10,3328,345,1.0
medical_conditions,Retinal detachment,auc,0.600381961762261,-0.17614802599783685,False,0.0,long_seq,long_seq_main,Age_Gender_BMI_height_VAT,0.7765299877600979,male,categorical,"Presence or absence of retinal detachment, an ophthalmologic emergency where the retina separates from the back of the eye",,1.0,10,3328,140,1.0
medical_conditions,Hypercoagulability ,auc,0.2499992169759611,-0.19220462405845606,False,0.0,long_seq,long_seq_main,Age_Gender_BMI_height_VAT,0.4422038410344172,female,categorical,,,1.0,10,3328,40,1.0
medical_conditions,G6PD,auc,0.41394623528948715,-0.20292303076555873,False,0.0,long_seq,long_seq_main,Age_Gender_BMI_height_VAT,0.6168692660550459,female,categorical,"Presence or absence of glucose-6-phosphate dehydrogenase (G6PD) deficiency, an inherited enzyme deficiency affecting red blood cell metabolism",,1.0,10,3328,173,1.0
medical_conditions,Atrial Fibrillation,auc,0.6439397112527651,-0.2056176758046221,False,0.0,long_seq,long_seq_main,Age_Gender_BMI_height_VAT,0.8495573870573871,male,categorical,"Binary indicator of atrial fibrillation, a cardiac arrhythmia characterized by irregular heartbeat and associated coagulation/inflammation biomarkers",,1.0,10,3328,69,1.0
medical_conditions,Hypercoagulability ,auc,0.2757757477086348,-0.30450464675707034,False,0.0,long_seq,long_seq_main,Age_Gender_BMI_height_VAT,0.5802803944657051,all,categorical,,,1.0,10,3328,40,1.0
medical_conditions,Hypercoagulability ,auc,0.2785365551425031,-0.34250967356795914,False,0.0,long_seq,long_seq_main,Age_Gender_BMI_height_VAT,0.6210462287104622,male,categorical,,,0.9990234375,10,3328,40,1.0
medical_conditions,Polycystic Ovary Disease,auc,,,,,long_seq,long_seq_main,Age_Gender_BMI_height_VAT,,male,categorical,"Binary diagnosis flag for Polycystic Ovary Disease (PCOS), a hormonal endocrine disorder",,,10,3328,363,
medical_conditions,Perimenopausal Disorders,auc,,,,,long_seq,long_seq_main,Age_Gender_BMI_height_VAT,,male,categorical,"Presence or absence of disorders related to the perimenopausal period (transition to menopause), including hormonal fluctuations and associated symptoms",,,10,3328,77,
medical_conditions,Breast Cancer,auc,,,,,long_seq,long_seq_main,Age_Gender_BMI_height_VAT,,male,categorical,"Binary indicator of breast cancer diagnosis, a malignant neoplasm assessed using biomarkers for diagnosis and treatment planning",,,10,3328,197,
medical_conditions,Breast fibrocystic change,auc,,,,,long_seq,long_seq_main,Age_Gender_BMI_height_VAT,,male,categorical,Benign breast condition characterized by cysts and fibrosis in breast tissue,,,10,3328,55,
medical_conditions,Erectile Dysfunction,auc,,,,,long_seq,long_seq_main,Age_Gender_BMI_height_VAT,,female,categorical,Inability to achieve or maintain erections sufficient for sexual function,,,10,3328,46,
medical_conditions,Endometriosis and Adenomyosis,auc,,,,,long_seq,long_seq_main,Age_Gender_BMI_height_VAT,,male,categorical,"Presence or absence of endometriosis and/or adenomyosis, gynecologic conditions involving abnormal uterine tissue growth causing pain and infertility",,,10,3328,282,
medical_conditions_grouped,Gastrointestinal_any,auc,0.5103770362038078,-0.0006148287309128975,False,0.0,long_seq,activity_romberg_closed,Age_Gender_BMI_height_VAT,0.5109918649347207,male,,,,0.6875,10,3387,853,1.0
medical_conditions_grouped,Musculoskeletal_any,auc,0.5182024011508519,-0.0044439688283695045,False,0.0,long_seq,activity_romberg_closed,Age_Gender_BMI_height_VAT,0.5226463699792214,male,,,,0.947265625,10,3387,900,1.0
medical_conditions_grouped,Autoimmune_any,auc,0.5706510649896812,-0.011636033951121116,False,0.0,long_seq,activity_romberg_closed,Age_Gender_BMI_height_VAT,0.5822870989408023,male,,,,0.9990234375,10,3387,906,1.0
medical_conditions_grouped,Mental_Health_any,auc,0.5592988173890454,-0.014061659718731745,False,0.0,long_seq,activity_romberg_closed,Age_Gender_BMI_height_VAT,0.5733604771077772,female,,,,1.0,10,3387,677,1.0
medical_conditions_grouped,Musculoskeletal_any,auc,0.5350425769557252,-0.015597233491777107,False,0.0,long_seq,activity_romberg_closed,Age_Gender_BMI_height_VAT,0.5506398104475023,all,,,,1.0,10,3387,900,1.0
medical_conditions_grouped,Gastrointestinal_any,auc,0.5212275538028648,-0.018052809859124275,False,0.0,long_seq,activity_romberg_closed,Age_Gender_BMI_height_VAT,0.5392803636619891,all,,,,1.0,10,3387,853,1.0
medical_conditions_grouped,Metabolic_any,auc,0.651365960355434,-0.01929480723113053,False,0.0,long_seq,activity_romberg_closed,Age_Gender_BMI_height_VAT,0.6706607675865646,male,,,,1.0,10,3387,522,1.0
medical_conditions_grouped,Autoimmune_any,auc,0.548853938942586,-0.02141427091713599,False,0.0,long_seq,activity_romberg_closed,Age_Gender_BMI_height_VAT,0.570268209859722,all,,,,1.0,10,3387,906,1.0
medical_conditions_grouped,Gastrointestinal_any,auc,0.5228579078306681,-0.02191127809779525,False,0.0,long_seq,activity_romberg_closed,Age_Gender_BMI_height_VAT,0.5447691859284634,female,,,,1.0,10,3387,853,1.0
medical_conditions_grouped,Cardiovascular_any,auc,0.7229119465869602,-0.025430638662841565,False,0.0,long_seq,activity_romberg_closed,Age_Gender_BMI_height_VAT,0.7483425852498018,female,,,,1.0,10,3387,1007,1.0
medical_conditions_grouped,Cardiovascular_any,auc,0.7000222392830022,-0.02606972848087441,False,0.0,long_seq,activity_romberg_closed,Age_Gender_BMI_height_VAT,0.7260919677638766,all,,,,1.0,10,3387,1007,1.0
medical_conditions_grouped,Cardiovascular_any,auc,0.6734234188243622,-0.026283418262267877,False,0.0,long_seq,activity_romberg_closed,Age_Gender_BMI_height_VAT,0.6997068370866301,male,,,,1.0,10,3387,1007,1.0
medical_conditions_grouped,Musculoskeletal_any,auc,0.5501800380305053,-0.026548701727850066,False,0.0,long_seq,activity_romberg_closed,Age_Gender_BMI_height_VAT,0.5767287397583554,female,,,,1.0,10,3387,900,1.0
medical_conditions_grouped,Mental_Health_any,auc,0.5567381054903606,-0.026620151390373326,False,0.0,long_seq,activity_romberg_closed,Age_Gender_BMI_height_VAT,0.583358256880734,all,,,,1.0,10,3387,677,1.0
medical_conditions_grouped,Sleep_disorder_any,auc,0.5437437207322265,-0.02676508469955796,False,0.0,long_seq,activity_romberg_closed,Age_Gender_BMI_height_VAT,0.5705088054317845,male,,,,1.0,10,3387,121,1.0
medical_conditions_grouped,Autoimmune_any,auc,0.5281247905033642,-0.02818021891647049,False,0.0,long_seq,activity_romberg_closed,Age_Gender_BMI_height_VAT,0.5563050094198347,female,,,,1.0,10,3387,906,1.0
medical_conditions_grouped,Metabolic_any,auc,0.6887301491778834,-0.03311969570646989,False,0.0,long_seq,activity_romberg_closed,Age_Gender_BMI_height_VAT,0.7218498448843533,all,,,,1.0,10,3387,522,1.0
medical_conditions_grouped,Mental_Health_any,auc,0.5507587124053741,-0.03717686804662501,False,0.0,long_seq,activity_romberg_closed,Age_Gender_BMI_height_VAT,0.5879355804519991,male,,,,1.0,10,3387,677,1.0
medical_conditions_grouped,Metabolic_any,auc,0.7216461304530203,-0.046044217037327195,False,0.0,long_seq,activity_romberg_closed,Age_Gender_BMI_height_VAT,0.7676903474903475,female,,,,1.0,10,3387,522,1.0
medical_conditions_grouped,Sleep_disorder_any,auc,0.5359273860916126,-0.07736923866553702,False,0.0,long_seq,activity_romberg_closed,Age_Gender_BMI_height_VAT,0.6132966247571496,all,,,,1.0,10,3387,121,1.0
medical_conditions_grouped,Sleep_disorder_any,auc,0.44709207161125314,-0.14316402625925134,False,0.0,long_seq,activity_romberg_closed,Age_Gender_BMI_height_VAT,0.5902560978705045,female,,,,1.0,10,3387,121,1.0
medical_conditions_grouped,Gastrointestinal_any,auc,0.5189591836734694,0.007967318738748674,True,0.0,long_seq,activity_self_selected_gait_speed,Age_Gender_BMI_height_VAT,0.5109918649347207,male,,,,0.013671875,10,3257,816,0.05363581730769231
medical_conditions_grouped,Musculoskeletal_any,auc,0.5238003388826742,0.0011539689034527623,True,0.0,long_seq,activity_self_selected_gait_speed,Age_Gender_BMI_height_VAT,0.5226463699792214,male,,,,0.384765625,10,3257,860,1.0
medical_conditions_grouped,Musculoskeletal_any,auc,0.5456198154670082,-0.005019994980494102,False,0.0,long_seq,activity_self_selected_gait_speed,Age_Gender_BMI_height_VAT,0.5506398104475023,all,,,,0.986328125,10,3257,860,1.0
medical_conditions_grouped,Mental_Health_any,auc,0.5681483041459086,-0.0052121729618686,False,0.0,long_seq,activity_self_selected_gait_speed,Age_Gender_BMI_height_VAT,0.5733604771077772,female,,,,0.9755859375,10,3257,639,1.0
medical_conditions_grouped,Gastrointestinal_any,auc,0.5329186447213051,-0.006361718940683936,False,0.0,long_seq,activity_self_selected_gait_speed,Age_Gender_BMI_height_VAT,0.5392803636619891,all,,,,0.9951171875,10,3257,816,1.0
medical_conditions_grouped,Gastrointestinal_any,auc,0.5336740030586336,-0.0110951828698298,False,0.0,long_seq,activity_self_selected_gait_speed,Age_Gender_BMI_height_VAT,0.5447691859284634,female,,,,1.0,10,3257,816,1.0
medical_conditions_grouped,Musculoskeletal_any,auc,0.5650370851307333,-0.011691654627622117,False,0.0,long_seq,activity_self_selected_gait_speed,Age_Gender_BMI_height_VAT,0.5767287397583554,female,,,,1.0,10,3257,860,1.0
medical_conditions_grouped,Mental_Health_any,auc,0.567648911890834,-0.015709344989899954,False,0.0,long_seq,activity_self_selected_gait_speed,Age_Gender_BMI_height_VAT,0.583358256880734,all,,,,1.0,10,3257,639,1.0
medical_conditions_grouped,Mental_Health_any,auc,0.5645487807435053,-0.023386799708493777,False,0.0,long_seq,activity_self_selected_gait_speed,Age_Gender_BMI_height_VAT,0.5879355804519991,male,,,,1.0,10,3257,639,1.0
medical_conditions_grouped,Sleep_disorder_any,auc,0.5411993927125506,-0.02930941271923393,False,0.0,long_seq,activity_self_selected_gait_speed,Age_Gender_BMI_height_VAT,0.5705088054317845,male,,,,0.9990234375,10,3257,104,1.0
medical_conditions_grouped,Autoimmune_any,auc,0.5510818048544822,-0.031205294086320112,False,0.0,long_seq,activity_self_selected_gait_speed,Age_Gender_BMI_height_VAT,0.5822870989408023,male,,,,1.0,10,3257,875,1.0
medical_conditions_grouped,Autoimmune_any,auc,0.5240374243649321,-0.03226758505490268,False,0.0,long_seq,activity_self_selected_gait_speed,Age_Gender_BMI_height_VAT,0.5563050094198347,female,,,,1.0,10,3257,875,1.0
medical_conditions_grouped,Autoimmune_any,auc,0.5374753988245173,-0.032792811035204705,False,0.0,long_seq,activity_self_selected_gait_speed,Age_Gender_BMI_height_VAT,0.570268209859722,all,,,,1.0,10,3257,875,1.0
medical_conditions_grouped,Cardiovascular_any,auc,0.6500079262672811,-0.04969891081934896,False,0.0,long_seq,activity_self_selected_gait_speed,Age_Gender_BMI_height_VAT,0.6997068370866301,male,,,,1.0,10,3257,955,1.0
medical_conditions_grouped,Cardiovascular_any,auc,0.6759434773313441,-0.050148490432532555,False,0.0,long_seq,activity_self_selected_gait_speed,Age_Gender_BMI_height_VAT,0.7260919677638766,all,,,,1.0,10,3257,955,1.0
medical_conditions_grouped,Cardiovascular_any,auc,0.6963132184167516,-0.05202936683305015,False,0.0,long_seq,activity_self_selected_gait_speed,Age_Gender_BMI_height_VAT,0.7483425852498018,female,,,,1.0,10,3257,955,1.0
medical_conditions_grouped,Metabolic_any,auc,0.6132217048278523,-0.057439062758712245,False,0.0,long_seq,activity_self_selected_gait_speed,Age_Gender_BMI_height_VAT,0.6706607675865646,male,,,,1.0,10,3257,486,1.0
medical_conditions_grouped,Metabolic_any,auc,0.6619600714632592,-0.05988977342109414,False,0.0,long_seq,activity_self_selected_gait_speed,Age_Gender_BMI_height_VAT,0.7218498448843533,all,,,,1.0,10,3257,486,1.0
medical_conditions_grouped,Metabolic_any,auc,0.7058507084842305,-0.061839639006117,False,0.0,long_seq,activity_self_selected_gait_speed,Age_Gender_BMI_height_VAT,0.7676903474903475,female,,,,1.0,10,3257,486,1.0
medical_conditions_grouped,Sleep_disorder_any,auc,0.527447607894801,-0.08584901686234858,False,0.0,long_seq,activity_self_selected_gait_speed,Age_Gender_BMI_height_VAT,0.6132966247571496,all,,,,1.0,10,3257,104,1.0
medical_conditions_grouped,Sleep_disorder_any,auc,0.48382715467834875,-0.10642894319215573,False,0.0,long_seq,activity_self_selected_gait_speed,Age_Gender_BMI_height_VAT,0.5902560978705045,female,,,,1.0,10,3257,104,1.0
medical_conditions_grouped,Musculoskeletal_any,auc,0.5441525250460029,0.02150615506678144,True,1.0,long_seq,activity_sit_to_stand,Age_Gender_BMI_height_VAT,0.5226463699792214,male,,,,0.001953125,10,3396,902,0.0099609375
medical_conditions_grouped,Gastrointestinal_any,auc,0.5287049332610146,0.017713068326293935,True,1.0,long_seq,activity_sit_to_stand,Age_Gender_BMI_height_VAT,0.5109918649347207,male,,,,0.0009765625,10,3396,854,0.005242598684210526
medical_conditions_grouped,Musculoskeletal_any,auc,0.5375090016483018,-0.013130808799200477,False,0.0,long_seq,activity_sit_to_stand,Age_Gender_BMI_height_VAT,0.5506398104475023,all,,,,1.0,10,3396,902,1.0
medical_conditions_grouped,Gastrointestinal_any,auc,0.5257775691566691,-0.013502794505319993,False,0.0,long_seq,activity_sit_to_stand,Age_Gender_BMI_height_VAT,0.5392803636619891,all,,,,1.0,10,3396,854,1.0
medical_conditions_grouped,Gastrointestinal_any,auc,0.5186846555266651,-0.026084530401798256,False,0.0,long_seq,activity_sit_to_stand,Age_Gender_BMI_height_VAT,0.5447691859284634,female,,,,1.0,10,3396,854,1.0
medical_conditions_grouped,Autoimmune_any,auc,0.523751673799034,-0.03255333562080076,False,0.0,long_seq,activity_sit_to_stand,Age_Gender_BMI_height_VAT,0.5563050094198347,female,,,,1.0,10,3396,913,1.0
medical_conditions_grouped,Mental_Health_any,auc,0.5496714058882708,-0.038264174563728326,False,0.0,long_seq,activity_sit_to_stand,Age_Gender_BMI_height_VAT,0.5879355804519991,male,,,,1.0,10,3396,679,1.0
medical_conditions_grouped,Cardiovascular_any,auc,0.6609147725348057,-0.03879206455182438,False,0.0,long_seq,activity_sit_to_stand,Age_Gender_BMI_height_VAT,0.6997068370866301,male,,,,1.0,10,3396,1012,1.0
medical_conditions_grouped,Mental_Health_any,auc,0.5400173890135909,-0.043340867867143085,False,0.0,long_seq,activity_sit_to_stand,Age_Gender_BMI_height_VAT,0.583358256880734,all,,,,1.0,10,3396,679,1.0
medical_conditions_grouped,Mental_Health_any,auc,0.5286502131654085,-0.044710263942368655,False,0.0,long_seq,activity_sit_to_stand,Age_Gender_BMI_height_VAT,0.5733604771077772,female,,,,1.0,10,3396,679,1.0
medical_conditions_grouped,Musculoskeletal_any,auc,0.5314501231527093,-0.04527861660564603,False,0.0,long_seq,activity_sit_to_stand,Age_Gender_BMI_height_VAT,0.5767287397583554,female,,,,1.0,10,3396,902,1.0
medical_conditions_grouped,Sleep_disorder_any,auc,0.5248209050350541,-0.04568790039673043,False,0.0,long_seq,activity_sit_to_stand,Age_Gender_BMI_height_VAT,0.5705088054317845,male,,,,1.0,10,3396,121,1.0
medical_conditions_grouped,Autoimmune_any,auc,0.5203903962056993,-0.04987781365402277,False,0.0,long_seq,activity_sit_to_stand,Age_Gender_BMI_height_VAT,0.570268209859722,all,,,,1.0,10,3396,913,1.0
medical_conditions_grouped,Cardiovascular_any,auc,0.6757524222749821,-0.05033954548889452,False,0.0,long_seq,activity_sit_to_stand,Age_Gender_BMI_height_VAT,0.7260919677638766,all,,,,1.0,10,3396,1012,1.0
medical_conditions_grouped,Cardiovascular_any,auc,0.6868598686574967,-0.06148271659230509,False,0.0,long_seq,activity_sit_to_stand,Age_Gender_BMI_height_VAT,0.7483425852498018,female,,,,1.0,10,3396,1012,1.0
medical_conditions_grouped,Autoimmune_any,auc,0.5145901639344262,-0.06769693500637608,False,0.0,long_seq,activity_sit_to_stand,Age_Gender_BMI_height_VAT,0.5822870989408023,male,,,,1.0,10,3396,913,1.0
medical_conditions_grouped,Metabolic_any,auc,0.5982211777761459,-0.07243958981041865,False,0.0,long_seq,activity_sit_to_stand,Age_Gender_BMI_height_VAT,0.6706607675865646,male,,,,1.0,10,3396,524,1.0
medical_conditions_grouped,Metabolic_any,auc,0.646134167215973,-0.07571567766838028,False,0.0,long_seq,activity_sit_to_stand,Age_Gender_BMI_height_VAT,0.7218498448843533,all,,,,1.0,10,3396,524,1.0
medical_conditions_grouped,Metabolic_any,auc,0.6909355439012013,-0.07675480358914621,False,0.0,long_seq,activity_sit_to_stand,Age_Gender_BMI_height_VAT,0.7676903474903475,female,,,,1.0,10,3396,524,1.0
medical_conditions_grouped,Sleep_disorder_any,auc,0.5108836035581351,-0.10241302119901452,False,0.0,long_seq,activity_sit_to_stand,Age_Gender_BMI_height_VAT,0.6132966247571496,all,,,,1.0,10,3396,121,1.0
medical_conditions_grouped,Sleep_disorder_any,auc,0.44932973138284327,-0.14092636648766121,False,0.0,long_seq,activity_sit_to_stand,Age_Gender_BMI_height_VAT,0.5902560978705045,female,,,,1.0,10,3396,121,1.0
medical_conditions_grouped,Gastrointestinal_any,auc,0.5277650912805012,0.01677322634578049,True,1.0,long_seq,activity_stationary_walk,Age_Gender_BMI_height_VAT,0.5109918649347207,male,,,,0.0009765625,10,3395,856,0.00498046875
medical_conditions_grouped,Mental_Health_any,auc,0.5795662389017238,0.006205761793946607,True,0.0,long_seq,activity_stationary_walk,Age_Gender_BMI_height_VAT,0.5733604771077772,female,,,,0.0419921875,10,3395,678,0.1942138671875
medical_conditions_grouped,Autoimmune_any,auc,0.5605992160062953,0.004294206586460514,True,0.0,long_seq,activity_stationary_walk,Age_Gender_BMI_height_VAT,0.5563050094198347,female,,,,0.0419921875,10,3395,913,0.1942138671875
medical_conditions_grouped,Musculoskeletal_any,auc,0.5214644081926524,-0.0011819617865690413,False,0.0,long_seq,activity_stationary_walk,Age_Gender_BMI_height_VAT,0.5226463699792214,male,,,,0.615234375,10,3395,901,1.0
medical_conditions_grouped,Sleep_disorder_any,auc,0.5659659863945579,-0.004542819037226642,False,0.0,long_seq,activity_stationary_walk,Age_Gender_BMI_height_VAT,0.5705088054317845,male,,,,0.8125,10,3395,121,1.0
medical_conditions_grouped,Gastrointestinal_any,auc,0.5272126784774344,-0.0120676851845547,False,0.0,long_seq,activity_stationary_walk,Age_Gender_BMI_height_VAT,0.5392803636619891,all,,,,1.0,10,3395,856,1.0
medical_conditions_grouped,Autoimmune_any,auc,0.5578261180389272,-0.01244209182079481,False,0.0,long_seq,activity_stationary_walk,Age_Gender_BMI_height_VAT,0.570268209859722,all,,,,1.0,10,3395,913,1.0
medical_conditions_grouped,Mental_Health_any,auc,0.5598728317172658,-0.023485425163468188,False,0.0,long_seq,activity_stationary_walk,Age_Gender_BMI_height_VAT,0.583358256880734,all,,,,1.0,10,3395,678,1.0
medical_conditions_grouped,Gastrointestinal_any,auc,0.5207498860957588,-0.024019299832704566,False,0.0,long_seq,activity_stationary_walk,Age_Gender_BMI_height_VAT,0.5447691859284634,female,,,,1.0,10,3395,856,1.0
medical_conditions_grouped,Musculoskeletal_any,auc,0.5259589941497774,-0.024680816297724895,False,0.0,long_seq,activity_stationary_walk,Age_Gender_BMI_height_VAT,0.5506398104475023,all,,,,1.0,10,3395,901,1.0
medical_conditions_grouped,Metabolic_any,auc,0.6448405873070475,-0.025820180279517047,False,0.0,long_seq,activity_stationary_walk,Age_Gender_BMI_height_VAT,0.6706607675865646,male,,,,1.0,10,3395,523,1.0
medical_conditions_grouped,Autoimmune_any,auc,0.5526597350132338,-0.029627363927568484,False,0.0,long_seq,activity_stationary_walk,Age_Gender_BMI_height_VAT,0.5822870989408023,male,,,,1.0,10,3395,913,1.0
medical_conditions_grouped,Cardiovascular_any,auc,0.6679175165364004,-0.03178932055022965,False,0.0,long_seq,activity_stationary_walk,Age_Gender_BMI_height_VAT,0.6997068370866301,male,,,,1.0,10,3395,1011,1.0
medical_conditions_grouped,Metabolic_any,auc,0.6900473750645781,-0.03180246981977519,False,0.0,long_seq,activity_stationary_walk,Age_Gender_BMI_height_VAT,0.7218498448843533,all,,,,1.0,10,3395,523,1.0
medical_conditions_grouped,Cardiovascular_any,auc,0.6920542240057356,-0.03403774375814106,False,0.0,long_seq,activity_stationary_walk,Age_Gender_BMI_height_VAT,0.7260919677638766,all,,,,1.0,10,3395,1011,1.0
medical_conditions_grouped,Metabolic_any,auc,0.7317842874432283,-0.03590606004711916,False,0.0,long_seq,activity_stationary_walk,Age_Gender_BMI_height_VAT,0.7676903474903475,female,,,,1.0,10,3395,523,1.0
medical_conditions_grouped,Cardiovascular_any,auc,0.7115766001241546,-0.036765985125647216,False,0.0,long_seq,activity_stationary_walk,Age_Gender_BMI_height_VAT,0.7483425852498018,female,,,,1.0,10,3395,1011,1.0
medical_conditions_grouped,Sleep_disorder_any,auc,0.5740881071502495,-0.03920851760690014,False,0.0,long_seq,activity_stationary_walk,Age_Gender_BMI_height_VAT,0.6132966247571496,all,,,,1.0,10,3395,121,1.0
medical_conditions_grouped,Musculoskeletal_any,auc,0.5297201607889989,-0.04700857896935651,False,0.0,long_seq,activity_stationary_walk,Age_Gender_BMI_height_VAT,0.5767287397583554,female,,,,1.0,10,3395,901,1.0
medical_conditions_grouped,Sleep_disorder_any,auc,0.5402059228299099,-0.05005017504059461,False,0.0,long_seq,activity_stationary_walk,Age_Gender_BMI_height_VAT,0.5902560978705045,female,,,,1.0,10,3395,121,1.0
medical_conditions_grouped,Mental_Health_any,auc,0.5334235794723997,-0.054512000979599406,False,0.0,long_seq,activity_stationary_walk,Age_Gender_BMI_height_VAT,0.5879355804519991,male,,,,1.0,10,3395,678,1.0
medical_conditions_grouped,Musculoskeletal_any,auc,0.5318725358338466,0.009226165854625212,True,1.0,long_seq,activity_tm_3kmh,Age_Gender_BMI_height_VAT,0.5226463699792214,male,,,,0.009765625,10,3189,844,0.04330842391304348
medical_conditions_grouped,Gastrointestinal_any,auc,0.5186592632219742,0.007667398287253491,True,0.0,long_seq,activity_tm_3kmh,Age_Gender_BMI_height_VAT,0.5109918649347207,male,,,,0.0419921875,10,3189,800,0.171328125
medical_conditions_grouped,Musculoskeletal_any,auc,0.547760234036318,-0.0028795764111843036,False,0.0,long_seq,activity_tm_3kmh,Age_Gender_BMI_height_VAT,0.5506398104475023,all,,,,0.8623046875,10,3189,844,1.0
medical_conditions_grouped,Mental_Health_any,auc,0.5686427767416063,-0.004717700366170807,False,0.0,long_seq,activity_tm_3kmh,Age_Gender_BMI_height_VAT,0.5733604771077772,female,,,,0.9677734375,10,3189,622,1.0
medical_conditions_grouped,Musculoskeletal_any,auc,0.5622666614640237,-0.01446207829433166,False,0.0,long_seq,activity_tm_3kmh,Age_Gender_BMI_height_VAT,0.5767287397583554,female,,,,1.0,10,3189,844,1.0
medical_conditions_grouped,Gastrointestinal_any,auc,0.5180100460443701,-0.021270317617618995,False,0.0,long_seq,activity_tm_3kmh,Age_Gender_BMI_height_VAT,0.5392803636619891,all,,,,1.0,10,3189,800,1.0
medical_conditions_grouped,Mental_Health_any,auc,0.5610018701375484,-0.02235638674318552,False,0.0,long_seq,activity_tm_3kmh,Age_Gender_BMI_height_VAT,0.583358256880734,all,,,,1.0,10,3189,622,1.0
medical_conditions_grouped,Autoimmune_any,auc,0.5230505874429394,-0.03325442197689532,False,0.0,long_seq,activity_tm_3kmh,Age_Gender_BMI_height_VAT,0.5563050094198347,female,,,,1.0,10,3189,865,1.0
medical_conditions_grouped,Sleep_disorder_any,auc,0.5364375704189286,-0.034071235012855916,False,0.0,long_seq,activity_tm_3kmh,Age_Gender_BMI_height_VAT,0.5705088054317845,male,,,,0.9970703125,10,3189,105,1.0
medical_conditions_grouped,Gastrointestinal_any,auc,0.5086805255548451,-0.03608866037361824,False,0.0,long_seq,activity_tm_3kmh,Age_Gender_BMI_height_VAT,0.5447691859284634,female,,,,1.0,10,3189,800,1.0
medical_conditions_grouped,Mental_Health_any,auc,0.550016966680671,-0.0379186137713281,False,0.0,long_seq,activity_tm_3kmh,Age_Gender_BMI_height_VAT,0.5879355804519991,male,,,,1.0,10,3189,622,1.0
medical_conditions_grouped,Autoimmune_any,auc,0.5286800712345665,-0.041588138625155535,False,0.0,long_seq,activity_tm_3kmh,Age_Gender_BMI_height_VAT,0.570268209859722,all,,,,1.0,10,3189,865,1.0
medical_conditions_grouped,Cardiovascular_any,auc,0.6526336541763039,-0.04707318291032614,False,0.0,long_seq,activity_tm_3kmh,Age_Gender_BMI_height_VAT,0.6997068370866301,male,,,,1.0,10,3189,924,1.0
medical_conditions_grouped,Cardiovascular_any,auc,0.6778966103800541,-0.048195357383822524,False,0.0,long_seq,activity_tm_3kmh,Age_Gender_BMI_height_VAT,0.7260919677638766,all,,,,1.0,10,3189,924,1.0
medical_conditions_grouped,Metabolic_any,auc,0.6222491728932009,-0.048411594693363647,False,0.0,long_seq,activity_tm_3kmh,Age_Gender_BMI_height_VAT,0.6706607675865646,male,,,,1.0,10,3189,470,1.0
medical_conditions_grouped,Cardiovascular_any,auc,0.6989694864991416,-0.049373098750660205,False,0.0,long_seq,activity_tm_3kmh,Age_Gender_BMI_height_VAT,0.7483425852498018,female,,,,1.0,10,3189,924,1.0
medical_conditions_grouped,Autoimmune_any,auc,0.5294736618431398,-0.05281343709766251,False,0.0,long_seq,activity_tm_3kmh,Age_Gender_BMI_height_VAT,0.5822870989408023,male,,,,1.0,10,3189,865,1.0
medical_conditions_grouped,Sleep_disorder_any,auc,0.5332127054361567,-0.05704339243434775,False,0.0,long_seq,activity_tm_3kmh,Age_Gender_BMI_height_VAT,0.5902560978705045,female,,,,1.0,10,3189,105,1.0
medical_conditions_grouped,Metabolic_any,auc,0.6645664473014954,-0.05728339758285794,False,0.0,long_seq,activity_tm_3kmh,Age_Gender_BMI_height_VAT,0.7218498448843533,all,,,,1.0,10,3189,470,1.0
medical_conditions_grouped,Metabolic_any,auc,0.7038732662220757,-0.06381708126827179,False,0.0,long_seq,activity_tm_3kmh,Age_Gender_BMI_height_VAT,0.7676903474903475,female,,,,1.0,10,3189,470,1.0
medical_conditions_grouped,Sleep_disorder_any,auc,0.5474949045766166,-0.06580172018053299,False,0.0,long_seq,activity_tm_3kmh,Age_Gender_BMI_height_VAT,0.6132966247571496,all,,,,1.0,10,3189,105,1.0
medical_conditions_grouped,Musculoskeletal_any,auc,0.54773370222676,0.025087332247538563,True,1.0,long_seq,ensemble,Age_Gender_BMI_height_VAT,0.5226463699792214,male,,,,0.0009765625,10,3405,904,0.005533854166666666
medical_conditions_grouped,Gastrointestinal_any,auc,0.5323151385114985,0.021323273576777768,True,1.0,long_seq,ensemble,Age_Gender_BMI_height_VAT,0.5109918649347207,male,,,,0.0009765625,10,3405,858,0.005533854166666666
medical_conditions_grouped,Musculoskeletal_any,auc,0.5598885224671194,0.009248712019617078,True,1.0,long_seq,ensemble,Age_Gender_BMI_height_VAT,0.5506398104475023,all,,,,0.001953125,10,3405,904,0.01286764705882353
medical_conditions_grouped,Sleep_disorder_any,auc,0.5767731805643963,0.006264375132611799,True,0.0,long_seq,ensemble,Age_Gender_BMI_height_VAT,0.5705088054317845,male,,,,0.1611328125,10,3405,121,0.45654296874999994
medical_conditions_grouped,Mental_Health_any,auc,0.5762586344443796,0.0028981573366024804,True,0.0,long_seq,ensemble,Age_Gender_BMI_height_VAT,0.5733604771077772,female,,,,0.1611328125,10,3405,680,0.5419921875
medical_conditions_grouped,Gastrointestinal_any,auc,0.5391667421702758,-0.00011362149171323388,False,0.0,long_seq,ensemble,Age_Gender_BMI_height_VAT,0.5392803636619891,all,,,,0.5771484375,10,3405,858,1.0
medical_conditions_grouped,Musculoskeletal_any,auc,0.5708123514649914,-0.005916388293363939,False,0.0,long_seq,ensemble,Age_Gender_BMI_height_VAT,0.5767287397583554,female,,,,0.998046875,10,3405,904,1.0
medical_conditions_grouped,Autoimmune_any,auc,0.5489338679290856,-0.0073711414907491335,False,0.0,long_seq,ensemble,Age_Gender_BMI_height_VAT,0.5563050094198347,female,,,,0.9814453125,10,3405,913,1.0
medical_conditions_grouped,Mental_Health_any,auc,0.5734985968699406,-0.009859660010793303,False,0.0,long_seq,ensemble,Age_Gender_BMI_height_VAT,0.583358256880734,all,,,,1.0,10,3405,680,1.0
medical_conditions_grouped,Gastrointestinal_any,auc,0.5341988315201374,-0.010570354408325988,False,0.0,long_seq,ensemble,Age_Gender_BMI_height_VAT,0.5447691859284634,female,,,,1.0,10,3405,858,1.0
medical_conditions_grouped,Metabolic_any,auc,0.657157794960795,-0.013502972625769605,False,0.0,long_seq,ensemble,Age_Gender_BMI_height_VAT,0.6706607675865646,male,,,,1.0,10,3405,526,1.0
medical_conditions_grouped,Cardiovascular_any,auc,0.733250902264157,-0.015091682985644783,False,0.0,long_seq,ensemble,Age_Gender_BMI_height_VAT,0.7483425852498018,female,,,,1.0,10,3405,1015,1.0
medical_conditions_grouped,Autoimmune_any,auc,0.5547576560436991,-0.015510553816022954,False,0.0,long_seq,ensemble,Age_Gender_BMI_height_VAT,0.570268209859722,all,,,,0.9990234375,10,3405,913,1.0
medical_conditions_grouped,Cardiovascular_any,auc,0.7094011995795289,-0.016690768184347782,False,0.0,long_seq,ensemble,Age_Gender_BMI_height_VAT,0.7260919677638766,all,,,,1.0,10,3405,1015,1.0
medical_conditions_grouped,Metabolic_any,auc,0.7043355780748756,-0.017514266809477763,False,0.0,long_seq,ensemble,Age_Gender_BMI_height_VAT,0.7218498448843533,all,,,,1.0,10,3405,526,1.0
medical_conditions_grouped,Cardiovascular_any,auc,0.6815731723811456,-0.018133664705484498,False,0.0,long_seq,ensemble,Age_Gender_BMI_height_VAT,0.6997068370866301,male,,,,1.0,10,3405,1015,1.0
medical_conditions_grouped,Metabolic_any,auc,0.7462308880308879,-0.021459459459459596,False,0.0,long_seq,ensemble,Age_Gender_BMI_height_VAT,0.7676903474903475,female,,,,1.0,10,3405,526,1.0
medical_conditions_grouped,Mental_Health_any,auc,0.565826009271779,-0.022109571180220167,False,0.0,long_seq,ensemble,Age_Gender_BMI_height_VAT,0.5879355804519991,male,,,,1.0,10,3405,680,1.0
medical_conditions_grouped,Autoimmune_any,auc,0.5582850183738381,-0.02400208056696418,False,0.0,long_seq,ensemble,Age_Gender_BMI_height_VAT,0.5822870989408023,male,,,,1.0,10,3405,913,1.0
medical_conditions_grouped,Sleep_disorder_any,auc,0.5627168037366242,-0.050579821020525384,False,0.0,long_seq,ensemble,Age_Gender_BMI_height_VAT,0.6132966247571496,all,,,,1.0,10,3405,121,1.0
medical_conditions_grouped,Sleep_disorder_any,auc,0.4910936825807761,-0.09916241528972836,False,0.0,long_seq,ensemble,Age_Gender_BMI_height_VAT,0.5902560978705045,female,,,,1.0,10,3405,121,1.0
medical_conditions_grouped,Gastrointestinal_any,auc,0.5215205463591726,0.010528681424451847,True,1.0,long_seq,long_seq_main,Age_Gender_BMI_height_VAT,0.5109918649347207,male,,,,0.001953125,10,3328,4179,0.009055397727272726
medical_conditions_grouped,Musculoskeletal_any,auc,0.5285236474509192,0.0058772774716977505,True,1.0,long_seq,long_seq_main,Age_Gender_BMI_height_VAT,0.5226463699792214,male,,,,0.009765625,10,3328,4407,0.03831129807692308
medical_conditions_grouped,Musculoskeletal_any,auc,0.5383832959830717,-0.012256514464430657,False,0.0,long_seq,long_seq_main,Age_Gender_BMI_height_VAT,0.5506398104475023,all,,,,1.0,10,3328,4407,1.0
medical_conditions_grouped,Mental_Health_any,auc,0.559575668944199,-0.013784808163578188,False,0.0,long_seq,long_seq_main,Age_Gender_BMI_height_VAT,0.5733604771077772,female,,,,1.0,10,3328,3295,1.0
medical_conditions_grouped,Gastrointestinal_any,auc,0.5252170935220979,-0.01406327013989117,False,0.0,long_seq,long_seq_main,Age_Gender_BMI_height_VAT,0.5392803636619891,all,,,,1.0,10,3328,4179,1.0
medical_conditions_grouped,Gastrointestinal_any,auc,0.5209488071587116,-0.023820378769751738,False,0.0,long_seq,long_seq_main,Age_Gender_BMI_height_VAT,0.5447691859284634,female,,,,1.0,10,3328,4179,1.0
medical_conditions_grouped,Autoimmune_any,auc,0.5318208111742814,-0.024484198245553368,False,0.0,long_seq,long_seq_main,Age_Gender_BMI_height_VAT,0.5563050094198347,female,,,,1.0,10,3328,4472,1.0
medical_conditions_grouped,Mental_Health_any,auc,0.5562827843176499,-0.02707547256308407,False,0.0,long_seq,long_seq_main,Age_Gender_BMI_height_VAT,0.583358256880734,all,,,,1.0,10,3328,3295,1.0
medical_conditions_grouped,Sleep_disorder_any,auc,0.5421859154929577,-0.028322889938826812,False,0.0,long_seq,long_seq_main,Age_Gender_BMI_height_VAT,0.5705088054317845,male,,,,1.0,10,3328,572,1.0
medical_conditions_grouped,Musculoskeletal_any,auc,0.5472315872705757,-0.02949715248777962,False,0.0,long_seq,long_seq_main,Age_Gender_BMI_height_VAT,0.5767287397583554,female,,,,1.0,10,3328,4407,1.0
medical_conditions_grouped,Autoimmune_any,auc,0.5377818355687823,-0.0324863742909397,False,0.0,long_seq,long_seq_main,Age_Gender_BMI_height_VAT,0.570268209859722,all,,,,1.0,10,3328,4472,1.0
medical_conditions_grouped,Mental_Health_any,auc,0.5494954795608761,-0.03844010089112304,False,0.0,long_seq,long_seq_main,Age_Gender_BMI_height_VAT,0.5879355804519991,male,,,,1.0,10,3328,3295,1.0
medical_conditions_grouped,Cardiovascular_any,auc,0.6610156444914539,-0.03869119259517617,False,0.0,long_seq,long_seq_main,Age_Gender_BMI_height_VAT,0.6997068370866301,male,,,,1.0,10,3328,4909,1.0
medical_conditions_grouped,Autoimmune_any,auc,0.5422449654207503,-0.04004213352005204,False,0.0,long_seq,long_seq_main,Age_Gender_BMI_height_VAT,0.5822870989408023,male,,,,1.0,10,3328,4472,1.0
medical_conditions_grouped,Cardiovascular_any,auc,0.6841035727752566,-0.04198839498862006,False,0.0,long_seq,long_seq_main,Age_Gender_BMI_height_VAT,0.7260919677638766,all,,,,1.0,10,3328,4909,1.0
medical_conditions_grouped,Cardiovascular_any,auc,0.70279760384464,-0.04554498140516183,False,0.0,long_seq,long_seq_main,Age_Gender_BMI_height_VAT,0.7483425852498018,female,,,,1.0,10,3328,4909,1.0
medical_conditions_grouped,Metabolic_any,auc,0.6250151090768671,-0.045645658509697484,False,0.0,long_seq,long_seq_main,Age_Gender_BMI_height_VAT,0.6706607675865646,male,,,,1.0,10,3328,2525,1.0
medical_conditions_grouped,Metabolic_any,auc,0.6692151104038697,-0.052634734480483614,False,0.0,long_seq,long_seq_main,Age_Gender_BMI_height_VAT,0.7218498448843533,all,,,,1.0,10,3328,2525,1.0
medical_conditions_grouped,Metabolic_any,auc,0.7096572821582743,-0.0580330653320732,False,0.0,long_seq,long_seq_main,Age_Gender_BMI_height_VAT,0.7676903474903475,female,,,,1.0,10,3328,2525,1.0
medical_conditions_grouped,Sleep_disorder_any,auc,0.538004904079225,-0.07529172067792467,False,0.0,long_seq,long_seq_main,Age_Gender_BMI_height_VAT,0.6132966247571496,all,,,,1.0,10,3328,572,1.0
medical_conditions_grouped,Sleep_disorder_any,auc,0.4900577710949722,-0.10019832677553225,False,0.0,long_seq,long_seq_main,Age_Gender_BMI_height_VAT,0.5902560978705045,female,,,,1.0,10,3328,572,1.0
medications,HORMONALCONTRACEPTIVESFORSYSTEMICUSE,auc,0.3702257474069554,0.3204386427840844,True,1.0,long_seq,activity_romberg_closed,Age_Gender_BMI_height_VAT,0.04978710462287102,male,categorical,"Medication use indicator for systemic hormonal contraceptives including oral contraceptive pills, patches, and injections",,0.0009765625,10,3387,34,0.0062255859375
medications,OTHERGYNECOLOGICALSinATC,auc,0.621268063583815,0.1785830377662591,True,1.0,long_seq,activity_romberg_closed,Age_Gender_BMI_height_VAT,0.4426850258175559,female,categorical,"Medication use indicator for gynecological drugs classified by ATC code, used in treatment of gynecological conditions",,0.0009765625,10,3387,16,0.009854403409090908
medications,UROLOGICALS,auc,0.47268199233716474,0.158615629910848,True,1.0,long_seq,activity_romberg_closed,Age_Gender_BMI_height_VAT,0.31406636242631675,female,categorical,Medication use indicator for urological agents used to treat urinary tract and genitourinary disorders,,0.0009765625,10,3387,17,0.009854403409090908
medications,HYPNOTICSANDSEDATIVES,auc,0.5243640855747095,0.1416530466136705,True,1.0,long_seq,activity_romberg_closed,Age_Gender_BMI_height_VAT,0.382711038961039,male,categorical,"Medication use indicator for sleeping aids and sedative medications (benzodiazepines, non-benzodiazepine hypnotics, barbiturates) used for insomnia and sedation",,0.0009765625,10,3387,45,0.0062255859375
medications,DRUGSUSEDINBENIGNPROSTATICHYPERTROPHY,auc,0.4467566016073479,0.10051728536803162,True,1.0,long_seq,activity_romberg_closed,Age_Gender_BMI_height_VAT,0.3462393162393163,female,categorical,Medication use indicator for alpha-blockers and 5-alpha reductase inhibitors used to treat benign prostatic hyperplasia symptoms,,0.0068359375,10,3387,43,0.0361328125
medications,OTHERPLAINVITAMINPREPARATIONSinATC,auc,0.47068334350213537,0.08546436539994567,True,0.0,long_seq,activity_romberg_closed,Age_Gender_BMI_height_VAT,0.3852189781021897,male,categorical,"Supplement use indicator for vitamin preparations classified by ATC code, representing nutritional supplementation",,0.080078125,10,3387,11,0.3141526442307693
medications,ADRENERGICSINHALANTS,auc,0.49202891702891705,0.08103923310598143,True,1.0,long_seq,activity_romberg_closed,Age_Gender_BMI_height_VAT,0.4109896839229356,male,categorical,Medication use indicator for adrenergic inhalant medications (used for bronchospasm and respiratory conditions),,0.0009765625,10,3387,30,0.0062255859375
medications,ADRENERGICSINHALANTS,auc,0.6228693906712481,0.0753711457290055,True,1.0,long_seq,activity_romberg_closed,Age_Gender_BMI_height_VAT,0.5474982449422426,female,categorical,Medication use indicator for adrenergic inhalant medications (used for bronchospasm and respiratory conditions),,0.001953125,10,3387,30,0.011410361842105263
medications,OTHERGYNECOLOGICALSinATC,auc,0.7879690744586176,0.07460414380060643,True,1.0,long_seq,activity_romberg_closed,Age_Gender_BMI_height_VAT,0.7133649306580112,all,categorical,"Medication use indicator for gynecological drugs classified by ATC code, used in treatment of gynecological conditions",,0.0009765625,10,3387,16,0.015625
medications,ADRENERGICSINHALANTS,auc,0.5663191341475524,0.07403946227344876,True,1.0,long_seq,activity_romberg_closed,Age_Gender_BMI_height_VAT,0.49227967187410365,all,categorical,Medication use indicator for adrenergic inhalant medications (used for bronchospasm and respiratory conditions),,0.001953125,10,3387,30,0.021875
medications,OTHERPLAINVITAMINPREPARATIONSinATC,auc,0.7042282351436064,0.0665012510166223,True,1.0,long_seq,activity_romberg_closed,Age_Gender_BMI_height_VAT,0.6377269841269841,female,categorical,"Supplement use indicator for vitamin preparations classified by ATC code, representing nutritional supplementation",,0.001953125,10,3387,11,0.011410361842105263
medications,ANTIEPILEPTICS,auc,0.4093477668845316,0.06499155973052362,True,1.0,long_seq,activity_romberg_closed,Age_Gender_BMI_height_VAT,0.344356207154008,male,categorical,Medication use indicator for antiepileptic/anticonvulsant medications (used to treat seizures and neuropathic pain),,0.0009765625,10,3387,19,0.0062255859375
medications,ANTIDEPRESSANTS,auc,0.5559497176113519,0.050685667167734816,True,1.0,long_seq,activity_romberg_closed,Age_Gender_BMI_height_VAT,0.5052640504436171,male,categorical,Medication use indicator for antidepressant medications (used to treat depression and related psychiatric conditions),,0.0009765625,10,3387,229,0.0062255859375
medications,ANTIHISTAMINESFORSYSTEMICUSE,auc,0.6308873558873559,0.04803546513105328,True,1.0,long_seq,activity_romberg_closed,Age_Gender_BMI_height_VAT,0.5828518907563026,male,categorical,Medication use indicator for systemic antihistamine medications (used to treat allergies and related conditions),,0.0029296875,10,3387,32,0.014229910714285716
medications,ANTIMIGRAINEPREPARATIONS,auc,0.5511377639037213,0.04772126031598489,True,1.0,long_seq,activity_romberg_closed,Age_Gender_BMI_height_VAT,0.5034165035877364,female,categorical,Medication use indicator for antimigraine medications (used to treat and prevent migraine headaches),,0.009765625,10,3387,9,0.049272017045454544
medications,DRUGSFORPEPTICULCERANDGASTROOESOPHAGEALREFLUXDISEASEGORD,auc,0.6682679738562092,0.04198171912733151,True,1.0,long_seq,activity_romberg_closed,Age_Gender_BMI_height_VAT,0.6262862547288777,male,categorical,Medication use indicator for antiulcer and GORD medications including proton pump inhibitors and H2 antagonists,,0.0009765625,10,3387,107,0.0062255859375
medications,ANTIHISTAMINESFORSYSTEMICUSE,auc,0.6098258196721311,0.039211311602107,True,1.0,long_seq,activity_romberg_closed,Age_Gender_BMI_height_VAT,0.5706145080700241,all,categorical,Medication use indicator for systemic antihistamine medications (used to treat allergies and related conditions),,0.001953125,10,3387,32,0.021875
medications,ANTIHISTAMINESFORSYSTEMICUSE,auc,0.5828269283515679,0.03417296585912999,True,1.0,long_seq,activity_romberg_closed,Age_Gender_BMI_height_VAT,0.5486539624924379,female,categorical,Medication use indicator for systemic antihistamine medications (used to treat allergies and related conditions),,0.001953125,10,3387,32,0.011410361842105263
medications,ANTIGOUTPREPARATIONS,auc,0.7604071100917432,0.030384344013200226,True,0.0,long_seq,activity_romberg_closed,Age_Gender_BMI_height_VAT,0.730022766078543,female,categorical,Medication use indicator for gout treatment medications (used to treat gout and hyperuricemia),,0.1611328125,10,3387,20,0.6387765066964286
medications,HYPNOTICSANDSEDATIVES,auc,0.49449697453288105,0.027540294638701168,True,0.0,long_seq,activity_romberg_closed,Age_Gender_BMI_height_VAT,0.4669566798941799,all,categorical,"Medication use indicator for sleeping aids and sedative medications (benzodiazepines, non-benzodiazepine hypnotics, barbiturates) used for insomnia and sedation",,0.0244140625,10,3387,45,0.1953125
medications,IRONANTIANEMICPREPARATIONS,auc,0.5710485490601662,0.024752469481465145,True,0.0,long_seq,activity_romberg_closed,Age_Gender_BMI_height_VAT,0.5462960795787011,female,categorical,Supplement/medication use indicator for iron supplements and anti-anemia medications used to treat iron deficiency anemia,,0.013671875,10,3387,70,0.06598165760869565
medications,OTHERPLAINVITAMINPREPARATIONSinATC,auc,0.7004119991383024,0.015915293722327695,True,0.0,long_seq,activity_romberg_closed,Age_Gender_BMI_height_VAT,0.6844967054159747,all,categorical,"Supplement use indicator for vitamin preparations classified by ATC code, representing nutritional supplementation",,0.1376953125,10,3387,11,0.77109375
medications,THYROIDPREPARATIONS,auc,0.5630569071292575,0.002648051429446463,True,0.0,long_seq,activity_romberg_closed,Age_Gender_BMI_height_VAT,0.560408855699811,female,categorical,"Medication use indicator for thyroid hormone preparations (e.g., levothyroxine) used to treat hypothyroidism",,0.3125,10,3387,148,1.0
medications,PROGESTOGENSEXHORMONESANDMODULATORSOFTHEGENITALSYSTEM,auc,0.4358632676709154,0.0021312823566516648,True,0.0,long_seq,activity_romberg_closed,Age_Gender_BMI_height_VAT,0.4337319853142637,female,categorical,"Medication use indicator for progestogens and sex hormone modulators of the genital system, used in hormone therapy",,0.4228515625,10,3387,20,1.0
medications,UROLOGICALS,auc,0.5468772909757375,0.0018177382290188726,True,0.0,long_seq,activity_romberg_closed,Age_Gender_BMI_height_VAT,0.5450595527467186,all,categorical,Medication use indicator for urological agents used to treat urinary tract and genitourinary disorders,,0.4228515625,10,3387,17,1.0
medications,ASCORBICACIDVITAMINCINCLCOMBINATIONS,auc,0.5714694894146949,0.0013373620758635463,True,0.0,long_seq,activity_romberg_closed,Age_Gender_BMI_height_VAT,0.5701321273388313,male,categorical,Medication/supplement use indicator for Vitamin C and combination vitamin preparations used for immune support and antioxidant purposes,,0.5390625,10,3387,73,1.0
medications,IRONANTIANEMICPREPARATIONS,auc,0.5218930041152262,-0.00859344277122076,False,0.0,long_seq,activity_romberg_closed,Age_Gender_BMI_height_VAT,0.530486446886447,male,categorical,Supplement/medication use indicator for iron supplements and anti-anemia medications used to treat iron deficiency anemia,,0.75390625,10,3387,70,1.0
medications,THYROIDPREPARATIONS,auc,0.4890188004972032,-0.01021253469486616,False,0.0,long_seq,activity_romberg_closed,Age_Gender_BMI_height_VAT,0.49923133519206936,male,categorical,"Medication use indicator for thyroid hormone preparations (e.g., levothyroxine) used to treat hypothyroidism",,0.75390625,10,3387,148,1.0
medications,HORMONALCONTRACEPTIVESFORSYSTEMICUSE,auc,0.8465158505991124,-0.010774707273398909,False,0.0,long_seq,activity_romberg_closed,Age_Gender_BMI_height_VAT,0.8572905578725113,all,categorical,"Medication use indicator for systemic hormonal contraceptives including oral contraceptive pills, patches, and injections",,0.9755859375,10,3387,34,1.0
medications,ANTIDEPRESSANTS,auc,0.5633201600703558,-0.013101613294930092,False,0.0,long_seq,activity_romberg_closed,Age_Gender_BMI_height_VAT,0.5764217733652859,all,categorical,Medication use indicator for antidepressant medications (used to treat depression and related psychiatric conditions),,0.998046875,10,3387,229,1.0
medications,ESTROGENSSEXHORMONESANDMODULATORSOFTHEGENITALSYSTEM,auc,0.7773058141841005,-0.013145114197862351,False,0.0,long_seq,activity_romberg_closed,Age_Gender_BMI_height_VAT,0.7904509283819628,all,categorical,Medication use indicator for estrogen and hormone modulators used in hormone replacement therapy and reproductive health management,,0.9990234375,10,3387,114,1.0
medications,DRUGSFORPEPTICULCERANDGASTROOESOPHAGEALREFLUXDISEASEGORD,auc,0.6620688967403693,-0.014177466395590366,False,0.0,long_seq,activity_romberg_closed,Age_Gender_BMI_height_VAT,0.6762463631359596,all,categorical,Medication use indicator for antiulcer and GORD medications including proton pump inhibitors and H2 antagonists,,1.0,10,3387,107,1.0
medications,ANTIDEPRESSANTS,auc,0.52725172620643,-0.01481246919877921,False,0.0,long_seq,activity_romberg_closed,Age_Gender_BMI_height_VAT,0.5420641954052092,female,categorical,Medication use indicator for antidepressant medications (used to treat depression and related psychiatric conditions),,0.9755859375,10,3387,229,1.0
medications,DECONGESTANTSANDOTHERNASALPREPARATIONSFORTOPICALUSE,auc,0.36620264064293917,-0.01785718841688988,False,0.0,long_seq,activity_romberg_closed,Age_Gender_BMI_height_VAT,0.38405982905982905,female,categorical,Medication use indicator for nasal decongestants and topical nasal preparations used for congestion and rhinitis symptoms,,0.9033203125,10,3387,13,1.0
medications,VITAMINKANDOTHERHEMOSTATICS,auc,0.627155119558553,-0.019038931039167428,False,0.0,long_seq,activity_romberg_closed,Age_Gender_BMI_height_VAT,0.6461940505977204,male,categorical,Medication use indicator for Vitamin K and other hemostatic agents used for blood coagulation management,,0.8837890625,10,3387,23,1.0
medications,VITAMINAANDDINCLCOMBINATIONSOFTHETWO,auc,0.6195673622416258,-0.020833428592806014,False,0.0,long_seq,activity_romberg_closed,Age_Gender_BMI_height_VAT,0.6404007908344318,female,categorical,Medication use indicator for Vitamin A and Vitamin D combination supplements or co-administered formulations,,1.0,10,3387,516,1.0
medications,HORMONALCONTRACEPTIVESFORSYSTEMICUSE,auc,0.8121098308051342,-0.021096234626249655,False,0.0,long_seq,activity_romberg_closed,Age_Gender_BMI_height_VAT,0.8332060654313839,female,categorical,"Medication use indicator for systemic hormonal contraceptives including oral contraceptive pills, patches, and injections",,0.990234375,10,3387,34,1.0
medications,PSYCHOSTIMULANTSAGENTSUSEDFORADHDANDNOOTROPICS,auc,0.660920792079208,-0.02164552500900918,False,0.0,long_seq,activity_romberg_closed,Age_Gender_BMI_height_VAT,0.6825663170882171,male,categorical,Medication use indicator for psychostimulants and nootropic agents used to treat ADHD and cognitive disorders,,0.919921875,10,3387,61,1.0
medications,IRONANTIANEMICPREPARATIONS,auc,0.5863064731469916,-0.025347886121999674,False,0.0,long_seq,activity_romberg_closed,Age_Gender_BMI_height_VAT,0.6116543592689913,all,categorical,Supplement/medication use indicator for iron supplements and anti-anemia medications used to treat iron deficiency anemia,,0.998046875,10,3387,70,1.0
medications,ANTIEPILEPTICS,auc,0.419588386048256,-0.026137046848812462,False,0.0,long_seq,activity_romberg_closed,Age_Gender_BMI_height_VAT,0.44572543289706845,all,categorical,Medication use indicator for antiepileptic/anticonvulsant medications (used to treat seizures and neuropathic pain),,0.919921875,10,3387,19,1.0
medications,ESTROGENSSEXHORMONESANDMODULATORSOFTHEGENITALSYSTEM,auc,0.5540167053663569,-0.026502529842575395,False,0.0,long_seq,activity_romberg_closed,Age_Gender_BMI_height_VAT,0.5805192352089323,female,categorical,Medication use indicator for estrogen and hormone modulators used in hormone replacement therapy and reproductive health management,,0.9990234375,10,3387,114,1.0
medications,VITAMINAANDDINCLCOMBINATIONSOFTHETWO,auc,0.6442773768154682,-0.026913308897212662,False,0.0,long_seq,activity_romberg_closed,Age_Gender_BMI_height_VAT,0.6711906857126808,all,categorical,Medication use indicator for Vitamin A and Vitamin D combination supplements or co-administered formulations,,1.0,10,3387,516,1.0
medications,DRUGSUSEDINBENIGNPROSTATICHYPERTROPHY,auc,0.5181872018950671,-0.027017272120857028,False,0.0,long_seq,activity_romberg_closed,Age_Gender_BMI_height_VAT,0.5452044740159241,male,categorical,Medication use indicator for alpha-blockers and 5-alpha reductase inhibitors used to treat benign prostatic hyperplasia symptoms,,0.9755859375,10,3387,43,1.0
medications,THYROIDPREPARATIONS,auc,0.6354077835167679,-0.02898330711303254,False,0.0,long_seq,activity_romberg_closed,Age_Gender_BMI_height_VAT,0.6643910906298004,all,categorical,"Medication use indicator for thyroid hormone preparations (e.g., levothyroxine) used to treat hypothyroidism",,1.0,10,3387,148,1.0
medications,OTHERMINERALSUPPLEMENTSinATC,auc,0.5865625143171301,-0.0304651639990261,False,0.0,long_seq,activity_romberg_closed,Age_Gender_BMI_height_VAT,0.6170276783161562,male,categorical,"Supplement use indicator for mineral supplements (e.g., calcium, magnesium, iron) classified by ATC code",,1.0,10,3387,376,1.0
medications,UROLOGICALS,auc,0.5688232013385388,-0.032019167301994944,False,0.0,long_seq,activity_romberg_closed,Age_Gender_BMI_height_VAT,0.6008423686405338,male,categorical,Medication use indicator for urological agents used to treat urinary tract and genitourinary disorders,,0.990234375,10,3387,17,1.0
medications,PROGESTOGENSEXHORMONESANDMODULATORSOFTHEGENITALSYSTEM,auc,0.6771294921294921,-0.032039003874110294,False,0.0,long_seq,activity_romberg_closed,Age_Gender_BMI_height_VAT,0.7091684960036024,all,categorical,"Medication use indicator for progestogens and sex hormone modulators of the genital system, used in hormone therapy",,0.9970703125,10,3387,20,1.0
medications,VITAMINAANDDINCLCOMBINATIONSOFTHETWO,auc,0.5882047489735881,-0.033263692936328915,False,0.0,long_seq,activity_romberg_closed,Age_Gender_BMI_height_VAT,0.621468441909917,male,categorical,Medication use indicator for Vitamin A and Vitamin D combination supplements or co-administered formulations,,1.0,10,3387,516,1.0
medications,LIPIDMODIFYINGAGENTSPLAIN,auc,0.6020855123531383,-0.037548388544498934,False,0.0,long_seq,activity_romberg_closed,Age_Gender_BMI_height_VAT,0.6396339008976373,male,categorical,"Medication use indicator for lipid-modifying agents (e.g., statins) used to treat dyslipidemia and reduce cardiovascular risk",,1.0,10,3387,538,1.0
medications,PSYCHOSTIMULANTSAGENTSUSEDFORADHDANDNOOTROPICS,auc,0.639578383920034,-0.03779582190003039,False,0.0,long_seq,activity_romberg_closed,Age_Gender_BMI_height_VAT,0.6773742058200644,all,categorical,Medication use indicator for psychostimulants and nootropic agents used to treat ADHD and cognitive disorders,,1.0,10,3387,61,1.0
medications,ANTIMIGRAINEPREPARATIONS,auc,0.5751299256627853,-0.03783303730017762,False,0.0,long_seq,activity_romberg_closed,Age_Gender_BMI_height_VAT,0.6129629629629629,all,categorical,Medication use indicator for antimigraine medications (used to treat and prevent migraine headaches),,0.990234375,10,3387,9,1.0
medications,ASCORBICACIDVITAMINCINCLCOMBINATIONS,auc,0.5400157902133744,-0.04040137665337229,False,0.0,long_seq,activity_romberg_closed,Age_Gender_BMI_height_VAT,0.5804171668667467,all,categorical,Medication/supplement use indicator for Vitamin C and combination vitamin preparations used for immune support and antioxidant purposes,,1.0,10,3387,73,1.0
medications,CALCIUMSUPPLEMENTS,auc,0.680427931070257,-0.04093217507746516,False,0.0,long_seq,activity_romberg_closed,Age_Gender_BMI_height_VAT,0.7213601061477222,all,categorical,Supplement use indicator for calcium supplements used for bone health and to treat calcium deficiency,,1.0,10,3387,174,1.0
medications,ANTIGLAUCOMAPREPARATIONSANDMIOTICS,auc,0.6732241273729332,-0.04212233172352586,False,0.0,long_seq,activity_romberg_closed,Age_Gender_BMI_height_VAT,0.7153464590964591,male,categorical,Medication use indicator for anti-glaucoma and miotic medications (used to treat glaucoma and reduce intraocular pressure),,1.0,10,3387,9,1.0
medications,CALCIUMSUPPLEMENTS,auc,0.6585500308451573,-0.04270921545389306,False,0.0,long_seq,activity_romberg_closed,Age_Gender_BMI_height_VAT,0.7012592462990503,female,categorical,Supplement use indicator for calcium supplements used for bone health and to treat calcium deficiency,,1.0,10,3387,174,1.0
medications,OTHERMINERALSUPPLEMENTSinATC,auc,0.5750820572793375,-0.04382651338014165,False,0.0,long_seq,activity_romberg_closed,Age_Gender_BMI_height_VAT,0.6189085706594791,all,categorical,"Supplement use indicator for mineral supplements (e.g., calcium, magnesium, iron) classified by ATC code",,1.0,10,3387,376,1.0
medications,CALCIUMSUPPLEMENTS,auc,0.6231155778894472,-0.04647536431085175,False,0.0,long_seq,activity_romberg_closed,Age_Gender_BMI_height_VAT,0.6695909422002989,male,categorical,Supplement use indicator for calcium supplements used for bone health and to treat calcium deficiency,,1.0,10,3387,174,1.0
medications,OTHERMINERALSUPPLEMENTSinATC,auc,0.5373505793277503,-0.04705707235738832,False,0.0,long_seq,activity_romberg_closed,Age_Gender_BMI_height_VAT,0.5844076516851386,female,categorical,"Supplement use indicator for mineral supplements (e.g., calcium, magnesium, iron) classified by ATC code",,1.0,10,3387,376,1.0
medications,ANGIOTENSINIIRECEPTORBLOCKERSARBsPLAIN,auc,0.6916327913279133,-0.047776666572894144,False,0.0,long_seq,activity_romberg_closed,Age_Gender_BMI_height_VAT,0.7394094579008075,female,categorical,,,1.0,10,3387,52,1.0
medications,PSYCHOSTIMULANTSAGENTSUSEDFORADHDANDNOOTROPICS,auc,0.6172595841455489,-0.048257601641514936,False,0.0,long_seq,activity_romberg_closed,Age_Gender_BMI_height_VAT,0.6655171857870639,female,categorical,Medication use indicator for psychostimulants and nootropic agents used to treat ADHD and cognitive disorders,,0.9990234375,10,3387,61,1.0
medications,PROGESTOGENSANDESTROGENSINCOMBINATION,auc,0.7403881804106909,-0.049554528819657606,False,0.0,long_seq,activity_romberg_closed,Age_Gender_BMI_height_VAT,0.7899427092303485,all,categorical,"Medication use indicator for combined progestogen and estrogen preparations, used in hormone replacement therapy and contraception",,1.0,10,3387,59,1.0
medications,BETABLOCKINGAGENTS,auc,0.7540190365190365,-0.05308140689719654,False,0.0,long_seq,activity_romberg_closed,Age_Gender_BMI_height_VAT,0.807100443416233,female,categorical,"Medication use indicator for beta-blockers used to treat hypertension, angina, heart failure, and arrhythmias",,1.0,10,3387,62,1.0
medications,BLOODGLUCOSELOWERINGDRUGSEXCLINSULINS,auc,0.6135011669607787,-0.05386506247915468,False,0.0,long_seq,activity_romberg_closed,Age_Gender_BMI_height_VAT,0.6673662294399334,male,categorical,"Medication use indicator for oral antidiabetic drugs (metformin, sulfonylureas, DPP-4 inhibitors, etc.) used to manage type 2 diabetes, excluding insulin",,1.0,10,3387,102,1.0
medications,LIPIDMODIFYINGAGENTSPLAIN,auc,0.6211458791384441,-0.053890005164367816,False,0.0,long_seq,activity_romberg_closed,Age_Gender_BMI_height_VAT,0.6750358843028119,all,categorical,"Medication use indicator for lipid-modifying agents (e.g., statins) used to treat dyslipidemia and reduce cardiovascular risk",,1.0,10,3387,538,1.0
medications,ANGIOTENSINIIRECEPTORBLOCKERSARBsCOMBINATIONS,auc,0.6496815166591287,-0.05847005485264134,False,0.0,long_seq,activity_romberg_closed,Age_Gender_BMI_height_VAT,0.70815157151177,male,categorical,,,1.0,10,3387,55,1.0
medications,VITAMINBn12nANDFOLICACID,auc,0.5142687164842918,-0.05971833371146096,False,0.0,long_seq,activity_romberg_closed,Age_Gender_BMI_height_VAT,0.5739870501957528,female,categorical,Medication use indicator for Vitamin B12 and Folic Acid combination supplements or co-administered formulations,,1.0,10,3387,282,1.0
medications,LOWCEILINGDIURETICSTHIAZIDES,auc,0.7102469844916713,-0.05977582052543251,False,0.0,long_seq,activity_romberg_closed,Age_Gender_BMI_height_VAT,0.7700228050171039,female,categorical,Medication use indicator for thiazide diuretics used to treat hypertension and edema,,0.9970703125,10,3387,8,1.0
medications,ACEINHIBITORSPLAIN,auc,0.6926908365208714,-0.05981390887815474,False,0.0,long_seq,activity_romberg_closed,Age_Gender_BMI_height_VAT,0.7525047453990261,female,categorical,Medication use indicator for ACE inhibitors in single-agent formulations (used to treat hypertension and heart disease),,1.0,10,3387,60,1.0
medications,HORMONEANTAGONISTSANDRELATEDAGENTS,auc,0.46188006952491306,-0.060768004080607285,False,0.0,long_seq,activity_romberg_closed,Age_Gender_BMI_height_VAT,0.5226480736055203,female,categorical,Medication use indicator for hormone antagonists and blockers used in cancer treatment and other hormone-dependent conditions,,0.998046875,10,3387,20,1.0
medications,BLOODGLUCOSELOWERINGDRUGSEXCLINSULINS,auc,0.605625093264094,-0.06209797433779829,False,0.0,long_seq,activity_romberg_closed,Age_Gender_BMI_height_VAT,0.6677230676018923,all,categorical,"Medication use indicator for oral antidiabetic drugs (metformin, sulfonylureas, DPP-4 inhibitors, etc.) used to manage type 2 diabetes, excluding insulin",,1.0,10,3387,102,1.0
medications,ANTIGLAUCOMAPREPARATIONSANDMIOTICS,auc,0.7182290638773765,-0.062483539185049786,False,0.0,long_seq,activity_romberg_closed,Age_Gender_BMI_height_VAT,0.7807126030624263,all,categorical,Medication use indicator for anti-glaucoma and miotic medications (used to treat glaucoma and reduce intraocular pressure),,1.0,10,3387,9,1.0
medications,DRUGSFORPEPTICULCERANDGASTROOESOPHAGEALREFLUXDISEASEGORD,auc,0.6518815824076741,-0.06427977547270769,False,0.0,long_seq,activity_romberg_closed,Age_Gender_BMI_height_VAT,0.7161613578803818,female,categorical,Medication use indicator for antiulcer and GORD medications including proton pump inhibitors and H2 antagonists,,1.0,10,3387,107,1.0
medications,ANTITHROMBOTICAGENTS,auc,0.7118138515046122,-0.06494463664401051,False,0.0,long_seq,activity_romberg_closed,Age_Gender_BMI_height_VAT,0.7767584881486227,male,categorical,Medication use indicator for antithrombotic agents including anticoagulants and antiplatelet drugs (used to prevent blood clots),,1.0,10,3387,123,1.0
medications,DRUGSUSEDINBENIGNPROSTATICHYPERTROPHY,auc,0.659810698787137,-0.0649897383834287,False,0.0,long_seq,activity_romberg_closed,Age_Gender_BMI_height_VAT,0.7248004371705657,all,categorical,Medication use indicator for alpha-blockers and 5-alpha reductase inhibitors used to treat benign prostatic hyperplasia symptoms,,1.0,10,3387,43,1.0
medications,ACEINHIBITORSPLAIN,auc,0.6646077547339946,-0.06586409379614988,False,0.0,long_seq,activity_romberg_closed,Age_Gender_BMI_height_VAT,0.7304718485301445,all,categorical,Medication use indicator for ACE inhibitors in single-agent formulations (used to treat hypertension and heart disease),,1.0,10,3387,60,1.0
medications,LIPIDMODIFYINGAGENTSPLAIN,auc,0.6338363143631436,-0.06751294553874787,False,0.0,long_seq,activity_romberg_closed,Age_Gender_BMI_height_VAT,0.7013492599018915,female,categorical,"Medication use indicator for lipid-modifying agents (e.g., statins) used to treat dyslipidemia and reduce cardiovascular risk",,1.0,10,3387,538,1.0
medications,BETABLOCKINGAGENTS,auc,0.7189599805966529,-0.06779665097823151,False,0.0,long_seq,activity_romberg_closed,Age_Gender_BMI_height_VAT,0.7867566315748844,all,categorical,"Medication use indicator for beta-blockers used to treat hypertension, angina, heart failure, and arrhythmias",,1.0,10,3387,62,1.0
medications,LIPIDMODIFYINGAGENTSCOMBINATIONS,auc,0.6163304184884447,-0.06975146195987403,False,0.0,long_seq,activity_romberg_closed,Age_Gender_BMI_height_VAT,0.6860818804483187,male,categorical,"Medication use indicator for lipid-lowering drugs including statins, fibrates, and combination lipid therapies used to manage dyslipidemia",,1.0,10,3387,69,1.0
medications,VITAMINBn12nANDFOLICACID,auc,0.5121185230867623,-0.07215146644412618,False,0.0,long_seq,activity_romberg_closed,Age_Gender_BMI_height_VAT,0.5842699895308885,all,categorical,Medication use indicator for Vitamin B12 and Folic Acid combination supplements or co-administered formulations,,1.0,10,3387,282,1.0
medications,BLOODGLUCOSELOWERINGDRUGSEXCLINSULINS,auc,0.5940002451380944,-0.07235269603837624,False,0.0,long_seq,activity_romberg_closed,Age_Gender_BMI_height_VAT,0.6663529411764706,female,categorical,"Medication use indicator for oral antidiabetic drugs (metformin, sulfonylureas, DPP-4 inhibitors, etc.) used to manage type 2 diabetes, excluding insulin",,1.0,10,3387,102,1.0
medications,ACEINHIBITORSPLAIN,auc,0.6338078775637042,-0.07284484858251639,False,0.0,long_seq,activity_romberg_closed,Age_Gender_BMI_height_VAT,0.7066527261462205,male,categorical,Medication use indicator for ACE inhibitors in single-agent formulations (used to treat hypertension and heart disease),,1.0,10,3387,60,1.0
medications,VITAMINKANDOTHERHEMOSTATICS,auc,0.6393604921677092,-0.07314936684836104,False,0.0,long_seq,activity_romberg_closed,Age_Gender_BMI_height_VAT,0.7125098590160702,all,categorical,Medication use indicator for Vitamin K and other hemostatic agents used for blood coagulation management,,1.0,10,3387,23,1.0
medications,ANTITHROMBOTICAGENTS,auc,0.7359661445879164,-0.07533546111552625,False,0.0,long_seq,activity_romberg_closed,Age_Gender_BMI_height_VAT,0.8113016057034427,all,categorical,Medication use indicator for antithrombotic agents including anticoagulants and antiplatelet drugs (used to prevent blood clots),,1.0,10,3387,123,1.0
medications,LIPIDMODIFYINGAGENTSCOMBINATIONS,auc,0.6315285281063603,-0.07779178283643418,False,0.0,long_seq,activity_romberg_closed,Age_Gender_BMI_height_VAT,0.7093203109427945,female,categorical,"Medication use indicator for lipid-lowering drugs including statins, fibrates, and combination lipid therapies used to manage dyslipidemia",,1.0,10,3387,69,1.0
medications,DRUGSAFFECTINGBONESTRUCTUREANDMINERALIZATION,auc,0.6280814277746793,-0.07817934509159818,False,0.0,long_seq,activity_romberg_closed,Age_Gender_BMI_height_VAT,0.7062607728662775,male,categorical,Medication use indicator for drugs affecting bone metabolism including bisphosphonates and other bone-modifying agents used for osteoporosis,,1.0,10,3387,44,1.0
medications,ANGIOTENSINIIRECEPTORBLOCKERSARBsPLAIN,auc,0.6648593011186714,-0.07839676678784446,False,0.0,long_seq,activity_romberg_closed,Age_Gender_BMI_height_VAT,0.7432560679065159,all,categorical,,,1.0,10,3387,52,1.0
medications,LIPIDMODIFYINGAGENTSCOMBINATIONS,auc,0.6252845698910641,-0.07941949294562312,False,0.0,long_seq,activity_romberg_closed,Age_Gender_BMI_height_VAT,0.7047040628366872,all,categorical,"Medication use indicator for lipid-lowering drugs including statins, fibrates, and combination lipid therapies used to manage dyslipidemia",,1.0,10,3387,69,1.0
medications,BETABLOCKINGAGENTS,auc,0.6829552517091362,-0.08195142425121071,False,0.0,long_seq,activity_romberg_closed,Age_Gender_BMI_height_VAT,0.7649066759603469,male,categorical,"Medication use indicator for beta-blockers used to treat hypertension, angina, heart failure, and arrhythmias",,1.0,10,3387,62,1.0
medications,ASCORBICACIDVITAMINCINCLCOMBINATIONS,auc,0.5103999753482066,-0.08202716309639413,False,0.0,long_seq,activity_romberg_closed,Age_Gender_BMI_height_VAT,0.5924271384446007,female,categorical,Medication/supplement use indicator for Vitamin C and combination vitamin preparations used for immune support and antioxidant purposes,,1.0,10,3387,73,1.0
medications,VITAMINBn12nANDFOLICACID,auc,0.508410750174316,-0.08409153657073865,False,0.0,long_seq,activity_romberg_closed,Age_Gender_BMI_height_VAT,0.5925022867450547,male,categorical,Medication use indicator for Vitamin B12 and Folic Acid combination supplements or co-administered formulations,,1.0,10,3387,282,1.0
medications,HORMONEANTAGONISTSANDRELATEDAGENTS,auc,0.67004752004752,-0.08462899398497647,False,0.0,long_seq,activity_romberg_closed,Age_Gender_BMI_height_VAT,0.7546765140324965,all,categorical,Medication use indicator for hormone antagonists and blockers used in cancer treatment and other hormone-dependent conditions,,1.0,10,3387,20,1.0
medications,HYPNOTICSANDSEDATIVES,auc,0.46300688889449637,-0.08499576588410507,False,0.0,long_seq,activity_romberg_closed,Age_Gender_BMI_height_VAT,0.5480026547786014,female,categorical,"Medication use indicator for sleeping aids and sedative medications (benzodiazepines, non-benzodiazepine hypnotics, barbiturates) used for insomnia and sedation",,1.0,10,3387,45,1.0
medications,DRUGSAFFECTINGBONESTRUCTUREANDMINERALIZATION,auc,0.7154855464607185,-0.08538283978266759,False,0.0,long_seq,activity_romberg_closed,Age_Gender_BMI_height_VAT,0.8008683862433861,all,categorical,Medication use indicator for drugs affecting bone metabolism including bisphosphonates and other bone-modifying agents used for osteoporosis,,1.0,10,3387,44,1.0
medications,ANGIOTENSINIIRECEPTORBLOCKERSARBsCOMBINATIONS,auc,0.6773011022590855,-0.08827773084810586,False,0.0,long_seq,activity_romberg_closed,Age_Gender_BMI_height_VAT,0.7655788331071913,all,categorical,,,1.0,10,3387,55,1.0
medications,LOWCEILINGDIURETICSTHIAZIDES,auc,0.5584492453388576,-0.09325446381627933,False,0.0,long_seq,activity_romberg_closed,Age_Gender_BMI_height_VAT,0.651703709155137,all,categorical,Medication use indicator for thiazide diuretics used to treat hypertension and edema,,1.0,10,3387,8,1.0
medications,PROGESTOGENSANDESTROGENSINCOMBINATION,auc,0.4903318497382777,-0.09622597678216083,False,0.0,long_seq,activity_romberg_closed,Age_Gender_BMI_height_VAT,0.5865578265204385,female,categorical,"Medication use indicator for combined progestogen and estrogen preparations, used in hormone replacement therapy and contraception",,1.0,10,3387,59,1.0
medications,ANTITHROMBOTICAGENTS,auc,0.7319502650067793,-0.0981500438711681,False,0.0,long_seq,activity_romberg_closed,Age_Gender_BMI_height_VAT,0.8301003088779474,female,categorical,Medication use indicator for antithrombotic agents including anticoagulants and antiplatelet drugs (used to prevent blood clots),,1.0,10,3387,123,1.0
medications,DRUGSAFFECTINGBONESTRUCTUREANDMINERALIZATION,auc,0.7045374940296132,-0.10220248892008832,False,0.0,long_seq,activity_romberg_closed,Age_Gender_BMI_height_VAT,0.8067399829497015,female,categorical,Medication use indicator for drugs affecting bone metabolism including bisphosphonates and other bone-modifying agents used for osteoporosis,,1.0,10,3387,44,1.0
medications,VITAMINBn1nPLAINANDINCOMBINATIONWITHVITAMINBn6nANDBn12n,auc,0.5613592500689275,-0.10884315101582653,False,0.0,long_seq,activity_romberg_closed,Age_Gender_BMI_height_VAT,0.670202401084754,all,categorical,Medication use indicator for Vitamin B1 alone or in combination with Vitamin B6 and B12 formulations,,1.0,10,3387,39,1.0
medications,ANTIEPILEPTICS,auc,0.426647465437788,-0.11030507887324703,False,0.0,long_seq,activity_romberg_closed,Age_Gender_BMI_height_VAT,0.536952544311035,female,categorical,Medication use indicator for antiepileptic/anticonvulsant medications (used to treat seizures and neuropathic pain),,0.9970703125,10,3387,19,1.0
medications,VITAMINBn1nPLAINANDINCOMBINATIONWITHVITAMINBn6nANDBn12n,auc,0.5195325953259532,-0.11298733109955261,False,0.0,long_seq,activity_romberg_closed,Age_Gender_BMI_height_VAT,0.6325199264255058,male,categorical,Medication use indicator for Vitamin B1 alone or in combination with Vitamin B6 and B12 formulations,,1.0,10,3387,39,1.0
medications,ANGIOTENSINIIRECEPTORBLOCKERSARBsPLAIN,auc,0.6320808608626339,-0.11353100563922025,False,0.0,long_seq,activity_romberg_closed,Age_Gender_BMI_height_VAT,0.7456118665018542,male,categorical,,,1.0,10,3387,52,1.0
medications,VITAMINBn1nPLAINANDINCOMBINATIONWITHVITAMINBn6nANDBn12n,auc,0.5711115950445219,-0.11589729064231769,False,0.0,long_seq,activity_romberg_closed,Age_Gender_BMI_height_VAT,0.6870088856868396,female,categorical,Medication use indicator for Vitamin B1 alone or in combination with Vitamin B6 and B12 formulations,,1.0,10,3387,39,1.0
medications,ANTIMIGRAINEPREPARATIONS,auc,0.5175411836485663,-0.11728241732466971,False,0.0,long_seq,activity_romberg_closed,Age_Gender_BMI_height_VAT,0.634823600973236,male,categorical,Medication use indicator for antimigraine medications (used to treat and prevent migraine headaches),,0.990234375,10,3387,9,1.0
medications,VITAMINKANDOTHERHEMOSTATICS,auc,0.6483110657374939,-0.11959800114064534,False,0.0,long_seq,activity_romberg_closed,Age_Gender_BMI_height_VAT,0.7679090668781392,female,categorical,Medication use indicator for Vitamin K and other hemostatic agents used for blood coagulation management,,1.0,10,3387,23,1.0
medications,ANGIOTENSINIIRECEPTORBLOCKERSARBsCOMBINATIONS,auc,0.7041657878084793,-0.1207125290387494,False,0.0,long_seq,activity_romberg_closed,Age_Gender_BMI_height_VAT,0.8248783168472287,female,categorical,,,1.0,10,3387,55,1.0
medications,DECONGESTANTSANDOTHERNASALPREPARATIONSFORTOPICALUSE,auc,0.5134056814554739,-0.12628726121506306,False,0.0,long_seq,activity_romberg_closed,Age_Gender_BMI_height_VAT,0.639692942670537,all,categorical,Medication use indicator for nasal decongestants and topical nasal preparations used for congestion and rhinitis symptoms,,1.0,10,3387,13,1.0
medications,ANTIGOUTPREPARATIONS,auc,0.6588565488565489,-0.13523355454079233,False,0.0,long_seq,activity_romberg_closed,Age_Gender_BMI_height_VAT,0.7940901033973412,all,categorical,Medication use indicator for gout treatment medications (used to treat gout and hyperuricemia),,1.0,10,3387,20,1.0
medications,SELECTIVECALCIUMCHANNELBLOCKERSWITHMAINLYVASCULAREFFECTS,auc,0.6293587521663778,-0.13960531511190966,False,0.0,long_seq,activity_romberg_closed,Age_Gender_BMI_height_VAT,0.7689640672782875,female,categorical,"Medication use indicator for selective calcium channel blockers with vascular effects (e.g., dihydropyridines) used to treat hypertension and angina",,1.0,10,3387,31,1.0
medications,ANTIGOUTPREPARATIONS,auc,0.5276682412541931,-0.14501125642530455,False,0.0,long_seq,activity_romberg_closed,Age_Gender_BMI_height_VAT,0.6726794976794976,male,categorical,Medication use indicator for gout treatment medications (used to treat gout and hyperuricemia),,1.0,10,3387,20,1.0
medications,SELECTIVECALCIUMCHANNELBLOCKERSWITHMAINLYVASCULAREFFECTS,auc,0.6366305894113575,-0.14537411449135196,False,0.0,long_seq,activity_romberg_closed,Age_Gender_BMI_height_VAT,0.7820047039027095,all,categorical,"Medication use indicator for selective calcium channel blockers with vascular effects (e.g., dihydropyridines) used to treat hypertension and angina",,1.0,10,3387,31,1.0
medications,SELECTIVECALCIUMCHANNELBLOCKERSWITHMAINLYVASCULAREFFECTS,auc,0.6432692307692308,-0.14928061585653596,False,0.0,long_seq,activity_romberg_closed,Age_Gender_BMI_height_VAT,0.7925498466257668,male,categorical,"Medication use indicator for selective calcium channel blockers with vascular effects (e.g., dihydropyridines) used to treat hypertension and angina",,1.0,10,3387,31,1.0
medications,DECONGESTANTSANDOTHERNASALPREPARATIONSFORTOPICALUSE,auc,0.5393041938997821,-0.15515043177048193,False,0.0,long_seq,activity_romberg_closed,Age_Gender_BMI_height_VAT,0.6944546256702641,male,categorical,Medication use indicator for nasal decongestants and topical nasal preparations used for congestion and rhinitis symptoms,,1.0,10,3387,13,1.0
medications,LOWCEILINGDIURETICSTHIAZIDES,auc,0.28500203500203497,-0.17748528494115834,False,0.0,long_seq,activity_romberg_closed,Age_Gender_BMI_height_VAT,0.4624873199431933,male,categorical,Medication use indicator for thiazide diuretics used to treat hypertension and edema,,1.0,10,3387,8,1.0
medications,ANTIGLAUCOMAPREPARATIONSANDMIOTICS,auc,0.40865329512893983,-0.2371942589097405,False,0.0,long_seq,activity_romberg_closed,Age_Gender_BMI_height_VAT,0.6458475540386803,female,categorical,Medication use indicator for anti-glaucoma and miotic medications (used to treat glaucoma and reduce intraocular pressure),,0.9990234375,10,3387,9,1.0
medications,OTHERGYNECOLOGICALSinATC,auc,,,,,long_seq,activity_romberg_closed,Age_Gender_BMI_height_VAT,,male,categorical,"Medication use indicator for gynecological drugs classified by ATC code, used in treatment of gynecological conditions",,,10,3387,16,
medications,ESTROGENSSEXHORMONESANDMODULATORSOFTHEGENITALSYSTEM,auc,,,,,long_seq,activity_romberg_closed,Age_Gender_BMI_height_VAT,,male,categorical,Medication use indicator for estrogen and hormone modulators used in hormone replacement therapy and reproductive health management,,,10,3387,114,
medications,PROGESTOGENSANDESTROGENSINCOMBINATION,auc,,,,,long_seq,activity_romberg_closed,Age_Gender_BMI_height_VAT,,male,categorical,"Medication use indicator for combined progestogen and estrogen preparations, used in hormone replacement therapy and contraception",,,10,3387,59,
medications,HORMONEANTAGONISTSANDRELATEDAGENTS,auc,,,,,long_seq,activity_romberg_closed,Age_Gender_BMI_height_VAT,,male,categorical,Medication use indicator for hormone antagonists and blockers used in cancer treatment and other hormone-dependent conditions,,,10,3387,20,
medications,PROGESTOGENSEXHORMONESANDMODULATORSOFTHEGENITALSYSTEM,auc,,,,,long_seq,activity_romberg_closed,Age_Gender_BMI_height_VAT,,male,categorical,"Medication use indicator for progestogens and sex hormone modulators of the genital system, used in hormone therapy",,,10,3387,20,
medications,ANTIEPILEPTICS,auc,0.5969403931515537,0.2525841859975457,True,1.0,long_seq,activity_self_selected_gait_speed,Age_Gender_BMI_height_VAT,0.344356207154008,male,categorical,Medication use indicator for antiepileptic/anticonvulsant medications (used to treat seizures and neuropathic pain),,0.0009765625,10,3257,16,0.005242598684210526
medications,UROLOGICALS,auc,0.5608143257302922,0.24674796330397547,True,1.0,long_seq,activity_self_selected_gait_speed,Age_Gender_BMI_height_VAT,0.31406636242631675,female,categorical,Medication use indicator for urological agents used to treat urinary tract and genitourinary disorders,,0.0009765625,10,3257,16,0.005653782894736842
medications,OTHERPLAINVITAMINPREPARATIONSinATC,auc,0.5803537586860392,0.19513478058384953,True,1.0,long_seq,activity_self_selected_gait_speed,Age_Gender_BMI_height_VAT,0.3852189781021897,male,categorical,"Supplement use indicator for vitamin preparations classified by ATC code, representing nutritional supplementation",,0.0009765625,10,3257,11,0.005242598684210526
medications,PROGESTOGENSEXHORMONESANDMODULATORSOFTHEGENITALSYSTEM,auc,0.6116120100372069,0.17788002472294318,True,1.0,long_seq,activity_self_selected_gait_speed,Age_Gender_BMI_height_VAT,0.4337319853142637,female,categorical,"Medication use indicator for progestogens and sex hormone modulators of the genital system, used in hormone therapy",,0.0009765625,10,3257,21,0.005653782894736842
medications,ANTIEPILEPTICS,auc,0.6122223079296514,0.16649687503258292,True,1.0,long_seq,activity_self_selected_gait_speed,Age_Gender_BMI_height_VAT,0.44572543289706845,all,categorical,Medication use indicator for antiepileptic/anticonvulsant medications (used to treat seizures and neuropathic pain),,0.0009765625,10,3257,16,0.0109375
medications,ADRENERGICSINHALANTS,auc,0.5425090061453698,0.13151932222243418,True,1.0,long_seq,activity_self_selected_gait_speed,Age_Gender_BMI_height_VAT,0.4109896839229356,male,categorical,Medication use indicator for adrenergic inhalant medications (used for bronchospasm and respiratory conditions),,0.0009765625,10,3257,30,0.005242598684210526
medications,OTHERGYNECOLOGICALSinATC,auc,0.5504265035326554,0.10774147771509951,True,1.0,long_seq,activity_self_selected_gait_speed,Age_Gender_BMI_height_VAT,0.4426850258175559,female,categorical,"Medication use indicator for gynecological drugs classified by ATC code, used in treatment of gynecological conditions",,0.0009765625,10,3257,14,0.005653782894736842
medications,ANTIEPILEPTICS,auc,0.6422776442307693,0.10532509991973427,True,1.0,long_seq,activity_self_selected_gait_speed,Age_Gender_BMI_height_VAT,0.536952544311035,female,categorical,Medication use indicator for antiepileptic/anticonvulsant medications (used to treat seizures and neuropathic pain),,0.0009765625,10,3257,16,0.005653782894736842
medications,DRUGSUSEDINBENIGNPROSTATICHYPERTROPHY,auc,0.4414118705035971,0.09517255426428078,True,1.0,long_seq,activity_self_selected_gait_speed,Age_Gender_BMI_height_VAT,0.3462393162393163,female,categorical,Medication use indicator for alpha-blockers and 5-alpha reductase inhibitors used to treat benign prostatic hyperplasia symptoms,,0.0029296875,10,3257,41,0.01401154891304348
medications,HYPNOTICSANDSEDATIVES,auc,0.46627999025697225,0.08356895129593328,True,1.0,long_seq,activity_self_selected_gait_speed,Age_Gender_BMI_height_VAT,0.382711038961039,male,categorical,"Medication use indicator for sleeping aids and sedative medications (benzodiazepines, non-benzodiazepine hypnotics, barbiturates) used for insomnia and sedation",,0.0009765625,10,3257,41,0.005242598684210526
medications,HORMONEANTAGONISTSANDRELATEDAGENTS,auc,0.6019581621931416,0.07931008858762123,True,1.0,long_seq,activity_self_selected_gait_speed,Age_Gender_BMI_height_VAT,0.5226480736055203,female,categorical,Medication use indicator for hormone antagonists and blockers used in cancer treatment and other hormone-dependent conditions,,0.0009765625,10,3257,19,0.005653782894736842
medications,ANTIHISTAMINESFORSYSTEMICUSE,auc,0.6570610687022901,0.07420917794598747,True,1.0,long_seq,activity_self_selected_gait_speed,Age_Gender_BMI_height_VAT,0.5828518907563026,male,categorical,Medication use indicator for systemic antihistamine medications (used to treat allergies and related conditions),,0.0009765625,10,3257,32,0.005242598684210526
medications,PROGESTOGENSEXHORMONESANDMODULATORSOFTHEGENITALSYSTEM,auc,0.782216434163282,0.07304793815967958,True,1.0,long_seq,activity_self_selected_gait_speed,Age_Gender_BMI_height_VAT,0.7091684960036024,all,categorical,"Medication use indicator for progestogens and sex hormone modulators of the genital system, used in hormone therapy",,0.0009765625,10,3257,21,0.0109375
medications,ADRENERGICSINHALANTS,auc,0.5639024894122509,0.0716228175381472,True,1.0,long_seq,activity_self_selected_gait_speed,Age_Gender_BMI_height_VAT,0.49227967187410365,all,categorical,Medication use indicator for adrenergic inhalant medications (used for bronchospasm and respiratory conditions),,0.001953125,10,3257,30,0.018229166666666668
medications,ANTIMIGRAINEPREPARATIONS,auc,0.5688116688116688,0.0653951652239324,True,1.0,long_seq,activity_self_selected_gait_speed,Age_Gender_BMI_height_VAT,0.5034165035877364,female,categorical,Medication use indicator for antimigraine medications (used to treat and prevent migraine headaches),,0.0009765625,10,3257,9,0.005653782894736842
medications,DRUGSAFFECTINGBONESTRUCTUREANDMINERALIZATION,auc,0.770247619047619,0.06398684618134143,True,1.0,long_seq,activity_self_selected_gait_speed,Age_Gender_BMI_height_VAT,0.7062607728662775,male,categorical,Medication use indicator for drugs affecting bone metabolism including bisphosphonates and other bone-modifying agents used for osteoporosis,,0.0009765625,10,3257,42,0.005242598684210526
medications,HORMONALCONTRACEPTIVESFORSYSTEMICUSE,auc,0.11032849020846491,0.060541385585593896,True,1.0,long_seq,activity_self_selected_gait_speed,Age_Gender_BMI_height_VAT,0.04978710462287102,male,categorical,"Medication use indicator for systemic hormonal contraceptives including oral contraceptive pills, patches, and injections",,0.0009765625,10,3257,32,0.005242598684210526
medications,ANTIDEPRESSANTS,auc,0.5627441860465117,0.057480135602894555,True,1.0,long_seq,activity_self_selected_gait_speed,Age_Gender_BMI_height_VAT,0.5052640504436171,male,categorical,Medication use indicator for antidepressant medications (used to treat depression and related psychiatric conditions),,0.0009765625,10,3257,216,0.005242598684210526
medications,ANTIDEPRESSANTS,auc,0.5905259076286764,0.04846171222346718,True,1.0,long_seq,activity_self_selected_gait_speed,Age_Gender_BMI_height_VAT,0.5420641954052092,female,categorical,Medication use indicator for antidepressant medications (used to treat depression and related psychiatric conditions),,0.0009765625,10,3257,216,0.005653782894736842
medications,OTHERPLAINVITAMINPREPARATIONSinATC,auc,0.6804369613148926,0.04270997718790848,True,0.0,long_seq,activity_self_selected_gait_speed,Age_Gender_BMI_height_VAT,0.6377269841269841,female,categorical,"Supplement use indicator for vitamin preparations classified by ATC code, representing nutritional supplementation",,0.0322265625,10,3257,11,0.14179687500000002
medications,VITAMINBn1nPLAINANDINCOMBINATIONWITHVITAMINBn6nANDBn12n,auc,0.6678821496771847,0.035362223251678926,True,1.0,long_seq,activity_self_selected_gait_speed,Age_Gender_BMI_height_VAT,0.6325199264255058,male,categorical,Medication use indicator for Vitamin B1 alone or in combination with Vitamin B6 and B12 formulations,,0.009765625,10,3257,35,0.04330842391304348
medications,ADRENERGICSINHALANTS,auc,0.5729544538492544,0.025456208907011724,True,0.0,long_seq,activity_self_selected_gait_speed,Age_Gender_BMI_height_VAT,0.5474982449422426,female,categorical,Medication use indicator for adrenergic inhalant medications (used for bronchospasm and respiratory conditions),,0.080078125,10,3257,30,0.284148185483871
medications,IRONANTIANEMICPREPARATIONS,auc,0.5551912069175496,0.02470476003110267,True,0.0,long_seq,activity_self_selected_gait_speed,Age_Gender_BMI_height_VAT,0.530486446886447,male,categorical,Supplement/medication use indicator for iron supplements and anti-anemia medications used to treat iron deficiency anemia,,0.0654296875,10,3257,69,0.22246093749999998
medications,ANTIHISTAMINESFORSYSTEMICUSE,auc,0.5928846899224806,0.02227018185245644,True,0.0,long_seq,activity_self_selected_gait_speed,Age_Gender_BMI_height_VAT,0.5706145080700241,all,categorical,Medication use indicator for systemic antihistamine medications (used to treat allergies and related conditions),,0.013671875,10,3257,32,0.09007352941176472
medications,DRUGSFORPEPTICULCERANDGASTROOESOPHAGEALREFLUXDISEASEGORD,auc,0.6470654653027121,0.020779210573834472,True,0.0,long_seq,activity_self_selected_gait_speed,Age_Gender_BMI_height_VAT,0.6262862547288777,male,categorical,Medication use indicator for antiulcer and GORD medications including proton pump inhibitors and H2 antagonists,,0.013671875,10,3257,105,0.05363581730769231
medications,OTHERPLAINVITAMINPREPARATIONSinATC,auc,0.7023833529378816,0.01788664752190683,True,0.0,long_seq,activity_self_selected_gait_speed,Age_Gender_BMI_height_VAT,0.6844967054159747,all,categorical,"Supplement use indicator for vitamin preparations classified by ATC code, representing nutritional supplementation",,0.0966796875,10,3257,11,0.515625
medications,HORMONEANTAGONISTSANDRELATEDAGENTS,auc,0.769328045252105,0.014651531219608493,True,0.0,long_seq,activity_self_selected_gait_speed,Age_Gender_BMI_height_VAT,0.7546765140324965,all,categorical,Medication use indicator for hormone antagonists and blockers used in cancer treatment and other hormone-dependent conditions,,0.1162109375,10,3257,19,0.5916193181818182
medications,ANTIDEPRESSANTS,auc,0.5910522245362758,0.014630451170989933,True,0.0,long_seq,activity_self_selected_gait_speed,Age_Gender_BMI_height_VAT,0.5764217733652859,all,categorical,Medication use indicator for antidepressant medications (used to treat depression and related psychiatric conditions),,0.0322265625,10,3257,216,0.20052083333333331
medications,HYPNOTICSANDSEDATIVES,auc,0.4812575840310641,0.01430090413688423,True,0.0,long_seq,activity_self_selected_gait_speed,Age_Gender_BMI_height_VAT,0.4669566798941799,all,categorical,"Medication use indicator for sleeping aids and sedative medications (benzodiazepines, non-benzodiazepine hypnotics, barbiturates) used for insomnia and sedation",,0.0966796875,10,3257,41,0.515625
medications,UROLOGICALS,auc,0.5576693150262264,0.01260976227950783,True,0.0,long_seq,activity_self_selected_gait_speed,Age_Gender_BMI_height_VAT,0.5450595527467186,all,categorical,Medication use indicator for urological agents used to treat urinary tract and genitourinary disorders,,0.24609375,10,3257,16,1.0
medications,PROGESTOGENSANDESTROGENSINCOMBINATION,auc,0.5913645103694547,0.004806683849016169,True,0.0,long_seq,activity_self_selected_gait_speed,Age_Gender_BMI_height_VAT,0.5865578265204385,female,categorical,"Medication use indicator for combined progestogen and estrogen preparations, used in hormone replacement therapy and contraception",,0.2783203125,10,3257,54,0.8747209821428572
medications,ASCORBICACIDVITAMINCINCLCOMBINATIONS,auc,0.5850751085293935,0.0046579416626467696,True,0.0,long_seq,activity_self_selected_gait_speed,Age_Gender_BMI_height_VAT,0.5804171668667467,all,categorical,Medication/supplement use indicator for Vitamin C and combination vitamin preparations used for immune support and antioxidant purposes,,0.384765625,10,3257,71,1.0
medications,ASCORBICACIDVITAMINCINCLCOMBINATIONS,auc,0.5742414746543779,0.004109347315546574,True,0.0,long_seq,activity_self_selected_gait_speed,Age_Gender_BMI_height_VAT,0.5701321273388313,male,categorical,Medication/supplement use indicator for Vitamin C and combination vitamin preparations used for immune support and antioxidant purposes,,0.34765625,10,3257,71,1.0
medications,ASCORBICACIDVITAMINCINCLCOMBINATIONS,auc,0.5925461831024178,0.00011904465781709117,True,0.0,long_seq,activity_self_selected_gait_speed,Age_Gender_BMI_height_VAT,0.5924271384446007,female,categorical,Medication/supplement use indicator for Vitamin C and combination vitamin preparations used for immune support and antioxidant purposes,,0.5390625,10,3257,71,1.0
medications,LIPIDMODIFYINGAGENTSCOMBINATIONS,auc,0.6861747572815534,9.287683323466744e-05,True,0.0,long_seq,activity_self_selected_gait_speed,Age_Gender_BMI_height_VAT,0.6860818804483187,male,categorical,"Medication use indicator for lipid-lowering drugs including statins, fibrates, and combination lipid therapies used to manage dyslipidemia",,0.4609375,10,3257,69,1.0
medications,ANTIHISTAMINESFORSYSTEMICUSE,auc,0.5477218454484669,-0.0009321170439710036,False,0.0,long_seq,activity_self_selected_gait_speed,Age_Gender_BMI_height_VAT,0.5486539624924379,female,categorical,Medication use indicator for systemic antihistamine medications (used to treat allergies and related conditions),,0.615234375,10,3257,32,1.0
medications,LIPIDMODIFYINGAGENTSPLAIN,auc,0.6376615883694475,-0.001972312528189746,False,0.0,long_seq,activity_self_selected_gait_speed,Age_Gender_BMI_height_VAT,0.6396339008976373,male,categorical,"Medication use indicator for lipid-modifying agents (e.g., statins) used to treat dyslipidemia and reduce cardiovascular risk",,0.75390625,10,3257,510,1.0
medications,IRONANTIANEMICPREPARATIONS,auc,0.5438346674876847,-0.0024614120910163573,False,0.0,long_seq,activity_self_selected_gait_speed,Age_Gender_BMI_height_VAT,0.5462960795787011,female,categorical,Supplement/medication use indicator for iron supplements and anti-anemia medications used to treat iron deficiency anemia,,0.7841796875,10,3257,69,1.0
medications,PSYCHOSTIMULANTSAGENTSUSEDFORADHDANDNOOTROPICS,auc,0.6774102564102564,-0.0051560606779607054,False,0.0,long_seq,activity_self_selected_gait_speed,Age_Gender_BMI_height_VAT,0.6825663170882171,male,categorical,Medication use indicator for psychostimulants and nootropic agents used to treat ADHD and cognitive disorders,,0.8388671875,10,3257,60,1.0
medications,VITAMINAANDDINCLCOMBINATIONSOFTHETWO,auc,0.6151713906457406,-0.0062970512641764564,False,0.0,long_seq,activity_self_selected_gait_speed,Age_Gender_BMI_height_VAT,0.621468441909917,male,categorical,Medication use indicator for Vitamin A and Vitamin D combination supplements or co-administered formulations,,0.919921875,10,3257,494,1.0
medications,PROGESTOGENSANDESTROGENSINCOMBINATION,auc,0.7812056983614898,-0.008737010868858697,False,0.0,long_seq,activity_self_selected_gait_speed,Age_Gender_BMI_height_VAT,0.7899427092303485,all,categorical,"Medication use indicator for combined progestogen and estrogen preparations, used in hormone replacement therapy and contraception",,0.9580078125,10,3257,54,1.0
medications,OTHERMINERALSUPPLEMENTSinATC,auc,0.5755732982295483,-0.00883435345559036,False,0.0,long_seq,activity_self_selected_gait_speed,Age_Gender_BMI_height_VAT,0.5844076516851386,female,categorical,"Supplement use indicator for mineral supplements (e.g., calcium, magnesium, iron) classified by ATC code",,0.9677734375,10,3257,358,1.0
medications,ESTROGENSSEXHORMONESANDMODULATORSOFTHEGENITALSYSTEM,auc,0.7811423629605446,-0.009308565421418225,False,0.0,long_seq,activity_self_selected_gait_speed,Age_Gender_BMI_height_VAT,0.7904509283819628,all,categorical,Medication use indicator for estrogen and hormone modulators used in hormone replacement therapy and reproductive health management,,0.9970703125,10,3257,111,1.0
medications,DECONGESTANTSANDOTHERNASALPREPARATIONSFORTOPICALUSE,auc,0.3725419664268585,-0.011517862632970555,False,0.0,long_seq,activity_self_selected_gait_speed,Age_Gender_BMI_height_VAT,0.38405982905982905,female,categorical,Medication use indicator for nasal decongestants and topical nasal preparations used for congestion and rhinitis symptoms,,0.615234375,10,3257,13,1.0
medications,PSYCHOSTIMULANTSAGENTSUSEDFORADHDANDNOOTROPICS,auc,0.6529208482415567,-0.012596337545507152,False,0.0,long_seq,activity_self_selected_gait_speed,Age_Gender_BMI_height_VAT,0.6655171857870639,female,categorical,Medication use indicator for psychostimulants and nootropic agents used to treat ADHD and cognitive disorders,,0.9970703125,10,3257,60,1.0
medications,VITAMINAANDDINCLCOMBINATIONSOFTHETWO,auc,0.6275665347959001,-0.012834256038531722,False,0.0,long_seq,activity_self_selected_gait_speed,Age_Gender_BMI_height_VAT,0.6404007908344318,female,categorical,Medication use indicator for Vitamin A and Vitamin D combination supplements or co-administered formulations,,0.9990234375,10,3257,494,1.0
medications,OTHERGYNECOLOGICALSinATC,auc,0.7005043830668252,-0.012860547591186045,False,0.0,long_seq,activity_self_selected_gait_speed,Age_Gender_BMI_height_VAT,0.7133649306580112,all,categorical,"Medication use indicator for gynecological drugs classified by ATC code, used in treatment of gynecological conditions",,0.8623046875,10,3257,14,1.0
medications,PSYCHOSTIMULANTSAGENTSUSEDFORADHDANDNOOTROPICS,auc,0.6643400062558648,-0.0130341995641996,False,0.0,long_seq,activity_self_selected_gait_speed,Age_Gender_BMI_height_VAT,0.6773742058200644,all,categorical,Medication use indicator for psychostimulants and nootropic agents used to treat ADHD and cognitive disorders,,0.9814453125,10,3257,60,1.0
medications,ESTROGENSSEXHORMONESANDMODULATORSOFTHEGENITALSYSTEM,auc,0.5652180688055128,-0.015301166403419497,False,0.0,long_seq,activity_self_selected_gait_speed,Age_Gender_BMI_height_VAT,0.5805192352089323,female,categorical,Medication use indicator for estrogen and hormone modulators used in hormone replacement therapy and reproductive health management,,0.9970703125,10,3257,111,1.0
medications,ANTIMIGRAINEPREPARATIONS,auc,0.5952586206896552,-0.01770434227330775,False,0.0,long_seq,activity_self_selected_gait_speed,Age_Gender_BMI_height_VAT,0.6129629629629629,all,categorical,Medication use indicator for antimigraine medications (used to treat and prevent migraine headaches),,1.0,10,3257,9,1.0
medications,VITAMINBn12nANDFOLICACID,auc,0.5562090206526463,-0.017778029543106477,False,0.0,long_seq,activity_self_selected_gait_speed,Age_Gender_BMI_height_VAT,0.5739870501957528,female,categorical,Medication use indicator for Vitamin B12 and Folic Acid combination supplements or co-administered formulations,,0.9951171875,10,3257,255,1.0
medications,LIPIDMODIFYINGAGENTSPLAIN,auc,0.6562091979128747,-0.01882668638993723,False,0.0,long_seq,activity_self_selected_gait_speed,Age_Gender_BMI_height_VAT,0.6750358843028119,all,categorical,"Medication use indicator for lipid-modifying agents (e.g., statins) used to treat dyslipidemia and reduce cardiovascular risk",,1.0,10,3257,510,1.0
medications,VITAMINKANDOTHERHEMOSTATICS,auc,0.6265396825396825,-0.019654368058037885,False,0.0,long_seq,activity_self_selected_gait_speed,Age_Gender_BMI_height_VAT,0.6461940505977204,male,categorical,Medication use indicator for Vitamin K and other hemostatic agents used for blood coagulation management,,0.8125,10,3257,22,1.0
medications,VITAMINAANDDINCLCOMBINATIONSOFTHETWO,auc,0.6490025803672298,-0.022188105345451015,False,0.0,long_seq,activity_self_selected_gait_speed,Age_Gender_BMI_height_VAT,0.6711906857126808,all,categorical,Medication use indicator for Vitamin A and Vitamin D combination supplements or co-administered formulations,,1.0,10,3257,494,1.0
medications,VITAMINBn12nANDFOLICACID,auc,0.5576650860210839,-0.0266049035098046,False,0.0,long_seq,activity_self_selected_gait_speed,Age_Gender_BMI_height_VAT,0.5842699895308885,all,categorical,Medication use indicator for Vitamin B12 and Folic Acid combination supplements or co-administered formulations,,1.0,10,3257,255,1.0
medications,OTHERMINERALSUPPLEMENTSinATC,auc,0.5874306493666666,-0.03147792129281257,False,0.0,long_seq,activity_self_selected_gait_speed,Age_Gender_BMI_height_VAT,0.6189085706594791,all,categorical,"Supplement use indicator for mineral supplements (e.g., calcium, magnesium, iron) classified by ATC code",,1.0,10,3257,358,1.0
medications,DRUGSFORPEPTICULCERANDGASTROOESOPHAGEALREFLUXDISEASEGORD,auc,0.6427048585931836,-0.033541504542776046,False,0.0,long_seq,activity_self_selected_gait_speed,Age_Gender_BMI_height_VAT,0.6762463631359596,all,categorical,Medication use indicator for antiulcer and GORD medications including proton pump inhibitors and H2 antagonists,,1.0,10,3257,105,1.0
medications,VITAMINBn12nANDFOLICACID,auc,0.5589202123943269,-0.0335820743507278,False,0.0,long_seq,activity_self_selected_gait_speed,Age_Gender_BMI_height_VAT,0.5925022867450547,male,categorical,Medication use indicator for Vitamin B12 and Folic Acid combination supplements or co-administered formulations,,1.0,10,3257,255,1.0
medications,OTHERMINERALSUPPLEMENTSinATC,auc,0.5820356651342568,-0.034992013181899484,False,0.0,long_seq,activity_self_selected_gait_speed,Age_Gender_BMI_height_VAT,0.6170276783161562,male,categorical,"Supplement use indicator for mineral supplements (e.g., calcium, magnesium, iron) classified by ATC code",,1.0,10,3257,358,1.0
medications,LIPIDMODIFYINGAGENTSPLAIN,auc,0.6650598969723478,-0.036289362929543656,False,0.0,long_seq,activity_self_selected_gait_speed,Age_Gender_BMI_height_VAT,0.7013492599018915,female,categorical,"Medication use indicator for lipid-modifying agents (e.g., statins) used to treat dyslipidemia and reduce cardiovascular risk",,1.0,10,3257,510,1.0
medications,ANTIMIGRAINEPREPARATIONS,auc,0.5957043588123815,-0.039119242160854495,False,0.0,long_seq,activity_self_selected_gait_speed,Age_Gender_BMI_height_VAT,0.634823600973236,male,categorical,Medication use indicator for antimigraine medications (used to treat and prevent migraine headaches),,0.6875,10,3257,9,1.0
medications,LIPIDMODIFYINGAGENTSCOMBINATIONS,auc,0.6648327969014238,-0.039871265935263356,False,0.0,long_seq,activity_self_selected_gait_speed,Age_Gender_BMI_height_VAT,0.7047040628366872,all,categorical,"Medication use indicator for lipid-lowering drugs including statins, fibrates, and combination lipid therapies used to manage dyslipidemia",,1.0,10,3257,69,1.0
medications,ANGIOTENSINIIRECEPTORBLOCKERSARBsCOMBINATIONS,auc,0.6635301199817328,-0.04462145153003716,False,0.0,long_seq,activity_self_selected_gait_speed,Age_Gender_BMI_height_VAT,0.70815157151177,male,categorical,,,1.0,10,3257,51,1.0
medications,IRONANTIANEMICPREPARATIONS,auc,0.566725765097376,-0.04492859417161521,False,0.0,long_seq,activity_self_selected_gait_speed,Age_Gender_BMI_height_VAT,0.6116543592689913,all,categorical,Supplement/medication use indicator for iron supplements and anti-anemia medications used to treat iron deficiency anemia,,1.0,10,3257,69,1.0
medications,ANTIGOUTPREPARATIONS,auc,0.683562874251497,-0.04645989182704602,False,0.0,long_seq,activity_self_selected_gait_speed,Age_Gender_BMI_height_VAT,0.730022766078543,female,categorical,Medication use indicator for gout treatment medications (used to treat gout and hyperuricemia),,0.9677734375,10,3257,19,1.0
medications,THYROIDPREPARATIONS,auc,0.4523040083708949,-0.04692732682117445,False,0.0,long_seq,activity_self_selected_gait_speed,Age_Gender_BMI_height_VAT,0.49923133519206936,male,categorical,"Medication use indicator for thyroid hormone preparations (e.g., levothyroxine) used to treat hypothyroidism",,0.998046875,10,3257,138,1.0
medications,HYPNOTICSANDSEDATIVES,auc,0.4934957627118644,-0.054506892066737034,False,0.0,long_seq,activity_self_selected_gait_speed,Age_Gender_BMI_height_VAT,0.5480026547786014,female,categorical,"Medication use indicator for sleeping aids and sedative medications (benzodiazepines, non-benzodiazepine hypnotics, barbiturates) used for insomnia and sedation",,1.0,10,3257,41,1.0
medications,THYROIDPREPARATIONS,auc,0.5011674980120003,-0.05924135768781069,False,0.0,long_seq,activity_self_selected_gait_speed,Age_Gender_BMI_height_VAT,0.560408855699811,female,categorical,"Medication use indicator for thyroid hormone preparations (e.g., levothyroxine) used to treat hypothyroidism",,1.0,10,3257,138,1.0
medications,HORMONALCONTRACEPTIVESFORSYSTEMICUSE,auc,0.7967693798449612,-0.06052117802755008,False,0.0,long_seq,activity_self_selected_gait_speed,Age_Gender_BMI_height_VAT,0.8572905578725113,all,categorical,"Medication use indicator for systemic hormonal contraceptives including oral contraceptive pills, patches, and injections",,1.0,10,3257,32,1.0
medications,VITAMINBn1nPLAINANDINCOMBINATIONWITHVITAMINBn6nANDBn12n,auc,0.6073955839318967,-0.0628068171528573,False,0.0,long_seq,activity_self_selected_gait_speed,Age_Gender_BMI_height_VAT,0.670202401084754,all,categorical,Medication use indicator for Vitamin B1 alone or in combination with Vitamin B6 and B12 formulations,,1.0,10,3257,35,1.0
medications,ANTIGOUTPREPARATIONS,auc,0.6026185474189677,-0.07006095026052994,False,0.0,long_seq,activity_self_selected_gait_speed,Age_Gender_BMI_height_VAT,0.6726794976794976,male,categorical,Medication use indicator for gout treatment medications (used to treat gout and hyperuricemia),,1.0,10,3257,19,1.0
medications,CALCIUMSUPPLEMENTS,auc,0.6281862113402061,-0.07307303495884421,False,0.0,long_seq,activity_self_selected_gait_speed,Age_Gender_BMI_height_VAT,0.7012592462990503,female,categorical,Supplement use indicator for calcium supplements used for bone health and to treat calcium deficiency,,1.0,10,3257,169,1.0
medications,HORMONALCONTRACEPTIVESFORSYSTEMICUSE,auc,0.7584388956557044,-0.07476716977567943,False,0.0,long_seq,activity_self_selected_gait_speed,Age_Gender_BMI_height_VAT,0.8332060654313839,female,categorical,"Medication use indicator for systemic hormonal contraceptives including oral contraceptive pills, patches, and injections",,1.0,10,3257,32,1.0
medications,CALCIUMSUPPLEMENTS,auc,0.6465242434926572,-0.07483586265506492,False,0.0,long_seq,activity_self_selected_gait_speed,Age_Gender_BMI_height_VAT,0.7213601061477222,all,categorical,Supplement use indicator for calcium supplements used for bone health and to treat calcium deficiency,,1.0,10,3257,169,1.0
medications,VITAMINKANDOTHERHEMOSTATICS,auc,0.6372038780384994,-0.0753059809775708,False,0.0,long_seq,activity_self_selected_gait_speed,Age_Gender_BMI_height_VAT,0.7125098590160702,all,categorical,Medication use indicator for Vitamin K and other hemostatic agents used for blood coagulation management,,1.0,10,3257,22,1.0
medications,UROLOGICALS,auc,0.5252317460317462,-0.07561062260878759,False,0.0,long_seq,activity_self_selected_gait_speed,Age_Gender_BMI_height_VAT,0.6008423686405338,male,categorical,Medication use indicator for urological agents used to treat urinary tract and genitourinary disorders,,0.9990234375,10,3257,16,1.0
medications,BLOODGLUCOSELOWERINGDRUGSEXCLINSULINS,auc,0.5890673703052187,-0.07829885913471468,False,0.0,long_seq,activity_self_selected_gait_speed,Age_Gender_BMI_height_VAT,0.6673662294399334,male,categorical,"Medication use indicator for oral antidiabetic drugs (metformin, sulfonylureas, DPP-4 inhibitors, etc.) used to manage type 2 diabetes, excluding insulin",,1.0,10,3257,98,1.0
medications,ANTIGOUTPREPARATIONS,auc,0.7154497578102144,-0.07864034558712685,False,0.0,long_seq,activity_self_selected_gait_speed,Age_Gender_BMI_height_VAT,0.7940901033973412,all,categorical,Medication use indicator for gout treatment medications (used to treat gout and hyperuricemia),,1.0,10,3257,19,1.0
medications,DECONGESTANTSANDOTHERNASALPREPARATIONSFORTOPICALUSE,auc,0.5605093426918334,-0.07918359997870361,False,0.0,long_seq,activity_self_selected_gait_speed,Age_Gender_BMI_height_VAT,0.639692942670537,all,categorical,Medication use indicator for nasal decongestants and topical nasal preparations used for congestion and rhinitis symptoms,,1.0,10,3257,13,1.0
medications,CALCIUMSUPPLEMENTS,auc,0.5886519451530611,-0.08093899704723784,False,0.0,long_seq,activity_self_selected_gait_speed,Age_Gender_BMI_height_VAT,0.6695909422002989,male,categorical,Supplement use indicator for calcium supplements used for bone health and to treat calcium deficiency,,1.0,10,3257,169,1.0
medications,ACEINHIBITORSPLAIN,auc,0.6687610991681466,-0.08374364623087949,False,0.0,long_seq,activity_self_selected_gait_speed,Age_Gender_BMI_height_VAT,0.7525047453990261,female,categorical,Medication use indicator for ACE inhibitors in single-agent formulations (used to treat hypertension and heart disease),,1.0,10,3257,56,1.0
medications,ANTIGLAUCOMAPREPARATIONSANDMIOTICS,auc,0.6964703296703297,-0.08424227339209656,False,0.0,long_seq,activity_self_selected_gait_speed,Age_Gender_BMI_height_VAT,0.7807126030624263,all,categorical,Medication use indicator for anti-glaucoma and miotic medications (used to treat glaucoma and reduce intraocular pressure),,1.0,10,3257,7,1.0
medications,DRUGSFORPEPTICULCERANDGASTROOESOPHAGEALREFLUXDISEASEGORD,auc,0.6304314238952538,-0.08572993398512807,False,0.0,long_seq,activity_self_selected_gait_speed,Age_Gender_BMI_height_VAT,0.7161613578803818,female,categorical,Medication use indicator for antiulcer and GORD medications including proton pump inhibitors and H2 antagonists,,1.0,10,3257,105,1.0
medications,LIPIDMODIFYINGAGENTSCOMBINATIONS,auc,0.62172644657586,-0.0875938643669345,False,0.0,long_seq,activity_self_selected_gait_speed,Age_Gender_BMI_height_VAT,0.7093203109427945,female,categorical,"Medication use indicator for lipid-lowering drugs including statins, fibrates, and combination lipid therapies used to manage dyslipidemia",,1.0,10,3257,69,1.0
medications,DECONGESTANTSANDOTHERNASALPREPARATIONSFORTOPICALUSE,auc,0.6066130851663847,-0.08784154050387938,False,0.0,long_seq,activity_self_selected_gait_speed,Age_Gender_BMI_height_VAT,0.6944546256702641,male,categorical,Medication use indicator for nasal decongestants and topical nasal preparations used for congestion and rhinitis symptoms,,1.0,10,3257,13,1.0
medications,ANTITHROMBOTICAGENTS,auc,0.7231363574951024,-0.08816524820834026,False,0.0,long_seq,activity_self_selected_gait_speed,Age_Gender_BMI_height_VAT,0.8113016057034427,all,categorical,Medication use indicator for antithrombotic agents including anticoagulants and antiplatelet drugs (used to prevent blood clots),,1.0,10,3257,113,1.0
medications,BLOODGLUCOSELOWERINGDRUGSEXCLINSULINS,auc,0.5775868752059228,-0.09013619239596948,False,0.0,long_seq,activity_self_selected_gait_speed,Age_Gender_BMI_height_VAT,0.6677230676018923,all,categorical,"Medication use indicator for oral antidiabetic drugs (metformin, sulfonylureas, DPP-4 inhibitors, etc.) used to manage type 2 diabetes, excluding insulin",,1.0,10,3257,98,1.0
medications,ANTITHROMBOTICAGENTS,auc,0.6843914171263462,-0.09236707102227648,False,0.0,long_seq,activity_self_selected_gait_speed,Age_Gender_BMI_height_VAT,0.7767584881486227,male,categorical,Medication use indicator for antithrombotic agents including anticoagulants and antiplatelet drugs (used to prevent blood clots),,1.0,10,3257,113,1.0
medications,BETABLOCKINGAGENTS,auc,0.705960837461445,-0.10113960595478799,False,0.0,long_seq,activity_self_selected_gait_speed,Age_Gender_BMI_height_VAT,0.807100443416233,female,categorical,"Medication use indicator for beta-blockers used to treat hypertension, angina, heart failure, and arrhythmias",,1.0,10,3257,55,1.0
medications,BLOODGLUCOSELOWERINGDRUGSEXCLINSULINS,auc,0.5650338136492221,-0.10131912752724848,False,0.0,long_seq,activity_self_selected_gait_speed,Age_Gender_BMI_height_VAT,0.6663529411764706,female,categorical,"Medication use indicator for oral antidiabetic drugs (metformin, sulfonylureas, DPP-4 inhibitors, etc.) used to manage type 2 diabetes, excluding insulin",,1.0,10,3257,98,1.0
medications,ANTIGLAUCOMAPREPARATIONSANDMIOTICS,auc,0.611968133260909,-0.10337832583555007,False,0.0,long_seq,activity_self_selected_gait_speed,Age_Gender_BMI_height_VAT,0.7153464590964591,male,categorical,Medication use indicator for anti-glaucoma and miotic medications (used to treat glaucoma and reduce intraocular pressure),,1.0,10,3257,7,1.0
medications,BETABLOCKINGAGENTS,auc,0.6821884049741638,-0.10456822660072063,False,0.0,long_seq,activity_self_selected_gait_speed,Age_Gender_BMI_height_VAT,0.7867566315748844,all,categorical,"Medication use indicator for beta-blockers used to treat hypertension, angina, heart failure, and arrhythmias",,1.0,10,3257,55,1.0
medications,DRUGSUSEDINBENIGNPROSTATICHYPERTROPHY,auc,0.4387020741671904,-0.10650239984873366,False,0.0,long_seq,activity_self_selected_gait_speed,Age_Gender_BMI_height_VAT,0.5452044740159241,male,categorical,Medication use indicator for alpha-blockers and 5-alpha reductase inhibitors used to treat benign prostatic hyperplasia symptoms,,1.0,10,3257,41,1.0
medications,ANTITHROMBOTICAGENTS,auc,0.7227477134146341,-0.10735259546331333,False,0.0,long_seq,activity_self_selected_gait_speed,Age_Gender_BMI_height_VAT,0.8301003088779474,female,categorical,Medication use indicator for antithrombotic agents including anticoagulants and antiplatelet drugs (used to prevent blood clots),,1.0,10,3257,113,1.0
medications,THYROIDPREPARATIONS,auc,0.5563491178424895,-0.10804197278731087,False,0.0,long_seq,activity_self_selected_gait_speed,Age_Gender_BMI_height_VAT,0.6643910906298004,all,categorical,"Medication use indicator for thyroid hormone preparations (e.g., levothyroxine) used to treat hypothyroidism",,1.0,10,3257,138,1.0
medications,LOWCEILINGDIURETICSTHIAZIDES,auc,0.5434197802197802,-0.10828392893535677,False,0.0,long_seq,activity_self_selected_gait_speed,Age_Gender_BMI_height_VAT,0.651703709155137,all,categorical,Medication use indicator for thiazide diuretics used to treat hypertension and edema,,1.0,10,3257,7,1.0
medications,BETABLOCKINGAGENTS,auc,0.6554671571669177,-0.10943951879342917,False,0.0,long_seq,activity_self_selected_gait_speed,Age_Gender_BMI_height_VAT,0.7649066759603469,male,categorical,"Medication use indicator for beta-blockers used to treat hypertension, angina, heart failure, and arrhythmias",,1.0,10,3257,55,1.0
medications,ANGIOTENSINIIRECEPTORBLOCKERSARBsCOMBINATIONS,auc,0.650462368353455,-0.11511646475373638,False,0.0,long_seq,activity_self_selected_gait_speed,Age_Gender_BMI_height_VAT,0.7655788331071913,all,categorical,,,1.0,10,3257,51,1.0
medications,DRUGSUSEDINBENIGNPROSTATICHYPERTROPHY,auc,0.6087254277393521,-0.11607500943121363,False,0.0,long_seq,activity_self_selected_gait_speed,Age_Gender_BMI_height_VAT,0.7248004371705657,all,categorical,Medication use indicator for alpha-blockers and 5-alpha reductase inhibitors used to treat benign prostatic hyperplasia symptoms,,1.0,10,3257,41,1.0
medications,LOWCEILINGDIURETICSTHIAZIDES,auc,0.6518416316736653,-0.11818117334343858,False,0.0,long_seq,activity_self_selected_gait_speed,Age_Gender_BMI_height_VAT,0.7700228050171039,female,categorical,Medication use indicator for thiazide diuretics used to treat hypertension and edema,,1.0,10,3257,7,1.0
medications,VITAMINBn1nPLAINANDINCOMBINATIONWITHVITAMINBn6nANDBn12n,auc,0.5669723976810591,-0.12003648800578048,False,0.0,long_seq,activity_self_selected_gait_speed,Age_Gender_BMI_height_VAT,0.6870088856868396,female,categorical,Medication use indicator for Vitamin B1 alone or in combination with Vitamin B6 and B12 formulations,,1.0,10,3257,35,1.0
medications,VITAMINKANDOTHERHEMOSTATICS,auc,0.6466064257028112,-0.12130264117532796,False,0.0,long_seq,activity_self_selected_gait_speed,Age_Gender_BMI_height_VAT,0.7679090668781392,female,categorical,Medication use indicator for Vitamin K and other hemostatic agents used for blood coagulation management,,1.0,10,3257,22,1.0
medications,ACEINHIBITORSPLAIN,auc,0.6090702682197529,-0.12140158031039161,False,0.0,long_seq,activity_self_selected_gait_speed,Age_Gender_BMI_height_VAT,0.7304718485301445,all,categorical,Medication use indicator for ACE inhibitors in single-agent formulations (used to treat hypertension and heart disease),,1.0,10,3257,56,1.0
medications,DRUGSAFFECTINGBONESTRUCTUREANDMINERALIZATION,auc,0.6754099089091312,-0.12545847733425486,False,0.0,long_seq,activity_self_selected_gait_speed,Age_Gender_BMI_height_VAT,0.8008683862433861,all,categorical,Medication use indicator for drugs affecting bone metabolism including bisphosphonates and other bone-modifying agents used for osteoporosis,,1.0,10,3257,42,1.0
medications,ANGIOTENSINIIRECEPTORBLOCKERSARBsPLAIN,auc,0.619314649430108,-0.12629721707174613,False,0.0,long_seq,activity_self_selected_gait_speed,Age_Gender_BMI_height_VAT,0.7456118665018542,male,categorical,,,1.0,10,3257,50,1.0
medications,ANGIOTENSINIIRECEPTORBLOCKERSARBsPLAIN,auc,0.6144583723105705,-0.12879769559594534,False,0.0,long_seq,activity_self_selected_gait_speed,Age_Gender_BMI_height_VAT,0.7432560679065159,all,categorical,,,1.0,10,3257,50,1.0
medications,ANGIOTENSINIIRECEPTORBLOCKERSARBsPLAIN,auc,0.6069402305825242,-0.13246922731828326,False,0.0,long_seq,activity_self_selected_gait_speed,Age_Gender_BMI_height_VAT,0.7394094579008075,female,categorical,,,1.0,10,3257,50,1.0
medications,SELECTIVECALCIUMCHANNELBLOCKERSWITHMAINLYVASCULAREFFECTS,auc,0.6351184680298605,-0.13384559924842698,False,0.0,long_seq,activity_self_selected_gait_speed,Age_Gender_BMI_height_VAT,0.7689640672782875,female,categorical,"Medication use indicator for selective calcium channel blockers with vascular effects (e.g., dihydropyridines) used to treat hypertension and angina",,1.0,10,3257,27,1.0
medications,SELECTIVECALCIUMCHANNELBLOCKERSWITHMAINLYVASCULAREFFECTS,auc,0.6323953675037266,-0.14960933639898288,False,0.0,long_seq,activity_self_selected_gait_speed,Age_Gender_BMI_height_VAT,0.7820047039027095,all,categorical,"Medication use indicator for selective calcium channel blockers with vascular effects (e.g., dihydropyridines) used to treat hypertension and angina",,1.0,10,3257,27,1.0
medications,ACEINHIBITORSPLAIN,auc,0.5528231511254019,-0.15382957502081862,False,0.0,long_seq,activity_self_selected_gait_speed,Age_Gender_BMI_height_VAT,0.7066527261462205,male,categorical,Medication use indicator for ACE inhibitors in single-agent formulations (used to treat hypertension and heart disease),,1.0,10,3257,56,1.0
medications,SELECTIVECALCIUMCHANNELBLOCKERSWITHMAINLYVASCULAREFFECTS,auc,0.6254478494134764,-0.16710199721229035,False,0.0,long_seq,activity_self_selected_gait_speed,Age_Gender_BMI_height_VAT,0.7925498466257668,male,categorical,"Medication use indicator for selective calcium channel blockers with vascular effects (e.g., dihydropyridines) used to treat hypertension and angina",,1.0,10,3257,27,1.0
medications,ANGIOTENSINIIRECEPTORBLOCKERSARBsCOMBINATIONS,auc,0.6185230024213075,-0.20635531442592114,False,0.0,long_seq,activity_self_selected_gait_speed,Age_Gender_BMI_height_VAT,0.8248783168472287,female,categorical,,,1.0,10,3257,51,1.0
medications,DRUGSAFFECTINGBONESTRUCTUREANDMINERALIZATION,auc,0.5952839176829269,-0.21145606526677463,False,0.0,long_seq,activity_self_selected_gait_speed,Age_Gender_BMI_height_VAT,0.8067399829497015,female,categorical,Medication use indicator for drugs affecting bone metabolism including bisphosphonates and other bone-modifying agents used for osteoporosis,,1.0,10,3257,42,1.0
medications,LOWCEILINGDIURETICSTHIAZIDES,auc,0.20331648768161714,-0.25917083226157617,False,0.0,long_seq,activity_self_selected_gait_speed,Age_Gender_BMI_height_VAT,0.4624873199431933,male,categorical,Medication use indicator for thiazide diuretics used to treat hypertension and edema,,1.0,10,3257,7,1.0
medications,OTHERGYNECOLOGICALSinATC,auc,,,,,long_seq,activity_self_selected_gait_speed,Age_Gender_BMI_height_VAT,,male,categorical,"Medication use indicator for gynecological drugs classified by ATC code, used in treatment of gynecological conditions",,,10,3257,14,
medications,ESTROGENSSEXHORMONESANDMODULATORSOFTHEGENITALSYSTEM,auc,,,,,long_seq,activity_self_selected_gait_speed,Age_Gender_BMI_height_VAT,,male,categorical,Medication use indicator for estrogen and hormone modulators used in hormone replacement therapy and reproductive health management,,,10,3257,111,
medications,PROGESTOGENSANDESTROGENSINCOMBINATION,auc,,,,,long_seq,activity_self_selected_gait_speed,Age_Gender_BMI_height_VAT,,male,categorical,"Medication use indicator for combined progestogen and estrogen preparations, used in hormone replacement therapy and contraception",,,10,3257,54,
medications,HORMONEANTAGONISTSANDRELATEDAGENTS,auc,,,,,long_seq,activity_self_selected_gait_speed,Age_Gender_BMI_height_VAT,,male,categorical,Medication use indicator for hormone antagonists and blockers used in cancer treatment and other hormone-dependent conditions,,,10,3257,19,
medications,PROGESTOGENSEXHORMONESANDMODULATORSOFTHEGENITALSYSTEM,auc,,,,,long_seq,activity_self_selected_gait_speed,Age_Gender_BMI_height_VAT,,male,categorical,"Medication use indicator for progestogens and sex hormone modulators of the genital system, used in hormone therapy",,,10,3257,21,
medications,ANTIGLAUCOMAPREPARATIONSANDMIOTICS,auc,,,,,long_seq,activity_self_selected_gait_speed,Age_Gender_BMI_height_VAT,0.6458475540386803,female,categorical,Medication use indicator for anti-glaucoma and miotic medications (used to treat glaucoma and reduce intraocular pressure),,,10,3257,7,
medications,OTHERPLAINVITAMINPREPARATIONSinATC,auc,0.6316991473812423,0.24648016927905264,True,1.0,long_seq,activity_sit_to_stand,Age_Gender_BMI_height_VAT,0.3852189781021897,male,categorical,"Supplement use indicator for vitamin preparations classified by ATC code, representing nutritional supplementation",,0.0009765625,10,3396,11,0.005242598684210526
medications,UROLOGICALS,auc,0.4913802978235968,0.17731393539728008,True,1.0,long_seq,activity_sit_to_stand,Age_Gender_BMI_height_VAT,0.31406636242631675,female,categorical,Medication use indicator for urological agents used to treat urinary tract and genitourinary disorders,,0.0009765625,10,3396,17,0.0072265624999999995
medications,ANTIMIGRAINEPREPARATIONS,auc,0.6535079819893573,0.15009147840162096,True,1.0,long_seq,activity_sit_to_stand,Age_Gender_BMI_height_VAT,0.5034165035877364,female,categorical,Medication use indicator for antimigraine medications (used to treat and prevent migraine headaches),,0.0009765625,10,3396,9,0.0072265624999999995
medications,HORMONALCONTRACEPTIVESFORSYSTEMICUSE,auc,0.1785627283800243,0.1287756237571533,True,1.0,long_seq,activity_sit_to_stand,Age_Gender_BMI_height_VAT,0.04978710462287102,male,categorical,"Medication use indicator for systemic hormonal contraceptives including oral contraceptive pills, patches, and injections",,0.0009765625,10,3396,34,0.005242598684210526
medications,DECONGESTANTSANDOTHERNASALPREPARATIONSFORTOPICALUSE,auc,0.502316933638444,0.11825710457861494,True,1.0,long_seq,activity_sit_to_stand,Age_Gender_BMI_height_VAT,0.38405982905982905,female,categorical,Medication use indicator for nasal decongestants and topical nasal preparations used for congestion and rhinitis symptoms,,0.0009765625,10,3396,13,0.0072265624999999995
medications,ANTIDEPRESSANTS,auc,0.5975949923975209,0.09233094195390379,True,1.0,long_seq,activity_sit_to_stand,Age_Gender_BMI_height_VAT,0.5052640504436171,male,categorical,Medication use indicator for antidepressant medications (used to treat depression and related psychiatric conditions),,0.0009765625,10,3396,230,0.005242598684210526
medications,OTHERGYNECOLOGICALSinATC,auc,0.5280097926267281,0.08532476680917217,True,1.0,long_seq,activity_sit_to_stand,Age_Gender_BMI_height_VAT,0.4426850258175559,female,categorical,"Medication use indicator for gynecological drugs classified by ATC code, used in treatment of gynecological conditions",,0.0009765625,10,3396,16,0.0072265624999999995
medications,HORMONEANTAGONISTSANDRELATEDAGENTS,auc,0.6059959584295613,0.08334788482404099,True,1.0,long_seq,activity_sit_to_stand,Age_Gender_BMI_height_VAT,0.5226480736055203,female,categorical,Medication use indicator for hormone antagonists and blockers used in cancer treatment and other hormone-dependent conditions,,0.0009765625,10,3396,20,0.0072265624999999995
medications,DRUGSUSEDINBENIGNPROSTATICHYPERTROPHY,auc,0.42836098398169337,0.08212166774237706,True,0.0,long_seq,activity_sit_to_stand,Age_Gender_BMI_height_VAT,0.3462393162393163,female,categorical,Medication use indicator for alpha-blockers and 5-alpha reductase inhibitors used to treat benign prostatic hyperplasia symptoms,,0.009765625,10,3396,43,0.060221354166666664
medications,ADRENERGICSINHALANTS,auc,0.47446587747016933,0.06347619354723372,True,1.0,long_seq,activity_sit_to_stand,Age_Gender_BMI_height_VAT,0.4109896839229356,male,categorical,Medication use indicator for adrenergic inhalant medications (used for bronchospasm and respiratory conditions),,0.0009765625,10,3396,31,0.005242598684210526
medications,HYPNOTICSANDSEDATIVES,auc,0.4441822665620446,0.06147122760100565,True,1.0,long_seq,activity_sit_to_stand,Age_Gender_BMI_height_VAT,0.382711038961039,male,categorical,"Medication use indicator for sleeping aids and sedative medications (benzodiazepines, non-benzodiazepine hypnotics, barbiturates) used for insomnia and sedation",,0.0029296875,10,3396,45,0.012992527173913044
medications,DRUGSUSEDINBENIGNPROSTATICHYPERTROPHY,auc,0.5979918523843757,0.0527873783684516,True,1.0,long_seq,activity_sit_to_stand,Age_Gender_BMI_height_VAT,0.5452044740159241,male,categorical,Medication use indicator for alpha-blockers and 5-alpha reductase inhibitors used to treat benign prostatic hyperplasia symptoms,,0.0009765625,10,3396,43,0.005242598684210526
medications,ANTIMIGRAINEPREPARATIONS,auc,0.663310697765968,0.05034773480300503,True,1.0,long_seq,activity_sit_to_stand,Age_Gender_BMI_height_VAT,0.6129629629629629,all,categorical,Medication use indicator for antimigraine medications (used to treat and prevent migraine headaches),,0.0009765625,10,3396,9,0.018229166666666668
medications,LOWCEILINGDIURETICSTHIAZIDES,auc,0.5115783059110299,0.04909098596783662,True,0.0,long_seq,activity_sit_to_stand,Age_Gender_BMI_height_VAT,0.4624873199431933,male,categorical,Medication use indicator for thiazide diuretics used to treat hypertension and edema,,0.0185546875,10,3396,8,0.07279146634615385
medications,ADRENERGICSINHALANTS,auc,0.5392062502995734,0.04692657842546971,True,0.0,long_seq,activity_sit_to_stand,Age_Gender_BMI_height_VAT,0.49227967187410365,all,categorical,Medication use indicator for adrenergic inhalant medications (used for bronchospasm and respiratory conditions),,0.0068359375,10,3396,31,0.07656249999999999
medications,ADRENERGICSINHALANTS,auc,0.5870754837882866,0.039577238846043916,True,0.0,long_seq,activity_sit_to_stand,Age_Gender_BMI_height_VAT,0.5474982449422426,female,categorical,Medication use indicator for adrenergic inhalant medications (used for bronchospasm and respiratory conditions),,0.0185546875,10,3396,31,0.1083984375
medications,PROGESTOGENSEXHORMONESANDMODULATORSOFTHEGENITALSYSTEM,auc,0.46327944572748264,0.02954746041321893,True,0.0,long_seq,activity_sit_to_stand,Age_Gender_BMI_height_VAT,0.4337319853142637,female,categorical,"Medication use indicator for progestogens and sex hormone modulators of the genital system, used in hormone therapy",,0.0419921875,10,3396,20,0.22195870535714285
medications,ANTIHISTAMINESFORSYSTEMICUSE,auc,0.6023926380368099,0.019540747280507254,True,0.0,long_seq,activity_sit_to_stand,Age_Gender_BMI_height_VAT,0.5828518907563026,male,categorical,Medication use indicator for systemic antihistamine medications (used to treat allergies and related conditions),,0.0654296875,10,3396,33,0.2383510044642857
medications,ANTIEPILEPTICS,auc,0.5486222732491389,0.011669728938103918,True,0.0,long_seq,activity_sit_to_stand,Age_Gender_BMI_height_VAT,0.536952544311035,female,categorical,Medication use indicator for antiepileptic/anticonvulsant medications (used to treat seizures and neuropathic pain),,0.615234375,10,3396,19,1.0
medications,ASCORBICACIDVITAMINCINCLCOMBINATIONS,auc,0.5813087099351859,0.011176582596354567,True,0.0,long_seq,activity_sit_to_stand,Age_Gender_BMI_height_VAT,0.5701321273388313,male,categorical,Medication/supplement use indicator for Vitamin C and combination vitamin preparations used for immune support and antioxidant purposes,,0.1376953125,10,3396,73,0.43890380859375
medications,THYROIDPREPARATIONS,auc,0.5093013337468981,0.010069998554828763,True,0.0,long_seq,activity_sit_to_stand,Age_Gender_BMI_height_VAT,0.49923133519206936,male,categorical,"Medication use indicator for thyroid hormone preparations (e.g., levothyroxine) used to treat hypothyroidism",,0.1162109375,10,3396,150,0.38237147177419356
medications,HYPNOTICSANDSEDATIVES,auc,0.4751934745847011,0.008236794690521243,True,0.0,long_seq,activity_sit_to_stand,Age_Gender_BMI_height_VAT,0.4669566798941799,all,categorical,"Medication use indicator for sleeping aids and sedative medications (benzodiazepines, non-benzodiazepine hypnotics, barbiturates) used for insomnia and sedation",,0.3125,10,3396,45,1.0
medications,THYROIDPREPARATIONS,auc,0.5608276455822253,0.0004187898824142833,True,0.0,long_seq,activity_sit_to_stand,Age_Gender_BMI_height_VAT,0.560408855699811,female,categorical,"Medication use indicator for thyroid hormone preparations (e.g., levothyroxine) used to treat hypothyroidism",,0.4609375,10,3396,150,1.0
medications,UROLOGICALS,auc,0.5406211374754103,-0.0044384152713082825,False,0.0,long_seq,activity_sit_to_stand,Age_Gender_BMI_height_VAT,0.5450595527467186,all,categorical,Medication use indicator for urological agents used to treat urinary tract and genitourinary disorders,,0.65234375,10,3396,17,1.0
medications,IRONANTIANEMICPREPARATIONS,auc,0.540389708437691,-0.005906371141010114,False,0.0,long_seq,activity_sit_to_stand,Age_Gender_BMI_height_VAT,0.5462960795787011,female,categorical,Supplement/medication use indicator for iron supplements and anti-anemia medications used to treat iron deficiency anemia,,0.75390625,10,3396,70,1.0
medications,HORMONEANTAGONISTSANDRELATEDAGENTS,auc,0.7407508886255925,-0.013925625406904008,False,0.0,long_seq,activity_sit_to_stand,Age_Gender_BMI_height_VAT,0.7546765140324965,all,categorical,Medication use indicator for hormone antagonists and blockers used in cancer treatment and other hormone-dependent conditions,,0.919921875,10,3396,20,1.0
medications,ANTIMIGRAINEPREPARATIONS,auc,0.6166869671132764,-0.01813663385995956,False,0.0,long_seq,activity_sit_to_stand,Age_Gender_BMI_height_VAT,0.634823600973236,male,categorical,Medication use indicator for antimigraine medications (used to treat and prevent migraine headaches),,0.5,10,3396,9,1.0
medications,OTHERGYNECOLOGICALSinATC,auc,0.6951405325443787,-0.018224398113632523,False,0.0,long_seq,activity_sit_to_stand,Age_Gender_BMI_height_VAT,0.7133649306580112,all,categorical,"Medication use indicator for gynecological drugs classified by ATC code, used in treatment of gynecological conditions",,0.9033203125,10,3396,16,1.0
medications,ANTIDEPRESSANTS,auc,0.5557590156280041,-0.020662757737281767,False,0.0,long_seq,activity_sit_to_stand,Age_Gender_BMI_height_VAT,0.5764217733652859,all,categorical,Medication use indicator for antidepressant medications (used to treat depression and related psychiatric conditions),,0.998046875,10,3396,230,1.0
medications,ANTIEPILEPTICS,auc,0.42276701525801463,-0.02295841763905382,False,0.0,long_seq,activity_sit_to_stand,Age_Gender_BMI_height_VAT,0.44572543289706845,all,categorical,Medication use indicator for antiepileptic/anticonvulsant medications (used to treat seizures and neuropathic pain),,0.8837890625,10,3396,19,1.0
medications,OTHERPLAINVITAMINPREPARATIONSinATC,auc,0.6116593357557212,-0.026067648371262964,False,0.0,long_seq,activity_sit_to_stand,Age_Gender_BMI_height_VAT,0.6377269841269841,female,categorical,"Supplement use indicator for vitamin preparations classified by ATC code, representing nutritional supplementation",,0.919921875,10,3396,11,1.0
medications,DRUGSUSEDINBENIGNPROSTATICHYPERTROPHY,auc,0.6961041483156355,-0.028696288854930252,False,0.0,long_seq,activity_sit_to_stand,Age_Gender_BMI_height_VAT,0.7248004371705657,all,categorical,Medication use indicator for alpha-blockers and 5-alpha reductase inhibitors used to treat benign prostatic hyperplasia symptoms,,1.0,10,3396,43,1.0
medications,ANTIDEPRESSANTS,auc,0.5070761014686248,-0.03498809393658442,False,0.0,long_seq,activity_sit_to_stand,Age_Gender_BMI_height_VAT,0.5420641954052092,female,categorical,Medication use indicator for antidepressant medications (used to treat depression and related psychiatric conditions),,0.9990234375,10,3396,230,1.0
medications,OTHERPLAINVITAMINPREPARATIONSinATC,auc,0.6482986437491607,-0.03619806166681405,False,0.0,long_seq,activity_sit_to_stand,Age_Gender_BMI_height_VAT,0.6844967054159747,all,categorical,"Supplement use indicator for vitamin preparations classified by ATC code, representing nutritional supplementation",,0.9814453125,10,3396,11,1.0
medications,HYPNOTICSANDSEDATIVES,auc,0.5041541982045414,-0.04384845657406,False,0.0,long_seq,activity_sit_to_stand,Age_Gender_BMI_height_VAT,0.5480026547786014,female,categorical,"Medication use indicator for sleeping aids and sedative medications (benzodiazepines, non-benzodiazepine hypnotics, barbiturates) used for insomnia and sedation",,0.998046875,10,3396,45,1.0
medications,VITAMINBn12nANDFOLICACID,auc,0.5300370065789474,-0.043950043616805434,False,0.0,long_seq,activity_sit_to_stand,Age_Gender_BMI_height_VAT,0.5739870501957528,female,categorical,Medication use indicator for Vitamin B12 and Folic Acid combination supplements or co-administered formulations,,1.0,10,3396,281,1.0
medications,OTHERMINERALSUPPLEMENTSinATC,auc,0.5670190390840755,-0.050008639232080765,False,0.0,long_seq,activity_sit_to_stand,Age_Gender_BMI_height_VAT,0.6170276783161562,male,categorical,"Supplement use indicator for mineral supplements (e.g., calcium, magnesium, iron) classified by ATC code",,1.0,10,3396,376,1.0
medications,LIPIDMODIFYINGAGENTSCOMBINATIONS,auc,0.6586987411691717,-0.050621569773622754,False,0.0,long_seq,activity_sit_to_stand,Age_Gender_BMI_height_VAT,0.7093203109427945,female,categorical,"Medication use indicator for lipid-lowering drugs including statins, fibrates, and combination lipid therapies used to manage dyslipidemia",,1.0,10,3396,68,1.0
medications,DECONGESTANTSANDOTHERNASALPREPARATIONSFORTOPICALUSE,auc,0.5881739011801087,-0.0515190414904283,False,0.0,long_seq,activity_sit_to_stand,Age_Gender_BMI_height_VAT,0.639692942670537,all,categorical,Medication use indicator for nasal decongestants and topical nasal preparations used for congestion and rhinitis symptoms,,0.9951171875,10,3396,13,1.0
medications,VITAMINAANDDINCLCOMBINATIONSOFTHETWO,auc,0.5887158870645184,-0.051684903769913415,False,0.0,long_seq,activity_sit_to_stand,Age_Gender_BMI_height_VAT,0.6404007908344318,female,categorical,Medication use indicator for Vitamin A and Vitamin D combination supplements or co-administered formulations,,1.0,10,3396,515,1.0
medications,VITAMINBn12nANDFOLICACID,auc,0.5308832820184733,-0.053386707512415144,False,0.0,long_seq,activity_sit_to_stand,Age_Gender_BMI_height_VAT,0.5842699895308885,all,categorical,Medication use indicator for Vitamin B12 and Folic Acid combination supplements or co-administered formulations,,1.0,10,3396,281,1.0
medications,ANTIHISTAMINESFORSYSTEMICUSE,auc,0.5171780246713341,-0.053436483398690005,False,0.0,long_seq,activity_sit_to_stand,Age_Gender_BMI_height_VAT,0.5706145080700241,all,categorical,Medication use indicator for systemic antihistamine medications (used to treat allergies and related conditions),,0.9990234375,10,3396,33,1.0
medications,VITAMINBn1nPLAINANDINCOMBINATIONWITHVITAMINBn6nANDBn12n,auc,0.6325376157407407,-0.054471269946098855,False,0.0,long_seq,activity_sit_to_stand,Age_Gender_BMI_height_VAT,0.6870088856868396,female,categorical,Medication use indicator for Vitamin B1 alone or in combination with Vitamin B6 and B12 formulations,,1.0,10,3396,39,1.0
medications,THYROIDPREPARATIONS,auc,0.6098907373177245,-0.05450035331207592,False,0.0,long_seq,activity_sit_to_stand,Age_Gender_BMI_height_VAT,0.6643910906298004,all,categorical,"Medication use indicator for thyroid hormone preparations (e.g., levothyroxine) used to treat hypothyroidism",,1.0,10,3396,150,1.0
medications,PROGESTOGENSEXHORMONESANDMODULATORSOFTHEGENITALSYSTEM,auc,0.6537796208530806,-0.05538887515052182,False,0.0,long_seq,activity_sit_to_stand,Age_Gender_BMI_height_VAT,0.7091684960036024,all,categorical,"Medication use indicator for progestogens and sex hormone modulators of the genital system, used in hormone therapy",,1.0,10,3396,20,1.0
medications,UROLOGICALS,auc,0.5442409397094026,-0.05660142893113118,False,0.0,long_seq,activity_sit_to_stand,Age_Gender_BMI_height_VAT,0.6008423686405338,male,categorical,Medication use indicator for urological agents used to treat urinary tract and genitourinary disorders,,0.986328125,10,3396,17,1.0
medications,OTHERMINERALSUPPLEMENTSinATC,auc,0.5276524024452951,-0.05675524923984354,False,0.0,long_seq,activity_sit_to_stand,Age_Gender_BMI_height_VAT,0.5844076516851386,female,categorical,"Supplement use indicator for mineral supplements (e.g., calcium, magnesium, iron) classified by ATC code",,1.0,10,3396,376,1.0
medications,ASCORBICACIDVITAMINCINCLCOMBINATIONS,auc,0.5227760853165361,-0.05764108155021064,False,0.0,long_seq,activity_sit_to_stand,Age_Gender_BMI_height_VAT,0.5804171668667467,all,categorical,Medication/supplement use indicator for Vitamin C and combination vitamin preparations used for immune support and antioxidant purposes,,1.0,10,3396,73,1.0
medications,PROGESTOGENSANDESTROGENSINCOMBINATION,auc,0.5280286723998119,-0.05852915412062665,False,0.0,long_seq,activity_sit_to_stand,Age_Gender_BMI_height_VAT,0.5865578265204385,female,categorical,"Medication use indicator for combined progestogen and estrogen preparations, used in hormone replacement therapy and contraception",,1.0,10,3396,59,1.0
medications,VITAMINBn1nPLAINANDINCOMBINATIONWITHVITAMINBn6nANDBn12n,auc,0.6113860818954653,-0.05881631918928876,False,0.0,long_seq,activity_sit_to_stand,Age_Gender_BMI_height_VAT,0.670202401084754,all,categorical,Medication use indicator for Vitamin B1 alone or in combination with Vitamin B6 and B12 formulations,,1.0,10,3396,39,1.0
medications,LIPIDMODIFYINGAGENTSPLAIN,auc,0.578839590443686,-0.06079431045395123,False,0.0,long_seq,activity_sit_to_stand,Age_Gender_BMI_height_VAT,0.6396339008976373,male,categorical,"Medication use indicator for lipid-modifying agents (e.g., statins) used to treat dyslipidemia and reduce cardiovascular risk",,1.0,10,3396,538,1.0
medications,ANTIEPILEPTICS,auc,0.2835406048250085,-0.06081560232899952,False,0.0,long_seq,activity_sit_to_stand,Age_Gender_BMI_height_VAT,0.344356207154008,male,categorical,Medication use indicator for antiepileptic/anticonvulsant medications (used to treat seizures and neuropathic pain),,0.986328125,10,3396,19,1.0
medications,OTHERMINERALSUPPLEMENTSinATC,auc,0.5569030047907566,-0.06200556586872252,False,0.0,long_seq,activity_sit_to_stand,Age_Gender_BMI_height_VAT,0.6189085706594791,all,categorical,"Supplement use indicator for mineral supplements (e.g., calcium, magnesium, iron) classified by ATC code",,1.0,10,3396,376,1.0
medications,SELECTIVECALCIUMCHANNELBLOCKERSWITHMAINLYVASCULAREFFECTS,auc,0.730436117936118,-0.06211372868964882,False,0.0,long_seq,activity_sit_to_stand,Age_Gender_BMI_height_VAT,0.7925498466257668,male,categorical,"Medication use indicator for selective calcium channel blockers with vascular effects (e.g., dihydropyridines) used to treat hypertension and angina",,1.0,10,3396,31,1.0
medications,ANTIGLAUCOMAPREPARATIONSANDMIOTICS,auc,0.6527506112469438,-0.06259584784951533,False,0.0,long_seq,activity_sit_to_stand,Age_Gender_BMI_height_VAT,0.7153464590964591,male,categorical,Medication use indicator for anti-glaucoma and miotic medications (used to treat glaucoma and reduce intraocular pressure),,1.0,10,3396,9,1.0
medications,VITAMINBn12nANDFOLICACID,auc,0.5295085322485736,-0.06299375449648104,False,0.0,long_seq,activity_sit_to_stand,Age_Gender_BMI_height_VAT,0.5925022867450547,male,categorical,Medication use indicator for Vitamin B12 and Folic Acid combination supplements or co-administered formulations,,1.0,10,3396,281,1.0
medications,ESTROGENSSEXHORMONESANDMODULATORSOFTHEGENITALSYSTEM,auc,0.7271675914344058,-0.06328333694755706,False,0.0,long_seq,activity_sit_to_stand,Age_Gender_BMI_height_VAT,0.7904509283819628,all,categorical,Medication use indicator for estrogen and hormone modulators used in hormone replacement therapy and reproductive health management,,1.0,10,3396,114,1.0
medications,IRONANTIANEMICPREPARATIONS,auc,0.4669806061672975,-0.0635058407191495,False,0.0,long_seq,activity_sit_to_stand,Age_Gender_BMI_height_VAT,0.530486446886447,male,categorical,Supplement/medication use indicator for iron supplements and anti-anemia medications used to treat iron deficiency anemia,,0.9970703125,10,3396,70,1.0
medications,VITAMINBn1nPLAINANDINCOMBINATIONWITHVITAMINBn6nANDBn12n,auc,0.5681808880703908,-0.06433903835511501,False,0.0,long_seq,activity_sit_to_stand,Age_Gender_BMI_height_VAT,0.6325199264255058,male,categorical,Medication use indicator for Vitamin B1 alone or in combination with Vitamin B6 and B12 formulations,,0.9990234375,10,3396,39,1.0
medications,VITAMINAANDDINCLCOMBINATIONSOFTHETWO,auc,0.6064076321935141,-0.06478305351916669,False,0.0,long_seq,activity_sit_to_stand,Age_Gender_BMI_height_VAT,0.6711906857126808,all,categorical,Medication use indicator for Vitamin A and Vitamin D combination supplements or co-administered formulations,,1.0,10,3396,515,1.0
medications,LIPIDMODIFYINGAGENTSCOMBINATIONS,auc,0.6394398684954752,-0.065264194341212,False,0.0,long_seq,activity_sit_to_stand,Age_Gender_BMI_height_VAT,0.7047040628366872,all,categorical,"Medication use indicator for lipid-lowering drugs including statins, fibrates, and combination lipid therapies used to manage dyslipidemia",,1.0,10,3396,68,1.0
medications,PROGESTOGENSANDESTROGENSINCOMBINATION,auc,0.7233351787609901,-0.06660753046935841,False,0.0,long_seq,activity_sit_to_stand,Age_Gender_BMI_height_VAT,0.7899427092303485,all,categorical,"Medication use indicator for combined progestogen and estrogen preparations, used in hormone replacement therapy and contraception",,1.0,10,3396,59,1.0
medications,DRUGSFORPEPTICULCERANDGASTROOESOPHAGEALREFLUXDISEASEGORD,auc,0.556869739057239,-0.06941651567163865,False,0.0,long_seq,activity_sit_to_stand,Age_Gender_BMI_height_VAT,0.6262862547288777,male,categorical,Medication use indicator for antiulcer and GORD medications including proton pump inhibitors and H2 antagonists,,1.0,10,3396,108,1.0
medications,IRONANTIANEMICPREPARATIONS,auc,0.5411665664461816,-0.0704877928228097,False,0.0,long_seq,activity_sit_to_stand,Age_Gender_BMI_height_VAT,0.6116543592689913,all,categorical,Supplement/medication use indicator for iron supplements and anti-anemia medications used to treat iron deficiency anemia,,1.0,10,3396,70,1.0
medications,LIPIDMODIFYINGAGENTSPLAIN,auc,0.6035070798463064,-0.07152880445650556,False,0.0,long_seq,activity_sit_to_stand,Age_Gender_BMI_height_VAT,0.6750358843028119,all,categorical,"Medication use indicator for lipid-modifying agents (e.g., statins) used to treat dyslipidemia and reduce cardiovascular risk",,1.0,10,3396,538,1.0
medications,LIPIDMODIFYINGAGENTSCOMBINATIONS,auc,0.6140250818755492,-0.07205679857276959,False,0.0,long_seq,activity_sit_to_stand,Age_Gender_BMI_height_VAT,0.6860818804483187,male,categorical,"Medication use indicator for lipid-lowering drugs including statins, fibrates, and combination lipid therapies used to manage dyslipidemia",,1.0,10,3396,68,1.0
medications,VITAMINAANDDINCLCOMBINATIONSOFTHETWO,auc,0.5471589076009808,-0.07430953430893616,False,0.0,long_seq,activity_sit_to_stand,Age_Gender_BMI_height_VAT,0.621468441909917,male,categorical,Medication use indicator for Vitamin A and Vitamin D combination supplements or co-administered formulations,,1.0,10,3396,515,1.0
medications,DRUGSFORPEPTICULCERANDGASTROOESOPHAGEALREFLUXDISEASEGORD,auc,0.5973782328557269,-0.07886813028023276,False,0.0,long_seq,activity_sit_to_stand,Age_Gender_BMI_height_VAT,0.6762463631359596,all,categorical,Medication use indicator for antiulcer and GORD medications including proton pump inhibitors and H2 antagonists,,1.0,10,3396,108,1.0
medications,LIPIDMODIFYINGAGENTSPLAIN,auc,0.6209081429519385,-0.08044111694995293,False,0.0,long_seq,activity_sit_to_stand,Age_Gender_BMI_height_VAT,0.7013492599018915,female,categorical,"Medication use indicator for lipid-modifying agents (e.g., statins) used to treat dyslipidemia and reduce cardiovascular risk",,1.0,10,3396,538,1.0
medications,ANGIOTENSINIIRECEPTORBLOCKERSARBsCOMBINATIONS,auc,0.6228956228956228,-0.08525594861614716,False,0.0,long_seq,activity_sit_to_stand,Age_Gender_BMI_height_VAT,0.70815157151177,male,categorical,,,1.0,10,3396,55,1.0
medications,LOWCEILINGDIURETICSTHIAZIDES,auc,0.5658758854781581,-0.08582782367697883,False,0.0,long_seq,activity_sit_to_stand,Age_Gender_BMI_height_VAT,0.651703709155137,all,categorical,Medication use indicator for thiazide diuretics used to treat hypertension and edema,,1.0,10,3396,8,1.0
medications,DRUGSFORPEPTICULCERANDGASTROOESOPHAGEALREFLUXDISEASEGORD,auc,0.6299564749608763,-0.08620488291950557,False,0.0,long_seq,activity_sit_to_stand,Age_Gender_BMI_height_VAT,0.7161613578803818,female,categorical,Medication use indicator for antiulcer and GORD medications including proton pump inhibitors and H2 antagonists,,1.0,10,3396,108,1.0
medications,ANTIHISTAMINESFORSYSTEMICUSE,auc,0.4530355027788744,-0.09561845971356353,False,0.0,long_seq,activity_sit_to_stand,Age_Gender_BMI_height_VAT,0.5486539624924379,female,categorical,Medication use indicator for systemic antihistamine medications (used to treat allergies and related conditions),,1.0,10,3396,33,1.0
medications,ACEINHIBITORSPLAIN,auc,0.6523388299635399,-0.10016591543548625,False,0.0,long_seq,activity_sit_to_stand,Age_Gender_BMI_height_VAT,0.7525047453990261,female,categorical,Medication use indicator for ACE inhibitors in single-agent formulations (used to treat hypertension and heart disease),,1.0,10,3396,60,1.0
medications,ANTITHROMBOTICAGENTS,auc,0.6760578047768179,-0.10070068337180482,False,0.0,long_seq,activity_sit_to_stand,Age_Gender_BMI_height_VAT,0.7767584881486227,male,categorical,Medication use indicator for antithrombotic agents including anticoagulants and antiplatelet drugs (used to prevent blood clots),,1.0,10,3396,122,1.0
medications,ANGIOTENSINIIRECEPTORBLOCKERSARBsPLAIN,auc,0.6380063657407408,-0.10140309216006671,False,0.0,long_seq,activity_sit_to_stand,Age_Gender_BMI_height_VAT,0.7394094579008075,female,categorical,,,1.0,10,3396,52,1.0
medications,CALCIUMSUPPLEMENTS,auc,0.6192469873070914,-0.10211311884063079,False,0.0,long_seq,activity_sit_to_stand,Age_Gender_BMI_height_VAT,0.7213601061477222,all,categorical,Supplement use indicator for calcium supplements used for bone health and to treat calcium deficiency,,1.0,10,3396,174,1.0
medications,ANTIGLAUCOMAPREPARATIONSANDMIOTICS,auc,0.6777679362267492,-0.10294466683567705,False,0.0,long_seq,activity_sit_to_stand,Age_Gender_BMI_height_VAT,0.7807126030624263,all,categorical,Medication use indicator for anti-glaucoma and miotic medications (used to treat glaucoma and reduce intraocular pressure),,1.0,10,3396,9,1.0
medications,BLOODGLUCOSELOWERINGDRUGSEXCLINSULINS,auc,0.5596747967479675,-0.1076914326919659,False,0.0,long_seq,activity_sit_to_stand,Age_Gender_BMI_height_VAT,0.6673662294399334,male,categorical,"Medication use indicator for oral antidiabetic drugs (metformin, sulfonylureas, DPP-4 inhibitors, etc.) used to manage type 2 diabetes, excluding insulin",,1.0,10,3396,104,1.0
medications,CALCIUMSUPPLEMENTS,auc,0.5929470190534726,-0.10831222724557776,False,0.0,long_seq,activity_sit_to_stand,Age_Gender_BMI_height_VAT,0.7012592462990503,female,categorical,Supplement use indicator for calcium supplements used for bone health and to treat calcium deficiency,,1.0,10,3396,174,1.0
medications,ANTITHROMBOTICAGENTS,auc,0.7013324053396357,-0.10996920036380697,False,0.0,long_seq,activity_sit_to_stand,Age_Gender_BMI_height_VAT,0.8113016057034427,all,categorical,Medication use indicator for antithrombotic agents including anticoagulants and antiplatelet drugs (used to prevent blood clots),,1.0,10,3396,122,1.0
medications,DRUGSAFFECTINGBONESTRUCTUREANDMINERALIZATION,auc,0.5954962979457774,-0.11076447492050012,False,0.0,long_seq,activity_sit_to_stand,Age_Gender_BMI_height_VAT,0.7062607728662775,male,categorical,Medication use indicator for drugs affecting bone metabolism including bisphosphonates and other bone-modifying agents used for osteoporosis,,1.0,10,3396,45,1.0
medications,CALCIUMSUPPLEMENTS,auc,0.5587089757533107,-0.11088196644698822,False,0.0,long_seq,activity_sit_to_stand,Age_Gender_BMI_height_VAT,0.6695909422002989,male,categorical,Supplement use indicator for calcium supplements used for bone health and to treat calcium deficiency,,1.0,10,3396,174,1.0
medications,SELECTIVECALCIUMCHANNELBLOCKERSWITHMAINLYVASCULAREFFECTS,auc,0.6689824090495134,-0.11302229485319604,False,0.0,long_seq,activity_sit_to_stand,Age_Gender_BMI_height_VAT,0.7820047039027095,all,categorical,"Medication use indicator for selective calcium channel blockers with vascular effects (e.g., dihydropyridines) used to treat hypertension and angina",,1.0,10,3396,31,1.0
medications,DECONGESTANTSANDOTHERNASALPREPARATIONSFORTOPICALUSE,auc,0.5803737682636766,-0.11408085740658747,False,0.0,long_seq,activity_sit_to_stand,Age_Gender_BMI_height_VAT,0.6944546256702641,male,categorical,Medication use indicator for nasal decongestants and topical nasal preparations used for congestion and rhinitis symptoms,,1.0,10,3396,13,1.0
medications,ESTROGENSSEXHORMONESANDMODULATORSOFTHEGENITALSYSTEM,auc,0.4630079472184735,-0.11751128799045885,False,0.0,long_seq,activity_sit_to_stand,Age_Gender_BMI_height_VAT,0.5805192352089323,female,categorical,Medication use indicator for estrogen and hormone modulators used in hormone replacement therapy and reproductive health management,,1.0,10,3396,114,1.0
medications,ANGIOTENSINIIRECEPTORBLOCKERSARBsCOMBINATIONS,auc,0.6463764251312891,-0.1192024079759022,False,0.0,long_seq,activity_sit_to_stand,Age_Gender_BMI_height_VAT,0.7655788331071913,all,categorical,,,1.0,10,3396,55,1.0
medications,ASCORBICACIDVITAMINCINCLCOMBINATIONS,auc,0.4729549223116133,-0.11947221613298742,False,0.0,long_seq,activity_sit_to_stand,Age_Gender_BMI_height_VAT,0.5924271384446007,female,categorical,Medication/supplement use indicator for Vitamin C and combination vitamin preparations used for immune support and antioxidant purposes,,1.0,10,3396,73,1.0
medications,BLOODGLUCOSELOWERINGDRUGSEXCLINSULINS,auc,0.5443292013272268,-0.12339386627466542,False,0.0,long_seq,activity_sit_to_stand,Age_Gender_BMI_height_VAT,0.6677230676018923,all,categorical,"Medication use indicator for oral antidiabetic drugs (metformin, sulfonylureas, DPP-4 inhibitors, etc.) used to manage type 2 diabetes, excluding insulin",,1.0,10,3396,104,1.0
medications,VITAMINKANDOTHERHEMOSTATICS,auc,0.6348210731189454,-0.13308799375919378,False,0.0,long_seq,activity_sit_to_stand,Age_Gender_BMI_height_VAT,0.7679090668781392,female,categorical,Medication use indicator for Vitamin K and other hemostatic agents used for blood coagulation management,,1.0,10,3396,24,1.0
medications,ANTITHROMBOTICAGENTS,auc,0.6954818375226539,-0.13461847135529348,False,0.0,long_seq,activity_sit_to_stand,Age_Gender_BMI_height_VAT,0.8301003088779474,female,categorical,Medication use indicator for antithrombotic agents including anticoagulants and antiplatelet drugs (used to prevent blood clots),,1.0,10,3396,122,1.0
medications,BLOODGLUCOSELOWERINGDRUGSEXCLINSULINS,auc,0.5302601940192418,-0.13609274715722874,False,0.0,long_seq,activity_sit_to_stand,Age_Gender_BMI_height_VAT,0.6663529411764706,female,categorical,"Medication use indicator for oral antidiabetic drugs (metformin, sulfonylureas, DPP-4 inhibitors, etc.) used to manage type 2 diabetes, excluding insulin",,1.0,10,3396,104,1.0
medications,PSYCHOSTIMULANTSAGENTSUSEDFORADHDANDNOOTROPICS,auc,0.5290436415436416,-0.13647354424342228,False,0.0,long_seq,activity_sit_to_stand,Age_Gender_BMI_height_VAT,0.6655171857870639,female,categorical,Medication use indicator for psychostimulants and nootropic agents used to treat ADHD and cognitive disorders,,1.0,10,3396,61,1.0
medications,PSYCHOSTIMULANTSAGENTSUSEDFORADHDANDNOOTROPICS,auc,0.5349969277656255,-0.1423772780544389,False,0.0,long_seq,activity_sit_to_stand,Age_Gender_BMI_height_VAT,0.6773742058200644,all,categorical,Medication use indicator for psychostimulants and nootropic agents used to treat ADHD and cognitive disorders,,1.0,10,3396,61,1.0
medications,PSYCHOSTIMULANTSAGENTSUSEDFORADHDANDNOOTROPICS,auc,0.5389870290302656,-0.1435792880579515,False,0.0,long_seq,activity_sit_to_stand,Age_Gender_BMI_height_VAT,0.6825663170882171,male,categorical,Medication use indicator for psychostimulants and nootropic agents used to treat ADHD and cognitive disorders,,1.0,10,3396,61,1.0
medications,BETABLOCKINGAGENTS,auc,0.6211887406947891,-0.14371793526555776,False,0.0,long_seq,activity_sit_to_stand,Age_Gender_BMI_height_VAT,0.7649066759603469,male,categorical,"Medication use indicator for beta-blockers used to treat hypertension, angina, heart failure, and arrhythmias",,1.0,10,3396,61,1.0
medications,HORMONALCONTRACEPTIVESFORSYSTEMICUSE,auc,0.7118434405290969,-0.14544711734341442,False,0.0,long_seq,activity_sit_to_stand,Age_Gender_BMI_height_VAT,0.8572905578725113,all,categorical,"Medication use indicator for systemic hormonal contraceptives including oral contraceptive pills, patches, and injections",,1.0,10,3396,34,1.0
medications,BETABLOCKINGAGENTS,auc,0.6364789736279401,-0.15027765794694425,False,0.0,long_seq,activity_sit_to_stand,Age_Gender_BMI_height_VAT,0.7867566315748844,all,categorical,"Medication use indicator for beta-blockers used to treat hypertension, angina, heart failure, and arrhythmias",,1.0,10,3396,61,1.0
medications,VITAMINKANDOTHERHEMOSTATICS,auc,0.5581899960458678,-0.1543198629702024,False,0.0,long_seq,activity_sit_to_stand,Age_Gender_BMI_height_VAT,0.7125098590160702,all,categorical,Medication use indicator for Vitamin K and other hemostatic agents used for blood coagulation management,,1.0,10,3396,24,1.0
medications,ACEINHIBITORSPLAIN,auc,0.5752118305355716,-0.1552600179945729,False,0.0,long_seq,activity_sit_to_stand,Age_Gender_BMI_height_VAT,0.7304718485301445,all,categorical,Medication use indicator for ACE inhibitors in single-agent formulations (used to treat hypertension and heart disease),,1.0,10,3396,60,1.0
medications,BETABLOCKINGAGENTS,auc,0.6516380811335483,-0.15546236228268473,False,0.0,long_seq,activity_sit_to_stand,Age_Gender_BMI_height_VAT,0.807100443416233,female,categorical,"Medication use indicator for beta-blockers used to treat hypertension, angina, heart failure, and arrhythmias",,1.0,10,3396,61,1.0
medications,ANGIOTENSINIIRECEPTORBLOCKERSARBsCOMBINATIONS,auc,0.667070415133999,-0.15780790171322967,False,0.0,long_seq,activity_sit_to_stand,Age_Gender_BMI_height_VAT,0.8248783168472287,female,categorical,,,1.0,10,3396,55,1.0
medications,SELECTIVECALCIUMCHANNELBLOCKERSWITHMAINLYVASCULAREFFECTS,auc,0.6078679715985416,-0.16109609567974592,False,0.0,long_seq,activity_sit_to_stand,Age_Gender_BMI_height_VAT,0.7689640672782875,female,categorical,"Medication use indicator for selective calcium channel blockers with vascular effects (e.g., dihydropyridines) used to treat hypertension and angina",,1.0,10,3396,31,1.0
medications,DRUGSAFFECTINGBONESTRUCTUREANDMINERALIZATION,auc,0.6293928843794555,-0.17147550186393057,False,0.0,long_seq,activity_sit_to_stand,Age_Gender_BMI_height_VAT,0.8008683862433861,all,categorical,Medication use indicator for drugs affecting bone metabolism including bisphosphonates and other bone-modifying agents used for osteoporosis,,1.0,10,3396,45,1.0
medications,LOWCEILINGDIURETICSTHIAZIDES,auc,0.5944361763022324,-0.1755866287148714,False,0.0,long_seq,activity_sit_to_stand,Age_Gender_BMI_height_VAT,0.7700228050171039,female,categorical,Medication use indicator for thiazide diuretics used to treat hypertension and edema,,1.0,10,3396,8,1.0
medications,VITAMINKANDOTHERHEMOSTATICS,auc,0.4667705839781774,-0.179423466619543,False,0.0,long_seq,activity_sit_to_stand,Age_Gender_BMI_height_VAT,0.6461940505977204,male,categorical,Medication use indicator for Vitamin K and other hemostatic agents used for blood coagulation management,,1.0,10,3396,24,1.0
medications,ANGIOTENSINIIRECEPTORBLOCKERSARBsPLAIN,auc,0.5597902097902098,-0.1834658581163061,False,0.0,long_seq,activity_sit_to_stand,Age_Gender_BMI_height_VAT,0.7432560679065159,all,categorical,,,1.0,10,3396,52,1.0
medications,HORMONALCONTRACEPTIVESFORSYSTEMICUSE,auc,0.6433557412790697,-0.18985032415231418,False,0.0,long_seq,activity_sit_to_stand,Age_Gender_BMI_height_VAT,0.8332060654313839,female,categorical,"Medication use indicator for systemic hormonal contraceptives including oral contraceptive pills, patches, and injections",,1.0,10,3396,34,1.0
medications,DRUGSAFFECTINGBONESTRUCTUREANDMINERALIZATION,auc,0.6046925289324111,-0.2020474540172904,False,0.0,long_seq,activity_sit_to_stand,Age_Gender_BMI_height_VAT,0.8067399829497015,female,categorical,Medication use indicator for drugs affecting bone metabolism including bisphosphonates and other bone-modifying agents used for osteoporosis,,1.0,10,3396,45,1.0
medications,ACEINHIBITORSPLAIN,auc,0.4998119571960298,-0.20684076895019077,False,0.0,long_seq,activity_sit_to_stand,Age_Gender_BMI_height_VAT,0.7066527261462205,male,categorical,Medication use indicator for ACE inhibitors in single-agent formulations (used to treat hypertension and heart disease),,1.0,10,3396,60,1.0
medications,ANTIGOUTPREPARATIONS,auc,0.4403444034440344,-0.23233509423546322,False,0.0,long_seq,activity_sit_to_stand,Age_Gender_BMI_height_VAT,0.6726794976794976,male,categorical,Medication use indicator for gout treatment medications (used to treat gout and hyperuricemia),,1.0,10,3396,20,1.0
medications,ANTIGLAUCOMAPREPARATIONSANDMIOTICS,auc,0.4123358081096516,-0.23351174592902874,False,0.0,long_seq,activity_sit_to_stand,Age_Gender_BMI_height_VAT,0.6458475540386803,female,categorical,Medication use indicator for anti-glaucoma and miotic medications (used to treat glaucoma and reduce intraocular pressure),,1.0,10,3396,9,1.0
medications,ANTIGOUTPREPARATIONS,auc,0.5535396919431278,-0.2405504114542134,False,0.0,long_seq,activity_sit_to_stand,Age_Gender_BMI_height_VAT,0.7940901033973412,all,categorical,Medication use indicator for gout treatment medications (used to treat gout and hyperuricemia),,1.0,10,3396,20,1.0
medications,ANGIOTENSINIIRECEPTORBLOCKERSARBsPLAIN,auc,0.4835749646393211,-0.2620369018625331,False,0.0,long_seq,activity_sit_to_stand,Age_Gender_BMI_height_VAT,0.7456118665018542,male,categorical,,,1.0,10,3396,52,1.0
medications,ANTIGOUTPREPARATIONS,auc,0.3290571428571428,-0.40096562322140017,False,0.0,long_seq,activity_sit_to_stand,Age_Gender_BMI_height_VAT,0.730022766078543,female,categorical,Medication use indicator for gout treatment medications (used to treat gout and hyperuricemia),,1.0,10,3396,20,1.0
medications,OTHERGYNECOLOGICALSinATC,auc,,,,,long_seq,activity_sit_to_stand,Age_Gender_BMI_height_VAT,,male,categorical,"Medication use indicator for gynecological drugs classified by ATC code, used in treatment of gynecological conditions",,,10,3396,16,
medications,ESTROGENSSEXHORMONESANDMODULATORSOFTHEGENITALSYSTEM,auc,,,,,long_seq,activity_sit_to_stand,Age_Gender_BMI_height_VAT,,male,categorical,Medication use indicator for estrogen and hormone modulators used in hormone replacement therapy and reproductive health management,,,10,3396,114,
medications,PROGESTOGENSANDESTROGENSINCOMBINATION,auc,,,,,long_seq,activity_sit_to_stand,Age_Gender_BMI_height_VAT,,male,categorical,"Medication use indicator for combined progestogen and estrogen preparations, used in hormone replacement therapy and contraception",,,10,3396,59,
medications,HORMONEANTAGONISTSANDRELATEDAGENTS,auc,,,,,long_seq,activity_sit_to_stand,Age_Gender_BMI_height_VAT,,male,categorical,Medication use indicator for hormone antagonists and blockers used in cancer treatment and other hormone-dependent conditions,,,10,3396,20,
medications,PROGESTOGENSEXHORMONESANDMODULATORSOFTHEGENITALSYSTEM,auc,,,,,long_seq,activity_sit_to_stand,Age_Gender_BMI_height_VAT,,male,categorical,"Medication use indicator for progestogens and sex hormone modulators of the genital system, used in hormone therapy",,,10,3396,20,
medications,UROLOGICALS,auc,0.5615502100038182,0.24748384757750147,True,1.0,long_seq,activity_stationary_walk,Age_Gender_BMI_height_VAT,0.31406636242631675,female,categorical,Medication use indicator for urological agents used to treat urinary tract and genitourinary disorders,,0.0009765625,10,3395,16,0.0072265624999999995
medications,OTHERPLAINVITAMINPREPARATIONSinATC,auc,0.620993296770262,0.23577431866807236,True,1.0,long_seq,activity_stationary_walk,Age_Gender_BMI_height_VAT,0.3852189781021897,male,categorical,"Supplement use indicator for vitamin preparations classified by ATC code, representing nutritional supplementation",,0.0009765625,10,3395,11,0.00498046875
medications,ANTIEPILEPTICS,auc,0.5208486332109343,0.17649242605692633,True,1.0,long_seq,activity_stationary_walk,Age_Gender_BMI_height_VAT,0.344356207154008,male,categorical,Medication use indicator for antiepileptic/anticonvulsant medications (used to treat seizures and neuropathic pain),,0.0009765625,10,3395,19,0.00498046875
medications,OTHERGYNECOLOGICALSinATC,auc,0.5806055587557604,0.13792053293820444,True,1.0,long_seq,activity_stationary_walk,Age_Gender_BMI_height_VAT,0.4426850258175559,female,categorical,"Medication use indicator for gynecological drugs classified by ATC code, used in treatment of gynecological conditions",,0.0009765625,10,3395,16,0.0072265624999999995
medications,ADRENERGICSINHALANTS,auc,0.5279801793298726,0.11699049540693701,True,1.0,long_seq,activity_stationary_walk,Age_Gender_BMI_height_VAT,0.4109896839229356,male,categorical,Medication use indicator for adrenergic inhalant medications (used for bronchospasm and respiratory conditions),,0.0009765625,10,3395,31,0.00498046875
medications,ANTIEPILEPTICS,auc,0.544004115739586,0.0982786828425175,True,1.0,long_seq,activity_stationary_walk,Age_Gender_BMI_height_VAT,0.44572543289706845,all,categorical,Medication use indicator for antiepileptic/anticonvulsant medications (used to treat seizures and neuropathic pain),,0.0009765625,10,3395,19,0.018229166666666668
medications,ANTIHISTAMINESFORSYSTEMICUSE,auc,0.6594098044374288,0.07655791368112619,True,1.0,long_seq,activity_stationary_walk,Age_Gender_BMI_height_VAT,0.5828518907563026,male,categorical,Medication use indicator for systemic antihistamine medications (used to treat allergies and related conditions),,0.0009765625,10,3395,33,0.00498046875
medications,ANTIMIGRAINEPREPARATIONS,auc,0.5775603765861645,0.07414387299842817,True,0.0,long_seq,activity_stationary_walk,Age_Gender_BMI_height_VAT,0.5034165035877364,female,categorical,Medication use indicator for antimigraine medications (used to treat and prevent migraine headaches),,0.0244140625,10,3395,9,0.12904575892857142
medications,PROGESTOGENSEXHORMONESANDMODULATORSOFTHEGENITALSYSTEM,auc,0.4940304255728865,0.0602984402586228,True,1.0,long_seq,activity_stationary_walk,Age_Gender_BMI_height_VAT,0.4337319853142637,female,categorical,"Medication use indicator for progestogens and sex hormone modulators of the genital system, used in hormone therapy",,0.0048828125,10,3395,21,0.030110677083333332
medications,ANTIDEPRESSANTS,auc,0.5619910410874266,0.05672699064380948,True,1.0,long_seq,activity_stationary_walk,Age_Gender_BMI_height_VAT,0.5052640504436171,male,categorical,Medication use indicator for antidepressant medications (used to treat depression and related psychiatric conditions),,0.0009765625,10,3395,229,0.00498046875
medications,HORMONALCONTRACEPTIVESFORSYSTEMICUSE,auc,0.10612431444241313,0.056337209819542114,True,1.0,long_seq,activity_stationary_walk,Age_Gender_BMI_height_VAT,0.04978710462287102,male,categorical,"Medication use indicator for systemic hormonal contraceptives including oral contraceptive pills, patches, and injections",,0.001953125,10,3395,34,0.007662259615384616
medications,ANTIDEPRESSANTS,auc,0.5971941691260513,0.05512997372084205,True,1.0,long_seq,activity_stationary_walk,Age_Gender_BMI_height_VAT,0.5420641954052092,female,categorical,Medication use indicator for antidepressant medications (used to treat depression and related psychiatric conditions),,0.0009765625,10,3395,229,0.0072265624999999995
medications,OTHERPLAINVITAMINPREPARATIONSinATC,auc,0.6911965321603876,0.053469548033403425,True,1.0,long_seq,activity_stationary_walk,Age_Gender_BMI_height_VAT,0.6377269841269841,female,categorical,"Supplement use indicator for vitamin preparations classified by ATC code, representing nutritional supplementation",,0.0009765625,10,3395,11,0.0072265624999999995
medications,ADRENERGICSINHALANTS,auc,0.5406812166775345,0.048401544803430896,True,0.0,long_seq,activity_stationary_walk,Age_Gender_BMI_height_VAT,0.49227967187410365,all,categorical,Medication use indicator for adrenergic inhalant medications (used for bronchospasm and respiratory conditions),,0.009765625,10,3395,31,0.078125
medications,HORMONEANTAGONISTSANDRELATEDAGENTS,auc,0.5647834872979215,0.04213541369240115,True,0.0,long_seq,activity_stationary_walk,Age_Gender_BMI_height_VAT,0.5226480736055203,female,categorical,Medication use indicator for hormone antagonists and blockers used in cancer treatment and other hormone-dependent conditions,,0.009765625,10,3395,20,0.05419921875
medications,DRUGSFORPEPTICULCERANDGASTROOESOPHAGEALREFLUXDISEASEGORD,auc,0.6583691303432302,0.032082875614352524,True,1.0,long_seq,activity_stationary_walk,Age_Gender_BMI_height_VAT,0.6262862547288777,male,categorical,Medication use indicator for antiulcer and GORD medications including proton pump inhibitors and H2 antagonists,,0.0009765625,10,3395,108,0.00498046875
medications,IRONANTIANEMICPREPARATIONS,auc,0.5761668625146885,0.02987078293598744,True,1.0,long_seq,activity_stationary_walk,Age_Gender_BMI_height_VAT,0.5462960795787011,female,categorical,Supplement/medication use indicator for iron supplements and anti-anemia medications used to treat iron deficiency anemia,,0.001953125,10,3395,71,0.012752757352941178
medications,UROLOGICALS,auc,0.5739586416099438,0.02889908886322523,True,1.0,long_seq,activity_stationary_walk,Age_Gender_BMI_height_VAT,0.5450595527467186,all,categorical,Medication use indicator for urological agents used to treat urinary tract and genitourinary disorders,,0.0048828125,10,3395,16,0.04557291666666667
medications,ANTIEPILEPTICS,auc,0.5643685419058554,0.027415997594820385,True,0.0,long_seq,activity_stationary_walk,Age_Gender_BMI_height_VAT,0.536952544311035,female,categorical,Medication use indicator for antiepileptic/anticonvulsant medications (used to treat seizures and neuropathic pain),,0.080078125,10,3395,19,0.3418719951923077
medications,OTHERPLAINVITAMINPREPARATIONSinATC,auc,0.7088464431549537,0.02434973773897897,True,0.0,long_seq,activity_stationary_walk,Age_Gender_BMI_height_VAT,0.6844967054159747,all,categorical,"Supplement use indicator for vitamin preparations classified by ATC code, representing nutritional supplementation",,0.080078125,10,3395,11,0.49826388888888884
medications,ANTIDEPRESSANTS,auc,0.597608046189453,0.021186272824167074,True,1.0,long_seq,activity_stationary_walk,Age_Gender_BMI_height_VAT,0.5764217733652859,all,categorical,Medication use indicator for antidepressant medications (used to treat depression and related psychiatric conditions),,0.001953125,10,3395,229,0.021875
medications,ASCORBICACIDVITAMINCINCLCOMBINATIONS,auc,0.5839179104477611,0.01378578310892975,True,0.0,long_seq,activity_stationary_walk,Age_Gender_BMI_height_VAT,0.5701321273388313,male,categorical,Medication/supplement use indicator for Vitamin C and combination vitamin preparations used for immune support and antioxidant purposes,,0.0322265625,10,3395,73,0.10603578629032259
medications,ANTIHISTAMINESFORSYSTEMICUSE,auc,0.5828862689957276,0.012271760925703479,True,0.0,long_seq,activity_stationary_walk,Age_Gender_BMI_height_VAT,0.5706145080700241,all,categorical,Medication use indicator for systemic antihistamine medications (used to treat allergies and related conditions),,0.1875,10,3395,33,1.0
medications,OTHERGYNECOLOGICALSinATC,auc,0.7234629328203611,0.010098002162349906,True,0.0,long_seq,activity_stationary_walk,Age_Gender_BMI_height_VAT,0.7133649306580112,all,categorical,"Medication use indicator for gynecological drugs classified by ATC code, used in treatment of gynecological conditions",,0.2158203125,10,3395,16,1.0
medications,DRUGSAFFECTINGBONESTRUCTUREANDMINERALIZATION,auc,0.7148061497326205,0.008545376866342935,True,0.0,long_seq,activity_stationary_walk,Age_Gender_BMI_height_VAT,0.7062607728662775,male,categorical,Medication use indicator for drugs affecting bone metabolism including bisphosphonates and other bone-modifying agents used for osteoporosis,,0.1611328125,10,3395,45,0.45654296874999994
medications,DRUGSUSEDINBENIGNPROSTATICHYPERTROPHY,auc,0.3543049199084668,0.00806560366915049,True,0.0,long_seq,activity_stationary_walk,Age_Gender_BMI_height_VAT,0.3462393162393163,female,categorical,Medication use indicator for alpha-blockers and 5-alpha reductase inhibitors used to treat benign prostatic hyperplasia symptoms,,0.2783203125,10,3395,43,0.9965662802419356
medications,DECONGESTANTSANDOTHERNASALPREPARATIONSFORTOPICALUSE,auc,0.3900886727688787,0.006028843709049658,True,0.0,long_seq,activity_stationary_walk,Age_Gender_BMI_height_VAT,0.38405982905982905,female,categorical,Medication use indicator for nasal decongestants and topical nasal preparations used for congestion and rhinitis symptoms,,0.5,10,3395,13,1.0
medications,IRONANTIANEMICPREPARATIONS,auc,0.536427690681698,0.005941243795251072,True,0.0,long_seq,activity_stationary_walk,Age_Gender_BMI_height_VAT,0.530486446886447,male,categorical,Supplement/medication use indicator for iron supplements and anti-anemia medications used to treat iron deficiency anemia,,0.34765625,10,3395,71,0.9331825657894737
medications,DRUGSFORPEPTICULCERANDGASTROOESOPHAGEALREFLUXDISEASEGORD,auc,0.6807561211957319,0.004509758059772273,True,0.0,long_seq,activity_stationary_walk,Age_Gender_BMI_height_VAT,0.6762463631359596,all,categorical,Medication use indicator for antiulcer and GORD medications including proton pump inhibitors and H2 antagonists,,0.0654296875,10,3395,108,0.43106617647058826
medications,ANTIMIGRAINEPREPARATIONS,auc,0.6169784078230622,0.004015444860099304,True,0.0,long_seq,activity_stationary_walk,Age_Gender_BMI_height_VAT,0.6129629629629629,all,categorical,Medication use indicator for antimigraine medications (used to treat and prevent migraine headaches),,0.4228515625,10,3395,9,1.0
medications,ADRENERGICSINHALANTS,auc,0.5495290272971933,0.0020307823549506887,True,0.0,long_seq,activity_stationary_walk,Age_Gender_BMI_height_VAT,0.5474982449422426,female,categorical,Medication use indicator for adrenergic inhalant medications (used for bronchospasm and respiratory conditions),,0.2783203125,10,3395,31,0.9965662802419356
medications,DRUGSUSEDINBENIGNPROSTATICHYPERTROPHY,auc,0.5402423428607968,-0.004962131155127336,False,0.0,long_seq,activity_stationary_walk,Age_Gender_BMI_height_VAT,0.5452044740159241,male,categorical,Medication use indicator for alpha-blockers and 5-alpha reductase inhibitors used to treat benign prostatic hyperplasia symptoms,,0.65234375,10,3395,43,1.0
medications,HORMONEANTAGONISTSANDRELATEDAGENTS,auc,0.7464785185185185,-0.00819799551397793,False,0.0,long_seq,activity_stationary_walk,Age_Gender_BMI_height_VAT,0.7546765140324965,all,categorical,Medication use indicator for hormone antagonists and blockers used in cancer treatment and other hormone-dependent conditions,,0.7841796875,10,3395,20,1.0
medications,VITAMINBn12nANDFOLICACID,auc,0.5603882328416045,-0.013598817354148252,False,0.0,long_seq,activity_stationary_walk,Age_Gender_BMI_height_VAT,0.5739870501957528,female,categorical,Medication use indicator for Vitamin B12 and Folic Acid combination supplements or co-administered formulations,,0.9755859375,10,3395,281,1.0
medications,ASCORBICACIDVITAMINCINCLCOMBINATIONS,auc,0.5651831294895796,-0.015234037377167109,False,0.0,long_seq,activity_stationary_walk,Age_Gender_BMI_height_VAT,0.5804171668667467,all,categorical,Medication/supplement use indicator for Vitamin C and combination vitamin preparations used for immune support and antioxidant purposes,,0.9345703125,10,3395,73,1.0
medications,OTHERMINERALSUPPLEMENTSinATC,auc,0.5680700451351198,-0.016337606550018813,False,0.0,long_seq,activity_stationary_walk,Age_Gender_BMI_height_VAT,0.5844076516851386,female,categorical,"Supplement use indicator for mineral supplements (e.g., calcium, magnesium, iron) classified by ATC code",,1.0,10,3395,376,1.0
medications,PROGESTOGENSEXHORMONESANDMODULATORSOFTHEGENITALSYSTEM,auc,0.692583340390098,-0.016585155613504488,False,0.0,long_seq,activity_stationary_walk,Age_Gender_BMI_height_VAT,0.7091684960036024,all,categorical,"Medication use indicator for progestogens and sex hormone modulators of the genital system, used in hormone therapy",,0.9755859375,10,3395,21,1.0
medications,LIPIDMODIFYINGAGENTSPLAIN,auc,0.6215755277461762,-0.018058373151461082,False,0.0,long_seq,activity_stationary_walk,Age_Gender_BMI_height_VAT,0.6396339008976373,male,categorical,"Medication use indicator for lipid-modifying agents (e.g., statins) used to treat dyslipidemia and reduce cardiovascular risk",,1.0,10,3395,540,1.0
medications,ANTIHISTAMINESFORSYSTEMICUSE,auc,0.5296990311902086,-0.01895493130222936,False,0.0,long_seq,activity_stationary_walk,Age_Gender_BMI_height_VAT,0.5486539624924379,female,categorical,Medication use indicator for systemic antihistamine medications (used to treat allergies and related conditions),,0.8837890625,10,3395,33,1.0
medications,DRUGSFORPEPTICULCERANDGASTROOESOPHAGEALREFLUXDISEASEGORD,auc,0.695252591940532,-0.020908765939849805,False,0.0,long_seq,activity_stationary_walk,Age_Gender_BMI_height_VAT,0.7161613578803818,female,categorical,Medication use indicator for antiulcer and GORD medications including proton pump inhibitors and H2 antagonists,,0.9990234375,10,3395,108,1.0
medications,LOWCEILINGDIURETICSTHIAZIDES,auc,0.7457584430452203,-0.02426436197188353,False,0.0,long_seq,activity_stationary_walk,Age_Gender_BMI_height_VAT,0.7700228050171039,female,categorical,Medication use indicator for thiazide diuretics used to treat hypertension and edema,,0.9033203125,10,3395,8,1.0
medications,IRONANTIANEMICPREPARATIONS,auc,0.5870684395179744,-0.02458591975101687,False,0.0,long_seq,activity_stationary_walk,Age_Gender_BMI_height_VAT,0.6116543592689913,all,categorical,Supplement/medication use indicator for iron supplements and anti-anemia medications used to treat iron deficiency anemia,,0.9990234375,10,3395,71,1.0
medications,OTHERMINERALSUPPLEMENTSinATC,auc,0.5888887363768633,-0.028138941939292894,False,0.0,long_seq,activity_stationary_walk,Age_Gender_BMI_height_VAT,0.6170276783161562,male,categorical,"Supplement use indicator for mineral supplements (e.g., calcium, magnesium, iron) classified by ATC code",,1.0,10,3395,376,1.0
medications,OTHERMINERALSUPPLEMENTSinATC,auc,0.589151332341976,-0.0297572383175031,False,0.0,long_seq,activity_stationary_walk,Age_Gender_BMI_height_VAT,0.6189085706594791,all,categorical,"Supplement use indicator for mineral supplements (e.g., calcium, magnesium, iron) classified by ATC code",,1.0,10,3395,376,1.0
medications,VITAMINAANDDINCLCOMBINATIONSOFTHETWO,auc,0.6105155346606841,-0.02988525617374771,False,0.0,long_seq,activity_stationary_walk,Age_Gender_BMI_height_VAT,0.6404007908344318,female,categorical,Medication use indicator for Vitamin A and Vitamin D combination supplements or co-administered formulations,,1.0,10,3395,516,1.0
medications,UROLOGICALS,auc,0.5704164115125535,-0.03042595712798024,False,0.0,long_seq,activity_stationary_walk,Age_Gender_BMI_height_VAT,0.6008423686405338,male,categorical,Medication use indicator for urological agents used to treat urinary tract and genitourinary disorders,,0.9951171875,10,3395,16,1.0
medications,LIPIDMODIFYINGAGENTSPLAIN,auc,0.6440651229162613,-0.030970761386550638,False,0.0,long_seq,activity_stationary_walk,Age_Gender_BMI_height_VAT,0.6750358843028119,all,categorical,"Medication use indicator for lipid-modifying agents (e.g., statins) used to treat dyslipidemia and reduce cardiovascular risk",,1.0,10,3395,540,1.0
medications,BETABLOCKINGAGENTS,auc,0.7741811846689894,-0.03291925874724355,False,0.0,long_seq,activity_stationary_walk,Age_Gender_BMI_height_VAT,0.807100443416233,female,categorical,"Medication use indicator for beta-blockers used to treat hypertension, angina, heart failure, and arrhythmias",,1.0,10,3395,62,1.0
medications,VITAMINBn1nPLAINANDINCOMBINATIONWITHVITAMINBn6nANDBn12n,auc,0.5985091642550204,-0.034010762170485376,False,0.0,long_seq,activity_stationary_walk,Age_Gender_BMI_height_VAT,0.6325199264255058,male,categorical,Medication use indicator for Vitamin B1 alone or in combination with Vitamin B6 and B12 formulations,,0.9951171875,10,3395,38,1.0
medications,VITAMINAANDDINCLCOMBINATIONSOFTHETWO,auc,0.5854449637310745,-0.03602347817884255,False,0.0,long_seq,activity_stationary_walk,Age_Gender_BMI_height_VAT,0.621468441909917,male,categorical,Medication use indicator for Vitamin A and Vitamin D combination supplements or co-administered formulations,,1.0,10,3395,516,1.0
medications,VITAMINBn12nANDFOLICACID,auc,0.5481270442062822,-0.03614294532460627,False,0.0,long_seq,activity_stationary_walk,Age_Gender_BMI_height_VAT,0.5842699895308885,all,categorical,Medication use indicator for Vitamin B12 and Folic Acid combination supplements or co-administered formulations,,1.0,10,3395,281,1.0
medications,PSYCHOSTIMULANTSAGENTSUSEDFORADHDANDNOOTROPICS,auc,0.6292654105154105,-0.03625177527165335,False,0.0,long_seq,activity_stationary_walk,Age_Gender_BMI_height_VAT,0.6655171857870639,female,categorical,Medication use indicator for psychostimulants and nootropic agents used to treat ADHD and cognitive disorders,,0.9970703125,10,3395,61,1.0
medications,VITAMINAANDDINCLCOMBINATIONSOFTHETWO,auc,0.6335628757832044,-0.03762780992947645,False,0.0,long_seq,activity_stationary_walk,Age_Gender_BMI_height_VAT,0.6711906857126808,all,categorical,Medication use indicator for Vitamin A and Vitamin D combination supplements or co-administered formulations,,1.0,10,3395,516,1.0
medications,ESTROGENSSEXHORMONESANDMODULATORSOFTHEGENITALSYSTEM,auc,0.7523433698540775,-0.03810755852788539,False,0.0,long_seq,activity_stationary_walk,Age_Gender_BMI_height_VAT,0.7904509283819628,all,categorical,Medication use indicator for estrogen and hormone modulators used in hormone replacement therapy and reproductive health management,,1.0,10,3395,114,1.0
medications,PSYCHOSTIMULANTSAGENTSUSEDFORADHDANDNOOTROPICS,auc,0.6367760874054696,-0.04059811841459471,False,0.0,long_seq,activity_stationary_walk,Age_Gender_BMI_height_VAT,0.6773742058200644,all,categorical,Medication use indicator for psychostimulants and nootropic agents used to treat ADHD and cognitive disorders,,0.998046875,10,3395,61,1.0
medications,PSYCHOSTIMULANTSAGENTSUSEDFORADHDANDNOOTROPICS,auc,0.6392286773794809,-0.043337639708736275,False,0.0,long_seq,activity_stationary_walk,Age_Gender_BMI_height_VAT,0.6825663170882171,male,categorical,Medication use indicator for psychostimulants and nootropic agents used to treat ADHD and cognitive disorders,,0.9970703125,10,3395,61,1.0
medications,DRUGSUSEDINBENIGNPROSTATICHYPERTROPHY,auc,0.6811025697951935,-0.04369786737537229,False,0.0,long_seq,activity_stationary_walk,Age_Gender_BMI_height_VAT,0.7248004371705657,all,categorical,Medication use indicator for alpha-blockers and 5-alpha reductase inhibitors used to treat benign prostatic hyperplasia symptoms,,1.0,10,3395,43,1.0
medications,HYPNOTICSANDSEDATIVES,auc,0.338472323481577,-0.044238715479461954,False,0.0,long_seq,activity_stationary_walk,Age_Gender_BMI_height_VAT,0.382711038961039,male,categorical,"Medication use indicator for sleeping aids and sedative medications (benzodiazepines, non-benzodiazepine hypnotics, barbiturates) used for insomnia and sedation",,1.0,10,3395,45,1.0
medications,PROGESTOGENSANDESTROGENSINCOMBINATION,auc,0.7453557492988659,-0.04458695993148254,False,0.0,long_seq,activity_stationary_walk,Age_Gender_BMI_height_VAT,0.7899427092303485,all,categorical,"Medication use indicator for combined progestogen and estrogen preparations, used in hormone replacement therapy and contraception",,1.0,10,3395,59,1.0
medications,LIPIDMODIFYINGAGENTSPLAIN,auc,0.6562925202092889,-0.0450567396926026,False,0.0,long_seq,activity_stationary_walk,Age_Gender_BMI_height_VAT,0.7013492599018915,female,categorical,"Medication use indicator for lipid-modifying agents (e.g., statins) used to treat dyslipidemia and reduce cardiovascular risk",,1.0,10,3395,540,1.0
medications,ASCORBICACIDVITAMINCINCLCOMBINATIONS,auc,0.5472501995946694,-0.04517693884993135,False,0.0,long_seq,activity_stationary_walk,Age_Gender_BMI_height_VAT,0.5924271384446007,female,categorical,Medication/supplement use indicator for Vitamin C and combination vitamin preparations used for immune support and antioxidant purposes,,1.0,10,3395,73,1.0
medications,VITAMINBn1nPLAINANDINCOMBINATIONWITHVITAMINBn6nANDBn12n,auc,0.6172248091184172,-0.05297759196633689,False,0.0,long_seq,activity_stationary_walk,Age_Gender_BMI_height_VAT,0.670202401084754,all,categorical,Medication use indicator for Vitamin B1 alone or in combination with Vitamin B6 and B12 formulations,,1.0,10,3395,38,1.0
medications,HYPNOTICSANDSEDATIVES,auc,0.41331011608623547,-0.053646563807944414,False,0.0,long_seq,activity_stationary_walk,Age_Gender_BMI_height_VAT,0.4669566798941799,all,categorical,"Medication use indicator for sleeping aids and sedative medications (benzodiazepines, non-benzodiazepine hypnotics, barbiturates) used for insomnia and sedation",,1.0,10,3395,45,1.0
medications,ANTIMIGRAINEPREPARATIONS,auc,0.57739183424741,-0.05743176672582595,False,0.0,long_seq,activity_stationary_walk,Age_Gender_BMI_height_VAT,0.634823600973236,male,categorical,Medication use indicator for antimigraine medications (used to treat and prevent migraine headaches),,0.8837890625,10,3395,9,1.0
medications,VITAMINBn12nANDFOLICACID,auc,0.5317837252475248,-0.060718561497529855,False,0.0,long_seq,activity_stationary_walk,Age_Gender_BMI_height_VAT,0.5925022867450547,male,categorical,Medication use indicator for Vitamin B12 and Folic Acid combination supplements or co-administered formulations,,1.0,10,3395,281,1.0
medications,CALCIUMSUPPLEMENTS,auc,0.6077778915832329,-0.06181305061706599,False,0.0,long_seq,activity_stationary_walk,Age_Gender_BMI_height_VAT,0.6695909422002989,male,categorical,Supplement use indicator for calcium supplements used for bone health and to treat calcium deficiency,,1.0,10,3395,175,1.0
medications,BLOODGLUCOSELOWERINGDRUGSEXCLINSULINS,auc,0.6054596022806286,-0.06190662715930484,False,0.0,long_seq,activity_stationary_walk,Age_Gender_BMI_height_VAT,0.6673662294399334,male,categorical,"Medication use indicator for oral antidiabetic drugs (metformin, sulfonylureas, DPP-4 inhibitors, etc.) used to manage type 2 diabetes, excluding insulin",,1.0,10,3395,103,1.0
medications,ACEINHIBITORSPLAIN,auc,0.644667520173805,-0.061985205972415525,False,0.0,long_seq,activity_stationary_walk,Age_Gender_BMI_height_VAT,0.7066527261462205,male,categorical,Medication use indicator for ACE inhibitors in single-agent formulations (used to treat hypertension and heart disease),,1.0,10,3395,60,1.0
medications,DECONGESTANTSANDOTHERNASALPREPARATIONSFORTOPICALUSE,auc,0.5773461311013056,-0.062346811569231386,False,0.0,long_seq,activity_stationary_walk,Age_Gender_BMI_height_VAT,0.639692942670537,all,categorical,Medication use indicator for nasal decongestants and topical nasal preparations used for congestion and rhinitis symptoms,,1.0,10,3395,13,1.0
medications,BLOODGLUCOSELOWERINGDRUGSEXCLINSULINS,auc,0.6032051811393316,-0.06451788646256063,False,0.0,long_seq,activity_stationary_walk,Age_Gender_BMI_height_VAT,0.6677230676018923,all,categorical,"Medication use indicator for oral antidiabetic drugs (metformin, sulfonylureas, DPP-4 inhibitors, etc.) used to manage type 2 diabetes, excluding insulin",,1.0,10,3395,103,1.0
medications,HYPNOTICSANDSEDATIVES,auc,0.4814192672316242,-0.06658338754697724,False,0.0,long_seq,activity_stationary_walk,Age_Gender_BMI_height_VAT,0.5480026547786014,female,categorical,"Medication use indicator for sleeping aids and sedative medications (benzodiazepines, non-benzodiazepine hypnotics, barbiturates) used for insomnia and sedation",,0.9990234375,10,3395,45,1.0
medications,ACEINHIBITORSPLAIN,auc,0.661375812093953,-0.06909603643619144,False,0.0,long_seq,activity_stationary_walk,Age_Gender_BMI_height_VAT,0.7304718485301445,all,categorical,Medication use indicator for ACE inhibitors in single-agent formulations (used to treat hypertension and heart disease),,1.0,10,3395,60,1.0
medications,VITAMINBn1nPLAINANDINCOMBINATIONWITHVITAMINBn6nANDBn12n,auc,0.6177710262345679,-0.06923785945227168,False,0.0,long_seq,activity_stationary_walk,Age_Gender_BMI_height_VAT,0.6870088856868396,female,categorical,Medication use indicator for Vitamin B1 alone or in combination with Vitamin B6 and B12 formulations,,0.9990234375,10,3395,38,1.0
medications,ESTROGENSSEXHORMONESANDMODULATORSOFTHEGENITALSYSTEM,auc,0.5091505473084419,-0.07136868790049045,False,0.0,long_seq,activity_stationary_walk,Age_Gender_BMI_height_VAT,0.5805192352089323,female,categorical,Medication use indicator for estrogen and hormone modulators used in hormone replacement therapy and reproductive health management,,1.0,10,3395,114,1.0
medications,BLOODGLUCOSELOWERINGDRUGSEXCLINSULINS,auc,0.5947726254936286,-0.07158031568284196,False,0.0,long_seq,activity_stationary_walk,Age_Gender_BMI_height_VAT,0.6663529411764706,female,categorical,"Medication use indicator for oral antidiabetic drugs (metformin, sulfonylureas, DPP-4 inhibitors, etc.) used to manage type 2 diabetes, excluding insulin",,1.0,10,3395,103,1.0
medications,ANTITHROMBOTICAGENTS,auc,0.7395899385433728,-0.07171166716006983,False,0.0,long_seq,activity_stationary_walk,Age_Gender_BMI_height_VAT,0.8113016057034427,all,categorical,Medication use indicator for antithrombotic agents including anticoagulants and antiplatelet drugs (used to prevent blood clots),,1.0,10,3395,122,1.0
medications,ANTITHROMBOTICAGENTS,auc,0.7049153914291824,-0.07184309671944034,False,0.0,long_seq,activity_stationary_walk,Age_Gender_BMI_height_VAT,0.7767584881486227,male,categorical,Medication use indicator for antithrombotic agents including anticoagulants and antiplatelet drugs (used to prevent blood clots),,1.0,10,3395,122,1.0
medications,LIPIDMODIFYINGAGENTSCOMBINATIONS,auc,0.6137757330006237,-0.07230614744769503,False,0.0,long_seq,activity_stationary_walk,Age_Gender_BMI_height_VAT,0.6860818804483187,male,categorical,"Medication use indicator for lipid-lowering drugs including statins, fibrates, and combination lipid therapies used to manage dyslipidemia",,1.0,10,3395,69,1.0
medications,ACEINHIBITORSPLAIN,auc,0.6785362114683461,-0.07396853393068004,False,0.0,long_seq,activity_stationary_walk,Age_Gender_BMI_height_VAT,0.7525047453990261,female,categorical,Medication use indicator for ACE inhibitors in single-agent formulations (used to treat hypertension and heart disease),,1.0,10,3395,60,1.0
medications,CALCIUMSUPPLEMENTS,auc,0.6466816326530612,-0.07467847349466095,False,0.0,long_seq,activity_stationary_walk,Age_Gender_BMI_height_VAT,0.7213601061477222,all,categorical,Supplement use indicator for calcium supplements used for bone health and to treat calcium deficiency,,1.0,10,3395,175,1.0
medications,PROGESTOGENSANDESTROGENSINCOMBINATION,auc,0.5105679417742047,-0.0759898847462338,False,0.0,long_seq,activity_stationary_walk,Age_Gender_BMI_height_VAT,0.5865578265204385,female,categorical,"Medication use indicator for combined progestogen and estrogen preparations, used in hormone replacement therapy and contraception",,1.0,10,3395,59,1.0
medications,THYROIDPREPARATIONS,auc,0.48293933987511145,-0.07746951582469958,False,0.0,long_seq,activity_stationary_walk,Age_Gender_BMI_height_VAT,0.560408855699811,female,categorical,"Medication use indicator for thyroid hormone preparations (e.g., levothyroxine) used to treat hypothyroidism",,1.0,10,3395,150,1.0
medications,DECONGESTANTSANDOTHERNASALPREPARATIONSFORTOPICALUSE,auc,0.6167482660138719,-0.07770635965639217,False,0.0,long_seq,activity_stationary_walk,Age_Gender_BMI_height_VAT,0.6944546256702641,male,categorical,Medication use indicator for nasal decongestants and topical nasal preparations used for congestion and rhinitis symptoms,,1.0,10,3395,13,1.0
medications,ANTIGLAUCOMAPREPARATIONSANDMIOTICS,auc,0.5677327241576242,-0.07811482988105611,False,0.0,long_seq,activity_stationary_walk,Age_Gender_BMI_height_VAT,0.6458475540386803,female,categorical,Medication use indicator for anti-glaucoma and miotic medications (used to treat glaucoma and reduce intraocular pressure),,0.9814453125,10,3395,9,1.0
medications,BETABLOCKINGAGENTS,auc,0.7068648800363907,-0.0798917515384937,False,0.0,long_seq,activity_stationary_walk,Age_Gender_BMI_height_VAT,0.7867566315748844,all,categorical,"Medication use indicator for beta-blockers used to treat hypertension, angina, heart failure, and arrhythmias",,1.0,10,3395,62,1.0
medications,HORMONALCONTRACEPTIVESFORSYSTEMICUSE,auc,0.775676006790696,-0.08161455108181526,False,0.0,long_seq,activity_stationary_walk,Age_Gender_BMI_height_VAT,0.8572905578725113,all,categorical,"Medication use indicator for systemic hormonal contraceptives including oral contraceptive pills, patches, and injections",,1.0,10,3395,34,1.0
medications,DRUGSAFFECTINGBONESTRUCTUREANDMINERALIZATION,auc,0.7165034825870646,-0.08436490365632143,False,0.0,long_seq,activity_stationary_walk,Age_Gender_BMI_height_VAT,0.8008683862433861,all,categorical,Medication use indicator for drugs affecting bone metabolism including bisphosphonates and other bone-modifying agents used for osteoporosis,,1.0,10,3395,45,1.0
medications,CALCIUMSUPPLEMENTS,auc,0.6131928581190574,-0.0880663881799929,False,0.0,long_seq,activity_stationary_walk,Age_Gender_BMI_height_VAT,0.7012592462990503,female,categorical,Supplement use indicator for calcium supplements used for bone health and to treat calcium deficiency,,1.0,10,3395,175,1.0
medications,SELECTIVECALCIUMCHANNELBLOCKERSWITHMAINLYVASCULAREFFECTS,auc,0.7043753841425937,-0.08817446248317307,False,0.0,long_seq,activity_stationary_walk,Age_Gender_BMI_height_VAT,0.7925498466257668,male,categorical,"Medication use indicator for selective calcium channel blockers with vascular effects (e.g., dihydropyridines) used to treat hypertension and angina",,1.0,10,3395,31,1.0
medications,LIPIDMODIFYINGAGENTSCOMBINATIONS,auc,0.6141803271545225,-0.09052373568216465,False,0.0,long_seq,activity_stationary_walk,Age_Gender_BMI_height_VAT,0.7047040628366872,all,categorical,"Medication use indicator for lipid-lowering drugs including statins, fibrates, and combination lipid therapies used to manage dyslipidemia",,1.0,10,3395,69,1.0
medications,ANGIOTENSINIIRECEPTORBLOCKERSARBsPLAIN,auc,0.6482976466049383,-0.0911118112958692,False,0.0,long_seq,activity_stationary_walk,Age_Gender_BMI_height_VAT,0.7394094579008075,female,categorical,,,1.0,10,3395,52,1.0
medications,THYROIDPREPARATIONS,auc,0.4060540813159528,-0.09317725387611658,False,0.0,long_seq,activity_stationary_walk,Age_Gender_BMI_height_VAT,0.49923133519206936,male,categorical,"Medication use indicator for thyroid hormone preparations (e.g., levothyroxine) used to treat hypothyroidism",,1.0,10,3395,150,1.0
medications,ANTITHROMBOTICAGENTS,auc,0.7312242829945342,-0.09887602588341315,False,0.0,long_seq,activity_stationary_walk,Age_Gender_BMI_height_VAT,0.8301003088779474,female,categorical,Medication use indicator for antithrombotic agents including anticoagulants and antiplatelet drugs (used to prevent blood clots),,1.0,10,3395,122,1.0
medications,HORMONALCONTRACEPTIVESFORSYSTEMICUSE,auc,0.7321856831395348,-0.10102038229184906,False,0.0,long_seq,activity_stationary_walk,Age_Gender_BMI_height_VAT,0.8332060654313839,female,categorical,"Medication use indicator for systemic hormonal contraceptives including oral contraceptive pills, patches, and injections",,1.0,10,3395,34,1.0
medications,ANGIOTENSINIIRECEPTORBLOCKERSARBsCOMBINATIONS,auc,0.6006135893092414,-0.10753798220252864,False,0.0,long_seq,activity_stationary_walk,Age_Gender_BMI_height_VAT,0.70815157151177,male,categorical,,,1.0,10,3395,55,1.0
medications,ANTIGLAUCOMAPREPARATIONSANDMIOTICS,auc,0.6676084531075671,-0.11310414995485918,False,0.0,long_seq,activity_stationary_walk,Age_Gender_BMI_height_VAT,0.7807126030624263,all,categorical,Medication use indicator for anti-glaucoma and miotic medications (used to treat glaucoma and reduce intraocular pressure),,1.0,10,3395,9,1.0
medications,ANGIOTENSINIIRECEPTORBLOCKERSARBsPLAIN,auc,0.6278814514830071,-0.11537461642350877,False,0.0,long_seq,activity_stationary_walk,Age_Gender_BMI_height_VAT,0.7432560679065159,all,categorical,,,1.0,10,3395,52,1.0
medications,THYROIDPREPARATIONS,auc,0.5485216230097586,-0.1158694676200418,False,0.0,long_seq,activity_stationary_walk,Age_Gender_BMI_height_VAT,0.6643910906298004,all,categorical,"Medication use indicator for thyroid hormone preparations (e.g., levothyroxine) used to treat hypothyroidism",,1.0,10,3395,150,1.0
medications,DRUGSAFFECTINGBONESTRUCTUREANDMINERALIZATION,auc,0.6842155721427103,-0.12252441080699117,False,0.0,long_seq,activity_stationary_walk,Age_Gender_BMI_height_VAT,0.8067399829497015,female,categorical,Medication use indicator for drugs affecting bone metabolism including bisphosphonates and other bone-modifying agents used for osteoporosis,,1.0,10,3395,45,1.0
medications,SELECTIVECALCIUMCHANNELBLOCKERSWITHMAINLYVASCULAREFFECTS,auc,0.6570308005063097,-0.1249739033963998,False,0.0,long_seq,activity_stationary_walk,Age_Gender_BMI_height_VAT,0.7820047039027095,all,categorical,"Medication use indicator for selective calcium channel blockers with vascular effects (e.g., dihydropyridines) used to treat hypertension and angina",,1.0,10,3395,31,1.0
medications,ANTIGOUTPREPARATIONS,auc,0.5454598290598291,-0.1272196686196685,False,0.0,long_seq,activity_stationary_walk,Age_Gender_BMI_height_VAT,0.6726794976794976,male,categorical,Medication use indicator for gout treatment medications (used to treat gout and hyperuricemia),,1.0,10,3395,20,1.0
medications,BETABLOCKINGAGENTS,auc,0.6369975946617008,-0.1279090812986461,False,0.0,long_seq,activity_stationary_walk,Age_Gender_BMI_height_VAT,0.7649066759603469,male,categorical,"Medication use indicator for beta-blockers used to treat hypertension, angina, heart failure, and arrhythmias",,1.0,10,3395,62,1.0
medications,LIPIDMODIFYINGAGENTSCOMBINATIONS,auc,0.5795685152200452,-0.1297517957227493,False,0.0,long_seq,activity_stationary_walk,Age_Gender_BMI_height_VAT,0.7093203109427945,female,categorical,"Medication use indicator for lipid-lowering drugs including statins, fibrates, and combination lipid therapies used to manage dyslipidemia",,1.0,10,3395,69,1.0
medications,ANTIGOUTPREPARATIONS,auc,0.5998285714285715,-0.1301941946499715,False,0.0,long_seq,activity_stationary_walk,Age_Gender_BMI_height_VAT,0.730022766078543,female,categorical,Medication use indicator for gout treatment medications (used to treat gout and hyperuricemia),,0.9951171875,10,3395,20,1.0
medications,ANGIOTENSINIIRECEPTORBLOCKERSARBsCOMBINATIONS,auc,0.63530157866086,-0.13027725444633131,False,0.0,long_seq,activity_stationary_walk,Age_Gender_BMI_height_VAT,0.7655788331071913,all,categorical,,,1.0,10,3395,55,1.0
medications,LOWCEILINGDIURETICSTHIAZIDES,auc,0.5167552406259227,-0.13494846852921427,False,0.0,long_seq,activity_stationary_walk,Age_Gender_BMI_height_VAT,0.651703709155137,all,categorical,Medication use indicator for thiazide diuretics used to treat hypertension and edema,,1.0,10,3395,8,1.0
medications,ANTIGLAUCOMAPREPARATIONSANDMIOTICS,auc,0.5774541284403669,-0.1378923306560922,False,0.0,long_seq,activity_stationary_walk,Age_Gender_BMI_height_VAT,0.7153464590964591,male,categorical,Medication use indicator for anti-glaucoma and miotic medications (used to treat glaucoma and reduce intraocular pressure),,1.0,10,3395,9,1.0
medications,ANGIOTENSINIIRECEPTORBLOCKERSARBsPLAIN,auc,0.6028991596638656,-0.14271270683798853,False,0.0,long_seq,activity_stationary_walk,Age_Gender_BMI_height_VAT,0.7456118665018542,male,categorical,,,1.0,10,3395,52,1.0
medications,ANTIGOUTPREPARATIONS,auc,0.6452607407407407,-0.14882936265660052,False,0.0,long_seq,activity_stationary_walk,Age_Gender_BMI_height_VAT,0.7940901033973412,all,categorical,Medication use indicator for gout treatment medications (used to treat gout and hyperuricemia),,1.0,10,3395,20,1.0
medications,VITAMINKANDOTHERHEMOSTATICS,auc,0.48721590909090906,-0.15897814150681133,False,0.0,long_seq,activity_stationary_walk,Age_Gender_BMI_height_VAT,0.6461940505977204,male,categorical,Medication use indicator for Vitamin K and other hemostatic agents used for blood coagulation management,,1.0,10,3395,24,1.0
medications,SELECTIVECALCIUMCHANNELBLOCKERSWITHMAINLYVASCULAREFFECTS,auc,0.6053617347917866,-0.1636023324865009,False,0.0,long_seq,activity_stationary_walk,Age_Gender_BMI_height_VAT,0.7689640672782875,female,categorical,"Medication use indicator for selective calcium channel blockers with vascular effects (e.g., dihydropyridines) used to treat hypertension and angina",,1.0,10,3395,31,1.0
medications,ANGIOTENSINIIRECEPTORBLOCKERSARBsCOMBINATIONS,auc,0.6548843930635837,-0.16999392378364497,False,0.0,long_seq,activity_stationary_walk,Age_Gender_BMI_height_VAT,0.8248783168472287,female,categorical,,,1.0,10,3395,55,1.0
medications,VITAMINKANDOTHERHEMOSTATICS,auc,0.5012174923365965,-0.2112923666794737,False,0.0,long_seq,activity_stationary_walk,Age_Gender_BMI_height_VAT,0.7125098590160702,all,categorical,Medication use indicator for Vitamin K and other hemostatic agents used for blood coagulation management,,1.0,10,3395,24,1.0
medications,VITAMINKANDOTHERHEMOSTATICS,auc,0.5156234794532667,-0.2522855874248725,False,0.0,long_seq,activity_stationary_walk,Age_Gender_BMI_height_VAT,0.7679090668781392,female,categorical,Medication use indicator for Vitamin K and other hemostatic agents used for blood coagulation management,,1.0,10,3395,24,1.0
medications,LOWCEILINGDIURETICSTHIAZIDES,auc,0.12554878048780482,-0.3369385394553885,False,0.0,long_seq,activity_stationary_walk,Age_Gender_BMI_height_VAT,0.4624873199431933,male,categorical,Medication use indicator for thiazide diuretics used to treat hypertension and edema,,1.0,10,3395,8,1.0
medications,OTHERGYNECOLOGICALSinATC,auc,,,,,long_seq,activity_stationary_walk,Age_Gender_BMI_height_VAT,,male,categorical,"Medication use indicator for gynecological drugs classified by ATC code, used in treatment of gynecological conditions",,,10,3395,16,
medications,ESTROGENSSEXHORMONESANDMODULATORSOFTHEGENITALSYSTEM,auc,,,,,long_seq,activity_stationary_walk,Age_Gender_BMI_height_VAT,,male,categorical,Medication use indicator for estrogen and hormone modulators used in hormone replacement therapy and reproductive health management,,,10,3395,114,
medications,PROGESTOGENSANDESTROGENSINCOMBINATION,auc,,,,,long_seq,activity_stationary_walk,Age_Gender_BMI_height_VAT,,male,categorical,"Medication use indicator for combined progestogen and estrogen preparations, used in hormone replacement therapy and contraception",,,10,3395,59,
medications,HORMONEANTAGONISTSANDRELATEDAGENTS,auc,,,,,long_seq,activity_stationary_walk,Age_Gender_BMI_height_VAT,,male,categorical,Medication use indicator for hormone antagonists and blockers used in cancer treatment and other hormone-dependent conditions,,,10,3395,20,
medications,PROGESTOGENSEXHORMONESANDMODULATORSOFTHEGENITALSYSTEM,auc,,,,,long_seq,activity_stationary_walk,Age_Gender_BMI_height_VAT,,male,categorical,"Medication use indicator for progestogens and sex hormone modulators of the genital system, used in hormone therapy",,,10,3395,21,
medications,UROLOGICALS,auc,0.5398308580858086,0.2257644956594918,True,1.0,long_seq,activity_tm_3kmh,Age_Gender_BMI_height_VAT,0.31406636242631675,female,categorical,Medication use indicator for urological agents used to treat urinary tract and genitourinary disorders,,0.0009765625,10,3189,16,0.006318933823529412
medications,OTHERPLAINVITAMINPREPARATIONSinATC,auc,0.5811501597444089,0.19593118164221918,True,1.0,long_seq,activity_tm_3kmh,Age_Gender_BMI_height_VAT,0.3852189781021897,male,categorical,"Supplement use indicator for vitamin preparations classified by ATC code, representing nutritional supplementation",,0.0009765625,10,3189,11,0.005859375
medications,ANTIEPILEPTICS,auc,0.4954698524695318,0.1511136453155238,True,1.0,long_seq,activity_tm_3kmh,Age_Gender_BMI_height_VAT,0.344356207154008,male,categorical,Medication use indicator for antiepileptic/anticonvulsant medications (used to treat seizures and neuropathic pain),,0.0009765625,10,3189,17,0.005859375
medications,PROGESTOGENSEXHORMONESANDMODULATORSOFTHEGENITALSYSTEM,auc,0.5775021563903514,0.1437701710760877,True,1.0,long_seq,activity_tm_3kmh,Age_Gender_BMI_height_VAT,0.4337319853142637,female,categorical,"Medication use indicator for progestogens and sex hormone modulators of the genital system, used in hormone therapy",,0.0009765625,10,3189,21,0.006318933823529412
medications,HORMONALCONTRACEPTIVESFORSYSTEMICUSE,auc,0.19341853035143766,0.14363142572856663,True,1.0,long_seq,activity_tm_3kmh,Age_Gender_BMI_height_VAT,0.04978710462287102,male,categorical,"Medication use indicator for systemic hormonal contraceptives including oral contraceptive pills, patches, and injections",,0.0009765625,10,3189,32,0.005859375
medications,ADRENERGICSINHALANTS,auc,0.5305144694533761,0.11952478553044049,True,1.0,long_seq,activity_tm_3kmh,Age_Gender_BMI_height_VAT,0.4109896839229356,male,categorical,Medication use indicator for adrenergic inhalant medications (used for bronchospasm and respiratory conditions),,0.001953125,10,3189,30,0.010485197368421052
medications,HORMONEANTAGONISTSANDRELATEDAGENTS,auc,0.6231885651456844,0.10054049154016409,True,1.0,long_seq,activity_tm_3kmh,Age_Gender_BMI_height_VAT,0.5226480736055203,female,categorical,Medication use indicator for hormone antagonists and blockers used in cancer treatment and other hormone-dependent conditions,,0.0009765625,10,3189,17,0.006318933823529412
medications,DRUGSUSEDINBENIGNPROSTATICHYPERTROPHY,auc,0.4435042207123739,0.09726490447305758,True,1.0,long_seq,activity_tm_3kmh,Age_Gender_BMI_height_VAT,0.3462393162393163,female,categorical,Medication use indicator for alpha-blockers and 5-alpha reductase inhibitors used to treat benign prostatic hyperplasia symptoms,,0.001953125,10,3189,40,0.011307565789473685
medications,OTHERGYNECOLOGICALSinATC,auc,0.52965973702914,0.08697471121158412,True,1.0,long_seq,activity_tm_3kmh,Age_Gender_BMI_height_VAT,0.4426850258175559,female,categorical,"Medication use indicator for gynecological drugs classified by ATC code, used in treatment of gynecological conditions",,0.0029296875,10,3189,14,0.0146484375
medications,HYPNOTICSANDSEDATIVES,auc,0.4579190537793384,0.07520801481829942,True,1.0,long_seq,activity_tm_3kmh,Age_Gender_BMI_height_VAT,0.382711038961039,male,categorical,"Medication use indicator for sleeping aids and sedative medications (benzodiazepines, non-benzodiazepine hypnotics, barbiturates) used for insomnia and sedation",,0.0009765625,10,3189,42,0.005859375
medications,ADRENERGICSINHALANTS,auc,0.5653255249551546,0.073045853081051,True,1.0,long_seq,activity_tm_3kmh,Age_Gender_BMI_height_VAT,0.49227967187410365,all,categorical,Medication use indicator for adrenergic inhalant medications (used for bronchospasm and respiratory conditions),,0.0009765625,10,3189,30,0.013671875
medications,OTHERPLAINVITAMINPREPARATIONSinATC,auc,0.7034373493145967,0.06571036518761253,True,1.0,long_seq,activity_tm_3kmh,Age_Gender_BMI_height_VAT,0.6377269841269841,female,categorical,"Supplement use indicator for vitamin preparations classified by ATC code, representing nutritional supplementation",,0.0048828125,10,3189,11,0.023352581521739132
medications,ANTIMIGRAINEPREPARATIONS,auc,0.5647147279964617,0.061298224408725344,True,1.0,long_seq,activity_tm_3kmh,Age_Gender_BMI_height_VAT,0.5034165035877364,female,categorical,Medication use indicator for antimigraine medications (used to treat and prevent migraine headaches),,0.001953125,10,3189,9,0.011307565789473685
medications,ANTIDEPRESSANTS,auc,0.5660675857431069,0.060803535299489786,True,1.0,long_seq,activity_tm_3kmh,Age_Gender_BMI_height_VAT,0.5052640504436171,male,categorical,Medication use indicator for antidepressant medications (used to treat depression and related psychiatric conditions),,0.0009765625,10,3189,211,0.005859375
medications,UROLOGICALS,auc,0.6012074535140246,0.056147900767306025,True,1.0,long_seq,activity_tm_3kmh,Age_Gender_BMI_height_VAT,0.5450595527467186,all,categorical,Medication use indicator for urological agents used to treat urinary tract and genitourinary disorders,,0.001953125,10,3189,16,0.018229166666666668
medications,PROGESTOGENSEXHORMONESANDMODULATORSOFTHEGENITALSYSTEM,auc,0.7634003727753728,0.054231876771770327,True,1.0,long_seq,activity_tm_3kmh,Age_Gender_BMI_height_VAT,0.7091684960036024,all,categorical,"Medication use indicator for progestogens and sex hormone modulators of the genital system, used in hormone therapy",,0.001953125,10,3189,21,0.018229166666666668
medications,HORMONEANTAGONISTSANDRELATEDAGENTS,auc,0.7919293820933164,0.037252868060819955,True,0.0,long_seq,activity_tm_3kmh,Age_Gender_BMI_height_VAT,0.7546765140324965,all,categorical,Medication use indicator for hormone antagonists and blockers used in cancer treatment and other hormone-dependent conditions,,0.013671875,10,3189,17,0.10208333333333333
medications,ADRENERGICSINHALANTS,auc,0.5817193128290385,0.03422106788679591,True,0.0,long_seq,activity_tm_3kmh,Age_Gender_BMI_height_VAT,0.5474982449422426,female,categorical,Medication use indicator for adrenergic inhalant medications (used for bronchospasm and respiratory conditions),,0.0185546875,10,3189,30,0.0755931712962963
medications,OTHERPLAINVITAMINPREPARATIONSinATC,auc,0.7178471308427257,0.03335042542675093,True,0.0,long_seq,activity_tm_3kmh,Age_Gender_BMI_height_VAT,0.6844967054159747,all,categorical,"Supplement use indicator for vitamin preparations classified by ATC code, representing nutritional supplementation",,0.0185546875,10,3189,11,0.12224264705882354
medications,ANTIEPILEPTICS,auc,0.4742507974185891,0.028525364521520657,True,0.0,long_seq,activity_tm_3kmh,Age_Gender_BMI_height_VAT,0.44572543289706845,all,categorical,Medication use indicator for antiepileptic/anticonvulsant medications (used to treat seizures and neuropathic pain),,0.0654296875,10,3189,17,0.4071180555555555
medications,DRUGSFORPEPTICULCERANDGASTROOESOPHAGEALREFLUXDISEASEGORD,auc,0.651969696969697,0.02568344224081931,True,1.0,long_seq,activity_tm_3kmh,Age_Gender_BMI_height_VAT,0.6262862547288777,male,categorical,Medication use indicator for antiulcer and GORD medications including proton pump inhibitors and H2 antagonists,,0.0048828125,10,3189,101,0.02371651785714286
medications,LIPIDMODIFYINGAGENTSCOMBINATIONS,auc,0.7101070613505169,0.024025180902198184,True,1.0,long_seq,activity_tm_3kmh,Age_Gender_BMI_height_VAT,0.6860818804483187,male,categorical,"Medication use indicator for lipid-lowering drugs including statins, fibrates, and combination lipid therapies used to manage dyslipidemia",,0.0009765625,10,3189,67,0.005859375
medications,ANTIHISTAMINESFORSYSTEMICUSE,auc,0.6065389565389566,0.023687065782654004,True,0.0,long_seq,activity_tm_3kmh,Age_Gender_BMI_height_VAT,0.5828518907563026,male,categorical,Medication use indicator for systemic antihistamine medications (used to treat allergies and related conditions),,0.080078125,10,3189,32,0.3141526442307693
medications,ANTIDEPRESSANTS,auc,0.5587136047839198,0.016649409378710622,True,0.0,long_seq,activity_tm_3kmh,Age_Gender_BMI_height_VAT,0.5420641954052092,female,categorical,Medication use indicator for antidepressant medications (used to treat depression and related psychiatric conditions),,0.0244140625,10,3189,211,0.09591238839285715
medications,UROLOGICALS,auc,0.6114964675658318,0.010654098925298006,True,0.0,long_seq,activity_tm_3kmh,Age_Gender_BMI_height_VAT,0.6008423686405338,male,categorical,Medication use indicator for urological agents used to treat urinary tract and genitourinary disorders,,0.34765625,10,3189,16,1.0
medications,DRUGSFORPEPTICULCERANDGASTROOESOPHAGEALREFLUXDISEASEGORD,auc,0.6837521802698404,0.0075058171338807655,True,0.0,long_seq,activity_tm_3kmh,Age_Gender_BMI_height_VAT,0.6762463631359596,all,categorical,Medication use indicator for antiulcer and GORD medications including proton pump inhibitors and H2 antagonists,,0.0966796875,10,3189,101,0.5699013157894737
medications,VITAMINBn12nANDFOLICACID,auc,0.5813030856897108,0.007316035493957984,True,0.0,long_seq,activity_tm_3kmh,Age_Gender_BMI_height_VAT,0.5739870501957528,female,categorical,Medication use indicator for Vitamin B12 and Folic Acid combination supplements or co-administered formulations,,0.080078125,10,3189,247,0.2752685546875
medications,DECONGESTANTSANDOTHERNASALPREPARATIONSFORTOPICALUSE,auc,0.7004992155184709,0.006044589848206883,True,0.0,long_seq,activity_tm_3kmh,Age_Gender_BMI_height_VAT,0.6944546256702641,male,categorical,Medication use indicator for nasal decongestants and topical nasal preparations used for congestion and rhinitis symptoms,,0.34765625,10,3189,13,1.0
medications,PROGESTOGENSANDESTROGENSINCOMBINATION,auc,0.5877833495676852,0.0012255230472466572,True,0.0,long_seq,activity_tm_3kmh,Age_Gender_BMI_height_VAT,0.5865578265204385,female,categorical,"Medication use indicator for combined progestogen and estrogen preparations, used in hormone replacement therapy and contraception",,0.24609375,10,3189,53,0.7734375
medications,ANTIHISTAMINESFORSYSTEMICUSE,auc,0.5714948923028191,0.0008803842327950173,True,0.0,long_seq,activity_tm_3kmh,Age_Gender_BMI_height_VAT,0.5706145080700241,all,categorical,Medication use indicator for systemic antihistamine medications (used to treat allergies and related conditions),,0.4609375,10,3189,32,1.0
medications,THYROIDPREPARATIONS,auc,0.49788070032573284,-0.0013506348663365197,False,0.0,long_seq,activity_tm_3kmh,Age_Gender_BMI_height_VAT,0.49923133519206936,male,categorical,"Medication use indicator for thyroid hormone preparations (e.g., levothyroxine) used to treat hypothyroidism",,0.5,10,3189,135,1.0
medications,ANTIDEPRESSANTS,auc,0.5742240888156116,-0.0021976845496742836,False,0.0,long_seq,activity_tm_3kmh,Age_Gender_BMI_height_VAT,0.5764217733652859,all,categorical,Medication use indicator for antidepressant medications (used to treat depression and related psychiatric conditions),,0.615234375,10,3189,211,1.0
medications,DRUGSFORPEPTICULCERANDGASTROOESOPHAGEALREFLUXDISEASEGORD,auc,0.7124448245420436,-0.0037165333383382126,False,0.0,long_seq,activity_tm_3kmh,Age_Gender_BMI_height_VAT,0.7161613578803818,female,categorical,Medication use indicator for antiulcer and GORD medications including proton pump inhibitors and H2 antagonists,,0.75390625,10,3189,101,1.0
medications,HYPNOTICSANDSEDATIVES,auc,0.46107252561018053,-0.005884154283999354,False,0.0,long_seq,activity_tm_3kmh,Age_Gender_BMI_height_VAT,0.4669566798941799,all,categorical,"Medication use indicator for sleeping aids and sedative medications (benzodiazepines, non-benzodiazepine hypnotics, barbiturates) used for insomnia and sedation",,0.7216796875,10,3189,42,1.0
medications,ANTIHISTAMINESFORSYSTEMICUSE,auc,0.5420363134911514,-0.006617649001286474,False,0.0,long_seq,activity_tm_3kmh,Age_Gender_BMI_height_VAT,0.5486539624924379,female,categorical,Medication use indicator for systemic antihistamine medications (used to treat allergies and related conditions),,0.65234375,10,3189,32,1.0
medications,PSYCHOSTIMULANTSAGENTSUSEDFORADHDANDNOOTROPICS,auc,0.6565199387883698,-0.008997246998694086,False,0.0,long_seq,activity_tm_3kmh,Age_Gender_BMI_height_VAT,0.6655171857870639,female,categorical,Medication use indicator for psychostimulants and nootropic agents used to treat ADHD and cognitive disorders,,0.9580078125,10,3189,60,1.0
medications,DRUGSAFFECTINGBONESTRUCTUREANDMINERALIZATION,auc,0.696499678869621,-0.009761093996656478,False,0.0,long_seq,activity_tm_3kmh,Age_Gender_BMI_height_VAT,0.7062607728662775,male,categorical,Medication use indicator for drugs affecting bone metabolism including bisphosphonates and other bone-modifying agents used for osteoporosis,,0.75390625,10,3189,41,1.0
medications,LIPIDMODIFYINGAGENTSPLAIN,auc,0.6296346275905842,-0.00999927330705308,False,0.0,long_seq,activity_tm_3kmh,Age_Gender_BMI_height_VAT,0.6396339008976373,male,categorical,"Medication use indicator for lipid-modifying agents (e.g., statins) used to treat dyslipidemia and reduce cardiovascular risk",,0.9951171875,10,3189,504,1.0
medications,VITAMINBn12nANDFOLICACID,auc,0.573591734395341,-0.010678255135547543,False,0.0,long_seq,activity_tm_3kmh,Age_Gender_BMI_height_VAT,0.5842699895308885,all,categorical,Medication use indicator for Vitamin B12 and Folic Acid combination supplements or co-administered formulations,,0.9951171875,10,3189,247,1.0
medications,ESTROGENSSEXHORMONESANDMODULATORSOFTHEGENITALSYSTEM,auc,0.7794201186926097,-0.011030809689353105,False,0.0,long_seq,activity_tm_3kmh,Age_Gender_BMI_height_VAT,0.7904509283819628,all,categorical,Medication use indicator for estrogen and hormone modulators used in hormone replacement therapy and reproductive health management,,1.0,10,3189,110,1.0
medications,ASCORBICACIDVITAMINCINCLCOMBINATIONS,auc,0.5583886609474077,-0.011743466391423651,False,0.0,long_seq,activity_tm_3kmh,Age_Gender_BMI_height_VAT,0.5701321273388313,male,categorical,Medication/supplement use indicator for Vitamin C and combination vitamin preparations used for immune support and antioxidant purposes,,0.8837890625,10,3189,71,1.0
medications,PROGESTOGENSANDESTROGENSINCOMBINATION,auc,0.7778097323835195,-0.012132976846829013,False,0.0,long_seq,activity_tm_3kmh,Age_Gender_BMI_height_VAT,0.7899427092303485,all,categorical,"Medication use indicator for combined progestogen and estrogen preparations, used in hormone replacement therapy and contraception",,0.998046875,10,3189,53,1.0
medications,ASCORBICACIDVITAMINCINCLCOMBINATIONS,auc,0.567300273739938,-0.013116893126808749,False,0.0,long_seq,activity_tm_3kmh,Age_Gender_BMI_height_VAT,0.5804171668667467,all,categorical,Medication/supplement use indicator for Vitamin C and combination vitamin preparations used for immune support and antioxidant purposes,,0.9580078125,10,3189,71,1.0
medications,LIPIDMODIFYINGAGENTSPLAIN,auc,0.6586293636014305,-0.016406520701381377,False,0.0,long_seq,activity_tm_3kmh,Age_Gender_BMI_height_VAT,0.6750358843028119,all,categorical,"Medication use indicator for lipid-modifying agents (e.g., statins) used to treat dyslipidemia and reduce cardiovascular risk",,1.0,10,3189,504,1.0
medications,ASCORBICACIDVITAMINCINCLCOMBINATIONS,auc,0.5740769931343702,-0.018350145310230492,False,0.0,long_seq,activity_tm_3kmh,Age_Gender_BMI_height_VAT,0.5924271384446007,female,categorical,Medication/supplement use indicator for Vitamin C and combination vitamin preparations used for immune support and antioxidant purposes,,0.947265625,10,3189,71,1.0
medications,IRONANTIANEMICPREPARATIONS,auc,0.5090833487340602,-0.021403098152386724,False,0.0,long_seq,activity_tm_3kmh,Age_Gender_BMI_height_VAT,0.530486446886447,male,categorical,Supplement/medication use indicator for iron supplements and anti-anemia medications used to treat iron deficiency anemia,,0.9345703125,10,3189,69,1.0
medications,LIPIDMODIFYINGAGENTSPLAIN,auc,0.6794379021879021,-0.021911357713989332,False,0.0,long_seq,activity_tm_3kmh,Age_Gender_BMI_height_VAT,0.7013492599018915,female,categorical,"Medication use indicator for lipid-modifying agents (e.g., statins) used to treat dyslipidemia and reduce cardiovascular risk",,1.0,10,3189,504,1.0
medications,IRONANTIANEMICPREPARATIONS,auc,0.5231721198644643,-0.023123959714236753,False,0.0,long_seq,activity_tm_3kmh,Age_Gender_BMI_height_VAT,0.5462960795787011,female,categorical,Supplement/medication use indicator for iron supplements and anti-anemia medications used to treat iron deficiency anemia,,0.9970703125,10,3189,69,1.0
medications,VITAMINAANDDINCLCOMBINATIONSOFTHETWO,auc,0.6154702568056463,-0.024930534028785534,False,0.0,long_seq,activity_tm_3kmh,Age_Gender_BMI_height_VAT,0.6404007908344318,female,categorical,Medication use indicator for Vitamin A and Vitamin D combination supplements or co-administered formulations,,1.0,10,3189,485,1.0
medications,VITAMINAANDDINCLCOMBINATIONSOFTHETWO,auc,0.5963637171286426,-0.025104724781274457,False,0.0,long_seq,activity_tm_3kmh,Age_Gender_BMI_height_VAT,0.621468441909917,male,categorical,Medication use indicator for Vitamin A and Vitamin D combination supplements or co-administered formulations,,1.0,10,3189,485,1.0
medications,OTHERGYNECOLOGICALSinATC,auc,0.6867199100112485,-0.026645020646762663,False,0.0,long_seq,activity_tm_3kmh,Age_Gender_BMI_height_VAT,0.7133649306580112,all,categorical,"Medication use indicator for gynecological drugs classified by ATC code, used in treatment of gynecological conditions",,0.9755859375,10,3189,14,1.0
medications,ESTROGENSSEXHORMONESANDMODULATORSOFTHEGENITALSYSTEM,auc,0.5526629389129389,-0.0278562962959934,False,0.0,long_seq,activity_tm_3kmh,Age_Gender_BMI_height_VAT,0.5805192352089323,female,categorical,Medication use indicator for estrogen and hormone modulators used in hormone replacement therapy and reproductive health management,,1.0,10,3189,110,1.0
medications,VITAMINBn12nANDFOLICACID,auc,0.5646444782433043,-0.027857808501750347,False,0.0,long_seq,activity_tm_3kmh,Age_Gender_BMI_height_VAT,0.5925022867450547,male,categorical,Medication use indicator for Vitamin B12 and Folic Acid combination supplements or co-administered formulations,,1.0,10,3189,247,1.0
medications,DRUGSUSEDINBENIGNPROSTATICHYPERTROPHY,auc,0.517226638403109,-0.027977835612815083,False,0.0,long_seq,activity_tm_3kmh,Age_Gender_BMI_height_VAT,0.5452044740159241,male,categorical,Medication use indicator for alpha-blockers and 5-alpha reductase inhibitors used to treat benign prostatic hyperplasia symptoms,,0.9814453125,10,3189,40,1.0
medications,ANTIMIGRAINEPREPARATIONS,auc,0.5843535988819007,-0.028609364081062183,False,0.0,long_seq,activity_tm_3kmh,Age_Gender_BMI_height_VAT,0.6129629629629629,all,categorical,Medication use indicator for antimigraine medications (used to treat and prevent migraine headaches),,0.9951171875,10,3189,9,1.0
medications,VITAMINAANDDINCLCOMBINATIONSOFTHETWO,auc,0.6413052064905752,-0.029885479222105604,False,0.0,long_seq,activity_tm_3kmh,Age_Gender_BMI_height_VAT,0.6711906857126808,all,categorical,Medication use indicator for Vitamin A and Vitamin D combination supplements or co-administered formulations,,1.0,10,3189,485,1.0
medications,ANGIOTENSINIIRECEPTORBLOCKERSARBsCOMBINATIONS,auc,0.6732509217089568,-0.034900649802813155,False,0.0,long_seq,activity_tm_3kmh,Age_Gender_BMI_height_VAT,0.70815157151177,male,categorical,,,1.0,10,3189,46,1.0
medications,VITAMINBn1nPLAINANDINCOMBINATIONWITHVITAMINBn6nANDBn12n,auc,0.5934136693956397,-0.03910625702986614,False,0.0,long_seq,activity_tm_3kmh,Age_Gender_BMI_height_VAT,0.6325199264255058,male,categorical,Medication use indicator for Vitamin B1 alone or in combination with Vitamin B6 and B12 formulations,,0.9814453125,10,3189,34,1.0
medications,LIPIDMODIFYINGAGENTSCOMBINATIONS,auc,0.6614383240746939,-0.043265738761993244,False,0.0,long_seq,activity_tm_3kmh,Age_Gender_BMI_height_VAT,0.7047040628366872,all,categorical,"Medication use indicator for lipid-lowering drugs including statins, fibrates, and combination lipid therapies used to manage dyslipidemia",,1.0,10,3189,67,1.0
medications,PSYCHOSTIMULANTSAGENTSUSEDFORADHDANDNOOTROPICS,auc,0.6302657931181421,-0.04710841270192223,False,0.0,long_seq,activity_tm_3kmh,Age_Gender_BMI_height_VAT,0.6773742058200644,all,categorical,Medication use indicator for psychostimulants and nootropic agents used to treat ADHD and cognitive disorders,,1.0,10,3189,60,1.0
medications,OTHERMINERALSUPPLEMENTSinATC,auc,0.5349437530940067,-0.04946389859113198,False,0.0,long_seq,activity_tm_3kmh,Age_Gender_BMI_height_VAT,0.5844076516851386,female,categorical,"Supplement use indicator for mineral supplements (e.g., calcium, magnesium, iron) classified by ATC code",,1.0,10,3189,348,1.0
medications,HORMONALCONTRACEPTIVESFORSYSTEMICUSE,auc,0.8028092334494774,-0.05448132442303388,False,0.0,long_seq,activity_tm_3kmh,Age_Gender_BMI_height_VAT,0.8572905578725113,all,categorical,"Medication use indicator for systemic hormonal contraceptives including oral contraceptive pills, patches, and injections",,1.0,10,3189,32,1.0
medications,DRUGSUSEDINBENIGNPROSTATICHYPERTROPHY,auc,0.6687789774531596,-0.05602145971740613,False,0.0,long_seq,activity_tm_3kmh,Age_Gender_BMI_height_VAT,0.7248004371705657,all,categorical,Medication use indicator for alpha-blockers and 5-alpha reductase inhibitors used to treat benign prostatic hyperplasia symptoms,,1.0,10,3189,40,1.0
medications,LOWCEILINGDIURETICSTHIAZIDES,auc,0.7114802224969099,-0.05854258252019395,False,0.0,long_seq,activity_tm_3kmh,Age_Gender_BMI_height_VAT,0.7700228050171039,female,categorical,Medication use indicator for thiazide diuretics used to treat hypertension and edema,,1.0,10,3189,6,1.0
medications,IRONANTIANEMICPREPARATIONS,auc,0.5425106837606838,-0.06914367550830747,False,0.0,long_seq,activity_tm_3kmh,Age_Gender_BMI_height_VAT,0.6116543592689913,all,categorical,Supplement/medication use indicator for iron supplements and anti-anemia medications used to treat iron deficiency anemia,,1.0,10,3189,69,1.0
medications,BLOODGLUCOSELOWERINGDRUGSEXCLINSULINS,auc,0.5970013699924415,-0.06935157118402913,False,0.0,long_seq,activity_tm_3kmh,Age_Gender_BMI_height_VAT,0.6663529411764706,female,categorical,"Medication use indicator for oral antidiabetic drugs (metformin, sulfonylureas, DPP-4 inhibitors, etc.) used to manage type 2 diabetes, excluding insulin",,1.0,10,3189,95,1.0
medications,DECONGESTANTSANDOTHERNASALPREPARATIONSFORTOPICALUSE,auc,0.5684896337919008,-0.07120330887863624,False,0.0,long_seq,activity_tm_3kmh,Age_Gender_BMI_height_VAT,0.639692942670537,all,categorical,Medication use indicator for nasal decongestants and topical nasal preparations used for congestion and rhinitis symptoms,,1.0,10,3189,13,1.0
medications,ANTIGLAUCOMAPREPARATIONSANDMIOTICS,auc,0.7094594594594595,-0.07125314360296675,False,0.0,long_seq,activity_tm_3kmh,Age_Gender_BMI_height_VAT,0.7807126030624263,all,categorical,Medication use indicator for anti-glaucoma and miotic medications (used to treat glaucoma and reduce intraocular pressure),,1.0,10,3189,7,1.0
medications,OTHERMINERALSUPPLEMENTSinATC,auc,0.5456113680224302,-0.07329720263704897,False,0.0,long_seq,activity_tm_3kmh,Age_Gender_BMI_height_VAT,0.6189085706594791,all,categorical,"Supplement use indicator for mineral supplements (e.g., calcium, magnesium, iron) classified by ATC code",,1.0,10,3189,348,1.0
medications,CALCIUMSUPPLEMENTS,auc,0.6251256456791847,-0.07613360061986563,False,0.0,long_seq,activity_tm_3kmh,Age_Gender_BMI_height_VAT,0.7012592462990503,female,categorical,Supplement use indicator for calcium supplements used for bone health and to treat calcium deficiency,,1.0,10,3189,163,1.0
medications,ANTIMIGRAINEPREPARATIONS,auc,0.5578913738019169,-0.07693222717131909,False,0.0,long_seq,activity_tm_3kmh,Age_Gender_BMI_height_VAT,0.634823600973236,male,categorical,Medication use indicator for antimigraine medications (used to treat and prevent migraine headaches),,0.9345703125,10,3189,9,1.0
medications,ANTITHROMBOTICAGENTS,auc,0.7339023591087811,-0.07739924659466157,False,0.0,long_seq,activity_tm_3kmh,Age_Gender_BMI_height_VAT,0.8113016057034427,all,categorical,Medication use indicator for antithrombotic agents including anticoagulants and antiplatelet drugs (used to prevent blood clots),,1.0,10,3189,109,1.0
medications,BLOODGLUCOSELOWERINGDRUGSEXCLINSULINS,auc,0.5879808117579015,-0.07974225584399075,False,0.0,long_seq,activity_tm_3kmh,Age_Gender_BMI_height_VAT,0.6677230676018923,all,categorical,"Medication use indicator for oral antidiabetic drugs (metformin, sulfonylureas, DPP-4 inhibitors, etc.) used to manage type 2 diabetes, excluding insulin",,1.0,10,3189,95,1.0
medications,ANTIEPILEPTICS,auc,0.4570365778053316,-0.07991596650570343,False,0.0,long_seq,activity_tm_3kmh,Age_Gender_BMI_height_VAT,0.536952544311035,female,categorical,Medication use indicator for antiepileptic/anticonvulsant medications (used to treat seizures and neuropathic pain),,0.9970703125,10,3189,17,1.0
medications,HORMONALCONTRACEPTIVESFORSYSTEMICUSE,auc,0.7516792294807371,-0.0815268359506468,False,0.0,long_seq,activity_tm_3kmh,Age_Gender_BMI_height_VAT,0.8332060654313839,female,categorical,"Medication use indicator for systemic hormonal contraceptives including oral contraceptive pills, patches, and injections",,1.0,10,3189,32,1.0
medications,ANGIOTENSINIIRECEPTORBLOCKERSARBsPLAIN,auc,0.6571172200016314,-0.08229223789917606,False,0.0,long_seq,activity_tm_3kmh,Age_Gender_BMI_height_VAT,0.7394094579008075,female,categorical,,,1.0,10,3189,49,1.0
medications,HYPNOTICSANDSEDATIVES,auc,0.46426340679932177,-0.08373924797927967,False,0.0,long_seq,activity_tm_3kmh,Age_Gender_BMI_height_VAT,0.5480026547786014,female,categorical,"Medication use indicator for sleeping aids and sedative medications (benzodiazepines, non-benzodiazepine hypnotics, barbiturates) used for insomnia and sedation",,1.0,10,3189,42,1.0
medications,THYROIDPREPARATIONS,auc,0.4759537764369763,-0.08445507926283474,False,0.0,long_seq,activity_tm_3kmh,Age_Gender_BMI_height_VAT,0.560408855699811,female,categorical,"Medication use indicator for thyroid hormone preparations (e.g., levothyroxine) used to treat hypothyroidism",,1.0,10,3189,135,1.0
medications,CALCIUMSUPPLEMENTS,auc,0.6360466955100782,-0.08531341063764397,False,0.0,long_seq,activity_tm_3kmh,Age_Gender_BMI_height_VAT,0.7213601061477222,all,categorical,Supplement use indicator for calcium supplements used for bone health and to treat calcium deficiency,,1.0,10,3189,163,1.0
medications,ANTITHROMBOTICAGENTS,auc,0.6904926025554808,-0.08626588559314186,False,0.0,long_seq,activity_tm_3kmh,Age_Gender_BMI_height_VAT,0.7767584881486227,male,categorical,Medication use indicator for antithrombotic agents including anticoagulants and antiplatelet drugs (used to prevent blood clots),,1.0,10,3189,109,1.0
medications,OTHERMINERALSUPPLEMENTSinATC,auc,0.5286164741925536,-0.0884112041236026,False,0.0,long_seq,activity_tm_3kmh,Age_Gender_BMI_height_VAT,0.6170276783161562,male,categorical,"Supplement use indicator for mineral supplements (e.g., calcium, magnesium, iron) classified by ATC code",,1.0,10,3189,348,1.0
medications,ANTITHROMBOTICAGENTS,auc,0.7393272290408468,-0.09077307983710059,False,0.0,long_seq,activity_tm_3kmh,Age_Gender_BMI_height_VAT,0.8301003088779474,female,categorical,Medication use indicator for antithrombotic agents including anticoagulants and antiplatelet drugs (used to prevent blood clots),,1.0,10,3189,109,1.0
medications,VITAMINBn1nPLAINANDINCOMBINATIONWITHVITAMINBn6nANDBn12n,auc,0.5782408874801902,-0.09196151360456384,False,0.0,long_seq,activity_tm_3kmh,Age_Gender_BMI_height_VAT,0.670202401084754,all,categorical,Medication use indicator for Vitamin B1 alone or in combination with Vitamin B6 and B12 formulations,,1.0,10,3189,34,1.0
medications,VITAMINKANDOTHERHEMOSTATICS,auc,0.5529351316634553,-0.09325891893426508,False,0.0,long_seq,activity_tm_3kmh,Age_Gender_BMI_height_VAT,0.6461940505977204,male,categorical,Medication use indicator for Vitamin K and other hemostatic agents used for blood coagulation management,,0.9990234375,10,3189,21,1.0
medications,ANGIOTENSINIIRECEPTORBLOCKERSARBsCOMBINATIONS,auc,0.672222606482314,-0.0933562266248773,False,0.0,long_seq,activity_tm_3kmh,Age_Gender_BMI_height_VAT,0.7655788331071913,all,categorical,,,1.0,10,3189,46,1.0
medications,PSYCHOSTIMULANTSAGENTSUSEDFORADHDANDNOOTROPICS,auc,0.5881815823605707,-0.09438473472764641,False,0.0,long_seq,activity_tm_3kmh,Age_Gender_BMI_height_VAT,0.6825663170882171,male,categorical,Medication use indicator for psychostimulants and nootropic agents used to treat ADHD and cognitive disorders,,1.0,10,3189,60,1.0
medications,BLOODGLUCOSELOWERINGDRUGSEXCLINSULINS,auc,0.572531406834383,-0.09483482260555043,False,0.0,long_seq,activity_tm_3kmh,Age_Gender_BMI_height_VAT,0.6673662294399334,male,categorical,"Medication use indicator for oral antidiabetic drugs (metformin, sulfonylureas, DPP-4 inhibitors, etc.) used to manage type 2 diabetes, excluding insulin",,1.0,10,3189,95,1.0
medications,CALCIUMSUPPLEMENTS,auc,0.5733457019171305,-0.09624524028316839,False,0.0,long_seq,activity_tm_3kmh,Age_Gender_BMI_height_VAT,0.6695909422002989,male,categorical,Supplement use indicator for calcium supplements used for bone health and to treat calcium deficiency,,1.0,10,3189,163,1.0
medications,ANGIOTENSINIIRECEPTORBLOCKERSARBsPLAIN,auc,0.6443819056284934,-0.09887416227802248,False,0.0,long_seq,activity_tm_3kmh,Age_Gender_BMI_height_VAT,0.7432560679065159,all,categorical,,,1.0,10,3189,49,1.0
medications,ANTIGLAUCOMAPREPARATIONSANDMIOTICS,auc,0.6129120879120877,-0.10243437118437138,False,0.0,long_seq,activity_tm_3kmh,Age_Gender_BMI_height_VAT,0.7153464590964591,male,categorical,Medication use indicator for anti-glaucoma and miotic medications (used to treat glaucoma and reduce intraocular pressure),,1.0,10,3189,7,1.0
medications,BETABLOCKINGAGENTS,auc,0.70465625,-0.10244419341623301,False,0.0,long_seq,activity_tm_3kmh,Age_Gender_BMI_height_VAT,0.807100443416233,female,categorical,"Medication use indicator for beta-blockers used to treat hypertension, angina, heart failure, and arrhythmias",,1.0,10,3189,51,1.0
medications,ACEINHIBITORSPLAIN,auc,0.6027000650618087,-0.10395266108441181,False,0.0,long_seq,activity_tm_3kmh,Age_Gender_BMI_height_VAT,0.7066527261462205,male,categorical,Medication use indicator for ACE inhibitors in single-agent formulations (used to treat hypertension and heart disease),,1.0,10,3189,56,1.0
medications,THYROIDPREPARATIONS,auc,0.5566778238618448,-0.10771326676795556,False,0.0,long_seq,activity_tm_3kmh,Age_Gender_BMI_height_VAT,0.6643910906298004,all,categorical,"Medication use indicator for thyroid hormone preparations (e.g., levothyroxine) used to treat hypothyroidism",,1.0,10,3189,135,1.0
medications,BETABLOCKINGAGENTS,auc,0.6778421374923456,-0.10891449408253884,False,0.0,long_seq,activity_tm_3kmh,Age_Gender_BMI_height_VAT,0.7867566315748844,all,categorical,"Medication use indicator for beta-blockers used to treat hypertension, angina, heart failure, and arrhythmias",,1.0,10,3189,51,1.0
medications,ANTIGOUTPREPARATIONS,auc,0.616358024691358,-0.11366474138718496,False,0.0,long_seq,activity_tm_3kmh,Age_Gender_BMI_height_VAT,0.730022766078543,female,categorical,Medication use indicator for gout treatment medications (used to treat gout and hyperuricemia),,0.9970703125,10,3189,19,1.0
medications,ANGIOTENSINIIRECEPTORBLOCKERSARBsPLAIN,auc,0.6317276493785254,-0.11388421712332875,False,0.0,long_seq,activity_tm_3kmh,Age_Gender_BMI_height_VAT,0.7456118665018542,male,categorical,,,1.0,10,3189,49,1.0
medications,VITAMINKANDOTHERHEMOSTATICS,auc,0.5980474386724386,-0.11446242034363163,False,0.0,long_seq,activity_tm_3kmh,Age_Gender_BMI_height_VAT,0.7125098590160702,all,categorical,Medication use indicator for Vitamin K and other hemostatic agents used for blood coagulation management,,1.0,10,3189,21,1.0
medications,SELECTIVECALCIUMCHANNELBLOCKERSWITHMAINLYVASCULAREFFECTS,auc,0.6769181269181269,-0.11563171970763986,False,0.0,long_seq,activity_tm_3kmh,Age_Gender_BMI_height_VAT,0.7925498466257668,male,categorical,"Medication use indicator for selective calcium channel blockers with vascular effects (e.g., dihydropyridines) used to treat hypertension and angina",,1.0,10,3189,26,1.0
medications,ACEINHIBITORSPLAIN,auc,0.6145798185217273,-0.11589203000841719,False,0.0,long_seq,activity_tm_3kmh,Age_Gender_BMI_height_VAT,0.7304718485301445,all,categorical,Medication use indicator for ACE inhibitors in single-agent formulations (used to treat hypertension and heart disease),,1.0,10,3189,56,1.0
medications,LOWCEILINGDIURETICSTHIAZIDES,auc,0.5321918525500051,-0.11951185660513186,False,0.0,long_seq,activity_tm_3kmh,Age_Gender_BMI_height_VAT,0.651703709155137,all,categorical,Medication use indicator for thiazide diuretics used to treat hypertension and edema,,1.0,10,3189,6,1.0
medications,BETABLOCKINGAGENTS,auc,0.6450585175552666,-0.11984815840508034,False,0.0,long_seq,activity_tm_3kmh,Age_Gender_BMI_height_VAT,0.7649066759603469,male,categorical,"Medication use indicator for beta-blockers used to treat hypertension, angina, heart failure, and arrhythmias",,1.0,10,3189,51,1.0
medications,VITAMINBn1nPLAINANDINCOMBINATIONWITHVITAMINBn6nANDBn12n,auc,0.5638389513108615,-0.12316993437597812,False,0.0,long_seq,activity_tm_3kmh,Age_Gender_BMI_height_VAT,0.6870088856868396,female,categorical,Medication use indicator for Vitamin B1 alone or in combination with Vitamin B6 and B12 formulations,,1.0,10,3189,34,1.0
medications,ACEINHIBITORSPLAIN,auc,0.6271881627144785,-0.1253165826845476,False,0.0,long_seq,activity_tm_3kmh,Age_Gender_BMI_height_VAT,0.7525047453990261,female,categorical,Medication use indicator for ACE inhibitors in single-agent formulations (used to treat hypertension and heart disease),,1.0,10,3189,56,1.0
medications,LIPIDMODIFYINGAGENTSCOMBINATIONS,auc,0.5790665889944434,-0.13025372194835105,False,0.0,long_seq,activity_tm_3kmh,Age_Gender_BMI_height_VAT,0.7093203109427945,female,categorical,"Medication use indicator for lipid-lowering drugs including statins, fibrates, and combination lipid therapies used to manage dyslipidemia",,1.0,10,3189,67,1.0
medications,VITAMINKANDOTHERHEMOSTATICS,auc,0.6373229501721123,-0.13058611670602693,False,0.0,long_seq,activity_tm_3kmh,Age_Gender_BMI_height_VAT,0.7679090668781392,female,categorical,Medication use indicator for Vitamin K and other hemostatic agents used for blood coagulation management,,1.0,10,3189,21,1.0
medications,ANTIGOUTPREPARATIONS,auc,0.6618445957164203,-0.13224550768092092,False,0.0,long_seq,activity_tm_3kmh,Age_Gender_BMI_height_VAT,0.7940901033973412,all,categorical,Medication use indicator for gout treatment medications (used to treat gout and hyperuricemia),,1.0,10,3189,19,1.0
medications,DRUGSAFFECTINGBONESTRUCTUREANDMINERALIZATION,auc,0.6677805497877088,-0.13308783645567723,False,0.0,long_seq,activity_tm_3kmh,Age_Gender_BMI_height_VAT,0.8008683862433861,all,categorical,Medication use indicator for drugs affecting bone metabolism including bisphosphonates and other bone-modifying agents used for osteoporosis,,1.0,10,3189,41,1.0
medications,ANTIGOUTPREPARATIONS,auc,0.5253472485768502,-0.14733224910264742,False,0.0,long_seq,activity_tm_3kmh,Age_Gender_BMI_height_VAT,0.6726794976794976,male,categorical,Medication use indicator for gout treatment medications (used to treat gout and hyperuricemia),,1.0,10,3189,19,1.0
medications,ANGIOTENSINIIRECEPTORBLOCKERSARBsCOMBINATIONS,auc,0.6522377023661271,-0.17264061448110157,False,0.0,long_seq,activity_tm_3kmh,Age_Gender_BMI_height_VAT,0.8248783168472287,female,categorical,,,1.0,10,3189,46,1.0
medications,SELECTIVECALCIUMCHANNELBLOCKERSWITHMAINLYVASCULAREFFECTS,auc,0.6037099637637102,-0.17829474013899926,False,0.0,long_seq,activity_tm_3kmh,Age_Gender_BMI_height_VAT,0.7820047039027095,all,categorical,"Medication use indicator for selective calcium channel blockers with vascular effects (e.g., dihydropyridines) used to treat hypertension and angina",,1.0,10,3189,26,1.0
medications,DECONGESTANTSANDOTHERNASALPREPARATIONSFORTOPICALUSE,auc,0.19159456118665014,-0.1924652678731789,False,0.0,long_seq,activity_tm_3kmh,Age_Gender_BMI_height_VAT,0.38405982905982905,female,categorical,Medication use indicator for nasal decongestants and topical nasal preparations used for congestion and rhinitis symptoms,,1.0,10,3189,13,1.0
medications,DRUGSAFFECTINGBONESTRUCTUREANDMINERALIZATION,auc,0.6113501348310051,-0.19538984811869642,False,0.0,long_seq,activity_tm_3kmh,Age_Gender_BMI_height_VAT,0.8067399829497015,female,categorical,Medication use indicator for drugs affecting bone metabolism including bisphosphonates and other bone-modifying agents used for osteoporosis,,1.0,10,3189,41,1.0
medications,SELECTIVECALCIUMCHANNELBLOCKERSWITHMAINLYVASCULAREFFECTS,auc,0.533876750968112,-0.23508731631017543,False,0.0,long_seq,activity_tm_3kmh,Age_Gender_BMI_height_VAT,0.7689640672782875,female,categorical,"Medication use indicator for selective calcium channel blockers with vascular effects (e.g., dihydropyridines) used to treat hypertension and angina",,1.0,10,3189,26,1.0
medications,LOWCEILINGDIURETICSTHIAZIDES,auc,0.10520766773162935,-0.357279652211564,False,0.0,long_seq,activity_tm_3kmh,Age_Gender_BMI_height_VAT,0.4624873199431933,male,categorical,Medication use indicator for thiazide diuretics used to treat hypertension and edema,,1.0,10,3189,6,1.0
medications,OTHERGYNECOLOGICALSinATC,auc,,,,,long_seq,activity_tm_3kmh,Age_Gender_BMI_height_VAT,,male,categorical,"Medication use indicator for gynecological drugs classified by ATC code, used in treatment of gynecological conditions",,,10,3189,14,
medications,ESTROGENSSEXHORMONESANDMODULATORSOFTHEGENITALSYSTEM,auc,,,,,long_seq,activity_tm_3kmh,Age_Gender_BMI_height_VAT,,male,categorical,Medication use indicator for estrogen and hormone modulators used in hormone replacement therapy and reproductive health management,,,10,3189,110,
medications,PROGESTOGENSANDESTROGENSINCOMBINATION,auc,,,,,long_seq,activity_tm_3kmh,Age_Gender_BMI_height_VAT,,male,categorical,"Medication use indicator for combined progestogen and estrogen preparations, used in hormone replacement therapy and contraception",,,10,3189,53,
medications,HORMONEANTAGONISTSANDRELATEDAGENTS,auc,,,,,long_seq,activity_tm_3kmh,Age_Gender_BMI_height_VAT,,male,categorical,Medication use indicator for hormone antagonists and blockers used in cancer treatment and other hormone-dependent conditions,,,10,3189,17,
medications,PROGESTOGENSEXHORMONESANDMODULATORSOFTHEGENITALSYSTEM,auc,,,,,long_seq,activity_tm_3kmh,Age_Gender_BMI_height_VAT,,male,categorical,"Medication use indicator for progestogens and sex hormone modulators of the genital system, used in hormone therapy",,,10,3189,21,
medications,ANTIGLAUCOMAPREPARATIONSANDMIOTICS,auc,,,,,long_seq,activity_tm_3kmh,Age_Gender_BMI_height_VAT,0.6458475540386803,female,categorical,Medication use indicator for anti-glaucoma and miotic medications (used to treat glaucoma and reduce intraocular pressure),,,10,3189,7,
medications,OTHERPLAINVITAMINPREPARATIONSinATC,auc,0.6123175182481752,0.22709854014598546,True,1.0,long_seq,ensemble,Age_Gender_BMI_height_VAT,0.3852189781021897,male,categorical,"Supplement use indicator for vitamin preparations classified by ATC code, representing nutritional supplementation",,0.0009765625,10,3405,11,0.005533854166666666
medications,ANTIMIGRAINEPREPARATIONS,auc,0.6616764514024788,0.1582599478147424,True,1.0,long_seq,ensemble,Age_Gender_BMI_height_VAT,0.5034165035877364,female,categorical,Medication use indicator for antimigraine medications (used to treat and prevent migraine headaches),,0.0009765625,10,3405,9,0.006022135416666666
medications,UROLOGICALS,auc,0.4607529948659441,0.14668663243962737,True,1.0,long_seq,ensemble,Age_Gender_BMI_height_VAT,0.31406636242631675,female,categorical,Medication use indicator for urological agents used to treat urinary tract and genitourinary disorders,,0.0009765625,10,3405,17,0.006022135416666666
medications,ADRENERGICSINHALANTS,auc,0.5530547835508031,0.14206509962786745,True,1.0,long_seq,ensemble,Age_Gender_BMI_height_VAT,0.4109896839229356,male,categorical,Medication use indicator for adrenergic inhalant medications (used for bronchospasm and respiratory conditions),,0.0009765625,10,3405,31,0.005533854166666666
medications,OTHERGYNECOLOGICALSinATC,auc,0.564210413080895,0.12152538726333911,True,1.0,long_seq,ensemble,Age_Gender_BMI_height_VAT,0.4426850258175559,female,categorical,"Medication use indicator for gynecological drugs classified by ATC code, used in treatment of gynecological conditions",,0.0009765625,10,3405,16,0.006022135416666666
medications,ADRENERGICSINHALANTS,auc,0.5921410405950629,0.09986136872095924,True,1.0,long_seq,ensemble,Age_Gender_BMI_height_VAT,0.49227967187410365,all,categorical,Medication use indicator for adrenergic inhalant medications (used for bronchospasm and respiratory conditions),,0.0009765625,10,3405,31,0.008413461538461538
medications,HORMONALCONTRACEPTIVESFORSYSTEMICUSE,auc,0.14108880778588803,0.09130170316301701,True,1.0,long_seq,ensemble,Age_Gender_BMI_height_VAT,0.04978710462287102,male,categorical,"Medication use indicator for systemic hormonal contraceptives including oral contraceptive pills, patches, and injections",,0.0009765625,10,3405,34,0.005533854166666666
medications,ANTIDEPRESSANTS,auc,0.5900800900338398,0.08481603959022266,True,1.0,long_seq,ensemble,Age_Gender_BMI_height_VAT,0.5052640504436171,male,categorical,Medication use indicator for antidepressant medications (used to treat depression and related psychiatric conditions),,0.0009765625,10,3405,230,0.005533854166666666
medications,DRUGSUSEDINBENIGNPROSTATICHYPERTROPHY,auc,0.42957264957264957,0.08333333333333326,True,0.0,long_seq,ensemble,Age_Gender_BMI_height_VAT,0.3462393162393163,female,categorical,Medication use indicator for alpha-blockers and 5-alpha reductase inhibitors used to treat benign prostatic hyperplasia symptoms,,0.0244140625,10,3405,43,0.09678431919642858
medications,ANTIHISTAMINESFORSYSTEMICUSE,auc,0.6615546218487395,0.07870273109243686,True,1.0,long_seq,ensemble,Age_Gender_BMI_height_VAT,0.5828518907563026,male,categorical,Medication use indicator for systemic antihistamine medications (used to treat allergies and related conditions),,0.0009765625,10,3405,33,0.005533854166666666
medications,OTHERPLAINVITAMINPREPARATIONSinATC,auc,0.7155873015873015,0.07786031746031741,True,1.0,long_seq,ensemble,Age_Gender_BMI_height_VAT,0.6377269841269841,female,categorical,"Supplement use indicator for vitamin preparations classified by ATC code, representing nutritional supplementation",,0.0029296875,10,3405,11,0.014138926630434784
medications,ANTIEPILEPTICS,auc,0.41988732776759646,0.07553112061358846,True,1.0,long_seq,ensemble,Age_Gender_BMI_height_VAT,0.344356207154008,male,categorical,Medication use indicator for antiepileptic/anticonvulsant medications (used to treat seizures and neuropathic pain),,0.001953125,10,3405,19,0.008661684782608696
medications,ADRENERGICSINHALANTS,auc,0.6186833875805731,0.07118514263833042,True,1.0,long_seq,ensemble,Age_Gender_BMI_height_VAT,0.5474982449422426,female,categorical,Medication use indicator for adrenergic inhalant medications (used for bronchospasm and respiratory conditions),,0.0009765625,10,3405,31,0.006022135416666666
medications,HORMONEANTAGONISTSANDRELATEDAGENTS,auc,0.5898159861989649,0.06716791259344457,True,1.0,long_seq,ensemble,Age_Gender_BMI_height_VAT,0.5226480736055203,female,categorical,Medication use indicator for hormone antagonists and blockers used in cancer treatment and other hormone-dependent conditions,,0.001953125,10,3405,20,0.01083984375
medications,OTHERPLAINVITAMINPREPARATIONSinATC,auc,0.7417796110783735,0.0572829056623988,True,1.0,long_seq,ensemble,Age_Gender_BMI_height_VAT,0.6844967054159747,all,categorical,"Supplement use indicator for vitamin preparations classified by ATC code, representing nutritional supplementation",,0.0009765625,10,3405,11,0.008413461538461538
medications,PROGESTOGENSEXHORMONESANDMODULATORSOFTHEGENITALSYSTEM,auc,0.4874184886843115,0.05368650337004777,True,0.0,long_seq,ensemble,Age_Gender_BMI_height_VAT,0.4337319853142637,female,categorical,"Medication use indicator for progestogens and sex hormone modulators of the genital system, used in hormone therapy",,0.0185546875,10,3405,21,0.07921424278846154
medications,OTHERGYNECOLOGICALSinATC,auc,0.7636710681616996,0.0503061375036884,True,1.0,long_seq,ensemble,Age_Gender_BMI_height_VAT,0.7133649306580112,all,categorical,"Medication use indicator for gynecological drugs classified by ATC code, used in treatment of gynecological conditions",,0.001953125,10,3405,16,0.01286764705882353
medications,DRUGSFORPEPTICULCERANDGASTROOESOPHAGEALREFLUXDISEASEGORD,auc,0.6760172341319882,0.04973097940311055,True,1.0,long_seq,ensemble,Age_Gender_BMI_height_VAT,0.6262862547288777,male,categorical,Medication use indicator for antiulcer and GORD medications including proton pump inhibitors and H2 antagonists,,0.0009765625,10,3405,108,0.005533854166666666
medications,IRONANTIANEMICPREPARATIONS,auc,0.5937039204212989,0.04740784084259786,True,1.0,long_seq,ensemble,Age_Gender_BMI_height_VAT,0.5462960795787011,female,categorical,Supplement/medication use indicator for iron supplements and anti-anemia medications used to treat iron deficiency anemia,,0.0009765625,10,3405,71,0.006022135416666666
medications,ANTIMIGRAINEPREPARATIONS,auc,0.6534812197356368,0.040518256772673844,True,1.0,long_seq,ensemble,Age_Gender_BMI_height_VAT,0.6129629629629629,all,categorical,Medication use indicator for antimigraine medications (used to treat and prevent migraine headaches),,0.0009765625,10,3405,9,0.008413461538461538
medications,ANTIEPILEPTICS,auc,0.4862172412721112,0.04049180837504274,True,0.0,long_seq,ensemble,Age_Gender_BMI_height_VAT,0.44572543289706845,all,categorical,Medication use indicator for antiepileptic/anticonvulsant medications (used to treat seizures and neuropathic pain),,0.009765625,10,3405,19,0.052083333333333336
medications,ANTIDEPRESSANTS,auc,0.5715087523843285,0.029444556979119296,True,1.0,long_seq,ensemble,Age_Gender_BMI_height_VAT,0.5420641954052092,female,categorical,Medication use indicator for antidepressant medications (used to treat depression and related psychiatric conditions),,0.0009765625,10,3405,230,0.006022135416666666
medications,ANTIHISTAMINESFORSYSTEMICUSE,auc,0.5994266508501384,0.028812142780114236,True,0.0,long_seq,ensemble,Age_Gender_BMI_height_VAT,0.5706145080700241,all,categorical,Medication use indicator for systemic antihistamine medications (used to treat allergies and related conditions),,0.009765625,10,3405,33,0.052083333333333336
medications,HORMONEANTAGONISTSANDRELATEDAGENTS,auc,0.782152141802068,0.027475627769571576,True,1.0,long_seq,ensemble,Age_Gender_BMI_height_VAT,0.7546765140324965,all,categorical,Medication use indicator for hormone antagonists and blockers used in cancer treatment and other hormone-dependent conditions,,0.0068359375,10,3405,20,0.04029605263157895
medications,ANTIDEPRESSANTS,auc,0.5990874358096543,0.022665662444368406,True,1.0,long_seq,ensemble,Age_Gender_BMI_height_VAT,0.5764217733652859,all,categorical,Medication use indicator for antidepressant medications (used to treat depression and related psychiatric conditions),,0.001953125,10,3405,230,0.01286764705882353
medications,PSYCHOSTIMULANTSAGENTSUSEDFORADHDANDNOOTROPICS,auc,0.6864416070161862,0.020924421229122303,True,1.0,long_seq,ensemble,Age_Gender_BMI_height_VAT,0.6655171857870639,female,categorical,Medication use indicator for psychostimulants and nootropic agents used to treat ADHD and cognitive disorders,,0.0068359375,10,3405,61,0.0303515625
medications,DRUGSFORPEPTICULCERANDGASTROOESOPHAGEALREFLUXDISEASEGORD,auc,0.6956352014738426,0.019388838337882963,True,1.0,long_seq,ensemble,Age_Gender_BMI_height_VAT,0.6762463631359596,all,categorical,Medication use indicator for antiulcer and GORD medications including proton pump inhibitors and H2 antagonists,,0.0009765625,10,3405,108,0.008413461538461538
medications,HYPNOTICSANDSEDATIVES,auc,0.4014778325123152,0.01876679355127625,True,0.0,long_seq,ensemble,Age_Gender_BMI_height_VAT,0.382711038961039,male,categorical,"Medication use indicator for sleeping aids and sedative medications (benzodiazepines, non-benzodiazepine hypnotics, barbiturates) used for insomnia and sedation",,0.0244140625,10,3405,45,0.0830078125
medications,ASCORBICACIDVITAMINCINCLCOMBINATIONS,auc,0.5875268245100647,0.01739469717123332,True,0.0,long_seq,ensemble,Age_Gender_BMI_height_VAT,0.5701321273388313,male,categorical,Medication/supplement use indicator for Vitamin C and combination vitamin preparations used for immune support and antioxidant purposes,,0.1162109375,10,3405,73,0.3591974431818182
medications,PROGESTOGENSEXHORMONESANDMODULATORSOFTHEGENITALSYSTEM,auc,0.7239164696611505,0.014747973657548097,True,0.0,long_seq,ensemble,Age_Gender_BMI_height_VAT,0.7091684960036024,all,categorical,"Medication use indicator for progestogens and sex hormone modulators of the genital system, used in hormone therapy",,0.080078125,10,3405,21,0.3736979166666667
medications,LIPIDMODIFYINGAGENTSCOMBINATIONS,auc,0.7003315691158157,0.014249688667496985,True,0.0,long_seq,ensemble,Age_Gender_BMI_height_VAT,0.6860818804483187,male,categorical,"Medication use indicator for lipid-lowering drugs including statins, fibrates, and combination lipid therapies used to manage dyslipidemia",,0.0185546875,10,3405,69,0.06526131465517242
medications,PSYCHOSTIMULANTSAGENTSUSEDFORADHDANDNOOTROPICS,auc,0.6860690054121892,0.008694799592124824,True,0.0,long_seq,ensemble,Age_Gender_BMI_height_VAT,0.6773742058200644,all,categorical,Medication use indicator for psychostimulants and nootropic agents used to treat ADHD and cognitive disorders,,0.1376953125,10,3405,61,0.616875
medications,ANTIEPILEPTICS,auc,0.5435506003430531,0.006598056032018129,True,0.0,long_seq,ensemble,Age_Gender_BMI_height_VAT,0.536952544311035,female,categorical,Medication use indicator for antiepileptic/anticonvulsant medications (used to treat seizures and neuropathic pain),,0.6875,10,3405,19,1.0
medications,VITAMINAANDDINCLCOMBINATIONSOFTHETWO,auc,0.6467853594241103,0.006384568589678508,True,0.0,long_seq,ensemble,Age_Gender_BMI_height_VAT,0.6404007908344318,female,categorical,Medication use indicator for Vitamin A and Vitamin D combination supplements or co-administered formulations,,0.0322265625,10,3405,518,0.12334994612068965
medications,UROLOGICALS,auc,0.5503819709702062,0.005322418223487668,True,0.0,long_seq,ensemble,Age_Gender_BMI_height_VAT,0.5450595527467186,all,categorical,Medication use indicator for urological agents used to treat urinary tract and genitourinary disorders,,0.3125,10,3405,17,1.0
medications,LIPIDMODIFYINGAGENTSPLAIN,auc,0.6400474982892566,0.00041359739161928033,True,0.0,long_seq,ensemble,Age_Gender_BMI_height_VAT,0.6396339008976373,male,categorical,"Medication use indicator for lipid-modifying agents (e.g., statins) used to treat dyslipidemia and reduce cardiovascular risk",,0.4228515625,10,3405,541,1.0
medications,ANTIHISTAMINESFORSYSTEMICUSE,auc,0.5488566243194192,0.00020266182698125412,True,0.0,long_seq,ensemble,Age_Gender_BMI_height_VAT,0.5486539624924379,female,categorical,Medication use indicator for systemic antihistamine medications (used to treat allergies and related conditions),,0.6875,10,3405,33,1.0
medications,VITAMINBn12nANDFOLICACID,auc,0.5710033452982687,-0.0029837048974841185,False,0.0,long_seq,ensemble,Age_Gender_BMI_height_VAT,0.5739870501957528,female,categorical,Medication use indicator for Vitamin B12 and Folic Acid combination supplements or co-administered formulations,,0.65234375,10,3405,282,1.0
medications,VITAMINAANDDINCLCOMBINATIONSOFTHETWO,auc,0.6679683122183988,-0.003222373494282005,False,0.0,long_seq,ensemble,Age_Gender_BMI_height_VAT,0.6711906857126808,all,categorical,Medication use indicator for Vitamin A and Vitamin D combination supplements or co-administered formulations,,0.9677734375,10,3405,518,1.0
medications,VITAMINAANDDINCLCOMBINATIONSOFTHETWO,auc,0.6162752110316385,-0.005193230878278499,False,0.0,long_seq,ensemble,Age_Gender_BMI_height_VAT,0.621468441909917,male,categorical,Medication use indicator for Vitamin A and Vitamin D combination supplements or co-administered formulations,,0.9580078125,10,3405,518,1.0
medications,LIPIDMODIFYINGAGENTSPLAIN,auc,0.6694956319251542,-0.005540252377657762,False,0.0,long_seq,ensemble,Age_Gender_BMI_height_VAT,0.6750358843028119,all,categorical,"Medication use indicator for lipid-modifying agents (e.g., statins) used to treat dyslipidemia and reduce cardiovascular risk",,1.0,10,3405,541,1.0
medications,DRUGSAFFECTINGBONESTRUCTUREANDMINERALIZATION,auc,0.7003336113427857,-0.00592716152349182,False,0.0,long_seq,ensemble,Age_Gender_BMI_height_VAT,0.7062607728662775,male,categorical,Medication use indicator for drugs affecting bone metabolism including bisphosphonates and other bone-modifying agents used for osteoporosis,,0.75390625,10,3405,45,1.0
medications,DRUGSFORPEPTICULCERANDGASTROOESOPHAGEALREFLUXDISEASEGORD,auc,0.7087899376582895,-0.007371420222092362,False,0.0,long_seq,ensemble,Age_Gender_BMI_height_VAT,0.7161613578803818,female,categorical,Medication use indicator for antiulcer and GORD medications including proton pump inhibitors and H2 antagonists,,0.8388671875,10,3405,108,1.0
medications,PSYCHOSTIMULANTSAGENTSUSEDFORADHDANDNOOTROPICS,auc,0.6749685379395436,-0.007597779148673545,False,0.0,long_seq,ensemble,Age_Gender_BMI_height_VAT,0.6825663170882171,male,categorical,Medication use indicator for psychostimulants and nootropic agents used to treat ADHD and cognitive disorders,,0.8388671875,10,3405,61,1.0
medications,IRONANTIANEMICPREPARATIONS,auc,0.6009957163496877,-0.010658642919303518,False,0.0,long_seq,ensemble,Age_Gender_BMI_height_VAT,0.6116543592689913,all,categorical,Supplement/medication use indicator for iron supplements and anti-anemia medications used to treat iron deficiency anemia,,0.9677734375,10,3405,71,1.0
medications,LIPIDMODIFYINGAGENTSPLAIN,auc,0.6905993616519932,-0.010749898249898249,False,0.0,long_seq,ensemble,Age_Gender_BMI_height_VAT,0.7013492599018915,female,categorical,"Medication use indicator for lipid-modifying agents (e.g., statins) used to treat dyslipidemia and reduce cardiovascular risk",,1.0,10,3405,541,1.0
medications,LIPIDMODIFYINGAGENTSCOMBINATIONS,auc,0.6938301532686894,-0.01087390956799783,False,0.0,long_seq,ensemble,Age_Gender_BMI_height_VAT,0.7047040628366872,all,categorical,"Medication use indicator for lipid-lowering drugs including statins, fibrates, and combination lipid therapies used to manage dyslipidemia",,0.990234375,10,3405,69,1.0
medications,ANGIOTENSINIIRECEPTORBLOCKERSARBsCOMBINATIONS,auc,0.6956865618365928,-0.012465009675177163,False,0.0,long_seq,ensemble,Age_Gender_BMI_height_VAT,0.70815157151177,male,categorical,,,0.9970703125,10,3405,55,1.0
medications,ASCORBICACIDVITAMINCINCLCOMBINATIONS,auc,0.5669333486819383,-0.013483818184808372,False,0.0,long_seq,ensemble,Age_Gender_BMI_height_VAT,0.5804171668667467,all,categorical,Medication/supplement use indicator for Vitamin C and combination vitamin preparations used for immune support and antioxidant purposes,,0.9033203125,10,3405,73,1.0
medications,VITAMINBn12nANDFOLICACID,auc,0.5706859198397614,-0.013584069691127132,False,0.0,long_seq,ensemble,Age_Gender_BMI_height_VAT,0.5842699895308885,all,categorical,Medication use indicator for Vitamin B12 and Folic Acid combination supplements or co-administered formulations,,0.998046875,10,3405,282,1.0
medications,OTHERMINERALSUPPLEMENTSinATC,auc,0.5699233358264773,-0.01448431585866139,False,0.0,long_seq,ensemble,Age_Gender_BMI_height_VAT,0.5844076516851386,female,categorical,"Supplement use indicator for mineral supplements (e.g., calcium, magnesium, iron) classified by ATC code",,1.0,10,3405,378,1.0
medications,OTHERMINERALSUPPLEMENTSinATC,auc,0.6013151624892785,-0.015712515826877715,False,0.0,long_seq,ensemble,Age_Gender_BMI_height_VAT,0.6170276783161562,male,categorical,"Supplement use indicator for mineral supplements (e.g., calcium, magnesium, iron) classified by ATC code",,0.9990234375,10,3405,378,1.0
medications,OTHERMINERALSUPPLEMENTSinATC,auc,0.6031385082756077,-0.015770062383871464,False,0.0,long_seq,ensemble,Age_Gender_BMI_height_VAT,0.6189085706594791,all,categorical,"Supplement use indicator for mineral supplements (e.g., calcium, magnesium, iron) classified by ATC code",,1.0,10,3405,378,1.0
medications,DRUGSUSEDINBENIGNPROSTATICHYPERTROPHY,auc,0.5291337577585244,-0.016070716257399642,False,0.0,long_seq,ensemble,Age_Gender_BMI_height_VAT,0.5452044740159241,male,categorical,Medication use indicator for alpha-blockers and 5-alpha reductase inhibitors used to treat benign prostatic hyperplasia symptoms,,0.9580078125,10,3405,43,1.0
medications,HORMONALCONTRACEPTIVESFORSYSTEMICUSE,auc,0.8384603975081578,-0.018830160364353477,False,0.0,long_seq,ensemble,Age_Gender_BMI_height_VAT,0.8572905578725113,all,categorical,"Medication use indicator for systemic hormonal contraceptives including oral contraceptive pills, patches, and injections",,1.0,10,3405,34,1.0
medications,ESTROGENSSEXHORMONESANDMODULATORSOFTHEGENITALSYSTEM,auc,0.7707533471026726,-0.01969758127929022,False,0.0,long_seq,ensemble,Age_Gender_BMI_height_VAT,0.7904509283819628,all,categorical,Medication use indicator for estrogen and hormone modulators used in hormone replacement therapy and reproductive health management,,1.0,10,3405,116,1.0
medications,THYROIDPREPARATIONS,auc,0.5397478800648633,-0.02066097563494773,False,0.0,long_seq,ensemble,Age_Gender_BMI_height_VAT,0.560408855699811,female,categorical,"Medication use indicator for thyroid hormone preparations (e.g., levothyroxine) used to treat hypothyroidism",,0.998046875,10,3405,150,1.0
medications,VITAMINBn12nANDFOLICACID,auc,0.5703494759649042,-0.022152810780150523,False,0.0,long_seq,ensemble,Age_Gender_BMI_height_VAT,0.5925022867450547,male,categorical,Medication use indicator for Vitamin B12 and Folic Acid combination supplements or co-administered formulations,,0.9990234375,10,3405,282,1.0
medications,SELECTIVECALCIUMCHANNELBLOCKERSWITHMAINLYVASCULAREFFECTS,auc,0.7683128834355829,-0.02423696319018387,False,0.0,long_seq,ensemble,Age_Gender_BMI_height_VAT,0.7925498466257668,male,categorical,"Medication use indicator for selective calcium channel blockers with vascular effects (e.g., dihydropyridines) used to treat hypertension and angina",,0.9814453125,10,3405,31,1.0
medications,HYPNOTICSANDSEDATIVES,auc,0.440510582010582,-0.026446097883597863,False,0.0,long_seq,ensemble,Age_Gender_BMI_height_VAT,0.4669566798941799,all,categorical,"Medication use indicator for sleeping aids and sedative medications (benzodiazepines, non-benzodiazepine hypnotics, barbiturates) used for insomnia and sedation",,0.986328125,10,3405,45,1.0
medications,THYROIDPREPARATIONS,auc,0.47166782837670385,-0.027563506815365513,False,0.0,long_seq,ensemble,Age_Gender_BMI_height_VAT,0.49923133519206936,male,categorical,"Medication use indicator for thyroid hormone preparations (e.g., levothyroxine) used to treat hypothyroidism",,0.9951171875,10,3405,150,1.0
medications,DRUGSUSEDINBENIGNPROSTATICHYPERTROPHY,auc,0.6969135204681598,-0.02788691670240595,False,0.0,long_seq,ensemble,Age_Gender_BMI_height_VAT,0.7248004371705657,all,categorical,Medication use indicator for alpha-blockers and 5-alpha reductase inhibitors used to treat benign prostatic hyperplasia symptoms,,0.9990234375,10,3405,43,1.0
medications,HORMONALCONTRACEPTIVESFORSYSTEMICUSE,auc,0.8050828749276201,-0.028123190503763773,False,0.0,long_seq,ensemble,Age_Gender_BMI_height_VAT,0.8332060654313839,female,categorical,"Medication use indicator for systemic hormonal contraceptives including oral contraceptive pills, patches, and injections",,1.0,10,3405,34,1.0
medications,PROGESTOGENSANDESTROGENSINCOMBINATION,auc,0.759828583585764,-0.03011412564458449,False,0.0,long_seq,ensemble,Age_Gender_BMI_height_VAT,0.7899427092303485,all,categorical,"Medication use indicator for combined progestogen and estrogen preparations, used in hormone replacement therapy and contraception",,1.0,10,3405,59,1.0
medications,ACEINHIBITORSPLAIN,auc,0.7215668069654205,-0.030937938433605594,False,0.0,long_seq,ensemble,Age_Gender_BMI_height_VAT,0.7525047453990261,female,categorical,Medication use indicator for ACE inhibitors in single-agent formulations (used to treat hypertension and heart disease),,1.0,10,3405,60,1.0
medications,DECONGESTANTSANDOTHERNASALPREPARATIONSFORTOPICALUSE,auc,0.6595737460123532,-0.03488087965791087,False,0.0,long_seq,ensemble,Age_Gender_BMI_height_VAT,0.6944546256702641,male,categorical,Medication use indicator for nasal decongestants and topical nasal preparations used for congestion and rhinitis symptoms,,1.0,10,3405,13,1.0
medications,IRONANTIANEMICPREPARATIONS,auc,0.49529963369963365,-0.035186813186813326,False,0.0,long_seq,ensemble,Age_Gender_BMI_height_VAT,0.530486446886447,male,categorical,Supplement/medication use indicator for iron supplements and anti-anemia medications used to treat iron deficiency anemia,,0.9814453125,10,3405,71,1.0
medications,THYROIDPREPARATIONS,auc,0.6291311827956989,-0.03525990783410149,False,0.0,long_seq,ensemble,Age_Gender_BMI_height_VAT,0.6643910906298004,all,categorical,"Medication use indicator for thyroid hormone preparations (e.g., levothyroxine) used to treat hypothyroidism",,1.0,10,3405,150,1.0
medications,BETABLOCKINGAGENTS,auc,0.7716194331983806,-0.03548101021785244,False,0.0,long_seq,ensemble,Age_Gender_BMI_height_VAT,0.807100443416233,female,categorical,"Medication use indicator for beta-blockers used to treat hypertension, angina, heart failure, and arrhythmias",,1.0,10,3405,62,1.0
medications,UROLOGICALS,auc,0.5616791770920211,-0.039163191548512666,False,0.0,long_seq,ensemble,Age_Gender_BMI_height_VAT,0.6008423686405338,male,categorical,Medication use indicator for urological agents used to treat urinary tract and genitourinary disorders,,0.9814453125,10,3405,17,1.0
medications,ESTROGENSSEXHORMONESANDMODULATORSOFTHEGENITALSYSTEM,auc,0.5412344953512288,-0.03928473985770353,False,0.0,long_seq,ensemble,Age_Gender_BMI_height_VAT,0.5805192352089323,female,categorical,Medication use indicator for estrogen and hormone modulators used in hormone replacement therapy and reproductive health management,,1.0,10,3405,116,1.0
medications,BLOODGLUCOSELOWERINGDRUGSEXCLINSULINS,auc,0.6275841487958914,-0.039782080644041984,False,0.0,long_seq,ensemble,Age_Gender_BMI_height_VAT,0.6673662294399334,male,categorical,"Medication use indicator for oral antidiabetic drugs (metformin, sulfonylureas, DPP-4 inhibitors, etc.) used to manage type 2 diabetes, excluding insulin",,1.0,10,3405,104,1.0
medications,ANGIOTENSINIIRECEPTORBLOCKERSARBsPLAIN,auc,0.6993933102652825,-0.04001614763552497,False,0.0,long_seq,ensemble,Age_Gender_BMI_height_VAT,0.7394094579008075,female,categorical,,,0.998046875,10,3405,53,1.0
medications,ANTITHROMBOTICAGENTS,auc,0.7362482571503938,-0.040510230998228924,False,0.0,long_seq,ensemble,Age_Gender_BMI_height_VAT,0.7767584881486227,male,categorical,Medication use indicator for antithrombotic agents including anticoagulants and antiplatelet drugs (used to prevent blood clots),,1.0,10,3405,123,1.0
medications,ANTIGLAUCOMAPREPARATIONSANDMIOTICS,auc,0.6746413308913308,-0.04070512820512828,False,0.0,long_seq,ensemble,Age_Gender_BMI_height_VAT,0.7153464590964591,male,categorical,Medication use indicator for anti-glaucoma and miotic medications (used to treat glaucoma and reduce intraocular pressure),,0.9970703125,10,3405,9,1.0
medications,CALCIUMSUPPLEMENTS,auc,0.6800311366651923,-0.04132896948252984,False,0.0,long_seq,ensemble,Age_Gender_BMI_height_VAT,0.7213601061477222,all,categorical,Supplement use indicator for calcium supplements used for bone health and to treat calcium deficiency,,1.0,10,3405,175,1.0
medications,VITAMINBn1nPLAINANDINCOMBINATIONWITHVITAMINBn6nANDBn12n,auc,0.6275896217072687,-0.04261277937748531,False,0.0,long_seq,ensemble,Age_Gender_BMI_height_VAT,0.670202401084754,all,categorical,Medication use indicator for Vitamin B1 alone or in combination with Vitamin B6 and B12 formulations,,1.0,10,3405,39,1.0
medications,LIPIDMODIFYINGAGENTSCOMBINATIONS,auc,0.6663922662945982,-0.04292804464819622,False,0.0,long_seq,ensemble,Age_Gender_BMI_height_VAT,0.7093203109427945,female,categorical,"Medication use indicator for lipid-lowering drugs including statins, fibrates, and combination lipid therapies used to manage dyslipidemia",,1.0,10,3405,69,1.0
medications,ASCORBICACIDVITAMINCINCLCOMBINATIONS,auc,0.5490840698492309,-0.04334306859536985,False,0.0,long_seq,ensemble,Age_Gender_BMI_height_VAT,0.5924271384446007,female,categorical,Medication/supplement use indicator for Vitamin C and combination vitamin preparations used for immune support and antioxidant purposes,,0.9970703125,10,3405,73,1.0
medications,VITAMINBn1nPLAINANDINCOMBINATIONWITHVITAMINBn6nANDBn12n,auc,0.5887308399754752,-0.043789086450030656,False,0.0,long_seq,ensemble,Age_Gender_BMI_height_VAT,0.6325199264255058,male,categorical,Medication use indicator for Vitamin B1 alone or in combination with Vitamin B6 and B12 formulations,,0.998046875,10,3405,39,1.0
medications,ANGIOTENSINIIRECEPTORBLOCKERSARBsCOMBINATIONS,auc,0.7214724559023067,-0.04410637720488464,False,0.0,long_seq,ensemble,Age_Gender_BMI_height_VAT,0.7655788331071913,all,categorical,,,1.0,10,3405,55,1.0
medications,ANTITHROMBOTICAGENTS,auc,0.7671301457073072,-0.044171459996135476,False,0.0,long_seq,ensemble,Age_Gender_BMI_height_VAT,0.8113016057034427,all,categorical,Medication use indicator for antithrombotic agents including anticoagulants and antiplatelet drugs (used to prevent blood clots),,1.0,10,3405,123,1.0
medications,BLOODGLUCOSELOWERINGDRUGSEXCLINSULINS,auc,0.6216152447976138,-0.0461078228042785,False,0.0,long_seq,ensemble,Age_Gender_BMI_height_VAT,0.6677230676018923,all,categorical,"Medication use indicator for oral antidiabetic drugs (metformin, sulfonylureas, DPP-4 inhibitors, etc.) used to manage type 2 diabetes, excluding insulin",,1.0,10,3405,104,1.0
medications,VITAMINBn1nPLAINANDINCOMBINATIONWITHVITAMINBn6nANDBn12n,auc,0.6397262247838617,-0.04728266090297795,False,0.0,long_seq,ensemble,Age_Gender_BMI_height_VAT,0.6870088856868396,female,categorical,Medication use indicator for Vitamin B1 alone or in combination with Vitamin B6 and B12 formulations,,1.0,10,3405,39,1.0
medications,CALCIUMSUPPLEMENTS,auc,0.6194343986812008,-0.05015654351909815,False,0.0,long_seq,ensemble,Age_Gender_BMI_height_VAT,0.6695909422002989,male,categorical,Supplement use indicator for calcium supplements used for bone health and to treat calcium deficiency,,1.0,10,3405,175,1.0
medications,CALCIUMSUPPLEMENTS,auc,0.6508684960001555,-0.05039075029889484,False,0.0,long_seq,ensemble,Age_Gender_BMI_height_VAT,0.7012592462990503,female,categorical,Supplement use indicator for calcium supplements used for bone health and to treat calcium deficiency,,1.0,10,3405,175,1.0
medications,ACEINHIBITORSPLAIN,auc,0.6773492775286497,-0.053122571001494756,False,0.0,long_seq,ensemble,Age_Gender_BMI_height_VAT,0.7304718485301445,all,categorical,Medication use indicator for ACE inhibitors in single-agent formulations (used to treat hypertension and heart disease),,1.0,10,3405,60,1.0
medications,ANTIGLAUCOMAPREPARATIONSANDMIOTICS,auc,0.7272608297343279,-0.05345177332809836,False,0.0,long_seq,ensemble,Age_Gender_BMI_height_VAT,0.7807126030624263,all,categorical,Medication use indicator for anti-glaucoma and miotic medications (used to treat glaucoma and reduce intraocular pressure),,0.9990234375,10,3405,9,1.0
medications,LOWCEILINGDIURETICSTHIAZIDES,auc,0.7163397947548461,-0.053683010262257747,False,0.0,long_seq,ensemble,Age_Gender_BMI_height_VAT,0.7700228050171039,female,categorical,Medication use indicator for thiazide diuretics used to treat hypertension and edema,,0.990234375,10,3405,8,1.0
medications,ANGIOTENSINIIRECEPTORBLOCKERSARBsPLAIN,auc,0.6889291664790382,-0.05432690142747765,False,0.0,long_seq,ensemble,Age_Gender_BMI_height_VAT,0.7432560679065159,all,categorical,,,1.0,10,3405,53,1.0
medications,BLOODGLUCOSELOWERINGDRUGSEXCLINSULINS,auc,0.6110289132602194,-0.05532402791625124,False,0.0,long_seq,ensemble,Age_Gender_BMI_height_VAT,0.6663529411764706,female,categorical,"Medication use indicator for oral antidiabetic drugs (metformin, sulfonylureas, DPP-4 inhibitors, etc.) used to manage type 2 diabetes, excluding insulin",,1.0,10,3405,104,1.0
medications,DECONGESTANTSANDOTHERNASALPREPARATIONSFORTOPICALUSE,auc,0.5822183417997097,-0.05747460087082734,False,0.0,long_seq,ensemble,Age_Gender_BMI_height_VAT,0.639692942670537,all,categorical,Medication use indicator for nasal decongestants and topical nasal preparations used for congestion and rhinitis symptoms,,1.0,10,3405,13,1.0
medications,PROGESTOGENSANDESTROGENSINCOMBINATION,auc,0.5283798604187437,-0.05817796610169479,False,0.0,long_seq,ensemble,Age_Gender_BMI_height_VAT,0.5865578265204385,female,categorical,"Medication use indicator for combined progestogen and estrogen preparations, used in hormone replacement therapy and contraception",,1.0,10,3405,59,1.0
medications,BETABLOCKINGAGENTS,auc,0.7282559609390831,-0.05850067063580133,False,0.0,long_seq,ensemble,Age_Gender_BMI_height_VAT,0.7867566315748844,all,categorical,"Medication use indicator for beta-blockers used to treat hypertension, angina, heart failure, and arrhythmias",,1.0,10,3405,62,1.0
medications,ANTITHROMBOTICAGENTS,auc,0.7708905471115324,-0.059209761766415014,False,0.0,long_seq,ensemble,Age_Gender_BMI_height_VAT,0.8301003088779474,female,categorical,Medication use indicator for antithrombotic agents including anticoagulants and antiplatelet drugs (used to prevent blood clots),,1.0,10,3405,123,1.0
medications,DECONGESTANTSANDOTHERNASALPREPARATIONSFORTOPICALUSE,auc,0.31692307692307686,-0.06713675213675219,False,0.0,long_seq,ensemble,Age_Gender_BMI_height_VAT,0.38405982905982905,female,categorical,Medication use indicator for nasal decongestants and topical nasal preparations used for congestion and rhinitis symptoms,,0.9970703125,10,3405,13,1.0
medications,DRUGSAFFECTINGBONESTRUCTUREANDMINERALIZATION,auc,0.7296316137566137,-0.0712367724867724,False,0.0,long_seq,ensemble,Age_Gender_BMI_height_VAT,0.8008683862433861,all,categorical,Medication use indicator for drugs affecting bone metabolism including bisphosphonates and other bone-modifying agents used for osteoporosis,,1.0,10,3405,45,1.0
medications,ANGIOTENSINIIRECEPTORBLOCKERSARBsPLAIN,auc,0.6742119901112484,-0.07139987639060574,False,0.0,long_seq,ensemble,Age_Gender_BMI_height_VAT,0.7456118665018542,male,categorical,,,1.0,10,3405,53,1.0
medications,HYPNOTICSANDSEDATIVES,auc,0.47564115407733915,-0.0723615007012623,False,0.0,long_seq,ensemble,Age_Gender_BMI_height_VAT,0.5480026547786014,female,categorical,"Medication use indicator for sleeping aids and sedative medications (benzodiazepines, non-benzodiazepine hypnotics, barbiturates) used for insomnia and sedation",,0.9990234375,10,3405,45,1.0
medications,ACEINHIBITORSPLAIN,auc,0.6341581474597274,-0.07249457868649312,False,0.0,long_seq,ensemble,Age_Gender_BMI_height_VAT,0.7066527261462205,male,categorical,Medication use indicator for ACE inhibitors in single-agent formulations (used to treat hypertension and heart disease),,1.0,10,3405,60,1.0
medications,SELECTIVECALCIUMCHANNELBLOCKERSWITHMAINLYVASCULAREFFECTS,auc,0.7048807771000248,-0.07712392680268465,False,0.0,long_seq,ensemble,Age_Gender_BMI_height_VAT,0.7820047039027095,all,categorical,"Medication use indicator for selective calcium channel blockers with vascular effects (e.g., dihydropyridines) used to treat hypertension and angina",,1.0,10,3405,31,1.0
medications,ANGIOTENSINIIRECEPTORBLOCKERSARBsCOMBINATIONS,auc,0.7460485685874286,-0.07882974825980005,False,0.0,long_seq,ensemble,Age_Gender_BMI_height_VAT,0.8248783168472287,female,categorical,,,1.0,10,3405,55,1.0
medications,ANTIGOUTPREPARATIONS,auc,0.6477803073420603,-0.08224245873648273,False,0.0,long_seq,ensemble,Age_Gender_BMI_height_VAT,0.730022766078543,female,categorical,Medication use indicator for gout treatment medications (used to treat gout and hyperuricemia),,0.9677734375,10,3405,20,1.0
medications,BETABLOCKINGAGENTS,auc,0.6813080855018587,-0.08359859045848816,False,0.0,long_seq,ensemble,Age_Gender_BMI_height_VAT,0.7649066759603469,male,categorical,"Medication use indicator for beta-blockers used to treat hypertension, angina, heart failure, and arrhythmias",,1.0,10,3405,62,1.0
medications,VITAMINKANDOTHERHEMOSTATICS,auc,0.6664816283372985,-0.10142743854084069,False,0.0,long_seq,ensemble,Age_Gender_BMI_height_VAT,0.7679090668781392,female,categorical,Medication use indicator for Vitamin K and other hemostatic agents used for blood coagulation management,,1.0,10,3405,24,1.0
medications,VITAMINKANDOTHERHEMOSTATICS,auc,0.6033311150547176,-0.10917874396135263,False,0.0,long_seq,ensemble,Age_Gender_BMI_height_VAT,0.7125098590160702,all,categorical,Medication use indicator for Vitamin K and other hemostatic agents used for blood coagulation management,,1.0,10,3405,24,1.0
medications,DRUGSAFFECTINGBONESTRUCTUREANDMINERALIZATION,auc,0.6877237851662403,-0.11901619778346118,False,0.0,long_seq,ensemble,Age_Gender_BMI_height_VAT,0.8067399829497015,female,categorical,Medication use indicator for drugs affecting bone metabolism including bisphosphonates and other bone-modifying agents used for osteoporosis,,1.0,10,3405,45,1.0
medications,ANTIGOUTPREPARATIONS,auc,0.6744903988183161,-0.11959970457902513,False,0.0,long_seq,ensemble,Age_Gender_BMI_height_VAT,0.7940901033973412,all,categorical,Medication use indicator for gout treatment medications (used to treat gout and hyperuricemia),,1.0,10,3405,20,1.0
medications,VITAMINKANDOTHERHEMOSTATICS,auc,0.523341673616903,-0.12285237698081741,False,0.0,long_seq,ensemble,Age_Gender_BMI_height_VAT,0.6461940505977204,male,categorical,Medication use indicator for Vitamin K and other hemostatic agents used for blood coagulation management,,1.0,10,3405,24,1.0
medications,LOWCEILINGDIURETICSTHIAZIDES,auc,0.5191014130114808,-0.13260229614365615,False,0.0,long_seq,ensemble,Age_Gender_BMI_height_VAT,0.651703709155137,all,categorical,Medication use indicator for thiazide diuretics used to treat hypertension and edema,,1.0,10,3405,8,1.0
medications,SELECTIVECALCIUMCHANNELBLOCKERSWITHMAINLYVASCULAREFFECTS,auc,0.635894495412844,-0.13306957186544344,False,0.0,long_seq,ensemble,Age_Gender_BMI_height_VAT,0.7689640672782875,female,categorical,"Medication use indicator for selective calcium channel blockers with vascular effects (e.g., dihydropyridines) used to treat hypertension and angina",,1.0,10,3405,31,1.0
medications,ANTIGOUTPREPARATIONS,auc,0.536530849030849,-0.13614864864864862,False,0.0,long_seq,ensemble,Age_Gender_BMI_height_VAT,0.6726794976794976,male,categorical,Medication use indicator for gout treatment medications (used to treat gout and hyperuricemia),,1.0,10,3405,20,1.0
medications,ANTIMIGRAINEPREPARATIONS,auc,0.4958333333333333,-0.1389902676399027,False,0.0,long_seq,ensemble,Age_Gender_BMI_height_VAT,0.634823600973236,male,categorical,Medication use indicator for antimigraine medications (used to treat and prevent migraine headaches),,0.9970703125,10,3405,9,1.0
medications,LOWCEILINGDIURETICSTHIAZIDES,auc,0.16857374721038745,-0.29391357273280583,False,0.0,long_seq,ensemble,Age_Gender_BMI_height_VAT,0.4624873199431933,male,categorical,Medication use indicator for thiazide diuretics used to treat hypertension and edema,,1.0,10,3405,8,1.0
medications,ANTIGLAUCOMAPREPARATIONSANDMIOTICS,auc,0.3146757679180887,-0.3311717861205916,False,0.0,long_seq,ensemble,Age_Gender_BMI_height_VAT,0.6458475540386803,female,categorical,Medication use indicator for anti-glaucoma and miotic medications (used to treat glaucoma and reduce intraocular pressure),,0.9990234375,10,3405,9,1.0
medications,OTHERGYNECOLOGICALSinATC,auc,,,,,long_seq,ensemble,Age_Gender_BMI_height_VAT,,male,categorical,"Medication use indicator for gynecological drugs classified by ATC code, used in treatment of gynecological conditions",,,10,3405,16,
medications,ESTROGENSSEXHORMONESANDMODULATORSOFTHEGENITALSYSTEM,auc,,,,,long_seq,ensemble,Age_Gender_BMI_height_VAT,,male,categorical,Medication use indicator for estrogen and hormone modulators used in hormone replacement therapy and reproductive health management,,,10,3405,116,
medications,PROGESTOGENSANDESTROGENSINCOMBINATION,auc,,,,,long_seq,ensemble,Age_Gender_BMI_height_VAT,,male,categorical,"Medication use indicator for combined progestogen and estrogen preparations, used in hormone replacement therapy and contraception",,,10,3405,59,
medications,HORMONEANTAGONISTSANDRELATEDAGENTS,auc,,,,,long_seq,ensemble,Age_Gender_BMI_height_VAT,,male,categorical,Medication use indicator for hormone antagonists and blockers used in cancer treatment and other hormone-dependent conditions,,,10,3405,20,
medications,PROGESTOGENSEXHORMONESANDMODULATORSOFTHEGENITALSYSTEM,auc,,,,,long_seq,ensemble,Age_Gender_BMI_height_VAT,,male,categorical,"Medication use indicator for progestogens and sex hormone modulators of the genital system, used in hormone therapy",,,10,3405,21,
medications,UROLOGICALS,auc,0.5250771278678255,0.2110107654415087,True,1.0,long_seq,long_seq_main,Age_Gender_BMI_height_VAT,0.31406636242631675,female,categorical,Medication use indicator for urological agents used to treat urinary tract and genitourinary disorders,,0.0009765625,10,3328,82,0.00677490234375
medications,OTHERPLAINVITAMINPREPARATIONSinATC,auc,0.5878897149938043,0.20267073689161458,True,1.0,long_seq,long_seq_main,Age_Gender_BMI_height_VAT,0.3852189781021897,male,categorical,"Supplement use indicator for vitamin preparations classified by ATC code, representing nutritional supplementation",,0.0009765625,10,3328,55,0.00498046875
medications,HORMONALCONTRACEPTIVESFORSYSTEMICUSE,auc,0.19985873605947954,0.1500716314366085,True,1.0,long_seq,long_seq_main,Age_Gender_BMI_height_VAT,0.04978710462287102,male,categorical,"Medication use indicator for systemic hormonal contraceptives including oral contraceptive pills, patches, and injections",,0.0009765625,10,3328,166,0.00498046875
medications,ANTIEPILEPTICS,auc,0.4651585255403063,0.12080231838629829,True,1.0,long_seq,long_seq_main,Age_Gender_BMI_height_VAT,0.344356207154008,male,categorical,Medication use indicator for antiepileptic/anticonvulsant medications (used to treat seizures and neuropathic pain),,0.0009765625,10,3328,90,0.00498046875
medications,OTHERGYNECOLOGICALSinATC,auc,0.5617230813216318,0.11903805550407592,True,1.0,long_seq,long_seq_main,Age_Gender_BMI_height_VAT,0.4426850258175559,female,categorical,"Medication use indicator for gynecological drugs classified by ATC code, used in treatment of gynecological conditions",,0.0009765625,10,3328,76,0.00677490234375
medications,ADRENERGICSINHALANTS,auc,0.5103276569036829,0.09933797298074726,True,1.0,long_seq,long_seq_main,Age_Gender_BMI_height_VAT,0.4109896839229356,male,categorical,Medication use indicator for adrenergic inhalant medications (used for bronchospasm and respiratory conditions),,0.0009765625,10,3328,152,0.00498046875
medications,DRUGSUSEDINBENIGNPROSTATICHYPERTROPHY,auc,0.43616113597777434,0.08992181973845803,True,1.0,long_seq,long_seq_main,Age_Gender_BMI_height_VAT,0.3462393162393163,female,categorical,Medication use indicator for alpha-blockers and 5-alpha reductase inhibitors used to treat benign prostatic hyperplasia symptoms,,0.0068359375,10,3328,210,0.037939453125
medications,PROGESTOGENSEXHORMONESANDMODULATORSOFTHEGENITALSYSTEM,auc,0.5200788338932834,0.08634684857901964,True,1.0,long_seq,long_seq_main,Age_Gender_BMI_height_VAT,0.4337319853142637,female,categorical,"Medication use indicator for progestogens and sex hormone modulators of the genital system, used in hormone therapy",,0.0009765625,10,3328,103,0.00677490234375
medications,ANTIMIGRAINEPREPARATIONS,auc,0.586208888068096,0.08279238448035964,True,1.0,long_seq,long_seq_main,Age_Gender_BMI_height_VAT,0.5034165035877364,female,categorical,Medication use indicator for antimigraine medications (used to treat and prevent migraine headaches),,0.0009765625,10,3328,45,0.00677490234375
medications,HYPNOTICSANDSEDATIVES,auc,0.44841830666592325,0.06570726770488428,True,1.0,long_seq,long_seq_main,Age_Gender_BMI_height_VAT,0.382711038961039,male,categorical,"Medication use indicator for sleeping aids and sedative medications (benzodiazepines, non-benzodiazepine hypnotics, barbiturates) used for insomnia and sedation",,0.0009765625,10,3328,218,0.00498046875
medications,ANTIDEPRESSANTS,auc,0.5695775892473778,0.06431353880376067,True,1.0,long_seq,long_seq_main,Age_Gender_BMI_height_VAT,0.5052640504436171,male,categorical,Medication use indicator for antidepressant medications (used to treat depression and related psychiatric conditions),,0.0009765625,10,3328,1115,0.00498046875
medications,ADRENERGICSINHALANTS,auc,0.5517190655274662,0.05943939365336254,True,1.0,long_seq,long_seq_main,Age_Gender_BMI_height_VAT,0.49227967187410365,all,categorical,Medication use indicator for adrenergic inhalant medications (used for bronchospasm and respiratory conditions),,0.001953125,10,3328,152,0.03125
medications,ANTIEPILEPTICS,auc,0.5003481042431084,0.05462267134603993,True,1.0,long_seq,long_seq_main,Age_Gender_BMI_height_VAT,0.44572543289706845,all,categorical,Medication use indicator for antiepileptic/anticonvulsant medications (used to treat seizures and neuropathic pain),,0.001953125,10,3328,90,0.03125
medications,HORMONEANTAGONISTSANDRELATEDAGENTS,auc,0.5698985706676136,0.04725049706209328,True,1.0,long_seq,long_seq_main,Age_Gender_BMI_height_VAT,0.5226480736055203,female,categorical,Medication use indicator for hormone antagonists and blockers used in cancer treatment and other hormone-dependent conditions,,0.0029296875,10,3328,96,0.019129136029411766
medications,ANTIHISTAMINESFORSYSTEMICUSE,auc,0.6257281544356094,0.04287626367930675,True,1.0,long_seq,long_seq_main,Age_Gender_BMI_height_VAT,0.5828518907563026,male,categorical,Medication use indicator for systemic antihistamine medications (used to treat allergies and related conditions),,0.0009765625,10,3328,162,0.00498046875
medications,OTHERPLAINVITAMINPREPARATIONSinATC,auc,0.6750663476748899,0.03733936354790579,True,0.0,long_seq,long_seq_main,Age_Gender_BMI_height_VAT,0.6377269841269841,female,categorical,"Supplement use indicator for vitamin preparations classified by ATC code, representing nutritional supplementation",,0.0322265625,10,3328,55,0.13758263221153846
medications,ADRENERGICSINHALANTS,auc,0.5789613220021396,0.03146307705989693,True,0.0,long_seq,long_seq_main,Age_Gender_BMI_height_VAT,0.5474982449422426,female,categorical,Medication use indicator for adrenergic inhalant medications (used for bronchospasm and respiratory conditions),,0.0322265625,10,3328,152,0.13758263221153846
medications,UROLOGICALS,auc,0.5613181966966568,0.016258643949938256,True,0.0,long_seq,long_seq_main,Age_Gender_BMI_height_VAT,0.5450595527467186,all,categorical,Medication use indicator for urological agents used to treat urinary tract and genitourinary disorders,,0.0966796875,10,3328,82,0.7734375
medications,ANTIDEPRESSANTS,auc,0.5559680722442539,0.013903876839044704,True,0.0,long_seq,long_seq_main,Age_Gender_BMI_height_VAT,0.5420641954052092,female,categorical,Medication use indicator for antidepressant medications (used to treat depression and related psychiatric conditions),,0.0185546875,10,3328,1115,0.08954653532608696
medications,OTHERPLAINVITAMINPREPARATIONSinATC,auc,0.6938107857499493,0.009314080333974517,True,0.0,long_seq,long_seq_main,Age_Gender_BMI_height_VAT,0.6844967054159747,all,categorical,"Supplement use indicator for vitamin preparations classified by ATC code, representing nutritional supplementation",,0.1611328125,10,3328,55,1.0
medications,DRUGSFORPEPTICULCERANDGASTROOESOPHAGEALREFLUXDISEASEGORD,auc,0.6333245090816014,0.007038254352723761,True,0.0,long_seq,long_seq_main,Age_Gender_BMI_height_VAT,0.6262862547288777,male,categorical,Medication use indicator for antiulcer and GORD medications including proton pump inhibitors and H2 antagonists,,0.0654296875,10,3328,529,0.23013200431034483
medications,PROGESTOGENSEXHORMONESANDMODULATORSOFTHEGENITALSYSTEM,auc,0.7144073767837698,0.005238880780167321,True,0.0,long_seq,long_seq_main,Age_Gender_BMI_height_VAT,0.7091684960036024,all,categorical,"Medication use indicator for progestogens and sex hormone modulators of the genital system, used in hormone therapy",,0.3125,10,3328,103,1.0
medications,OTHERGYNECOLOGICALSinATC,auc,0.7180797011564445,0.004714770498433274,True,0.0,long_seq,long_seq_main,Age_Gender_BMI_height_VAT,0.7133649306580112,all,categorical,"Medication use indicator for gynecological drugs classified by ATC code, used in treatment of gynecological conditions",,0.4228515625,10,3328,76,1.0
medications,ASCORBICACIDVITAMINCINCLCOMBINATIONS,auc,0.5740558416915152,0.003923714352683905,True,0.0,long_seq,long_seq_main,Age_Gender_BMI_height_VAT,0.5701321273388313,male,categorical,Medication/supplement use indicator for Vitamin C and combination vitamin preparations used for immune support and antioxidant purposes,,0.2783203125,10,3328,361,0.9157636088709679
medications,IRONANTIANEMICPREPARATIONS,auc,0.5496095200474027,0.003313440468701634,True,0.0,long_seq,long_seq_main,Age_Gender_BMI_height_VAT,0.5462960795787011,female,categorical,Supplement/medication use indicator for iron supplements and anti-anemia medications used to treat iron deficiency anemia,,0.34765625,10,3328,349,1.0
medications,ANTIHISTAMINESFORSYSTEMICUSE,auc,0.5718768326906261,0.00126232462060194,True,0.0,long_seq,long_seq_main,Age_Gender_BMI_height_VAT,0.5706145080700241,all,categorical,Medication use indicator for systemic antihistamine medications (used to treat allergies and related conditions),,0.5771484375,10,3328,162,1.0
medications,ANTIDEPRESSANTS,auc,0.5757084082813769,-0.0007133650839089567,False,0.0,long_seq,long_seq_main,Age_Gender_BMI_height_VAT,0.5764217733652859,all,categorical,Medication use indicator for antidepressant medications (used to treat depression and related psychiatric conditions),,0.5390625,10,3328,1115,1.0
medications,HYPNOTICSANDSEDATIVES,auc,0.46589323999834475,-0.0010634398958351277,False,0.0,long_seq,long_seq_main,Age_Gender_BMI_height_VAT,0.4669566798941799,all,categorical,"Medication use indicator for sleeping aids and sedative medications (benzodiazepines, non-benzodiazepine hypnotics, barbiturates) used for insomnia and sedation",,0.5390625,10,3328,218,1.0
medications,ANTIEPILEPTICS,auc,0.5327377121837744,-0.004214832127260593,False,0.0,long_seq,long_seq_main,Age_Gender_BMI_height_VAT,0.536952544311035,female,categorical,Medication use indicator for antiepileptic/anticonvulsant medications (used to treat seizures and neuropathic pain),,0.7216796875,10,3328,90,1.0
medications,ANTIMIGRAINEPREPARATIONS,auc,0.6078511637881927,-0.005111799174770226,False,0.0,long_seq,long_seq_main,Age_Gender_BMI_height_VAT,0.6129629629629629,all,categorical,Medication use indicator for antimigraine medications (used to treat and prevent migraine headaches),,0.6875,10,3328,45,1.0
medications,HORMONEANTAGONISTSANDRELATEDAGENTS,auc,0.7419922505243626,-0.012684263508133897,False,0.0,long_seq,long_seq_main,Age_Gender_BMI_height_VAT,0.7546765140324965,all,categorical,Medication use indicator for hormone antagonists and blockers used in cancer treatment and other hormone-dependent conditions,,0.919921875,10,3328,96,1.0
medications,IRONANTIANEMICPREPARATIONS,auc,0.5130005075384385,-0.01748593934800846,False,0.0,long_seq,long_seq_main,Age_Gender_BMI_height_VAT,0.530486446886447,male,categorical,Supplement/medication use indicator for iron supplements and anti-anemia medications used to treat iron deficiency anemia,,0.9580078125,10,3328,349,1.0
medications,ANTIHISTAMINESFORSYSTEMICUSE,auc,0.531042228603821,-0.01761173388861692,False,0.0,long_seq,long_seq_main,Age_Gender_BMI_height_VAT,0.5486539624924379,female,categorical,Medication use indicator for systemic antihistamine medications (used to treat allergies and related conditions),,0.9677734375,10,3328,162,1.0
medications,DECONGESTANTSANDOTHERNASALPREPARATIONSFORTOPICALUSE,auc,0.3621134443923041,-0.021946384667524965,False,0.0,long_seq,long_seq_main,Age_Gender_BMI_height_VAT,0.38405982905982905,female,categorical,Medication use indicator for nasal decongestants and topical nasal preparations used for congestion and rhinitis symptoms,,0.7841796875,10,3328,65,1.0
medications,DRUGSUSEDINBENIGNPROSTATICHYPERTROPHY,auc,0.5212593053220769,-0.02394516869384722,False,0.0,long_seq,long_seq_main,Age_Gender_BMI_height_VAT,0.5452044740159241,male,categorical,Medication use indicator for alpha-blockers and 5-alpha reductase inhibitors used to treat benign prostatic hyperplasia symptoms,,0.9990234375,10,3328,210,1.0
medications,ASCORBICACIDVITAMINCINCLCOMBINATIONS,auc,0.5552764181154545,-0.02514074875129224,False,0.0,long_seq,long_seq_main,Age_Gender_BMI_height_VAT,0.5804171668667467,all,categorical,Medication/supplement use indicator for Vitamin C and combination vitamin preparations used for immune support and antioxidant purposes,,0.9990234375,10,3328,361,1.0
medications,VITAMINBn12nANDFOLICACID,auc,0.5483951582265506,-0.025591891969202196,False,0.0,long_seq,long_seq_main,Age_Gender_BMI_height_VAT,0.5739870501957528,female,categorical,Medication use indicator for Vitamin B12 and Folic Acid combination supplements or co-administered formulations,,1.0,10,3328,1346,1.0
medications,LIPIDMODIFYINGAGENTSPLAIN,auc,0.6133413971338892,-0.026292503763748032,False,0.0,long_seq,long_seq_main,Age_Gender_BMI_height_VAT,0.6396339008976373,male,categorical,"Medication use indicator for lipid-modifying agents (e.g., statins) used to treat dyslipidemia and reduce cardiovascular risk",,1.0,10,3328,2630,1.0
medications,DRUGSFORPEPTICULCERANDGASTROOESOPHAGEALREFLUXDISEASEGORD,auc,0.6496627479444768,-0.02658361519148289,False,0.0,long_seq,long_seq_main,Age_Gender_BMI_height_VAT,0.6762463631359596,all,categorical,Medication use indicator for antiulcer and GORD medications including proton pump inhibitors and H2 antagonists,,1.0,10,3328,529,1.0
medications,ESTROGENSSEXHORMONESANDMODULATORSOFTHEGENITALSYSTEM,auc,0.7627906063727068,-0.027660322009256055,False,0.0,long_seq,long_seq_main,Age_Gender_BMI_height_VAT,0.7904509283819628,all,categorical,Medication use indicator for estrogen and hormone modulators used in hormone replacement therapy and reproductive health management,,1.0,10,3328,563,1.0
medications,THYROIDPREPARATIONS,auc,0.4715331439393939,-0.027698191252675475,False,0.0,long_seq,long_seq_main,Age_Gender_BMI_height_VAT,0.49923133519206936,male,categorical,"Medication use indicator for thyroid hormone preparations (e.g., levothyroxine) used to treat hypothyroidism",,0.9951171875,10,3328,721,1.0
medications,DRUGSAFFECTINGBONESTRUCTUREANDMINERALIZATION,auc,0.678283199860847,-0.027977573005430578,False,0.0,long_seq,long_seq_main,Age_Gender_BMI_height_VAT,0.7062607728662775,male,categorical,Medication use indicator for drugs affecting bone metabolism including bisphosphonates and other bone-modifying agents used for osteoporosis,,0.9951171875,10,3328,217,1.0
medications,VITAMINAANDDINCLCOMBINATIONSOFTHETWO,auc,0.6103919409227347,-0.030008849911697055,False,0.0,long_seq,long_seq_main,Age_Gender_BMI_height_VAT,0.6404007908344318,female,categorical,Medication use indicator for Vitamin A and Vitamin D combination supplements or co-administered formulations,,1.0,10,3328,2526,1.0
medications,PROGESTOGENSANDESTROGENSINCOMBINATION,auc,0.7537444618752909,-0.03619824735505761,False,0.0,long_seq,long_seq_main,Age_Gender_BMI_height_VAT,0.7899427092303485,all,categorical,"Medication use indicator for combined progestogen and estrogen preparations, used in hormone replacement therapy and contraception",,1.0,10,3328,284,1.0
medications,OTHERMINERALSUPPLEMENTSinATC,auc,0.5479360339743792,-0.03647161771075946,False,0.0,long_seq,long_seq_main,Age_Gender_BMI_height_VAT,0.5844076516851386,female,categorical,"Supplement use indicator for mineral supplements (e.g., calcium, magnesium, iron) classified by ATC code",,1.0,10,3328,1834,1.0
medications,VITAMINAANDDINCLCOMBINATIONSOFTHETWO,auc,0.5840294217154314,-0.03743902019448564,False,0.0,long_seq,long_seq_main,Age_Gender_BMI_height_VAT,0.621468441909917,male,categorical,Medication use indicator for Vitamin A and Vitamin D combination supplements or co-administered formulations,,1.0,10,3328,2526,1.0
medications,VITAMINAANDDINCLCOMBINATIONSOFTHETWO,auc,0.6331134496034826,-0.03807723610919822,False,0.0,long_seq,long_seq_main,Age_Gender_BMI_height_VAT,0.6711906857126808,all,categorical,Medication use indicator for Vitamin A and Vitamin D combination supplements or co-administered formulations,,1.0,10,3328,2526,1.0
medications,LIPIDMODIFYINGAGENTSPLAIN,auc,0.636043483600522,-0.03899240070228993,False,0.0,long_seq,long_seq_main,Age_Gender_BMI_height_VAT,0.6750358843028119,all,categorical,"Medication use indicator for lipid-modifying agents (e.g., statins) used to treat dyslipidemia and reduce cardiovascular risk",,1.0,10,3328,2630,1.0
medications,VITAMINBn12nANDFOLICACID,auc,0.5448357503831418,-0.039434239147746686,False,0.0,long_seq,long_seq_main,Age_Gender_BMI_height_VAT,0.5842699895308885,all,categorical,Medication use indicator for Vitamin B12 and Folic Acid combination supplements or co-administered formulations,,1.0,10,3328,1346,1.0
medications,UROLOGICALS,auc,0.5608238952129087,-0.0400184734276251,False,0.0,long_seq,long_seq_main,Age_Gender_BMI_height_VAT,0.6008423686405338,male,categorical,Medication use indicator for urological agents used to treat urinary tract and genitourinary disorders,,0.9951171875,10,3328,82,1.0
medications,LIPIDMODIFYINGAGENTSCOMBINATIONS,auc,0.6460622464174862,-0.04001963403083253,False,0.0,long_seq,long_seq_main,Age_Gender_BMI_height_VAT,0.6860818804483187,male,categorical,"Medication use indicator for lipid-lowering drugs including statins, fibrates, and combination lipid therapies used to manage dyslipidemia",,1.0,10,3328,342,1.0
medications,THYROIDPREPARATIONS,auc,0.5187079138534806,-0.04170094184633044,False,0.0,long_seq,long_seq_main,Age_Gender_BMI_height_VAT,0.560408855699811,female,categorical,"Medication use indicator for thyroid hormone preparations (e.g., levothyroxine) used to treat hypothyroidism",,1.0,10,3328,721,1.0
medications,VITAMINBn1nPLAINANDINCOMBINATIONWITHVITAMINBn6nANDBn12n,auc,0.5880138958263957,-0.04450603059911007,False,0.0,long_seq,long_seq_main,Age_Gender_BMI_height_VAT,0.6325199264255058,male,categorical,Medication use indicator for Vitamin B1 alone or in combination with Vitamin B6 and B12 formulations,,1.0,10,3328,185,1.0
medications,PROGESTOGENSANDESTROGENSINCOMBINATION,auc,0.5416409900078436,-0.044916836512594926,False,0.0,long_seq,long_seq_main,Age_Gender_BMI_height_VAT,0.5865578265204385,female,categorical,"Medication use indicator for combined progestogen and estrogen preparations, used in hormone replacement therapy and contraception",,1.0,10,3328,284,1.0
medications,OTHERMINERALSUPPLEMENTSinATC,auc,0.5705931144914123,-0.04643456382474398,False,0.0,long_seq,long_seq_main,Age_Gender_BMI_height_VAT,0.6170276783161562,male,categorical,"Supplement use indicator for mineral supplements (e.g., calcium, magnesium, iron) classified by ATC code",,1.0,10,3328,1834,1.0
medications,OTHERMINERALSUPPLEMENTSinATC,auc,0.5701827511736466,-0.048725819485832544,False,0.0,long_seq,long_seq_main,Age_Gender_BMI_height_VAT,0.6189085706594791,all,categorical,"Supplement use indicator for mineral supplements (e.g., calcium, magnesium, iron) classified by ATC code",,1.0,10,3328,1834,1.0
medications,IRONANTIANEMICPREPARATIONS,auc,0.5622272809299338,-0.04942707833905746,False,0.0,long_seq,long_seq_main,Age_Gender_BMI_height_VAT,0.6116543592689913,all,categorical,Supplement/medication use indicator for iron supplements and anti-anemia medications used to treat iron deficiency anemia,,1.0,10,3328,349,1.0
medications,LIPIDMODIFYINGAGENTSPLAIN,auc,0.6504663844352534,-0.050882875466638056,False,0.0,long_seq,long_seq_main,Age_Gender_BMI_height_VAT,0.7013492599018915,female,categorical,"Medication use indicator for lipid-modifying agents (e.g., statins) used to treat dyslipidemia and reduce cardiovascular risk",,1.0,10,3328,2630,1.0
medications,PSYCHOSTIMULANTSAGENTSUSEDFORADHDANDNOOTROPICS,auc,0.614203423702681,-0.051313762084382875,False,0.0,long_seq,long_seq_main,Age_Gender_BMI_height_VAT,0.6655171857870639,female,categorical,Medication use indicator for psychostimulants and nootropic agents used to treat ADHD and cognitive disorders,,1.0,10,3328,303,1.0
medications,VITAMINBn12nANDFOLICACID,auc,0.5394919277604882,-0.05301035898456652,False,0.0,long_seq,long_seq_main,Age_Gender_BMI_height_VAT,0.5925022867450547,male,categorical,Medication use indicator for Vitamin B12 and Folic Acid combination supplements or co-administered formulations,,1.0,10,3328,1346,1.0
medications,ESTROGENSSEXHORMONESANDMODULATORSOFTHEGENITALSYSTEM,auc,0.527163670021808,-0.053355565187124365,False,0.0,long_seq,long_seq_main,Age_Gender_BMI_height_VAT,0.5805192352089323,female,categorical,Medication use indicator for estrogen and hormone modulators used in hormone replacement therapy and reproductive health management,,1.0,10,3328,563,1.0
medications,ASCORBICACIDVITAMINCINCLCOMBINATIONS,auc,0.5375543874003916,-0.05487275104420908,False,0.0,long_seq,long_seq_main,Age_Gender_BMI_height_VAT,0.5924271384446007,female,categorical,Medication/supplement use indicator for Vitamin C and combination vitamin preparations used for immune support and antioxidant purposes,,1.0,10,3328,361,1.0
medications,DRUGSFORPEPTICULCERANDGASTROOESOPHAGEALREFLUXDISEASEGORD,auc,0.6607970263499343,-0.05536433153044751,False,0.0,long_seq,long_seq_main,Age_Gender_BMI_height_VAT,0.7161613578803818,female,categorical,Medication use indicator for antiulcer and GORD medications including proton pump inhibitors and H2 antagonists,,1.0,10,3328,529,1.0
medications,PSYCHOSTIMULANTSAGENTSUSEDFORADHDANDNOOTROPICS,auc,0.617815978644614,-0.05955822717545034,False,0.0,long_seq,long_seq_main,Age_Gender_BMI_height_VAT,0.6773742058200644,all,categorical,Medication use indicator for psychostimulants and nootropic agents used to treat ADHD and cognitive disorders,,1.0,10,3328,303,1.0
medications,DRUGSUSEDINBENIGNPROSTATICHYPERTROPHY,auc,0.6610377900398614,-0.06376264713070434,False,0.0,long_seq,long_seq_main,Age_Gender_BMI_height_VAT,0.7248004371705657,all,categorical,Medication use indicator for alpha-blockers and 5-alpha reductase inhibitors used to treat benign prostatic hyperplasia symptoms,,1.0,10,3328,210,1.0
medications,LIPIDMODIFYINGAGENTSCOMBINATIONS,auc,0.6399092637009549,-0.06479479913573227,False,0.0,long_seq,long_seq_main,Age_Gender_BMI_height_VAT,0.7047040628366872,all,categorical,"Medication use indicator for lipid-lowering drugs including statins, fibrates, and combination lipid therapies used to manage dyslipidemia",,1.0,10,3328,342,1.0
medications,HYPNOTICSANDSEDATIVES,auc,0.4821850949619505,-0.06581755981665094,False,0.0,long_seq,long_seq_main,Age_Gender_BMI_height_VAT,0.5480026547786014,female,categorical,"Medication use indicator for sleeping aids and sedative medications (benzodiazepines, non-benzodiazepine hypnotics, barbiturates) used for insomnia and sedation",,0.9990234375,10,3328,218,1.0
medications,PSYCHOSTIMULANTSAGENTSUSEDFORADHDANDNOOTROPICS,auc,0.6166383909490886,-0.06592792613912857,False,0.0,long_seq,long_seq_main,Age_Gender_BMI_height_VAT,0.6825663170882171,male,categorical,Medication use indicator for psychostimulants and nootropic agents used to treat ADHD and cognitive disorders,,1.0,10,3328,303,1.0
medications,ANTIMIGRAINEPREPARATIONS,auc,0.5675464684014869,-0.06727713257174905,False,0.0,long_seq,long_seq_main,Age_Gender_BMI_height_VAT,0.634823600973236,male,categorical,Medication use indicator for antimigraine medications (used to treat and prevent migraine headaches),,0.75390625,10,3328,45,1.0
medications,ANGIOTENSINIIRECEPTORBLOCKERSARBsCOMBINATIONS,auc,0.6408182607323232,-0.06733331077944682,False,0.0,long_seq,long_seq_main,Age_Gender_BMI_height_VAT,0.70815157151177,male,categorical,,,1.0,10,3328,262,1.0
medications,HORMONALCONTRACEPTIVESFORSYSTEMICUSE,auc,0.7829976120303306,-0.07429294584218071,False,0.0,long_seq,long_seq_main,Age_Gender_BMI_height_VAT,0.8572905578725113,all,categorical,"Medication use indicator for systemic hormonal contraceptives including oral contraceptive pills, patches, and injections",,1.0,10,3328,166,1.0
medications,CALCIUMSUPPLEMENTS,auc,0.6449138531110155,-0.07644625303670671,False,0.0,long_seq,long_seq_main,Age_Gender_BMI_height_VAT,0.7213601061477222,all,categorical,Supplement use indicator for calcium supplements used for bone health and to treat calcium deficiency,,1.0,10,3328,855,1.0
medications,VITAMINBn1nPLAINANDINCOMBINATIONWITHVITAMINBn6nANDBn12n,auc,0.5930487321678999,-0.07715366891685416,False,0.0,long_seq,long_seq_main,Age_Gender_BMI_height_VAT,0.670202401084754,all,categorical,Medication use indicator for Vitamin B1 alone or in combination with Vitamin B6 and B12 formulations,,1.0,10,3328,185,1.0
medications,CALCIUMSUPPLEMENTS,auc,0.5902682104111587,-0.07932273178914018,False,0.0,long_seq,long_seq_main,Age_Gender_BMI_height_VAT,0.6695909422002989,male,categorical,Supplement use indicator for calcium supplements used for bone health and to treat calcium deficiency,,1.0,10,3328,855,1.0
medications,CALCIUMSUPPLEMENTS,auc,0.6216933141036503,-0.07956593219540009,False,0.0,long_seq,long_seq_main,Age_Gender_BMI_height_VAT,0.7012592462990503,female,categorical,Supplement use indicator for calcium supplements used for bone health and to treat calcium deficiency,,1.0,10,3328,855,1.0
medications,BLOODGLUCOSELOWERINGDRUGSEXCLINSULINS,auc,0.5864418958067036,-0.08092433363322982,False,0.0,long_seq,long_seq_main,Age_Gender_BMI_height_VAT,0.6673662294399334,male,categorical,"Medication use indicator for oral antidiabetic drugs (metformin, sulfonylureas, DPP-4 inhibitors, etc.) used to manage type 2 diabetes, excluding insulin",,1.0,10,3328,502,1.0
medications,DECONGESTANTSANDOTHERNASALPREPARATIONSFORTOPICALUSE,auc,0.5581928488806923,-0.08150009378984469,False,0.0,long_seq,long_seq_main,Age_Gender_BMI_height_VAT,0.639692942670537,all,categorical,Medication use indicator for nasal decongestants and topical nasal preparations used for congestion and rhinitis symptoms,,1.0,10,3328,65,1.0
medications,THYROIDPREPARATIONS,auc,0.5816659388667235,-0.08272515176307693,False,0.0,long_seq,long_seq_main,Age_Gender_BMI_height_VAT,0.6643910906298004,all,categorical,"Medication use indicator for thyroid hormone preparations (e.g., levothyroxine) used to treat hypothyroidism",,1.0,10,3328,721,1.0
medications,ANTITHROMBOTICAGENTS,auc,0.6913865088534176,-0.08537197929520512,False,0.0,long_seq,long_seq_main,Age_Gender_BMI_height_VAT,0.7767584881486227,male,categorical,Medication use indicator for antithrombotic agents including anticoagulants and antiplatelet drugs (used to prevent blood clots),,1.0,10,3328,589,1.0
medications,BLOODGLUCOSELOWERINGDRUGSEXCLINSULINS,auc,0.5819485486907352,-0.08577451891115706,False,0.0,long_seq,long_seq_main,Age_Gender_BMI_height_VAT,0.6677230676018923,all,categorical,"Medication use indicator for oral antidiabetic drugs (metformin, sulfonylureas, DPP-4 inhibitors, etc.) used to manage type 2 diabetes, excluding insulin",,1.0,10,3328,502,1.0
medications,ANTITHROMBOTICAGENTS,auc,0.7245101997275696,-0.08679140597587309,False,0.0,long_seq,long_seq_main,Age_Gender_BMI_height_VAT,0.8113016057034427,all,categorical,Medication use indicator for antithrombotic agents including anticoagulants and antiplatelet drugs (used to prevent blood clots),,1.0,10,3328,589,1.0
medications,ANTIGLAUCOMAPREPARATIONSANDMIOTICS,auc,0.628366536211207,-0.08697992288525214,False,0.0,long_seq,long_seq_main,Age_Gender_BMI_height_VAT,0.7153464590964591,male,categorical,Medication use indicator for anti-glaucoma and miotic medications (used to treat glaucoma and reduce intraocular pressure),,1.0,10,3328,41,1.0
medications,ANTIGLAUCOMAPREPARATIONSANDMIOTICS,auc,0.6935774661973839,-0.08713513686504237,False,0.0,long_seq,long_seq_main,Age_Gender_BMI_height_VAT,0.7807126030624263,all,categorical,Medication use indicator for anti-glaucoma and miotic medications (used to treat glaucoma and reduce intraocular pressure),,1.0,10,3328,41,1.0
medications,DECONGESTANTSANDOTHERNASALPREPARATIONSFORTOPICALUSE,auc,0.6065001728548711,-0.08795445281539294,False,0.0,long_seq,long_seq_main,Age_Gender_BMI_height_VAT,0.6944546256702641,male,categorical,Medication use indicator for nasal decongestants and topical nasal preparations used for congestion and rhinitis symptoms,,1.0,10,3328,65,1.0
medications,BETABLOCKINGAGENTS,auc,0.71702257156228,-0.090077871853953,False,0.0,long_seq,long_seq_main,Age_Gender_BMI_height_VAT,0.807100443416233,female,categorical,"Medication use indicator for beta-blockers used to treat hypertension, angina, heart failure, and arrhythmias",,1.0,10,3328,291,1.0
medications,ACEINHIBITORSPLAIN,auc,0.6604298427268149,-0.09207490267221119,False,0.0,long_seq,long_seq_main,Age_Gender_BMI_height_VAT,0.7525047453990261,female,categorical,Medication use indicator for ACE inhibitors in single-agent formulations (used to treat hypertension and heart disease),,1.0,10,3328,292,1.0
medications,BLOODGLUCOSELOWERINGDRUGSEXCLINSULINS,auc,0.5741965277645015,-0.09215641341196912,False,0.0,long_seq,long_seq_main,Age_Gender_BMI_height_VAT,0.6663529411764706,female,categorical,"Medication use indicator for oral antidiabetic drugs (metformin, sulfonylureas, DPP-4 inhibitors, etc.) used to manage type 2 diabetes, excluding insulin",,1.0,10,3328,502,1.0
medications,ANGIOTENSINIIRECEPTORBLOCKERSARBsPLAIN,auc,0.6459026008029325,-0.09350685709787498,False,0.0,long_seq,long_seq_main,Age_Gender_BMI_height_VAT,0.7394094579008075,female,categorical,,,1.0,10,3328,255,1.0
medications,LOWCEILINGDIURETICSTHIAZIDES,auc,0.6758954420970266,-0.09412736292007728,False,0.0,long_seq,long_seq_main,Age_Gender_BMI_height_VAT,0.7700228050171039,female,categorical,Medication use indicator for thiazide diuretics used to treat hypertension and edema,,1.0,10,3328,37,1.0
medications,LIPIDMODIFYINGAGENTSCOMBINATIONS,auc,0.615035052910053,-0.09428525803274146,False,0.0,long_seq,long_seq_main,Age_Gender_BMI_height_VAT,0.7093203109427945,female,categorical,"Medication use indicator for lipid-lowering drugs including statins, fibrates, and combination lipid therapies used to manage dyslipidemia",,1.0,10,3328,342,1.0
medications,HORMONALCONTRACEPTIVESFORSYSTEMICUSE,auc,0.7351771609014099,-0.09802890452997393,False,0.0,long_seq,long_seq_main,Age_Gender_BMI_height_VAT,0.8332060654313839,female,categorical,"Medication use indicator for systemic hormonal contraceptives including oral contraceptive pills, patches, and injections",,1.0,10,3328,166,1.0
medications,VITAMINBn1nPLAINANDINCOMBINATIONWITHVITAMINBn6nANDBn12n,auc,0.5885916177444596,-0.09841726794238004,False,0.0,long_seq,long_seq_main,Age_Gender_BMI_height_VAT,0.6870088856868396,female,categorical,Medication use indicator for Vitamin B1 alone or in combination with Vitamin B6 and B12 formulations,,1.0,10,3328,185,1.0
medications,VITAMINKANDOTHERHEMOSTATICS,auc,0.545008096661684,-0.10118595393603635,False,0.0,long_seq,long_seq_main,Age_Gender_BMI_height_VAT,0.6461940505977204,male,categorical,Medication use indicator for Vitamin K and other hemostatic agents used for blood coagulation management,,1.0,10,3328,114,1.0
medications,BETABLOCKINGAGENTS,auc,0.682649908908303,-0.10410672266658139,False,0.0,long_seq,long_seq_main,Age_Gender_BMI_height_VAT,0.7867566315748844,all,categorical,"Medication use indicator for beta-blockers used to treat hypertension, angina, heart failure, and arrhythmias",,1.0,10,3328,291,1.0
medications,ANTITHROMBOTICAGENTS,auc,0.722209588156937,-0.10789072072101036,False,0.0,long_seq,long_seq_main,Age_Gender_BMI_height_VAT,0.8301003088779474,female,categorical,Medication use indicator for antithrombotic agents including anticoagulants and antiplatelet drugs (used to prevent blood clots),,1.0,10,3328,589,1.0
medications,ACEINHIBITORSPLAIN,auc,0.6216086412421703,-0.10886320728797416,False,0.0,long_seq,long_seq_main,Age_Gender_BMI_height_VAT,0.7304718485301445,all,categorical,Medication use indicator for ACE inhibitors in single-agent formulations (used to treat hypertension and heart disease),,1.0,10,3328,292,1.0
medications,ANGIOTENSINIIRECEPTORBLOCKERSARBsCOMBINATIONS,auc,0.6548612452424208,-0.11071758786477048,False,0.0,long_seq,long_seq_main,Age_Gender_BMI_height_VAT,0.7655788331071913,all,categorical,,,1.0,10,3328,262,1.0
medications,LOWCEILINGDIURETICSTHIAZIDES,auc,0.5398029065419191,-0.11190080261321789,False,0.0,long_seq,long_seq_main,Age_Gender_BMI_height_VAT,0.651703709155137,all,categorical,Medication use indicator for thiazide diuretics used to treat hypertension and edema,,1.0,10,3328,37,1.0
medications,SELECTIVECALCIUMCHANNELBLOCKERSWITHMAINLYVASCULAREFFECTS,auc,0.6783297105975432,-0.11422013602822356,False,0.0,long_seq,long_seq_main,Age_Gender_BMI_height_VAT,0.7925498466257668,male,categorical,"Medication use indicator for selective calcium channel blockers with vascular effects (e.g., dihydropyridines) used to treat hypertension and angina",,1.0,10,3328,146,1.0
medications,BETABLOCKINGAGENTS,auc,0.6470873436429834,-0.11781933231736352,False,0.0,long_seq,long_seq_main,Age_Gender_BMI_height_VAT,0.7649066759603469,male,categorical,"Medication use indicator for beta-blockers used to treat hypertension, angina, heart failure, and arrhythmias",,1.0,10,3328,291,1.0
medications,ACEINHIBITORSPLAIN,auc,0.5836062788801304,-0.12304644726609015,False,0.0,long_seq,long_seq_main,Age_Gender_BMI_height_VAT,0.7066527261462205,male,categorical,Medication use indicator for ACE inhibitors in single-agent formulations (used to treat hypertension and heart disease),,1.0,10,3328,292,1.0
medications,DRUGSAFFECTINGBONESTRUCTUREANDMINERALIZATION,auc,0.6776230163645449,-0.12324536987884116,False,0.0,long_seq,long_seq_main,Age_Gender_BMI_height_VAT,0.8008683862433861,all,categorical,Medication use indicator for drugs affecting bone metabolism including bisphosphonates and other bone-modifying agents used for osteoporosis,,1.0,10,3328,217,1.0
medications,ANGIOTENSINIIRECEPTORBLOCKERSARBsPLAIN,auc,0.6187615039906854,-0.12449456391583047,False,0.0,long_seq,long_seq_main,Age_Gender_BMI_height_VAT,0.7432560679065159,all,categorical,,,1.0,10,3328,255,1.0
medications,VITAMINKANDOTHERHEMOSTATICS,auc,0.5818368452931237,-0.13067301372294648,False,0.0,long_seq,long_seq_main,Age_Gender_BMI_height_VAT,0.7125098590160702,all,categorical,Medication use indicator for Vitamin K and other hemostatic agents used for blood coagulation management,,1.0,10,3328,114,1.0
medications,ANTIGOUTPREPARATIONS,auc,0.5877958753222403,-0.14222689075630268,False,0.0,long_seq,long_seq_main,Age_Gender_BMI_height_VAT,0.730022766078543,female,categorical,Medication use indicator for gout treatment medications (used to treat gout and hyperuricemia),,0.998046875,10,3328,98,1.0
medications,SELECTIVECALCIUMCHANNELBLOCKERSWITHMAINLYVASCULAREFFECTS,auc,0.638463364186703,-0.14354133971600647,False,0.0,long_seq,long_seq_main,Age_Gender_BMI_height_VAT,0.7820047039027095,all,categorical,"Medication use indicator for selective calcium channel blockers with vascular effects (e.g., dihydropyridines) used to treat hypertension and angina",,1.0,10,3328,146,1.0
medications,ANTIGOUTPREPARATIONS,auc,0.5272902163527163,-0.1453892813267813,False,0.0,long_seq,long_seq_main,Age_Gender_BMI_height_VAT,0.6726794976794976,male,categorical,Medication use indicator for gout treatment medications (used to treat gout and hyperuricemia),,1.0,10,3328,98,1.0
medications,ANTIGOUTPREPARATIONS,auc,0.6437041075658146,-0.15038599583152656,False,0.0,long_seq,long_seq_main,Age_Gender_BMI_height_VAT,0.7940901033973412,all,categorical,Medication use indicator for gout treatment medications (used to treat gout and hyperuricemia),,1.0,10,3328,98,1.0
medications,VITAMINKANDOTHERHEMOSTATICS,auc,0.612248708840733,-0.1556603580374062,False,0.0,long_seq,long_seq_main,Age_Gender_BMI_height_VAT,0.7679090668781392,female,categorical,Medication use indicator for Vitamin K and other hemostatic agents used for blood coagulation management,,1.0,10,3328,114,1.0
medications,ANGIOTENSINIIRECEPTORBLOCKERSARBsPLAIN,auc,0.5895168754813104,-0.1560949910205438,False,0.0,long_seq,long_seq_main,Age_Gender_BMI_height_VAT,0.7456118665018542,male,categorical,,,1.0,10,3328,255,1.0
medications,ANGIOTENSINIIRECEPTORBLOCKERSARBsCOMBINATIONS,auc,0.6585945157499152,-0.16628380109731344,False,0.0,long_seq,long_seq_main,Age_Gender_BMI_height_VAT,0.8248783168472287,female,categorical,,,1.0,10,3328,262,1.0
medications,DRUGSAFFECTINGBONESTRUCTUREANDMINERALIZATION,auc,0.6355069416147622,-0.17123304133493933,False,0.0,long_seq,long_seq_main,Age_Gender_BMI_height_VAT,0.8067399829497015,female,categorical,Medication use indicator for drugs affecting bone metabolism including bisphosphonates and other bone-modifying agents used for osteoporosis,,1.0,10,3328,217,1.0
medications,SELECTIVECALCIUMCHANNELBLOCKERSWITHMAINLYVASCULAREFFECTS,auc,0.5963351690456677,-0.17262889823261973,False,0.0,long_seq,long_seq_main,Age_Gender_BMI_height_VAT,0.7689640672782875,female,categorical,"Medication use indicator for selective calcium channel blockers with vascular effects (e.g., dihydropyridines) used to treat hypertension and angina",,1.0,10,3328,146,1.0
medications,LOWCEILINGDIURETICSTHIAZIDES,auc,0.2613849395924517,-0.20110238035074163,False,0.0,long_seq,long_seq_main,Age_Gender_BMI_height_VAT,0.4624873199431933,male,categorical,Medication use indicator for thiazide diuretics used to treat hypertension and edema,,1.0,10,3328,37,1.0
medications,ANTIGLAUCOMAPREPARATIONSANDMIOTICS,auc,0.4420871872926667,-0.2037603667460136,False,0.0,long_seq,long_seq_main,Age_Gender_BMI_height_VAT,0.6458475540386803,female,categorical,Medication use indicator for anti-glaucoma and miotic medications (used to treat glaucoma and reduce intraocular pressure),,0.9990234375,10,3328,41,1.0
medications,OTHERGYNECOLOGICALSinATC,auc,,,,,long_seq,long_seq_main,Age_Gender_BMI_height_VAT,,male,categorical,"Medication use indicator for gynecological drugs classified by ATC code, used in treatment of gynecological conditions",,,10,3328,76,
medications,ESTROGENSSEXHORMONESANDMODULATORSOFTHEGENITALSYSTEM,auc,,,,,long_seq,long_seq_main,Age_Gender_BMI_height_VAT,,male,categorical,Medication use indicator for estrogen and hormone modulators used in hormone replacement therapy and reproductive health management,,,10,3328,563,
medications,PROGESTOGENSANDESTROGENSINCOMBINATION,auc,,,,,long_seq,long_seq_main,Age_Gender_BMI_height_VAT,,male,categorical,"Medication use indicator for combined progestogen and estrogen preparations, used in hormone replacement therapy and contraception",,,10,3328,284,
medications,HORMONEANTAGONISTSANDRELATEDAGENTS,auc,,,,,long_seq,long_seq_main,Age_Gender_BMI_height_VAT,,male,categorical,Medication use indicator for hormone antagonists and blockers used in cancer treatment and other hormone-dependent conditions,,,10,3328,96,
medications,PROGESTOGENSEXHORMONESANDMODULATORSOFTHEGENITALSYSTEM,auc,,,,,long_seq,long_seq_main,Age_Gender_BMI_height_VAT,,male,categorical,"Medication use indicator for progestogens and sex hormone modulators of the genital system, used in hormone therapy",,,10,3328,103,
