activity,fpr,tpr,auc
activity_tm_3kmh,0.0,0.0,0.9948097198932672
activity_tm_3kmh,0.0,0.0006381620931716656,0.9948097198932672
activity_tm_3kmh,0.0,0.6139119336311423,0.9948097198932672
activity_tm_3kmh,0.0006165228113440197,0.6139119336311423,0.9948097198932672
activity_tm_3kmh,0.0006165228113440197,0.6675175494575623,0.9948097198932672
activity_tm_3kmh,0.0012330456226880395,0.6675175494575623,0.9948097198932672
activity_tm_3kmh,0.0012330456226880395,0.6924058710912572,0.9948097198932672
activity_tm_3kmh,0.0018495684340320592,0.6924058710912572,0.9948097198932672
activity_tm_3kmh,0.0018495684340320592,0.7798340778557754,0.9948097198932672
activity_tm_3kmh,0.002466091245376079,0.7798340778557754,0.9948097198932672
activity_tm_3kmh,0.002466091245376079,0.803446075303127,0.9948097198932672
activity_tm_3kmh,0.0030826140567200987,0.803446075303127,0.9948097198932672
activity_tm_3kmh,0.0030826140567200987,0.824505424377792,0.9948097198932672
activity_tm_3kmh,0.0036991368680641184,0.824505424377792,0.9948097198932672
activity_tm_3kmh,0.0036991368680641184,0.8372686662412253,0.9948097198932672
activity_tm_3kmh,0.004315659679408138,0.8372686662412253,0.9948097198932672
activity_tm_3kmh,0.004315659679408138,0.8481174218251436,0.9948097198932672
activity_tm_3kmh,0.004932182490752158,0.8481174218251436,0.9948097198932672
activity_tm_3kmh,0.004932182490752158,0.8513082322910019,0.9948097198932672
activity_tm_3kmh,0.005548705302096177,0.8513082322910019,0.9948097198932672
activity_tm_3kmh,0.005548705302096177,0.8653477983407786,0.9948097198932672
activity_tm_3kmh,0.006165228113440197,0.8653477983407786,0.9948097198932672
activity_tm_3kmh,0.006165228113440197,0.8659859604339503,0.9948097198932672
activity_tm_3kmh,0.006781750924784217,0.8659859604339503,0.9948097198932672
activity_tm_3kmh,0.006781750924784217,0.8857689853222719,0.9948097198932672
activity_tm_3kmh,0.007398273736128237,0.8857689853222719,0.9948097198932672
activity_tm_3kmh,0.007398273736128237,0.8972559029993619,0.9948097198932672
activity_tm_3kmh,0.008014796547472256,0.8972559029993619,0.9948097198932672
activity_tm_3kmh,0.008014796547472256,0.9068283343969368,0.9948097198932672
activity_tm_3kmh,0.008631319358816275,0.9068283343969368,0.9948097198932672
activity_tm_3kmh,0.008631319358816275,0.9100191448627951,0.9948097198932672
activity_tm_3kmh,0.009247842170160296,0.9100191448627951,0.9948097198932672
activity_tm_3kmh,0.009247842170160296,0.9125717932354818,0.9948097198932672
activity_tm_3kmh,0.009864364981504316,0.9125717932354818,0.9948097198932672
activity_tm_3kmh,0.009864364981504316,0.9132099553286535,0.9948097198932672
activity_tm_3kmh,0.010480887792848335,0.9132099553286535,0.9948097198932672
activity_tm_3kmh,0.010480887792848335,0.9151244416081685,0.9948097198932672
activity_tm_3kmh,0.011097410604192354,0.9151244416081685,0.9948097198932672
activity_tm_3kmh,0.011097410604192354,0.9183152520740268,0.9948097198932672
activity_tm_3kmh,0.011713933415536375,0.9183152520740268,0.9948097198932672
activity_tm_3kmh,0.011713933415536375,0.9189534141671984,0.9948097198932672
activity_tm_3kmh,0.012330456226880395,0.9189534141671984,0.9948097198932672
activity_tm_3kmh,0.012330456226880395,0.9234205488194002,0.9948097198932672
activity_tm_3kmh,0.013563501849568433,0.9234205488194002,0.9948097198932672
activity_tm_3kmh,0.013563501849568433,0.9278876834716018,0.9948097198932672
activity_tm_3kmh,0.014180024660912454,0.9278876834716018,0.9948097198932672
activity_tm_3kmh,0.014180024660912454,0.9329929802169751,0.9948097198932672
activity_tm_3kmh,0.015413070283600493,0.9329929802169751,0.9948097198932672
activity_tm_3kmh,0.015413070283600493,0.9361837906828334,0.9948097198932672
activity_tm_3kmh,0.016029593094944512,0.9361837906828334,0.9948097198932672
activity_tm_3kmh,0.016029593094944512,0.9400127632418634,0.9948097198932672
activity_tm_3kmh,0.016646115906288533,0.9400127632418634,0.9948097198932672
activity_tm_3kmh,0.016646115906288533,0.9425654116145501,0.9948097198932672
activity_tm_3kmh,0.01726263871763255,0.9425654116145501,0.9948097198932672
activity_tm_3kmh,0.01726263871763255,0.9438417358008935,0.9948097198932672
activity_tm_3kmh,0.017879161528976572,0.9438417358008935,0.9948097198932672
activity_tm_3kmh,0.017879161528976572,0.9444798978940651,0.9948097198932672
activity_tm_3kmh,0.018495684340320593,0.9444798978940651,0.9948097198932672
activity_tm_3kmh,0.018495684340320593,0.9457562220804084,0.9948097198932672
activity_tm_3kmh,0.01972872996300863,0.9457562220804084,0.9948097198932672
activity_tm_3kmh,0.01972872996300863,0.9463943841735801,0.9948097198932672
activity_tm_3kmh,0.020345252774352653,0.9463943841735801,0.9948097198932672
activity_tm_3kmh,0.020345252774352653,0.95022335673261,0.9948097198932672
activity_tm_3kmh,0.02157829839704069,0.95022335673261,0.9948097198932672
activity_tm_3kmh,0.02157829839704069,0.9508615188257817,0.9948097198932672
activity_tm_3kmh,0.02219482120838471,0.9508615188257817,0.9948097198932672
activity_tm_3kmh,0.02219482120838471,0.9514996809189534,0.9948097198932672
activity_tm_3kmh,0.02342786683107275,0.9514996809189534,0.9948097198932672
activity_tm_3kmh,0.02342786683107275,0.9527760051052967,0.9948097198932672
activity_tm_3kmh,0.02527743526510481,0.9527760051052967,0.9948097198932672
activity_tm_3kmh,0.02527743526510481,0.9546904913848118,0.9948097198932672
activity_tm_3kmh,0.02651048088779285,0.9546904913848118,0.9948097198932672
activity_tm_3kmh,0.02651048088779285,0.9553286534779835,0.9948097198932672
activity_tm_3kmh,0.027743526510480888,0.9553286534779835,0.9948097198932672
activity_tm_3kmh,0.027743526510480888,0.955966815571155,0.9948097198932672
activity_tm_3kmh,0.02836004932182491,0.955966815571155,0.9948097198932672
activity_tm_3kmh,0.02836004932182491,0.9636247606892151,0.9948097198932672
activity_tm_3kmh,0.029593094944512947,0.9636247606892151,0.9948097198932672
activity_tm_3kmh,0.029593094944512947,0.9649010848755584,0.9948097198932672
activity_tm_3kmh,0.030826140567200986,0.9649010848755584,0.9948097198932672
activity_tm_3kmh,0.030826140567200986,0.9661774090619017,0.9948097198932672
activity_tm_3kmh,0.032675709001233046,0.9661774090619017,0.9948097198932672
activity_tm_3kmh,0.032675709001233046,0.9668155711550734,0.9948097198932672
activity_tm_3kmh,0.03390875462392109,0.9668155711550734,0.9948097198932672
activity_tm_3kmh,0.03390875462392109,0.967453733248245,0.9948097198932672
activity_tm_3kmh,0.035758323057953144,0.967453733248245,0.9948097198932672
activity_tm_3kmh,0.035758323057953144,0.9706445437141034,0.9948097198932672
activity_tm_3kmh,0.0376078914919852,0.9706445437141034,0.9948097198932672
activity_tm_3kmh,0.0376078914919852,0.971282705807275,0.9948097198932672
activity_tm_3kmh,0.03945745992601726,0.971282705807275,0.9948097198932672
activity_tm_3kmh,0.03945745992601726,0.9725590299936184,0.9948097198932672
activity_tm_3kmh,0.040073982737361284,0.9725590299936184,0.9948097198932672
activity_tm_3kmh,0.040073982737361284,0.97319719208679,0.9948097198932672
activity_tm_3kmh,0.04315659679408138,0.97319719208679,0.9948097198932672
activity_tm_3kmh,0.04315659679408138,0.9744735162731334,0.9948097198932672
activity_tm_3kmh,0.043773119605425403,0.9744735162731334,0.9948097198932672
activity_tm_3kmh,0.043773119605425403,0.9751116783663051,0.9948097198932672
activity_tm_3kmh,0.04438964241676942,0.9751116783663051,0.9948097198932672
activity_tm_3kmh,0.04438964241676942,0.9757498404594767,0.9948097198932672
activity_tm_3kmh,0.04623921085080148,0.9757498404594767,0.9948097198932672
activity_tm_3kmh,0.04623921085080148,0.9763880025526483,0.9948097198932672
activity_tm_3kmh,0.0468557336621455,0.9763880025526483,0.9948097198932672
activity_tm_3kmh,0.0468557336621455,0.97702616464582,0.9948097198932672
activity_tm_3kmh,0.04808877928483354,0.97702616464582,0.9948097198932672
activity_tm_3kmh,0.04808877928483354,0.9783024888321634,0.9948097198932672
activity_tm_3kmh,0.04932182490752158,0.9783024888321634,0.9948097198932672
activity_tm_3kmh,0.04932182490752158,0.978940650925335,0.9948097198932672
activity_tm_3kmh,0.059186189889025895,0.978940650925335,0.9948097198932672
activity_tm_3kmh,0.059186189889025895,0.9795788130185067,0.9948097198932672
activity_tm_3kmh,0.059802712700369916,0.9795788130185067,0.9948097198932672
activity_tm_3kmh,0.059802712700369916,0.9802169751116784,0.9948097198932672
activity_tm_3kmh,0.06103575832305795,0.9802169751116784,0.9948097198932672
activity_tm_3kmh,0.06103575832305795,0.9808551372048501,0.9948097198932672
activity_tm_3kmh,0.06350184956843404,0.9808551372048501,0.9948097198932672
activity_tm_3kmh,0.06350184956843404,0.9814932992980216,0.9948097198932672
activity_tm_3kmh,0.0659679408138101,0.9814932992980216,0.9948097198932672
activity_tm_3kmh,0.0659679408138101,0.9821314613911933,0.9948097198932672
activity_tm_3kmh,0.07274969173859433,0.9821314613911933,0.9948097198932672
activity_tm_3kmh,0.07274969173859433,0.982769623484365,0.9948097198932672
activity_tm_3kmh,0.07459926017262639,0.982769623484365,0.9948097198932672
activity_tm_3kmh,0.07459926017262639,0.9834077855775367,0.9948097198932672
activity_tm_3kmh,0.07583230579531443,0.9834077855775367,0.9948097198932672
activity_tm_3kmh,0.07583230579531443,0.9840459476707084,0.9948097198932672
activity_tm_3kmh,0.07768187422934648,0.9840459476707084,0.9948097198932672
activity_tm_3kmh,0.07768187422934648,0.98468410976388,0.9948097198932672
activity_tm_3kmh,0.08508014796547472,0.98468410976388,0.9948097198932672
activity_tm_3kmh,0.08508014796547472,0.9853222718570517,0.9948097198932672
activity_tm_3kmh,0.09124537607891492,0.9853222718570517,0.9948097198932672
activity_tm_3kmh,0.09124537607891492,0.9859604339502234,0.9948097198932672
activity_tm_3kmh,0.093711467324291,0.9859604339502234,0.9948097198932672
activity_tm_3kmh,0.093711467324291,0.9872367581365666,0.9948097198932672
activity_tm_3kmh,0.09494451294697903,0.9872367581365666,0.9948097198932672
activity_tm_3kmh,0.09494451294697903,0.9878749202297383,0.9948097198932672
activity_tm_3kmh,0.09556103575832306,0.9878749202297383,0.9948097198932672
activity_tm_3kmh,0.09556103575832306,0.98851308232291,0.9948097198932672
activity_tm_3kmh,0.10419235511713934,0.98851308232291,0.9948097198932672
activity_tm_3kmh,0.10419235511713934,0.9891512444160817,0.9948097198932672
activity_tm_3kmh,0.11035758323057954,0.9891512444160817,0.9948097198932672
activity_tm_3kmh,0.11035758323057954,0.9897894065092534,0.9948097198932672
activity_tm_3kmh,0.11220715166461159,0.9897894065092534,0.9948097198932672
activity_tm_3kmh,0.11220715166461159,0.990427568602425,0.9948097198932672
activity_tm_3kmh,0.11282367447595561,0.990427568602425,0.9948097198932672
activity_tm_3kmh,0.11282367447595561,0.9910657306955967,0.9948097198932672
activity_tm_3kmh,0.11467324290998766,0.9910657306955967,0.9948097198932672
activity_tm_3kmh,0.11467324290998766,0.9917038927887684,0.9948097198932672
activity_tm_3kmh,0.1282367447595561,0.9917038927887684,0.9948097198932672
activity_tm_3kmh,0.1282367447595561,0.99234205488194,0.9948097198932672
activity_tm_3kmh,0.1374845869297164,0.99234205488194,0.9948097198932672
activity_tm_3kmh,0.1374845869297164,0.9929802169751116,0.9948097198932672
activity_tm_3kmh,0.14118372379778052,0.9929802169751116,0.9948097198932672
activity_tm_3kmh,0.14118372379778052,0.9936183790682833,0.9948097198932672
activity_tm_3kmh,0.15166461159062886,0.9936183790682833,0.9948097198932672
activity_tm_3kmh,0.15166461159062886,0.994256541161455,0.9948097198932672
activity_tm_3kmh,0.16461159062885328,0.994256541161455,0.9948097198932672
activity_tm_3kmh,0.16461159062885328,0.9948947032546267,0.9948097198932672
activity_tm_3kmh,0.17755856966707767,0.9948947032546267,0.9948097198932672
activity_tm_3kmh,0.17755856966707767,0.9955328653477984,0.9948097198932672
activity_tm_3kmh,0.1812577065351418,0.9955328653477984,0.9948097198932672
activity_tm_3kmh,0.1812577065351418,0.99617102744097,0.9948097198932672
activity_tm_3kmh,0.2318125770653514,0.99617102744097,0.9948097198932672
activity_tm_3kmh,0.2318125770653514,0.9974473516273133,0.9948097198932672
activity_tm_3kmh,0.24290998766954378,0.9974473516273133,0.9948097198932672
activity_tm_3kmh,0.24290998766954378,0.998085513720485,0.9948097198932672
activity_tm_3kmh,0.28545006165228115,0.998085513720485,0.9948097198932672
activity_tm_3kmh,0.28545006165228115,0.9987236758136566,0.9948097198932672
activity_tm_3kmh,0.28914919852034526,0.9987236758136566,0.9948097198932672
activity_tm_3kmh,0.28914919852034526,0.9993618379068283,0.9948097198932672
activity_tm_3kmh,0.28976572133168926,0.9993618379068283,0.9948097198932672
activity_tm_3kmh,0.28976572133168926,1.0,0.9948097198932672
activity_tm_3kmh,1.0,1.0,0.9948097198932672
activity_self_selected_gait_speed,0.0,0.0,0.9944896834860307
activity_self_selected_gait_speed,0.0,0.0006309148264984228,0.9944896834860307
activity_self_selected_gait_speed,0.0,0.6750788643533123,0.9944896834860307
activity_self_selected_gait_speed,0.0005980861244019139,0.6750788643533123,0.9944896834860307
activity_self_selected_gait_speed,0.0005980861244019139,0.7463722397476341,0.9944896834860307
activity_self_selected_gait_speed,0.0011961722488038277,0.7463722397476341,0.9944896834860307
activity_self_selected_gait_speed,0.0011961722488038277,0.7621451104100946,0.9944896834860307
activity_self_selected_gait_speed,0.0023923444976076554,0.7621451104100946,0.9944896834860307
activity_self_selected_gait_speed,0.0023923444976076554,0.7854889589905363,0.9944896834860307
activity_self_selected_gait_speed,0.0029904306220095694,0.7854889589905363,0.9944896834860307
activity_self_selected_gait_speed,0.0029904306220095694,0.8290220820189275,0.9944896834860307
activity_self_selected_gait_speed,0.0035885167464114833,0.8290220820189275,0.9944896834860307
activity_self_selected_gait_speed,0.0035885167464114833,0.8384858044164037,0.9944896834860307
activity_self_selected_gait_speed,0.004186602870813397,0.8384858044164037,0.9944896834860307
activity_self_selected_gait_speed,0.004186602870813397,0.8397476340694007,0.9944896834860307
activity_self_selected_gait_speed,0.004784688995215311,0.8397476340694007,0.9944896834860307
activity_self_selected_gait_speed,0.004784688995215311,0.8580441640378549,0.9944896834860307
activity_self_selected_gait_speed,0.005382775119617225,0.8580441640378549,0.9944896834860307
activity_self_selected_gait_speed,0.005382775119617225,0.865615141955836,0.9944896834860307
activity_self_selected_gait_speed,0.006578947368421052,0.865615141955836,0.9944896834860307
activity_self_selected_gait_speed,0.006578947368421052,0.8876971608832808,0.9944896834860307
activity_self_selected_gait_speed,0.007177033492822967,0.8876971608832808,0.9944896834860307
activity_self_selected_gait_speed,0.007177033492822967,0.8889589905362776,0.9944896834860307
activity_self_selected_gait_speed,0.00777511961722488,0.8889589905362776,0.9944896834860307
activity_self_selected_gait_speed,0.00777511961722488,0.8902208201892744,0.9944896834860307
activity_self_selected_gait_speed,0.008373205741626795,0.8902208201892744,0.9944896834860307
activity_self_selected_gait_speed,0.008373205741626795,0.8952681388012619,0.9944896834860307
activity_self_selected_gait_speed,0.008971291866028708,0.8952681388012619,0.9944896834860307
activity_self_selected_gait_speed,0.008971291866028708,0.8996845425867508,0.9944896834860307
activity_self_selected_gait_speed,0.009569377990430622,0.8996845425867508,0.9944896834860307
activity_self_selected_gait_speed,0.009569377990430622,0.9028391167192429,0.9944896834860307
activity_self_selected_gait_speed,0.010167464114832535,0.9028391167192429,0.9944896834860307
activity_self_selected_gait_speed,0.010167464114832535,0.9047318611987382,0.9944896834860307
activity_self_selected_gait_speed,0.011363636363636364,0.9047318611987382,0.9944896834860307
activity_self_selected_gait_speed,0.011363636363636364,0.905993690851735,0.9944896834860307
activity_self_selected_gait_speed,0.011961722488038277,0.905993690851735,0.9944896834860307
activity_self_selected_gait_speed,0.011961722488038277,0.9135646687697161,0.9944896834860307
activity_self_selected_gait_speed,0.012559808612440191,0.9135646687697161,0.9944896834860307
activity_self_selected_gait_speed,0.012559808612440191,0.9141955835962146,0.9944896834860307
activity_self_selected_gait_speed,0.013157894736842105,0.9141955835962146,0.9944896834860307
activity_self_selected_gait_speed,0.013157894736842105,0.917981072555205,0.9944896834860307
activity_self_selected_gait_speed,0.014952153110047847,0.917981072555205,0.9944896834860307
activity_self_selected_gait_speed,0.014952153110047847,0.9192429022082019,0.9944896834860307
activity_self_selected_gait_speed,0.01555023923444976,0.9192429022082019,0.9944896834860307
activity_self_selected_gait_speed,0.01555023923444976,0.9242902208201893,0.9944896834860307
activity_self_selected_gait_speed,0.016148325358851676,0.9242902208201893,0.9944896834860307
activity_self_selected_gait_speed,0.016148325358851676,0.9249211356466877,0.9944896834860307
activity_self_selected_gait_speed,0.017344497607655503,0.9249211356466877,0.9944896834860307
activity_self_selected_gait_speed,0.017344497607655503,0.9255520504731861,0.9944896834860307
activity_self_selected_gait_speed,0.017942583732057416,0.9255520504731861,0.9944896834860307
activity_self_selected_gait_speed,0.017942583732057416,0.9268138801261829,0.9944896834860307
activity_self_selected_gait_speed,0.01854066985645933,0.9268138801261829,0.9944896834860307
activity_self_selected_gait_speed,0.01854066985645933,0.929968454258675,0.9944896834860307
activity_self_selected_gait_speed,0.019138755980861243,0.929968454258675,0.9944896834860307
activity_self_selected_gait_speed,0.019138755980861243,0.9324921135646688,0.9944896834860307
activity_self_selected_gait_speed,0.019736842105263157,0.9324921135646688,0.9944896834860307
activity_self_selected_gait_speed,0.019736842105263157,0.9337539432176656,0.9944896834860307
activity_self_selected_gait_speed,0.02033492822966507,0.9337539432176656,0.9944896834860307
activity_self_selected_gait_speed,0.02033492822966507,0.934384858044164,0.9944896834860307
activity_self_selected_gait_speed,0.020933014354066987,0.934384858044164,0.9944896834860307
activity_self_selected_gait_speed,0.020933014354066987,0.9356466876971609,0.9944896834860307
activity_self_selected_gait_speed,0.0215311004784689,0.9356466876971609,0.9944896834860307
activity_self_selected_gait_speed,0.0215311004784689,0.9381703470031546,0.9944896834860307
activity_self_selected_gait_speed,0.022129186602870814,0.9381703470031546,0.9944896834860307
activity_self_selected_gait_speed,0.022129186602870814,0.9413249211356467,0.9944896834860307
activity_self_selected_gait_speed,0.02332535885167464,0.9413249211356467,0.9944896834860307
activity_self_selected_gait_speed,0.02332535885167464,0.9444794952681388,0.9944896834860307
activity_self_selected_gait_speed,0.023923444976076555,0.9444794952681388,0.9944896834860307
activity_self_selected_gait_speed,0.023923444976076555,0.9470031545741325,0.9944896834860307
activity_self_selected_gait_speed,0.02452153110047847,0.9470031545741325,0.9944896834860307
activity_self_selected_gait_speed,0.02452153110047847,0.9482649842271293,0.9944896834860307
activity_self_selected_gait_speed,0.025717703349282296,0.9482649842271293,0.9944896834860307
activity_self_selected_gait_speed,0.025717703349282296,0.9545741324921135,0.9944896834860307
activity_self_selected_gait_speed,0.026913875598086126,0.9545741324921135,0.9944896834860307
activity_self_selected_gait_speed,0.026913875598086126,0.955205047318612,0.9944896834860307
activity_self_selected_gait_speed,0.02751196172248804,0.955205047318612,0.9944896834860307
activity_self_selected_gait_speed,0.02751196172248804,0.9589905362776026,0.9944896834860307
activity_self_selected_gait_speed,0.02930622009569378,0.9589905362776026,0.9944896834860307
activity_self_selected_gait_speed,0.02930622009569378,0.9596214511041009,0.9944896834860307
activity_self_selected_gait_speed,0.029904306220095694,0.9596214511041009,0.9944896834860307
activity_self_selected_gait_speed,0.029904306220095694,0.9602523659305994,0.9944896834860307
activity_self_selected_gait_speed,0.03110047846889952,0.9602523659305994,0.9944896834860307
activity_self_selected_gait_speed,0.03110047846889952,0.9627760252365931,0.9944896834860307
activity_self_selected_gait_speed,0.03289473684210526,0.9627760252365931,0.9944896834860307
activity_self_selected_gait_speed,0.03289473684210526,0.9640378548895899,0.9944896834860307
activity_self_selected_gait_speed,0.03349282296650718,0.9640378548895899,0.9944896834860307
activity_self_selected_gait_speed,0.03349282296650718,0.9652996845425867,0.9944896834860307
activity_self_selected_gait_speed,0.035287081339712915,0.9652996845425867,0.9944896834860307
activity_self_selected_gait_speed,0.035287081339712915,0.967192429022082,0.9944896834860307
activity_self_selected_gait_speed,0.03708133971291866,0.967192429022082,0.9944896834860307
activity_self_selected_gait_speed,0.03708133971291866,0.9678233438485805,0.9944896834860307
activity_self_selected_gait_speed,0.037679425837320576,0.9678233438485805,0.9944896834860307
activity_self_selected_gait_speed,0.037679425837320576,0.9684542586750788,0.9944896834860307
activity_self_selected_gait_speed,0.038875598086124404,0.9684542586750788,0.9944896834860307
activity_self_selected_gait_speed,0.038875598086124404,0.9697160883280758,0.9944896834860307
activity_self_selected_gait_speed,0.039473684210526314,0.9697160883280758,0.9944896834860307
activity_self_selected_gait_speed,0.039473684210526314,0.9703470031545741,0.9944896834860307
activity_self_selected_gait_speed,0.0430622009569378,0.9703470031545741,0.9944896834860307
activity_self_selected_gait_speed,0.0430622009569378,0.9709779179810726,0.9944896834860307
activity_self_selected_gait_speed,0.04425837320574163,0.9709779179810726,0.9944896834860307
activity_self_selected_gait_speed,0.04425837320574163,0.9716088328075709,0.9944896834860307
activity_self_selected_gait_speed,0.04485645933014354,0.9716088328075709,0.9944896834860307
activity_self_selected_gait_speed,0.04485645933014354,0.9735015772870662,0.9944896834860307
activity_self_selected_gait_speed,0.04665071770334928,0.9735015772870662,0.9944896834860307
activity_self_selected_gait_speed,0.04665071770334928,0.9741324921135647,0.9944896834860307
activity_self_selected_gait_speed,0.04844497607655503,0.9741324921135647,0.9944896834860307
activity_self_selected_gait_speed,0.04844497607655503,0.9747634069400631,0.9944896834860307
activity_self_selected_gait_speed,0.049641148325358854,0.9747634069400631,0.9944896834860307
activity_self_selected_gait_speed,0.049641148325358854,0.9753943217665615,0.9944896834860307
activity_self_selected_gait_speed,0.050239234449760764,0.9753943217665615,0.9944896834860307
activity_self_selected_gait_speed,0.050239234449760764,0.97602523659306,0.9944896834860307
activity_self_selected_gait_speed,0.053229665071770335,0.97602523659306,0.9944896834860307
activity_self_selected_gait_speed,0.053229665071770335,0.9766561514195583,0.9944896834860307
activity_self_selected_gait_speed,0.05502392344497608,0.9766561514195583,0.9944896834860307
activity_self_selected_gait_speed,0.05502392344497608,0.9779179810725552,0.9944896834860307
activity_self_selected_gait_speed,0.05980861244019139,0.9779179810725552,0.9944896834860307
activity_self_selected_gait_speed,0.05980861244019139,0.9785488958990536,0.9944896834860307
activity_self_selected_gait_speed,0.0645933014354067,0.9785488958990536,0.9944896834860307
activity_self_selected_gait_speed,0.0645933014354067,0.9798107255520505,0.9944896834860307
activity_self_selected_gait_speed,0.0651913875598086,0.9798107255520505,0.9944896834860307
activity_self_selected_gait_speed,0.0651913875598086,0.9804416403785489,0.9944896834860307
activity_self_selected_gait_speed,0.06638755980861244,0.9804416403785489,0.9944896834860307
activity_self_selected_gait_speed,0.06638755980861244,0.9810725552050473,0.9944896834860307
activity_self_selected_gait_speed,0.0687799043062201,0.9810725552050473,0.9944896834860307
activity_self_selected_gait_speed,0.0687799043062201,0.9817034700315458,0.9944896834860307
activity_self_selected_gait_speed,0.07236842105263158,0.9817034700315458,0.9944896834860307
activity_self_selected_gait_speed,0.07236842105263158,0.9823343848580441,0.9944896834860307
activity_self_selected_gait_speed,0.0735645933014354,0.9823343848580441,0.9944896834860307
activity_self_selected_gait_speed,0.0735645933014354,0.9829652996845426,0.9944896834860307
activity_self_selected_gait_speed,0.07834928229665072,0.9829652996845426,0.9944896834860307
activity_self_selected_gait_speed,0.07834928229665072,0.983596214511041,0.9944896834860307
activity_self_selected_gait_speed,0.08253588516746412,0.983596214511041,0.9944896834860307
activity_self_selected_gait_speed,0.08253588516746412,0.9842271293375394,0.9944896834860307
activity_self_selected_gait_speed,0.0861244019138756,0.9842271293375394,0.9944896834860307
activity_self_selected_gait_speed,0.0861244019138756,0.9848580441640379,0.9944896834860307
activity_self_selected_gait_speed,0.090311004784689,0.9848580441640379,0.9944896834860307
activity_self_selected_gait_speed,0.090311004784689,0.9854889589905362,0.9944896834860307
activity_self_selected_gait_speed,0.09090909090909091,0.9854889589905362,0.9944896834860307
activity_self_selected_gait_speed,0.09090909090909091,0.9861198738170347,0.9944896834860307
activity_self_selected_gait_speed,0.09449760765550239,0.9861198738170347,0.9944896834860307
activity_self_selected_gait_speed,0.09449760765550239,0.9867507886435332,0.9944896834860307
activity_self_selected_gait_speed,0.09629186602870814,0.9867507886435332,0.9944896834860307
activity_self_selected_gait_speed,0.09629186602870814,0.9873817034700315,0.9944896834860307
activity_self_selected_gait_speed,0.10107655502392345,0.9873817034700315,0.9944896834860307
activity_self_selected_gait_speed,0.10107655502392345,0.9886435331230284,0.9944896834860307
activity_self_selected_gait_speed,0.11303827751196172,0.9886435331230284,0.9944896834860307
activity_self_selected_gait_speed,0.11303827751196172,0.9892744479495268,0.9944896834860307
activity_self_selected_gait_speed,0.11363636363636363,0.9892744479495268,0.9944896834860307
activity_self_selected_gait_speed,0.11363636363636363,0.9899053627760253,0.9944896834860307
activity_self_selected_gait_speed,0.11602870813397129,0.9899053627760253,0.9944896834860307
activity_self_selected_gait_speed,0.11602870813397129,0.9905362776025236,0.9944896834860307
activity_self_selected_gait_speed,0.11901913875598086,0.9905362776025236,0.9944896834860307
activity_self_selected_gait_speed,0.11901913875598086,0.9917981072555205,0.9944896834860307
activity_self_selected_gait_speed,0.1291866028708134,0.9917981072555205,0.9944896834860307
activity_self_selected_gait_speed,0.1291866028708134,0.9924290220820189,0.9944896834860307
activity_self_selected_gait_speed,0.13337320574162678,0.9924290220820189,0.9944896834860307
activity_self_selected_gait_speed,0.13337320574162678,0.9930599369085173,0.9944896834860307
activity_self_selected_gait_speed,0.13576555023923445,0.9930599369085173,0.9944896834860307
activity_self_selected_gait_speed,0.13576555023923445,0.9936908517350158,0.9944896834860307
activity_self_selected_gait_speed,0.13815789473684212,0.9936908517350158,0.9944896834860307
activity_self_selected_gait_speed,0.13815789473684212,0.9943217665615142,0.9944896834860307
activity_self_selected_gait_speed,0.15669856459330145,0.9943217665615142,0.9944896834860307
activity_self_selected_gait_speed,0.15669856459330145,0.9949526813880126,0.9944896834860307
activity_self_selected_gait_speed,0.16507177033492823,0.9949526813880126,0.9944896834860307
activity_self_selected_gait_speed,0.16507177033492823,0.9955835962145111,0.9944896834860307
activity_self_selected_gait_speed,0.20514354066985646,0.9955835962145111,0.9944896834860307
activity_self_selected_gait_speed,0.20514354066985646,0.9962145110410094,0.9944896834860307
activity_self_selected_gait_speed,0.2069377990430622,0.9962145110410094,0.9944896834860307
activity_self_selected_gait_speed,0.2069377990430622,0.9968454258675079,0.9944896834860307
activity_self_selected_gait_speed,0.21770334928229665,0.9968454258675079,0.9944896834860307
activity_self_selected_gait_speed,0.21770334928229665,0.9974763406940063,0.9944896834860307
activity_self_selected_gait_speed,0.23385167464114834,0.9974763406940063,0.9944896834860307
activity_self_selected_gait_speed,0.23385167464114834,0.9981072555205047,0.9944896834860307
activity_self_selected_gait_speed,0.30442583732057416,0.9981072555205047,0.9944896834860307
activity_self_selected_gait_speed,0.30442583732057416,0.9987381703470032,0.9944896834860307
activity_self_selected_gait_speed,0.3570574162679426,0.9987381703470032,0.9944896834860307
activity_self_selected_gait_speed,0.3570574162679426,0.9993690851735015,0.9944896834860307
activity_self_selected_gait_speed,0.43301435406698563,0.9993690851735015,0.9944896834860307
activity_self_selected_gait_speed,0.43301435406698563,1.0,0.9944896834860307
activity_self_selected_gait_speed,1.0,1.0,0.9944896834860307
activity_stationary_walk,0.0,0.0,0.9928585225267288
activity_stationary_walk,0.0,0.0006086427267194157,0.9928585225267288
activity_stationary_walk,0.0,0.5228241022519781,0.9928585225267288
activity_stationary_walk,0.0005707762557077625,0.5228241022519781,0.9928585225267288
activity_stationary_walk,0.0005707762557077625,0.6019476567255021,0.9928585225267288
activity_stationary_walk,0.001141552511415525,0.6019476567255021,0.9928585225267288
activity_stationary_walk,0.001141552511415525,0.6774193548387096,0.9928585225267288
activity_stationary_walk,0.0017123287671232876,0.6774193548387096,0.9928585225267288
activity_stationary_walk,0.0017123287671232876,0.7340231284236154,0.9928585225267288
activity_stationary_walk,0.00228310502283105,0.7340231284236154,0.9928585225267288
activity_stationary_walk,0.00228310502283105,0.7674984783931832,0.9928585225267288
activity_stationary_walk,0.0028538812785388126,0.7674984783931832,0.9928585225267288
activity_stationary_walk,0.0028538812785388126,0.776019476567255,0.9928585225267288
activity_stationary_walk,0.003424657534246575,0.776019476567255,0.9928585225267288
activity_stationary_walk,0.003424657534246575,0.8021911138161899,0.9928585225267288
activity_stationary_walk,0.003995433789954338,0.8021911138161899,0.9928585225267288
activity_stationary_walk,0.003995433789954338,0.81253804017042,0.9928585225267288
activity_stationary_walk,0.0045662100456621,0.81253804017042,0.9928585225267288
activity_stationary_walk,0.0045662100456621,0.82288496652465,0.9928585225267288
activity_stationary_walk,0.005136986301369863,0.82288496652465,0.9928585225267288
activity_stationary_walk,0.005136986301369863,0.8234936092513695,0.9928585225267288
activity_stationary_walk,0.005707762557077625,0.8234936092513695,0.9928585225267288
activity_stationary_walk,0.005707762557077625,0.8289713937918441,0.9928585225267288
activity_stationary_walk,0.006278538812785388,0.8289713937918441,0.9928585225267288
activity_stationary_walk,0.006278538812785388,0.8301886792452831,0.9928585225267288
activity_stationary_walk,0.00684931506849315,0.8301886792452831,0.9928585225267288
activity_stationary_walk,0.00684931506849315,0.8581862446743761,0.9928585225267288
activity_stationary_walk,0.007420091324200913,0.8581862446743761,0.9928585225267288
activity_stationary_walk,0.007420091324200913,0.8600121728545344,0.9928585225267288
activity_stationary_walk,0.007990867579908675,0.8600121728545344,0.9928585225267288
activity_stationary_walk,0.007990867579908675,0.8630553864881315,0.9928585225267288
activity_stationary_walk,0.008561643835616438,0.8630553864881315,0.9928585225267288
activity_stationary_walk,0.008561643835616438,0.8660986001217286,0.9928585225267288
activity_stationary_walk,0.0091324200913242,0.8660986001217286,0.9928585225267288
activity_stationary_walk,0.0091324200913242,0.8740109555690809,0.9928585225267288
activity_stationary_walk,0.010273972602739725,0.8740109555690809,0.9928585225267288
activity_stationary_walk,0.010273972602739725,0.887401095556908,0.9928585225267288
activity_stationary_walk,0.01141552511415525,0.887401095556908,0.9928585225267288
activity_stationary_walk,0.01141552511415525,0.8959220937309799,0.9928585225267288
activity_stationary_walk,0.011986301369863013,0.8959220937309799,0.9928585225267288
activity_stationary_walk,0.011986301369863013,0.8971393791844188,0.9928585225267288
activity_stationary_walk,0.012557077625570776,0.8971393791844188,0.9928585225267288
activity_stationary_walk,0.012557077625570776,0.8977480219111381,0.9928585225267288
activity_stationary_walk,0.013127853881278538,0.8977480219111381,0.9928585225267288
activity_stationary_walk,0.013127853881278538,0.9001825928180158,0.9928585225267288
activity_stationary_walk,0.0136986301369863,0.9001825928180158,0.9928585225267288
activity_stationary_walk,0.0136986301369863,0.9074863055386488,0.9928585225267288
activity_stationary_walk,0.014269406392694063,0.9074863055386488,0.9928585225267288
activity_stationary_walk,0.014269406392694063,0.9099208764455264,0.9928585225267288
activity_stationary_walk,0.014840182648401826,0.9099208764455264,0.9928585225267288
activity_stationary_walk,0.014840182648401826,0.9123554473524041,0.9928585225267288
activity_stationary_walk,0.015410958904109588,0.9123554473524041,0.9928585225267288
activity_stationary_walk,0.015410958904109588,0.9129640900791236,0.9928585225267288
activity_stationary_walk,0.01598173515981735,0.9129640900791236,0.9928585225267288
activity_stationary_walk,0.01598173515981735,0.9141813755325624,0.9928585225267288
activity_stationary_walk,0.016552511415525113,0.9141813755325624,0.9928585225267288
activity_stationary_walk,0.016552511415525113,0.9160073037127207,0.9928585225267288
activity_stationary_walk,0.017123287671232876,0.9160073037127207,0.9928585225267288
activity_stationary_walk,0.017123287671232876,0.91661594643944,0.9928585225267288
activity_stationary_walk,0.0182648401826484,0.91661594643944,0.9928585225267288
activity_stationary_walk,0.0182648401826484,0.9184418746195983,0.9928585225267288
activity_stationary_walk,0.018835616438356163,0.9184418746195983,0.9928585225267288
activity_stationary_walk,0.018835616438356163,0.9202678027997565,0.9928585225267288
activity_stationary_walk,0.019406392694063926,0.9202678027997565,0.9928585225267288
activity_stationary_walk,0.019406392694063926,0.9227023737066342,0.9928585225267288
activity_stationary_walk,0.01997716894977169,0.9227023737066342,0.9928585225267288
activity_stationary_walk,0.01997716894977169,0.9257455873402313,0.9928585225267288
activity_stationary_walk,0.02054794520547945,0.9257455873402313,0.9928585225267288
activity_stationary_walk,0.02054794520547945,0.9275715155203895,0.9928585225267288
activity_stationary_walk,0.021118721461187213,0.9275715155203895,0.9928585225267288
activity_stationary_walk,0.021118721461187213,0.9287888009738283,0.9928585225267288
activity_stationary_walk,0.021689497716894976,0.9287888009738283,0.9928585225267288
activity_stationary_walk,0.021689497716894976,0.9300060864272672,0.9928585225267288
activity_stationary_walk,0.0228310502283105,0.9300060864272672,0.9928585225267288
activity_stationary_walk,0.0228310502283105,0.931223371880706,0.9928585225267288
activity_stationary_walk,0.023401826484018264,0.931223371880706,0.9928585225267288
activity_stationary_walk,0.023401826484018264,0.9324406573341448,0.9928585225267288
activity_stationary_walk,0.023972602739726026,0.9324406573341448,0.9928585225267288
activity_stationary_walk,0.023972602739726026,0.9342665855143031,0.9928585225267288
activity_stationary_walk,0.02454337899543379,0.9342665855143031,0.9928585225267288
activity_stationary_walk,0.02454337899543379,0.9403530127814973,0.9928585225267288
activity_stationary_walk,0.02511415525114155,0.9403530127814973,0.9928585225267288
activity_stationary_walk,0.02511415525114155,0.9446135118685332,0.9928585225267288
activity_stationary_walk,0.026255707762557076,0.9446135118685332,0.9928585225267288
activity_stationary_walk,0.026255707762557076,0.9452221545952526,0.9928585225267288
activity_stationary_walk,0.02682648401826484,0.9452221545952526,0.9928585225267288
activity_stationary_walk,0.02682648401826484,0.945830797321972,0.9928585225267288
activity_stationary_walk,0.032534246575342464,0.945830797321972,0.9928585225267288
activity_stationary_walk,0.032534246575342464,0.9464394400486914,0.9928585225267288
activity_stationary_walk,0.03367579908675799,0.9464394400486914,0.9928585225267288
activity_stationary_walk,0.03367579908675799,0.9482653682288497,0.9928585225267288
activity_stationary_walk,0.03424657534246575,0.9482653682288497,0.9928585225267288
activity_stationary_walk,0.03424657534246575,0.9500912964090079,0.9928585225267288
activity_stationary_walk,0.03538812785388128,0.9500912964090079,0.9928585225267288
activity_stationary_walk,0.03538812785388128,0.9513085818624467,0.9928585225267288
activity_stationary_walk,0.03595890410958904,0.9513085818624467,0.9928585225267288
activity_stationary_walk,0.03595890410958904,0.9543517954960439,0.9928585225267288
activity_stationary_walk,0.037100456621004564,0.9543517954960439,0.9928585225267288
activity_stationary_walk,0.037100456621004564,0.9580036518563603,0.9928585225267288
activity_stationary_walk,0.03824200913242009,0.9580036518563603,0.9928585225267288
activity_stationary_walk,0.03824200913242009,0.9586122945830797,0.9928585225267288
activity_stationary_walk,0.03995433789954338,0.9586122945830797,0.9928585225267288
activity_stationary_walk,0.03995433789954338,0.9598295800365185,0.9928585225267288
activity_stationary_walk,0.0410958904109589,0.9598295800365185,0.9928585225267288
activity_stationary_walk,0.0410958904109589,0.9610468654899574,0.9928585225267288
activity_stationary_walk,0.04223744292237443,0.9610468654899574,0.9928585225267288
activity_stationary_walk,0.04223744292237443,0.9616555082166768,0.9928585225267288
activity_stationary_walk,0.043949771689497714,0.9616555082166768,0.9928585225267288
activity_stationary_walk,0.043949771689497714,0.9646987218502739,0.9928585225267288
activity_stationary_walk,0.04452054794520548,0.9646987218502739,0.9928585225267288
activity_stationary_walk,0.04452054794520548,0.9653073645769933,0.9928585225267288
activity_stationary_walk,0.04509132420091324,0.9653073645769933,0.9928585225267288
activity_stationary_walk,0.04509132420091324,0.9665246500304321,0.9928585225267288
activity_stationary_walk,0.04794520547945205,0.9665246500304321,0.9928585225267288
activity_stationary_walk,0.04794520547945205,0.967741935483871,0.9928585225267288
activity_stationary_walk,0.048515981735159815,0.967741935483871,0.9928585225267288
activity_stationary_walk,0.048515981735159815,0.9683505782105903,0.9928585225267288
activity_stationary_walk,0.04965753424657534,0.9683505782105903,0.9928585225267288
activity_stationary_walk,0.04965753424657534,0.9689592209373098,0.9928585225267288
activity_stationary_walk,0.0502283105022831,0.9689592209373098,0.9928585225267288
activity_stationary_walk,0.0502283105022831,0.9701765063907486,0.9928585225267288
activity_stationary_walk,0.053082191780821915,0.9701765063907486,0.9928585225267288
activity_stationary_walk,0.053082191780821915,0.9726110772976263,0.9928585225267288
activity_stationary_walk,0.05422374429223744,0.9726110772976263,0.9928585225267288
activity_stationary_walk,0.05422374429223744,0.9732197200243458,0.9928585225267288
activity_stationary_walk,0.0547945205479452,0.9732197200243458,0.9928585225267288
activity_stationary_walk,0.0547945205479452,0.9744370054777846,0.9928585225267288
activity_stationary_walk,0.055365296803652965,0.9744370054777846,0.9928585225267288
activity_stationary_walk,0.055365296803652965,0.9750456482045039,0.9928585225267288
activity_stationary_walk,0.059931506849315065,0.9750456482045039,0.9928585225267288
activity_stationary_walk,0.059931506849315065,0.9756542909312234,0.9928585225267288
activity_stationary_walk,0.06278538812785388,0.9756542909312234,0.9928585225267288
activity_stationary_walk,0.06278538812785388,0.9768715763846622,0.9928585225267288
activity_stationary_walk,0.06621004566210045,0.9768715763846622,0.9928585225267288
activity_stationary_walk,0.06621004566210045,0.9780888618381011,0.9928585225267288
activity_stationary_walk,0.06963470319634703,0.9780888618381011,0.9928585225267288
activity_stationary_walk,0.06963470319634703,0.9786975045648204,0.9928585225267288
activity_stationary_walk,0.07134703196347032,0.9786975045648204,0.9928585225267288
activity_stationary_walk,0.07134703196347032,0.9793061472915399,0.9928585225267288
activity_stationary_walk,0.0730593607305936,0.9793061472915399,0.9928585225267288
activity_stationary_walk,0.0730593607305936,0.9799147900182593,0.9928585225267288
activity_stationary_walk,0.07876712328767123,0.9799147900182593,0.9928585225267288
activity_stationary_walk,0.07876712328767123,0.9805234327449787,0.9928585225267288
activity_stationary_walk,0.08504566210045662,0.9805234327449787,0.9928585225267288
activity_stationary_walk,0.08504566210045662,0.9823493609251369,0.9928585225267288
activity_stationary_walk,0.0930365296803653,0.9823493609251369,0.9928585225267288
activity_stationary_walk,0.0930365296803653,0.9829580036518564,0.9928585225267288
activity_stationary_walk,0.09360730593607305,0.9829580036518564,0.9928585225267288
activity_stationary_walk,0.09360730593607305,0.9835666463785758,0.9928585225267288
activity_stationary_walk,0.0976027397260274,0.9835666463785758,0.9928585225267288
activity_stationary_walk,0.0976027397260274,0.9841752891052952,0.9928585225267288
activity_stationary_walk,0.11187214611872145,0.9841752891052952,0.9928585225267288
activity_stationary_walk,0.11187214611872145,0.9847839318320146,0.9928585225267288
activity_stationary_walk,0.1141552511415525,0.9847839318320146,0.9928585225267288
activity_stationary_walk,0.1141552511415525,0.9866098600121729,0.9928585225267288
activity_stationary_walk,0.11643835616438356,0.9866098600121729,0.9928585225267288
activity_stationary_walk,0.11643835616438356,0.9872185027388922,0.9928585225267288
activity_stationary_walk,0.11700913242009132,0.9872185027388922,0.9928585225267288
activity_stationary_walk,0.11700913242009132,0.9878271454656117,0.9928585225267288
activity_stationary_walk,0.11929223744292237,0.9878271454656117,0.9928585225267288
activity_stationary_walk,0.11929223744292237,0.9884357881923311,0.9928585225267288
activity_stationary_walk,0.12157534246575342,0.9884357881923311,0.9928585225267288
activity_stationary_walk,0.12157534246575342,0.9890444309190505,0.9928585225267288
activity_stationary_walk,0.1232876712328767,0.9890444309190505,0.9928585225267288
activity_stationary_walk,0.1232876712328767,0.9896530736457699,0.9928585225267288
activity_stationary_walk,0.13984018264840184,0.9896530736457699,0.9928585225267288
activity_stationary_walk,0.13984018264840184,0.9902617163724894,0.9928585225267288
activity_stationary_walk,0.1495433789954338,0.9902617163724894,0.9928585225267288
activity_stationary_walk,0.1495433789954338,0.9908703590992087,0.9928585225267288
activity_stationary_walk,0.15011415525114155,0.9908703590992087,0.9928585225267288
activity_stationary_walk,0.15011415525114155,0.9914790018259282,0.9928585225267288
activity_stationary_walk,0.15924657534246575,0.9914790018259282,0.9928585225267288
activity_stationary_walk,0.15924657534246575,0.9920876445526476,0.9928585225267288
activity_stationary_walk,0.1643835616438356,0.9920876445526476,0.9928585225267288
activity_stationary_walk,0.1643835616438356,0.992696287279367,0.9928585225267288
activity_stationary_walk,0.19863013698630136,0.992696287279367,0.9928585225267288
activity_stationary_walk,0.19863013698630136,0.9933049300060864,0.9928585225267288
activity_stationary_walk,0.20205479452054795,0.9933049300060864,0.9928585225267288
activity_stationary_walk,0.20205479452054795,0.9939135727328059,0.9928585225267288
activity_stationary_walk,0.21860730593607305,0.9939135727328059,0.9928585225267288
activity_stationary_walk,0.21860730593607305,0.9945222154595252,0.9928585225267288
activity_stationary_walk,0.2197488584474886,0.9945222154595252,0.9928585225267288
activity_stationary_walk,0.2197488584474886,0.9951308581862447,0.9928585225267288
activity_stationary_walk,0.2557077625570776,0.9951308581862447,0.9928585225267288
activity_stationary_walk,0.2557077625570776,0.995739500912964,0.9928585225267288
activity_stationary_walk,0.259703196347032,0.995739500912964,0.9928585225267288
activity_stationary_walk,0.259703196347032,0.9963481436396835,0.9928585225267288
activity_stationary_walk,0.2813926940639269,0.9963481436396835,0.9928585225267288
activity_stationary_walk,0.2813926940639269,0.996956786366403,0.9928585225267288
activity_stationary_walk,0.2893835616438356,0.996956786366403,0.9928585225267288
activity_stationary_walk,0.2893835616438356,0.9975654290931223,0.9928585225267288
activity_stationary_walk,0.3030821917808219,0.9975654290931223,0.9928585225267288
activity_stationary_walk,0.3030821917808219,0.9981740718198417,0.9928585225267288
activity_stationary_walk,0.3464611872146119,0.9981740718198417,0.9928585225267288
activity_stationary_walk,0.3464611872146119,0.9987827145465612,0.9928585225267288
activity_stationary_walk,0.3573059360730594,0.9987827145465612,0.9928585225267288
activity_stationary_walk,0.3573059360730594,0.9993913572732805,0.9928585225267288
activity_stationary_walk,0.4178082191780822,0.9993913572732805,0.9928585225267288
activity_stationary_walk,0.4178082191780822,1.0,0.9928585225267288
activity_stationary_walk,1.0,1.0,0.9928585225267288
activity_sit_to_stand,0.0,0.0,0.9922177921096779
activity_sit_to_stand,0.0,0.0006082725060827251,0.9922177921096779
activity_sit_to_stand,0.0,0.4811435523114355,0.9922177921096779
activity_sit_to_stand,0.0005707762557077625,0.4811435523114355,0.9922177921096779
activity_sit_to_stand,0.0005707762557077625,0.666058394160584,0.9922177921096779
activity_sit_to_stand,0.001141552511415525,0.666058394160584,0.9922177921096779
activity_sit_to_stand,0.001141552511415525,0.7749391727493917,0.9922177921096779
activity_sit_to_stand,0.0017123287671232876,0.7749391727493917,0.9922177921096779
activity_sit_to_stand,0.0017123287671232876,0.7773722627737226,0.9922177921096779
activity_sit_to_stand,0.00228310502283105,0.7773722627737226,0.9922177921096779
activity_sit_to_stand,0.00228310502283105,0.7840632603406326,0.9922177921096779
activity_sit_to_stand,0.0028538812785388126,0.7840632603406326,0.9922177921096779
activity_sit_to_stand,0.0028538812785388126,0.7944038929440389,0.9922177921096779
activity_sit_to_stand,0.003424657534246575,0.7944038929440389,0.9922177921096779
activity_sit_to_stand,0.003424657534246575,0.8004866180048662,0.9922177921096779
activity_sit_to_stand,0.003995433789954338,0.8004866180048662,0.9922177921096779
activity_sit_to_stand,0.003995433789954338,0.816301703163017,0.9922177921096779
activity_sit_to_stand,0.0045662100456621,0.816301703163017,0.9922177921096779
activity_sit_to_stand,0.0045662100456621,0.8193430656934306,0.9922177921096779
activity_sit_to_stand,0.005136986301369863,0.8193430656934306,0.9922177921096779
activity_sit_to_stand,0.005136986301369863,0.8272506082725061,0.9922177921096779
activity_sit_to_stand,0.005707762557077625,0.8272506082725061,0.9922177921096779
activity_sit_to_stand,0.005707762557077625,0.8315085158150851,0.9922177921096779
activity_sit_to_stand,0.006278538812785388,0.8315085158150851,0.9922177921096779
activity_sit_to_stand,0.006278538812785388,0.8333333333333334,0.9922177921096779
activity_sit_to_stand,0.00684931506849315,0.8333333333333334,0.9922177921096779
activity_sit_to_stand,0.00684931506849315,0.8442822384428224,0.9922177921096779
activity_sit_to_stand,0.007420091324200913,0.8442822384428224,0.9922177921096779
activity_sit_to_stand,0.007420091324200913,0.8497566909975669,0.9922177921096779
activity_sit_to_stand,0.007990867579908675,0.8497566909975669,0.9922177921096779
activity_sit_to_stand,0.007990867579908675,0.8503649635036497,0.9922177921096779
activity_sit_to_stand,0.008561643835616438,0.8503649635036497,0.9922177921096779
activity_sit_to_stand,0.008561643835616438,0.851581508515815,0.9922177921096779
activity_sit_to_stand,0.0091324200913242,0.851581508515815,0.9922177921096779
activity_sit_to_stand,0.0091324200913242,0.8667883211678832,0.9922177921096779
activity_sit_to_stand,0.009703196347031963,0.8667883211678832,0.9922177921096779
activity_sit_to_stand,0.009703196347031963,0.8673965936739659,0.9922177921096779
activity_sit_to_stand,0.010273972602739725,0.8673965936739659,0.9922177921096779
activity_sit_to_stand,0.010273972602739725,0.8704379562043796,0.9922177921096779
activity_sit_to_stand,0.010844748858447488,0.8704379562043796,0.9922177921096779
activity_sit_to_stand,0.010844748858447488,0.8734793187347932,0.9922177921096779
activity_sit_to_stand,0.01141552511415525,0.8734793187347932,0.9922177921096779
activity_sit_to_stand,0.01141552511415525,0.8740875912408759,0.9922177921096779
activity_sit_to_stand,0.013127853881278538,0.8740875912408759,0.9922177921096779
activity_sit_to_stand,0.013127853881278538,0.8765206812652068,0.9922177921096779
activity_sit_to_stand,0.0136986301369863,0.8765206812652068,0.9922177921096779
activity_sit_to_stand,0.0136986301369863,0.8771289537712895,0.9922177921096779
activity_sit_to_stand,0.014269406392694063,0.8771289537712895,0.9922177921096779
activity_sit_to_stand,0.014269406392694063,0.8777372262773723,0.9922177921096779
activity_sit_to_stand,0.014840182648401826,0.8777372262773723,0.9922177921096779
activity_sit_to_stand,0.014840182648401826,0.8923357664233577,0.9922177921096779
activity_sit_to_stand,0.015410958904109588,0.8923357664233577,0.9922177921096779
activity_sit_to_stand,0.015410958904109588,0.8935523114355232,0.9922177921096779
activity_sit_to_stand,0.01598173515981735,0.8935523114355232,0.9922177921096779
activity_sit_to_stand,0.01598173515981735,0.8941605839416058,0.9922177921096779
activity_sit_to_stand,0.016552511415525113,0.8941605839416058,0.9922177921096779
activity_sit_to_stand,0.016552511415525113,0.8947688564476886,0.9922177921096779
activity_sit_to_stand,0.017123287671232876,0.8947688564476886,0.9922177921096779
activity_sit_to_stand,0.017123287671232876,0.9032846715328468,0.9922177921096779
activity_sit_to_stand,0.01769406392694064,0.9032846715328468,0.9922177921096779
activity_sit_to_stand,0.01769406392694064,0.9057177615571776,0.9922177921096779
activity_sit_to_stand,0.018835616438356163,0.9057177615571776,0.9922177921096779
activity_sit_to_stand,0.018835616438356163,0.9063260340632603,0.9922177921096779
activity_sit_to_stand,0.019406392694063926,0.9063260340632603,0.9922177921096779
activity_sit_to_stand,0.019406392694063926,0.916058394160584,0.9922177921096779
activity_sit_to_stand,0.01997716894977169,0.916058394160584,0.9922177921096779
activity_sit_to_stand,0.01997716894977169,0.9166666666666666,0.9922177921096779
activity_sit_to_stand,0.021118721461187213,0.9166666666666666,0.9922177921096779
activity_sit_to_stand,0.021118721461187213,0.9251824817518248,0.9922177921096779
activity_sit_to_stand,0.02226027397260274,0.9251824817518248,0.9922177921096779
activity_sit_to_stand,0.02226027397260274,0.9263990267639902,0.9922177921096779
activity_sit_to_stand,0.0228310502283105,0.9263990267639902,0.9922177921096779
activity_sit_to_stand,0.0228310502283105,0.9288321167883211,0.9922177921096779
activity_sit_to_stand,0.023972602739726026,0.9288321167883211,0.9922177921096779
activity_sit_to_stand,0.023972602739726026,0.9294403892944039,0.9922177921096779
activity_sit_to_stand,0.02511415525114155,0.9294403892944039,0.9922177921096779
activity_sit_to_stand,0.02511415525114155,0.9306569343065694,0.9922177921096779
activity_sit_to_stand,0.025684931506849314,0.9306569343065694,0.9922177921096779
activity_sit_to_stand,0.025684931506849314,0.9330900243309003,0.9922177921096779
activity_sit_to_stand,0.026255707762557076,0.9330900243309003,0.9922177921096779
activity_sit_to_stand,0.026255707762557076,0.933698296836983,0.9922177921096779
activity_sit_to_stand,0.02682648401826484,0.933698296836983,0.9922177921096779
activity_sit_to_stand,0.02682648401826484,0.9349148418491484,0.9922177921096779
activity_sit_to_stand,0.027968036529680364,0.9349148418491484,0.9922177921096779
activity_sit_to_stand,0.027968036529680364,0.9355231143552312,0.9922177921096779
activity_sit_to_stand,0.028538812785388126,0.9355231143552312,0.9922177921096779
activity_sit_to_stand,0.028538812785388126,0.9361313868613139,0.9922177921096779
activity_sit_to_stand,0.02910958904109589,0.9361313868613139,0.9922177921096779
activity_sit_to_stand,0.02910958904109589,0.9367396593673966,0.9922177921096779
activity_sit_to_stand,0.02968036529680365,0.9367396593673966,0.9922177921096779
activity_sit_to_stand,0.02968036529680365,0.940389294403893,0.9922177921096779
activity_sit_to_stand,0.030821917808219176,0.940389294403893,0.9922177921096779
activity_sit_to_stand,0.030821917808219176,0.9409975669099757,0.9922177921096779
activity_sit_to_stand,0.0319634703196347,0.9409975669099757,0.9922177921096779
activity_sit_to_stand,0.0319634703196347,0.9416058394160584,0.9922177921096779
activity_sit_to_stand,0.032534246575342464,0.9416058394160584,0.9922177921096779
activity_sit_to_stand,0.032534246575342464,0.9434306569343066,0.9922177921096779
activity_sit_to_stand,0.033105022831050226,0.9434306569343066,0.9922177921096779
activity_sit_to_stand,0.033105022831050226,0.9440389294403893,0.9922177921096779
activity_sit_to_stand,0.03367579908675799,0.9440389294403893,0.9922177921096779
activity_sit_to_stand,0.03367579908675799,0.9464720194647201,0.9922177921096779
activity_sit_to_stand,0.034817351598173514,0.9464720194647201,0.9922177921096779
activity_sit_to_stand,0.034817351598173514,0.9470802919708029,0.9922177921096779
activity_sit_to_stand,0.03538812785388128,0.9470802919708029,0.9922177921096779
activity_sit_to_stand,0.03538812785388128,0.9476885644768857,0.9922177921096779
activity_sit_to_stand,0.03595890410958904,0.9476885644768857,0.9922177921096779
activity_sit_to_stand,0.03595890410958904,0.9482968369829684,0.9922177921096779
activity_sit_to_stand,0.037100456621004564,0.9482968369829684,0.9922177921096779
activity_sit_to_stand,0.037100456621004564,0.948905109489051,0.9922177921096779
activity_sit_to_stand,0.03767123287671233,0.948905109489051,0.9922177921096779
activity_sit_to_stand,0.03767123287671233,0.9501216545012166,0.9922177921096779
activity_sit_to_stand,0.03824200913242009,0.9501216545012166,0.9922177921096779
activity_sit_to_stand,0.03824200913242009,0.9507299270072993,0.9922177921096779
activity_sit_to_stand,0.03881278538812785,0.9507299270072993,0.9922177921096779
activity_sit_to_stand,0.03881278538812785,0.9519464720194647,0.9922177921096779
activity_sit_to_stand,0.039383561643835614,0.9519464720194647,0.9922177921096779
activity_sit_to_stand,0.039383561643835614,0.9525547445255474,0.9922177921096779
activity_sit_to_stand,0.0410958904109589,0.9525547445255474,0.9922177921096779
activity_sit_to_stand,0.0410958904109589,0.9531630170316302,0.9922177921096779
activity_sit_to_stand,0.041666666666666664,0.9531630170316302,0.9922177921096779
activity_sit_to_stand,0.041666666666666664,0.9555961070559611,0.9922177921096779
activity_sit_to_stand,0.04223744292237443,0.9555961070559611,0.9922177921096779
activity_sit_to_stand,0.04223744292237443,0.9568126520681265,0.9922177921096779
activity_sit_to_stand,0.043949771689497714,0.9568126520681265,0.9922177921096779
activity_sit_to_stand,0.043949771689497714,0.958029197080292,0.9922177921096779
activity_sit_to_stand,0.04452054794520548,0.958029197080292,0.9922177921096779
activity_sit_to_stand,0.04452054794520548,0.9586374695863747,0.9922177921096779
activity_sit_to_stand,0.048515981735159815,0.9586374695863747,0.9922177921096779
activity_sit_to_stand,0.048515981735159815,0.9598540145985401,0.9922177921096779
activity_sit_to_stand,0.04908675799086758,0.9598540145985401,0.9922177921096779
activity_sit_to_stand,0.04908675799086758,0.9604622871046229,0.9922177921096779
activity_sit_to_stand,0.04965753424657534,0.9604622871046229,0.9922177921096779
activity_sit_to_stand,0.04965753424657534,0.9616788321167883,0.9922177921096779
activity_sit_to_stand,0.0502283105022831,0.9616788321167883,0.9922177921096779
activity_sit_to_stand,0.0502283105022831,0.962287104622871,0.9922177921096779
activity_sit_to_stand,0.05194063926940639,0.962287104622871,0.9922177921096779
activity_sit_to_stand,0.05194063926940639,0.9628953771289538,0.9922177921096779
activity_sit_to_stand,0.053082191780821915,0.9628953771289538,0.9922177921096779
activity_sit_to_stand,0.053082191780821915,0.9659367396593674,0.9922177921096779
activity_sit_to_stand,0.05707762557077625,0.9659367396593674,0.9922177921096779
activity_sit_to_stand,0.05707762557077625,0.9671532846715328,0.9922177921096779
activity_sit_to_stand,0.05878995433789954,0.9671532846715328,0.9922177921096779
activity_sit_to_stand,0.05878995433789954,0.9683698296836983,0.9922177921096779
activity_sit_to_stand,0.059931506849315065,0.9683698296836983,0.9922177921096779
activity_sit_to_stand,0.059931506849315065,0.9695863746958637,0.9922177921096779
activity_sit_to_stand,0.06107305936073059,0.9695863746958637,0.9922177921096779
activity_sit_to_stand,0.06107305936073059,0.9701946472019465,0.9922177921096779
activity_sit_to_stand,0.06621004566210045,0.9701946472019465,0.9922177921096779
activity_sit_to_stand,0.06621004566210045,0.9708029197080292,0.9922177921096779
activity_sit_to_stand,0.06792237442922375,0.9708029197080292,0.9922177921096779
activity_sit_to_stand,0.06792237442922375,0.9714111922141119,0.9922177921096779
activity_sit_to_stand,0.0702054794520548,0.9714111922141119,0.9922177921096779
activity_sit_to_stand,0.0702054794520548,0.9720194647201946,0.9922177921096779
activity_sit_to_stand,0.07420091324200913,0.9720194647201946,0.9922177921096779
activity_sit_to_stand,0.07420091324200913,0.9726277372262774,0.9922177921096779
activity_sit_to_stand,0.07648401826484018,0.9726277372262774,0.9922177921096779
activity_sit_to_stand,0.07648401826484018,0.9732360097323601,0.9922177921096779
activity_sit_to_stand,0.0776255707762557,0.9732360097323601,0.9922177921096779
activity_sit_to_stand,0.0776255707762557,0.9738442822384428,0.9922177921096779
activity_sit_to_stand,0.079337899543379,0.9738442822384428,0.9922177921096779
activity_sit_to_stand,0.079337899543379,0.9750608272506083,0.9922177921096779
activity_sit_to_stand,0.0821917808219178,0.9750608272506083,0.9922177921096779
activity_sit_to_stand,0.0821917808219178,0.975669099756691,0.9922177921096779
activity_sit_to_stand,0.0839041095890411,0.975669099756691,0.9922177921096779
activity_sit_to_stand,0.0839041095890411,0.9762773722627737,0.9922177921096779
activity_sit_to_stand,0.08504566210045662,0.9762773722627737,0.9922177921096779
activity_sit_to_stand,0.08504566210045662,0.9774939172749392,0.9922177921096779
activity_sit_to_stand,0.08732876712328767,0.9774939172749392,0.9922177921096779
activity_sit_to_stand,0.08732876712328767,0.9781021897810219,0.9922177921096779
activity_sit_to_stand,0.08789954337899543,0.9781021897810219,0.9922177921096779
activity_sit_to_stand,0.08789954337899543,0.9787104622871047,0.9922177921096779
activity_sit_to_stand,0.09075342465753425,0.9787104622871047,0.9922177921096779
activity_sit_to_stand,0.09075342465753425,0.9793187347931873,0.9922177921096779
activity_sit_to_stand,0.09189497716894977,0.9793187347931873,0.9922177921096779
activity_sit_to_stand,0.09189497716894977,0.9811435523114356,0.9922177921096779
activity_sit_to_stand,0.0958904109589041,0.9811435523114356,0.9922177921096779
activity_sit_to_stand,0.0958904109589041,0.982360097323601,0.9922177921096779
activity_sit_to_stand,0.0976027397260274,0.982360097323601,0.9922177921096779
activity_sit_to_stand,0.0976027397260274,0.9829683698296837,0.9922177921096779
activity_sit_to_stand,0.10159817351598173,0.9829683698296837,0.9922177921096779
activity_sit_to_stand,0.10159817351598173,0.9841849148418491,0.9922177921096779
activity_sit_to_stand,0.10388127853881278,0.9841849148418491,0.9922177921096779
activity_sit_to_stand,0.10388127853881278,0.9847931873479319,0.9922177921096779
activity_sit_to_stand,0.10730593607305935,0.9847931873479319,0.9922177921096779
activity_sit_to_stand,0.10730593607305935,0.9854014598540146,0.9922177921096779
activity_sit_to_stand,0.1141552511415525,0.9854014598540146,0.9922177921096779
activity_sit_to_stand,0.1141552511415525,0.9860097323600974,0.9922177921096779
activity_sit_to_stand,0.1187214611872146,0.9860097323600974,0.9922177921096779
activity_sit_to_stand,0.1187214611872146,0.9878345498783455,0.9922177921096779
activity_sit_to_stand,0.12614155251141554,0.9878345498783455,0.9922177921096779
activity_sit_to_stand,0.12614155251141554,0.9884428223844283,0.9922177921096779
activity_sit_to_stand,0.1267123287671233,0.9884428223844283,0.9922177921096779
activity_sit_to_stand,0.1267123287671233,0.9890510948905109,0.9922177921096779
activity_sit_to_stand,0.1324200913242009,0.9890510948905109,0.9922177921096779
activity_sit_to_stand,0.1324200913242009,0.9908759124087592,0.9922177921096779
activity_sit_to_stand,0.13356164383561644,0.9908759124087592,0.9922177921096779
activity_sit_to_stand,0.13356164383561644,0.9914841849148418,0.9922177921096779
activity_sit_to_stand,0.1421232876712329,0.9914841849148418,0.9922177921096779
activity_sit_to_stand,0.1421232876712329,0.9920924574209246,0.9922177921096779
activity_sit_to_stand,0.16723744292237444,0.9920924574209246,0.9922177921096779
activity_sit_to_stand,0.16723744292237444,0.9927007299270073,0.9922177921096779
activity_sit_to_stand,0.17180365296803654,0.9927007299270073,0.9922177921096779
activity_sit_to_stand,0.17180365296803654,0.9933090024330901,0.9922177921096779
activity_sit_to_stand,0.1735159817351598,0.9933090024330901,0.9922177921096779
activity_sit_to_stand,0.1735159817351598,0.9939172749391727,0.9922177921096779
activity_sit_to_stand,0.18093607305936074,0.9939172749391727,0.9922177921096779
activity_sit_to_stand,0.18093607305936074,0.9945255474452555,0.9922177921096779
activity_sit_to_stand,0.18550228310502284,0.9945255474452555,0.9922177921096779
activity_sit_to_stand,0.18550228310502284,0.9951338199513382,0.9922177921096779
activity_sit_to_stand,0.216324200913242,0.9951338199513382,0.9922177921096779
activity_sit_to_stand,0.216324200913242,0.995742092457421,0.9922177921096779
activity_sit_to_stand,0.2539954337899543,0.995742092457421,0.9922177921096779
activity_sit_to_stand,0.2539954337899543,0.9963503649635036,0.9922177921096779
activity_sit_to_stand,0.2602739726027397,0.9963503649635036,0.9922177921096779
activity_sit_to_stand,0.2602739726027397,0.9975669099756691,0.9922177921096779
activity_sit_to_stand,0.3105022831050228,0.9975669099756691,0.9922177921096779
activity_sit_to_stand,0.3105022831050228,0.9981751824817519,0.9922177921096779
activity_sit_to_stand,0.3276255707762557,0.9981751824817519,0.9922177921096779
activity_sit_to_stand,0.3276255707762557,0.9987834549878345,0.9922177921096779
activity_sit_to_stand,0.4172374429223744,0.9987834549878345,0.9922177921096779
activity_sit_to_stand,0.4172374429223744,0.9993917274939172,0.9922177921096779
activity_sit_to_stand,0.7203196347031964,0.9993917274939172,0.9922177921096779
activity_sit_to_stand,0.7203196347031964,1.0,0.9922177921096779
activity_sit_to_stand,1.0,1.0,0.9922177921096779
activity_romberg_closed,0.0,0.0,0.9793933098933192
activity_romberg_closed,0.0,0.0006093845216331506,0.9793933098933192
activity_romberg_closed,0.0,0.13833028641072517,0.9793933098933192
activity_romberg_closed,0.000572737686139748,0.13833028641072517,0.9793933098933192
activity_romberg_closed,0.000572737686139748,0.23217550274223034,0.9793933098933192
activity_romberg_closed,0.001145475372279496,0.23217550274223034,0.9793933098933192
activity_romberg_closed,0.001145475372279496,0.32053625837903715,0.9793933098933192
activity_romberg_closed,0.001718213058419244,0.32053625837903715,0.9793933098933192
activity_romberg_closed,0.001718213058419244,0.35770871419865935,0.9793933098933192
activity_romberg_closed,0.002290950744558992,0.35770871419865935,0.9793933098933192
activity_romberg_closed,0.002290950744558992,0.5015234613040829,0.9793933098933192
activity_romberg_closed,0.0028636884306987398,0.5015234613040829,0.9793933098933192
activity_romberg_closed,0.0028636884306987398,0.5965874466788543,0.9793933098933192
activity_romberg_closed,0.003436426116838488,0.5965874466788543,0.9793933098933192
activity_romberg_closed,0.003436426116838488,0.6069469835466179,0.9793933098933192
activity_romberg_closed,0.004009163802978236,0.6069469835466179,0.9793933098933192
activity_romberg_closed,0.004009163802978236,0.6081657525898843,0.9793933098933192
activity_romberg_closed,0.004581901489117984,0.6081657525898843,0.9793933098933192
activity_romberg_closed,0.004581901489117984,0.6319317489335771,0.9793933098933192
activity_romberg_closed,0.005154639175257732,0.6319317489335771,0.9793933098933192
activity_romberg_closed,0.005154639175257732,0.687995124923827,0.9793933098933192
activity_romberg_closed,0.0057273768613974796,0.687995124923827,0.9793933098933192
activity_romberg_closed,0.0057273768613974796,0.6989640463132236,0.9793933098933192
activity_romberg_closed,0.006300114547537228,0.6989640463132236,0.9793933098933192
activity_romberg_closed,0.006300114547537228,0.7154174283973187,0.9793933098933192
activity_romberg_closed,0.006872852233676976,0.7154174283973187,0.9793933098933192
activity_romberg_closed,0.006872852233676976,0.7239488117001828,0.9793933098933192
activity_romberg_closed,0.0074455899198167235,0.7239488117001828,0.9793933098933192
activity_romberg_closed,0.0074455899198167235,0.7336989640463132,0.9793933098933192
activity_romberg_closed,0.008018327605956471,0.7336989640463132,0.9793933098933192
activity_romberg_closed,0.008018327605956471,0.7404021937842779,0.9793933098933192
activity_romberg_closed,0.009163802978235968,0.7404021937842779,0.9793933098933192
activity_romberg_closed,0.009163802978235968,0.741011578305911,0.9793933098933192
activity_romberg_closed,0.009736540664375716,0.741011578305911,0.9793933098933192
activity_romberg_closed,0.009736540664375716,0.7507617306520414,0.9793933098933192
activity_romberg_closed,0.010309278350515464,0.7507617306520414,0.9793933098933192
activity_romberg_closed,0.010309278350515464,0.7550274223034735,0.9793933098933192
activity_romberg_closed,0.010882016036655211,0.7550274223034735,0.9793933098933192
activity_romberg_closed,0.010882016036655211,0.7568555758683729,0.9793933098933192
activity_romberg_closed,0.011454753722794959,0.7568555758683729,0.9793933098933192
activity_romberg_closed,0.011454753722794959,0.7830591102985984,0.9793933098933192
activity_romberg_closed,0.012027491408934709,0.7830591102985984,0.9793933098933192
activity_romberg_closed,0.012027491408934709,0.785496648385131,0.9793933098933192
activity_romberg_closed,0.012600229095074456,0.785496648385131,0.9793933098933192
activity_romberg_closed,0.012600229095074456,0.7873248019500305,0.9793933098933192
activity_romberg_closed,0.013172966781214204,0.7873248019500305,0.9793933098933192
activity_romberg_closed,0.013172966781214204,0.7995124923826935,0.9793933098933192
activity_romberg_closed,0.013745704467353952,0.7995124923826935,0.9793933098933192
activity_romberg_closed,0.013745704467353952,0.8001218769043267,0.9793933098933192
activity_romberg_closed,0.0143184421534937,0.8001218769043267,0.9793933098933192
activity_romberg_closed,0.0143184421534937,0.8031687995124924,0.9793933098933192
activity_romberg_closed,0.014891179839633447,0.8031687995124924,0.9793933098933192
activity_romberg_closed,0.014891179839633447,0.8037781840341255,0.9793933098933192
activity_romberg_closed,0.015463917525773196,0.8037781840341255,0.9793933098933192
activity_romberg_closed,0.015463917525773196,0.8141377209018891,0.9793933098933192
activity_romberg_closed,0.016036655211912942,0.8141377209018891,0.9793933098933192
activity_romberg_closed,0.016036655211912942,0.8159658744667886,0.9793933098933192
activity_romberg_closed,0.016609392898052692,0.8159658744667886,0.9793933098933192
activity_romberg_closed,0.016609392898052692,0.8190127970749543,0.9793933098933192
activity_romberg_closed,0.017754868270332187,0.8190127970749543,0.9793933098933192
activity_romberg_closed,0.017754868270332187,0.8238878732480195,0.9793933098933192
activity_romberg_closed,0.018327605956471937,0.8238878732480195,0.9793933098933192
activity_romberg_closed,0.018327605956471937,0.8251066422912858,0.9793933098933192
activity_romberg_closed,0.018900343642611683,0.8251066422912858,0.9793933098933192
activity_romberg_closed,0.018900343642611683,0.8263254113345521,0.9793933098933192
activity_romberg_closed,0.02004581901489118,0.8263254113345521,0.9793933098933192
activity_romberg_closed,0.02004581901489118,0.8348567946374162,0.9793933098933192
activity_romberg_closed,0.020618556701030927,0.8348567946374162,0.9793933098933192
activity_romberg_closed,0.020618556701030927,0.8360755636806825,0.9793933098933192
activity_romberg_closed,0.021191294387170677,0.8360755636806825,0.9793933098933192
activity_romberg_closed,0.021191294387170677,0.8385131017672152,0.9793933098933192
activity_romberg_closed,0.021764032073310423,0.8385131017672152,0.9793933098933192
activity_romberg_closed,0.021764032073310423,0.842169408897014,0.9793933098933192
activity_romberg_closed,0.022336769759450172,0.842169408897014,0.9793933098933192
activity_romberg_closed,0.022336769759450172,0.8446069469835467,0.9793933098933192
activity_romberg_closed,0.022909507445589918,0.8446069469835467,0.9793933098933192
activity_romberg_closed,0.022909507445589918,0.8452163315051797,0.9793933098933192
activity_romberg_closed,0.024054982817869417,0.8452163315051797,0.9793933098933192
activity_romberg_closed,0.024054982817869417,0.8482632541133455,0.9793933098933192
activity_romberg_closed,0.024627720504009163,0.8482632541133455,0.9793933098933192
activity_romberg_closed,0.024627720504009163,0.8525289457647776,0.9793933098933192
activity_romberg_closed,0.025200458190148912,0.8525289457647776,0.9793933098933192
activity_romberg_closed,0.025200458190148912,0.8561852528945765,0.9793933098933192
activity_romberg_closed,0.02577319587628866,0.8561852528945765,0.9793933098933192
activity_romberg_closed,0.02577319587628866,0.8567946374162096,0.9793933098933192
activity_romberg_closed,0.026345933562428408,0.8567946374162096,0.9793933098933192
activity_romberg_closed,0.026345933562428408,0.8598415600243754,0.9793933098933192
activity_romberg_closed,0.026918671248568157,0.8598415600243754,0.9793933098933192
activity_romberg_closed,0.026918671248568157,0.8628884826325411,0.9793933098933192
activity_romberg_closed,0.027491408934707903,0.8628884826325411,0.9793933098933192
activity_romberg_closed,0.027491408934707903,0.8634978671541743,0.9793933098933192
activity_romberg_closed,0.0286368843069874,0.8634978671541743,0.9793933098933192
activity_romberg_closed,0.0286368843069874,0.8641072516758075,0.9793933098933192
activity_romberg_closed,0.029782359679266894,0.8641072516758075,0.9793933098933192
activity_romberg_closed,0.029782359679266894,0.8647166361974405,0.9793933098933192
activity_romberg_closed,0.030355097365406643,0.8647166361974405,0.9793933098933192
activity_romberg_closed,0.030355097365406643,0.8659354052407069,0.9793933098933192
activity_romberg_closed,0.03150057273768614,0.8659354052407069,0.9793933098933192
activity_romberg_closed,0.03150057273768614,0.8671541742839732,0.9793933098933192
activity_romberg_closed,0.032073310423825885,0.8671541742839732,0.9793933098933192
activity_romberg_closed,0.032073310423825885,0.8683729433272395,0.9793933098933192
activity_romberg_closed,0.03264604810996564,0.8683729433272395,0.9793933098933192
activity_romberg_closed,0.03264604810996564,0.8689823278488726,0.9793933098933192
activity_romberg_closed,0.033218785796105384,0.8689823278488726,0.9793933098933192
activity_romberg_closed,0.033218785796105384,0.8720292504570384,0.9793933098933192
activity_romberg_closed,0.03379152348224513,0.8720292504570384,0.9793933098933192
activity_romberg_closed,0.03379152348224513,0.8756855575868373,0.9793933098933192
activity_romberg_closed,0.035509736540664374,0.8756855575868373,0.9793933098933192
activity_romberg_closed,0.035509736540664374,0.8781230956733699,0.9793933098933192
activity_romberg_closed,0.03608247422680412,0.8781230956733699,0.9793933098933192
activity_romberg_closed,0.03608247422680412,0.8793418647166362,0.9793933098933192
activity_romberg_closed,0.03665521191294387,0.8793418647166362,0.9793933098933192
activity_romberg_closed,0.03665521191294387,0.8805606337599025,0.9793933098933192
activity_romberg_closed,0.037800687285223365,0.8805606337599025,0.9793933098933192
activity_romberg_closed,0.037800687285223365,0.8836075563680682,0.9793933098933192
activity_romberg_closed,0.038946162657502864,0.8836075563680682,0.9793933098933192
activity_romberg_closed,0.038946162657502864,0.8872638634978671,0.9793933098933192
activity_romberg_closed,0.03951890034364261,0.8872638634978671,0.9793933098933192
activity_romberg_closed,0.03951890034364261,0.8890920170627666,0.9793933098933192
activity_romberg_closed,0.04009163802978236,0.8890920170627666,0.9793933098933192
activity_romberg_closed,0.04009163802978236,0.8897014015843998,0.9793933098933192
activity_romberg_closed,0.04066437571592211,0.8897014015843998,0.9793933098933192
activity_romberg_closed,0.04066437571592211,0.8933577087141986,0.9793933098933192
activity_romberg_closed,0.041237113402061855,0.8933577087141986,0.9793933098933192
activity_romberg_closed,0.041237113402061855,0.8939670932358318,0.9793933098933192
activity_romberg_closed,0.0418098510882016,0.8939670932358318,0.9793933098933192
activity_romberg_closed,0.0418098510882016,0.894576477757465,0.9793933098933192
activity_romberg_closed,0.0429553264604811,0.894576477757465,0.9793933098933192
activity_romberg_closed,0.0429553264604811,0.8957952468007313,0.9793933098933192
activity_romberg_closed,0.0441008018327606,0.8957952468007313,0.9793933098933192
activity_romberg_closed,0.0441008018327606,0.8964046313223644,0.9793933098933192
activity_romberg_closed,0.044673539518900345,0.8964046313223644,0.9793933098933192
activity_romberg_closed,0.044673539518900345,0.8976234003656307,0.9793933098933192
activity_romberg_closed,0.04524627720504009,0.8976234003656307,0.9793933098933192
activity_romberg_closed,0.04524627720504009,0.8982327848872639,0.9793933098933192
activity_romberg_closed,0.04639175257731959,0.8982327848872639,0.9793933098933192
activity_romberg_closed,0.04639175257731959,0.898842169408897,0.9793933098933192
activity_romberg_closed,0.04753722794959908,0.898842169408897,0.9793933098933192
activity_romberg_closed,0.04753722794959908,0.9000609384521633,0.9793933098933192
activity_romberg_closed,0.04868270332187858,0.9000609384521633,0.9793933098933192
activity_romberg_closed,0.04868270332187858,0.9018890920170628,0.9793933098933192
activity_romberg_closed,0.049255441008018326,0.9018890920170628,0.9793933098933192
activity_romberg_closed,0.049255441008018326,0.903107861060329,0.9793933098933192
activity_romberg_closed,0.05097365406643757,0.903107861060329,0.9793933098933192
activity_romberg_closed,0.05097365406643757,0.9043266301035954,0.9793933098933192
activity_romberg_closed,0.052691867124856816,0.9043266301035954,0.9793933098933192
activity_romberg_closed,0.052691867124856816,0.9049360146252285,0.9793933098933192
activity_romberg_closed,0.053837342497136315,0.9049360146252285,0.9793933098933192
activity_romberg_closed,0.053837342497136315,0.9073735527117611,0.9793933098933192
activity_romberg_closed,0.054982817869415807,0.9073735527117611,0.9793933098933192
activity_romberg_closed,0.054982817869415807,0.9079829372333943,0.9793933098933192
activity_romberg_closed,0.05555555555555555,0.9079829372333943,0.9793933098933192
activity_romberg_closed,0.05555555555555555,0.9098110907982937,0.9793933098933192
activity_romberg_closed,0.056128293241695305,0.9098110907982937,0.9793933098933192
activity_romberg_closed,0.056128293241695305,0.9104204753199269,0.9793933098933192
activity_romberg_closed,0.0572737686139748,0.9104204753199269,0.9793933098933192
activity_romberg_closed,0.0572737686139748,0.91102985984156,0.9793933098933192
activity_romberg_closed,0.05784650630011455,0.91102985984156,0.9793933098933192
activity_romberg_closed,0.05784650630011455,0.9128580134064594,0.9793933098933192
activity_romberg_closed,0.05956471935853379,0.9128580134064594,0.9793933098933192
activity_romberg_closed,0.05956471935853379,0.9134673979280926,0.9793933098933192
activity_romberg_closed,0.06013745704467354,0.9134673979280926,0.9793933098933192
activity_romberg_closed,0.06013745704467354,0.914686166971359,0.9793933098933192
activity_romberg_closed,0.06128293241695303,0.914686166971359,0.9793933098933192
activity_romberg_closed,0.06128293241695303,0.9152955514929921,0.9793933098933192
activity_romberg_closed,0.061855670103092786,0.9152955514929921,0.9793933098933192
activity_romberg_closed,0.061855670103092786,0.9171237050578915,0.9793933098933192
activity_romberg_closed,0.06300114547537228,0.9171237050578915,0.9793933098933192
activity_romberg_closed,0.06300114547537228,0.9177330895795247,0.9793933098933192
activity_romberg_closed,0.06357388316151202,0.9177330895795247,0.9793933098933192
activity_romberg_closed,0.06357388316151202,0.9183424741011579,0.9793933098933192
activity_romberg_closed,0.06643757159221077,0.9183424741011579,0.9793933098933192
activity_romberg_closed,0.06643757159221077,0.9195612431444241,0.9793933098933192
activity_romberg_closed,0.06701030927835051,0.9195612431444241,0.9793933098933192
activity_romberg_closed,0.06701030927835051,0.9201706276660573,0.9793933098933192
activity_romberg_closed,0.06758304696449026,0.9201706276660573,0.9793933098933192
activity_romberg_closed,0.06758304696449026,0.9226081657525899,0.9793933098933192
activity_romberg_closed,0.06815578465063,0.9226081657525899,0.9793933098933192
activity_romberg_closed,0.06815578465063,0.923217550274223,0.9793933098933192
activity_romberg_closed,0.0715922107674685,0.923217550274223,0.9793933098933192
activity_romberg_closed,0.0715922107674685,0.9244363193174894,0.9793933098933192
activity_romberg_closed,0.07388316151202749,0.9244363193174894,0.9793933098933192
activity_romberg_closed,0.07388316151202749,0.9274832419256551,0.9793933098933192
activity_romberg_closed,0.07502863688430698,0.9274832419256551,0.9793933098933192
activity_romberg_closed,0.07502863688430698,0.9280926264472883,0.9793933098933192
activity_romberg_closed,0.07560137457044673,0.9280926264472883,0.9793933098933192
activity_romberg_closed,0.07560137457044673,0.9299207800121877,0.9793933098933192
activity_romberg_closed,0.07789232531500573,0.9299207800121877,0.9793933098933192
activity_romberg_closed,0.07789232531500573,0.9305301645338209,0.9793933098933192
activity_romberg_closed,0.07903780068728522,0.9305301645338209,0.9793933098933192
activity_romberg_closed,0.07903780068728522,0.9323583180987203,0.9793933098933192
activity_romberg_closed,0.07961053837342497,0.9323583180987203,0.9793933098933192
activity_romberg_closed,0.07961053837342497,0.9335770871419866,0.9793933098933192
activity_romberg_closed,0.08018327605956473,0.9335770871419866,0.9793933098933192
activity_romberg_closed,0.08018327605956473,0.9341864716636198,0.9793933098933192
activity_romberg_closed,0.08132875143184422,0.9341864716636198,0.9793933098933192
activity_romberg_closed,0.08132875143184422,0.935405240706886,0.9793933098933192
activity_romberg_closed,0.0836197021764032,0.935405240706886,0.9793933098933192
activity_romberg_closed,0.0836197021764032,0.9360146252285192,0.9793933098933192
activity_romberg_closed,0.08476517754868271,0.9360146252285192,0.9793933098933192
activity_romberg_closed,0.08476517754868271,0.9372333942717855,0.9793933098933192
activity_romberg_closed,0.0859106529209622,0.9372333942717855,0.9793933098933192
activity_romberg_closed,0.0859106529209622,0.9384521633150518,0.9793933098933192
activity_romberg_closed,0.08648339060710195,0.9384521633150518,0.9793933098933192
activity_romberg_closed,0.08648339060710195,0.9390615478366849,0.9793933098933192
activity_romberg_closed,0.08762886597938144,0.9390615478366849,0.9793933098933192
activity_romberg_closed,0.08762886597938144,0.9396709323583181,0.9793933098933192
activity_romberg_closed,0.08877434135166094,0.9396709323583181,0.9793933098933192
activity_romberg_closed,0.08877434135166094,0.9402803168799513,0.9793933098933192
activity_romberg_closed,0.08991981672394044,0.9402803168799513,0.9793933098933192
activity_romberg_closed,0.08991981672394044,0.9427178549664839,0.9793933098933192
activity_romberg_closed,0.09049255441008018,0.9427178549664839,0.9793933098933192
activity_romberg_closed,0.09049255441008018,0.943327239488117,0.9793933098933192
activity_romberg_closed,0.09278350515463918,0.943327239488117,0.9793933098933192
activity_romberg_closed,0.09278350515463918,0.9445460085313833,0.9793933098933192
activity_romberg_closed,0.09450171821305842,0.9445460085313833,0.9793933098933192
activity_romberg_closed,0.09450171821305842,0.9457647775746496,0.9793933098933192
activity_romberg_closed,0.09621993127147767,0.9457647775746496,0.9793933098933192
activity_romberg_closed,0.09621993127147767,0.9463741620962828,0.9793933098933192
activity_romberg_closed,0.09679266895761741,0.9463741620962828,0.9793933098933192
activity_romberg_closed,0.09679266895761741,0.946983546617916,0.9793933098933192
activity_romberg_closed,0.10080183276059565,0.946983546617916,0.9793933098933192
activity_romberg_closed,0.10080183276059565,0.947592931139549,0.9793933098933192
activity_romberg_closed,0.1013745704467354,0.947592931139549,0.9793933098933192
activity_romberg_closed,0.1013745704467354,0.9482023156611822,0.9793933098933192
activity_romberg_closed,0.10194730813287514,0.9482023156611822,0.9793933098933192
activity_romberg_closed,0.10194730813287514,0.9488117001828154,0.9793933098933192
activity_romberg_closed,0.10538373424971363,0.9488117001828154,0.9793933098933192
activity_romberg_closed,0.10538373424971363,0.9494210847044485,0.9793933098933192
activity_romberg_closed,0.10652920962199312,0.9494210847044485,0.9793933098933192
activity_romberg_closed,0.10652920962199312,0.9500304692260817,0.9793933098933192
activity_romberg_closed,0.10767468499427263,0.9500304692260817,0.9793933098933192
activity_romberg_closed,0.10767468499427263,0.9506398537477148,0.9793933098933192
activity_romberg_closed,0.10824742268041238,0.9506398537477148,0.9793933098933192
activity_romberg_closed,0.10824742268041238,0.9518586227909811,0.9793933098933192
activity_romberg_closed,0.10939289805269187,0.9518586227909811,0.9793933098933192
activity_romberg_closed,0.10939289805269187,0.9524680073126143,0.9793933098933192
activity_romberg_closed,0.10996563573883161,0.9524680073126143,0.9793933098933192
activity_romberg_closed,0.10996563573883161,0.9530773918342474,0.9793933098933192
activity_romberg_closed,0.11053837342497136,0.9530773918342474,0.9793933098933192
activity_romberg_closed,0.11053837342497136,0.9536867763558805,0.9793933098933192
activity_romberg_closed,0.11397479954180985,0.9536867763558805,0.9793933098933192
activity_romberg_closed,0.11397479954180985,0.9542961608775137,0.9793933098933192
activity_romberg_closed,0.1145475372279496,0.9542961608775137,0.9793933098933192
activity_romberg_closed,0.1145475372279496,0.95551492992078,0.9793933098933192
activity_romberg_closed,0.11683848797250859,0.95551492992078,0.9793933098933192
activity_romberg_closed,0.11683848797250859,0.9561243144424132,0.9793933098933192
activity_romberg_closed,0.11912943871706758,0.9561243144424132,0.9793933098933192
activity_romberg_closed,0.11912943871706758,0.9573430834856794,0.9793933098933192
activity_romberg_closed,0.12142038946162657,0.9573430834856794,0.9793933098933192
activity_romberg_closed,0.12142038946162657,0.9579524680073126,0.9793933098933192
activity_romberg_closed,0.12199312714776632,0.9579524680073126,0.9793933098933192
activity_romberg_closed,0.12199312714776632,0.9585618525289458,0.9793933098933192
activity_romberg_closed,0.1254295532646048,0.9585618525289458,0.9793933098933192
activity_romberg_closed,0.1254295532646048,0.9591712370505789,0.9793933098933192
activity_romberg_closed,0.12600229095074456,0.9591712370505789,0.9793933098933192
activity_romberg_closed,0.12600229095074456,0.9597806215722121,0.9793933098933192
activity_romberg_closed,0.1265750286368843,0.9597806215722121,0.9793933098933192
activity_romberg_closed,0.1265750286368843,0.9603900060938452,0.9793933098933192
activity_romberg_closed,0.12714776632302405,0.9603900060938452,0.9793933098933192
activity_romberg_closed,0.12714776632302405,0.9609993906154783,0.9793933098933192
activity_romberg_closed,0.13058419243986255,0.9609993906154783,0.9793933098933192
activity_romberg_closed,0.13058419243986255,0.9616087751371115,0.9793933098933192
activity_romberg_closed,0.13172966781214204,0.9616087751371115,0.9793933098933192
activity_romberg_closed,0.13172966781214204,0.9622181596587447,0.9793933098933192
activity_romberg_closed,0.13402061855670103,0.9622181596587447,0.9793933098933192
activity_romberg_closed,0.13402061855670103,0.9628275441803779,0.9793933098933192
activity_romberg_closed,0.13516609392898052,0.9628275441803779,0.9793933098933192
activity_romberg_closed,0.13516609392898052,0.9634369287020109,0.9793933098933192
activity_romberg_closed,0.1420389461626575,0.9634369287020109,0.9793933098933192
activity_romberg_closed,0.1420389461626575,0.9640463132236441,0.9793933098933192
activity_romberg_closed,0.14261168384879724,0.9640463132236441,0.9793933098933192
activity_romberg_closed,0.14261168384879724,0.9652650822669104,0.9793933098933192
activity_romberg_closed,0.143184421534937,0.9652650822669104,0.9793933098933192
activity_romberg_closed,0.143184421534937,0.9664838513101767,0.9793933098933192
activity_romberg_closed,0.14604810996563575,0.9664838513101767,0.9793933098933192
activity_romberg_closed,0.14604810996563575,0.9670932358318098,0.9793933098933192
activity_romberg_closed,0.14891179839633448,0.9670932358318098,0.9793933098933192
activity_romberg_closed,0.14891179839633448,0.967702620353443,0.9793933098933192
activity_romberg_closed,0.1517754868270332,0.967702620353443,0.9793933098933192
activity_romberg_closed,0.1517754868270332,0.9689213893967094,0.9793933098933192
activity_romberg_closed,0.15349369988545247,0.9689213893967094,0.9793933098933192
activity_romberg_closed,0.15349369988545247,0.9695307739183425,0.9793933098933192
activity_romberg_closed,0.15463917525773196,0.9695307739183425,0.9793933098933192
activity_romberg_closed,0.15463917525773196,0.9701401584399756,0.9793933098933192
activity_romberg_closed,0.15693012600229095,0.9701401584399756,0.9793933098933192
activity_romberg_closed,0.15693012600229095,0.9707495429616088,0.9793933098933192
activity_romberg_closed,0.1575028636884307,0.9707495429616088,0.9793933098933192
activity_romberg_closed,0.1575028636884307,0.9725776965265083,0.9793933098933192
activity_romberg_closed,0.16036655211912945,0.9725776965265083,0.9793933098933192
activity_romberg_closed,0.16036655211912945,0.9731870810481413,0.9793933098933192
activity_romberg_closed,0.16265750286368844,0.9731870810481413,0.9793933098933192
activity_romberg_closed,0.16265750286368844,0.9737964655697745,0.9793933098933192
activity_romberg_closed,0.16953035509736541,0.9737964655697745,0.9793933098933192
activity_romberg_closed,0.16953035509736541,0.9744058500914077,0.9793933098933192
activity_romberg_closed,0.17010309278350516,0.9744058500914077,0.9793933098933192
activity_romberg_closed,0.17010309278350516,0.9750152346130408,0.9793933098933192
activity_romberg_closed,0.18327605956471935,0.9750152346130408,0.9793933098933192
activity_romberg_closed,0.18327605956471935,0.975624619134674,0.9793933098933192
activity_romberg_closed,0.18442153493699887,0.975624619134674,0.9793933098933192
activity_romberg_closed,0.18442153493699887,0.9774527726995734,0.9793933098933192
activity_romberg_closed,0.1849942726231386,0.9774527726995734,0.9793933098933192
activity_romberg_closed,0.1849942726231386,0.9780621572212066,0.9793933098933192
activity_romberg_closed,0.1861397479954181,0.9780621572212066,0.9793933098933192
activity_romberg_closed,0.1861397479954181,0.9786715417428398,0.9793933098933192
activity_romberg_closed,0.2004581901489118,0.9786715417428398,0.9793933098933192
activity_romberg_closed,0.2004581901489118,0.9792809262644728,0.9793933098933192
activity_romberg_closed,0.213631156930126,0.9792809262644728,0.9793933098933192
activity_romberg_closed,0.213631156930126,0.979890310786106,0.9793933098933192
activity_romberg_closed,0.22852233676975944,0.979890310786106,0.9793933098933192
activity_romberg_closed,0.22852233676975944,0.9804996953077392,0.9793933098933192
activity_romberg_closed,0.23654066437571591,0.9804996953077392,0.9793933098933192
activity_romberg_closed,0.23654066437571591,0.9811090798293723,0.9793933098933192
activity_romberg_closed,0.23940435280641467,0.9811090798293723,0.9793933098933192
activity_romberg_closed,0.23940435280641467,0.9817184643510055,0.9793933098933192
activity_romberg_closed,0.24971363115693013,0.9817184643510055,0.9793933098933192
activity_romberg_closed,0.24971363115693013,0.9823278488726387,0.9793933098933192
activity_romberg_closed,0.26059564719358536,0.9823278488726387,0.9793933098933192
activity_romberg_closed,0.26059564719358536,0.9829372333942717,0.9793933098933192
activity_romberg_closed,0.2611683848797251,0.9829372333942717,0.9793933098933192
activity_romberg_closed,0.2611683848797251,0.9835466179159049,0.9793933098933192
activity_romberg_closed,0.27147766323024053,0.9835466179159049,0.9793933098933192
activity_romberg_closed,0.27147766323024053,0.9841560024375381,0.9793933098933192
activity_romberg_closed,0.2789232531500573,0.9841560024375381,0.9793933098933192
activity_romberg_closed,0.2789232531500573,0.9847653869591713,0.9793933098933192
activity_romberg_closed,0.284077892325315,0.9847653869591713,0.9793933098933192
activity_romberg_closed,0.284077892325315,0.9853747714808044,0.9793933098933192
activity_romberg_closed,0.290950744558992,0.9853747714808044,0.9793933098933192
activity_romberg_closed,0.290950744558992,0.9865935405240707,0.9793933098933192
activity_romberg_closed,0.29152348224513175,0.9865935405240707,0.9793933098933192
activity_romberg_closed,0.29152348224513175,0.9872029250457038,0.9793933098933192
activity_romberg_closed,0.29667812142038946,0.9872029250457038,0.9793933098933192
activity_romberg_closed,0.29667812142038946,0.987812309567337,0.9793933098933192
activity_romberg_closed,0.29896907216494845,0.987812309567337,0.9793933098933192
activity_romberg_closed,0.29896907216494845,0.9884216940889702,0.9793933098933192
activity_romberg_closed,0.3006872852233677,0.9884216940889702,0.9793933098933192
activity_romberg_closed,0.3006872852233677,0.9890310786106032,0.9793933098933192
activity_romberg_closed,0.3127147766323024,0.9890310786106032,0.9793933098933192
activity_romberg_closed,0.3127147766323024,0.9896404631322364,0.9793933098933192
activity_romberg_closed,0.3150057273768614,0.9896404631322364,0.9793933098933192
activity_romberg_closed,0.3150057273768614,0.9908592321755028,0.9793933098933192
activity_romberg_closed,0.3333333333333333,0.9908592321755028,0.9793933098933192
activity_romberg_closed,0.3333333333333333,0.9914686166971359,0.9793933098933192
activity_romberg_closed,0.347651775486827,0.9914686166971359,0.9793933098933192
activity_romberg_closed,0.347651775486827,0.992078001218769,0.9793933098933192
activity_romberg_closed,0.3556701030927835,0.992078001218769,0.9793933098933192
activity_romberg_closed,0.3556701030927835,0.9926873857404022,0.9793933098933192
activity_romberg_closed,0.3774341351660939,0.9926873857404022,0.9793933098933192
activity_romberg_closed,0.3774341351660939,0.9932967702620353,0.9793933098933192
activity_romberg_closed,0.4066437571592211,0.9932967702620353,0.9793933098933192
activity_romberg_closed,0.4066437571592211,0.9939061547836685,0.9793933098933192
activity_romberg_closed,0.4473081328751432,0.9939061547836685,0.9793933098933192
activity_romberg_closed,0.4473081328751432,0.9945155393053017,0.9793933098933192
activity_romberg_closed,0.46219931271477666,0.9945155393053017,0.9793933098933192
activity_romberg_closed,0.46219931271477666,0.9951249238269348,0.9793933098933192
activity_romberg_closed,0.49312714776632305,0.9951249238269348,0.9793933098933192
activity_romberg_closed,0.49312714776632305,0.9957343083485679,0.9793933098933192
activity_romberg_closed,0.5040091638029782,0.9957343083485679,0.9793933098933192
activity_romberg_closed,0.5040091638029782,0.9963436928702011,0.9793933098933192
activity_romberg_closed,0.5423825887743413,0.9963436928702011,0.9793933098933192
activity_romberg_closed,0.5423825887743413,0.9969530773918343,0.9793933098933192
activity_romberg_closed,0.563573883161512,0.9969530773918343,0.9793933098933192
activity_romberg_closed,0.563573883161512,0.9975624619134674,0.9793933098933192
activity_romberg_closed,0.5996563573883161,0.9975624619134674,0.9793933098933192
activity_romberg_closed,0.5996563573883161,0.9981718464351006,0.9793933098933192
activity_romberg_closed,0.6632302405498282,0.9981718464351006,0.9793933098933192
activity_romberg_closed,0.6632302405498282,0.9987812309567337,0.9793933098933192
activity_romberg_closed,0.7537227949599083,0.9987812309567337,0.9793933098933192
activity_romberg_closed,0.7537227949599083,0.9993906154783668,0.9793933098933192
activity_romberg_closed,0.7806414662084765,0.9993906154783668,0.9793933098933192
activity_romberg_closed,0.7806414662084765,1.0,0.9793933098933192
activity_romberg_closed,1.0,1.0,0.9793933098933192
ensemble,0.0,0.0,0.9974845560792369
ensemble,0.0,0.0006075334143377885,0.9974845560792369
ensemble,0.0,0.6057108140947752,0.9974845560792369
ensemble,0.0005685048322910744,0.6057108140947752,0.9974845560792369
ensemble,0.0005685048322910744,0.6391251518833536,0.9974845560792369
ensemble,0.0011370096645821489,0.6391251518833536,0.9974845560792369
ensemble,0.0011370096645821489,0.8365735115431349,0.9974845560792369
ensemble,0.0017055144968732233,0.8365735115431349,0.9974845560792369
ensemble,0.0017055144968732233,0.8426488456865128,0.9974845560792369
ensemble,0.0022740193291642978,0.8426488456865128,0.9974845560792369
ensemble,0.0022740193291642978,0.8675577156743621,0.9974845560792369
ensemble,0.0028425241614553724,0.8675577156743621,0.9974845560792369
ensemble,0.0028425241614553724,0.8924665856622114,0.9974845560792369
ensemble,0.0034110289937464467,0.8924665856622114,0.9974845560792369
ensemble,0.0034110289937464467,0.9034021871202916,0.9974845560792369
ensemble,0.003979533826037522,0.9034021871202916,0.9974845560792369
ensemble,0.003979533826037522,0.9046172539489672,0.9974845560792369
ensemble,0.0045480386583285955,0.9046172539489672,0.9974845560792369
ensemble,0.0045480386583285955,0.9155528554070473,0.9974845560792369
ensemble,0.00511654349061967,0.9155528554070473,0.9974845560792369
ensemble,0.00511654349061967,0.9307411907654921,0.9974845560792369
ensemble,0.005685048322910745,0.9307411907654921,0.9974845560792369
ensemble,0.005685048322910745,0.9422843256379101,0.9974845560792369
ensemble,0.0062535531552018195,0.9422843256379101,0.9974845560792369
ensemble,0.0062535531552018195,0.9441069258809235,0.9974845560792369
ensemble,0.007390562819783968,0.9441069258809235,0.9974845560792369
ensemble,0.007390562819783968,0.9477521263669502,0.9974845560792369
ensemble,0.008527572484366117,0.9477521263669502,0.9974845560792369
ensemble,0.008527572484366117,0.9495747266099636,0.9974845560792369
ensemble,0.009096077316657191,0.9495747266099636,0.9974845560792369
ensemble,0.009096077316657191,0.951397326852977,0.9974845560792369
ensemble,0.009664582148948267,0.951397326852977,0.9974845560792369
ensemble,0.009664582148948267,0.9532199270959902,0.9974845560792369
ensemble,0.010801591813530414,0.9532199270959902,0.9974845560792369
ensemble,0.010801591813530414,0.9550425273390036,0.9974845560792369
ensemble,0.01137009664582149,0.9550425273390036,0.9974845560792369
ensemble,0.01137009664582149,0.9580801944106926,0.9974845560792369
ensemble,0.011938601478112564,0.9580801944106926,0.9974845560792369
ensemble,0.011938601478112564,0.9592952612393681,0.9974845560792369
ensemble,0.012507106310403639,0.9592952612393681,0.9974845560792369
ensemble,0.012507106310403639,0.9647630619684082,0.9974845560792369
ensemble,0.013075611142694713,0.9647630619684082,0.9974845560792369
ensemble,0.013075611142694713,0.9659781287970839,0.9974845560792369
ensemble,0.014212620807276862,0.9659781287970839,0.9974845560792369
ensemble,0.014212620807276862,0.9665856622114216,0.9974845560792369
ensemble,0.015349630471859011,0.9665856622114216,0.9974845560792369
ensemble,0.015349630471859011,0.9690157958687727,0.9974845560792369
ensemble,0.015918135304150087,0.9690157958687727,0.9974845560792369
ensemble,0.015918135304150087,0.9720534629404617,0.9974845560792369
ensemble,0.01648664013644116,0.9720534629404617,0.9974845560792369
ensemble,0.01648664013644116,0.9726609963547995,0.9974845560792369
ensemble,0.017055144968732235,0.9726609963547995,0.9974845560792369
ensemble,0.017055144968732235,0.9732685297691372,0.9974845560792369
ensemble,0.018192154633314382,0.9732685297691372,0.9974845560792369
ensemble,0.018192154633314382,0.9738760631834751,0.9974845560792369
ensemble,0.019897669130187607,0.9738760631834751,0.9974845560792369
ensemble,0.019897669130187607,0.9756986634264885,0.9974845560792369
ensemble,0.02046617396247868,0.9756986634264885,0.9974845560792369
ensemble,0.02046617396247868,0.976913730255164,0.9974845560792369
ensemble,0.021034678794769755,0.976913730255164,0.9974845560792369
ensemble,0.021034678794769755,0.9781287970838396,0.9974845560792369
ensemble,0.02160318362706083,0.9781287970838396,0.9974845560792369
ensemble,0.02160318362706083,0.9805589307411907,0.9974845560792369
ensemble,0.02274019329164298,0.9805589307411907,0.9974845560792369
ensemble,0.02274019329164298,0.9817739975698664,0.9974845560792369
ensemble,0.026151222285389426,0.9817739975698664,0.9974845560792369
ensemble,0.026151222285389426,0.9823815309842041,0.9974845560792369
ensemble,0.02785673678226265,0.9823815309842041,0.9974845560792369
ensemble,0.02785673678226265,0.9835965978128797,0.9974845560792369
ensemble,0.029562251279135872,0.9835965978128797,0.9974845560792369
ensemble,0.029562251279135872,0.9848116646415553,0.9974845560792369
ensemble,0.030699260943718023,0.9848116646415553,0.9974845560792369
ensemble,0.030699260943718023,0.9860267314702309,0.9974845560792369
ensemble,0.03126776577600909,0.9860267314702309,0.9974845560792369
ensemble,0.03126776577600909,0.9866342648845686,0.9974845560792369
ensemble,0.03240477544059125,0.9866342648845686,0.9974845560792369
ensemble,0.03240477544059125,0.9872417982989065,0.9974845560792369
ensemble,0.03524729960204662,0.9872417982989065,0.9974845560792369
ensemble,0.03524729960204662,0.9878493317132442,0.9974845560792369
ensemble,0.039795338260375214,0.9878493317132442,0.9974845560792369
ensemble,0.039795338260375214,0.988456865127582,0.9974845560792369
ensemble,0.04036384309266629,0.988456865127582,0.9974845560792369
ensemble,0.04036384309266629,0.9890643985419199,0.9974845560792369
ensemble,0.04263786242183058,0.9890643985419199,0.9974845560792369
ensemble,0.04263786242183058,0.9896719319562576,0.9974845560792369
ensemble,0.047754405912450254,0.9896719319562576,0.9974845560792369
ensemble,0.047754405912450254,0.9908869987849331,0.9974845560792369
ensemble,0.0488914155770324,0.9908869987849331,0.9974845560792369
ensemble,0.0488914155770324,0.991494532199271,0.9974845560792369
ensemble,0.0557134735645253,0.991494532199271,0.9974845560792369
ensemble,0.0557134735645253,0.9921020656136087,0.9974845560792369
ensemble,0.05741898806139852,0.9921020656136087,0.9974845560792369
ensemble,0.05741898806139852,0.9927095990279465,0.9974845560792369
ensemble,0.06822057987492894,0.9927095990279465,0.9974845560792369
ensemble,0.06822057987492894,0.9933171324422844,0.9974845560792369
ensemble,0.06935758953951109,0.9933171324422844,0.9974845560792369
ensemble,0.06935758953951109,0.9939246658566221,0.9974845560792369
ensemble,0.0756111426947129,0.9939246658566221,0.9974845560792369
ensemble,0.0756111426947129,0.9945321992709599,0.9974845560792369
ensemble,0.08982376350198977,0.9945321992709599,0.9974845560792369
ensemble,0.08982376350198977,0.9951397326852977,0.9974845560792369
ensemble,0.09266628766344515,0.9951397326852977,0.9974845560792369
ensemble,0.09266628766344515,0.9957472660996355,0.9974845560792369
ensemble,0.10346787947697555,0.9957472660996355,0.9974845560792369
ensemble,0.10346787947697555,0.9963547995139733,0.9974845560792369
ensemble,0.106878908470722,0.9963547995139733,0.9974845560792369
ensemble,0.106878908470722,0.996962332928311,0.9974845560792369
ensemble,0.1267765776009096,0.996962332928311,0.9974845560792369
ensemble,0.1267765776009096,0.9975698663426489,0.9974845560792369
ensemble,0.14781125639567935,0.9975698663426489,0.9974845560792369
ensemble,0.14781125639567935,0.9981773997569866,0.9974845560792369
ensemble,0.17055144968732233,0.9981773997569866,0.9974845560792369
ensemble,0.17055144968732233,0.9987849331713244,0.9974845560792369
ensemble,0.20523024445707788,0.9987849331713244,0.9974845560792369
ensemble,0.20523024445707788,0.9993924665856622,0.9974845560792369
ensemble,0.30926662876634453,0.9993924665856622,0.9974845560792369
ensemble,0.30926662876634453,1.0,0.9974845560792369
ensemble,1.0,1.0,0.9974845560792369
gait,0.0,0.0,0.9632140691095297
gait,0.0,0.000708215297450425,0.9632140691095297
gait,0.0,0.07861189801699717,0.9632140691095297
gait,0.0006775067750677507,0.07861189801699717,0.9632140691095297
gait,0.0006775067750677507,0.08144475920679886,0.9632140691095297
gait,0.0013550135501355014,0.08144475920679886,0.9632140691095297
gait,0.0013550135501355014,0.43626062322946174,0.9632140691095297
gait,0.0020325203252032522,0.43626062322946174,0.9632140691095297
gait,0.0020325203252032522,0.4376770538243626,0.9632140691095297
gait,0.0027100271002710027,0.4376770538243626,0.9632140691095297
gait,0.0027100271002710027,0.48937677053824363,0.9632140691095297
gait,0.0040650406504065045,0.48937677053824363,0.9632140691095297
gait,0.0040650406504065045,0.49291784702549574,0.9632140691095297
gait,0.0047425474254742545,0.49291784702549574,0.9632140691095297
gait,0.0047425474254742545,0.5162889518413598,0.9632140691095297
gait,0.005420054200542005,0.5162889518413598,0.9632140691095297
gait,0.005420054200542005,0.5524079320113314,0.9632140691095297
gait,0.006097560975609756,0.5524079320113314,0.9632140691095297
gait,0.006097560975609756,0.5545325779036827,0.9632140691095297
gait,0.007452574525745257,0.5545325779036827,0.9632140691095297
gait,0.007452574525745257,0.5573654390934845,0.9632140691095297
gait,0.008130081300813009,0.5573654390934845,0.9632140691095297
gait,0.008130081300813009,0.5786118980169972,0.9632140691095297
gait,0.008807588075880758,0.5786118980169972,0.9632140691095297
gait,0.008807588075880758,0.5998583569405099,0.9632140691095297
gait,0.009485094850948509,0.5998583569405099,0.9632140691095297
gait,0.009485094850948509,0.6048158640226629,0.9632140691095297
gait,0.01016260162601626,0.6048158640226629,0.9632140691095297
gait,0.01016260162601626,0.6069405099150141,0.9632140691095297
gait,0.01084010840108401,0.6069405099150141,0.9632140691095297
gait,0.01084010840108401,0.6628895184135978,0.9632140691095297
gait,0.011517615176151762,0.6628895184135978,0.9632140691095297
gait,0.011517615176151762,0.6862606232294618,0.9632140691095297
gait,0.012195121951219513,0.6862606232294618,0.9632140691095297
gait,0.012195121951219513,0.6926345609065155,0.9632140691095297
gait,0.012872628726287264,0.6926345609065155,0.9632140691095297
gait,0.012872628726287264,0.693342776203966,0.9632140691095297
gait,0.013550135501355014,0.693342776203966,0.9632140691095297
gait,0.013550135501355014,0.6997167138810199,0.9632140691095297
gait,0.014227642276422764,0.6997167138810199,0.9632140691095297
gait,0.014227642276422764,0.703257790368272,0.9632140691095297
gait,0.014905149051490514,0.703257790368272,0.9632140691095297
gait,0.014905149051490514,0.7075070821529745,0.9632140691095297
gait,0.015582655826558265,0.7075070821529745,0.9632140691095297
gait,0.015582655826558265,0.7195467422096318,0.9632140691095297
gait,0.016937669376693765,0.7195467422096318,0.9632140691095297
gait,0.016937669376693765,0.7216713881019831,0.9632140691095297
gait,0.017615176151761516,0.7216713881019831,0.9632140691095297
gait,0.017615176151761516,0.7294617563739377,0.9632140691095297
gait,0.018292682926829267,0.7294617563739377,0.9632140691095297
gait,0.018292682926829267,0.7365439093484419,0.9632140691095297
gait,0.01964769647696477,0.7365439093484419,0.9632140691095297
gait,0.01964769647696477,0.740084985835694,0.9632140691095297
gait,0.02100271002710027,0.740084985835694,0.9632140691095297
gait,0.02100271002710027,0.7407932011331445,0.9632140691095297
gait,0.02168021680216802,0.7407932011331445,0.9632140691095297
gait,0.02168021680216802,0.7422096317280453,0.9632140691095297
gait,0.022357723577235773,0.7422096317280453,0.9632140691095297
gait,0.022357723577235773,0.7485835694050992,0.9632140691095297
gait,0.023035230352303523,0.7485835694050992,0.9632140691095297
gait,0.023035230352303523,0.75,0.9632140691095297
gait,0.023712737127371274,0.75,0.9632140691095297
gait,0.023712737127371274,0.7514164305949008,0.9632140691095297
gait,0.024390243902439025,0.7514164305949008,0.9632140691095297
gait,0.024390243902439025,0.7521246458923513,0.9632140691095297
gait,0.026422764227642278,0.7521246458923513,0.9632140691095297
gait,0.026422764227642278,0.7535410764872521,0.9632140691095297
gait,0.02710027100271003,0.7535410764872521,0.9632140691095297
gait,0.02710027100271003,0.7563739376770539,0.9632140691095297
gait,0.027777777777777776,0.7563739376770539,0.9632140691095297
gait,0.027777777777777776,0.7584985835694051,0.9632140691095297
gait,0.028455284552845527,0.7584985835694051,0.9632140691095297
gait,0.028455284552845527,0.759915014164306,0.9632140691095297
gait,0.029132791327913278,0.759915014164306,0.9632140691095297
gait,0.029132791327913278,0.7613314447592068,0.9632140691095297
gait,0.02981029810298103,0.7613314447592068,0.9632140691095297
gait,0.02981029810298103,0.7634560906515581,0.9632140691095297
gait,0.03048780487804878,0.7634560906515581,0.9632140691095297
gait,0.03048780487804878,0.7662889518413598,0.9632140691095297
gait,0.03116531165311653,0.7662889518413598,0.9632140691095297
gait,0.03116531165311653,0.7698300283286119,0.9632140691095297
gait,0.03184281842818428,0.7698300283286119,0.9632140691095297
gait,0.03184281842818428,0.7712464589235127,0.9632140691095297
gait,0.032520325203252036,0.7712464589235127,0.9632140691095297
gait,0.032520325203252036,0.7726628895184136,0.9632140691095297
gait,0.03319783197831978,0.7726628895184136,0.9632140691095297
gait,0.03319783197831978,0.7754957507082153,0.9632140691095297
gait,0.03387533875338753,0.7754957507082153,0.9632140691095297
gait,0.03387533875338753,0.7769121813031161,0.9632140691095297
gait,0.034552845528455285,0.7769121813031161,0.9632140691095297
gait,0.034552845528455285,0.7818696883852692,0.9632140691095297
gait,0.03523035230352303,0.7818696883852692,0.9632140691095297
gait,0.03523035230352303,0.7868271954674221,0.9632140691095297
gait,0.03590785907859079,0.7868271954674221,0.9632140691095297
gait,0.03590785907859079,0.7903682719546742,0.9632140691095297
gait,0.036585365853658534,0.7903682719546742,0.9632140691095297
gait,0.036585365853658534,0.7939093484419264,0.9632140691095297
gait,0.03726287262872629,0.7939093484419264,0.9632140691095297
gait,0.03726287262872629,0.7974504249291785,0.9632140691095297
gait,0.03861788617886179,0.7974504249291785,0.9632140691095297
gait,0.03861788617886179,0.8016997167138811,0.9632140691095297
gait,0.04065040650406504,0.8016997167138811,0.9632140691095297
gait,0.04065040650406504,0.8038243626062322,0.9632140691095297
gait,0.041327913279132794,0.8038243626062322,0.9632140691095297
gait,0.041327913279132794,0.8052407932011332,0.9632140691095297
gait,0.04200542005420054,0.8052407932011332,0.9632140691095297
gait,0.04200542005420054,0.8059490084985835,0.9632140691095297
gait,0.04336043360433604,0.8059490084985835,0.9632140691095297
gait,0.04336043360433604,0.8087818696883853,0.9632140691095297
gait,0.04403794037940379,0.8087818696883853,0.9632140691095297
gait,0.04403794037940379,0.8116147308781869,0.9632140691095297
gait,0.044715447154471545,0.8116147308781869,0.9632140691095297
gait,0.044715447154471545,0.8123229461756374,0.9632140691095297
gait,0.04539295392953929,0.8123229461756374,0.9632140691095297
gait,0.04539295392953929,0.8158640226628895,0.9632140691095297
gait,0.04607046070460705,0.8158640226628895,0.9632140691095297
gait,0.04607046070460705,0.8201133144475921,0.9632140691095297
gait,0.04742547425474255,0.8201133144475921,0.9632140691095297
gait,0.04742547425474255,0.8257790368271954,0.9632140691095297
gait,0.048102981029810296,0.8257790368271954,0.9632140691095297
gait,0.048102981029810296,0.8271954674220963,0.9632140691095297
gait,0.0494579945799458,0.8271954674220963,0.9632140691095297
gait,0.0494579945799458,0.8286118980169972,0.9632140691095297
gait,0.05013550135501355,0.8286118980169972,0.9632140691095297
gait,0.05013550135501355,0.8293201133144475,0.9632140691095297
gait,0.051490514905149054,0.8293201133144475,0.9632140691095297
gait,0.051490514905149054,0.830028328611898,0.9632140691095297
gait,0.0521680216802168,0.830028328611898,0.9632140691095297
gait,0.0521680216802168,0.8321529745042493,0.9632140691095297
gait,0.052845528455284556,0.8321529745042493,0.9632140691095297
gait,0.052845528455284556,0.8335694050991501,0.9632140691095297
gait,0.0535230352303523,0.8335694050991501,0.9632140691095297
gait,0.0535230352303523,0.8349858356940509,0.9632140691095297
gait,0.054878048780487805,0.8349858356940509,0.9632140691095297
gait,0.054878048780487805,0.8392351274787535,0.9632140691095297
gait,0.05555555555555555,0.8392351274787535,0.9632140691095297
gait,0.05555555555555555,0.8413597733711048,0.9632140691095297
gait,0.05623306233062331,0.8413597733711048,0.9632140691095297
gait,0.05623306233062331,0.8441926345609065,0.9632140691095297
gait,0.05758807588075881,0.8441926345609065,0.9632140691095297
gait,0.05758807588075881,0.8449008498583569,0.9632140691095297
gait,0.05894308943089431,0.8449008498583569,0.9632140691095297
gait,0.05894308943089431,0.8484419263456091,0.9632140691095297
gait,0.06029810298102981,0.8484419263456091,0.9632140691095297
gait,0.06029810298102981,0.8519830028328612,0.9632140691095297
gait,0.061653116531165314,0.8519830028328612,0.9632140691095297
gait,0.061653116531165314,0.853399433427762,0.9632140691095297
gait,0.06707317073170732,0.853399433427762,0.9632140691095297
gait,0.06707317073170732,0.8583569405099151,0.9632140691095297
gait,0.06775067750677506,0.8583569405099151,0.9632140691095297
gait,0.06775067750677506,0.8590651558073654,0.9632140691095297
gait,0.07181571815718157,0.8590651558073654,0.9632140691095297
gait,0.07181571815718157,0.8626062322946175,0.9632140691095297
gait,0.07249322493224933,0.8626062322946175,0.9632140691095297
gait,0.07249322493224933,0.8661473087818697,0.9632140691095297
gait,0.07317073170731707,0.8661473087818697,0.9632140691095297
gait,0.07317073170731707,0.8668555240793201,0.9632140691095297
gait,0.07384823848238482,0.8668555240793201,0.9632140691095297
gait,0.07384823848238482,0.8682719546742209,0.9632140691095297
gait,0.07452574525745258,0.8682719546742209,0.9632140691095297
gait,0.07452574525745258,0.8696883852691218,0.9632140691095297
gait,0.07520325203252033,0.8696883852691218,0.9632140691095297
gait,0.07520325203252033,0.8711048158640227,0.9632140691095297
gait,0.07723577235772358,0.8711048158640227,0.9632140691095297
gait,0.07723577235772358,0.8725212464589235,0.9632140691095297
gait,0.07791327913279132,0.8725212464589235,0.9632140691095297
gait,0.07791327913279132,0.873229461756374,0.9632140691095297
gait,0.07926829268292683,0.873229461756374,0.9632140691095297
gait,0.07926829268292683,0.8739376770538244,0.9632140691095297
gait,0.08130081300813008,0.8739376770538244,0.9632140691095297
gait,0.08130081300813008,0.8746458923512748,0.9632140691095297
gait,0.08197831978319783,0.8746458923512748,0.9632140691095297
gait,0.08197831978319783,0.8753541076487252,0.9632140691095297
gait,0.08265582655826559,0.8753541076487252,0.9632140691095297
gait,0.08265582655826559,0.8760623229461756,0.9632140691095297
gait,0.08401084010840108,0.8760623229461756,0.9632140691095297
gait,0.08401084010840108,0.8774787535410765,0.9632140691095297
gait,0.08536585365853659,0.8774787535410765,0.9632140691095297
gait,0.08536585365853659,0.8803116147308782,0.9632140691095297
gait,0.08604336043360433,0.8803116147308782,0.9632140691095297
gait,0.08604336043360433,0.8810198300283286,0.9632140691095297
gait,0.08672086720867209,0.8810198300283286,0.9632140691095297
gait,0.08672086720867209,0.8824362606232294,0.9632140691095297
gait,0.08807588075880758,0.8824362606232294,0.9632140691095297
gait,0.08807588075880758,0.8838526912181303,0.9632140691095297
gait,0.08875338753387534,0.8838526912181303,0.9632140691095297
gait,0.08875338753387534,0.8845609065155807,0.9632140691095297
gait,0.08943089430894309,0.8845609065155807,0.9632140691095297
gait,0.08943089430894309,0.8859773371104815,0.9632140691095297
gait,0.09349593495934959,0.8859773371104815,0.9632140691095297
gait,0.09349593495934959,0.8873937677053825,0.9632140691095297
gait,0.09417344173441734,0.8873937677053825,0.9632140691095297
gait,0.09417344173441734,0.8930594900849859,0.9632140691095297
gait,0.0948509485094851,0.8930594900849859,0.9632140691095297
gait,0.0948509485094851,0.8937677053824362,0.9632140691095297
gait,0.09552845528455285,0.8937677053824362,0.9632140691095297
gait,0.09552845528455285,0.8951841359773371,0.9632140691095297
gait,0.09620596205962059,0.8951841359773371,0.9632140691095297
gait,0.09620596205962059,0.8958923512747875,0.9632140691095297
gait,0.09688346883468835,0.8958923512747875,0.9632140691095297
gait,0.09688346883468835,0.8973087818696884,0.9632140691095297
gait,0.09823848238482384,0.8973087818696884,0.9632140691095297
gait,0.09823848238482384,0.8994334277620396,0.9632140691095297
gait,0.10230352303523035,0.8994334277620396,0.9632140691095297
gait,0.10230352303523035,0.9001416430594901,0.9632140691095297
gait,0.10298102981029811,0.9001416430594901,0.9632140691095297
gait,0.10298102981029811,0.9008498583569405,0.9632140691095297
gait,0.10569105691056911,0.9008498583569405,0.9632140691095297
gait,0.10569105691056911,0.9022662889518414,0.9632140691095297
gait,0.10636856368563685,0.9022662889518414,0.9632140691095297
gait,0.10636856368563685,0.9050991501416431,0.9632140691095297
gait,0.10772357723577236,0.9050991501416431,0.9632140691095297
gait,0.10772357723577236,0.9058073654390935,0.9632140691095297
gait,0.11043360433604336,0.9058073654390935,0.9632140691095297
gait,0.11043360433604336,0.9065155807365439,0.9632140691095297
gait,0.1111111111111111,0.9065155807365439,0.9632140691095297
gait,0.1111111111111111,0.9079320113314447,0.9632140691095297
gait,0.11314363143631437,0.9079320113314447,0.9632140691095297
gait,0.11314363143631437,0.9135977337110481,0.9632140691095297
gait,0.11517615176151762,0.9135977337110481,0.9632140691095297
gait,0.11517615176151762,0.9143059490084986,0.9632140691095297
gait,0.11788617886178862,0.9143059490084986,0.9632140691095297
gait,0.11788617886178862,0.9157223796033994,0.9632140691095297
gait,0.11924119241192412,0.9157223796033994,0.9632140691095297
gait,0.11924119241192412,0.9164305949008499,0.9632140691095297
gait,0.11991869918699187,0.9164305949008499,0.9632140691095297
gait,0.11991869918699187,0.9185552407932012,0.9632140691095297
gait,0.12262872628726287,0.9185552407932012,0.9632140691095297
gait,0.12262872628726287,0.9192634560906515,0.9632140691095297
gait,0.12398373983739837,0.9192634560906515,0.9632140691095297
gait,0.12398373983739837,0.9213881019830028,0.9632140691095297
gait,0.12669376693766937,0.9213881019830028,0.9632140691095297
gait,0.12669376693766937,0.9228045325779037,0.9632140691095297
gait,0.13008130081300814,0.9228045325779037,0.9632140691095297
gait,0.13008130081300814,0.9249291784702549,0.9632140691095297
gait,0.13143631436314362,0.9249291784702549,0.9632140691095297
gait,0.13143631436314362,0.9256373937677054,0.9632140691095297
gait,0.13279132791327913,0.9256373937677054,0.9632140691095297
gait,0.13279132791327913,0.9291784702549575,0.9632140691095297
gait,0.1334688346883469,0.9291784702549575,0.9632140691095297
gait,0.1334688346883469,0.9298866855524079,0.9632140691095297
gait,0.13617886178861788,0.9298866855524079,0.9632140691095297
gait,0.13617886178861788,0.9305949008498584,0.9632140691095297
gait,0.13821138211382114,0.9305949008498584,0.9632140691095297
gait,0.13821138211382114,0.9320113314447592,0.9632140691095297
gait,0.13956639566395665,0.9320113314447592,0.9632140691095297
gait,0.13956639566395665,0.9327195467422096,0.9632140691095297
gait,0.14227642276422764,0.9327195467422096,0.9632140691095297
gait,0.14227642276422764,0.93342776203966,0.9632140691095297
gait,0.14363143631436315,0.93342776203966,0.9632140691095297
gait,0.14363143631436315,0.9341359773371105,0.9632140691095297
gait,0.1443089430894309,0.9341359773371105,0.9632140691095297
gait,0.1443089430894309,0.9348441926345609,0.9632140691095297
gait,0.14498644986449866,0.9348441926345609,0.9632140691095297
gait,0.14498644986449866,0.9355524079320113,0.9632140691095297
gait,0.14634146341463414,0.9355524079320113,0.9632140691095297
gait,0.14634146341463414,0.9362606232294618,0.9632140691095297
gait,0.1470189701897019,0.9362606232294618,0.9632140691095297
gait,0.1470189701897019,0.9369688385269122,0.9632140691095297
gait,0.1510840108401084,0.9369688385269122,0.9632140691095297
gait,0.1510840108401084,0.9376770538243626,0.9632140691095297
gait,0.1524390243902439,0.9376770538243626,0.9632140691095297
gait,0.1524390243902439,0.9383852691218131,0.9632140691095297
gait,0.1537940379403794,0.9383852691218131,0.9632140691095297
gait,0.1537940379403794,0.9398016997167139,0.9632140691095297
gait,0.15582655826558264,0.9398016997167139,0.9632140691095297
gait,0.15582655826558264,0.9405099150141643,0.9632140691095297
gait,0.15989159891598917,0.9405099150141643,0.9632140691095297
gait,0.15989159891598917,0.9426345609065155,0.9632140691095297
gait,0.16463414634146342,0.9426345609065155,0.9632140691095297
gait,0.16463414634146342,0.943342776203966,0.9632140691095297
gait,0.1659891598915989,0.943342776203966,0.9632140691095297
gait,0.1659891598915989,0.9447592067988668,0.9632140691095297
gait,0.1673441734417344,0.9447592067988668,0.9632140691095297
gait,0.1673441734417344,0.9454674220963173,0.9632140691095297
gait,0.16869918699186992,0.9454674220963173,0.9632140691095297
gait,0.16869918699186992,0.9461756373937678,0.9632140691095297
gait,0.17073170731707318,0.9461756373937678,0.9632140691095297
gait,0.17073170731707318,0.9468838526912181,0.9632140691095297
gait,0.1714092140921409,0.9468838526912181,0.9632140691095297
gait,0.1714092140921409,0.9483002832861189,0.9632140691095297
gait,0.17479674796747968,0.9483002832861189,0.9632140691095297
gait,0.17479674796747968,0.9490084985835694,0.9632140691095297
gait,0.1802168021680217,0.9490084985835694,0.9632140691095297
gait,0.1802168021680217,0.9497167138810199,0.9632140691095297
gait,0.18157181571815717,0.9497167138810199,0.9632140691095297
gait,0.18157181571815717,0.9504249291784702,0.9632140691095297
gait,0.18224932249322492,0.9504249291784702,0.9632140691095297
gait,0.18224932249322492,0.9511331444759207,0.9632140691095297
gait,0.18631436314363142,0.9511331444759207,0.9632140691095297
gait,0.18631436314363142,0.9518413597733711,0.9632140691095297
gait,0.18699186991869918,0.9518413597733711,0.9632140691095297
gait,0.18699186991869918,0.9525495750708215,0.9632140691095297
gait,0.1897018970189702,0.9525495750708215,0.9632140691095297
gait,0.1897018970189702,0.9539660056657224,0.9632140691095297
gait,0.19037940379403795,0.9539660056657224,0.9632140691095297
gait,0.19037940379403795,0.9546742209631728,0.9632140691095297
gait,0.19173441734417343,0.9546742209631728,0.9632140691095297
gait,0.19173441734417343,0.9553824362606232,0.9632140691095297
gait,0.1951219512195122,0.9553824362606232,0.9632140691095297
gait,0.1951219512195122,0.9560906515580736,0.9632140691095297
gait,0.19715447154471544,0.9560906515580736,0.9632140691095297
gait,0.19715447154471544,0.9567988668555241,0.9632140691095297
gait,0.20528455284552846,0.9567988668555241,0.9632140691095297
gait,0.20528455284552846,0.9582152974504249,0.9632140691095297
gait,0.20663956639566394,0.9582152974504249,0.9632140691095297
gait,0.20663956639566394,0.9589235127478754,0.9632140691095297
gait,0.21002710027100271,0.9589235127478754,0.9632140691095297
gait,0.21002710027100271,0.9596317280453258,0.9632140691095297
gait,0.21205962059620595,0.9596317280453258,0.9632140691095297
gait,0.21205962059620595,0.9603399433427762,0.9632140691095297
gait,0.2181571815718157,0.9603399433427762,0.9632140691095297
gait,0.2181571815718157,0.9610481586402266,0.9632140691095297
gait,0.22493224932249323,0.9610481586402266,0.9632140691095297
gait,0.22493224932249323,0.9617563739376771,0.9632140691095297
gait,0.22967479674796748,0.9617563739376771,0.9632140691095297
gait,0.22967479674796748,0.9624645892351275,0.9632140691095297
gait,0.23780487804878048,0.9624645892351275,0.9632140691095297
gait,0.23780487804878048,0.9631728045325779,0.9632140691095297
gait,0.24796747967479674,0.9631728045325779,0.9632140691095297
gait,0.24796747967479674,0.9645892351274787,0.9632140691095297
gait,0.2567750677506775,0.9645892351274787,0.9632140691095297
gait,0.2567750677506775,0.9652974504249292,0.9632140691095297
gait,0.2703252032520325,0.9652974504249292,0.9632140691095297
gait,0.2703252032520325,0.9660056657223796,0.9632140691095297
gait,0.27100271002710025,0.9660056657223796,0.9632140691095297
gait,0.27100271002710025,0.96671388101983,0.9632140691095297
gait,0.2791327913279133,0.96671388101983,0.9632140691095297
gait,0.2791327913279133,0.9674220963172805,0.9632140691095297
gait,0.28319783197831977,0.9674220963172805,0.9632140691095297
gait,0.28319783197831977,0.9681303116147308,0.9632140691095297
gait,0.2845528455284553,0.9681303116147308,0.9632140691095297
gait,0.2845528455284553,0.9688385269121813,0.9632140691095297
gait,0.28523035230352306,0.9688385269121813,0.9632140691095297
gait,0.28523035230352306,0.9695467422096318,0.9632140691095297
gait,0.2953929539295393,0.9695467422096318,0.9632140691095297
gait,0.2953929539295393,0.9702549575070821,0.9632140691095297
gait,0.29742547425474253,0.9702549575070821,0.9632140691095297
gait,0.29742547425474253,0.9716713881019831,0.9632140691095297
gait,0.30420054200542007,0.9716713881019831,0.9632140691095297
gait,0.30420054200542007,0.9723796033994334,0.9632140691095297
gait,0.3062330623306233,0.9723796033994334,0.9632140691095297
gait,0.3062330623306233,0.9730878186968839,0.9632140691095297
gait,0.31639566395663954,0.9730878186968839,0.9632140691095297
gait,0.31639566395663954,0.9737960339943342,0.9632140691095297
gait,0.3170731707317073,0.9737960339943342,0.9632140691095297
gait,0.3170731707317073,0.9745042492917847,0.9632140691095297
gait,0.31910569105691056,0.9745042492917847,0.9632140691095297
gait,0.31910569105691056,0.9752124645892352,0.9632140691095297
gait,0.3231707317073171,0.9752124645892352,0.9632140691095297
gait,0.3231707317073171,0.9759206798866855,0.9632140691095297
gait,0.3252032520325203,0.9759206798866855,0.9632140691095297
gait,0.3252032520325203,0.976628895184136,0.9632140691095297
gait,0.33875338753387535,0.976628895184136,0.9632140691095297
gait,0.33875338753387535,0.9773371104815864,0.9632140691095297
gait,0.3407859078590786,0.9773371104815864,0.9632140691095297
gait,0.3407859078590786,0.9780453257790368,0.9632140691095297
gait,0.3462059620596206,0.9780453257790368,0.9632140691095297
gait,0.3462059620596206,0.9787535410764873,0.9632140691095297
gait,0.3516260162601626,0.9787535410764873,0.9632140691095297
gait,0.3516260162601626,0.9794617563739377,0.9632140691095297
gait,0.3523035230352303,0.9794617563739377,0.9632140691095297
gait,0.3523035230352303,0.9801699716713881,0.9632140691095297
gait,0.3529810298102981,0.9801699716713881,0.9632140691095297
gait,0.3529810298102981,0.9808781869688386,0.9632140691095297
gait,0.3597560975609756,0.9808781869688386,0.9632140691095297
gait,0.3597560975609756,0.9815864022662889,0.9632140691095297
gait,0.3638211382113821,0.9815864022662889,0.9632140691095297
gait,0.3638211382113821,0.9822946175637394,0.9632140691095297
gait,0.37669376693766937,0.9822946175637394,0.9632140691095297
gait,0.37669376693766937,0.9830028328611898,0.9632140691095297
gait,0.44308943089430897,0.9830028328611898,0.9632140691095297
gait,0.44308943089430897,0.9837110481586402,0.9632140691095297
gait,0.4444444444444444,0.9837110481586402,0.9632140691095297
gait,0.4444444444444444,0.9844192634560907,0.9632140691095297
gait,0.44850948509485095,0.9844192634560907,0.9632140691095297
gait,0.44850948509485095,0.9851274787535411,0.9632140691095297
gait,0.45867208672086723,0.9851274787535411,0.9632140691095297
gait,0.45867208672086723,0.9858356940509915,0.9632140691095297
gait,0.4613821138211382,0.9858356940509915,0.9632140691095297
gait,0.4613821138211382,0.9865439093484419,0.9632140691095297
gait,0.4695121951219512,0.9865439093484419,0.9632140691095297
gait,0.4695121951219512,0.9872521246458924,0.9632140691095297
gait,0.4796747967479675,0.9872521246458924,0.9632140691095297
gait,0.4796747967479675,0.9879603399433428,0.9632140691095297
gait,0.481029810298103,0.9879603399433428,0.9632140691095297
gait,0.481029810298103,0.9886685552407932,0.9632140691095297
gait,0.497289972899729,0.9886685552407932,0.9632140691095297
gait,0.497289972899729,0.9893767705382436,0.9632140691095297
gait,0.518970189701897,0.9893767705382436,0.9632140691095297
gait,0.518970189701897,0.990084985835694,0.9632140691095297
gait,0.5237127371273713,0.990084985835694,0.9632140691095297
gait,0.5237127371273713,0.9907932011331445,0.9632140691095297
gait,0.5392953929539296,0.9907932011331445,0.9632140691095297
gait,0.5392953929539296,0.9915014164305949,0.9632140691095297
gait,0.5420054200542005,0.9915014164305949,0.9632140691095297
gait,0.5420054200542005,0.9929178470254958,0.9632140691095297
gait,0.5501355013550135,0.9929178470254958,0.9632140691095297
gait,0.5501355013550135,0.9936260623229461,0.9632140691095297
gait,0.559620596205962,0.9936260623229461,0.9632140691095297
gait,0.559620596205962,0.9943342776203966,0.9632140691095297
gait,0.6436314363143631,0.9943342776203966,0.9632140691095297
gait,0.6436314363143631,0.9950424929178471,0.9632140691095297
gait,0.6565040650406504,0.9950424929178471,0.9632140691095297
gait,0.6565040650406504,0.9957507082152974,0.9632140691095297
gait,0.6890243902439024,0.9957507082152974,0.9632140691095297
gait,0.6890243902439024,0.9964589235127479,0.9632140691095297
gait,0.7188346883468835,0.9964589235127479,0.9632140691095297
gait,0.7188346883468835,0.9971671388101983,0.9632140691095297
gait,0.7486449864498645,0.9971671388101983,0.9632140691095297
gait,0.7486449864498645,0.9978753541076487,0.9632140691095297
gait,0.760840108401084,0.9978753541076487,0.9632140691095297
gait,0.760840108401084,0.9985835694050992,0.9632140691095297
gait,0.7818428184281843,0.9985835694050992,0.9632140691095297
gait,0.7818428184281843,0.9992917847025495,0.9632140691095297
gait,0.7994579945799458,0.9992917847025495,0.9632140691095297
gait,0.7994579945799458,1.0,0.9632140691095297
gait,1.0,1.0,0.9632140691095297
