umap_1,umap_2,activity
8.211972,12.943211,romberg_closed
8.665603,-3.6561337,self_selected_gait_speed
-0.068098895,5.186169,sit_to_stand
15.474834,5.410893,stationary_walk
8.917991,-3.808002,tm_3kmh
9.183784,15.063827,romberg_closed
7.6625166,-6.1201277,self_selected_gait_speed
-1.2449414,4.4619517,sit_to_stand
14.325908,4.112508,stationary_walk
7.6703396,-6.2518306,tm_3kmh
7.268768,13.8996935,romberg_closed
8.01602,-3.8452451,self_selected_gait_speed
-0.90481234,3.9743145,sit_to_stand
16.272413,4.293372,stationary_walk
8.033316,-4.07615,tm_3kmh
11.247223,14.454827,romberg_closed
8.58068,-6.582779,self_selected_gait_speed
-0.3109682,3.0162232,sit_to_stand
14.317743,5.579844,stationary_walk
8.547335,-6.500476,tm_3kmh
7.9614196,12.707662,romberg_closed
9.079866,-3.676056,self_selected_gait_speed
-3.0157564,4.6032033,sit_to_stand
17.114758,6.7233267,stationary_walk
9.663657,-3.820288,tm_3kmh
5.1208177,11.019186,romberg_closed
9.717395,-2.1899648,self_selected_gait_speed
-3.0698497,4.4198833,sit_to_stand
16.892004,7.0834594,stationary_walk
9.444292,-2.2110667,tm_3kmh
7.873228,13.403729,romberg_closed
5.647525,-5.084774,self_selected_gait_speed
-0.86233145,4.0446877,sit_to_stand
15.055384,5.1,stationary_walk
5.715292,-5.295157,tm_3kmh
8.002909,13.866965,romberg_closed
4.7594366,-2.9021823,self_selected_gait_speed
-2.5399375,4.5428886,sit_to_stand
14.300538,4.1929584,stationary_walk
4.6498256,-2.8074727,tm_3kmh
6.041889,11.847803,romberg_closed
8.049876,-3.404366,self_selected_gait_speed
-1.3260703,3.5935862,sit_to_stand
15.578518,4.7210298,stationary_walk
7.9450665,-3.6278691,tm_3kmh
5.9628434,13.491378,romberg_closed
6.7528253,-1.1722095,self_selected_gait_speed
-1.330476,4.8371215,sit_to_stand
17.456665,6.509688,stationary_walk
6.9460907,-1.2967664,tm_3kmh
8.199197,13.907924,romberg_closed
9.122368,-5.065431,self_selected_gait_speed
-2.8078294,5.042782,sit_to_stand
14.841997,5.482268,stationary_walk
8.41618,-5.638101,tm_3kmh
8.710805,12.853563,romberg_closed
7.208243,-5.710541,self_selected_gait_speed
-2.0515141,4.2629967,sit_to_stand
15.082311,5.6276126,stationary_walk
7.37045,-5.353262,tm_3kmh
6.9430575,12.293244,romberg_closed
6.5560513,-1.1652955,self_selected_gait_speed
-0.812521,5.6599007,sit_to_stand
15.164421,5.6364574,stationary_walk
6.5633492,-1.195159,tm_3kmh
9.764237,14.328124,romberg_closed
9.43643,-2.6814897,self_selected_gait_speed
-3.6792595,4.629485,sit_to_stand
16.359354,5.1080093,stationary_walk
8.252786,-2.6436307,tm_3kmh
7.3736925,14.973271,romberg_closed
8.247353,-4.57336,self_selected_gait_speed
-1.3628242,5.484186,sit_to_stand
16.82716,5.9412436,stationary_walk
8.170266,-4.677513,tm_3kmh
4.959167,11.202245,romberg_closed
8.568122,-4.9758534,self_selected_gait_speed
-0.5730623,5.027175,sit_to_stand
16.46861,5.030081,stationary_walk
8.692512,-5.1527624,tm_3kmh
6.2159486,14.238156,romberg_closed
6.4128256,-1.1664722,self_selected_gait_speed
-1.2413565,5.965688,sit_to_stand
17.147991,5.1541634,stationary_walk
6.4787717,-1.3315817,tm_3kmh
8.344108,13.966597,romberg_closed
6.296866,-4.163539,self_selected_gait_speed
-1.9745634,4.740314,sit_to_stand
17.290054,5.208012,stationary_walk
5.993294,-4.4682274,tm_3kmh
8.522264,14.448281,romberg_closed
9.144897,-5.7880855,self_selected_gait_speed
-2.3790302,5.5218315,sit_to_stand
16.06099,5.2789607,stationary_walk
8.791598,-6.494285,tm_3kmh
10.027431,13.768565,romberg_closed
-2.106945,4.3808813,sit_to_stand
15.140561,5.257622,stationary_walk
7.994965,14.781271,romberg_closed
7.6337724,-4.8259068,self_selected_gait_speed
-2.2117758,4.963015,sit_to_stand
15.86179,4.053778,stationary_walk
7.7414045,-4.8166647,tm_3kmh
7.110695,13.935169,romberg_closed
7.320289,-4.6795907,self_selected_gait_speed
-2.1322625,4.5908856,sit_to_stand
17.879469,5.657338,stationary_walk
7.2090592,-4.3606305,tm_3kmh
9.829699,15.108572,romberg_closed
7.488759,-4.55636,self_selected_gait_speed
-2.498889,6.007485,sit_to_stand
16.747883,4.474902,stationary_walk
7.6791143,-4.55194,tm_3kmh
5.078988,11.231367,romberg_closed
6.7768674,-3.2006264,self_selected_gait_speed
-3.1862621,3.9142091,sit_to_stand
17.483307,6.513291,stationary_walk
6.7493215,-3.2960737,tm_3kmh
10.511479,13.826539,romberg_closed
-0.5925779,2.834081,sit_to_stand
14.58842,4.1624093,stationary_walk
8.489649,14.962537,romberg_closed
6.763148,-4.462353,self_selected_gait_speed
-1.4360775,4.9959836,sit_to_stand
15.9991665,4.7884936,stationary_walk
7.138148,-4.554845,tm_3kmh
9.496758,13.602048,romberg_closed
9.766312,-3.6238127,self_selected_gait_speed
-1.5146555,5.63375,sit_to_stand
15.366139,4.970044,stationary_walk
9.343072,-4.2163143,tm_3kmh
7.136072,13.310968,romberg_closed
8.2104,-5.652692,self_selected_gait_speed
-1.0772474,4.6215568,sit_to_stand
15.27714,5.0976143,stationary_walk
7.985492,-5.4184985,tm_3kmh
9.745816,14.061752,romberg_closed
7.1661267,-5.1573787,self_selected_gait_speed
0.35307845,4.2420125,sit_to_stand
14.422312,5.2502975,stationary_walk
6.9475994,-5.1808953,tm_3kmh
10.784704,13.91738,romberg_closed
9.383306,-5.6105537,self_selected_gait_speed
-0.62248826,3.2654197,sit_to_stand
14.4606085,5.4138656,stationary_walk
8.868489,-5.0351353,tm_3kmh
10.832423,13.732399,romberg_closed
9.73442,-5.536084,self_selected_gait_speed
-0.9069173,3.0680416,sit_to_stand
14.283702,4.76481,stationary_walk
9.738072,-5.564659,tm_3kmh
6.370146,13.670711,romberg_closed
5.771491,-3.1376026,self_selected_gait_speed
-1.0897305,5.7970653,sit_to_stand
17.799675,5.6161036,stationary_walk
5.2492537,-3.1650555,tm_3kmh
9.566473,13.20054,romberg_closed
6.348259,-4.6125345,self_selected_gait_speed
-1.9675646,3.476925,sit_to_stand
13.871594,4.7759085,stationary_walk
7.147441,-5.4053435,tm_3kmh
8.979926,14.737745,romberg_closed
8.220714,-5.622871,self_selected_gait_speed
-1.4067369,5.1113834,sit_to_stand
16.464685,4.2419996,stationary_walk
8.180913,-5.6567454,tm_3kmh
6.9612255,14.087459,romberg_closed
6.557488,-1.1545223,self_selected_gait_speed
-1.3296121,4.3301973,sit_to_stand
17.214996,6.0128293,stationary_walk
6.6185355,-1.1422765,tm_3kmh
10.829297,14.101427,romberg_closed
5.3656683,-5.029384,self_selected_gait_speed
-1.699988,3.965863,sit_to_stand
15.6598,4.295869,stationary_walk
5.3350973,-5.0141187,tm_3kmh
7.012764,13.817284,romberg_closed
9.342164,-5.304348,self_selected_gait_speed
-2.9650428,3.9153028,sit_to_stand
16.049236,6.4643764,stationary_walk
9.143717,-5.2522902,tm_3kmh
6.710557,14.056937,romberg_closed
9.126177,-4.6557684,self_selected_gait_speed
-3.5853693,5.001919,sit_to_stand
16.08883,6.168136,stationary_walk
9.070774,-4.599061,tm_3kmh
6.92599,14.458967,romberg_closed
6.5244555,-3.420406,self_selected_gait_speed
-1.968562,6.028609,sit_to_stand
17.327087,5.0818405,stationary_walk
6.723353,-3.3550637,tm_3kmh
8.242985,13.919942,romberg_closed
7.6685,-4.2691116,self_selected_gait_speed
-3.3722813,4.2307696,sit_to_stand
15.3213005,5.7480035,stationary_walk
7.6840525,-4.6043944,tm_3kmh
10.275499,15.10028,romberg_closed
8.867265,-6.476602,self_selected_gait_speed
-3.0100558,5.070627,sit_to_stand
14.864294,4.5476847,stationary_walk
8.805648,-6.635995,tm_3kmh
6.349377,13.624096,romberg_closed
7.453013,-2.5283341,self_selected_gait_speed
-3.5447598,4.766721,sit_to_stand
17.292059,5.997017,stationary_walk
6.97551,-2.623051,tm_3kmh
6.2638717,14.119298,romberg_closed
9.159954,-4.7330623,self_selected_gait_speed
-3.3800652,4.99249,sit_to_stand
17.551928,5.8389807,stationary_walk
8.981607,-4.4518976,tm_3kmh
6.2950764,11.595987,romberg_closed
9.852633,-5.2456665,self_selected_gait_speed
-2.8611317,3.6575146,sit_to_stand
17.380497,6.8471336,stationary_walk
4.9886985,-3.7711513,tm_3kmh
9.485391,13.059528,romberg_closed
8.731912,-6.5218277,self_selected_gait_speed
-0.37302354,3.7010896,sit_to_stand
14.332649,5.3723836,stationary_walk
8.586398,-6.680447,tm_3kmh
6.347834,11.58391,romberg_closed
6.1044064,-3.0792656,self_selected_gait_speed
-3.4327266,3.7569568,sit_to_stand
15.031779,6.2878847,stationary_walk
5.224636,-3.1301749,tm_3kmh
11.18456,13.635864,romberg_closed
-0.5640491,3.0064766,sit_to_stand
14.241103,5.45739,stationary_walk
7.0121346,13.423245,romberg_closed
6.1285014,-3.7824438,self_selected_gait_speed
-1.4600147,4.0541506,sit_to_stand
15.450202,5.4092073,stationary_walk
6.094382,-3.537232,tm_3kmh
7.703633,14.008644,romberg_closed
8.893466,-4.973348,self_selected_gait_speed
-3.436556,4.641578,sit_to_stand
17.279522,4.5949864,stationary_walk
9.080366,-4.858563,tm_3kmh
8.23054,13.91472,romberg_closed
8.948113,-5.1342444,self_selected_gait_speed
-3.6487656,4.3143387,sit_to_stand
17.400478,5.405388,stationary_walk
9.020619,-5.121407,tm_3kmh
7.8873205,15.072815,romberg_closed
7.432317,-4.9870057,self_selected_gait_speed
-2.8856108,5.825022,sit_to_stand
16.578876,3.7692752,stationary_walk
7.4962325,-5.2046294,tm_3kmh
7.8989797,13.994955,romberg_closed
8.533293,-4.850908,self_selected_gait_speed
-3.0873923,4.97203,sit_to_stand
15.719209,5.5743337,stationary_walk
8.68762,-4.831278,tm_3kmh
8.371376,14.8789835,romberg_closed
8.339594,-5.9726305,self_selected_gait_speed
-1.7461823,4.214423,sit_to_stand
15.806701,4.211798,stationary_walk
7.8031363,-6.0088415,tm_3kmh
9.9994545,13.160103,romberg_closed
9.293436,-4.965099,self_selected_gait_speed
-0.98471534,3.530205,sit_to_stand
14.526698,5.6156645,stationary_walk
8.967425,-4.843331,tm_3kmh
8.701851,13.628644,romberg_closed
6.240828,-5.3353863,self_selected_gait_speed
-2.1250186,3.2401695,sit_to_stand
15.631531,5.0291667,stationary_walk
6.181599,-5.426742,tm_3kmh
8.46312,14.007012,romberg_closed
8.871904,-4.3596425,self_selected_gait_speed
-2.9206533,4.5355825,sit_to_stand
16.801077,5.065731,stationary_walk
8.31124,-4.7527027,tm_3kmh
6.490974,13.477075,romberg_closed
8.386055,-4.164276,self_selected_gait_speed
-3.019489,3.4679992,sit_to_stand
16.296026,5.714864,stationary_walk
8.41173,-4.24526,tm_3kmh
7.889251,14.824776,romberg_closed
7.54513,-3.7418344,self_selected_gait_speed
-2.8937905,5.5878572,sit_to_stand
15.696732,4.0710487,stationary_walk
6.9810305,-3.676554,tm_3kmh
7.606026,13.461307,romberg_closed
6.455737,-1.2898952,self_selected_gait_speed
-3.4122941,4.373093,sit_to_stand
16.2201,6.330883,stationary_walk
6.4102364,-1.1454391,tm_3kmh
10.888925,14.493676,romberg_closed
5.212714,-3.4104927,self_selected_gait_speed
-0.62378883,3.7301579,sit_to_stand
13.63458,4.779799,stationary_walk
5.3060646,-3.552699,tm_3kmh
6.4766293,14.54943,romberg_closed
6.592287,-1.7868127,self_selected_gait_speed
-2.5904772,5.0917587,sit_to_stand
17.57737,5.138482,stationary_walk
6.645853,-2.0431314,tm_3kmh
9.4611635,15.147335,romberg_closed
7.415826,-6.2713227,self_selected_gait_speed
-1.0888257,4.2951374,sit_to_stand
15.999634,3.073666,stationary_walk
6.57645,-6.2908077,tm_3kmh
8.015762,12.877025,romberg_closed
7.757621,-3.922313,self_selected_gait_speed
-3.1224833,3.5435722,sit_to_stand
15.988885,6.5326786,stationary_walk
8.068467,-3.6933682,tm_3kmh
9.488705,13.909759,romberg_closed
8.8371525,-4.11658,self_selected_gait_speed
-2.2453282,3.547818,sit_to_stand
15.116093,4.152801,stationary_walk
9.08134,-3.8832097,tm_3kmh
6.3953967,13.760772,romberg_closed
9.4404955,-2.771493,self_selected_gait_speed
0.18200466,5.18986,sit_to_stand
15.7027645,5.7173395,stationary_walk
9.302162,-2.640376,tm_3kmh
9.328927,15.019108,romberg_closed
7.0427585,-3.0479815,self_selected_gait_speed
-1.977981,4.040021,sit_to_stand
17.214592,4.599669,stationary_walk
7.2775745,-3.1559486,tm_3kmh
10.735678,14.937007,romberg_closed
7.6295524,-6.517124,self_selected_gait_speed
-2.7539432,5.660717,sit_to_stand
15.062104,4.13747,stationary_walk
7.1252637,-6.633348,tm_3kmh
10.785479,14.272431,romberg_closed
6.4599247,-3.4672973,self_selected_gait_speed
-2.19649,3.7731013,sit_to_stand
15.619571,4.8808823,stationary_walk
6.4570956,-3.3325508,tm_3kmh
9.369662,13.647698,romberg_closed
9.021769,-4.8402305,self_selected_gait_speed
-1.0757835,4.393509,sit_to_stand
14.731076,5.2706547,stationary_walk
8.879116,-4.731358,tm_3kmh
7.4809456,14.156186,romberg_closed
9.081488,-3.815421,self_selected_gait_speed
-1.7584231,4.5040913,sit_to_stand
16.99727,6.4157796,stationary_walk
8.940808,-3.9616234,tm_3kmh
6.5391774,13.926078,romberg_closed
9.14118,-5.3742447,self_selected_gait_speed
-0.9749627,2.8891098,sit_to_stand
15.074572,5.529089,stationary_walk
9.135891,-5.202704,tm_3kmh
7.7483573,13.728532,romberg_closed
7.6768236,-3.9899716,self_selected_gait_speed
-1.7634262,3.9423938,sit_to_stand
16.192926,5.9622126,stationary_walk
7.4748816,-4.2049484,tm_3kmh
8.121653,15.409445,romberg_closed
7.1193466,-5.7068887,self_selected_gait_speed
-3.5493429,5.2132354,sit_to_stand
16.363522,3.6359396,stationary_walk
7.0897675,-5.658094,tm_3kmh
6.157806,14.381104,romberg_closed
7.818161,-3.5301526,self_selected_gait_speed
-2.7388031,4.448858,sit_to_stand
17.100193,6.454877,stationary_walk
7.666713,-3.729091,tm_3kmh
8.160146,14.368998,romberg_closed
7.8475847,-4.4344435,self_selected_gait_speed
-3.4934618,4.896449,sit_to_stand
16.277538,5.779544,stationary_walk
7.858714,-4.306412,tm_3kmh
6.7145877,13.752882,romberg_closed
6.0174823,-6.1234202,self_selected_gait_speed
-3.5434792,4.735345,sit_to_stand
13.8134365,4.40713,stationary_walk
5.9270973,-5.790476,tm_3kmh
7.585563,13.524033,romberg_closed
8.633773,-3.7167268,self_selected_gait_speed
-2.712591,4.340241,sit_to_stand
16.371729,5.980789,stationary_walk
8.623146,-3.5045416,tm_3kmh
10.076875,15.135355,romberg_closed
6.568496,-0.68898505,self_selected_gait_speed
0.25433517,4.6570954,sit_to_stand
13.591038,4.805097,stationary_walk
6.516983,-0.6284353,tm_3kmh
8.414175,13.975702,romberg_closed
5.7267623,-4.80768,self_selected_gait_speed
-1.1592921,5.2385774,sit_to_stand
15.653957,4.851666,stationary_walk
5.630689,-4.9672623,tm_3kmh
7.312101,13.262992,romberg_closed
8.307909,-2.8013155,self_selected_gait_speed
-0.5407078,4.3071237,sit_to_stand
15.907007,4.360983,stationary_walk
7.8707194,-2.6977453,tm_3kmh
11.176603,15.032263,romberg_closed
8.54783,-6.7852693,self_selected_gait_speed
-1.102624,5.7722545,sit_to_stand
14.727938,3.313531,stationary_walk
8.442874,-6.8145666,tm_3kmh
10.139197,15.221678,romberg_closed
7.966725,-6.560117,self_selected_gait_speed
-1.0442728,5.669235,sit_to_stand
15.802835,3.804989,stationary_walk
7.803094,-6.67226,tm_3kmh
10.5249815,14.538986,romberg_closed
8.761074,-6.5764008,self_selected_gait_speed
-1.0584353,3.7547274,sit_to_stand
15.319387,3.8345017,stationary_walk
8.542858,-6.724934,tm_3kmh
9.453658,14.12977,romberg_closed
6.121298,-5.0748353,self_selected_gait_speed
0.1868477,3.6815772,sit_to_stand
14.552589,4.145822,stationary_walk
6.1154537,-4.5829115,tm_3kmh
7.38829,14.040968,romberg_closed
6.7695737,-6.38328,self_selected_gait_speed
-0.39739075,3.3766148,sit_to_stand
15.1376295,5.0161743,stationary_walk
9.342972,15.000421,romberg_closed
6.584677,-3.1464841,self_selected_gait_speed
-2.764679,5.0255113,sit_to_stand
15.43123,3.3608634,stationary_walk
7.598918,-2.5681853,tm_3kmh
5.6354003,11.408177,romberg_closed
9.707091,-2.6029918,self_selected_gait_speed
-2.21493,3.230819,sit_to_stand
15.646593,6.4083643,stationary_walk
9.0868435,-2.8278866,tm_3kmh
10.36493,14.21109,romberg_closed
4.787833,-3.2887418,self_selected_gait_speed
-1.2241132,2.9080305,sit_to_stand
15.380559,4.9876313,stationary_walk
4.8657575,-3.4050171,tm_3kmh
8.402637,14.167765,romberg_closed
9.828072,-3.836287,self_selected_gait_speed
-0.31539676,5.479954,sit_to_stand
16.232677,5.3163967,stationary_walk
9.44436,-4.397511,tm_3kmh
6.479463,13.795576,romberg_closed
9.196701,-6.273799,self_selected_gait_speed
-0.19031899,3.452285,sit_to_stand
15.53237,5.2588286,stationary_walk
8.96563,-6.393058,tm_3kmh
6.4731817,14.222258,romberg_closed
7.452072,-3.662481,self_selected_gait_speed
-1.8991895,6.003162,sit_to_stand
16.719599,5.3020277,stationary_walk
7.3913074,-3.7800977,tm_3kmh
8.993299,15.220617,romberg_closed
8.3937435,-4.6853085,self_selected_gait_speed
-2.9608877,5.032353,sit_to_stand
16.443588,5.292041,stationary_walk
8.1757345,-4.425104,tm_3kmh
8.4378805,14.31336,romberg_closed
7.621269,-4.866219,self_selected_gait_speed
-2.6455622,5.042884,sit_to_stand
17.068968,5.3025575,stationary_walk
8.295255,-5.3121815,tm_3kmh
7.1732755,13.277961,romberg_closed
7.361618,-1.4414235,self_selected_gait_speed
-3.1746323,5.3790293,sit_to_stand
17.464144,6.5721908,stationary_walk
5.8118095,-1.5790004,tm_3kmh
9.749543,13.248787,romberg_closed
8.638667,-6.596246,self_selected_gait_speed
-1.9830561,4.788751,sit_to_stand
14.581304,4.3800035,stationary_walk
8.644974,-6.3552837,tm_3kmh
9.649191,15.0109215,romberg_closed
9.355076,-5.221993,self_selected_gait_speed
-0.35825068,4.6278386,sit_to_stand
15.889547,4.0943375,stationary_walk
9.370419,-4.6721034,tm_3kmh
5.079448,11.12025,romberg_closed
9.664369,-4.2185297,self_selected_gait_speed
-1.487862,2.6103132,sit_to_stand
14.780227,6.0353823,stationary_walk
9.693972,-4.19445,tm_3kmh
6.164429,12.232109,romberg_closed
7.0109487,-5.625565,self_selected_gait_speed
-1.9533862,3.917255,sit_to_stand
16.477423,5.908472,stationary_walk
7.4694424,-5.373554,tm_3kmh
8.907192,13.513718,romberg_closed
9.062272,-5.228424,self_selected_gait_speed
-1.4011983,3.0947678,sit_to_stand
15.061262,5.129877,stationary_walk
8.841051,-5.1427603,tm_3kmh
6.3653665,14.345096,romberg_closed
8.60976,-4.777007,self_selected_gait_speed
-1.610133,5.1219025,sit_to_stand
17.854248,5.612765,stationary_walk
8.200096,-4.671973,tm_3kmh
11.126365,14.612874,romberg_closed
9.728486,-3.5025468,self_selected_gait_speed
-3.4960935,4.1371884,sit_to_stand
15.299459,4.3381486,stationary_walk
9.696986,-3.3482406,tm_3kmh
7.4350147,14.3825,romberg_closed
5.726444,-4.54943,self_selected_gait_speed
-0.19079754,5.3881474,sit_to_stand
15.543044,3.591239,stationary_walk
5.663918,-4.690452,tm_3kmh
4.9471874,11.177334,romberg_closed
9.146231,-5.8236656,self_selected_gait_speed
-1.6254448,4.0161867,sit_to_stand
17.472235,6.6523304,stationary_walk
9.003391,-5.577168,tm_3kmh
6.162239,13.640472,romberg_closed
8.968502,-6.5481725,self_selected_gait_speed
-0.53772473,3.8897297,sit_to_stand
15.773828,6.2347784,stationary_walk
9.118382,-6.4017553,tm_3kmh
7.752146,14.284175,romberg_closed
8.273492,-4.9037275,self_selected_gait_speed
-2.0317302,5.7488623,sit_to_stand
17.544933,5.4573264,stationary_walk
8.903443,-4.500188,tm_3kmh
8.317449,13.630277,romberg_closed
6.107266,-5.4953103,self_selected_gait_speed
-1.6845558,4.4427223,sit_to_stand
16.25574,4.847776,stationary_walk
5.933462,-5.4284387,tm_3kmh
5.117708,11.06149,romberg_closed
8.206535,-3.0530767,self_selected_gait_speed
-2.580306,3.3838894,sit_to_stand
16.642672,6.7044425,stationary_walk
7.977044,-2.8724563,tm_3kmh
9.630798,15.465742,romberg_closed
9.104694,-4.318002,self_selected_gait_speed
-1.7503467,5.590043,sit_to_stand
14.769321,3.2604034,stationary_walk
9.476651,-3.5567672,tm_3kmh
6.4835043,14.144571,romberg_closed
7.9251456,-3.5308387,self_selected_gait_speed
-1.8947824,4.78645,sit_to_stand
16.160088,4.9193077,stationary_walk
8.200282,-3.9147663,tm_3kmh
10.475077,13.511936,romberg_closed
8.659026,-4.828589,self_selected_gait_speed
-0.83420646,3.2287304,sit_to_stand
15.190661,5.2894506,stationary_walk
7.7345786,-5.3256106,tm_3kmh
6.6993823,12.198629,romberg_closed
6.487072,-5.623812,self_selected_gait_speed
-0.16781496,4.3974743,sit_to_stand
15.035703,3.9949064,stationary_walk
6.565654,-5.6554227,tm_3kmh
7.553051,14.4485445,romberg_closed
8.893218,-2.258945,self_selected_gait_speed
-3.5337107,4.967286,sit_to_stand
15.509199,4.804975,stationary_walk
8.795731,-2.3578033,tm_3kmh
10.471911,14.937007,romberg_closed
8.037546,-5.19178,self_selected_gait_speed
-2.8640242,5.476297,sit_to_stand
15.178297,4.4090567,stationary_walk
7.764402,-5.003432,tm_3kmh
9.748682,13.73655,romberg_closed
8.877892,-5.9738235,self_selected_gait_speed
-1.8684473,4.4090824,sit_to_stand
16.773464,4.3443108,stationary_walk
8.744226,-5.5807624,tm_3kmh
6.742928,13.767927,romberg_closed
8.341789,-3.9632359,self_selected_gait_speed
-3.019838,4.8935795,sit_to_stand
16.738384,5.04002,stationary_walk
8.272496,-4.336211,tm_3kmh
6.233591,11.651658,romberg_closed
9.791606,-3.8239014,self_selected_gait_speed
-1.2403026,4.6021895,sit_to_stand
16.353811,6.392001,stationary_walk
9.839253,-4.202831,tm_3kmh
7.2496853,14.91601,romberg_closed
5.6600714,-4.346793,self_selected_gait_speed
-0.021245878,5.037554,sit_to_stand
16.88314,5.1067867,stationary_walk
5.6279573,-4.357502,tm_3kmh
10.2852545,14.310657,romberg_closed
5.7536736,-5.3322625,self_selected_gait_speed
-1.000303,3.7528462,sit_to_stand
14.611678,4.2345505,stationary_walk
5.6973915,-5.2299924,tm_3kmh
9.400986,14.553799,romberg_closed
5.8456774,-4.7317014,self_selected_gait_speed
-1.6242992,5.120224,sit_to_stand
15.941471,4.645127,stationary_walk
6.067081,-5.1988544,tm_3kmh
6.4966536,13.627538,romberg_closed
8.675307,-3.5279226,self_selected_gait_speed
-3.3773844,4.0502567,sit_to_stand
17.115343,6.840484,stationary_walk
8.731076,-3.512639,tm_3kmh
8.140173,13.840053,romberg_closed
7.719955,-6.4095397,self_selected_gait_speed
-3.3151925,4.737928,sit_to_stand
15.87912,5.3594136,stationary_walk
5.469319,-3.8495789,tm_3kmh
9.269368,15.291676,romberg_closed
8.204646,-6.0643435,self_selected_gait_speed
-0.89270055,4.6045017,sit_to_stand
15.366121,3.621299,stationary_walk
8.219115,-6.057621,tm_3kmh
6.8446097,13.0727005,romberg_closed
5.839511,-4.518093,self_selected_gait_speed
-2.046125,5.3394227,sit_to_stand
16.978077,5.490911,stationary_walk
5.839172,-4.495663,tm_3kmh
8.222495,13.740664,romberg_closed
7.276237,-4.0747094,self_selected_gait_speed
-2.7898138,5.6055694,sit_to_stand
16.647068,4.8203,stationary_walk
6.1724725,-4.888585,tm_3kmh
8.801191,13.916865,romberg_closed
7.387846,-4.139472,self_selected_gait_speed
-0.87031496,4.1010904,sit_to_stand
16.313778,5.3778768,stationary_walk
7.903156,-3.576114,tm_3kmh
10.640429,14.44417,romberg_closed
6.4122496,-3.8127272,self_selected_gait_speed
-2.2402172,4.8618536,sit_to_stand
16.354061,5.051184,stationary_walk
6.632714,-3.5691938,tm_3kmh
6.462489,11.943088,romberg_closed
7.5793295,-3.757841,self_selected_gait_speed
-2.9282725,4.3205004,sit_to_stand
15.598037,4.97527,stationary_walk
7.3207273,-3.7156222,tm_3kmh
9.9980345,15.141527,romberg_closed
8.9480095,-6.126279,self_selected_gait_speed
-0.22449096,4.6563244,sit_to_stand
16.72536,4.3351164,stationary_walk
8.712066,-5.8760843,tm_3kmh
7.0896106,13.880498,romberg_closed
-1.164748,3.1577046,sit_to_stand
13.590766,4.3620186,stationary_walk
8.745589,14.395312,romberg_closed
8.034758,-2.861075,self_selected_gait_speed
-3.6100147,5.0331244,sit_to_stand
16.641039,5.238384,stationary_walk
8.098214,-3.3576667,tm_3kmh
9.59708,15.342636,romberg_closed
7.127733,-6.569411,self_selected_gait_speed
0.36986864,4.9645123,sit_to_stand
15.113382,3.3028538,stationary_walk
7.22398,-6.634664,tm_3kmh
8.337453,14.60067,romberg_closed
8.141068,-5.869066,self_selected_gait_speed
0.17482264,4.913778,sit_to_stand
15.875995,4.4277453,stationary_walk
8.175631,-5.8798203,tm_3kmh
5.8454204,11.701943,romberg_closed
9.952139,-3.1450696,self_selected_gait_speed
-1.2276092,3.1251287,sit_to_stand
16.055426,4.5470643,stationary_walk
9.68273,-3.681685,tm_3kmh
6.1180325,13.920317,romberg_closed
7.6835647,-5.9049006,self_selected_gait_speed
-2.8496702,4.5937967,sit_to_stand
17.369091,5.9001927,stationary_walk
7.329652,-6.1462812,tm_3kmh
10.309586,13.881079,romberg_closed
5.9861574,-5.837639,self_selected_gait_speed
-0.5537755,3.53367,sit_to_stand
14.466148,3.6242528,stationary_walk
6.039995,-5.672742,tm_3kmh
6.220813,11.552338,romberg_closed
9.112438,-3.0276248,self_selected_gait_speed
-2.7098408,3.9637277,sit_to_stand
17.099142,6.257863,stationary_walk
8.996974,-2.6102593,tm_3kmh
6.287222,12.265588,romberg_closed
8.053432,-2.562352,self_selected_gait_speed
-1.8683167,3.2681534,sit_to_stand
15.685293,6.453735,stationary_walk
8.042489,-2.7331197,tm_3kmh
8.292669,15.3412285,romberg_closed
9.586657,-4.143521,self_selected_gait_speed
-1.1780038,5.7326193,sit_to_stand
15.848404,4.351629,stationary_walk
9.190156,-5.355776,tm_3kmh
6.6125517,13.242936,romberg_closed
7.706038,-4.1425943,self_selected_gait_speed
-1.6757823,4.344128,sit_to_stand
15.352165,4.8855925,stationary_walk
7.600177,-5.2854486,tm_3kmh
7.789354,14.417646,romberg_closed
7.037422,-4.993598,self_selected_gait_speed
-0.19347323,5.234584,sit_to_stand
13.843115,4.7225437,stationary_walk
7.283766,-4.4037194,tm_3kmh
6.409348,14.300062,romberg_closed
6.564827,-2.1654494,self_selected_gait_speed
-0.9757307,6.0044146,sit_to_stand
17.214514,4.842061,stationary_walk
6.981884,-2.1068063,tm_3kmh
7.3964715,13.642212,romberg_closed
7.4363303,-5.432869,self_selected_gait_speed
-1.8596009,5.0587234,sit_to_stand
15.781573,3.4365404,stationary_walk
7.201438,-5.475089,tm_3kmh
9.242796,13.680082,romberg_closed
6.4610295,-2.7540236,self_selected_gait_speed
-3.128696,5.4202113,sit_to_stand
16.634258,4.881478,stationary_walk
6.4451013,-3.0228696,tm_3kmh
6.561181,14.054026,romberg_closed
8.991492,-5.548703,self_selected_gait_speed
-0.35841545,3.1611261,sit_to_stand
16.51557,6.302062,stationary_walk
8.55278,-5.807801,tm_3kmh
10.133136,14.272879,romberg_closed
6.966048,-7.053539,self_selected_gait_speed
-1.136754,3.5331519,sit_to_stand
14.695342,3.806589,stationary_walk
6.9507084,-7.1298847,tm_3kmh
10.584889,15.048539,romberg_closed
6.717669,-4.325719,self_selected_gait_speed
-2.013471,5.2243314,sit_to_stand
16.116585,3.3620796,stationary_walk
6.7878118,-4.513918,tm_3kmh
7.9453597,13.886311,romberg_closed
-2.966415,5.684657,sit_to_stand
16.560518,4.405174,stationary_walk
9.517164,12.837792,romberg_closed
9.009264,-3.8697863,self_selected_gait_speed
-0.86151683,2.818138,sit_to_stand
16.011677,6.627661,stationary_walk
8.833786,-4.008681,tm_3kmh
9.053972,14.0353365,romberg_closed
6.8533816,-6.4720893,self_selected_gait_speed
-0.4706695,3.6355553,sit_to_stand
14.559795,4.635078,stationary_walk
6.6750894,-6.5128713,tm_3kmh
11.349563,14.203834,romberg_closed
8.723136,-4.3177485,self_selected_gait_speed
-1.033095,2.9591775,sit_to_stand
14.980632,5.5691977,stationary_walk
8.923561,-4.3979125,tm_3kmh
9.422676,15.155576,romberg_closed
7.4279337,-6.1567063,self_selected_gait_speed
-2.6181366,5.5196056,sit_to_stand
15.9546795,3.4715543,stationary_walk
7.329442,-5.9555345,tm_3kmh
5.1987133,11.029889,romberg_closed
9.5696,-1.8527688,self_selected_gait_speed
-0.2619583,4.2787957,sit_to_stand
16.450907,6.618211,stationary_walk
9.591207,-1.8878961,tm_3kmh
5.304703,11.175114,romberg_closed
9.441759,-4.203324,self_selected_gait_speed
-1.702828,3.0766718,sit_to_stand
15.174289,5.3369102,stationary_walk
9.209112,-3.9770296,tm_3kmh
6.800149,12.211658,romberg_closed
6.4946966,-3.5485969,self_selected_gait_speed
-0.0004770612,5.2837143,sit_to_stand
15.315981,5.0407386,stationary_walk
6.2147684,-3.5250795,tm_3kmh
5.8046536,12.238613,romberg_closed
8.786684,-1.9815518,self_selected_gait_speed
-2.793847,4.921988,sit_to_stand
16.395824,3.901949,stationary_walk
8.77041,-1.9530048,tm_3kmh
11.140981,14.303188,romberg_closed
9.404102,-5.391794,self_selected_gait_speed
-0.33246046,3.0182464,sit_to_stand
14.633171,5.8347244,stationary_walk
9.527906,-5.179441,tm_3kmh
11.145814,13.987197,romberg_closed
4.684975,-3.57378,self_selected_gait_speed
0.2755951,3.7745605,sit_to_stand
15.044209,3.95626,stationary_walk
11.275135,14.18278,romberg_closed
7.94775,-5.0629807,self_selected_gait_speed
-0.0048181713,3.5557103,sit_to_stand
15.307061,3.9049554,stationary_walk
7.815914,-5.3411474,tm_3kmh
8.841307,12.95475,romberg_closed
9.00159,-5.504642,self_selected_gait_speed
-1.5416411,3.4863946,sit_to_stand
14.734404,5.929963,stationary_walk
8.831732,-5.611831,tm_3kmh
7.7939315,15.096217,romberg_closed
8.509279,-4.50366,self_selected_gait_speed
0.07516116,3.9168296,sit_to_stand
15.889912,4.153768,stationary_walk
8.602884,-4.3822637,tm_3kmh
8.940308,14.908546,romberg_closed
7.815027,-4.040655,self_selected_gait_speed
-1.653489,4.2138042,sit_to_stand
17.309185,5.53283,stationary_walk
7.8305535,-4.3740087,tm_3kmh
6.3285007,11.719904,romberg_closed
9.127472,-3.020119,self_selected_gait_speed
-1.8091725,5.7606263,sit_to_stand
16.167799,4.9902015,stationary_walk
9.199366,-2.9369347,tm_3kmh
11.125812,14.525037,romberg_closed
6.735873,-2.7025716,self_selected_gait_speed
-0.53130734,4.8231964,sit_to_stand
15.222074,3.5821354,stationary_walk
6.6298857,-2.5684927,tm_3kmh
5.8591266,11.721304,romberg_closed
8.111052,-2.7506044,self_selected_gait_speed
-1.9110001,4.698856,sit_to_stand
15.963442,6.43161,stationary_walk
8.191991,-2.61832,tm_3kmh
5.567071,11.483531,romberg_closed
9.519602,-3.4084516,self_selected_gait_speed
-2.032128,4.5148053,sit_to_stand
16.279325,5.599279,stationary_walk
9.573257,-3.3494658,tm_3kmh
6.116234,13.891157,romberg_closed
6.3754096,-3.6709816,self_selected_gait_speed
-2.6599054,5.7238245,sit_to_stand
17.50402,4.3963547,stationary_walk
6.34811,-3.8129916,tm_3kmh
6.915052,14.899902,romberg_closed
8.365209,-4.74009,self_selected_gait_speed
-2.8000708,5.8284206,sit_to_stand
17.85148,5.107808,stationary_walk
7.867577,-5.019218,tm_3kmh
5.971427,11.877805,romberg_closed
8.092522,-2.6485324,self_selected_gait_speed
-1.4030491,3.834191,sit_to_stand
15.88942,5.6093674,stationary_walk
8.047082,-2.4764574,tm_3kmh
6.8928285,12.228028,romberg_closed
8.912161,-6.5041995,self_selected_gait_speed
-3.184412,5.423618,sit_to_stand
17.153198,4.7274985,stationary_walk
9.017548,-6.473255,tm_3kmh
10.880229,14.861344,romberg_closed
8.370017,-5.5774527,self_selected_gait_speed
-1.891497,4.0301576,sit_to_stand
15.51706,4.06006,stationary_walk
7.945712,-5.4226604,tm_3kmh
7.514165,13.30829,romberg_closed
7.942595,-4.6937876,self_selected_gait_speed
-3.0232668,4.7331023,sit_to_stand
15.441407,5.9970036,stationary_walk
7.6461425,-4.7169623,tm_3kmh
8.623941,15.253729,romberg_closed
8.3132305,-3.8194435,self_selected_gait_speed
-1.5217699,5.1133833,sit_to_stand
15.320635,4.4493933,stationary_walk
9.07063,-3.5263271,tm_3kmh
9.946816,14.838947,romberg_closed
6.847098,-6.4995556,self_selected_gait_speed
-0.6680006,4.515485,sit_to_stand
15.730706,3.421411,stationary_walk
7.0422792,-6.5529284,tm_3kmh
5.60561,12.110002,romberg_closed
7.055107,-3.1985211,self_selected_gait_speed
-2.733889,4.1031966,sit_to_stand
16.778116,4.2933145,stationary_walk
7.006859,-3.506537,tm_3kmh
6.1440396,11.790297,romberg_closed
-0.42857295,5.4692874,sit_to_stand
16.442657,5.98973,stationary_walk
5.503249,11.957288,romberg_closed
9.66236,-3.9782941,self_selected_gait_speed
-3.0984018,5.3110294,sit_to_stand
17.06736,4.366225,stationary_walk
9.586502,-3.4188743,tm_3kmh
6.2856555,14.315057,romberg_closed
8.178083,-4.0025973,self_selected_gait_speed
-2.6440897,5.291344,sit_to_stand
17.579596,5.0238986,stationary_walk
8.071042,-4.0026636,tm_3kmh
5.7052503,11.373156,romberg_closed
5.629245,-5.500439,self_selected_gait_speed
-1.1109811,3.3658752,sit_to_stand
15.574712,5.2983813,stationary_walk
5.550225,-5.2322826,tm_3kmh
8.138299,14.51196,romberg_closed
8.73193,-4.565492,self_selected_gait_speed
-2.9834146,5.2757344,sit_to_stand
16.94681,5.473752,stationary_walk
8.169906,-3.9560528,tm_3kmh
9.30655,13.373782,romberg_closed
8.845612,-3.2390685,self_selected_gait_speed
-1.3429523,3.60537,sit_to_stand
15.139893,4.647414,stationary_walk
7.39301,-3.9012825,tm_3kmh
9.742202,13.991095,romberg_closed
7.2655044,-5.622024,self_selected_gait_speed
-1.6571277,3.7240965,sit_to_stand
15.429078,4.893733,stationary_walk
7.373803,-6.141119,tm_3kmh
6.682347,13.36386,romberg_closed
7.9982696,-3.6869922,self_selected_gait_speed
-3.256462,4.310947,sit_to_stand
16.647228,5.119599,stationary_walk
8.060964,-3.6994681,tm_3kmh
10.853247,14.666483,romberg_closed
8.021998,-4.9279256,self_selected_gait_speed
-1.7390904,3.2485228,sit_to_stand
15.14109,4.087324,stationary_walk
8.266547,-5.0699706,tm_3kmh
5.365764,11.358307,romberg_closed
8.097418,-2.905226,self_selected_gait_speed
-3.0403295,4.9784245,sit_to_stand
17.65813,6.458199,stationary_walk
7.9731565,-3.1460242,tm_3kmh
7.8133464,14.423241,romberg_closed
8.079679,-6.4171743,self_selected_gait_speed
-0.5705669,5.750328,sit_to_stand
16.027092,4.6928163,stationary_walk
7.957033,-6.494747,tm_3kmh
8.257327,14.951117,romberg_closed
8.380466,-3.884635,self_selected_gait_speed
-1.9283168,5.82788,sit_to_stand
17.509113,5.0583477,stationary_walk
8.0773535,-3.184003,tm_3kmh
6.2945437,13.196872,romberg_closed
7.7716484,-2.3851266,self_selected_gait_speed
-3.6413913,4.530131,sit_to_stand
17.80935,6.2652054,stationary_walk
7.8693194,-2.4300606,tm_3kmh
6.5573487,11.797347,romberg_closed
8.93333,-4.73984,self_selected_gait_speed
-1.5084836,3.188068,sit_to_stand
15.416301,4.9384036,stationary_walk
8.262722,-4.639231,tm_3kmh
10.128508,15.362149,romberg_closed
4.6477013,-3.3022356,self_selected_gait_speed
-0.16784307,4.673254,sit_to_stand
15.793372,3.0800486,stationary_walk
11.45837,14.396183,romberg_closed
8.917084,-5.4472604,self_selected_gait_speed
-1.1837384,3.1206968,sit_to_stand
14.398868,4.2250113,stationary_walk
8.832013,-4.8976235,tm_3kmh
8.336543,14.573058,romberg_closed
6.614508,-0.714843,self_selected_gait_speed
-2.2216442,4.76432,sit_to_stand
16.772116,5.539062,stationary_walk
6.694381,-0.7546862,tm_3kmh
10.921031,14.276608,romberg_closed
6.6491756,-2.8112738,self_selected_gait_speed
-1.450667,5.157155,sit_to_stand
14.570027,3.9473903,stationary_walk
5.665328,-1.8900752,tm_3kmh
7.5956116,13.724583,romberg_closed
6.8214593,-4.715704,self_selected_gait_speed
-1.8966558,4.337897,sit_to_stand
16.424318,4.259075,stationary_walk
6.9721518,-4.882211,tm_3kmh
8.30321,14.277961,romberg_closed
9.370586,-3.7460063,self_selected_gait_speed
-2.6351376,4.9186993,sit_to_stand
15.260958,4.4289827,stationary_walk
8.916761,-4.039517,tm_3kmh
11.037776,14.047058,romberg_closed
9.804895,-4.927555,self_selected_gait_speed
-1.3888799,3.225659,sit_to_stand
14.573299,5.1798906,stationary_walk
9.943684,-4.89258,tm_3kmh
8.320855,15.490418,romberg_closed
-0.68810695,4.9635625,sit_to_stand
16.952518,4.5817056,stationary_walk
11.478976,14.466964,romberg_closed
9.484048,-6.146359,self_selected_gait_speed
-0.2615076,3.0009909,sit_to_stand
14.436332,3.6338882,stationary_walk
9.524492,-6.1282578,tm_3kmh
8.388742,15.422849,romberg_closed
7.6688156,-5.7921686,self_selected_gait_speed
-1.0420028,5.674883,sit_to_stand
16.422657,3.5773714,stationary_walk
7.906949,-5.804721,tm_3kmh
9.388059,14.609406,romberg_closed
8.943243,-4.718437,self_selected_gait_speed
-1.6306471,5.8312573,sit_to_stand
15.141264,3.917707,stationary_walk
7.935995,-4.866979,tm_3kmh
6.8428273,11.9753065,romberg_closed
5.87815,-4.2948847,self_selected_gait_speed
-1.7458667,3.2868674,sit_to_stand
15.4074135,4.1778293,stationary_walk
5.9766874,-3.8925872,tm_3kmh
7.0017643,13.044106,romberg_closed
8.663489,-3.9440062,self_selected_gait_speed
0.2946544,5.066591,sit_to_stand
14.791343,4.69408,stationary_walk
8.597732,-3.9409537,tm_3kmh
9.542619,13.391733,romberg_closed
7.4876027,-6.195726,self_selected_gait_speed
-1.2402649,3.2483244,sit_to_stand
14.815363,4.679611,stationary_walk
7.1922755,-5.4866214,tm_3kmh
8.170052,13.484073,romberg_closed
6.107592,-3.2792513,self_selected_gait_speed
-0.47910374,3.540797,sit_to_stand
13.632668,4.4132867,stationary_walk
5.6942472,-4.0308347,tm_3kmh
9.664986,15.0100155,romberg_closed
8.268229,-5.3165336,self_selected_gait_speed
-1.2141721,4.6612215,sit_to_stand
15.677092,4.800072,stationary_walk
8.178606,-5.291916,tm_3kmh
6.011789,11.796225,romberg_closed
9.037596,-4.933715,self_selected_gait_speed
-1.283204,4.8132396,sit_to_stand
15.480861,5.391631,stationary_walk
9.097582,-5.026503,tm_3kmh
9.975259,14.999121,romberg_closed
5.1431103,-3.3665636,self_selected_gait_speed
-1.1667595,4.6571074,sit_to_stand
13.86899,4.160284,stationary_walk
5.357603,-3.3231997,tm_3kmh
11.023579,13.672021,romberg_closed
7.1617455,-4.9359374,self_selected_gait_speed
-0.38457286,3.6220171,sit_to_stand
14.521775,4.791015,stationary_walk
7.136691,-5.0145473,tm_3kmh
6.4792924,12.100217,romberg_closed
8.160191,-3.4781125,self_selected_gait_speed
-2.79137,4.744973,sit_to_stand
17.560635,6.2003613,stationary_walk
5.510304,-3.1142712,tm_3kmh
7.7454624,14.09898,romberg_closed
7.1843667,-5.2978706,self_selected_gait_speed
-2.0075898,4.495198,sit_to_stand
13.713051,4.487618,stationary_walk
6.4431705,-3.8304667,tm_3kmh
9.226868,14.012904,romberg_closed
6.4901676,-3.416831,self_selected_gait_speed
-0.82713395,4.688544,sit_to_stand
15.857295,5.6164923,stationary_walk
5.9658227,-3.1833603,tm_3kmh
5.696695,12.103896,romberg_closed
7.0909715,-3.099335,self_selected_gait_speed
-1.9423095,6.104761,sit_to_stand
16.681023,6.324608,stationary_walk
7.8309045,-3.305024,tm_3kmh
7.1523867,14.119278,romberg_closed
9.013046,-3.297799,self_selected_gait_speed
-3.3149946,4.9902234,sit_to_stand
16.722486,6.1822186,stationary_walk
9.160064,-3.999952,tm_3kmh
9.986466,14.169489,romberg_closed
6.2665887,-5.848971,self_selected_gait_speed
-2.6741061,4.0710273,sit_to_stand
16.127089,4.144223,stationary_walk
5.965899,-5.508718,tm_3kmh
9.448356,15.006422,romberg_closed
6.3786945,-1.5472256,self_selected_gait_speed
-1.1745567,5.0624537,sit_to_stand
16.982632,3.9837306,stationary_walk
6.344242,-1.537811,tm_3kmh
11.029357,14.742263,romberg_closed
9.680821,-4.9880266,self_selected_gait_speed
0.07972439,3.645997,sit_to_stand
15.150132,4.0125003,stationary_walk
9.652738,-4.8703895,tm_3kmh
5.4211884,11.8952675,romberg_closed
8.252552,-6.50745,self_selected_gait_speed
-0.24675676,4.0288877,sit_to_stand
15.86413,5.3001165,stationary_walk
7.4081993,-6.232134,tm_3kmh
8.218822,15.095262,romberg_closed
7.7419124,-6.3157873,self_selected_gait_speed
-1.8259995,5.6660395,sit_to_stand
16.789122,5.3511624,stationary_walk
7.7068744,-5.9735126,tm_3kmh
7.400785,13.70983,romberg_closed
5.282549,-1.4625189,self_selected_gait_speed
-1.9559444,3.0024786,sit_to_stand
16.629581,5.8548303,stationary_walk
5.237766,-1.4511224,tm_3kmh
9.2527,12.743816,romberg_closed
-0.2926477,5.225011,sit_to_stand
15.06581,6.1618695,stationary_walk
6.3946013,11.766378,romberg_closed
9.403438,-3.5966988,self_selected_gait_speed
-2.8565805,4.250001,sit_to_stand
16.737812,4.3675914,stationary_walk
8.788372,-3.6711366,tm_3kmh
11.188434,14.726056,romberg_closed
8.653805,-5.6117673,self_selected_gait_speed
-0.15275088,3.1153991,sit_to_stand
14.277281,3.7806113,stationary_walk
9.472178,13.861429,romberg_closed
5.547022,-5.3946795,self_selected_gait_speed
-2.1267517,3.7206068,sit_to_stand
16.35487,3.7767591,stationary_walk
5.434771,-5.385983,tm_3kmh
8.685987,15.329134,romberg_closed
7.391603,-4.773706,self_selected_gait_speed
-0.40487024,4.2232156,sit_to_stand
16.491484,3.4597156,stationary_walk
5.7100697,-4.6352644,tm_3kmh
5.3804436,11.695462,romberg_closed
7.7987356,-1.9806365,self_selected_gait_speed
-3.1926887,5.430568,sit_to_stand
17.696384,4.892222,stationary_walk
8.232213,-2.0019555,tm_3kmh
9.541144,14.084137,romberg_closed
5.6916227,-4.105115,self_selected_gait_speed
-0.65243304,5.558139,sit_to_stand
15.342696,4.5192404,stationary_walk
6.282032,-4.294427,tm_3kmh
7.1829004,12.993368,romberg_closed
9.069562,-2.510392,self_selected_gait_speed
-2.5395691,3.856166,sit_to_stand
15.465384,5.520481,stationary_walk
7.5567827,13.737494,romberg_closed
8.0600605,-5.211752,self_selected_gait_speed
-2.9135244,4.4786835,sit_to_stand
13.862638,4.768919,stationary_walk
8.007097,-5.441728,tm_3kmh
9.356603,14.873419,romberg_closed
6.603443,-2.4402914,self_selected_gait_speed
-3.0480688,5.561551,sit_to_stand
16.010654,4.9891677,stationary_walk
6.4873924,-2.6912293,tm_3kmh
5.459181,11.2330065,romberg_closed
-3.2162385,4.483442,sit_to_stand
17.483807,6.915611,stationary_walk
8.886449,14.917884,romberg_closed
7.063726,-6.218856,self_selected_gait_speed
-0.36869654,4.8424067,sit_to_stand
16.39124,4.453895,stationary_walk
7.3511147,-6.263458,tm_3kmh
6.3127313,11.690959,romberg_closed
8.240004,-2.5345771,self_selected_gait_speed
-0.26873216,4.7450204,sit_to_stand
17.34147,5.791852,stationary_walk
8.264055,-2.4369366,tm_3kmh
9.430692,14.3803,romberg_closed
6.5160933,-0.55863893,self_selected_gait_speed
-3.1559086,5.54831,sit_to_stand
14.561892,3.8273687,stationary_walk
6.512284,-0.556531,tm_3kmh
6.26397,12.199534,romberg_closed
8.036538,-3.3173952,self_selected_gait_speed
-2.9042835,5.433652,sit_to_stand
16.634268,6.191018,stationary_walk
8.010057,-3.1277294,tm_3kmh
5.8646426,12.251409,romberg_closed
8.390644,-4.114178,self_selected_gait_speed
0.05892204,4.7684,sit_to_stand
15.005367,5.1262555,stationary_walk
8.320493,-4.360132,tm_3kmh
5.3295603,11.501938,romberg_closed
9.770211,-2.3649259,self_selected_gait_speed
-2.812531,3.340629,sit_to_stand
17.098402,7.04795,stationary_walk
9.657902,-2.2313704,tm_3kmh
6.4009647,11.680983,romberg_closed
9.597738,-3.2262924,self_selected_gait_speed
-2.490083,3.813124,sit_to_stand
17.106224,6.755296,stationary_walk
9.6110525,-3.0471091,tm_3kmh
8.911021,13.66515,romberg_closed
7.2575173,-3.9278135,self_selected_gait_speed
-1.4844061,3.7636478,sit_to_stand
16.071154,3.6025455,stationary_walk
7.1725698,-3.8468618,tm_3kmh
6.808151,14.704196,romberg_closed
7.285231,-4.3811026,self_selected_gait_speed
-2.181084,5.11041,sit_to_stand
17.743246,5.207796,stationary_walk
7.6147046,-4.3799977,tm_3kmh
10.551544,13.808855,romberg_closed
7.0443535,-4.908133,self_selected_gait_speed
-0.1599973,3.4478433,sit_to_stand
14.659466,4.134753,stationary_walk
7.158156,-5.0177083,tm_3kmh
6.97614,13.640215,romberg_closed
7.8224673,-4.1730475,self_selected_gait_speed
-1.8081008,4.716175,sit_to_stand
16.186625,5.566498,stationary_walk
7.9749966,-4.165983,tm_3kmh
10.693189,13.709901,romberg_closed
9.229976,-2.1427405,self_selected_gait_speed
-0.19060363,4.521611,sit_to_stand
14.90751,5.3575907,stationary_walk
9.267103,-2.0745413,tm_3kmh
7.467847,14.034283,romberg_closed
6.963946,-3.835097,self_selected_gait_speed
-2.568314,3.3854475,sit_to_stand
16.32383,6.410148,stationary_walk
7.051555,-3.585247,tm_3kmh
6.4127517,14.105418,romberg_closed
8.970214,-5.513728,self_selected_gait_speed
-3.1096032,5.3613977,sit_to_stand
17.69781,5.7184606,stationary_walk
9.120234,-5.401904,tm_3kmh
7.724059,15.179291,romberg_closed
7.860796,-4.3493023,self_selected_gait_speed
-2.2675827,5.8671594,sit_to_stand
16.875706,4.375246,stationary_walk
8.444802,-3.8868668,tm_3kmh
10.078985,15.059861,romberg_closed
9.5133505,-4.8236823,self_selected_gait_speed
-3.181933,5.098825,sit_to_stand
14.512781,4.405183,stationary_walk
9.70705,-4.807148,tm_3kmh
10.217569,14.43456,romberg_closed
6.778102,-7.0275774,self_selected_gait_speed
0.038472984,4.189854,sit_to_stand
15.446942,3.407954,stationary_walk
7.2526913,-6.997794,tm_3kmh
9.410223,15.14688,romberg_closed
7.8941255,-4.2895555,self_selected_gait_speed
-1.8508724,6.0484576,sit_to_stand
16.405788,4.4584217,stationary_walk
8.129002,-4.3788037,tm_3kmh
8.201954,13.952429,romberg_closed
6.370343,-5.8728623,self_selected_gait_speed
-0.928599,5.1241813,sit_to_stand
16.738888,4.479939,stationary_walk
6.2985387,-6.030448,tm_3kmh
7.3181477,13.863643,romberg_closed
8.601067,-2.7544134,self_selected_gait_speed
-3.5188842,5.0709023,sit_to_stand
16.484186,5.181023,stationary_walk
8.795703,-2.9394152,tm_3kmh
9.560873,15.280594,romberg_closed
7.92308,-6.6537027,self_selected_gait_speed
-1.5786104,4.704884,sit_to_stand
15.983917,3.286897,stationary_walk
7.838026,-6.3409786,tm_3kmh
6.437321,12.361374,romberg_closed
8.489019,-4.4416914,self_selected_gait_speed
-3.76427,4.379676,sit_to_stand
16.993994,6.287195,stationary_walk
8.08914,-4.7087584,tm_3kmh
9.42901,14.788511,romberg_closed
5.3743367,-1.7116581,self_selected_gait_speed
-1.6929696,4.3159785,sit_to_stand
15.006662,4.2868037,stationary_walk
5.5391088,-1.8150407,tm_3kmh
6.0708857,14.07216,romberg_closed
7.830727,-2.9055326,self_selected_gait_speed
-1.8304359,3.8800426,sit_to_stand
17.352736,5.2246056,stationary_walk
7.735287,-2.7614653,tm_3kmh
10.161429,15.415022,romberg_closed
8.500871,-2.8969352,self_selected_gait_speed
-3.0002851,5.698937,sit_to_stand
14.778847,3.7058673,stationary_walk
8.673609,-3.2809644,tm_3kmh
8.458999,14.009119,romberg_closed
8.890167,-2.5895803,self_selected_gait_speed
-0.5137985,5.137528,sit_to_stand
15.94075,5.63031,stationary_walk
7.902801,-3.0337293,tm_3kmh
5.970902,13.843941,romberg_closed
6.9536047,-2.7890542,self_selected_gait_speed
-2.215744,5.556062,sit_to_stand
17.580393,5.8727255,stationary_walk
7.0881953,-3.442471,tm_3kmh
7.166631,12.682017,romberg_closed
9.27439,-3.4689898,self_selected_gait_speed
-0.60348773,4.408287,sit_to_stand
16.683582,5.195991,stationary_walk
9.05509,-3.4333286,tm_3kmh
8.3800125,13.868702,romberg_closed
6.253165,-1.8423995,self_selected_gait_speed
-0.59355307,4.6631117,sit_to_stand
15.883553,5.2112904,stationary_walk
6.228814,-1.7912103,tm_3kmh
9.388504,15.304103,romberg_closed
8.191432,-6.4428973,self_selected_gait_speed
-0.7675512,4.1035256,sit_to_stand
15.573352,4.085149,stationary_walk
7.859844,-6.196041,tm_3kmh
10.556168,14.069321,romberg_closed
8.134281,-3.6245196,self_selected_gait_speed
-0.16105898,5.552991,sit_to_stand
14.477568,3.7696276,stationary_walk
8.605117,-3.6783931,tm_3kmh
8.519309,14.087981,romberg_closed
6.8430686,-1.6446137,self_selected_gait_speed
-2.2038977,5.250714,sit_to_stand
15.099995,4.371079,stationary_walk
6.987363,-1.7648528,tm_3kmh
7.4501753,13.763165,romberg_closed
7.1439257,-5.18641,self_selected_gait_speed
-1.9307706,4.2683716,sit_to_stand
15.703512,4.212692,stationary_walk
7.223178,-5.4594707,tm_3kmh
8.331597,14.431511,romberg_closed
7.7275467,-4.754166,self_selected_gait_speed
-1.2509387,3.8773098,sit_to_stand
13.57173,4.473151,stationary_walk
7.4626446,-5.410283,tm_3kmh
10.892574,13.529949,romberg_closed
9.114349,-3.9794166,self_selected_gait_speed
0.0581337,3.6223261,sit_to_stand
14.454637,5.6720586,stationary_walk
9.363342,-4.0256414,tm_3kmh
10.850238,14.060952,romberg_closed
6.5631266,-3.9153595,self_selected_gait_speed
-1.5966622,3.4116902,sit_to_stand
14.770328,4.2122617,stationary_walk
6.326296,-3.8292034,tm_3kmh
9.117819,14.72897,romberg_closed
8.50688,-5.4811764,self_selected_gait_speed
-3.0750883,5.5414376,sit_to_stand
17.122347,5.2277026,stationary_walk
7.908152,-5.5259023,tm_3kmh
8.462074,14.946962,romberg_closed
8.232811,-5.4413724,self_selected_gait_speed
-2.7398305,4.3513136,sit_to_stand
17.50531,5.44689,stationary_walk
8.099464,-5.3575134,tm_3kmh
8.438517,12.798094,romberg_closed
9.415339,-2.6393533,self_selected_gait_speed
-3.462555,4.821559,sit_to_stand
14.905388,5.119111,stationary_walk
9.489786,-2.7897189,tm_3kmh
10.675035,14.307886,romberg_closed
6.3285933,-4.6870413,self_selected_gait_speed
-1.4362463,3.1225486,sit_to_stand
13.676483,4.3746834,stationary_walk
6.3447447,-4.7588224,tm_3kmh
7.923468,13.997283,romberg_closed
9.569803,-2.8477004,self_selected_gait_speed
-2.2424462,5.706387,sit_to_stand
17.262903,6.64017,stationary_walk
9.073314,-2.5592358,tm_3kmh
6.338038,13.324847,romberg_closed
6.804725,-3.4982529,self_selected_gait_speed
-2.0680397,4.134138,sit_to_stand
16.542624,5.301727,stationary_walk
6.8722763,-3.3944666,tm_3kmh
5.5213146,11.339482,romberg_closed
0.2858935,4.854948,sit_to_stand
15.637534,5.4415197,stationary_walk
10.328949,14.832875,romberg_closed
6.9187217,-5.449484,self_selected_gait_speed
-0.33176973,5.053771,sit_to_stand
15.196725,4.044599,stationary_walk
6.8330445,-5.4076376,tm_3kmh
9.90307,13.881933,romberg_closed
0.18260133,4.042197,sit_to_stand
15.152529,4.624258,stationary_walk
5.920014,11.945964,romberg_closed
8.126267,-3.5230472,self_selected_gait_speed
-0.5567193,3.4477282,sit_to_stand
14.852302,5.6601996,stationary_walk
8.479299,-3.6326299,tm_3kmh
7.0287886,14.127775,romberg_closed
8.737475,-4.2981863,self_selected_gait_speed
-2.5060515,4.3163505,sit_to_stand
15.78557,4.701651,stationary_walk
8.125042,-4.758163,tm_3kmh
10.167088,14.960167,romberg_closed
8.031193,-6.462275,self_selected_gait_speed
-0.9230031,5.395053,sit_to_stand
15.879714,3.0948663,stationary_walk
8.265699,-6.0913334,tm_3kmh
9.277456,14.142088,romberg_closed
8.559316,-5.269792,self_selected_gait_speed
-2.7394154,5.3619413,sit_to_stand
15.584187,4.7698197,stationary_walk
7.3346996,-5.1013827,tm_3kmh
8.145072,14.717731,romberg_closed
6.3845615,-4.8871136,self_selected_gait_speed
-1.7229197,4.423287,sit_to_stand
16.53857,3.976639,stationary_walk
6.315588,-4.691145,tm_3kmh
6.5983562,13.189742,romberg_closed
8.168226,-2.8615155,self_selected_gait_speed
-3.2262757,3.918149,sit_to_stand
17.333359,6.297064,stationary_walk
8.035249,-3.0788136,tm_3kmh
7.2243686,13.333315,romberg_closed
9.63207,-4.6492395,self_selected_gait_speed
-2.260304,2.9785883,sit_to_stand
15.084488,5.5686455,stationary_walk
9.459236,-4.7873836,tm_3kmh
10.558583,14.109691,romberg_closed
8.481177,-4.0538125,self_selected_gait_speed
-0.8409114,5.7124577,sit_to_stand
15.073678,4.738904,stationary_walk
8.960962,-3.8731973,tm_3kmh
5.7349725,11.580895,romberg_closed
8.892367,-6.371609,self_selected_gait_speed
-3.1827505,4.4536624,sit_to_stand
17.122616,5.0699296,stationary_walk
9.631568,-5.5443563,tm_3kmh
8.96728,15.108768,romberg_closed
8.083234,-5.8738017,self_selected_gait_speed
-1.9328948,3.3956032,sit_to_stand
17.570961,5.572609,stationary_walk
8.131297,-5.683127,tm_3kmh
9.565184,12.91934,romberg_closed
9.583628,-4.7955985,self_selected_gait_speed
0.11226831,3.7598212,sit_to_stand
14.328971,5.652057,stationary_walk
9.528252,-4.796181,tm_3kmh
10.159149,15.337879,romberg_closed
6.8042912,-4.500683,self_selected_gait_speed
-1.2432704,5.47017,sit_to_stand
15.927043,3.882046,stationary_walk
6.8675017,-4.4599676,tm_3kmh
9.606427,14.809852,romberg_closed
7.7982907,-5.6572,self_selected_gait_speed
-1.436404,4.8015018,sit_to_stand
15.08083,3.4265697,stationary_walk
7.7595024,-5.7888827,tm_3kmh
10.287002,15.221792,romberg_closed
8.792177,-3.30126,self_selected_gait_speed
-2.1831472,5.176193,sit_to_stand
15.61492,3.5372686,stationary_walk
7.3029766,13.821733,romberg_closed
7.126081,-4.4253216,self_selected_gait_speed
-0.49514395,5.447028,sit_to_stand
16.361502,4.097452,stationary_walk
7.3694425,-4.3822913,tm_3kmh
8.959536,13.436868,romberg_closed
7.555218,-3.3274114,self_selected_gait_speed
-3.1365635,5.372848,sit_to_stand
16.750477,5.2397857,stationary_walk
7.800636,-3.3631163,tm_3kmh
10.873197,15.169253,romberg_closed
7.90684,-6.594148,self_selected_gait_speed
-0.5331418,3.7927313,sit_to_stand
14.946312,3.2252963,stationary_walk
7.756158,-6.6478806,tm_3kmh
9.172737,13.260762,romberg_closed
7.9378157,-5.725816,self_selected_gait_speed
-1.7087708,4.12305,sit_to_stand
14.5379,5.5971413,stationary_walk
7.755222,-5.707227,tm_3kmh
9.428255,14.1263,romberg_closed
7.9263077,-4.4835887,self_selected_gait_speed
-0.123382546,5.4289103,sit_to_stand
15.666782,4.1883574,stationary_walk
7.234444,-4.591452,tm_3kmh
8.95449,14.129088,romberg_closed
6.7310934,-6.245201,self_selected_gait_speed
-1.4543773,3.7696393,sit_to_stand
15.335535,4.0169525,stationary_walk
6.540018,-6.215491,tm_3kmh
8.638821,13.754594,romberg_closed
6.8274417,-6.6832542,self_selected_gait_speed
-3.4195118,5.146947,sit_to_stand
15.740043,5.938093,stationary_walk
7.1956196,-6.450277,tm_3kmh
6.4453645,11.7286,romberg_closed
8.856692,-4.385555,self_selected_gait_speed
-0.7929607,3.7428203,sit_to_stand
13.567191,4.8441286,stationary_walk
9.410802,-3.257213,tm_3kmh
7.2029786,14.218234,romberg_closed
8.412782,-5.5942163,self_selected_gait_speed
-1.4335871,3.8481789,sit_to_stand
16.56584,4.7018313,stationary_walk
8.038535,-5.556271,tm_3kmh
10.650954,14.092755,romberg_closed
7.0081234,-3.4858809,self_selected_gait_speed
-0.31940362,3.6231976,sit_to_stand
15.814964,4.4881635,stationary_walk
6.8508115,-3.6482606,tm_3kmh
7.8583775,13.875011,romberg_closed
8.401236,-4.368692,self_selected_gait_speed
0.09135045,5.2487764,sit_to_stand
16.356653,5.2929397,stationary_walk
7.9932933,-4.9229856,tm_3kmh
5.090394,10.994288,romberg_closed
7.592206,-1.4795942,self_selected_gait_speed
-2.7757215,3.434145,sit_to_stand
15.876221,6.715904,stationary_walk
6.99599,-1.5790977,tm_3kmh
8.217839,12.634067,romberg_closed
5.954428,-2.8917973,self_selected_gait_speed
-1.7947813,2.961711,sit_to_stand
15.60397,6.5225058,stationary_walk
5.4753494,11.401085,romberg_closed
8.459974,-2.9041972,self_selected_gait_speed
-2.9663665,3.8744166,sit_to_stand
17.200464,6.828409,stationary_walk
8.075687,-3.210094,tm_3kmh
5.9113913,11.458517,romberg_closed
4.8000383,-3.3859923,self_selected_gait_speed
-1.3318219,3.3942704,sit_to_stand
16.65566,4.4864373,stationary_walk
9.698136,15.079589,romberg_closed
6.8457584,-4.6213746,self_selected_gait_speed
-1.4918364,4.9730225,sit_to_stand
15.100898,3.7826896,stationary_walk
6.8945317,-4.6232386,tm_3kmh
5.298051,11.557215,romberg_closed
9.275765,-4.45668,self_selected_gait_speed
-2.8371773,4.458266,sit_to_stand
16.536549,5.5206504,stationary_walk
8.831681,-4.4431143,tm_3kmh
8.842735,14.393126,romberg_closed
7.17275,-4.6613383,self_selected_gait_speed
-1.169469,4.7769794,sit_to_stand
15.704131,4.4241996,stationary_walk
7.1576576,-4.6724205,tm_3kmh
9.667565,13.734034,romberg_closed
-1.6429667,5.5259895,sit_to_stand
17.154488,5.1903005,stationary_walk
8.94403,13.156172,romberg_closed
7.3929696,-2.7891676,self_selected_gait_speed
-1.3829007,3.2622151,sit_to_stand
15.257243,6.093204,stationary_walk
7.684228,-2.695597,tm_3kmh
5.607561,11.4024935,romberg_closed
7.8976903,-3.1125128,self_selected_gait_speed
-3.4047668,4.0936575,sit_to_stand
16.702217,6.5590034,stationary_walk
8.038739,-2.9700887,tm_3kmh
11.049111,14.41636,romberg_closed
7.200147,-5.4265842,self_selected_gait_speed
0.19346519,3.7722814,sit_to_stand
15.473365,3.66457,stationary_walk
9.042349,14.51168,romberg_closed
8.706468,-2.199864,self_selected_gait_speed
-3.2670848,4.3273377,sit_to_stand
15.406286,4.665568,stationary_walk
8.777963,-2.2371926,tm_3kmh
7.444548,13.177409,romberg_closed
7.677956,-4.829077,self_selected_gait_speed
-1.9097096,4.386891,sit_to_stand
15.396285,5.7717795,stationary_walk
7.4152207,-4.319568,tm_3kmh
9.426804,13.948254,romberg_closed
8.875612,-6.106157,self_selected_gait_speed
-0.6636532,5.9652286,sit_to_stand
16.13466,3.610303,stationary_walk
8.893187,-6.092751,tm_3kmh
6.754411,14.317537,romberg_closed
8.046295,-4.2229805,self_selected_gait_speed
-3.1907063,5.0866737,sit_to_stand
17.114902,5.820843,stationary_walk
7.5790014,-4.430467,tm_3kmh
8.503558,14.878584,romberg_closed
5.1568074,-3.6023407,self_selected_gait_speed
-0.5690033,5.317063,sit_to_stand
15.260208,3.5299425,stationary_walk
5.9564934,11.947272,romberg_closed
8.390829,-5.1485934,self_selected_gait_speed
-2.6396446,4.1093717,sit_to_stand
16.375277,5.0390387,stationary_walk
8.195563,-4.735132,tm_3kmh
7.900357,13.184371,romberg_closed
6.1096478,-4.241038,self_selected_gait_speed
-2.058239,5.2727213,sit_to_stand
14.726035,5.187971,stationary_walk
6.0674567,-4.171729,tm_3kmh
10.311009,14.774708,romberg_closed
9.7312355,-4.8146553,self_selected_gait_speed
-1.3882521,5.7485337,sit_to_stand
16.28785,5.4548006,stationary_walk
9.625945,-5.191621,tm_3kmh
6.329794,12.002016,romberg_closed
9.180052,-1.678356,self_selected_gait_speed
-1.3932142,2.8922036,sit_to_stand
15.891154,6.522715,stationary_walk
9.333422,-1.7256188,tm_3kmh
8.771389,15.474542,romberg_closed
8.030681,-4.8326626,self_selected_gait_speed
-1.5619725,4.9677796,sit_to_stand
15.970613,3.2404318,stationary_walk
7.7477007,-5.090859,tm_3kmh
7.0903263,14.058688,romberg_closed
8.764746,-3.7825518,self_selected_gait_speed
-2.636477,4.683643,sit_to_stand
15.911195,5.4493756,stationary_walk
8.335177,-3.9425523,tm_3kmh
10.821832,14.607107,romberg_closed
0.3393398,4.9133134,sit_to_stand
14.73067,3.3906722,stationary_walk
6.2566047,14.143314,romberg_closed
6.848883,-4.0507355,self_selected_gait_speed
-0.68866014,4.828471,sit_to_stand
17.24626,5.353503,stationary_walk
6.8924675,-3.5176895,tm_3kmh
6.62646,14.511829,romberg_closed
6.39244,-1.2703613,self_selected_gait_speed
-3.30183,5.1641355,sit_to_stand
17.90678,5.5228148,stationary_walk
6.390413,-1.4053497,tm_3kmh
10.153391,14.408995,romberg_closed
7.8326735,-5.4442143,self_selected_gait_speed
-2.1006,5.6059113,sit_to_stand
16.540596,3.8934994,stationary_walk
7.377539,-5.626421,tm_3kmh
9.01378,13.585423,romberg_closed
6.5257874,-0.7760795,self_selected_gait_speed
-1.4907062,4.650323,sit_to_stand
16.394201,5.5481143,stationary_walk
6.5106163,-0.6635669,tm_3kmh
10.140702,15.043693,romberg_closed
5.829464,-4.3902907,self_selected_gait_speed
-0.05113487,3.5717525,sit_to_stand
15.804199,4.0482697,stationary_walk
5.9210224,-4.553441,tm_3kmh
7.587305,14.8520565,romberg_closed
8.097439,-4.170389,self_selected_gait_speed
-0.90696883,4.4391627,sit_to_stand
16.472855,4.536807,stationary_walk
8.099839,-4.255529,tm_3kmh
6.9813485,14.88711,romberg_closed
6.805918,-3.782266,self_selected_gait_speed
-1.811,5.5268636,sit_to_stand
17.250984,4.127935,stationary_walk
6.497065,-3.6815295,tm_3kmh
6.8376393,13.048496,romberg_closed
9.826775,-5.6152067,self_selected_gait_speed
-1.4228289,2.8009515,sit_to_stand
16.304493,6.7481256,stationary_walk
9.734833,-5.7629333,tm_3kmh
6.4516697,13.544359,romberg_closed
7.289571,-2.6878436,self_selected_gait_speed
-1.629705,4.1885023,sit_to_stand
16.393656,5.859489,stationary_walk
7.6604986,-2.6015856,tm_3kmh
10.703532,14.7583,romberg_closed
9.629823,-4.8339458,self_selected_gait_speed
0.32921878,4.269045,sit_to_stand
15.121969,4.170954,stationary_walk
9.180894,-5.5543265,tm_3kmh
10.617194,14.328859,romberg_closed
7.0568066,-3.3063316,self_selected_gait_speed
-1.1525495,6.002092,sit_to_stand
15.65148,4.8848567,stationary_walk
6.9686594,-3.5211215,tm_3kmh
9.077713,13.462404,romberg_closed
5.830219,-4.1855855,self_selected_gait_speed
-3.4672608,4.6244287,sit_to_stand
16.087753,5.921106,stationary_walk
5.7227163,-3.8547199,tm_3kmh
7.933485,14.4443655,romberg_closed
7.0880084,-5.1184764,self_selected_gait_speed
-3.167981,3.5335507,sit_to_stand
17.021746,5.374637,stationary_walk
7.231709,-5.3767815,tm_3kmh
5.152004,11.631492,romberg_closed
7.356271,-3.3398163,self_selected_gait_speed
-1.7170072,3.8625321,sit_to_stand
16.815895,4.7723327,stationary_walk
6.3819137,-3.4733596,tm_3kmh
7.8183,13.897927,romberg_closed
-1.7804328,4.904118,sit_to_stand
17.045147,5.5858526,stationary_walk
7.3003287,14.032473,romberg_closed
7.454791,-2.4506629,self_selected_gait_speed
-1.8639013,5.6179843,sit_to_stand
14.98079,3.8925498,stationary_walk
8.073608,-2.2803621,tm_3kmh
5.787886,11.312776,romberg_closed
9.51979,-3.277654,self_selected_gait_speed
-0.38224632,4.901798,sit_to_stand
17.097404,6.025284,stationary_walk
9.333349,-3.0048254,tm_3kmh
7.211824,14.112248,romberg_closed
6.8296247,-5.803603,self_selected_gait_speed
-2.4020526,4.224098,sit_to_stand
14.862248,5.128476,stationary_walk
6.7622933,-5.6373053,tm_3kmh
6.3349233,12.189415,romberg_closed
8.488529,-4.2385135,self_selected_gait_speed
-0.7050053,5.401011,sit_to_stand
15.978472,6.334436,stationary_walk
8.265419,-4.189544,tm_3kmh
8.852463,14.33447,romberg_closed
6.2844667,-4.5385213,self_selected_gait_speed
-1.415569,3.4513826,sit_to_stand
16.26156,4.8658366,stationary_walk
4.996738,-3.2796953,tm_3kmh
11.496979,14.213196,romberg_closed
9.496408,-4.847108,self_selected_gait_speed
-0.3920807,3.8261786,sit_to_stand
14.44885,5.653599,stationary_walk
9.4950695,-4.9683695,tm_3kmh
8.0257225,13.98294,romberg_closed
7.2719836,-6.148498,self_selected_gait_speed
0.2272003,4.1720033,sit_to_stand
16.04652,4.9818745,stationary_walk
7.324972,-6.362646,tm_3kmh
7.142445,13.155322,romberg_closed
7.5450625,-3.6348581,self_selected_gait_speed
-3.2649667,4.5763683,sit_to_stand
16.999195,6.2641935,stationary_walk
7.469162,-3.5760782,tm_3kmh
6.699174,13.386856,romberg_closed
6.662216,-1.7731961,self_selected_gait_speed
-0.8192764,5.233609,sit_to_stand
16.748405,5.64682,stationary_walk
6.6166463,-1.856576,tm_3kmh
5.8583264,11.585502,romberg_closed
-2.16273,3.5841095,sit_to_stand
16.359642,6.4839153,stationary_walk
7.057762,13.634674,romberg_closed
9.751245,-2.5315948,self_selected_gait_speed
-1.3504105,2.7868912,sit_to_stand
15.32287,5.4735646,stationary_walk
9.398408,-2.3579185,tm_3kmh
6.9456334,14.422619,romberg_closed
7.5972943,-4.083159,self_selected_gait_speed
-1.225998,6.0355415,sit_to_stand
16.76858,3.8952513,stationary_walk
7.597455,-4.387513,tm_3kmh
8.35157,14.412121,romberg_closed
8.185505,-5.1191173,self_selected_gait_speed
-1.4107966,4.602834,sit_to_stand
15.390807,4.5968266,stationary_walk
8.07631,-4.6169057,tm_3kmh
9.472296,15.21517,romberg_closed
6.3724813,-6.5961204,self_selected_gait_speed
-0.72502196,4.8407984,sit_to_stand
16.495436,3.459003,stationary_walk
6.287481,-6.46046,tm_3kmh
7.930395,13.104044,romberg_closed
6.9699044,-2.4689002,self_selected_gait_speed
-2.462402,3.1515198,sit_to_stand
15.329038,6.3267913,stationary_walk
6.951098,-2.5404582,tm_3kmh
8.697814,12.72667,romberg_closed
8.865892,-3.8014452,self_selected_gait_speed
-1.8312601,3.1559436,sit_to_stand
14.727901,5.9825644,stationary_walk
8.999388,-3.537865,tm_3kmh
5.8625064,13.61496,romberg_closed
6.791735,-3.886061,self_selected_gait_speed
-0.15932484,4.3783126,sit_to_stand
16.549269,4.7311444,stationary_walk
6.976028,-3.75068,tm_3kmh
5.757306,11.480151,romberg_closed
7.658459,-5.5747256,self_selected_gait_speed
-0.9635102,4.17881,sit_to_stand
15.654,4.9498787,stationary_walk
8.151145,-5.520202,tm_3kmh
9.796211,14.71748,romberg_closed
7.690688,-3.9289267,self_selected_gait_speed
-2.2283049,4.9906516,sit_to_stand
16.71834,4.646893,stationary_walk
7.504479,-3.7488558,tm_3kmh
11.036937,13.971945,romberg_closed
6.292867,-5.9360104,self_selected_gait_speed
-1.5922866,4.214829,sit_to_stand
16.477781,4.762326,stationary_walk
6.105592,-5.9806433,tm_3kmh
8.678193,15.144021,romberg_closed
6.685758,-3.248222,self_selected_gait_speed
0.17844717,4.1557746,sit_to_stand
14.968113,3.2728522,stationary_walk
6.4702353,-3.2715628,tm_3kmh
7.7974815,14.365,romberg_closed
7.3616085,-4.1819177,self_selected_gait_speed
-2.3816793,4.782735,sit_to_stand
16.874397,5.5660815,stationary_walk
6.933427,-4.3244734,tm_3kmh
9.518231,13.422951,romberg_closed
9.684189,-5.7560687,self_selected_gait_speed
-0.14053378,3.218177,sit_to_stand
15.171074,5.996937,stationary_walk
9.857543,-5.6731033,tm_3kmh
9.79524,15.349051,romberg_closed
9.516669,-3.3182058,self_selected_gait_speed
-3.2812457,4.433636,sit_to_stand
15.4577055,3.9226627,stationary_walk
9.623554,-3.5263188,tm_3kmh
9.955701,13.566953,romberg_closed
7.087259,-3.9452791,self_selected_gait_speed
-1.2185913,4.8051763,sit_to_stand
14.676731,4.7075377,stationary_walk
6.8679204,-3.7412317,tm_3kmh
5.818565,11.539126,romberg_closed
-0.6433456,3.5115757,sit_to_stand
14.992542,5.865676,stationary_walk
6.744462,14.150071,romberg_closed
8.40401,-4.359618,self_selected_gait_speed
-1.648522,5.0350018,sit_to_stand
16.75557,5.1232014,stationary_walk
8.096849,-4.2292585,tm_3kmh
9.703434,13.734427,romberg_closed
6.502415,-3.4167647,self_selected_gait_speed
-0.5360745,4.259849,sit_to_stand
14.741153,4.8156576,stationary_walk
5.668935,-3.4731011,tm_3kmh
9.1508,14.738808,romberg_closed
9.798662,-3.397638,self_selected_gait_speed
-1.216657,5.9846287,sit_to_stand
15.81353,4.3249154,stationary_walk
9.284614,-3.3907604,tm_3kmh
9.072725,14.494404,romberg_closed
7.742738,-4.19235,self_selected_gait_speed
-0.37769592,4.829721,sit_to_stand
14.728909,4.8240337,stationary_walk
7.776475,-4.982398,tm_3kmh
7.6992426,12.976657,romberg_closed
8.08122,-2.3743415,self_selected_gait_speed
-2.7973173,4.4379144,sit_to_stand
16.203873,5.5053215,stationary_walk
7.676778,-2.4331672,tm_3kmh
9.619583,15.180574,romberg_closed
7.9423747,-2.4268873,self_selected_gait_speed
-1.9355148,4.81369,sit_to_stand
16.347488,4.869352,stationary_walk
8.059531,-2.3871186,tm_3kmh
8.29679,14.454408,romberg_closed
7.0989857,-2.8374898,self_selected_gait_speed
-2.3754566,4.2039733,sit_to_stand
17.468636,6.039994,stationary_walk
7.3967977,-2.363892,tm_3kmh
10.520945,14.762748,romberg_closed
4.8564367,-3.5040743,self_selected_gait_speed
0.55578685,4.43104,sit_to_stand
15.490811,3.3128068,stationary_walk
4.796471,-3.343519,tm_3kmh
5.313107,11.817597,romberg_closed
9.393844,-1.9337299,self_selected_gait_speed
-2.7227392,4.1344185,sit_to_stand
17.58978,6.0437894,stationary_walk
9.397483,-1.9648736,tm_3kmh
9.745882,14.681282,romberg_closed
7.2339325,-5.59281,self_selected_gait_speed
-0.9979294,5.18379,sit_to_stand
15.514433,3.5806403,stationary_walk
7.2181892,-5.8841643,tm_3kmh
11.339153,14.464514,romberg_closed
8.528558,-5.3432636,self_selected_gait_speed
-0.7927987,5.0184994,sit_to_stand
14.877533,4.475903,stationary_walk
8.157329,-5.191764,tm_3kmh
8.335201,12.853199,romberg_closed
6.8774424,-6.2202907,self_selected_gait_speed
-2.7922611,3.5841537,sit_to_stand
15.556217,6.27737,stationary_walk
6.54554,-6.091927,tm_3kmh
7.1368513,15.045922,romberg_closed
6.1494923,-4.4446573,self_selected_gait_speed
-1.8617301,3.8889735,sit_to_stand
16.158966,5.598679,stationary_walk
6.2581496,-4.5152755,tm_3kmh
6.107184,12.396112,romberg_closed
9.0912895,-2.3673353,self_selected_gait_speed
-2.2559578,5.0952344,sit_to_stand
16.607132,4.9081798,stationary_walk
8.831899,-2.3360689,tm_3kmh
9.31049,14.651843,romberg_closed
5.2981696,-5.028812,self_selected_gait_speed
-1.2038013,5.8648634,sit_to_stand
16.046398,3.3967998,stationary_walk
5.3495264,-4.9378896,tm_3kmh
7.900772,13.573264,romberg_closed
7.4936147,-3.812417,self_selected_gait_speed
-0.4443111,4.442395,sit_to_stand
16.35,5.6403,stationary_walk
7.4196787,-3.4558995,tm_3kmh
9.814876,15.41349,romberg_closed
-0.25818044,4.407999,sit_to_stand
15.099097,3.158481,stationary_walk
7.658868,13.742613,romberg_closed
6.474051,-0.8093956,self_selected_gait_speed
-0.3041089,3.4671636,sit_to_stand
15.018723,4.2260423,stationary_walk
6.455284,-0.70696646,tm_3kmh
9.041743,13.326569,romberg_closed
7.1792974,-4.5600433,self_selected_gait_speed
-1.4575205,3.7431347,sit_to_stand
15.578251,5.8625536,stationary_walk
6.9387164,-5.1550865,tm_3kmh
6.6866374,13.292676,romberg_closed
6.864762,-2.9553454,self_selected_gait_speed
-1.337959,4.266798,sit_to_stand
17.342398,5.4003983,stationary_walk
7.0206323,-2.9013615,tm_3kmh
8.485286,13.3341465,romberg_closed
6.7006416,-5.1476555,self_selected_gait_speed
-0.88780725,4.862145,sit_to_stand
15.925789,4.8302755,stationary_walk
7.2772174,-4.868166,tm_3kmh
11.370894,14.785133,romberg_closed
8.894967,-5.3618736,self_selected_gait_speed
0.23377965,3.7133584,sit_to_stand
14.932977,3.3998063,stationary_walk
9.485606,-4.4836764,tm_3kmh
6.6237183,14.310486,romberg_closed
7.041792,-3.3135583,self_selected_gait_speed
-1.3418146,3.8272274,sit_to_stand
17.134836,3.9662762,stationary_walk
7.0293307,-3.113508,tm_3kmh
7.7918987,13.385868,romberg_closed
8.157826,-2.9866004,self_selected_gait_speed
-1.3932064,4.178907,sit_to_stand
16.087576,6.003653,stationary_walk
7.7007456,-2.8001895,tm_3kmh
6.53344,14.273688,romberg_closed
8.316925,-4.058454,self_selected_gait_speed
-2.84552,4.69222,sit_to_stand
17.760748,6.245458,stationary_walk
5.5779667,-1.7812971,tm_3kmh
6.5748096,14.857676,romberg_closed
7.5294056,-4.5111203,self_selected_gait_speed
-2.8078775,5.6150837,sit_to_stand
16.96889,4.556705,stationary_walk
7.008738,-4.520459,tm_3kmh
6.7423077,12.172019,romberg_closed
8.0207615,-4.5245013,self_selected_gait_speed
-1.2308576,5.6232443,sit_to_stand
16.204075,4.9482837,stationary_walk
8.173243,-4.5398607,tm_3kmh
9.759933,13.526383,romberg_closed
6.026653,-6.0025864,self_selected_gait_speed
-0.50830036,3.6156056,sit_to_stand
15.327672,4.547979,stationary_walk
5.8561425,-5.7224927,tm_3kmh
5.9984813,11.469931,romberg_closed
6.9775867,-1.2760099,self_selected_gait_speed
-1.9097162,5.97761,sit_to_stand
16.723476,4.7241793,stationary_walk
6.8417573,-1.4302846,tm_3kmh
8.750201,13.495325,romberg_closed
6.459058,-5.1184764,self_selected_gait_speed
-3.0123174,4.9606643,sit_to_stand
15.324453,4.8548403,stationary_walk
6.114762,-4.941279,tm_3kmh
7.811277,14.308839,romberg_closed
-3.731161,4.56416,sit_to_stand
17.637003,6.616422,stationary_walk
7.7819085,14.023892,romberg_closed
5.795994,-4.242581,self_selected_gait_speed
-1.9756784,5.1111727,sit_to_stand
17.522497,4.8670607,stationary_walk
5.933049,-4.4309707,tm_3kmh
9.984699,15.120916,romberg_closed
7.2841287,-3.9662478,self_selected_gait_speed
-2.3979456,5.667587,sit_to_stand
16.241337,3.9352074,stationary_walk
8.199893,-3.1866288,tm_3kmh
9.633689,15.226851,romberg_closed
5.5907173,-4.478493,self_selected_gait_speed
-1.025401,5.8006754,sit_to_stand
16.092392,4.887228,stationary_walk
5.7431374,-4.4631333,tm_3kmh
9.327663,14.6761875,romberg_closed
8.440588,-6.30347,self_selected_gait_speed
-0.019487504,3.6621788,sit_to_stand
14.990096,3.3450558,stationary_walk
8.32438,-6.3495383,tm_3kmh
9.785789,13.454714,romberg_closed
8.648521,-3.2748048,self_selected_gait_speed
-0.94168514,3.2991905,sit_to_stand
14.909112,6.000528,stationary_walk
8.812364,-3.7319474,tm_3kmh
11.078892,14.473309,romberg_closed
9.013591,-5.8452306,self_selected_gait_speed
-0.4385864,5.051712,sit_to_stand
15.800153,5.096724,stationary_walk
9.010403,-5.7287683,tm_3kmh
9.4949665,14.591538,romberg_closed
6.4105635,-5.4580274,self_selected_gait_speed
-0.7416175,4.7982497,sit_to_stand
15.632754,3.5912528,stationary_walk
6.078598,-5.263377,tm_3kmh
7.7715845,13.654136,romberg_closed
8.443479,-4.7645545,self_selected_gait_speed
-2.840944,5.465658,sit_to_stand
15.670657,5.8489404,stationary_walk
8.02651,-4.8649206,tm_3kmh
10.456355,14.301415,romberg_closed
5.9154677,-6.1845727,self_selected_gait_speed
-0.6351855,5.450919,sit_to_stand
15.31738,3.2721403,stationary_walk
5.8775945,-6.125045,tm_3kmh
9.11744,13.924356,romberg_closed
5.945661,-3.0909615,self_selected_gait_speed
-2.2611067,5.2085233,sit_to_stand
16.071161,4.4964395,stationary_walk
6.10506,-3.015956,tm_3kmh
9.105311,14.160276,romberg_closed
6.016844,-5.1942196,self_selected_gait_speed
-3.381187,5.3025146,sit_to_stand
13.814295,4.359144,stationary_walk
5.9913135,-4.7198067,tm_3kmh
8.290241,13.972078,romberg_closed
7.7185493,-6.5159907,self_selected_gait_speed
-0.85813206,3.0044591,sit_to_stand
13.5464115,4.45479,stationary_walk
7.2350955,-6.53036,tm_3kmh
8.464314,15.372486,romberg_closed
6.839367,-4.472552,self_selected_gait_speed
-1.631856,4.7847395,sit_to_stand
17.014095,4.3238206,stationary_walk
6.838601,-4.4384274,tm_3kmh
6.1252704,12.057809,romberg_closed
8.69127,-2.3759706,self_selected_gait_speed
-3.6771023,4.427531,sit_to_stand
15.031327,4.887543,stationary_walk
8.819997,-2.405768,tm_3kmh
9.197423,14.1098175,romberg_closed
7.8072577,-5.1148033,self_selected_gait_speed
-2.5821717,4.00191,sit_to_stand
16.546457,5.0806494,stationary_walk
8.137177,-4.9925566,tm_3kmh
8.83876,12.664807,romberg_closed
8.500402,-3.1443834,self_selected_gait_speed
-0.69008076,4.9894533,sit_to_stand
15.456023,6.4926057,stationary_walk
8.53094,-3.1819143,tm_3kmh
9.323489,15.228584,romberg_closed
7.4034066,-5.7555366,self_selected_gait_speed
-1.8899682,5.5412498,sit_to_stand
15.619739,3.930231,stationary_walk
7.201809,-5.708518,tm_3kmh
6.1344047,11.511682,romberg_closed
9.465228,-3.2910843,self_selected_gait_speed
-2.7089686,3.232662,sit_to_stand
17.042656,6.9652147,stationary_walk
9.447108,-2.8310337,tm_3kmh
8.076887,12.936779,romberg_closed
8.04227,-2.780998,self_selected_gait_speed
-2.810667,5.55747,sit_to_stand
15.429138,4.707927,stationary_walk
7.15085,-3.0068734,tm_3kmh
8.592068,13.317095,romberg_closed
9.347069,-3.6709976,self_selected_gait_speed
-0.87160707,4.855084,sit_to_stand
15.706141,5.8081317,stationary_walk
9.097157,-3.6910853,tm_3kmh
10.295977,14.209959,romberg_closed
8.014877,-5.4902606,self_selected_gait_speed
-0.6529297,5.015796,sit_to_stand
16.307549,4.7136188,stationary_walk
7.57148,-5.2065477,tm_3kmh
7.941036,15.049991,romberg_closed
8.756662,-5.5462494,self_selected_gait_speed
-3.0786912,5.296518,sit_to_stand
15.951171,4.104254,stationary_walk
8.415712,-5.740973,tm_3kmh
9.833586,13.898361,romberg_closed
-2.6249344,5.4635987,sit_to_stand
15.140714,3.9211667,stationary_walk
6.996195,14.38343,romberg_closed
8.224229,-2.119635,self_selected_gait_speed
-3.5298235,4.967586,sit_to_stand
17.548687,6.078954,stationary_walk
8.560339,-1.98127,tm_3kmh
8.391683,14.152657,romberg_closed
8.733672,-5.1042185,self_selected_gait_speed
-2.4818034,3.8405073,sit_to_stand
15.772389,5.226616,stationary_walk
8.7843,-5.294474,tm_3kmh
6.1264367,11.99601,romberg_closed
8.936116,-2.7703958,self_selected_gait_speed
-3.347388,5.380799,sit_to_stand
17.640938,5.9489408,stationary_walk
9.062122,-2.8102188,tm_3kmh
7.0732784,13.103938,romberg_closed
8.490894,-3.7012558,self_selected_gait_speed
-2.4403698,3.2580328,sit_to_stand
16.459505,5.566732,stationary_walk
8.153519,-2.976244,tm_3kmh
5.6435466,11.588871,romberg_closed
9.749909,-2.9145527,self_selected_gait_speed
-1.8650546,4.5565515,sit_to_stand
16.966473,6.554189,stationary_walk
9.605166,-3.2204518,tm_3kmh
8.374502,14.38896,romberg_closed
8.383201,-5.4941154,self_selected_gait_speed
-2.8443902,5.299243,sit_to_stand
15.780247,3.208227,stationary_walk
9.270205,-4.6684403,tm_3kmh
7.1814303,14.840776,romberg_closed
9.212123,-5.1210513,self_selected_gait_speed
-0.85539377,5.230992,sit_to_stand
17.092241,5.146432,stationary_walk
9.312678,-5.037263,tm_3kmh
8.919211,14.674423,romberg_closed
8.726059,-5.352284,self_selected_gait_speed
-1.271984,5.854369,sit_to_stand
17.322649,4.3587875,stationary_walk
8.362012,-5.4902587,tm_3kmh
10.40695,14.758391,romberg_closed
6.8099985,-4.590156,self_selected_gait_speed
-1.4604623,4.518468,sit_to_stand
14.704914,4.5399346,stationary_walk
6.8447075,-4.3647404,tm_3kmh
6.115348,11.495647,romberg_closed
-1.5358024,2.9333134,sit_to_stand
14.752531,6.011317,stationary_walk
9.281936,15.121836,romberg_closed
5.3450365,-4.9400434,self_selected_gait_speed
-2.256167,4.61514,sit_to_stand
15.858247,3.2149706,stationary_walk
5.339648,-5.036191,tm_3kmh
9.834216,14.053425,romberg_closed
7.117446,-5.1236157,self_selected_gait_speed
-0.030269431,4.2310925,sit_to_stand
15.759032,5.266349,stationary_walk
6.9695716,-4.971244,tm_3kmh
10.360274,15.098997,romberg_closed
8.016935,-5.4777784,self_selected_gait_speed
-0.6486123,4.102335,sit_to_stand
14.717005,3.43143,stationary_walk
9.730729,-5.1566334,tm_3kmh
9.743562,13.949334,romberg_closed
5.797,-5.0580206,self_selected_gait_speed
-1.0904964,3.8782723,sit_to_stand
14.961763,4.0442157,stationary_walk
5.7482004,-5.031686,tm_3kmh
10.456247,14.383075,romberg_closed
7.095255,-6.060538,self_selected_gait_speed
-1.2285836,4.9457874,sit_to_stand
16.063942,4.0602713,stationary_walk
6.823656,-6.0287576,tm_3kmh
5.902421,11.925281,romberg_closed
8.71811,-5.964176,self_selected_gait_speed
-0.6218747,3.5545561,sit_to_stand
16.73339,5.9297047,stationary_walk
8.683197,-5.852228,tm_3kmh
6.2084394,13.583321,romberg_closed
8.162097,-3.5282795,self_selected_gait_speed
-3.47122,5.169549,sit_to_stand
17.651901,6.296206,stationary_walk
8.191864,-3.317831,tm_3kmh
5.585394,11.345594,romberg_closed
8.511279,-3.933357,self_selected_gait_speed
-3.4566503,4.513725,sit_to_stand
16.89032,5.9620295,stationary_walk
8.168432,-3.568456,tm_3kmh
9.726728,14.693045,romberg_closed
7.9124913,-5.065874,self_selected_gait_speed
-0.25606513,3.5997362,sit_to_stand
14.504521,4.6555395,stationary_walk
8.420094,-5.3461637,tm_3kmh
9.567804,13.538497,romberg_closed
8.507332,-5.0921793,self_selected_gait_speed
-1.954874,3.434728,sit_to_stand
14.736498,4.7114005,stationary_walk
7.8953853,-5.435463,tm_3kmh
7.1181536,14.2798195,romberg_closed
8.286921,-5.376595,self_selected_gait_speed
-1.393767,4.4544907,sit_to_stand
17.410818,5.0299273,stationary_walk
8.102589,-4.954761,tm_3kmh
6.273461,13.007823,romberg_closed
8.304869,-4.7119665,self_selected_gait_speed
0.3019278,4.57623,sit_to_stand
17.061079,6.691585,stationary_walk
8.052881,-4.138448,tm_3kmh
8.005492,12.800357,romberg_closed
8.709893,-4.041413,self_selected_gait_speed
-0.040608898,4.104983,sit_to_stand
15.984743,6.2903547,stationary_walk
8.875132,-4.070227,tm_3kmh
8.991569,13.623448,romberg_closed
9.5534,-3.6290605,self_selected_gait_speed
-1.4431388,2.8662007,sit_to_stand
15.446487,4.938722,stationary_walk
9.503144,-3.6957831,tm_3kmh
7.695168,13.971807,romberg_closed
-2.4896545,5.2630606,sit_to_stand
16.707844,5.7415414,stationary_walk
9.173072,14.191843,romberg_closed
7.601825,-3.5690238,self_selected_gait_speed
-3.214969,5.25386,sit_to_stand
15.254466,4.648649,stationary_walk
7.4138036,-3.6221225,tm_3kmh
6.4208922,12.154678,romberg_closed
8.57411,-4.6705713,self_selected_gait_speed
-2.5792477,4.4245524,sit_to_stand
15.500604,5.0314665,stationary_walk
8.3505125,-4.5446715,tm_3kmh
6.040089,14.180603,romberg_closed
6.212377,-4.0268803,self_selected_gait_speed
-2.139534,5.92859,sit_to_stand
17.649096,5.2774825,stationary_walk
6.4857674,-4.1735086,tm_3kmh
10.402458,14.207085,romberg_closed
8.750635,-5.281168,self_selected_gait_speed
-2.1845202,5.8605604,sit_to_stand
17.324072,5.8792915,stationary_walk
8.483167,-5.540144,tm_3kmh
6.94103,13.360607,romberg_closed
8.210816,-3.0949907,self_selected_gait_speed
-1.0348076,5.3955483,sit_to_stand
15.828874,6.0313144,stationary_walk
5.4962325,-1.6478667,tm_3kmh
9.689802,15.306563,romberg_closed
5.1304407,-3.8785424,self_selected_gait_speed
-0.12022324,4.376725,sit_to_stand
15.619957,4.025464,stationary_walk
4.941943,-3.7904558,tm_3kmh
5.346407,11.886672,romberg_closed
9.733924,-2.2615032,self_selected_gait_speed
-1.5548767,5.2048755,sit_to_stand
16.899107,6.4399137,stationary_walk
9.812415,-2.2171137,tm_3kmh
7.4804206,13.182703,romberg_closed
5.1918015,-3.7805243,self_selected_gait_speed
-0.26953283,4.4359946,sit_to_stand
15.0668,5.2766037,stationary_walk
5.002865,-3.6841395,tm_3kmh
9.046918,13.994965,romberg_closed
9.511559,-4.688032,self_selected_gait_speed
-2.875097,5.2794695,sit_to_stand
15.337997,4.5024724,stationary_walk
9.681511,-4.270833,tm_3kmh
10.320548,13.555361,romberg_closed
6.1877866,-4.6288023,self_selected_gait_speed
0.31956357,3.8545449,sit_to_stand
15.073453,4.5728993,stationary_walk
6.156411,-4.7799416,tm_3kmh
9.473296,14.031761,romberg_closed
7.3646317,-6.5476384,self_selected_gait_speed
-1.3131728,4.6424093,sit_to_stand
15.516212,3.9442964,stationary_walk
7.4701114,-6.382305,tm_3kmh
8.088705,14.553037,romberg_closed
7.530896,-6.791025,self_selected_gait_speed
-0.9377935,4.2788496,sit_to_stand
14.578519,4.8789797,stationary_walk
7.6889677,-6.5975585,tm_3kmh
7.137288,13.14378,romberg_closed
-3.384737,4.4168077,sit_to_stand
16.041368,6.335839,stationary_walk
8.65372,14.355829,romberg_closed
6.3292184,-2.8392515,self_selected_gait_speed
-2.5434167,4.441382,sit_to_stand
16.679039,5.0930405,stationary_walk
6.435386,-2.8493552,tm_3kmh
10.437847,14.1813135,romberg_closed
8.630706,-4.8087015,self_selected_gait_speed
-3.076098,4.3460383,sit_to_stand
17.877304,5.785204,stationary_walk
8.649193,-4.9337206,tm_3kmh
8.990883,15.288688,romberg_closed
7.4043927,-5.726663,self_selected_gait_speed
-3.0486412,4.908331,sit_to_stand
16.453712,3.3645816,stationary_walk
7.381068,-6.119315,tm_3kmh
8.569962,15.08036,romberg_closed
7.783245,-5.4324045,self_selected_gait_speed
0.053671554,4.043416,sit_to_stand
17.085934,4.0144315,stationary_walk
7.6127577,-5.01132,tm_3kmh
9.380963,13.212574,romberg_closed
7.1146755,-3.1658723,self_selected_gait_speed
-1.1854084,2.9780138,sit_to_stand
15.325386,5.251029,stationary_walk
7.471693,-2.9881709,tm_3kmh
9.539226,14.827513,romberg_closed
5.486152,-4.91104,self_selected_gait_speed
-1.6710895,3.6371055,sit_to_stand
15.333405,3.759828,stationary_walk
5.5530167,-4.6803064,tm_3kmh
7.918929,15.314509,romberg_closed
5.513708,-1.8019097,self_selected_gait_speed
-2.80134,5.398208,sit_to_stand
15.94628,3.4938474,stationary_walk
5.295915,-1.550644,tm_3kmh
9.480237,15.159152,romberg_closed
8.395101,-4.7976856,self_selected_gait_speed
-2.566759,5.303127,sit_to_stand
16.465954,4.342454,stationary_walk
7.9947286,-4.579959,tm_3kmh
6.6281133,14.16686,romberg_closed
7.968988,-5.064871,self_selected_gait_speed
-0.46543157,5.460839,sit_to_stand
16.312057,4.4052353,stationary_walk
7.9652543,-4.950828,tm_3kmh
6.194041,12.910312,romberg_closed
6.653477,-3.8323436,self_selected_gait_speed
-1.617967,5.868572,sit_to_stand
14.11594,4.378102,stationary_walk
6.139926,-4.344398,tm_3kmh
5.174389,11.52811,romberg_closed
9.126227,-3.0721328,self_selected_gait_speed
-2.5870078,3.5335124,sit_to_stand
16.884417,6.1638412,stationary_walk
8.782584,-3.3075438,tm_3kmh
7.312899,15.031655,romberg_closed
9.097998,-2.8796337,self_selected_gait_speed
-1.990275,5.125169,sit_to_stand
16.470703,4.189782,stationary_walk
8.667447,-2.9121995,tm_3kmh
6.987784,13.998958,romberg_closed
6.84849,-6.9151077,self_selected_gait_speed
0.036492314,4.8376946,sit_to_stand
15.290909,3.6259866,stationary_walk
6.60929,-6.820123,tm_3kmh
6.233215,11.775995,romberg_closed
-2.8231394,5.54626,sit_to_stand
16.932207,5.4697223,stationary_walk
7.9795194,14.3733,romberg_closed
8.059107,-3.5997128,self_selected_gait_speed
-0.059021853,3.8766053,sit_to_stand
15.326322,5.316561,stationary_walk
8.903909,-4.5071425,tm_3kmh
6.843931,14.857518,romberg_closed
7.1943955,-3.9369166,self_selected_gait_speed
-2.627715,5.259021,sit_to_stand
16.72928,4.6752887,stationary_walk
7.023312,-3.9071138,tm_3kmh
7.746304,14.695476,romberg_closed
7.6417274,-4.0117235,self_selected_gait_speed
-3.2314482,5.189577,sit_to_stand
15.6876135,3.5739684,stationary_walk
7.799774,-3.9526658,tm_3kmh
9.11807,14.983151,romberg_closed
6.0416346,-6.0536537,self_selected_gait_speed
-0.30362043,4.697472,sit_to_stand
15.618509,3.4255755,stationary_walk
6.0634413,-6.4129915,tm_3kmh
10.505616,14.250374,romberg_closed
7.670602,-4.110463,self_selected_gait_speed
-0.82078236,4.652514,sit_to_stand
15.1208725,4.4838605,stationary_walk
7.603052,-4.2854204,tm_3kmh
10.6417055,14.137071,romberg_closed
7.451121,-4.8292193,self_selected_gait_speed
0.080884926,3.8773005,sit_to_stand
14.514722,4.1375203,stationary_walk
6.936618,-4.615841,tm_3kmh
6.583784,13.084703,romberg_closed
9.28056,-5.3006744,self_selected_gait_speed
-0.2249011,3.8068404,sit_to_stand
15.249378,6.036697,stationary_walk
9.286896,-5.1990066,tm_3kmh
6.209251,14.225962,romberg_closed
7.6738734,-3.4531658,self_selected_gait_speed
-0.6134787,5.05581,sit_to_stand
16.756178,5.846937,stationary_walk
7.9387245,-2.9370708,tm_3kmh
6.171391,11.998383,romberg_closed
8.120677,-6.217827,self_selected_gait_speed
0.15598664,5.09039,sit_to_stand
16.879644,4.607926,stationary_walk
7.9771967,-6.258371,tm_3kmh
9.250149,14.847051,romberg_closed
7.358763,-5.2812524,self_selected_gait_speed
-1.1858225,5.534285,sit_to_stand
15.354744,3.6841636,stationary_walk
7.169181,-5.6810613,tm_3kmh
8.268173,13.016266,romberg_closed
8.947696,-5.0307946,self_selected_gait_speed
-1.4529331,3.9058993,sit_to_stand
14.867372,5.5901675,stationary_walk
7.381465,-5.819835,tm_3kmh
9.987871,15.331963,romberg_closed
7.2434874,-6.603993,self_selected_gait_speed
-1.087203,4.1838603,sit_to_stand
15.336047,3.7702942,stationary_walk
7.409393,-6.4398828,tm_3kmh
10.401118,13.817835,romberg_closed
7.4669924,-4.78109,self_selected_gait_speed
-0.23462068,3.7583265,sit_to_stand
16.256638,4.630657,stationary_walk
7.368854,-5.083137,tm_3kmh
4.918822,11.064816,romberg_closed
9.508752,-2.8517687,self_selected_gait_speed
-2.8942614,4.3486724,sit_to_stand
16.70649,6.558881,stationary_walk
9.364473,-2.8647118,tm_3kmh
6.9746714,14.917282,romberg_closed
9.598838,-3.3830748,self_selected_gait_speed
-2.572049,5.6476808,sit_to_stand
16.322016,3.7764814,stationary_walk
9.520789,-3.426999,tm_3kmh
6.542481,13.482299,romberg_closed
9.248621,-4.0435767,self_selected_gait_speed
-2.5529509,5.550719,sit_to_stand
15.8636675,6.215283,stationary_walk
9.244829,-3.9310312,tm_3kmh
7.7051835,12.946432,romberg_closed
8.160067,-2.96381,self_selected_gait_speed
-1.6400675,3.1402347,sit_to_stand
13.935726,4.7196236,stationary_walk
8.412853,-2.691562,tm_3kmh
10.521664,14.283357,romberg_closed
7.619501,-5.82189,self_selected_gait_speed
-2.117048,4.64736,sit_to_stand
14.501621,4.699458,stationary_walk
7.095769,-6.17594,tm_3kmh
10.021645,13.581589,romberg_closed
6.172717,-4.5481195,self_selected_gait_speed
-1.0182704,3.0463312,sit_to_stand
15.242777,4.5678144,stationary_walk
6.317262,-4.7320886,tm_3kmh
6.657404,12.194222,romberg_closed
6.9132786,-2.9986126,self_selected_gait_speed
-3.5670936,4.8458533,sit_to_stand
17.506575,5.656368,stationary_walk
6.6796875,-3.1708887,tm_3kmh
9.160402,13.98327,romberg_closed
8.023684,-4.550592,self_selected_gait_speed
-1.7903719,3.2316537,sit_to_stand
16.66321,5.2683196,stationary_walk
8.2574625,-4.630028,tm_3kmh
10.084073,14.812057,romberg_closed
7.76167,-5.00337,self_selected_gait_speed
-0.55192053,5.3884196,sit_to_stand
15.070218,4.13853,stationary_walk
7.9290476,-5.268591,tm_3kmh
10.037048,14.16708,romberg_closed
6.8121614,-4.906228,self_selected_gait_speed
0.16704467,3.7070112,sit_to_stand
13.488728,4.6660633,stationary_walk
7.2193103,-4.7771044,tm_3kmh
9.919168,13.206565,romberg_closed
9.120021,-4.3754873,self_selected_gait_speed
-2.2677398,3.0416346,sit_to_stand
14.411547,5.598626,stationary_walk
9.009242,-4.1217713,tm_3kmh
11.353944,14.166821,romberg_closed
9.335282,-6.018923,self_selected_gait_speed
-0.18042247,3.1024203,sit_to_stand
15.194195,4.6999583,stationary_walk
9.278163,-5.9600406,tm_3kmh
8.792579,14.4305105,romberg_closed
8.015474,-4.812395,self_selected_gait_speed
-1.8728716,5.8255844,sit_to_stand
16.828938,4.036993,stationary_walk
7.8594694,-4.761429,tm_3kmh
8.494678,15.078847,romberg_closed
-2.7421908,5.702854,sit_to_stand
16.513304,3.9845347,stationary_walk
7.709415,13.643566,romberg_closed
7.1390605,-3.938922,self_selected_gait_speed
-2.2846043,5.3850045,sit_to_stand
17.260727,5.977492,stationary_walk
6.783335,-3.7891245,tm_3kmh
6.7555213,13.091175,romberg_closed
9.6746435,-2.5244346,self_selected_gait_speed
-0.49793828,3.1540272,sit_to_stand
15.326789,5.8218,stationary_walk
9.668695,-2.4763024,tm_3kmh
6.698197,14.316148,romberg_closed
8.746466,-5.0202107,self_selected_gait_speed
-0.5782387,4.115904,sit_to_stand
16.667675,5.188702,stationary_walk
8.164135,-5.283573,tm_3kmh
8.4247875,13.549874,romberg_closed
7.015436,-3.8333275,self_selected_gait_speed
-2.2990575,4.271016,sit_to_stand
16.368824,4.7012906,stationary_walk
7.4040766,-4.0263925,tm_3kmh
9.930264,14.179222,romberg_closed
8.833179,-3.5961332,self_selected_gait_speed
-2.2584972,4.9439125,sit_to_stand
15.133446,4.1042128,stationary_walk
9.039768,-3.4019732,tm_3kmh
6.255809,11.7085085,romberg_closed
7.779668,-5.4816656,self_selected_gait_speed
-1.9778899,3.1841295,sit_to_stand
16.864172,4.526811,stationary_walk
7.9070606,-5.5387154,tm_3kmh
6.194369,11.69839,romberg_closed
8.117578,-3.78393,self_selected_gait_speed
-1.0920246,4.6439824,sit_to_stand
17.173807,5.576806,stationary_walk
8.20665,-3.6140795,tm_3kmh
6.823699,13.271597,romberg_closed
8.364995,-4.032333,self_selected_gait_speed
-2.593437,4.174128,sit_to_stand
16.417816,6.429202,stationary_walk
8.247631,-3.5787141,tm_3kmh
6.0600214,13.990961,romberg_closed
8.497981,-3.5698018,self_selected_gait_speed
-2.024403,5.2650476,sit_to_stand
16.22226,3.2978861,stationary_walk
8.064958,-4.124545,tm_3kmh
9.7648735,14.053606,romberg_closed
7.9215474,-6.6372585,self_selected_gait_speed
-1.1459436,5.6874037,sit_to_stand
15.397596,5.6091704,stationary_walk
8.025396,-6.5550976,tm_3kmh
9.344864,13.517222,romberg_closed
5.924974,-5.932874,self_selected_gait_speed
-1.5838822,3.45246,sit_to_stand
15.229984,5.1553807,stationary_walk
5.898691,-5.7378783,tm_3kmh
9.628492,14.65876,romberg_closed
5.6128793,-5.3017254,self_selected_gait_speed
-1.2966461,5.062764,sit_to_stand
15.612812,3.9997873,stationary_walk
5.5138097,-5.185376,tm_3kmh
9.55217,13.651665,romberg_closed
9.727319,-3.1046524,self_selected_gait_speed
-1.5332661,3.6060386,sit_to_stand
16.608755,5.750753,stationary_walk
9.673888,-3.718439,tm_3kmh
9.939231,13.816335,romberg_closed
7.1367617,-6.4727774,self_selected_gait_speed
-0.55267936,5.679149,sit_to_stand
14.713766,4.279657,stationary_walk
7.0700426,-6.6223745,tm_3kmh
6.496497,14.553024,romberg_closed
6.5563774,-1.7491084,self_selected_gait_speed
-3.7581835,4.944456,sit_to_stand
17.95687,5.82336,stationary_walk
6.591018,-1.6558839,tm_3kmh
8.647182,13.582113,romberg_closed
6.806989,-6.037479,self_selected_gait_speed
-0.8528083,3.8167617,sit_to_stand
16.468805,4.316535,stationary_walk
6.7465944,-5.9393225,tm_3kmh
6.007137,14.146035,romberg_closed
8.136591,-3.63349,self_selected_gait_speed
-1.936642,5.632737,sit_to_stand
17.636173,5.4259057,stationary_walk
8.160117,-3.8045065,tm_3kmh
10.064922,13.736768,romberg_closed
-2.2727854,3.7561197,sit_to_stand
15.278838,5.702466,stationary_walk
8.99513,13.37139,romberg_closed
9.419291,-2.5214748,self_selected_gait_speed
-1.7380292,3.7672744,sit_to_stand
16.97011,5.4660273,stationary_walk
9.45335,-2.9255316,tm_3kmh
8.454289,13.876405,romberg_closed
7.2231307,-6.354425,self_selected_gait_speed
-2.3277793,4.564861,sit_to_stand
15.305483,4.72406,stationary_walk
7.2212005,-6.076246,tm_3kmh
10.603502,13.601944,romberg_closed
-0.60403395,2.7679398,sit_to_stand
14.22429,5.474156,stationary_walk
8.7083645,12.773351,romberg_closed
6.5730815,-3.455126,self_selected_gait_speed
0.33149803,4.032751,sit_to_stand
15.725651,4.861776,stationary_walk
6.360175,-3.7288756,tm_3kmh
6.352747,14.10544,romberg_closed
9.252806,-2.8158848,self_selected_gait_speed
-0.82481915,3.7810047,sit_to_stand
17.026798,5.2252097,stationary_walk
9.595189,-2.708945,tm_3kmh
8.567855,14.71094,romberg_closed
5.7636766,-4.0086017,self_selected_gait_speed
-2.7455742,5.395718,sit_to_stand
15.959503,3.4839916,stationary_walk
5.716911,-4.1284146,tm_3kmh
6.431935,12.018604,romberg_closed
8.853219,-4.6835647,self_selected_gait_speed
-0.048243336,4.9244046,sit_to_stand
15.429026,5.501989,stationary_walk
8.831083,-4.5286145,tm_3kmh
8.86822,13.735566,romberg_closed
6.5304346,-6.927575,self_selected_gait_speed
0.2385525,5.3073864,sit_to_stand
15.894831,3.1815565,stationary_walk
6.6270905,-6.829851,tm_3kmh
4.998762,11.117754,romberg_closed
9.236832,-3.0597908,self_selected_gait_speed
-3.0139937,4.6142435,sit_to_stand
16.505667,6.435245,stationary_walk
9.395465,-2.8631554,tm_3kmh
8.342724,15.184422,romberg_closed
6.3429117,-6.619734,self_selected_gait_speed
-1.350972,5.43592,sit_to_stand
16.069145,3.6837008,stationary_walk
6.3548217,-6.5557494,tm_3kmh
9.864441,14.139092,romberg_closed
6.434308,-6.3275194,self_selected_gait_speed
-0.6465057,4.267146,sit_to_stand
13.720981,4.657681,stationary_walk
6.553739,-6.0413632,tm_3kmh
7.5675206,14.600896,romberg_closed
6.6454487,-1.7358501,self_selected_gait_speed
-3.400335,5.053334,sit_to_stand
16.886412,5.3637033,stationary_walk
6.676769,-1.9443507,tm_3kmh
9.370375,15.040228,romberg_closed
7.496904,-4.731716,self_selected_gait_speed
-0.7361747,5.7985845,sit_to_stand
16.811535,4.3859973,stationary_walk
7.3893275,-4.473068,tm_3kmh
6.77462,13.725841,romberg_closed
6.5552683,-4.8012376,self_selected_gait_speed
-1.6769291,5.152958,sit_to_stand
14.060489,4.5432067,stationary_walk
6.2253685,-4.8734403,tm_3kmh
10.103144,13.433851,romberg_closed
8.5844755,-2.1188006,self_selected_gait_speed
-0.95741445,3.0403001,sit_to_stand
14.609866,5.200034,stationary_walk
6.6977987,-2.762823,tm_3kmh
9.086193,14.939325,romberg_closed
7.515246,-4.426909,self_selected_gait_speed
-2.4909317,5.2674847,sit_to_stand
16.293896,4.903562,stationary_walk
7.077356,-4.124585,tm_3kmh
8.66465,13.848488,romberg_closed
6.039024,-4.591546,self_selected_gait_speed
-3.0196214,4.1341968,sit_to_stand
16.465452,4.417417,stationary_walk
5.8319397,-4.6585307,tm_3kmh
8.885088,15.05981,romberg_closed
7.5087867,-5.47048,self_selected_gait_speed
-1.2671348,3.8171086,sit_to_stand
15.469144,3.9871628,stationary_walk
7.6840096,-5.2689557,tm_3kmh
6.83349,14.244022,romberg_closed
8.087742,-4.796899,self_selected_gait_speed
-1.8735291,4.661884,sit_to_stand
17.40784,5.181338,stationary_walk
7.53526,-4.821995,tm_3kmh
7.7470913,13.329149,romberg_closed
6.815251,-3.1122847,self_selected_gait_speed
-2.8276744,5.7303214,sit_to_stand
17.242102,5.3437757,stationary_walk
6.6877646,-3.0522656,tm_3kmh
7.2074614,14.814575,romberg_closed
5.260692,-1.480007,self_selected_gait_speed
-0.0908065,4.661176,sit_to_stand
15.630402,3.0874841,stationary_walk
5.235592,-1.4482228,tm_3kmh
7.1109705,13.931269,romberg_closed
7.621807,-5.4765525,self_selected_gait_speed
-0.560743,5.2317276,sit_to_stand
16.663853,4.826969,stationary_walk
9.375345,-4.888578,tm_3kmh
6.5610266,13.340118,romberg_closed
7.322532,-3.3744938,self_selected_gait_speed
0.21142142,4.9458637,sit_to_stand
16.78578,5.891123,stationary_walk
7.2181463,-3.0421877,tm_3kmh
7.982376,13.497707,romberg_closed
9.763417,-3.21068,self_selected_gait_speed
-1.6815382,3.9261863,sit_to_stand
16.129221,4.535733,stationary_walk
9.388151,-2.8091044,tm_3kmh
6.9500914,12.246393,romberg_closed
6.6581044,-1.0445176,self_selected_gait_speed
-1.427609,6.164993,sit_to_stand
16.033812,3.9555407,stationary_walk
6.5869765,-0.98750055,tm_3kmh
6.1572,13.719317,romberg_closed
7.840235,-4.2583184,self_selected_gait_speed
-1.5250366,4.764367,sit_to_stand
17.319,5.5078483,stationary_walk
7.709885,-4.200119,tm_3kmh
5.789214,11.614515,romberg_closed
7.827113,-5.372779,self_selected_gait_speed
-0.759763,3.9153917,sit_to_stand
16.192944,4.322819,stationary_walk
8.093595,-5.381596,tm_3kmh
8.7621355,14.203027,romberg_closed
7.473883,-4.4442644,self_selected_gait_speed
-0.6597187,3.9026773,sit_to_stand
15.979954,3.8445418,stationary_walk
8.54483,-5.8895416,tm_3kmh
6.265482,13.388981,romberg_closed
8.376032,-5.1998177,self_selected_gait_speed
-3.1260142,4.5057306,sit_to_stand
16.527554,6.2433853,stationary_walk
8.554181,-5.9363003,tm_3kmh
7.199603,-4.9845753,self_selected_gait_speed
16.30826,4.8575945,stationary_walk
7.1450095,-5.489156,tm_3kmh
8.196889,13.296661,romberg_closed
7.4796634,-4.452254,self_selected_gait_speed
-2.178942,5.645321,sit_to_stand
14.761734,4.952868,stationary_walk
7.2989254,-4.4749146,tm_3kmh
7.593632,13.948026,romberg_closed
7.02787,-6.643012,self_selected_gait_speed
-2.4384193,5.597398,sit_to_stand
14.726208,4.9083023,stationary_walk
6.867752,-6.56288,tm_3kmh
11.124055,13.599806,romberg_closed
9.083109,-5.908225,self_selected_gait_speed
-0.6389638,2.8388512,sit_to_stand
14.308979,5.204372,stationary_walk
9.247949,-5.6131144,tm_3kmh
5.340143,11.135347,romberg_closed
9.755344,-2.9418116,self_selected_gait_speed
-1.6917064,3.3256483,sit_to_stand
15.145038,5.507502,stationary_walk
9.859681,-2.58738,tm_3kmh
8.127751,13.821414,romberg_closed
7.965989,-4.045222,self_selected_gait_speed
-2.338224,4.1684337,sit_to_stand
16.36279,5.749145,stationary_walk
7.7452435,-4.1054597,tm_3kmh
8.7594595,12.941503,romberg_closed
7.941658,-2.8103817,self_selected_gait_speed
-0.7964027,3.7366734,sit_to_stand
15.30155,6.1183147,stationary_walk
8.656451,-5.024442,tm_3kmh
7.9345393,13.82801,romberg_closed
8.316698,-6.0154467,self_selected_gait_speed
-3.2519007,4.4415107,sit_to_stand
16.120665,5.4224496,stationary_walk
7.9709272,-6.124615,tm_3kmh
9.219372,15.039577,romberg_closed
8.850157,-5.5165067,self_selected_gait_speed
-0.71441346,4.252652,sit_to_stand
16.015518,5.309409,stationary_walk
9.317529,-5.0975175,tm_3kmh
7.4859495,14.761914,romberg_closed
7.24675,-5.2592597,self_selected_gait_speed
-1.8870779,5.1350055,sit_to_stand
17.223822,4.674646,stationary_walk
7.1584144,-4.755528,tm_3kmh
10.473452,14.724445,romberg_closed
5.958184,-5.577376,self_selected_gait_speed
-2.1497111,5.8387547,sit_to_stand
15.255826,3.3359385,stationary_walk
5.911911,-5.442132,tm_3kmh
6.3346786,11.660643,romberg_closed
-1.060253,4.349458,sit_to_stand
15.59149,4.6473026,stationary_walk
6.4099917,14.465948,romberg_closed
7.6147223,-3.5303652,self_selected_gait_speed
-0.98460037,4.274031,sit_to_stand
16.929565,6.1240644,stationary_walk
9.285098,-2.6461396,tm_3kmh
6.5475354,11.968814,romberg_closed
6.157283,-4.069895,self_selected_gait_speed
-0.11618939,4.9092374,sit_to_stand
15.902117,5.4372387,stationary_walk
5.894644,-4.355626,tm_3kmh
8.64195,15.0407715,romberg_closed
7.9043684,-6.56102,self_selected_gait_speed
-1.9692312,5.991731,sit_to_stand
15.067237,3.9350264,stationary_walk
7.8635063,-6.5444694,tm_3kmh
10.542636,14.283362,romberg_closed
7.524141,-6.441122,self_selected_gait_speed
-2.6262934,4.8649635,sit_to_stand
15.69023,3.4093451,stationary_walk
7.261897,-6.312544,tm_3kmh
8.871263,13.87353,romberg_closed
7.4807253,-2.4281216,self_selected_gait_speed
-3.4378576,4.978217,sit_to_stand
16.40092,5.173742,stationary_walk
7.3239636,-3.0291824,tm_3kmh
9.866059,13.786796,romberg_closed
6.691397,-6.18869,self_selected_gait_speed
-1.895108,5.6594367,sit_to_stand
15.753698,3.1947665,stationary_walk
6.3548975,-6.323912,tm_3kmh
7.436863,15.149854,romberg_closed
6.6692767,-3.8151667,self_selected_gait_speed
-1.4166368,5.0094614,sit_to_stand
16.805073,3.8321908,stationary_walk
5.8852763,-3.5212426,tm_3kmh
7.637353,14.554586,romberg_closed
7.193649,-4.0716453,self_selected_gait_speed
-2.7088227,5.6543655,sit_to_stand
17.246086,4.1867633,stationary_walk
7.1906886,-3.8994055,tm_3kmh
10.5163355,14.665673,romberg_closed
7.1109304,-6.7662244,self_selected_gait_speed
0.32972014,4.4053473,sit_to_stand
14.652246,3.4671824,stationary_walk
6.9498453,-6.5150766,tm_3kmh
9.727347,15.02639,romberg_closed
8.911506,-2.4098947,self_selected_gait_speed
-2.4053912,4.1537724,sit_to_stand
16.746672,4.8201365,stationary_walk
8.765683,-2.3234005,tm_3kmh
8.402661,13.098663,romberg_closed
7.8790975,-5.247474,self_selected_gait_speed
-0.95215076,2.9828808,sit_to_stand
14.464234,5.397339,stationary_walk
8.048965,-4.8610067,tm_3kmh
6.216277,11.617241,romberg_closed
9.291344,-4.4307885,self_selected_gait_speed
-1.9971178,3.101585,sit_to_stand
14.498309,5.727651,stationary_walk
8.944929,-4.4672494,tm_3kmh
6.2299266,13.351894,romberg_closed
7.4809337,-3.0393457,self_selected_gait_speed
-2.8278193,3.9123476,sit_to_stand
17.622238,6.178894,stationary_walk
7.4804893,-3.045466,tm_3kmh
11.18659,14.771333,romberg_closed
6.244797,-4.0545597,self_selected_gait_speed
-0.7049115,3.8306954,sit_to_stand
15.246816,3.165699,stationary_walk
6.099885,-4.1656885,tm_3kmh
5.4216976,11.828871,romberg_closed
9.035495,-3.8262527,self_selected_gait_speed
-2.508033,3.577306,sit_to_stand
17.613472,6.3893657,stationary_walk
8.67397,-3.7360437,tm_3kmh
6.8941364,13.566648,romberg_closed
9.216536,-3.1070979,self_selected_gait_speed
-1.4200772,5.4609995,sit_to_stand
15.779187,5.092664,stationary_walk
9.114834,-2.901671,tm_3kmh
5.544809,11.532628,romberg_closed
7.9262824,-2.8349311,self_selected_gait_speed
-0.5108327,4.404022,sit_to_stand
16.78714,6.0217643,stationary_walk
8.070251,-2.8887813,tm_3kmh
5.3096814,11.493851,romberg_closed
9.392464,-2.0750964,self_selected_gait_speed
-1.2436013,4.3574824,sit_to_stand
16.070997,5.768209,stationary_walk
9.4351845,-2.0770571,tm_3kmh
6.357461,13.79443,romberg_closed
6.8680186,-4.8381267,self_selected_gait_speed
-3.3099582,4.7820897,sit_to_stand
17.12129,4.795399,stationary_walk
6.8930516,-4.8001285,tm_3kmh
11.547047,14.843988,romberg_closed
7.6175256,-5.8744397,self_selected_gait_speed
0.41144168,4.3510566,sit_to_stand
14.68351,3.6262665,stationary_walk
7.6362414,-5.999213,tm_3kmh
11.154991,14.609286,romberg_closed
7.1174846,-3.8340538,self_selected_gait_speed
-0.74324757,3.5578275,sit_to_stand
15.9408245,3.3920105,stationary_walk
6.825075,-4.007953,tm_3kmh
10.600684,13.671628,romberg_closed
9.31611,-6.327041,self_selected_gait_speed
-0.713199,4.0012894,sit_to_stand
14.3735895,5.236218,stationary_walk
9.325317,-6.3192763,tm_3kmh
7.6759953,13.782727,romberg_closed
6.8644795,-4.5265985,self_selected_gait_speed
-1.0145551,4.62213,sit_to_stand
15.596461,3.9820805,stationary_walk
6.431849,-5.0537252,tm_3kmh
10.5464,13.455379,romberg_closed
6.0072837,-4.3060045,self_selected_gait_speed
0.18313228,3.9018338,sit_to_stand
14.759407,5.211422,stationary_walk
6.383725,-4.356694,tm_3kmh
11.073804,14.530885,romberg_closed
-2.3875325,4.741005,sit_to_stand
14.630968,4.574596,stationary_walk
7.120531,13.173731,romberg_closed
8.122209,-4.7380447,self_selected_gait_speed
-3.503789,4.4090376,sit_to_stand
17.14182,6.2501435,stationary_walk
8.063416,-5.1475344,tm_3kmh
8.921409,14.763395,romberg_closed
8.23509,-4.8929315,self_selected_gait_speed
-1.4251602,5.277501,sit_to_stand
16.019304,4.4917593,stationary_walk
8.433287,-5.1655354,tm_3kmh
6.9029613,13.270197,romberg_closed
7.4134235,-3.9389856,self_selected_gait_speed
-3.2665322,3.7920508,sit_to_stand
17.011393,5.837307,stationary_walk
7.716013,-4.169873,tm_3kmh
8.992502,12.681717,romberg_closed
9.2162485,-3.8295977,self_selected_gait_speed
-1.5976082,3.0338218,sit_to_stand
14.718744,5.7332983,stationary_walk
9.355918,-4.520401,tm_3kmh
7.809789,13.91156,romberg_closed
6.138299,-5.55792,self_selected_gait_speed
-0.7806082,5.2713065,sit_to_stand
15.797658,5.1523294,stationary_walk
6.1518145,-5.554466,tm_3kmh
11.580911,14.6305685,romberg_closed
-0.5949711,3.0069044,sit_to_stand
14.675156,3.4540825,stationary_walk
9.491561,13.305147,romberg_closed
6.933897,-5.09747,self_selected_gait_speed
-0.50163066,3.4990408,sit_to_stand
15.08401,4.160739,stationary_walk
7.0222764,-5.135868,tm_3kmh
7.546512,15.1247835,romberg_closed
5.768428,-1.8943532,self_selected_gait_speed
-0.9476164,6.0145454,sit_to_stand
15.961686,3.3226423,stationary_walk
5.7087502,-1.8209205,tm_3kmh
5.45428,11.514418,romberg_closed
8.789497,-3.0996869,self_selected_gait_speed
-3.4816856,4.499495,sit_to_stand
17.425,6.402497,stationary_walk
8.331081,-3.475718,tm_3kmh
10.255258,13.717875,romberg_closed
7.642102,-5.6909885,self_selected_gait_speed
-0.663684,5.544411,sit_to_stand
16.04807,3.4477055,stationary_walk
6.3865232,13.240215,romberg_closed
7.8585787,-3.589014,self_selected_gait_speed
-2.5773513,3.6478412,sit_to_stand
17.64794,6.2493,stationary_walk
7.7382245,-3.2834823,tm_3kmh
7.380146,14.777802,romberg_closed
-1.9108968,5.633751,sit_to_stand
13.947572,4.461248,stationary_walk
8.742994,13.119229,romberg_closed
8.430219,-4.3313417,self_selected_gait_speed
-1.1747499,3.7357314,sit_to_stand
15.708261,4.959831,stationary_walk
8.498039,-4.5526614,tm_3kmh
7.651531,13.760291,romberg_closed
7.406417,-3.729995,self_selected_gait_speed
-2.6203349,5.010102,sit_to_stand
16.04063,5.257507,stationary_walk
7.686738,-4.020489,tm_3kmh
7.3987246,13.909663,romberg_closed
6.544814,-3.8077288,self_selected_gait_speed
-1.9675583,5.606458,sit_to_stand
17.420956,5.3437567,stationary_walk
6.442101,-3.761236,tm_3kmh
5.4699173,11.486292,romberg_closed
8.917528,-3.6840312,self_selected_gait_speed
-1.1863668,4.209375,sit_to_stand
16.510096,6.0242043,stationary_walk
7.51365,-5.178314,tm_3kmh
8.8548155,14.152934,romberg_closed
9.051001,-5.097009,self_selected_gait_speed
-0.46844447,4.841402,sit_to_stand
15.349174,5.448557,stationary_walk
8.158168,-4.9913225,tm_3kmh
8.3324585,13.11807,romberg_closed
8.932933,-4.0290475,self_selected_gait_speed
-0.92501706,3.1509228,sit_to_stand
14.354841,5.353406,stationary_walk
8.957033,-4.3555956,tm_3kmh
8.661282,13.299447,romberg_closed
6.4084616,-5.113261,self_selected_gait_speed
-2.1873589,4.0489016,sit_to_stand
15.295973,5.3918424,stationary_walk
7.21853,-4.6245503,tm_3kmh
9.894788,14.186454,romberg_closed
6.629715,-6.677469,self_selected_gait_speed
0.07192368,4.8724174,sit_to_stand
15.833801,3.2133975,stationary_walk
6.8671837,-6.9153595,tm_3kmh
10.334269,13.717777,romberg_closed
8.380898,-2.4095378,self_selected_gait_speed
-2.5055118,3.2499378,sit_to_stand
15.682023,6.1417904,stationary_walk
8.200903,-2.330183,tm_3kmh
6.28999,13.282496,romberg_closed
6.9307113,-3.6184194,self_selected_gait_speed
-2.294288,4.686902,sit_to_stand
16.575514,5.739642,stationary_walk
6.617024,-3.5789943,tm_3kmh
9.505711,13.60352,romberg_closed
7.180476,-4.230947,self_selected_gait_speed
-0.66458917,3.5749474,sit_to_stand
15.639899,3.255318,stationary_walk
7.150127,-4.7937655,tm_3kmh
10.223529,14.110622,romberg_closed
7.5798,-6.238092,self_selected_gait_speed
-0.42172337,4.318189,sit_to_stand
16.075638,3.8932924,stationary_walk
8.047863,-6.2272034,tm_3kmh
6.524269,13.258532,romberg_closed
8.020067,-2.8761144,self_selected_gait_speed
-1.1385697,3.190285,sit_to_stand
15.39651,6.068407,stationary_walk
7.865382,-2.8124921,tm_3kmh
9.041926,14.890548,romberg_closed
7.503621,-3.9036856,self_selected_gait_speed
-2.8340967,5.1772633,sit_to_stand
17.625515,5.0537453,stationary_walk
7.2425222,-4.002108,tm_3kmh
9.88614,14.028334,romberg_closed
5.558738,-3.4230645,self_selected_gait_speed
-1.8334881,4.658689,sit_to_stand
15.371898,4.0578,stationary_walk
5.884069,-3.5358055,tm_3kmh
6.361027,13.391718,romberg_closed
7.146172,-3.5337164,self_selected_gait_speed
-3.0389516,4.4630923,sit_to_stand
14.044407,4.4526663,stationary_walk
6.6469817,-3.7426887,tm_3kmh
8.253672,12.750441,romberg_closed
8.348196,-6.5507193,self_selected_gait_speed
-0.16972812,5.2353363,sit_to_stand
14.648667,4.4770966,stationary_walk
5.80413,11.524379,romberg_closed
4.702155,-3.3381577,self_selected_gait_speed
-3.0435598,5.3882527,sit_to_stand
17.352732,6.121715,stationary_walk
9.658166,14.972718,romberg_closed
6.567811,-3.892147,self_selected_gait_speed
-1.6592166,3.349086,sit_to_stand
16.138412,3.4734392,stationary_walk
6.3843884,-3.6481564,tm_3kmh
9.17803,14.259749,romberg_closed
9.111941,-4.862771,self_selected_gait_speed
-2.7571554,4.9406705,sit_to_stand
16.732765,5.7090125,stationary_walk
8.794633,-4.911017,tm_3kmh
7.4302816,14.173398,romberg_closed
7.3567333,-3.9668782,self_selected_gait_speed
-1.1561774,5.378541,sit_to_stand
16.287708,5.6236315,stationary_walk
7.006898,-3.692985,tm_3kmh
8.484768,13.520543,romberg_closed
-0.67497003,3.8280153,sit_to_stand
16.0879,3.9679534,stationary_walk
11.266212,14.739593,romberg_closed
9.431223,-4.7817855,self_selected_gait_speed
-1.6325672,3.2755837,sit_to_stand
14.839754,4.3977504,stationary_walk
9.602651,-5.0427885,tm_3kmh
5.169616,11.278889,romberg_closed
6.503838,-1.2115861,self_selected_gait_speed
-2.345582,3.3119812,sit_to_stand
15.488197,6.506077,stationary_walk
6.5079365,-1.1636522,tm_3kmh
7.849249,14.55494,romberg_closed
7.0546803,-3.2545366,self_selected_gait_speed
-1.0092274,5.737385,sit_to_stand
16.577768,5.0471067,stationary_walk
6.87147,-3.4348307,tm_3kmh
6.8257375,14.492114,romberg_closed
7.1931047,-5.579078,self_selected_gait_speed
-2.7788723,4.01296,sit_to_stand
17.019573,5.1915164,stationary_walk
6.8930955,-5.285155,tm_3kmh
7.204107,13.51871,romberg_closed
9.322192,-3.271462,self_selected_gait_speed
-1.2699789,5.127581,sit_to_stand
16.634611,5.9506936,stationary_walk
8.26814,-4.9403706,tm_3kmh
6.4233036,12.027763,romberg_closed
9.1222105,-3.2795491,self_selected_gait_speed
-2.7910755,4.8943176,sit_to_stand
15.480166,4.7706585,stationary_walk
9.250078,-3.0123527,tm_3kmh
6.5114245,13.637097,romberg_closed
8.394251,-5.0746565,self_selected_gait_speed
-1.9023534,4.4555902,sit_to_stand
17.362911,5.7428,stationary_walk
8.643586,-5.455486,tm_3kmh
6.640991,13.872535,romberg_closed
7.6080985,-3.477705,self_selected_gait_speed
-1.9758767,4.418656,sit_to_stand
17.698751,5.7381973,stationary_walk
7.2704945,-3.7172258,tm_3kmh
7.291312,14.966197,romberg_closed
8.813011,-5.0912533,self_selected_gait_speed
-3.1770742,4.658828,sit_to_stand
17.85268,5.5157733,stationary_walk
8.534124,-4.8304453,tm_3kmh
10.480271,14.935841,romberg_closed
4.9313836,-3.5008297,self_selected_gait_speed
-1.2130475,5.8464937,sit_to_stand
14.999042,3.2246792,stationary_walk
4.931762,-3.4439454,tm_3kmh
11.534874,14.274228,romberg_closed
8.142855,-5.876943,self_selected_gait_speed
0.30010182,4.1057596,sit_to_stand
14.224887,4.3369317,stationary_walk
8.233784,-5.665464,tm_3kmh
9.552425,15.1339035,romberg_closed
7.0390244,-6.4992657,self_selected_gait_speed
-3.067811,4.751075,sit_to_stand
16.663872,5.3052974,stationary_walk
7.259919,-6.524918,tm_3kmh
10.13231,15.188458,romberg_closed
6.9491205,-6.1678596,self_selected_gait_speed
-1.9200243,4.2207937,sit_to_stand
14.579755,4.4016633,stationary_walk
7.259727,-6.1920238,tm_3kmh
7.9917936,14.931443,romberg_closed
7.0373073,-6.1780396,self_selected_gait_speed
-1.2170435,5.446471,sit_to_stand
16.247612,3.8199465,stationary_walk
7.0992703,-6.1232347,tm_3kmh
7.192095,12.118385,romberg_closed
8.261364,-2.7889562,self_selected_gait_speed
-1.2536322,2.7348793,sit_to_stand
15.22999,6.31441,stationary_walk
8.101862,-2.6346028,tm_3kmh
9.332998,13.910116,romberg_closed
8.572152,-5.036365,self_selected_gait_speed
-2.70802,5.2452188,sit_to_stand
16.01307,4.906625,stationary_walk
8.339712,-5.3820086,tm_3kmh
10.979105,15.146317,romberg_closed
6.62225,-4.635376,self_selected_gait_speed
-0.6074447,3.9866729,sit_to_stand
15.225945,4.1281257,stationary_walk
6.8542323,-5.437418,tm_3kmh
8.524132,14.467142,romberg_closed
6.7364573,-3.6048121,self_selected_gait_speed
-1.6435411,5.465727,sit_to_stand
16.846813,4.631743,stationary_walk
6.544453,-3.7407186,tm_3kmh
9.712541,14.189055,romberg_closed
8.48422,-2.2467923,self_selected_gait_speed
-2.6528213,4.724646,sit_to_stand
15.759359,4.5033193,stationary_walk
8.413887,-2.493646,tm_3kmh
4.86569,11.026735,romberg_closed
9.530583,-2.5646021,self_selected_gait_speed
-1.6948336,4.3903246,sit_to_stand
17.262056,6.9443636,stationary_walk
9.6371765,-2.5034502,tm_3kmh
5.903032,13.807435,romberg_closed
7.9573903,-2.6766896,self_selected_gait_speed
-3.3463924,4.7518373,sit_to_stand
17.65394,5.482917,stationary_walk
7.807599,-2.5427797,tm_3kmh
10.389929,13.521905,romberg_closed
7.87069,-4.9795904,self_selected_gait_speed
-1.4493276,4.5534544,sit_to_stand
15.333081,4.6477647,stationary_walk
6.9587092,-5.1026154,tm_3kmh
10.863192,14.993623,romberg_closed
7.5581465,-6.511091,self_selected_gait_speed
-0.28017518,4.8155017,sit_to_stand
14.837885,3.3146648,stationary_walk
7.7282243,-6.4599233,tm_3kmh
10.771036,15.031041,romberg_closed
8.817556,-6.641021,self_selected_gait_speed
-0.31813717,5.311827,sit_to_stand
14.761325,3.7457175,stationary_walk
8.644232,-6.709312,tm_3kmh
9.266551,13.558545,romberg_closed
6.818149,-5.942446,self_selected_gait_speed
-1.3341967,5.2669096,sit_to_stand
15.173886,4.771694,stationary_walk
6.6712394,-6.342139,tm_3kmh
8.416539,15.342597,romberg_closed
8.960919,-4.454477,self_selected_gait_speed
-1.6466746,3.988558,sit_to_stand
16.782854,4.60392,stationary_walk
8.843304,-4.374086,tm_3kmh
9.978724,14.115453,romberg_closed
5.359391,-4.4343,self_selected_gait_speed
-1.3845243,4.6438274,sit_to_stand
15.018111,4.051521,stationary_walk
5.113589,-3.8823843,tm_3kmh
7.9486785,13.440104,romberg_closed
7.173579,-5.7940397,self_selected_gait_speed
-0.6934768,5.7344875,sit_to_stand
16.387915,4.7785974,stationary_walk
6.938382,-5.96131,tm_3kmh
8.4878235,13.795719,romberg_closed
8.866644,-2.7541409,self_selected_gait_speed
-3.2435274,5.281595,sit_to_stand
16.196636,5.3991394,stationary_walk
8.968388,-2.987424,tm_3kmh
10.026876,13.463169,romberg_closed
7.9366035,-3.2947946,self_selected_gait_speed
-0.0015435464,3.3172636,sit_to_stand
15.812073,5.2852526,stationary_walk
8.742503,-2.5325966,tm_3kmh
10.90052,14.635235,romberg_closed
-0.40917116,3.1132464,sit_to_stand
14.305997,4.418857,stationary_walk
10.125227,14.3515005,romberg_closed
9.099158,-5.549379,self_selected_gait_speed
-2.5929708,5.206703,sit_to_stand
15.337151,5.0611935,stationary_walk
9.128466,-4.8441315,tm_3kmh
10.726149,14.009492,romberg_closed
7.402954,-6.9527836,self_selected_gait_speed
-0.00020427599,3.8824291,sit_to_stand
14.768311,3.8833904,stationary_walk
7.3481503,-6.727061,tm_3kmh
10.118392,13.957162,romberg_closed
6.8049703,-7.134526,self_selected_gait_speed
-1.0799835,4.4490304,sit_to_stand
13.803636,4.705188,stationary_walk
6.7061324,-7.2096233,tm_3kmh
9.066519,14.942124,romberg_closed
6.3185143,-5.0660653,self_selected_gait_speed
0.011960007,5.243138,sit_to_stand
15.839261,3.7225418,stationary_walk
5.0206804,-3.4141057,tm_3kmh
9.745792,14.281962,romberg_closed
9.241071,-4.9854302,self_selected_gait_speed
-1.4458479,5.1574388,sit_to_stand
14.926062,5.007139,stationary_walk
8.966127,-5.042003,tm_3kmh
7.4421644,13.203404,romberg_closed
7.2423477,-4.0260506,self_selected_gait_speed
-1.7707058,4.250216,sit_to_stand
14.859605,5.0804577,stationary_walk
7.1739974,-3.921621,tm_3kmh
9.8329525,13.789278,romberg_closed
7.366908,-4.9729133,self_selected_gait_speed
-0.9210782,3.6935785,sit_to_stand
15.973654,3.654371,stationary_walk
7.1979275,-4.711316,tm_3kmh
7.167236,14.0454855,romberg_closed
8.851984,-2.7696798,self_selected_gait_speed
-2.4601142,5.9809375,sit_to_stand
16.045122,5.2375846,stationary_walk
8.685678,-2.6255808,tm_3kmh
7.720877,13.685768,romberg_closed
7.055445,-4.072214,self_selected_gait_speed
-2.4405804,3.9707303,sit_to_stand
17.274872,5.2525344,stationary_walk
7.0781713,-3.980352,tm_3kmh
5.065668,11.596498,romberg_closed
7.996325,-2.3734848,self_selected_gait_speed
-3.453195,4.337693,sit_to_stand
17.693996,6.434166,stationary_walk
7.931702,-2.3035777,tm_3kmh
9.555523,13.017627,romberg_closed
7.8415046,-3.461069,self_selected_gait_speed
-1.6231228,3.2202418,sit_to_stand
15.190015,6.158605,stationary_walk
7.702241,-3.4092607,tm_3kmh
8.043711,12.634569,romberg_closed
9.389046,-3.1731317,self_selected_gait_speed
-1.0149537,2.8535802,sit_to_stand
14.904706,6.3605475,stationary_walk
9.643079,-2.8117666,tm_3kmh
8.142788,14.776772,romberg_closed
7.144611,-5.775362,self_selected_gait_speed
-0.13301305,4.824889,sit_to_stand
16.839289,5.3344135,stationary_walk
7.471949,-5.7301655,tm_3kmh
6.9875073,14.882635,romberg_closed
7.5962143,-4.2756925,self_selected_gait_speed
-2.0160723,5.996615,sit_to_stand
17.344856,5.085614,stationary_walk
7.593846,-4.742509,tm_3kmh
8.671167,14.100898,romberg_closed
7.893989,-4.36359,self_selected_gait_speed
-0.9171175,5.579374,sit_to_stand
15.643377,5.3397803,stationary_walk
7.9153523,-4.2715564,tm_3kmh
7.9063425,14.332045,romberg_closed
6.446403,-4.775445,self_selected_gait_speed
-2.4478967,4.789714,sit_to_stand
16.346666,5.0880775,stationary_walk
6.3731923,-4.554302,tm_3kmh
7.3853335,13.948145,romberg_closed
7.1453347,-5.1239862,self_selected_gait_speed
-2.501721,4.7481546,sit_to_stand
17.270027,4.1699853,stationary_walk
6.5780125,-4.774586,tm_3kmh
8.580929,14.262407,romberg_closed
5.498047,-1.645768,self_selected_gait_speed
-1.397069,5.681241,sit_to_stand
15.900953,3.6103344,stationary_walk
5.781068,-1.8903764,tm_3kmh
6.31153,12.86701,romberg_closed
7.903243,-3.6997283,self_selected_gait_speed
-2.4207735,5.1524076,sit_to_stand
17.803576,6.166601,stationary_walk
7.5950212,-3.5485663,tm_3kmh
6.5850472,13.478294,romberg_closed
8.771753,-4.6753664,self_selected_gait_speed
-3.2142968,5.0512247,sit_to_stand
17.134096,5.9170246,stationary_walk
8.886882,-4.534445,tm_3kmh
8.101986,13.5898905,romberg_closed
5.4047275,-3.7270248,self_selected_gait_speed
-0.0431786,3.4944994,sit_to_stand
15.5091305,4.262343,stationary_walk
7.1427174,13.511311,romberg_closed
8.234057,-3.1689885,self_selected_gait_speed
-2.031168,5.633673,sit_to_stand
16.172525,5.8348737,stationary_walk
7.6695213,-3.1954901,tm_3kmh
5.991738,11.462098,romberg_closed
6.771155,-4.638733,self_selected_gait_speed
-2.3689234,3.992544,sit_to_stand
13.663498,4.451271,stationary_walk
6.7502794,-4.5944047,tm_3kmh
8.064186,13.829202,romberg_closed
7.5572867,-5.195183,self_selected_gait_speed
-0.7175341,3.644727,sit_to_stand
16.711725,4.8842034,stationary_walk
5.5385137,-3.600172,tm_3kmh
9.732317,13.606225,romberg_closed
6.0556808,-4.7231503,self_selected_gait_speed
-1.4394569,4.693425,sit_to_stand
15.191484,4.978435,stationary_walk
6.158898,-4.639169,tm_3kmh
9.772966,14.992927,romberg_closed
9.225174,-5.0858746,self_selected_gait_speed
-2.216726,3.7399313,sit_to_stand
17.677723,6.1602435,stationary_walk
9.088911,-4.8179946,tm_3kmh
10.048819,14.614263,romberg_closed
8.049795,-4.5713553,self_selected_gait_speed
-0.570503,4.7883325,sit_to_stand
14.949769,4.285402,stationary_walk
7.2313437,-5.7378006,tm_3kmh
10.147899,14.278426,romberg_closed
7.242076,-6.143734,self_selected_gait_speed
-1.7622873,4.8842998,sit_to_stand
15.279207,3.9387846,stationary_walk
7.2973785,-6.0528054,tm_3kmh
9.145052,15.2593355,romberg_closed
8.216744,-6.1810923,self_selected_gait_speed
-0.910849,5.3092113,sit_to_stand
14.16744,4.6251755,stationary_walk
8.278188,-6.30603,tm_3kmh
7.004683,14.239363,romberg_closed
8.588412,-3.6084893,self_selected_gait_speed
-1.9380212,4.4733586,sit_to_stand
16.784527,5.7594104,stationary_walk
8.278982,-4.132011,tm_3kmh
7.1648364,13.395206,romberg_closed
7.7541013,-2.9122987,self_selected_gait_speed
-2.0896413,5.2495313,sit_to_stand
17.84205,6.112536,stationary_walk
7.923129,-2.6400793,tm_3kmh
10.107279,14.557594,romberg_closed
8.432768,-4.625939,self_selected_gait_speed
-0.8498141,5.845314,sit_to_stand
17.79108,5.3421597,stationary_walk
8.252331,-4.317144,tm_3kmh
7.7827754,14.381225,romberg_closed
8.809831,-4.0178995,self_selected_gait_speed
-2.3143415,4.5641913,sit_to_stand
17.726088,6.6145673,stationary_walk
8.463838,-3.9760537,tm_3kmh
7.3195376,13.878267,romberg_closed
7.969092,-4.389146,self_selected_gait_speed
-1.7409905,4.9194245,sit_to_stand
17.02862,5.7194514,stationary_walk
7.736545,-4.6536493,tm_3kmh
7.652468,14.403353,romberg_closed
9.182244,-4.5951257,self_selected_gait_speed
-3.1223357,5.001187,sit_to_stand
16.519558,5.498464,stationary_walk
9.266574,-4.652092,tm_3kmh
7.662591,14.201949,romberg_closed
7.3271327,-3.127699,self_selected_gait_speed
-1.379192,5.322022,sit_to_stand
13.663078,4.4186864,stationary_walk
7.240718,-2.9716568,tm_3kmh
7.2836795,14.840742,romberg_closed
6.599687,-1.7100744,self_selected_gait_speed
-1.135259,6.093313,sit_to_stand
17.511948,5.395065,stationary_walk
6.6489964,-1.7025931,tm_3kmh
8.560029,12.889033,romberg_closed
8.779652,-4.8212223,self_selected_gait_speed
-0.43985215,3.3712966,sit_to_stand
15.023835,5.867815,stationary_walk
8.879687,-4.8935266,tm_3kmh
10.299564,14.520493,romberg_closed
8.145272,-6.5341167,self_selected_gait_speed
0.41210064,4.3231397,sit_to_stand
15.084529,4.500657,stationary_walk
8.439788,-6.451339,tm_3kmh
7.032593,14.859315,romberg_closed
7.4111958,-4.5825677,self_selected_gait_speed
-0.17497084,4.6502695,sit_to_stand
17.214083,4.0892096,stationary_walk
7.458285,-4.2595267,tm_3kmh
6.7178664,14.465017,romberg_closed
5.2827086,-1.4811467,self_selected_gait_speed
-1.9697014,3.9269543,sit_to_stand
16.787489,5.0254316,stationary_walk
5.22239,-1.4348122,tm_3kmh
9.26808,14.271337,romberg_closed
7.310433,-3.6626506,self_selected_gait_speed
-0.87762463,4.5670633,sit_to_stand
16.270782,5.1625433,stationary_walk
6.9732423,-3.5037572,tm_3kmh
10.697935,14.977895,romberg_closed
6.3320665,-6.500782,self_selected_gait_speed
-1.6454468,5.198709,sit_to_stand
14.677709,3.7793257,stationary_walk
6.3116083,-6.4569635,tm_3kmh
8.56065,14.925637,romberg_closed
8.596757,-5.8950453,self_selected_gait_speed
-0.20453708,4.062786,sit_to_stand
17.151423,5.041569,stationary_walk
8.682718,-5.657694,tm_3kmh
6.3451266,11.797954,romberg_closed
7.241695,-4.7507415,self_selected_gait_speed
-0.80729973,4.6780863,sit_to_stand
15.941166,4.290785,stationary_walk
7.1851654,-4.909301,tm_3kmh
9.620523,15.127699,romberg_closed
7.678195,-4.025403,self_selected_gait_speed
-0.85833246,5.705353,sit_to_stand
16.871744,3.7861793,stationary_walk
7.4072714,-3.850235,tm_3kmh
5.9949746,13.464886,romberg_closed
7.7315416,-2.189364,self_selected_gait_speed
-3.196516,4.825499,sit_to_stand
17.19529,6.2299023,stationary_walk
7.674713,-2.2827387,tm_3kmh
9.833747,15.045486,romberg_closed
8.550261,-1.9695511,self_selected_gait_speed
-2.2104328,4.84842,sit_to_stand
14.926072,5.3062563,stationary_walk
8.649581,-2.0447166,tm_3kmh
9.443572,14.179789,romberg_closed
7.304399,-5.368075,self_selected_gait_speed
-1.8301276,5.9015164,sit_to_stand
14.681533,3.847368,stationary_walk
7.272232,-5.3325696,tm_3kmh
7.855627,13.109138,romberg_closed
6.554225,-5.136715,self_selected_gait_speed
-2.6000302,3.7265027,sit_to_stand
15.676849,6.369473,stationary_walk
7.8175445,-3.600489,tm_3kmh
5.8549175,11.902947,romberg_closed
8.405387,-4.837633,self_selected_gait_speed
-2.502414,3.2438776,sit_to_stand
16.222996,6.5292225,stationary_walk
8.402936,-4.747282,tm_3kmh
5.4859056,11.786272,romberg_closed
7.9637194,-3.9225447,self_selected_gait_speed
-2.7435367,3.429405,sit_to_stand
15.921854,6.137532,stationary_walk
8.107358,-4.537786,tm_3kmh
7.5324526,12.896078,romberg_closed
8.769863,-2.0213165,self_selected_gait_speed
-2.4311175,4.730963,sit_to_stand
15.685549,5.2898746,stationary_walk
8.618911,-1.9690797,tm_3kmh
10.076877,13.612501,romberg_closed
6.054339,-5.820763,self_selected_gait_speed
-1.1538719,3.3819275,sit_to_stand
15.358467,4.6696873,stationary_walk
5.8532686,-5.335474,tm_3kmh
5.866401,11.81632,romberg_closed
10.043282,-2.5374699,self_selected_gait_speed
-2.491228,3.0662162,sit_to_stand
15.23458,6.334035,stationary_walk
9.590945,-2.749655,tm_3kmh
10.49655,14.205014,romberg_closed
6.6561084,-6.2133474,self_selected_gait_speed
-1.6815277,4.456114,sit_to_stand
14.949797,3.9217281,stationary_walk
6.7236266,-6.275101,tm_3kmh
5.7359047,11.7370205,romberg_closed
7.9083223,-3.0783005,self_selected_gait_speed
-1.4841748,3.0404997,sit_to_stand
14.743409,5.774863,stationary_walk
7.613405,-3.122539,tm_3kmh
10.748823,15.032493,romberg_closed
7.710933,-6.112098,self_selected_gait_speed
-1.5953628,4.663019,sit_to_stand
14.728631,3.4126446,stationary_walk
7.852783,-6.1388583,tm_3kmh
7.4381385,14.5830555,romberg_closed
7.9030523,-4.5001893,self_selected_gait_speed
-2.391201,4.545945,sit_to_stand
17.582014,5.078702,stationary_walk
7.784527,-4.046333,tm_3kmh
9.1546545,14.271848,romberg_closed
7.7040462,-6.061265,self_selected_gait_speed
-1.7792275,4.1950517,sit_to_stand
15.977561,4.379584,stationary_walk
7.7227216,-6.0139256,tm_3kmh
9.656391,14.660084,romberg_closed
9.217332,-3.310384,self_selected_gait_speed
0.16037035,4.6201315,sit_to_stand
14.755866,4.0542927,stationary_walk
9.239865,-3.318418,tm_3kmh
8.339839,15.114413,romberg_closed
9.35131,-4.527897,self_selected_gait_speed
-1.5701846,4.440822,sit_to_stand
16.977913,4.9287767,stationary_walk
9.279229,-4.920953,tm_3kmh
11.1569805,14.527194,romberg_closed
9.573799,-3.1331975,self_selected_gait_speed
0.09583154,4.0653543,sit_to_stand
14.889377,4.9558973,stationary_walk
9.699004,-2.9855125,tm_3kmh
6.713909,13.648989,romberg_closed
7.624461,-4.0458956,self_selected_gait_speed
-3.427916,5.0225887,sit_to_stand
15.724438,6.020545,stationary_walk
7.712754,-4.74597,tm_3kmh
7.713216,13.256892,romberg_closed
8.383885,-5.150972,self_selected_gait_speed
-2.3665931,3.2559302,sit_to_stand
15.328668,4.670636,stationary_walk
8.342092,-5.055855,tm_3kmh
6.3437743,11.591365,romberg_closed
8.221275,-6.9884853,self_selected_gait_speed
-3.0445082,4.1611843,sit_to_stand
15.531934,5.6541166,stationary_walk
8.124554,-7.0226903,tm_3kmh
8.176648,13.812413,romberg_closed
6.7869434,-6.0528636,self_selected_gait_speed
-2.8306465,4.112561,sit_to_stand
15.260284,5.0105405,stationary_walk
6.316235,-5.295657,tm_3kmh
6.0100794,11.496998,romberg_closed
6.813932,-1.0263749,self_selected_gait_speed
-1.9503791,5.6188793,sit_to_stand
15.110701,4.5978723,stationary_walk
6.711169,-0.88935333,tm_3kmh
5.7165136,11.80418,romberg_closed
10.092251,-2.4243093,self_selected_gait_speed
-2.0953677,2.8820434,sit_to_stand
15.809217,6.5398817,stationary_walk
10.227605,-2.6119413,tm_3kmh
8.303506,14.125041,romberg_closed
8.209893,-4.3179917,self_selected_gait_speed
-2.8970146,5.317488,sit_to_stand
15.247349,3.6942234,stationary_walk
8.326319,-4.0429997,tm_3kmh
8.002834,14.783551,romberg_closed
8.707645,-5.1301894,self_selected_gait_speed
-3.5557928,4.900676,sit_to_stand
15.874905,4.086764,stationary_walk
7.8069806,-5.2888064,tm_3kmh
8.691768,13.841576,romberg_closed
7.7784886,-5.1486974,self_selected_gait_speed
-3.3929086,4.5407844,sit_to_stand
15.794728,4.5880265,stationary_walk
7.6033125,-5.2107325,tm_3kmh
7.6336036,15.000414,romberg_closed
6.6920023,-6.641419,self_selected_gait_speed
-0.38252276,4.9422517,sit_to_stand
16.222702,4.222954,stationary_walk
6.7686753,-6.5023046,tm_3kmh
5.225033,11.270817,romberg_closed
9.910736,-3.3647144,self_selected_gait_speed
-1.8317953,3.350411,sit_to_stand
13.621898,4.6710167,stationary_walk
9.946061,-3.303163,tm_3kmh
7.082799,14.021224,romberg_closed
9.581676,-3.7520986,self_selected_gait_speed
-1.0798694,5.204464,sit_to_stand
15.9451275,3.9880714,stationary_walk
9.620453,-3.7897096,tm_3kmh
6.294732,12.182815,romberg_closed
9.857935,-3.89517,self_selected_gait_speed
-2.1593406,3.8232338,sit_to_stand
15.782235,6.051091,stationary_walk
9.845109,-3.934126,tm_3kmh
6.358156,13.516036,romberg_closed
7.321491,-3.389007,self_selected_gait_speed
-3.7724094,4.4601874,sit_to_stand
17.573917,5.990458,stationary_walk
7.323472,-3.6249292,tm_3kmh
11.531046,14.468609,romberg_closed
7.8598337,-3.459028,self_selected_gait_speed
-0.2409387,3.459272,sit_to_stand
14.545353,4.171443,stationary_walk
8.2948675,-3.4253051,tm_3kmh
9.952835,14.034284,romberg_closed
8.928072,-3.9424603,self_selected_gait_speed
-1.5883206,5.77295,sit_to_stand
15.81816,4.273396,stationary_walk
8.979903,-4.826666,tm_3kmh
8.410849,15.374361,romberg_closed
9.394317,-2.8012447,self_selected_gait_speed
-1.1262903,6.2103295,sit_to_stand
17.118011,5.293562,stationary_walk
9.260454,-2.698855,tm_3kmh
6.3652854,12.399933,romberg_closed
9.267899,-2.9406202,self_selected_gait_speed
-1.6732432,4.9136,sit_to_stand
17.510048,6.54512,stationary_walk
9.346897,-2.513227,tm_3kmh
7.0239363,13.131291,romberg_closed
8.910887,-3.3774567,self_selected_gait_speed
-1.3515648,3.8339438,sit_to_stand
16.146511,5.808987,stationary_walk
8.467105,-2.5399933,tm_3kmh
9.873385,14.705253,romberg_closed
5.731841,-4.7803144,self_selected_gait_speed
-1.3152138,5.455182,sit_to_stand
16.009201,4.5343485,stationary_walk
5.8120184,-4.7159557,tm_3kmh
7.221134,14.063737,romberg_closed
8.714839,-5.374392,self_selected_gait_speed
-2.2326827,4.5641103,sit_to_stand
16.841885,5.968181,stationary_walk
8.345228,-5.619133,tm_3kmh
10.435103,13.675057,romberg_closed
8.67147,-4.327133,self_selected_gait_speed
-0.38544157,4.2819624,sit_to_stand
15.973511,5.550882,stationary_walk
8.601673,-4.293377,tm_3kmh
6.773207,13.635228,romberg_closed
8.196767,-6.669785,self_selected_gait_speed
-2.5500598,3.6352212,sit_to_stand
14.923398,4.6876583,stationary_walk
8.349013,-6.449386,tm_3kmh
7.0113287,12.928296,romberg_closed
7.0233974,-3.825103,self_selected_gait_speed
-0.33858263,4.4006286,sit_to_stand
14.826952,4.8251796,stationary_walk
6.6039886,-4.035729,tm_3kmh
6.4323497,13.44713,romberg_closed
6.370933,-5.287658,self_selected_gait_speed
-2.2776067,4.525189,sit_to_stand
16.023737,5.208163,stationary_walk
6.298291,-5.339575,tm_3kmh
6.6142025,11.994653,romberg_closed
8.008522,-4.919733,self_selected_gait_speed
-3.1239305,5.223324,sit_to_stand
15.85087,4.299553,stationary_walk
7.725908,-5.0935354,tm_3kmh
10.006433,15.110779,romberg_closed
7.8762217,-5.320778,self_selected_gait_speed
-1.5317162,5.7559304,sit_to_stand
16.67617,3.7495322,stationary_walk
7.274346,-5.670385,tm_3kmh
7.2032743,12.185075,romberg_closed
10.084964,-2.7202253,self_selected_gait_speed
-2.2656324,4.414675,sit_to_stand
16.879387,7.0249376,stationary_walk
10.116412,-2.5936465,tm_3kmh
7.8624187,13.692439,romberg_closed
7.668959,-3.3652306,self_selected_gait_speed
-1.780639,3.0710306,sit_to_stand
16.92142,6.2083135,stationary_walk
7.526364,-3.3397727,tm_3kmh
10.058912,14.071222,romberg_closed
6.909804,-4.307513,self_selected_gait_speed
-1.0073326,4.416195,sit_to_stand
13.699852,4.733379,stationary_walk
6.8538656,-4.3627205,tm_3kmh
8.848835,14.752092,romberg_closed
5.4604044,-4.7271256,self_selected_gait_speed
-2.3414726,4.507643,sit_to_stand
15.585461,3.5567951,stationary_walk
5.5100145,-4.5831814,tm_3kmh
10.900965,14.294608,romberg_closed
6.222756,-5.4578414,self_selected_gait_speed
-0.48928162,3.9920993,sit_to_stand
14.357638,4.730261,stationary_walk
6.0932636,-5.4240785,tm_3kmh
6.3626103,11.726537,romberg_closed
9.09089,-3.7027426,self_selected_gait_speed
-2.5203857,5.9492116,sit_to_stand
15.325793,4.1164517,stationary_walk
9.243229,-3.3323412,tm_3kmh
7.7775717,14.931718,romberg_closed
7.033591,-4.9346433,self_selected_gait_speed
-0.029109031,4.8404183,sit_to_stand
17.0006,4.171767,stationary_walk
7.0638504,-4.9733214,tm_3kmh
6.49517,13.79644,romberg_closed
6.336669,-2.7845054,self_selected_gait_speed
-2.2108378,4.633744,sit_to_stand
16.879484,4.2679806,stationary_walk
6.4417405,-3.0693808,tm_3kmh
6.7999544,13.457591,romberg_closed
9.044227,-4.912984,self_selected_gait_speed
-3.50786,4.3045955,sit_to_stand
16.116798,6.2251987,stationary_walk
8.931975,-4.7250576,tm_3kmh
11.083457,14.430333,romberg_closed
6.464818,-0.62592256,self_selected_gait_speed
-0.809884,5.0593243,sit_to_stand
14.598589,4.356553,stationary_walk
6.5375495,-0.6091203,tm_3kmh
7.2101345,12.777692,romberg_closed
6.617685,-1.2055761,self_selected_gait_speed
-1.1205772,4.8372226,sit_to_stand
14.647598,5.3710976,stationary_walk
6.5400653,-1.2585341,tm_3kmh
5.8466973,12.02824,romberg_closed
-1.9597017,6.2154408,sit_to_stand
17.068865,5.3151703,stationary_walk
7.957766,13.146036,romberg_closed
9.276993,-2.522315,self_selected_gait_speed
-1.730331,3.6677825,sit_to_stand
15.988995,5.64466,stationary_walk
9.477196,-2.3383548,tm_3kmh
9.147339,13.223119,romberg_closed
9.746794,-3.0156975,self_selected_gait_speed
-1.0108716,4.0221176,sit_to_stand
16.897179,6.698968,stationary_walk
9.757178,-3.168877,tm_3kmh
11.21084,14.523838,romberg_closed
6.378163,-5.9655786,self_selected_gait_speed
0.034729306,3.5935566,sit_to_stand
14.811158,3.6544297,stationary_walk
6.0226307,-5.739321,tm_3kmh
10.408544,14.102222,romberg_closed
6.710154,-6.2497506,self_selected_gait_speed
-1.1178886,5.591222,sit_to_stand
14.955991,3.4723833,stationary_walk
6.7088366,-6.0414643,tm_3kmh
9.889654,13.199337,romberg_closed
6.133106,-3.793961,self_selected_gait_speed
-2.1280541,3.7902246,sit_to_stand
15.273371,4.922532,stationary_walk
9.192908,14.980389,romberg_closed
8.424252,-5.17974,self_selected_gait_speed
-2.0043018,6.082088,sit_to_stand
17.138184,5.135764,stationary_walk
8.029768,-4.881374,tm_3kmh
6.953589,14.100952,romberg_closed
7.802808,-3.3563163,self_selected_gait_speed
-2.703909,5.81282,sit_to_stand
17.05354,5.675313,stationary_walk
7.8225584,-3.5369165,tm_3kmh
8.837286,13.7211075,romberg_closed
9.246399,-4.672338,self_selected_gait_speed
-1.9302981,5.5579653,sit_to_stand
15.216452,5.3115864,stationary_walk
8.903944,-4.506782,tm_3kmh
6.0371423,13.616463,romberg_closed
9.464219,-3.1663435,self_selected_gait_speed
-2.068703,4.437924,sit_to_stand
16.943316,6.648586,stationary_walk
9.444838,-2.7828672,tm_3kmh
9.562807,13.551142,romberg_closed
5.8783927,-4.4266596,self_selected_gait_speed
-1.6008294,3.706034,sit_to_stand
14.9668455,5.1236053,stationary_walk
5.880864,-4.5061593,tm_3kmh
7.363431,14.028713,romberg_closed
-0.736586,4.748034,sit_to_stand
14.747705,3.7493794,stationary_walk
11.2663,14.277766,romberg_closed
6.659949,-1.7213029,self_selected_gait_speed
-0.06346088,4.7448916,sit_to_stand
14.481775,4.3035555,stationary_walk
6.8270407,-2.1251934,tm_3kmh
7.193977,13.485858,romberg_closed
8.340681,-2.9946592,self_selected_gait_speed
-1.7707669,5.5323567,sit_to_stand
16.878538,5.924564,stationary_walk
8.825111,-2.6354961,tm_3kmh
7.284768,14.976197,romberg_closed
8.697053,-5.647951,self_selected_gait_speed
-2.264092,6.0455394,sit_to_stand
17.696177,5.428576,stationary_walk
8.485365,-5.5239673,tm_3kmh
8.637117,13.728879,romberg_closed
6.7817507,-3.9392192,self_selected_gait_speed
-3.0062375,5.339135,sit_to_stand
13.979603,4.180388,stationary_walk
6.3867683,-4.2623343,tm_3kmh
7.2331834,15.14924,romberg_closed
7.464149,-5.15132,self_selected_gait_speed
0.020909991,4.6381288,sit_to_stand
16.34616,3.9191492,stationary_walk
7.744375,-5.3519936,tm_3kmh
8.586867,14.012006,romberg_closed
9.339289,-2.043586,self_selected_gait_speed
-2.135877,3.3600512,sit_to_stand
15.259915,4.6939244,stationary_walk
9.4382925,-2.1312969,tm_3kmh
8.207136,15.1511135,romberg_closed
8.228414,-3.903246,self_selected_gait_speed
-0.42317584,5.5257597,sit_to_stand
15.426028,3.984367,stationary_walk
7.3681026,-4.0208454,tm_3kmh
7.9212365,14.216976,romberg_closed
8.2594385,-3.67605,self_selected_gait_speed
-1.130951,4.540285,sit_to_stand
16.81391,6.120681,stationary_walk
8.142954,-3.6797035,tm_3kmh
11.192257,14.48489,romberg_closed
7.037531,-5.226583,self_selected_gait_speed
-0.9148292,3.9466238,sit_to_stand
14.881548,3.7493727,stationary_walk
6.7977495,-4.448157,tm_3kmh
5.80009,11.503853,romberg_closed
8.004599,-3.1589386,self_selected_gait_speed
-1.6344252,4.210867,sit_to_stand
16.377468,6.1047215,stationary_walk
7.8551517,-3.3475754,tm_3kmh
10.74769,13.635422,romberg_closed
8.809313,-5.5278606,self_selected_gait_speed
-0.9998274,2.970021,sit_to_stand
14.427952,4.9857674,stationary_walk
8.666916,-5.668666,tm_3kmh
8.530154,14.397054,romberg_closed
9.471269,-5.0701303,self_selected_gait_speed
-1.7290118,4.2517962,sit_to_stand
16.661268,5.8455467,stationary_walk
9.447563,-5.269669,tm_3kmh
8.073216,14.694881,romberg_closed
8.550211,-5.4835424,self_selected_gait_speed
-0.7315792,5.463689,sit_to_stand
17.334824,5.7779326,stationary_walk
8.185993,-6.1386375,tm_3kmh
6.7693954,12.994529,romberg_closed
8.54547,-4.118573,self_selected_gait_speed
-2.2599578,2.9681368,sit_to_stand
15.143129,6.1797056,stationary_walk
8.535776,-4.214888,tm_3kmh
11.160209,14.223116,romberg_closed
7.967971,-6.2527633,self_selected_gait_speed
0.41456476,4.6287193,sit_to_stand
15.302142,3.6961641,stationary_walk
7.869409,-5.8003554,tm_3kmh
10.109037,14.472634,romberg_closed
8.816351,-3.5002525,self_selected_gait_speed
-3.3608801,5.255517,sit_to_stand
16.824562,5.9904137,stationary_walk
8.413185,-3.638445,tm_3kmh
7.491577,14.278748,romberg_closed
9.324525,-6.2633615,self_selected_gait_speed
-1.2787368,3.5542023,sit_to_stand
16.06516,4.5769143,stationary_walk
9.236172,-6.2665324,tm_3kmh
8.9629,14.717456,romberg_closed
7.6078434,-5.7983236,self_selected_gait_speed
-1.8603207,4.7302017,sit_to_stand
15.0499325,3.5865726,stationary_walk
8.00673,-6.5270104,tm_3kmh
7.8120556,13.815703,romberg_closed
5.9638743,-3.833064,self_selected_gait_speed
0.22807547,4.9132376,sit_to_stand
13.608083,4.4178076,stationary_walk
5.9092073,-3.8210247,tm_3kmh
8.10021,13.648139,romberg_closed
5.6468997,-4.2930694,self_selected_gait_speed
-1.758978,3.428058,sit_to_stand
16.462868,5.2431893,stationary_walk
5.7647977,-4.289305,tm_3kmh
6.0919433,12.049447,romberg_closed
5.0448728,-3.4010696,self_selected_gait_speed
-0.5643157,5.551357,sit_to_stand
15.3334,3.8516836,stationary_walk
5.0288634,-3.404987,tm_3kmh
6.9341216,13.103643,romberg_closed
6.9753094,-3.2657435,self_selected_gait_speed
-1.2229669,3.158691,sit_to_stand
15.752511,4.9243164,stationary_walk
7.2828574,-3.3721428,tm_3kmh
10.348191,14.51387,romberg_closed
6.430265,-6.0888066,self_selected_gait_speed
-0.5080004,3.7678232,sit_to_stand
15.310468,3.4843345,stationary_walk
6.4214096,-5.7773705,tm_3kmh
8.22286,13.426767,romberg_closed
7.799078,-5.519606,self_selected_gait_speed
-3.3949895,5.2248573,sit_to_stand
16.068396,5.5943375,stationary_walk
8.417256,-5.5090914,tm_3kmh
7.514786,13.887769,romberg_closed
6.5857105,-3.818028,self_selected_gait_speed
-1.6924869,4.970299,sit_to_stand
16.385027,4.0136504,stationary_walk
6.2859,-4.1002007,tm_3kmh
10.381854,14.49041,romberg_closed
5.6479692,-5.146073,self_selected_gait_speed
-0.4648158,3.6931794,sit_to_stand
15.527203,4.6457496,stationary_walk
5.6080475,-5.0713506,tm_3kmh
5.60315,11.952387,romberg_closed
7.1305556,-3.2558396,self_selected_gait_speed
-3.0273345,3.970743,sit_to_stand
17.461859,5.340999,stationary_walk
7.0937386,-3.225366,tm_3kmh
8.664729,13.256061,romberg_closed
7.4773884,-4.2068133,self_selected_gait_speed
-2.5007007,4.2192893,sit_to_stand
16.12912,5.043042,stationary_walk
7.4544325,-4.4721255,tm_3kmh
6.347787,14.316587,romberg_closed
6.5128655,-3.9577713,self_selected_gait_speed
-2.0499985,5.1798644,sit_to_stand
17.110485,4.5644503,stationary_walk
6.3169355,-4.1050634,tm_3kmh
10.32098,14.318288,romberg_closed
7.583034,-4.1509137,self_selected_gait_speed
-0.60270107,5.7811694,sit_to_stand
15.885859,4.240582,stationary_walk
7.761863,-4.198848,tm_3kmh
10.227572,14.645943,romberg_closed
5.217002,-3.5446718,self_selected_gait_speed
-0.41591278,3.9621294,sit_to_stand
15.326407,5.0763807,stationary_walk
5.543378,-3.7223365,tm_3kmh
7.816664,13.656235,romberg_closed
5.5502405,-2.9613457,self_selected_gait_speed
-3.5842845,4.622897,sit_to_stand
17.342268,6.544944,stationary_walk
5.4591374,-3.0449188,tm_3kmh
5.5864115,12.061893,romberg_closed
-3.3633547,4.9659743,sit_to_stand
17.849386,6.202052,stationary_walk
9.371258,14.679276,romberg_closed
9.213745,-3.9879413,self_selected_gait_speed
-0.13545336,5.222416,sit_to_stand
16.693768,4.0500574,stationary_walk
7.431585,-5.430445,tm_3kmh
10.340852,14.540976,romberg_closed
5.5371537,-4.7080717,self_selected_gait_speed
-1.797408,5.3339877,sit_to_stand
15.475909,3.3122203,stationary_walk
5.5854034,-4.7882185,tm_3kmh
8.773788,14.9750395,romberg_closed
7.5823755,-5.3806086,self_selected_gait_speed
-2.4891107,5.938106,sit_to_stand
17.053701,3.9612508,stationary_walk
7.903584,-5.630507,tm_3kmh
8.779766,14.622116,romberg_closed
7.335996,-6.4339,self_selected_gait_speed
0.13884278,4.1972895,sit_to_stand
15.977469,3.7299166,stationary_walk
7.168369,-6.7223034,tm_3kmh
6.993268,12.388271,romberg_closed
9.185148,-2.8806143,self_selected_gait_speed
-2.7021415,5.4200177,sit_to_stand
16.348137,4.456261,stationary_walk
9.319945,-3.044907,tm_3kmh
10.960729,13.588458,romberg_closed
7.55052,-6.171359,self_selected_gait_speed
0.38670075,4.4049463,sit_to_stand
14.594618,4.192077,stationary_walk
7.7186637,-5.934984,tm_3kmh
10.647149,14.170523,romberg_closed
6.538188,-5.548065,self_selected_gait_speed
-0.73178124,4.6389027,sit_to_stand
15.532843,3.463277,stationary_walk
7.1231365,-6.1505227,tm_3kmh
6.4861884,14.35946,romberg_closed
5.945372,-4.3732376,self_selected_gait_speed
-0.66326773,3.8836184,sit_to_stand
16.221022,4.407709,stationary_walk
4.9522934,-3.467342,tm_3kmh
7.9037848,14.109198,romberg_closed
5.593201,-3.5560918,self_selected_gait_speed
-2.3710506,3.7427442,sit_to_stand
17.578915,6.018826,stationary_walk
7.9907045,-4.880952,tm_3kmh
7.8319597,15.070484,romberg_closed
5.7744894,-4.020223,self_selected_gait_speed
0.0071720304,4.3486433,sit_to_stand
15.585101,4.332228,stationary_walk
4.654756,-3.2126179,tm_3kmh
8.047345,12.833695,romberg_closed
9.100078,-3.9235837,self_selected_gait_speed
-3.0621898,3.8047307,sit_to_stand
14.873011,6.130756,stationary_walk
8.687508,-3.7039397,tm_3kmh
8.694955,13.738149,romberg_closed
7.1797743,-5.3921943,self_selected_gait_speed
-1.8879056,4.2484527,sit_to_stand
14.597182,5.2659054,stationary_walk
7.2603793,-5.3927526,tm_3kmh
7.333672,14.291305,romberg_closed
7.7426004,-5.131268,self_selected_gait_speed
-1.0989519,4.4326353,sit_to_stand
15.386103,5.02158,stationary_walk
7.3371944,-4.9827447,tm_3kmh
6.281766,14.179889,romberg_closed
7.9638515,-5.0654883,self_selected_gait_speed
-0.055586126,4.7830386,sit_to_stand
16.890184,5.5131807,stationary_walk
7.335787,-4.6545053,tm_3kmh
10.028803,14.513647,romberg_closed
7.879278,-5.116638,self_selected_gait_speed
-1.0684695,4.1500297,sit_to_stand
14.635858,4.516884,stationary_walk
8.43822,-4.1549497,tm_3kmh
8.028731,13.269665,romberg_closed
6.4718723,-0.6694749,self_selected_gait_speed
-2.2410734,6.016004,sit_to_stand
17.33216,5.3439484,stationary_walk
6.441289,-0.7076613,tm_3kmh
9.765083,14.815665,romberg_closed
8.206267,-5.964206,self_selected_gait_speed
0.12821026,5.274492,sit_to_stand
16.749186,3.9671235,stationary_walk
8.2773695,-6.0887523,tm_3kmh
9.726169,14.938704,romberg_closed
8.953833,-3.9755745,self_selected_gait_speed
-0.9951951,4.8398895,sit_to_stand
14.18663,4.956836,stationary_walk
9.036424,-3.729705,tm_3kmh
5.377372,11.524206,romberg_closed
7.371609,-2.6716263,self_selected_gait_speed
-3.0036674,4.1463757,sit_to_stand
17.670044,6.60154,stationary_walk
7.0093336,-2.794017,tm_3kmh
9.03324,14.251837,romberg_closed
6.5821767,-6.6630597,self_selected_gait_speed
-1.2721775,4.202678,sit_to_stand
15.498729,4.607151,stationary_walk
6.745898,-6.5826893,tm_3kmh
8.123549,14.388608,romberg_closed
6.920996,-5.348541,self_selected_gait_speed
-1.1259091,5.4479127,sit_to_stand
13.668853,4.6475363,stationary_walk
6.8528833,-5.405051,tm_3kmh
8.994177,13.370201,romberg_closed
8.2520485,-3.5028832,self_selected_gait_speed
-2.8073573,4.839033,sit_to_stand
15.665942,5.9578276,stationary_walk
7.8800297,-3.463025,tm_3kmh
9.10027,14.44825,romberg_closed
7.8576245,-5.744412,self_selected_gait_speed
-0.14385237,4.834167,sit_to_stand
15.523886,3.762726,stationary_walk
7.7006903,-5.8534045,tm_3kmh
7.496688,13.596371,romberg_closed
6.438796,-1.3000915,self_selected_gait_speed
-2.6468763,4.3416696,sit_to_stand
16.542841,6.0197997,stationary_walk
6.3959494,-1.4276775,tm_3kmh
6.109527,13.9965315,romberg_closed
7.1718144,-3.7141228,self_selected_gait_speed
-0.98239976,5.1811676,sit_to_stand
17.806696,5.784186,stationary_walk
7.1497016,-3.7714179,tm_3kmh
5.7267485,11.383788,romberg_closed
9.050471,-5.1394362,self_selected_gait_speed
-0.5831751,3.0402243,sit_to_stand
14.948331,6.106235,stationary_walk
8.4578905,-5.24311,tm_3kmh
6.2967744,13.782143,romberg_closed
8.663623,-2.4089825,self_selected_gait_speed
-3.1630032,5.5998826,sit_to_stand
17.61039,5.4966345,stationary_walk
8.868891,-2.8081284,tm_3kmh
8.939643,14.656223,romberg_closed
6.801578,-5.483805,self_selected_gait_speed
-2.7599,5.4660406,sit_to_stand
15.024282,4.043461,stationary_walk
6.2406015,-5.4234333,tm_3kmh
7.018793,12.993001,romberg_closed
7.1663265,-3.202467,self_selected_gait_speed
-0.75512964,4.8722415,sit_to_stand
15.568428,5.472742,stationary_walk
6.745352,-3.5894997,tm_3kmh
7.882528,15.107973,romberg_closed
8.064227,-4.5377727,self_selected_gait_speed
-2.2145288,4.6922417,sit_to_stand
16.197874,4.371777,stationary_walk
7.804259,-4.4307923,tm_3kmh
6.546359,14.608013,romberg_closed
8.003417,-3.3496127,self_selected_gait_speed
-2.7105777,5.5807867,sit_to_stand
17.762638,5.2677727,stationary_walk
7.506075,-3.1615644,tm_3kmh
8.327892,14.007008,romberg_closed
5.0580583,-2.9828274,self_selected_gait_speed
-0.62764204,3.939608,sit_to_stand
16.438429,3.4012024,stationary_walk
4.914005,-3.0589647,tm_3kmh
11.168251,13.808444,romberg_closed
8.536068,-6.2359962,self_selected_gait_speed
-1.2305,3.3026326,sit_to_stand
14.425946,4.6374364,stationary_walk
8.080836,-6.2744446,tm_3kmh
9.913172,14.413333,romberg_closed
8.710025,-4.1204276,self_selected_gait_speed
-0.43613413,4.808506,sit_to_stand
14.904845,4.5248957,stationary_walk
8.716234,-5.0116606,tm_3kmh
7.8441772,14.719588,romberg_closed
9.033886,-4.8536615,self_selected_gait_speed
-2.989574,5.4070277,sit_to_stand
17.587387,4.7168775,stationary_walk
7.9797044,-4.5409074,tm_3kmh
5.933689,13.505232,romberg_closed
7.9125166,-3.507201,self_selected_gait_speed
-0.92112494,4.2441206,sit_to_stand
17.403807,5.5529437,stationary_walk
7.9543333,-3.4094117,tm_3kmh
7.375723,13.177372,romberg_closed
7.252634,-3.4268467,self_selected_gait_speed
-2.076497,3.8009396,sit_to_stand
16.569923,6.207359,stationary_walk
6.623359,-2.706607,tm_3kmh
10.143983,13.846792,romberg_closed
7.581252,-3.4716883,self_selected_gait_speed
-1.3022007,5.7661867,sit_to_stand
16.039415,4.8096347,stationary_walk
7.220269,-4.2307405,tm_3kmh
7.071073,13.492264,romberg_closed
7.2398024,-2.7414124,self_selected_gait_speed
-1.8582917,5.7402306,sit_to_stand
17.04294,6.0862336,stationary_walk
6.9056273,-3.2030149,tm_3kmh
5.7680054,12.293106,romberg_closed
7.36778,-3.6343002,self_selected_gait_speed
-3.493259,4.17258,sit_to_stand
16.307034,6.053244,stationary_walk
6.9107738,-3.8472493,tm_3kmh
10.319512,13.819795,romberg_closed
6.510187,-1.5826291,self_selected_gait_speed
-1.1505172,3.6944196,sit_to_stand
13.979624,4.835039,stationary_walk
6.5931983,-1.6533204,tm_3kmh
7.912272,13.822378,romberg_closed
7.19764,-3.6451974,self_selected_gait_speed
-3.061767,4.797455,sit_to_stand
16.255962,5.1936183,stationary_walk
6.961481,-3.952757,tm_3kmh
10.2971325,15.1294365,romberg_closed
-3.015847,4.331381,sit_to_stand
15.638965,3.3554282,stationary_walk
8.798455,13.881914,romberg_closed
6.2726903,-5.2232375,self_selected_gait_speed
-2.7513638,5.5052056,sit_to_stand
15.729893,4.860554,stationary_walk
5.9429193,-6.084455,tm_3kmh
9.442414,14.862718,romberg_closed
7.498815,-6.3080535,self_selected_gait_speed
-0.55816054,4.5771084,sit_to_stand
15.566884,3.6307926,stationary_walk
7.447618,-6.182878,tm_3kmh
8.810596,13.442446,romberg_closed
5.5443845,-4.682253,self_selected_gait_speed
-1.1994598,5.528188,sit_to_stand
16.537197,3.8715193,stationary_walk
5.473097,-4.4105663,tm_3kmh
9.352206,14.766839,romberg_closed
7.2337575,-3.7505946,self_selected_gait_speed
-2.7412362,4.533512,sit_to_stand
14.538247,4.751443,stationary_walk
7.068085,-3.5197887,tm_3kmh
5.6763415,11.948748,romberg_closed
7.4666624,-3.490443,self_selected_gait_speed
-2.1585622,3.811572,sit_to_stand
15.452743,5.9422264,stationary_walk
7.4628854,-3.0777235,tm_3kmh
9.991824,13.813384,romberg_closed
6.7631936,-1.7081941,self_selected_gait_speed
-2.524094,4.791937,sit_to_stand
16.345018,3.9622524,stationary_walk
6.8451266,-1.5136172,tm_3kmh
5.2480054,11.072355,romberg_closed
7.6666384,-5.686698,self_selected_gait_speed
-2.1523721,3.6766002,sit_to_stand
16.732676,6.3634157,stationary_walk
8.055723,-5.646117,tm_3kmh
8.675394,14.055545,romberg_closed
5.984598,-3.6673443,self_selected_gait_speed
-2.039033,3.0339475,sit_to_stand
16.86122,5.127434,stationary_walk
6.1195693,-3.8158622,tm_3kmh
10.097095,14.925886,romberg_closed
8.171747,-4.5194592,self_selected_gait_speed
-3.2399414,5.4661336,sit_to_stand
16.312426,4.5718102,stationary_walk
8.931366,-3.211202,tm_3kmh
10.29415,13.537224,romberg_closed
7.4945884,-6.6362777,self_selected_gait_speed
-0.9981777,3.3549092,sit_to_stand
15.002186,5.8194695,stationary_walk
7.7429757,-6.572886,tm_3kmh
10.023086,14.126992,romberg_closed
5.9496818,-4.5505486,self_selected_gait_speed
-2.9908326,5.493887,sit_to_stand
16.193895,5.408636,stationary_walk
5.988085,-4.445406,tm_3kmh
7.597448,13.929332,romberg_closed
6.125577,-3.4137886,self_selected_gait_speed
-2.9925938,3.7132065,sit_to_stand
17.351109,5.126629,stationary_walk
6.093462,-3.6314545,tm_3kmh
6.9849987,14.298598,romberg_closed
8.903507,-4.874578,self_selected_gait_speed
-1.1418573,3.8771539,sit_to_stand
16.589811,5.466915,stationary_walk
8.715861,-5.123809,tm_3kmh
8.467519,15.321214,romberg_closed
7.7750287,-6.278112,self_selected_gait_speed
-0.95123094,4.7542562,sit_to_stand
15.981505,3.6618767,stationary_walk
7.719035,-6.277633,tm_3kmh
7.8531775,14.633251,romberg_closed
9.737922,-4.7500267,self_selected_gait_speed
-0.48596647,4.2049894,sit_to_stand
15.552373,4.6367106,stationary_walk
9.755205,-4.8179774,tm_3kmh
9.9395895,13.577455,romberg_closed
5.861448,-5.165864,self_selected_gait_speed
-1.2464749,5.4138746,sit_to_stand
16.485575,4.7536736,stationary_walk
6.020419,-5.111019,tm_3kmh
6.708529,-5.4582644,self_selected_gait_speed
-1.758163,4.7298236,sit_to_stand
16.816885,3.7886326,stationary_walk
6.617682,-5.0623555,tm_3kmh
8.16626,15.271319,romberg_closed
-1.6986883,3.3417318,sit_to_stand
16.78383,4.610611,stationary_walk
10.270123,14.499087,romberg_closed
6.2010055,-5.379193,self_selected_gait_speed
-2.4846282,4.3628235,sit_to_stand
15.776939,3.6671345,stationary_walk
6.401344,-4.5442023,tm_3kmh
6.311912,11.764562,romberg_closed
6.6199164,-0.9591955,self_selected_gait_speed
-3.3563883,4.8310175,sit_to_stand
17.672842,5.152588,stationary_walk
6.583968,-0.8300264,tm_3kmh
11.246066,14.587555,romberg_closed
8.966304,-5.373488,self_selected_gait_speed
-0.89744854,5.454795,sit_to_stand
15.766885,3.98274,stationary_walk
8.577092,-5.1603675,tm_3kmh
10.147418,14.26854,romberg_closed
6.5187387,-1.2168092,self_selected_gait_speed
-1.3527492,4.099298,sit_to_stand
16.01026,4.061788,stationary_walk
6.5143332,-1.1507385,tm_3kmh
5.469238,12.049505,romberg_closed
6.9017243,-3.0692666,self_selected_gait_speed
-0.5898296,3.6856515,sit_to_stand
15.607071,5.2140846,stationary_walk
6.725303,-3.7644246,tm_3kmh
6.266361,12.104606,romberg_closed
9.706368,-2.2026474,self_selected_gait_speed
-2.119422,3.3296275,sit_to_stand
16.297087,6.733677,stationary_walk
10.408189,13.705087,romberg_closed
9.201328,-2.1626184,self_selected_gait_speed
-1.755805,4.8076596,sit_to_stand
15.64521,5.7052817,stationary_walk
9.232061,-2.302411,tm_3kmh
7.4093094,12.727411,romberg_closed
9.739501,-1.9013036,self_selected_gait_speed
-2.624822,3.5141435,sit_to_stand
13.599391,4.6479416,stationary_walk
9.613705,-1.8225824,tm_3kmh
10.813473,14.442292,romberg_closed
7.5392747,-6.52984,self_selected_gait_speed
0.255603,4.4286084,sit_to_stand
14.45646,3.7506514,stationary_walk
7.374917,-6.049256,tm_3kmh
7.929543,13.063773,romberg_closed
6.835538,-3.2486808,self_selected_gait_speed
-3.7218604,4.6092234,sit_to_stand
17.073647,6.147454,stationary_walk
6.744883,-4.7964153,tm_3kmh
7.0324044,13.143125,romberg_closed
7.1989307,-4.3284407,self_selected_gait_speed
-2.8199146,3.7145836,sit_to_stand
15.901349,5.4122624,stationary_walk
6.78399,-4.157937,tm_3kmh
6.6203628,12.358636,romberg_closed
8.718186,-5.1976104,self_selected_gait_speed
-2.5083249,5.0572267,sit_to_stand
16.674122,5.2015405,stationary_walk
8.393802,-5.3920503,tm_3kmh
8.410367,14.928351,romberg_closed
8.377953,-6.3134713,self_selected_gait_speed
-2.6946669,4.962553,sit_to_stand
16.28304,4.2857647,stationary_walk
7.947745,-6.4590836,tm_3kmh
8.270092,13.730478,romberg_closed
6.758263,-4.736889,self_selected_gait_speed
0.047723833,5.2671556,sit_to_stand
14.995813,5.0894523,stationary_walk
5.5877542,-3.8230197,tm_3kmh
8.323446,15.163314,romberg_closed
7.8355017,-4.758447,self_selected_gait_speed
-0.7455444,5.278097,sit_to_stand
15.471309,3.9722123,stationary_walk
7.8335156,-4.8374815,tm_3kmh
6.330343,14.075232,romberg_closed
8.346307,-5.220441,self_selected_gait_speed
-3.0958164,4.0489883,sit_to_stand
17.32937,5.6624656,stationary_walk
8.309912,-5.0866203,tm_3kmh
6.675335,13.791494,romberg_closed
8.269934,-2.9628022,self_selected_gait_speed
-2.8715515,4.415092,sit_to_stand
17.295782,5.9014273,stationary_walk
8.46314,-2.9297845,tm_3kmh
6.420431,13.1563,romberg_closed
7.3655186,-2.9130638,self_selected_gait_speed
-2.748063,3.3011212,sit_to_stand
15.2340555,5.3350215,stationary_walk
7.0182004,-2.8894143,tm_3kmh
9.938361,14.537136,romberg_closed
6.466669,-4.0331383,self_selected_gait_speed
-3.0126078,3.9312232,sit_to_stand
14.834026,5.18952,stationary_walk
6.4680867,-4.0702105,tm_3kmh
7.6642685,15.330621,romberg_closed
7.8307433,-4.887095,self_selected_gait_speed
-2.1280696,5.203709,sit_to_stand
16.929094,4.1575465,stationary_walk
7.569133,-4.9201565,tm_3kmh
8.270833,14.232876,romberg_closed
8.466436,-5.7748585,self_selected_gait_speed
-0.22575651,3.325403,sit_to_stand
15.765443,4.646585,stationary_walk
7.9322915,-5.45449,tm_3kmh
5.356141,11.343408,romberg_closed
9.512619,-3.7013125,self_selected_gait_speed
-1.7289796,2.8478973,sit_to_stand
13.704301,5.0086584,stationary_walk
9.20226,-3.6498487,tm_3kmh
9.718642,13.864985,romberg_closed
8.452597,-5.403916,self_selected_gait_speed
-0.61008763,4.1214743,sit_to_stand
15.396238,5.1357937,stationary_walk
7.943203,-6.3182654,tm_3kmh
6.1007867,14.063704,romberg_closed
9.278898,-5.5840864,self_selected_gait_speed
-2.281492,5.195833,sit_to_stand
16.249197,5.828959,stationary_walk
9.103743,-5.7603,tm_3kmh
8.0286045,14.787312,romberg_closed
8.602102,-5.0998387,self_selected_gait_speed
-2.399225,5.408457,sit_to_stand
15.904176,5.094895,stationary_walk
8.4495325,-5.2644773,tm_3kmh
4.933291,11.062629,romberg_closed
9.718858,-2.351006,self_selected_gait_speed
-2.6911592,3.8819933,sit_to_stand
17.295065,6.144808,stationary_walk
9.666826,-2.3716147,tm_3kmh
7.604941,13.171945,romberg_closed
7.3675127,-3.7932286,self_selected_gait_speed
-1.2295108,4.1898246,sit_to_stand
14.846734,3.9508915,stationary_walk
7.2751346,-3.6207366,tm_3kmh
6.91793,14.975438,romberg_closed
8.411338,-6.3767357,self_selected_gait_speed
-1.401852,4.722276,sit_to_stand
15.962572,3.373285,stationary_walk
8.183126,-6.113741,tm_3kmh
9.737196,13.446385,romberg_closed
8.00823,-5.3323913,self_selected_gait_speed
-0.57925934,3.3083508,sit_to_stand
15.4020605,5.076073,stationary_walk
7.4974275,-4.9905996,tm_3kmh
7.0547256,13.9441185,romberg_closed
9.259139,-4.105654,self_selected_gait_speed
-2.5233455,3.9889276,sit_to_stand
16.292284,6.146485,stationary_walk
9.430917,-4.312391,tm_3kmh
7.072409,14.081723,romberg_closed
7.501252,-4.5810018,self_selected_gait_speed
-0.7766925,5.3012776,sit_to_stand
16.314692,4.962014,stationary_walk
7.937005,-3.7247183,tm_3kmh
7.7265334,15.057521,romberg_closed
8.098392,-5.4375863,self_selected_gait_speed
-2.2381508,4.5064583,sit_to_stand
16.168133,4.4125686,stationary_walk
8.136489,-5.290886,tm_3kmh
8.451832,14.853719,romberg_closed
6.697283,-0.8566608,self_selected_gait_speed
-2.3184974,5.200992,sit_to_stand
14.656029,3.9432082,stationary_walk
6.565934,-0.7827113,tm_3kmh
5.1646223,11.060016,romberg_closed
8.555696,-2.4952364,self_selected_gait_speed
-2.7222214,3.944343,sit_to_stand
16.697395,6.63674,stationary_walk
8.615177,-2.6434138,tm_3kmh
6.5375056,13.46393,romberg_closed
7.8626122,-4.620318,self_selected_gait_speed
-2.2577305,3.773386,sit_to_stand
17.059137,5.5789924,stationary_walk
8.311839,-4.5112123,tm_3kmh
8.455447,13.839831,romberg_closed
9.2114725,-2.2810946,self_selected_gait_speed
-2.7758675,5.4295053,sit_to_stand
16.373835,5.2612786,stationary_walk
9.286131,-2.3887012,tm_3kmh
6.208252,13.427236,romberg_closed
6.356951,-2.7090468,self_selected_gait_speed
-1.4514803,3.3854418,sit_to_stand
16.8872,6.267319,stationary_walk
6.068425,13.394416,romberg_closed
8.306403,-3.5158205,self_selected_gait_speed
-1.6480198,4.188192,sit_to_stand
15.623755,6.0849147,stationary_walk
8.181533,-3.2357965,tm_3kmh
7.915406,12.9485855,romberg_closed
9.168832,-4.093884,self_selected_gait_speed
-3.1916602,4.105095,sit_to_stand
15.634628,6.2816095,stationary_walk
8.825302,-4.0276737,tm_3kmh
9.416406,13.803091,romberg_closed
6.2409267,-4.0664215,self_selected_gait_speed
-0.56210524,3.891575,sit_to_stand
15.020309,4.8613076,stationary_walk
6.1727686,-3.7190583,tm_3kmh
6.8049884,13.558267,romberg_closed
6.8757815,-3.2103844,self_selected_gait_speed
-0.94825065,4.6363907,sit_to_stand
16.919888,4.951728,stationary_walk
6.748679,-3.046354,tm_3kmh
5.8738413,13.72629,romberg_closed
6.824776,-3.0038297,self_selected_gait_speed
-2.024357,4.4570403,sit_to_stand
17.372253,6.0513406,stationary_walk
6.631606,-2.853092,tm_3kmh
6.9681954,14.0880995,romberg_closed
7.361881,-5.1980133,self_selected_gait_speed
-0.53420454,5.485676,sit_to_stand
16.600077,4.9540973,stationary_walk
7.3254695,-4.9397163,tm_3kmh
7.9976916,13.191301,romberg_closed
9.6370325,-3.0077431,self_selected_gait_speed
-2.5917451,5.409864,sit_to_stand
15.822212,6.5342774,stationary_walk
9.611156,-3.2030716,tm_3kmh
10.762736,14.092259,romberg_closed
6.4316525,-5.2101784,self_selected_gait_speed
-3.1154866,5.505033,sit_to_stand
16.08193,4.183603,stationary_walk
5.9509444,-5.480574,tm_3kmh
6.407425,11.884502,romberg_closed
9.962026,-2.2202601,self_selected_gait_speed
-2.242866,3.3663785,sit_to_stand
16.998331,7.1200404,stationary_walk
9.904883,-2.17312,tm_3kmh
5.711526,11.820958,romberg_closed
9.454578,-3.3394766,self_selected_gait_speed
-3.7141712,4.5873666,sit_to_stand
15.6321335,5.850532,stationary_walk
9.388417,-3.3630104,tm_3kmh
9.481061,14.782988,romberg_closed
5.4464564,-1.5848418,self_selected_gait_speed
-2.3470855,5.0815983,sit_to_stand
16.534525,5.2401185,stationary_walk
5.5561256,-1.66211,tm_3kmh
9.526839,13.567459,romberg_closed
8.986081,-5.975052,self_selected_gait_speed
0.09762692,3.573905,sit_to_stand
15.670006,4.867986,stationary_walk
9.383296,-5.7804866,tm_3kmh
6.9080005,12.298776,romberg_closed
7.337565,-5.728944,self_selected_gait_speed
-1.2208623,5.184215,sit_to_stand
16.122843,4.438886,stationary_walk
7.374331,-5.889106,tm_3kmh
9.557967,15.372365,romberg_closed
7.2975554,-4.8517804,self_selected_gait_speed
-1.5414679,5.882079,sit_to_stand
16.949364,4.0607367,stationary_walk
7.087227,-4.581816,tm_3kmh
10.868919,14.4509535,romberg_closed
6.4830523,-6.754473,self_selected_gait_speed
-0.79276407,3.5408542,sit_to_stand
13.839239,4.405041,stationary_walk
6.631794,-6.8395534,tm_3kmh
9.007384,15.084202,romberg_closed
7.0828238,-4.7820725,self_selected_gait_speed
-1.5332525,6.149878,sit_to_stand
16.445936,4.419171,stationary_walk
6.9907765,-4.5723505,tm_3kmh
5.5884867,11.272265,romberg_closed
8.504254,-2.5676155,self_selected_gait_speed
-2.0116994,4.0322614,sit_to_stand
17.540457,6.649486,stationary_walk
8.959855,-2.4179394,tm_3kmh
6.61707,13.212116,romberg_closed
6.397063,-2.8356795,self_selected_gait_speed
-0.8383387,4.4278975,sit_to_stand
16.744902,5.7509017,stationary_walk
6.336824,-2.8303225,tm_3kmh
11.40453,14.412196,romberg_closed
7.8954644,-6.579487,self_selected_gait_speed
-0.56241584,3.284335,sit_to_stand
14.601404,3.639091,stationary_walk
7.992034,-6.6837807,tm_3kmh
8.490753,14.511455,romberg_closed
8.166321,-5.72924,self_selected_gait_speed
-1.6201733,5.617991,sit_to_stand
16.552181,3.5924406,stationary_walk
8.165688,-5.6797657,tm_3kmh
7.496151,13.8051405,romberg_closed
7.536344,-4.518575,self_selected_gait_speed
-3.0783713,5.0340786,sit_to_stand
15.241998,3.7831442,stationary_walk
7.213676,-4.498294,tm_3kmh
10.153319,14.591077,romberg_closed
5.423882,-4.8262835,self_selected_gait_speed
-1.8726887,3.935851,sit_to_stand
15.334128,3.8185918,stationary_walk
5.523248,-4.5777955,tm_3kmh
6.1921124,12.104224,romberg_closed
8.603384,-3.419822,self_selected_gait_speed
-2.5800939,4.703979,sit_to_stand
17.761757,6.046897,stationary_walk
7.2241507,-3.8929539,tm_3kmh
8.6333685,14.803393,romberg_closed
6.5222926,-5.541007,self_selected_gait_speed
-0.77500445,4.013469,sit_to_stand
16.21442,5.003247,stationary_walk
6.514013,-5.6049037,tm_3kmh
9.333936,14.651331,romberg_closed
5.7785206,-5.484547,self_selected_gait_speed
0.09431494,5.3046765,sit_to_stand
16.57918,4.296848,stationary_walk
5.6570325,-5.3049498,tm_3kmh
9.4633,14.739882,romberg_closed
7.192098,-5.636759,self_selected_gait_speed
-0.9460792,4.683749,sit_to_stand
15.614582,3.3798525,stationary_walk
7.0727987,-5.6718884,tm_3kmh
5.5576215,11.7278595,romberg_closed
8.833427,-4.1669936,self_selected_gait_speed
-1.934599,3.494968,sit_to_stand
16.224115,5.9558372,stationary_walk
8.712376,-4.083705,tm_3kmh
7.694333,14.511406,romberg_closed
7.118678,-6.2923756,self_selected_gait_speed
-3.57399,4.83144,sit_to_stand
16.358067,6.101353,stationary_walk
6.9913654,-6.204024,tm_3kmh
9.868283,15.071996,romberg_closed
7.3122654,-6.7248006,self_selected_gait_speed
-0.31743085,4.928283,sit_to_stand
15.529062,4.276168,stationary_walk
7.5046015,-6.8528867,tm_3kmh
7.857712,13.503731,romberg_closed
7.04524,-5.136344,self_selected_gait_speed
-3.3203163,5.0264516,sit_to_stand
15.863596,5.668099,stationary_walk
7.0994673,-5.149052,tm_3kmh
9.970612,13.215697,romberg_closed
7.099277,-4.2769294,self_selected_gait_speed
-0.43743792,5.4731503,sit_to_stand
16.256365,5.600424,stationary_walk
6.6628575,-3.939865,tm_3kmh
8.486479,13.618751,romberg_closed
6.5872455,-5.1001444,self_selected_gait_speed
0.4561508,3.968639,sit_to_stand
16.147936,4.1543365,stationary_walk
6.4559116,-4.732301,tm_3kmh
9.674068,14.488992,romberg_closed
8.7043495,-5.9938335,self_selected_gait_speed
-1.4580406,4.6183505,sit_to_stand
15.098416,4.108165,stationary_walk
8.670471,-5.7810407,tm_3kmh
10.958722,13.730362,romberg_closed
6.972584,-4.014686,self_selected_gait_speed
-0.95499367,3.4995098,sit_to_stand
15.446893,5.6175385,stationary_walk
6.4250164,-3.93712,tm_3kmh
8.749496,13.704688,romberg_closed
6.159936,-4.619666,self_selected_gait_speed
-2.0115852,5.2324777,sit_to_stand
17.166681,4.984541,stationary_walk
6.279125,-4.6239557,tm_3kmh
10.069717,14.024911,romberg_closed
7.3625154,-5.9613442,self_selected_gait_speed
-0.6322271,4.8211904,sit_to_stand
15.474517,3.1461835,stationary_walk
7.3101897,-5.8027916,tm_3kmh
6.169504,11.755922,romberg_closed
7.2276998,-4.639555,self_selected_gait_speed
-1.7357024,4.5572104,sit_to_stand
14.473772,5.229063,stationary_walk
7.1726356,-4.6774454,tm_3kmh
10.092117,13.582629,romberg_closed
6.3307686,-2.7257147,self_selected_gait_speed
-0.14301853,3.9138148,sit_to_stand
15.6365385,3.9145584,stationary_walk
6.1989093,-2.7159166,tm_3kmh
6.4160547,12.116333,romberg_closed
-2.7190027,4.699785,sit_to_stand
16.92064,5.832995,stationary_walk
8.977004,14.76646,romberg_closed
7.121258,-3.2518752,self_selected_gait_speed
-1.6289831,5.38003,sit_to_stand
17.918482,5.7079244,stationary_walk
7.2347035,-3.7180836,tm_3kmh
7.1265144,13.223428,romberg_closed
7.5083165,-3.8735712,self_selected_gait_speed
-0.8025112,4.48941,sit_to_stand
16.090963,4.4008336,stationary_walk
7.374552,-3.9959724,tm_3kmh
6.7674737,13.680238,romberg_closed
8.036752,-6.0106583,self_selected_gait_speed
-1.8426864,3.1821399,sit_to_stand
14.741622,5.725845,stationary_walk
7.489552,-6.556863,tm_3kmh
11.440126,14.550324,romberg_closed
-0.54131633,4.6578364,sit_to_stand
14.2945175,4.247428,stationary_walk
9.568353,13.329286,romberg_closed
6.1224775,-5.053897,self_selected_gait_speed
-0.3703525,4.5340815,sit_to_stand
14.329171,4.571974,stationary_walk
6.1530843,-4.921483,tm_3kmh
6.68295,13.56103,romberg_closed
7.341021,-3.0400443,self_selected_gait_speed
-0.7659694,4.9233985,sit_to_stand
17.20021,5.596679,stationary_walk
7.162571,-3.028603,tm_3kmh
7.7587433,13.0515585,romberg_closed
6.245334,-4.9288573,self_selected_gait_speed
-1.9957322,3.5372827,sit_to_stand
15.329943,6.157423,stationary_walk
6.359671,-5.002143,tm_3kmh
6.176341,12.006659,romberg_closed
9.578014,-2.9612072,self_selected_gait_speed
-1.83226,5.010549,sit_to_stand
17.30354,5.366132,stationary_walk
9.551172,-2.9917324,tm_3kmh
6.3888946,11.9939575,romberg_closed
9.748449,-2.4646816,self_selected_gait_speed
-1.5431895,2.9364479,sit_to_stand
14.49446,5.775522,stationary_walk
9.640517,-2.3317606,tm_3kmh
10.242284,13.704048,romberg_closed
9.438552,-5.308821,self_selected_gait_speed
-2.2217453,4.083296,sit_to_stand
15.060357,3.8815086,stationary_walk
9.2692175,-5.207215,tm_3kmh
5.5338864,11.39341,romberg_closed
9.826368,-3.2768004,self_selected_gait_speed
-3.0294104,4.366405,sit_to_stand
17.059153,6.7757645,stationary_walk
9.72296,-3.2808566,tm_3kmh
7.4777937,14.001937,romberg_closed
8.990762,-3.0073037,self_selected_gait_speed
-2.9441314,4.72818,sit_to_stand
16.636194,5.6564374,stationary_walk
9.493651,-2.5073686,tm_3kmh
8.601324,15.258865,romberg_closed
6.6854024,-5.7650228,self_selected_gait_speed
-1.6376913,5.037097,sit_to_stand
16.065685,4.8840117,stationary_walk
6.6278963,-5.877423,tm_3kmh
8.359798,14.208245,romberg_closed
7.944027,-4.265612,self_selected_gait_speed
-2.0328052,5.328864,sit_to_stand
16.80215,5.163517,stationary_walk
7.860391,-4.394552,tm_3kmh
10.880942,14.421139,romberg_closed
8.795723,-5.5527716,self_selected_gait_speed
-1.8050315,5.5098643,sit_to_stand
14.840707,3.9163675,stationary_walk
8.573479,-5.53433,tm_3kmh
5.477791,11.233019,romberg_closed
7.1791816,-4.9135203,self_selected_gait_speed
0.05498841,5.3056355,sit_to_stand
16.926281,4.179955,stationary_walk
7.162593,-5.2112303,tm_3kmh
7.811066,14.335295,romberg_closed
8.085372,-3.3554556,self_selected_gait_speed
-0.018491494,4.9055495,sit_to_stand
16.959774,5.6181817,stationary_walk
9.091817,-2.2997124,tm_3kmh
8.550637,12.594954,romberg_closed
-0.67455107,2.918209,sit_to_stand
14.49543,5.6635995,stationary_walk
9.139858,14.798397,romberg_closed
7.282557,-5.1709046,self_selected_gait_speed
-2.4581044,5.4637604,sit_to_stand
15.894877,4.9742265,stationary_walk
6.849168,-4.6684613,tm_3kmh
8.638232,14.35854,romberg_closed
8.866446,-4.9963207,self_selected_gait_speed
-3.6476974,4.737936,sit_to_stand
14.924664,4.651354,stationary_walk
8.528733,-4.83727,tm_3kmh
8.723898,14.494512,romberg_closed
7.9915605,-7.1704273,self_selected_gait_speed
-1.7860316,4.978625,sit_to_stand
15.032081,4.315036,stationary_walk
7.9764004,-7.0845385,tm_3kmh
9.26721,14.041777,romberg_closed
8.787386,-5.0433965,self_selected_gait_speed
0.31766894,4.0154834,sit_to_stand
13.629304,4.887583,stationary_walk
8.626979,-5.4046946,tm_3kmh
6.149528,13.724191,romberg_closed
7.018991,-2.5636258,self_selected_gait_speed
-2.8253245,3.4279077,sit_to_stand
16.080542,6.255224,stationary_walk
7.592994,-2.659316,tm_3kmh
7.9431744,13.539048,romberg_closed
6.168524,-5.750203,self_selected_gait_speed
-2.2881913,5.216856,sit_to_stand
14.958902,5.2215304,stationary_walk
6.153092,-6.0737076,tm_3kmh
8.569311,12.752615,romberg_closed
6.129981,-4.384666,self_selected_gait_speed
-1.6926941,3.2019718,sit_to_stand
14.927914,5.942624,stationary_walk
6.3124795,-4.3246536,tm_3kmh
8.599036,12.609938,romberg_closed
9.037608,-3.7968636,self_selected_gait_speed
-2.5374691,3.3907664,sit_to_stand
15.4921465,6.5586724,stationary_walk
9.132488,-3.680433,tm_3kmh
11.484851,14.326906,romberg_closed
8.399373,-6.548853,self_selected_gait_speed
0.5052403,3.9990485,sit_to_stand
16.078451,4.849689,stationary_walk
8.354061,-6.5770493,tm_3kmh
8.507218,14.0757675,romberg_closed
7.4036555,-6.281694,self_selected_gait_speed
-2.3805885,4.4700265,sit_to_stand
16.488148,3.807433,stationary_walk
7.525019,-6.2916236,tm_3kmh
8.272041,15.157917,romberg_closed
8.680574,-5.115159,self_selected_gait_speed
-3.1741638,4.465571,sit_to_stand
15.472958,4.045834,stationary_walk
8.475888,-4.907742,tm_3kmh
8.508258,14.554644,romberg_closed
8.343651,-4.580882,self_selected_gait_speed
-1.9549783,5.9195313,sit_to_stand
15.742083,4.757303,stationary_walk
8.235208,-4.513007,tm_3kmh
9.980372,13.849774,romberg_closed
6.8753214,-6.4079995,self_selected_gait_speed
0.032763105,4.6730337,sit_to_stand
15.4393,4.0585995,stationary_walk
6.9833055,-6.4993024,tm_3kmh
10.809994,14.80943,romberg_closed
6.7707496,-6.2116656,self_selected_gait_speed
-0.6490431,4.3019457,sit_to_stand
14.974841,3.5359845,stationary_walk
6.994474,-6.0410833,tm_3kmh
5.895407,12.115508,romberg_closed
5.5228677,-3.2672489,self_selected_gait_speed
-2.877482,3.7654383,sit_to_stand
15.976257,6.3342867,stationary_walk
5.5621285,-3.2183795,tm_3kmh
9.244876,14.378396,romberg_closed
6.9039364,-6.6708665,self_selected_gait_speed
-0.99150723,6.0176244,sit_to_stand
16.319206,5.1207957,stationary_walk
7.2146587,-6.5383863,tm_3kmh
11.067402,14.565091,romberg_closed
7.728813,-6.4804964,self_selected_gait_speed
-1.6627434,5.0933824,sit_to_stand
14.632322,4.067983,stationary_walk
7.363065,-6.4509153,tm_3kmh
8.3961115,13.513493,romberg_closed
6.0429254,-4.3052697,self_selected_gait_speed
-1.9344747,3.491335,sit_to_stand
15.887996,6.0595336,stationary_walk
5.8352475,-4.424389,tm_3kmh
8.986868,13.72043,romberg_closed
5.704934,-5.0097904,self_selected_gait_speed
-2.791237,4.338627,sit_to_stand
15.785136,4.9671926,stationary_walk
4.6081367,-3.0466723,tm_3kmh
6.742157,14.887691,romberg_closed
7.1437626,-4.909361,self_selected_gait_speed
-1.7510802,3.8490078,sit_to_stand
17.030216,4.52403,stationary_walk
7.3306527,-5.061844,tm_3kmh
5.9518933,11.390301,romberg_closed
8.441497,-4.683552,self_selected_gait_speed
-2.360821,5.116411,sit_to_stand
15.825767,5.6869144,stationary_walk
8.233843,-4.404663,tm_3kmh
4.984526,11.14116,romberg_closed
8.124407,-3.348166,self_selected_gait_speed
-1.2553837,3.671734,sit_to_stand
16.623491,6.4266057,stationary_walk
8.673048,-3.1816604,tm_3kmh
7.4945335,12.261021,romberg_closed
8.026598,-4.191231,self_selected_gait_speed
-0.8106615,3.9607937,sit_to_stand
15.042598,3.6344752,stationary_walk
8.85853,-3.7193384,tm_3kmh
6.0061173,11.455772,romberg_closed
8.032555,-3.221735,self_selected_gait_speed
-1.8012321,3.4913847,sit_to_stand
15.1274605,6.081606,stationary_walk
7.9849896,-3.1743581,tm_3kmh
9.073709,14.497254,romberg_closed
6.230673,-5.0458546,self_selected_gait_speed
-0.941172,5.41758,sit_to_stand
13.874715,4.254773,stationary_walk
6.205506,-5.09225,tm_3kmh
7.945088,14.676423,romberg_closed
7.6285024,-2.6267202,self_selected_gait_speed
-2.0417104,5.9454527,sit_to_stand
16.33274,5.098596,stationary_walk
7.3623896,-2.7220516,tm_3kmh
6.172319,13.032096,romberg_closed
7.191374,-2.429965,self_selected_gait_speed
-1.2465782,4.0800896,sit_to_stand
17.557486,6.3796067,stationary_walk
7.372524,-2.4742637,tm_3kmh
7.250668,13.994526,romberg_closed
7.86488,-3.673529,self_selected_gait_speed
-3.534572,5.147952,sit_to_stand
16.942017,5.9483347,stationary_walk
7.5385,-3.5242686,tm_3kmh
11.380197,14.389302,romberg_closed
6.6190014,-3.4243648,self_selected_gait_speed
-0.7462801,3.1437964,sit_to_stand
14.616905,4.896679,stationary_walk
6.6346636,-2.583098,tm_3kmh
6.7990694,14.2937,romberg_closed
-1.7713352,3.9702413,sit_to_stand
17.30689,4.8800063,stationary_walk
9.07261,13.761664,romberg_closed
6.006144,-1.1396143,self_selected_gait_speed
-0.85335696,5.164014,sit_to_stand
13.545537,4.3089867,stationary_walk
6.144211,-1.0800123,tm_3kmh
10.458159,14.484807,romberg_closed
7.4536395,-4.8960967,self_selected_gait_speed
-0.9930744,3.920564,sit_to_stand
15.180729,4.878783,stationary_walk
7.3528347,-5.27546,tm_3kmh
9.961015,15.267133,romberg_closed
8.859872,-2.971858,self_selected_gait_speed
-1.8644162,5.7169123,sit_to_stand
15.904919,3.8640811,stationary_walk
8.016299,-3.1527739,tm_3kmh
9.774134,15.237817,romberg_closed
8.665664,-5.381772,self_selected_gait_speed
-2.217192,4.4944887,sit_to_stand
16.314825,3.6573117,stationary_walk
8.048168,-4.995025,tm_3kmh
6.9235516,13.678042,romberg_closed
4.96086,-2.9959147,self_selected_gait_speed
-1.6149526,3.133949,sit_to_stand
15.674478,6.24928,stationary_walk
6.806812,13.462998,romberg_closed
4.9450088,-2.9532635,self_selected_gait_speed
-3.77484,4.1517277,sit_to_stand
16.635761,6.588324,stationary_walk
4.6965375,-2.9347823,tm_3kmh
10.006947,14.680313,romberg_closed
6.645813,-6.15381,self_selected_gait_speed
-2.536419,5.1673436,sit_to_stand
15.997675,4.3930573,stationary_walk
6.9847746,-6.479173,tm_3kmh
7.9791603,14.468985,romberg_closed
6.895836,-4.716707,self_selected_gait_speed
-0.61749333,4.5847096,sit_to_stand
16.422243,4.533264,stationary_walk
6.88522,-4.8877573,tm_3kmh
8.007915,13.472432,romberg_closed
7.3251147,-4.000217,self_selected_gait_speed
-1.086046,5.4255776,sit_to_stand
15.855554,5.877344,stationary_walk
7.933553,-4.527347,tm_3kmh
9.503267,12.84698,romberg_closed
8.180431,-2.6326702,self_selected_gait_speed
-1.3318099,4.0171227,sit_to_stand
16.224342,6.1741943,stationary_walk
8.212436,15.132463,romberg_closed
6.9235406,-3.2281067,self_selected_gait_speed
-1.5117351,3.92978,sit_to_stand
16.48212,4.18952,stationary_walk
7.1354337,-3.4281642,tm_3kmh
6.8316436,13.490433,romberg_closed
6.838667,-4.503321,self_selected_gait_speed
-2.2928135,4.2952514,sit_to_stand
15.922194,4.703669,stationary_walk
7.445593,-4.7105117,tm_3kmh
10.242766,14.557454,romberg_closed
-0.22317638,4.819302,sit_to_stand
13.723919,4.3563676,stationary_walk
5.875599,11.969422,romberg_closed
8.309907,-2.6873949,self_selected_gait_speed
-2.9578679,4.6262193,sit_to_stand
17.702478,5.9214954,stationary_walk
8.232211,-2.613939,tm_3kmh
5.1297965,11.305149,romberg_closed
9.454333,-2.218997,self_selected_gait_speed
-3.6836824,4.420552,sit_to_stand
17.668974,6.4781485,stationary_walk
9.44271,-2.239794,tm_3kmh
9.344984,14.218666,romberg_closed
8.092074,-5.5207615,self_selected_gait_speed
-0.22072189,4.104965,sit_to_stand
15.103046,3.7737062,stationary_walk
7.6655903,-5.070796,tm_3kmh
8.486045,14.158971,romberg_closed
6.4276133,-6.6099825,self_selected_gait_speed
-1.4583166,4.6147585,sit_to_stand
16.628307,3.5950856,stationary_walk
6.3311725,13.826185,romberg_closed
9.730227,-5.3974733,self_selected_gait_speed
-2.1972685,2.9342148,sit_to_stand
15.465658,5.326777,stationary_walk
9.880845,-5.1211987,tm_3kmh
10.409734,14.996857,romberg_closed
8.676268,-6.3658824,self_selected_gait_speed
-2.3909597,5.2538853,sit_to_stand
16.423203,3.7506967,stationary_walk
8.722111,-6.558631,tm_3kmh
9.239653,13.026696,romberg_closed
7.411339,-3.5628333,self_selected_gait_speed
-1.3779615,3.4358275,sit_to_stand
14.628548,4.8976607,stationary_walk
7.312433,-3.66268,tm_3kmh
8.139892,13.887472,romberg_closed
9.415419,-5.288124,self_selected_gait_speed
-3.0715885,4.018775,sit_to_stand
16.657257,5.699295,stationary_walk
9.098004,-5.30353,tm_3kmh
8.60202,14.48348,romberg_closed
6.5244937,-2.9198632,self_selected_gait_speed
-2.274963,5.54369,sit_to_stand
16.347141,5.1619453,stationary_walk
6.5810833,-2.8032982,tm_3kmh
6.6687317,14.213373,romberg_closed
9.9143,-3.9120245,self_selected_gait_speed
-3.710235,4.5547285,sit_to_stand
17.060337,5.962554,stationary_walk
9.889582,-3.7253861,tm_3kmh
6.864461,12.171792,romberg_closed
6.857352,-2.34176,self_selected_gait_speed
-1.445367,6.1831827,sit_to_stand
16.47288,4.5306473,stationary_walk
6.910478,-2.978424,tm_3kmh
6.2941895,13.498038,romberg_closed
6.56733,-2.820267,self_selected_gait_speed
-2.691197,4.261447,sit_to_stand
17.309162,4.789808,stationary_walk
6.8476367,-2.8285916,tm_3kmh
6.682998,14.338949,romberg_closed
7.4306245,-5.138038,self_selected_gait_speed
-1.4045113,5.5921993,sit_to_stand
16.198713,5.1215878,stationary_walk
7.5467706,-4.9882355,tm_3kmh
8.802014,15.363212,romberg_closed
7.218936,-4.732069,self_selected_gait_speed
-0.14266911,4.3629827,sit_to_stand
15.044251,3.960015,stationary_walk
6.9740143,-4.806998,tm_3kmh
10.188228,13.259496,romberg_closed
-1.4279984,4.0885167,sit_to_stand
15.956971,6.6663136,stationary_walk
7.4245915,14.661133,romberg_closed
-3.222302,4.9390607,sit_to_stand
15.974885,4.6711774,stationary_walk
6.8417068,12.049296,romberg_closed
9.856539,-4.1006923,self_selected_gait_speed
-0.24589898,4.0423474,sit_to_stand
17.162666,6.849705,stationary_walk
9.826185,-3.7230978,tm_3kmh
7.721323,14.316419,romberg_closed
8.9946785,-3.2932863,self_selected_gait_speed
-2.8896978,4.8506284,sit_to_stand
16.296295,6.1807866,stationary_walk
8.794143,-3.7252247,tm_3kmh
7.376175,14.071939,romberg_closed
8.394267,-4.139077,self_selected_gait_speed
-3.1477869,4.6790967,sit_to_stand
17.247555,4.49512,stationary_walk
8.241938,-4.0266404,tm_3kmh
8.397098,14.061178,romberg_closed
8.957314,-6.069688,self_selected_gait_speed
-1.4866084,5.9550123,sit_to_stand
16.45488,5.0214725,stationary_walk
8.880343,-6.4029307,tm_3kmh
10.15426,14.772643,romberg_closed
8.759322,-4.9818745,self_selected_gait_speed
-2.7819245,3.807818,sit_to_stand
16.717554,5.616312,stationary_walk
8.605572,-5.1037726,tm_3kmh
8.398401,12.899286,romberg_closed
7.2937927,-3.287482,self_selected_gait_speed
-0.6962001,3.803111,sit_to_stand
15.181167,5.886306,stationary_walk
7.153088,-3.229564,tm_3kmh
6.2157407,11.56747,romberg_closed
-3.2005126,4.2489405,sit_to_stand
16.81639,6.3052616,stationary_walk
8.237089,14.925172,romberg_closed
7.8415556,-1.6738807,self_selected_gait_speed
-1.9445453,5.9864316,sit_to_stand
16.476885,5.067766,stationary_walk
7.6989093,-1.6903216,tm_3kmh
7.817432,12.8331585,romberg_closed
8.981275,-3.5914476,self_selected_gait_speed
-1.3515317,2.8955543,sit_to_stand
15.501283,6.4642024,stationary_walk
9.051082,-3.6830723,tm_3kmh
10.143855,14.434498,romberg_closed
7.1692424,-5.9317822,self_selected_gait_speed
0.34570768,4.35413,sit_to_stand
7.216835,-5.9990087,tm_3kmh
9.2312355,13.81545,romberg_closed
5.284454,-5.2605405,self_selected_gait_speed
-0.8397451,5.3091373,sit_to_stand
15.513007,3.452313,stationary_walk
5.293949,-5.196506,tm_3kmh
9.617564,13.404412,romberg_closed
5.7533693,-2.0045784,self_selected_gait_speed
-1.4741471,4.1306753,sit_to_stand
15.01832,4.469255,stationary_walk
5.5048532,-1.7264657,tm_3kmh
9.804667,15.0944,romberg_closed
8.046107,-6.1609583,self_selected_gait_speed
-1.197367,4.315516,sit_to_stand
15.504314,3.157765,stationary_walk
7.940533,-6.051879,tm_3kmh
7.3251433,14.95304,romberg_closed
8.698078,-5.6959476,self_selected_gait_speed
-1.5880256,4.9926205,sit_to_stand
16.603289,4.3236055,stationary_walk
8.29358,-5.822826,tm_3kmh
8.582659,15.081748,romberg_closed
5.992457,-3.575094,self_selected_gait_speed
-3.5534666,4.9887767,sit_to_stand
16.623638,4.498936,stationary_walk
5.8364296,-3.3655152,tm_3kmh
9.286563,12.893888,romberg_closed
6.4288507,-2.644307,self_selected_gait_speed
-2.1700642,3.4123983,sit_to_stand
15.452985,6.0310287,stationary_walk
6.5332623,-2.763109,tm_3kmh
9.492829,14.720582,romberg_closed
6.787196,-6.6229477,self_selected_gait_speed
-2.644795,5.732433,sit_to_stand
16.766745,3.9158905,stationary_walk
6.8983226,-6.4646955,tm_3kmh
6.588439,13.719981,romberg_closed
6.4983397,-1.1981647,self_selected_gait_speed
-1.8186821,5.006651,sit_to_stand
17.680786,6.1204333,stationary_walk
6.4912457,-1.2392092,tm_3kmh
7.233795,13.285697,romberg_closed
6.4257016,-5.0218472,self_selected_gait_speed
-0.15451927,4.334539,sit_to_stand
15.801946,6.1164546,stationary_walk
5.467906,-3.8261416,tm_3kmh
6.3964534,12.116664,romberg_closed
8.85982,-5.582088,self_selected_gait_speed
-0.50330186,5.472278,sit_to_stand
14.886242,4.901003,stationary_walk
8.822526,-5.380415,tm_3kmh
9.22033,12.845945,romberg_closed
4.8377123,-3.1003354,self_selected_gait_speed
-1.9521747,4.049272,sit_to_stand
16.60918,6.6111193,stationary_walk
6.185141,13.947392,romberg_closed
6.9566956,-2.73962,self_selected_gait_speed
-2.579527,4.9128704,sit_to_stand
17.5093,5.621421,stationary_walk
6.697146,-2.7134058,tm_3kmh
10.837191,14.741856,romberg_closed
9.062998,-4.613633,self_selected_gait_speed
0.123384036,5.410819,sit_to_stand
17.287714,5.8312793,stationary_walk
8.662948,-4.5400443,tm_3kmh
8.446888,12.660165,romberg_closed
9.117302,-4.0435557,self_selected_gait_speed
-1.5803064,4.254691,sit_to_stand
17.188723,6.9959407,stationary_walk
9.1512985,-3.7616696,tm_3kmh
9.425757,14.229007,romberg_closed
7.70223,-2.7343595,self_selected_gait_speed
-2.9821007,4.697048,sit_to_stand
14.095715,4.8078065,stationary_walk
7.5011477,-2.8964095,tm_3kmh
10.498946,14.029367,romberg_closed
6.5957527,-0.6445294,self_selected_gait_speed
-0.47383326,4.415973,sit_to_stand
16.56164,5.1120224,stationary_walk
6.4826455,-0.6815572,tm_3kmh
6.243338,14.20302,romberg_closed
6.5857778,-2.2044804,self_selected_gait_speed
-3.346511,5.164855,sit_to_stand
17.799437,6.0403194,stationary_walk
6.8073797,-2.413331,tm_3kmh
5.8555975,11.567435,romberg_closed
9.406646,-3.727593,self_selected_gait_speed
-3.1029234,5.346163,sit_to_stand
16.121761,5.653476,stationary_walk
9.281549,-3.8350737,tm_3kmh
8.308604,14.0627165,romberg_closed
9.158098,-4.4087763,self_selected_gait_speed
-1.7413336,3.4602702,sit_to_stand
15.044971,4.812305,stationary_walk
9.413189,-4.2692666,tm_3kmh
7.9420457,15.301232,romberg_closed
8.597544,-5.7677393,self_selected_gait_speed
-1.2259737,4.9514437,sit_to_stand
16.948996,4.181314,stationary_walk
8.723606,-5.245685,tm_3kmh
7.3779707,13.875949,romberg_closed
6.4973288,-0.89694566,self_selected_gait_speed
-0.78772956,5.8075027,sit_to_stand
15.115817,4.8524685,stationary_walk
6.503208,-0.9386644,tm_3kmh
6.5293956,13.016193,romberg_closed
6.3138266,-4.283352,self_selected_gait_speed
-1.4340036,3.6422715,sit_to_stand
15.339669,5.0357404,stationary_walk
6.3712463,-3.763938,tm_3kmh
10.194559,14.257545,romberg_closed
7.0792217,-6.1440344,self_selected_gait_speed
-2.2762792,4.5692205,sit_to_stand
16.585653,3.7243767,stationary_walk
7.0073333,-6.325034,tm_3kmh
10.212173,15.137781,romberg_closed
7.640385,-6.3801003,self_selected_gait_speed
-2.0484111,4.596185,sit_to_stand
15.9997425,3.5166183,stationary_walk
7.614644,-6.527661,tm_3kmh
8.12902,14.083656,romberg_closed
6.3207407,-5.3896713,self_selected_gait_speed
-0.74964315,4.5216293,sit_to_stand
15.117202,4.9615245,stationary_walk
6.6558704,-5.3810787,tm_3kmh
5.679497,11.359078,romberg_closed
6.9450765,-2.4467995,self_selected_gait_speed
-3.41929,4.9038715,sit_to_stand
16.51445,5.2542896,stationary_walk
7.1923957,-3.4296997,tm_3kmh
7.9408846,13.5247,romberg_closed
6.626865,-5.8010225,self_selected_gait_speed
-1.9857676,3.2344244,sit_to_stand
15.094194,5.0990458,stationary_walk
6.8230915,-6.378287,tm_3kmh
7.739102,12.958267,romberg_closed
8.707721,-3.7054338,self_selected_gait_speed
-2.6835883,3.2699451,sit_to_stand
16.07746,6.5307865,stationary_walk
8.752778,-3.746959,tm_3kmh
7.1697803,14.057846,romberg_closed
6.5218315,-1.4754548,self_selected_gait_speed
-1.4471731,4.4350677,sit_to_stand
17.062748,5.57779,stationary_walk
6.511459,-1.5888975,tm_3kmh
5.403893,11.255789,romberg_closed
9.835849,-3.3919697,self_selected_gait_speed
-1.4773698,4.3881574,sit_to_stand
16.561672,6.230032,stationary_walk
9.753322,-3.3567054,tm_3kmh
11.057007,14.848805,romberg_closed
6.678121,-4.92914,self_selected_gait_speed
-1.4627609,5.722002,sit_to_stand
16.357588,3.4422355,stationary_walk
6.6951575,-4.8746634,tm_3kmh
11.303188,14.843528,romberg_closed
-1.70575,5.588465,sit_to_stand
15.146255,3.6021886,stationary_walk
9.3482895,14.294243,romberg_closed
6.2588663,-6.1801624,self_selected_gait_speed
-0.84936064,5.3497033,sit_to_stand
15.694328,3.7690861,stationary_walk
6.2896886,-6.0345793,tm_3kmh
7.4356503,14.614579,romberg_closed
8.066413,-4.2019625,self_selected_gait_speed
-3.4384913,5.3688617,sit_to_stand
17.360905,4.8774905,stationary_walk
7.7271705,-3.982218,tm_3kmh
7.6885753,14.026364,romberg_closed
8.521462,-5.426296,self_selected_gait_speed
-2.5162776,5.194937,sit_to_stand
15.465143,4.937275,stationary_walk
8.526585,-5.222207,tm_3kmh
9.239416,15.282326,romberg_closed
8.763357,-4.462946,self_selected_gait_speed
-1.55612,5.057668,sit_to_stand
16.9738,3.8912513,stationary_walk
8.361147,-5.05309,tm_3kmh
7.971985,14.659007,romberg_closed
8.737136,-4.225128,self_selected_gait_speed
-0.90344644,4.5993915,sit_to_stand
17.184738,5.0753274,stationary_walk
8.752391,-4.1801744,tm_3kmh
7.274332,14.173711,romberg_closed
6.799385,-3.749679,self_selected_gait_speed
-0.2788296,4.265823,sit_to_stand
15.958301,4.2217946,stationary_walk
6.2995586,-3.952301,tm_3kmh
6.442801,13.188433,romberg_closed
9.311971,-4.21707,self_selected_gait_speed
-1.4498193,2.9405496,sit_to_stand
14.074046,4.9839644,stationary_walk
9.140833,-3.9733007,tm_3kmh
6.2951756,11.620195,romberg_closed
6.686422,-4.826749,self_selected_gait_speed
-1.5932136,4.9392986,sit_to_stand
16.774555,5.5462284,stationary_walk
7.1091976,-4.9441485,tm_3kmh
9.344079,14.037668,romberg_closed
6.859076,-5.1951485,self_selected_gait_speed
-0.79926884,3.362965,sit_to_stand
15.600173,4.490796,stationary_walk
6.9438205,-5.4688826,tm_3kmh
7.3008156,14.695299,romberg_closed
7.5468597,-3.7215354,self_selected_gait_speed
-2.177115,5.4821115,sit_to_stand
17.248743,5.0676084,stationary_walk
7.6739726,-3.5109048,tm_3kmh
9.725431,13.519172,romberg_closed
6.4147654,-1.1617122,self_selected_gait_speed
-1.7011629,4.228862,sit_to_stand
15.831701,4.3824663,stationary_walk
6.3003883,-1.0345248,tm_3kmh
8.381303,13.058975,romberg_closed
6.595857,-2.635386,self_selected_gait_speed
-0.82567024,3.933713,sit_to_stand
15.1994915,5.6719484,stationary_walk
6.6431236,-2.6688275,tm_3kmh
9.708291,15.01281,romberg_closed
6.329947,-6.3896103,self_selected_gait_speed
0.39133146,4.316894,sit_to_stand
15.172721,3.5694306,stationary_walk
5.950427,-5.7471905,tm_3kmh
6.573973,14.76022,romberg_closed
6.566385,-3.5752103,self_selected_gait_speed
-1.9792361,4.500123,sit_to_stand
17.53413,4.619803,stationary_walk
6.637524,-3.5816917,tm_3kmh
9.808281,14.727774,romberg_closed
6.32994,-6.211327,self_selected_gait_speed
-1.3777112,5.89447,sit_to_stand
14.98733,4.084106,stationary_walk
6.131591,-6.147942,tm_3kmh
10.122434,14.751249,romberg_closed
6.6013207,-5.8500876,self_selected_gait_speed
-0.197414,5.2378507,sit_to_stand
15.034501,3.7813802,stationary_walk
6.929532,-6.088473,tm_3kmh
8.252784,13.872316,romberg_closed
8.01661,-5.6024575,self_selected_gait_speed
-1.3398515,5.882718,sit_to_stand
14.963636,5.033831,stationary_walk
7.740676,-5.361334,tm_3kmh
6.12267,13.655312,romberg_closed
7.0254893,-2.9401848,self_selected_gait_speed
-3.6255445,4.8890467,sit_to_stand
17.867699,5.9815326,stationary_walk
6.697996,-3.1357727,tm_3kmh
8.542238,14.838198,romberg_closed
6.775102,-6.408868,self_selected_gait_speed
-1.0353259,5.3428907,sit_to_stand
14.101261,4.3558903,stationary_walk
6.9195843,-6.255267,tm_3kmh
7.1654215,14.005984,romberg_closed
8.6390295,-5.465936,self_selected_gait_speed
-2.9647822,4.3281875,sit_to_stand
16.593325,5.8285875,stationary_walk
8.3556185,-6.0221257,tm_3kmh
8.785339,14.63265,romberg_closed
7.4621487,-3.3087595,self_selected_gait_speed
-1.1827937,5.273628,sit_to_stand
16.708057,5.4833,stationary_walk
7.2332754,-3.2893982,tm_3kmh
10.451607,14.857464,romberg_closed
8.069986,-6.0282803,self_selected_gait_speed
-1.0140344,5.173142,sit_to_stand
15.572047,3.177166,stationary_walk
8.017746,-6.186793,tm_3kmh
6.82658,14.085862,romberg_closed
7.4349566,-5.0306892,self_selected_gait_speed
-1.7485055,4.0072875,sit_to_stand
16.227037,4.6657243,stationary_walk
7.5291643,-5.389549,tm_3kmh
9.193268,14.254501,romberg_closed
6.564148,-4.59446,self_selected_gait_speed
-1.0076425,4.587429,sit_to_stand
16.218342,4.6593137,stationary_walk
6.2787986,-4.421488,tm_3kmh
10.091091,15.041524,romberg_closed
7.6060095,-4.5511603,self_selected_gait_speed
0.253896,4.8374257,sit_to_stand
15.556594,4.5876536,stationary_walk
7.6879783,-4.662172,tm_3kmh
10.410389,15.133709,romberg_closed
5.2753024,-1.5035185,self_selected_gait_speed
-1.5750617,5.959128,sit_to_stand
15.683135,3.7207284,stationary_walk
5.4146786,-1.6611087,tm_3kmh
8.25282,14.821756,romberg_closed
6.033451,-5.260803,self_selected_gait_speed
-2.3725307,4.5829473,sit_to_stand
15.616844,5.025198,stationary_walk
6.056703,-5.037759,tm_3kmh
6.701947,13.033982,romberg_closed
8.271564,-3.649136,self_selected_gait_speed
-2.3176613,3.6927478,sit_to_stand
16.355253,6.017673,stationary_walk
8.476146,-3.5944674,tm_3kmh
7.2790346,13.258864,romberg_closed
8.621787,-5.6983495,self_selected_gait_speed
0.07160467,3.9146276,sit_to_stand
15.740471,5.00391,stationary_walk
8.718911,-5.956569,tm_3kmh
5.560938,11.901502,romberg_closed
7.51702,-2.533635,self_selected_gait_speed
-3.6953788,4.530702,sit_to_stand
17.57178,6.5347147,stationary_walk
7.764581,-2.5967133,tm_3kmh
6.879133,14.272705,romberg_closed
-2.8590107,4.8235765,sit_to_stand
17.179575,5.2777524,stationary_walk
8.913498,13.552604,romberg_closed
7.2274494,-3.765205,self_selected_gait_speed
-2.2704353,5.4000034,sit_to_stand
16.507868,4.482374,stationary_walk
6.808722,-3.5632794,tm_3kmh
6.814173,12.167931,romberg_closed
9.0646105,-3.9286668,self_selected_gait_speed
-0.6393448,4.0051136,sit_to_stand
16.2044,5.1696777,stationary_walk
8.6773205,-4.2597704,tm_3kmh
11.100503,14.499884,romberg_closed
7.081402,-6.891614,self_selected_gait_speed
-0.40316322,2.9919147,sit_to_stand
14.68386,4.1527605,stationary_walk
6.9002404,-6.735375,tm_3kmh
9.086096,14.144323,romberg_closed
6.976044,-5.2547383,self_selected_gait_speed
-2.6682823,4.9086947,sit_to_stand
15.393939,4.7554617,stationary_walk
6.815118,-5.1368184,tm_3kmh
6.0408597,11.331752,romberg_closed
8.770313,-4.2091956,self_selected_gait_speed
-2.7543015,3.9124672,sit_to_stand
15.761169,6.4056354,stationary_walk
8.412546,-4.2292743,tm_3kmh
9.117411,13.573778,romberg_closed
8.030226,-2.3641348,self_selected_gait_speed
-1.7052414,5.519684,sit_to_stand
17.657717,5.9800925,stationary_walk
7.8431516,-2.36925,tm_3kmh
7.9308968,14.922489,romberg_closed
7.49262,-5.807508,self_selected_gait_speed
0.38490376,4.9582796,sit_to_stand
16.860048,3.6559145,stationary_walk
7.744139,-5.8175726,tm_3kmh
8.646285,14.231275,romberg_closed
8.193359,-4.045566,self_selected_gait_speed
-2.8636165,5.767658,sit_to_stand
17.169847,4.745263,stationary_walk
7.822747,-4.9240637,tm_3kmh
9.191417,14.460734,romberg_closed
6.972424,-2.4481804,self_selected_gait_speed
-2.9158328,5.3364215,sit_to_stand
17.56871,6.126596,stationary_walk
6.7923245,-2.3740504,tm_3kmh
7.8884344,13.31036,romberg_closed
6.6299615,-4.568729,self_selected_gait_speed
-1.0844378,3.3418672,sit_to_stand
16.072964,4.6173654,stationary_walk
6.8518553,-4.462478,tm_3kmh
10.464532,14.769596,romberg_closed
6.5032144,-6.808456,self_selected_gait_speed
-2.3706968,5.262989,sit_to_stand
14.97635,3.6133845,stationary_walk
6.5021706,-6.647178,tm_3kmh
6.273949,11.608111,romberg_closed
9.112564,-3.07747,self_selected_gait_speed
0.024346221,5.436858,sit_to_stand
16.094597,4.3830285,stationary_walk
7.686557,15.17527,romberg_closed
8.257061,-5.544008,self_selected_gait_speed
0.011263086,5.220149,sit_to_stand
16.757858,4.388031,stationary_walk
8.083314,-5.5834727,tm_3kmh
7.8194804,14.808062,romberg_closed
6.5613103,-3.5226645,self_selected_gait_speed
-1.226969,5.846063,sit_to_stand
14.132969,4.503228,stationary_walk
6.7114105,-3.3799322,tm_3kmh
7.1201105,14.948979,romberg_closed
8.385491,-5.3942423,self_selected_gait_speed
-2.4161074,5.7983007,sit_to_stand
17.30489,5.148114,stationary_walk
8.321287,-5.0072627,tm_3kmh
9.257246,15.256694,romberg_closed
8.0453615,-6.015707,self_selected_gait_speed
-1.8446828,4.630123,sit_to_stand
16.824793,3.8484201,stationary_walk
7.979247,-6.407644,tm_3kmh
10.012727,14.072789,romberg_closed
6.5752306,-6.4823375,self_selected_gait_speed
-1.205157,4.8482237,sit_to_stand
14.880871,3.537645,stationary_walk
6.34265,-6.413709,tm_3kmh
8.121022,13.593052,romberg_closed
6.4369254,-6.010719,self_selected_gait_speed
-3.231628,5.288797,sit_to_stand
17.09599,5.2444577,stationary_walk
6.3183494,-5.9789343,tm_3kmh
9.574665,15.291879,romberg_closed
6.6947155,-4.7757244,self_selected_gait_speed
-1.4369514,4.2042875,sit_to_stand
15.637815,4.1405287,stationary_walk
6.5533752,-4.965226,tm_3kmh
7.7741265,14.701723,romberg_closed
6.3769093,-3.715986,self_selected_gait_speed
-1.085693,6.1238317,sit_to_stand
17.33835,4.1960797,stationary_walk
6.0823965,-3.2022164,tm_3kmh
10.16605,13.890607,romberg_closed
5.541775,-5.632913,self_selected_gait_speed
-2.4493375,4.128372,sit_to_stand
15.720157,4.900111,stationary_walk
5.44426,-5.5032964,tm_3kmh
6.88566,13.571624,romberg_closed
5.3611226,-1.5457634,self_selected_gait_speed
-1.3449333,3.8597207,sit_to_stand
16.318256,5.4434204,stationary_walk
5.319596,-1.5472403,tm_3kmh
9.660354,14.8268175,romberg_closed
9.934234,-5.030998,self_selected_gait_speed
-0.37160346,4.1320086,sit_to_stand
15.287385,4.6351266,stationary_walk
9.860023,-5.1181216,tm_3kmh
9.025771,13.404106,romberg_closed
7.7286887,-4.8182163,self_selected_gait_speed
-2.157569,4.6328015,sit_to_stand
15.164102,5.8659544,stationary_walk
7.691709,-5.3973274,tm_3kmh
9.476435,13.344096,romberg_closed
6.160331,-4.495485,self_selected_gait_speed
-0.6676295,4.605422,sit_to_stand
16.031452,4.5186696,stationary_walk
5.868978,-4.1964912,tm_3kmh
10.058426,13.853789,romberg_closed
6.2898707,-4.3293724,self_selected_gait_speed
0.19529957,4.2832747,sit_to_stand
14.847857,4.808468,stationary_walk
5.338855,-3.7300057,tm_3kmh
8.079594,13.978597,romberg_closed
7.030116,-6.6035433,self_selected_gait_speed
-1.3976333,5.5650163,sit_to_stand
16.624847,4.089618,stationary_walk
7.0764623,-6.7092957,tm_3kmh
8.087184,15.020059,romberg_closed
9.030444,-5.7596025,self_selected_gait_speed
-3.0929272,5.0796413,sit_to_stand
17.515547,6.7315464,stationary_walk
8.861631,-6.0166306,tm_3kmh
7.8774643,13.207197,romberg_closed
8.71371,-5.353958,self_selected_gait_speed
-0.5285876,2.9060545,sit_to_stand
14.247568,4.637258,stationary_walk
9.252924,-5.248647,tm_3kmh
5.755064,11.246354,romberg_closed
10.131991,-4.7776523,self_selected_gait_speed
-1.1999675,2.5932448,sit_to_stand
14.728936,6.1793394,stationary_walk
10.117076,-4.772152,tm_3kmh
9.058229,14.857485,romberg_closed
6.63294,-4.6406436,self_selected_gait_speed
-2.186008,5.333586,sit_to_stand
16.365011,3.8245764,stationary_walk
6.437185,-4.7973256,tm_3kmh
9.770586,12.959051,romberg_closed
5.0033746,-3.5653937,self_selected_gait_speed
-2.6236515,4.2739,sit_to_stand
14.615409,4.4318986,stationary_walk
9.956958,14.288438,romberg_closed
5.9440823,-5.169001,self_selected_gait_speed
0.38900584,5.121667,sit_to_stand
15.5301895,4.3712487,stationary_walk
9.354998,14.866685,romberg_closed
9.824432,-3.5507944,self_selected_gait_speed
-1.0128278,4.266933,sit_to_stand
15.235171,4.858424,stationary_walk
9.751695,-3.8397305,tm_3kmh
6.027622,12.057694,romberg_closed
9.497564,-3.6893702,self_selected_gait_speed
-0.7107004,4.626499,sit_to_stand
16.463789,4.061857,stationary_walk
9.458969,-3.564074,tm_3kmh
8.5685425,14.392429,romberg_closed
7.50883,-3.985099,self_selected_gait_speed
-2.245374,5.307675,sit_to_stand
15.31896,5.239173,stationary_walk
7.803751,-3.680955,tm_3kmh
7.311846,13.545045,romberg_closed
7.953948,-3.6113708,self_selected_gait_speed
-3.3569908,4.8675494,sit_to_stand
16.426826,6.2261114,stationary_walk
7.8825517,-3.600564,tm_3kmh
6.749024,12.956464,romberg_closed
5.640573,-3.6393147,self_selected_gait_speed
-1.6752032,3.0729823,sit_to_stand
15.638514,6.533623,stationary_walk
6.28363,-2.8871534,tm_3kmh
8.600973,12.744748,romberg_closed
7.461627,-2.9564238,self_selected_gait_speed
0.03044341,4.79864,sit_to_stand
14.632946,5.8385544,stationary_walk
7.873649,14.930367,romberg_closed
6.623312,-3.4973447,self_selected_gait_speed
-2.2729285,4.6571126,sit_to_stand
17.296331,4.3401527,stationary_walk
6.574099,-3.54927,tm_3kmh
7.934453,13.001748,romberg_closed
7.9844913,-4.8011837,self_selected_gait_speed
-1.1442069,5.109204,sit_to_stand
14.588642,5.237218,stationary_walk
8.619932,-4.8895717,tm_3kmh
6.9748063,12.992951,romberg_closed
5.1807704,-3.1296146,self_selected_gait_speed
-1.5905994,3.2724464,sit_to_stand
15.743869,5.170729,stationary_walk
4.686243,-3.0648756,tm_3kmh
5.9866333,11.628808,romberg_closed
-1.2402928,3.4431744,sit_to_stand
17.004858,5.796329,stationary_walk
6.877822,12.47721,romberg_closed
6.278785,-1.0441424,self_selected_gait_speed
-3.297508,4.98423,sit_to_stand
17.43622,4.8248706,stationary_walk
6.216242,-1.1022136,tm_3kmh
8.471442,13.29895,romberg_closed
7.768117,-3.7984874,self_selected_gait_speed
-2.1702833,3.8589141,sit_to_stand
15.513026,5.529023,stationary_walk
7.541309,-4.297631,tm_3kmh
8.833485,13.282796,romberg_closed
7.4689374,-4.838657,self_selected_gait_speed
-0.014700084,4.175408,sit_to_stand
15.1142,5.058927,stationary_walk
7.3322062,-4.589945,tm_3kmh
6.734192,13.044021,romberg_closed
7.7161407,-3.2652473,self_selected_gait_speed
-1.835619,3.2142584,sit_to_stand
16.716455,6.097768,stationary_walk
7.708906,-3.0190246,tm_3kmh
7.529444,14.230092,romberg_closed
7.482793,-5.43619,self_selected_gait_speed
-2.204781,3.8386414,sit_to_stand
16.298647,5.3695474,stationary_walk
7.2958922,-5.47703,tm_3kmh
9.202884,13.214273,romberg_closed
6.8426037,-5.391972,self_selected_gait_speed
-1.375192,3.8668683,sit_to_stand
15.965255,4.6150684,stationary_walk
6.718126,-5.7724204,tm_3kmh
9.8123,14.136082,romberg_closed
5.980573,-6.228586,self_selected_gait_speed
-2.0510914,4.699641,sit_to_stand
15.416067,3.6913443,stationary_walk
6.197575,-6.4474077,tm_3kmh
11.4102,14.436435,romberg_closed
8.379459,-5.4059043,self_selected_gait_speed
-1.5890211,4.585775,sit_to_stand
15.177544,3.9739184,stationary_walk
7.600205,-5.104803,tm_3kmh
5.454893,11.283525,romberg_closed
4.8517866,-3.3852773,self_selected_gait_speed
-1.4882765,3.967446,sit_to_stand
16.26649,5.792827,stationary_walk
4.6670585,-3.358351,tm_3kmh
7.635447,13.238971,romberg_closed
6.6927996,-3.8736756,self_selected_gait_speed
-3.2164984,4.249926,sit_to_stand
17.132677,6.3747487,stationary_walk
6.7524953,-3.9334197,tm_3kmh
6.7180905,12.104465,romberg_closed
9.921852,-3.7583368,self_selected_gait_speed
-0.74732965,4.876917,sit_to_stand
16.420973,5.874337,stationary_walk
9.799369,-3.7397027,tm_3kmh
10.1346855,13.94102,romberg_closed
7.978292,-3.1629386,self_selected_gait_speed
-1.8673071,3.5050545,sit_to_stand
16.681177,3.906699,stationary_walk
7.741704,-3.4707196,tm_3kmh
11.112822,14.444966,romberg_closed
7.155633,-4.205962,self_selected_gait_speed
-1.0935088,3.2805724,sit_to_stand
16.160374,4.8591933,stationary_walk
7.4167843,-4.9821076,tm_3kmh
6.860842,12.133397,romberg_closed
7.909168,-6.5605526,self_selected_gait_speed
-2.1711693,5.306972,sit_to_stand
14.397537,4.254063,stationary_walk
7.887385,-6.5337324,tm_3kmh
11.010622,14.799861,romberg_closed
8.702985,-5.075125,self_selected_gait_speed
-2.6282866,4.2155437,sit_to_stand
14.632702,3.4191313,stationary_walk
8.836296,-4.9611783,tm_3kmh
10.0779505,15.08556,romberg_closed
7.444408,-2.6629648,self_selected_gait_speed
-0.4654601,4.7858696,sit_to_stand
16.358767,4.370199,stationary_walk
7.40609,-2.9026368,tm_3kmh
9.101139,14.382907,romberg_closed
9.034682,-4.6951137,self_selected_gait_speed
-3.0982332,4.3980303,sit_to_stand
16.06069,4.6323876,stationary_walk
9.071608,-4.62263,tm_3kmh
11.491247,14.776277,romberg_closed
5.003037,-3.761008,self_selected_gait_speed
0.21890803,3.8398302,sit_to_stand
14.972077,3.7140374,stationary_walk
4.892084,-3.7010283,tm_3kmh
10.737142,14.626735,romberg_closed
5.384466,-4.9597287,self_selected_gait_speed
-2.1711004,5.098284,sit_to_stand
15.698569,3.8001525,stationary_walk
5.652606,-4.701824,tm_3kmh
10.46868,15.05677,romberg_closed
7.1146975,-5.7878385,self_selected_gait_speed
0.17056623,4.9273925,sit_to_stand
14.891446,3.36615,stationary_walk
7.2205296,-5.804666,tm_3kmh
11.256563,13.742688,romberg_closed
10.173454,-3.9710855,self_selected_gait_speed
-0.41086495,3.018896,sit_to_stand
14.241338,5.3791184,stationary_walk
9.998234,-3.4824677,tm_3kmh
8.419813,14.628235,romberg_closed
8.020332,-5.29506,self_selected_gait_speed
-2.2875957,5.9413652,sit_to_stand
16.99586,4.8106356,stationary_walk
7.932687,-5.0629025,tm_3kmh
8.887987,13.594693,romberg_closed
8.853478,-4.9759126,self_selected_gait_speed
-1.326799,4.332869,sit_to_stand
16.131958,5.2798123,stationary_walk
9.271169,-5.1336207,tm_3kmh
7.6151934,13.171803,romberg_closed
-2.2021582,4.1099734,sit_to_stand
15.963043,5.558545,stationary_walk
10.11241,14.46827,romberg_closed
6.045173,-6.096474,self_selected_gait_speed
-0.19668965,4.6492476,sit_to_stand
15.683033,3.1362534,stationary_walk
5.834023,-5.845983,tm_3kmh
9.997137,14.441584,romberg_closed
6.1023264,-6.1973386,self_selected_gait_speed
-1.3909355,4.9918394,sit_to_stand
15.790629,3.2509413,stationary_walk
5.943718,-5.9742107,tm_3kmh
9.159678,14.343025,romberg_closed
8.991341,-6.4798393,self_selected_gait_speed
-0.59019715,3.1831598,sit_to_stand
14.866429,3.4686627,stationary_walk
9.1012745,-6.355103,tm_3kmh
9.973418,14.637109,romberg_closed
9.206831,-3.1344433,self_selected_gait_speed
-2.5990713,5.902539,sit_to_stand
16.505356,4.9692435,stationary_walk
9.166876,-2.922499,tm_3kmh
9.118291,14.983126,romberg_closed
-1.478469,5.8002157,sit_to_stand
15.947784,4.131813,stationary_walk
10.064259,13.442279,romberg_closed
8.085403,-5.2196593,self_selected_gait_speed
0.29858214,3.6088145,sit_to_stand
14.487968,4.7412534,stationary_walk
7.6578875,-5.245284,tm_3kmh
8.939249,14.121489,romberg_closed
8.119727,-6.8768516,self_selected_gait_speed
-2.0422726,4.6383257,sit_to_stand
16.410067,4.530953,stationary_walk
8.37068,-6.811859,tm_3kmh
7.085626,14.974568,romberg_closed
8.564522,-3.0583112,self_selected_gait_speed
-2.069933,4.791605,sit_to_stand
16.687563,3.965727,stationary_walk
8.556322,-3.6230097,tm_3kmh
7.843207,14.918827,romberg_closed
7.3499947,-4.7855163,self_selected_gait_speed
-2.7400377,5.5441794,sit_to_stand
16.302708,5.114494,stationary_walk
7.339136,-4.659517,tm_3kmh
6.62852,11.989471,romberg_closed
8.919255,-2.1442084,self_selected_gait_speed
-2.626605,4.857184,sit_to_stand
16.321198,4.69744,stationary_walk
8.757895,-2.2529342,tm_3kmh
8.497923,13.835061,romberg_closed
7.6652665,-3.3646307,self_selected_gait_speed
-1.7381378,6.0815225,sit_to_stand
16.845228,5.1738043,stationary_walk
7.372772,-3.3004043,tm_3kmh
6.7785177,11.917002,romberg_closed
8.251904,-5.5883107,self_selected_gait_speed
-0.8504917,4.6062036,sit_to_stand
16.568764,5.277656,stationary_walk
8.353664,-5.844091,tm_3kmh
10.54784,15.158225,romberg_closed
5.8403697,-4.9198422,self_selected_gait_speed
0.0779619,4.392392,sit_to_stand
15.330379,3.6632752,stationary_walk
4.7709723,-3.2116237,tm_3kmh
10.966398,14.493014,romberg_closed
6.495153,-4.311995,self_selected_gait_speed
0.15691982,3.8509958,sit_to_stand
15.332519,3.8344803,stationary_walk
6.4473133,-4.827977,tm_3kmh
9.973072,15.381617,romberg_closed
7.831197,-6.6145554,self_selected_gait_speed
-1.8828603,6.033196,sit_to_stand
15.276562,3.60356,stationary_walk
7.862623,-6.5579596,tm_3kmh
7.104087,13.011572,romberg_closed
8.796325,-4.6465006,self_selected_gait_speed
-3.3063595,5.082208,sit_to_stand
16.111423,6.1725554,stationary_walk
8.713456,-4.672195,tm_3kmh
7.776739,14.349047,romberg_closed
9.926327,-3.9082637,self_selected_gait_speed
-0.8385055,2.7615423,sit_to_stand
17.099041,5.1165514,stationary_walk
10.081521,-2.8330572,tm_3kmh
6.9718223,12.345656,romberg_closed
9.064767,-3.3756535,self_selected_gait_speed
-3.1388507,4.9867444,sit_to_stand
15.656365,5.0034075,stationary_walk
9.449277,-3.2075071,tm_3kmh
7.286389,14.165565,romberg_closed
8.559992,-4.529966,self_selected_gait_speed
-2.901976,5.4646564,sit_to_stand
16.40103,5.7300997,stationary_walk
8.6106825,-4.7704697,tm_3kmh
7.621641,14.720137,romberg_closed
8.6299515,-5.912084,self_selected_gait_speed
-2.4476392,3.0905862,sit_to_stand
16.701727,3.9470162,stationary_walk
8.347137,-5.8488164,tm_3kmh
7.795586,12.989251,romberg_closed
7.5059423,-3.93563,self_selected_gait_speed
-0.62631464,4.759636,sit_to_stand
16.007723,4.680194,stationary_walk
7.596951,-3.9969034,tm_3kmh
7.9477515,15.136898,romberg_closed
6.85225,-4.6199126,self_selected_gait_speed
-2.8470087,4.936694,sit_to_stand
16.518215,3.7846959,stationary_walk
6.596565,-4.379952,tm_3kmh
7.6462092,14.753783,romberg_closed
7.878293,-5.075224,self_selected_gait_speed
-3.0888743,5.0461287,sit_to_stand
16.803328,4.655534,stationary_walk
7.6788917,-5.536307,tm_3kmh
6.7472987,13.407227,romberg_closed
6.6122985,-1.2480127,self_selected_gait_speed
-1.0685586,3.543379,sit_to_stand
15.152785,5.0987916,stationary_walk
6.5130277,-1.3008326,tm_3kmh
6.759585,13.790978,romberg_closed
7.5811644,-5.959364,self_selected_gait_speed
-2.427364,4.837441,sit_to_stand
16.478199,4.323012,stationary_walk
7.557045,-6.108885,tm_3kmh
5.390144,11.697303,romberg_closed
7.14049,-3.162737,self_selected_gait_speed
-1.1934589,4.100803,sit_to_stand
15.864097,5.9546337,stationary_walk
7.421946,-2.9376295,tm_3kmh
8.322661,13.071175,romberg_closed
7.153463,-3.5986226,self_selected_gait_speed
-0.93591213,3.282179,sit_to_stand
15.413303,5.1761703,stationary_walk
6.853942,-3.1843038,tm_3kmh
8.295023,14.157824,romberg_closed
9.736403,-4.171397,self_selected_gait_speed
-0.2868408,4.4560857,sit_to_stand
15.734977,4.8999233,stationary_walk
9.551615,-4.075713,tm_3kmh
9.888313,13.892952,romberg_closed
6.6235223,-4.2977285,self_selected_gait_speed
-1.0541477,4.2762036,sit_to_stand
15.3852415,5.2650137,stationary_walk
6.9026237,-4.038691,tm_3kmh
8.059802,13.5002775,romberg_closed
5.7931924,-4.8321896,self_selected_gait_speed
-1.3598044,4.567666,sit_to_stand
16.443687,4.9496055,stationary_walk
5.886221,-4.7643948,tm_3kmh
8.419781,14.907319,romberg_closed
6.600778,-3.9491234,self_selected_gait_speed
-1.7312099,4.9035006,sit_to_stand
16.738626,3.8176525,stationary_walk
6.6666527,-4.007227,tm_3kmh
7.913364,14.009942,romberg_closed
6.429302,-2.8174608,self_selected_gait_speed
-3.3217587,5.289758,sit_to_stand
16.71726,5.164268,stationary_walk
6.5362763,-2.9743187,tm_3kmh
6.752304,14.719121,romberg_closed
7.3660574,-4.536298,self_selected_gait_speed
-1.4187984,5.790939,sit_to_stand
17.51443,4.685786,stationary_walk
7.0929093,-4.6226277,tm_3kmh
6.6542807,13.185684,romberg_closed
8.7368,-2.5259478,self_selected_gait_speed
-1.5304543,3.3667436,sit_to_stand
16.19284,5.943962,stationary_walk
8.806095,-2.2647462,tm_3kmh
5.946861,13.4557,romberg_closed
7.798673,-2.7424736,self_selected_gait_speed
-2.2067251,5.2296658,sit_to_stand
17.669619,5.9150376,stationary_walk
7.202683,-2.9897583,tm_3kmh
10.4644575,14.522477,romberg_closed
9.356518,-3.2420251,self_selected_gait_speed
-2.690914,4.979012,sit_to_stand
14.846288,4.77113,stationary_walk
9.328587,-3.2721503,tm_3kmh
9.292518,14.511768,romberg_closed
7.4968414,-4.171077,self_selected_gait_speed
-1.9806485,4.0341654,sit_to_stand
15.622579,5.7526755,stationary_walk
7.355432,-4.1329727,tm_3kmh
8.328535,14.42033,romberg_closed
7.992452,-5.1586294,self_selected_gait_speed
-1.3504459,4.6110516,sit_to_stand
15.401526,4.5890107,stationary_walk
7.613093,-4.949595,tm_3kmh
5.556301,11.137902,romberg_closed
5.22306,-3.1890821,self_selected_gait_speed
-2.3779173,3.5057564,sit_to_stand
15.830355,6.6923323,stationary_walk
5.051602,-3.199432,tm_3kmh
8.523103,12.824702,romberg_closed
9.776935,-4.8240123,self_selected_gait_speed
-0.6274706,3.23579,sit_to_stand
14.814673,5.910079,stationary_walk
9.778667,-4.410763,tm_3kmh
11.043574,13.688858,romberg_closed
6.450131,-4.6197824,self_selected_gait_speed
0.30193454,5.0289955,sit_to_stand
15.459885,5.5940433,stationary_walk
6.494194,-4.6331253,tm_3kmh
6.829074,14.7922125,romberg_closed
8.06211,-5.3714733,self_selected_gait_speed
-1.5313305,4.903182,sit_to_stand
16.438393,4.8022504,stationary_walk
8.14501,-5.1516786,tm_3kmh
11.390838,14.283495,romberg_closed
7.73888,-6.7561903,self_selected_gait_speed
-0.24050657,3.3095489,sit_to_stand
14.447678,3.5242321,stationary_walk
7.575875,-6.5931115,tm_3kmh
7.86529,14.399768,romberg_closed
6.322588,-6.172121,self_selected_gait_speed
-2.7324026,5.1494994,sit_to_stand
16.999418,4.0527616,stationary_walk
6.299956,-6.1181116,tm_3kmh
6.0398755,12.215911,romberg_closed
7.63613,-3.5142694,self_selected_gait_speed
-2.0954514,5.7617393,sit_to_stand
14.536963,4.622193,stationary_walk
7.021211,-3.473068,tm_3kmh
9.539019,14.791985,romberg_closed
7.8549385,-5.866335,self_selected_gait_speed
-0.9408303,4.519283,sit_to_stand
14.264802,4.4448214,stationary_walk
7.2606907,-5.960639,tm_3kmh
7.3163867,13.43627,romberg_closed
6.8286753,-5.0314465,self_selected_gait_speed
-1.8127254,5.529389,sit_to_stand
16.31678,5.026651,stationary_walk
6.568714,-4.654248,tm_3kmh
10.833581,14.922058,romberg_closed
7.6092377,-6.2544417,self_selected_gait_speed
-1.3458551,5.8545375,sit_to_stand
14.593981,3.2408266,stationary_walk
7.570789,-6.0960565,tm_3kmh
7.857221,13.598934,romberg_closed
6.3269253,-3.9526656,self_selected_gait_speed
-0.5287738,4.1373334,sit_to_stand
16.280739,4.753506,stationary_walk
6.198978,-3.780238,tm_3kmh
6.395578,14.300539,romberg_closed
9.126673,-2.1420686,self_selected_gait_speed
-2.4574122,4.585421,sit_to_stand
16.810326,5.2883987,stationary_walk
8.92555,-2.0238464,tm_3kmh
6.8897424,14.640249,romberg_closed
8.630505,-2.396106,self_selected_gait_speed
-1.9101058,5.2312865,sit_to_stand
17.659943,6.3513546,stationary_walk
8.619158,-2.5865479,tm_3kmh
11.124315,14.690007,romberg_closed
7.415932,-6.164433,self_selected_gait_speed
-0.2088284,4.45524,sit_to_stand
14.547056,3.6319752,stationary_walk
7.495873,-5.714513,tm_3kmh
10.716608,13.401216,romberg_closed
9.393462,-1.8072447,self_selected_gait_speed
-1.6710932,3.2025566,sit_to_stand
15.086139,5.3468313,stationary_walk
9.438357,-1.8279839,tm_3kmh
7.8951783,15.355303,romberg_closed
7.4876165,-3.6716616,self_selected_gait_speed
-3.2426667,4.547125,sit_to_stand
17.549875,5.36802,stationary_walk
7.6263924,-4.059661,tm_3kmh
8.633976,13.670835,romberg_closed
6.3233886,-5.007186,self_selected_gait_speed
-2.7937572,5.781151,sit_to_stand
15.750944,4.815625,stationary_walk
6.1143336,-5.352169,tm_3kmh
9.853198,15.197647,romberg_closed
8.117353,-6.3387346,self_selected_gait_speed
0.56591195,4.548329,sit_to_stand
15.599897,4.1710057,stationary_walk
8.187109,-6.1910625,tm_3kmh
8.19373,15.35658,romberg_closed
9.265266,-3.6274662,self_selected_gait_speed
-1.3048756,5.6256595,sit_to_stand
17.138315,4.2914186,stationary_walk
9.001215,-3.7929692,tm_3kmh
10.474209,14.611599,romberg_closed
6.311656,-4.3917913,self_selected_gait_speed
-1.9947,4.759693,sit_to_stand
15.678543,3.857982,stationary_walk
6.486246,-4.2152214,tm_3kmh
10.770156,13.806175,romberg_closed
6.8263297,-3.3542304,self_selected_gait_speed
-1.103977,3.0578651,sit_to_stand
15.266739,5.607916,stationary_walk
6.4762373,-3.4451067,tm_3kmh
7.401729,13.798159,romberg_closed
8.998479,-5.511307,self_selected_gait_speed
0.19296233,4.924001,sit_to_stand
16.734852,6.446343,stationary_walk
9.157513,-5.3358917,tm_3kmh
8.587322,14.345273,romberg_closed
6.428522,-3.1737273,self_selected_gait_speed
-2.5335267,4.4484644,sit_to_stand
17.553991,4.988791,stationary_walk
6.5039988,-3.15713,tm_3kmh
10.023592,13.529755,romberg_closed
9.709773,-4.0395417,self_selected_gait_speed
-0.68554103,2.9944825,sit_to_stand
15.371666,5.594972,stationary_walk
9.634094,-4.409844,tm_3kmh
7.263519,14.088298,romberg_closed
7.9139843,-5.1461062,self_selected_gait_speed
-0.36748046,5.755696,sit_to_stand
15.77851,5.086162,stationary_walk
7.616277,-5.158383,tm_3kmh
7.8015857,15.089156,romberg_closed
7.159567,-6.211077,self_selected_gait_speed
-0.7974052,3.462144,sit_to_stand
16.153543,4.076997,stationary_walk
7.3959117,-6.3693404,tm_3kmh
6.5542417,13.304624,romberg_closed
6.474029,-4.430612,self_selected_gait_speed
-1.7187061,3.8323839,sit_to_stand
13.595855,4.6684966,stationary_walk
6.137665,-4.820122,tm_3kmh
10.902053,13.500251,romberg_closed
7.805431,-5.4689684,self_selected_gait_speed
-0.70641696,5.31253,sit_to_stand
14.436663,4.799357,stationary_walk
7.903814,-5.5479093,tm_3kmh
6.1389046,14.313347,romberg_closed
8.47005,-4.40792,self_selected_gait_speed
-3.0111456,5.424051,sit_to_stand
17.119596,4.556433,stationary_walk
8.482383,-4.5525193,tm_3kmh
10.301662,13.810025,romberg_closed
8.782111,-5.085186,self_selected_gait_speed
-0.15613192,5.1541696,sit_to_stand
14.755672,3.8880394,stationary_walk
8.929124,-5.1484137,tm_3kmh
7.4543986,14.20298,romberg_closed
6.9172726,-4.564254,self_selected_gait_speed
-3.0984743,5.1880584,sit_to_stand
16.808336,4.900836,stationary_walk
7.2614107,-4.6188393,tm_3kmh
6.500422,13.244337,romberg_closed
8.546971,-2.4496996,self_selected_gait_speed
-0.41481248,5.4100447,sit_to_stand
17.046825,6.712363,stationary_walk
8.644053,-2.4048247,tm_3kmh
5.2824454,11.195757,romberg_closed
8.531232,-3.7118948,self_selected_gait_speed
-2.4888663,3.7004995,sit_to_stand
15.46814,6.0176845,stationary_walk
8.557099,-3.2714138,tm_3kmh
7.9449162,12.807686,romberg_closed
8.855098,-4.265075,self_selected_gait_speed
-1.2520441,3.7146015,sit_to_stand
15.380075,5.4683275,stationary_walk
8.933536,-4.2987304,tm_3kmh
9.560012,13.527906,romberg_closed
8.678841,-2.378246,self_selected_gait_speed
-2.3621826,3.332493,sit_to_stand
16.605,5.972292,stationary_walk
8.0256815,-2.5035362,tm_3kmh
7.274584,13.100975,romberg_closed
6.85051,-2.7625897,self_selected_gait_speed
-2.3675747,3.8763688,sit_to_stand
17.23019,6.24578,stationary_walk
6.893625,-2.7595136,tm_3kmh
6.754169,13.16241,romberg_closed
7.4396095,-2.8489559,self_selected_gait_speed
-1.775077,3.9481828,sit_to_stand
15.647186,6.115384,stationary_walk
7.694458,-2.7764602,tm_3kmh
6.078265,12.083,romberg_closed
9.715735,-3.4914103,self_selected_gait_speed
-0.3679371,5.30102,sit_to_stand
15.333102,6.176224,stationary_walk
9.7121105,-3.5878124,tm_3kmh
9.817099,13.465442,romberg_closed
9.74626,-4.350605,self_selected_gait_speed
-2.158218,3.8079846,sit_to_stand
15.324113,5.669124,stationary_walk
9.562768,-4.7761006,tm_3kmh
7.6739078,14.821719,romberg_closed
6.4653234,-5.1095324,self_selected_gait_speed
-2.5070305,5.4208617,sit_to_stand
17.052616,4.0368137,stationary_walk
6.8199635,-5.044139,tm_3kmh
6.669555,13.543368,romberg_closed
7.023257,-3.5354798,self_selected_gait_speed
-2.0578666,5.1284146,sit_to_stand
16.522747,4.421003,stationary_walk
7.0621514,-3.59848,tm_3kmh
9.753015,13.64527,romberg_closed
8.765497,-3.9592562,self_selected_gait_speed
-3.2203684,5.07648,sit_to_stand
16.328442,5.380252,stationary_walk
8.38007,-3.8546448,tm_3kmh
8.3819,14.363546,romberg_closed
7.4394875,-6.741731,self_selected_gait_speed
-1.9694712,4.7592783,sit_to_stand
16.06869,4.494606,stationary_walk
7.4493704,-6.8399787,tm_3kmh
5.930214,12.828529,romberg_closed
5.5210195,-1.6360426,self_selected_gait_speed
-0.7975317,5.454295,sit_to_stand
16.477066,5.9549637,stationary_walk
9.090044,-3.5810018,tm_3kmh
10.976294,14.684894,romberg_closed
8.106801,-6.574307,self_selected_gait_speed
-1.6374377,4.7652993,sit_to_stand
15.15257,3.5274067,stationary_walk
8.299774,-6.4421406,tm_3kmh
6.2089815,11.624749,romberg_closed
5.5846806,-3.6140933,self_selected_gait_speed
-1.2795215,5.88533,sit_to_stand
16.604153,5.9263983,stationary_walk
6.543494,-3.9079897,tm_3kmh
6.530772,11.856164,romberg_closed
-2.4931607,4.7524767,sit_to_stand
15.387057,4.761521,stationary_walk
7.4263873,14.630213,romberg_closed
8.489311,-4.2777925,self_selected_gait_speed
-3.0447612,5.7178464,sit_to_stand
16.770456,5.905028,stationary_walk
8.532612,-4.6022253,tm_3kmh
-1.1769148,4.702717,sit_to_stand
16.955599,6.1591516,stationary_walk
5.698913,11.747875,romberg_closed
9.074325,-2.4487464,self_selected_gait_speed
-2.9875996,4.953853,sit_to_stand
16.05138,5.566958,stationary_walk
8.98947,-2.6411061,tm_3kmh
8.655987,14.675171,romberg_closed
8.049891,-4.205093,self_selected_gait_speed
-3.132898,5.105416,sit_to_stand
17.597239,5.7046065,stationary_walk
8.01583,-4.2721453,tm_3kmh
7.262701,13.068623,romberg_closed
5.635108,-3.700649,self_selected_gait_speed
-2.1861815,3.5232387,sit_to_stand
16.030977,5.662505,stationary_walk
5.7983737,-3.9042852,tm_3kmh
7.5336733,14.829235,romberg_closed
7.8115067,-4.693726,self_selected_gait_speed
-3.349849,4.82372,sit_to_stand
16.137009,4.3427343,stationary_walk
8.016986,-4.8057394,tm_3kmh
10.964364,14.118775,romberg_closed
7.551795,-6.5016494,self_selected_gait_speed
-0.7261983,4.025472,sit_to_stand
14.675081,4.1876655,stationary_walk
7.653504,-6.6263633,tm_3kmh
9.09825,15.161249,romberg_closed
8.055939,-5.2412496,self_selected_gait_speed
-3.1422122,5.4794426,sit_to_stand
17.34877,4.3783712,stationary_walk
8.139941,-4.821368,tm_3kmh
7.2057986,14.106273,romberg_closed
6.7071366,-5.338044,self_selected_gait_speed
-0.84509075,5.027326,sit_to_stand
16.405128,4.298476,stationary_walk
6.5815105,-5.1249237,tm_3kmh
11.01402,14.510115,romberg_closed
7.9373364,-4.540162,self_selected_gait_speed
-1.1822886,3.6180832,sit_to_stand
15.015319,4.416628,stationary_walk
7.9989276,-4.3965993,tm_3kmh
11.035654,14.872889,romberg_closed
8.544361,-6.835552,self_selected_gait_speed
-2.145742,4.8989587,sit_to_stand
15.747928,3.506248,stationary_walk
8.427147,-6.918437,tm_3kmh
11.248809,14.6077585,romberg_closed
7.384835,-5.5700655,self_selected_gait_speed
-1.1455616,4.592779,sit_to_stand
15.50242,3.5895095,stationary_walk
6.615204,-5.1948466,tm_3kmh
10.106742,14.61063,romberg_closed
7.0233846,-6.373286,self_selected_gait_speed
-2.3504727,5.7306952,sit_to_stand
15.6683855,3.304332,stationary_walk
7.2710147,-6.396649,tm_3kmh
10.987024,14.834002,romberg_closed
7.5610476,-5.392429,self_selected_gait_speed
-2.970916,5.5754614,sit_to_stand
15.654421,3.7683434,stationary_walk
7.0830684,-4.969605,tm_3kmh
8.874955,13.756726,romberg_closed
8.211811,-4.2628736,self_selected_gait_speed
-3.541144,4.6924415,sit_to_stand
16.5758,6.3822165,stationary_walk
8.243686,-4.257516,tm_3kmh
6.4574056,14.121296,romberg_closed
8.888894,-4.2525096,self_selected_gait_speed
-0.30910784,5.081588,sit_to_stand
15.682868,5.7762017,stationary_walk
9.059549,-4.1984506,tm_3kmh
9.951439,13.4728,romberg_closed
5.999904,-3.894575,self_selected_gait_speed
-1.4202216,3.1911035,sit_to_stand
14.911917,4.7554874,stationary_walk
6.1493506,-3.9660258,tm_3kmh
9.57708,14.756715,romberg_closed
7.4271283,-2.8644402,self_selected_gait_speed
-1.2346834,3.2898188,sit_to_stand
16.609682,4.7773714,stationary_walk
7.337534,-2.8192217,tm_3kmh
8.735551,12.706588,romberg_closed
9.260492,-6.0032535,self_selected_gait_speed
-0.6644116,2.828855,sit_to_stand
15.058685,6.2207866,stationary_walk
9.293514,-5.98734,tm_3kmh
8.129934,13.7475815,romberg_closed
6.0100017,-4.840756,self_selected_gait_speed
-2.0611272,4.568341,sit_to_stand
15.898212,3.810585,stationary_walk
6.0110936,-4.7804017,tm_3kmh
9.413774,13.683873,romberg_closed
6.9748507,-5.375033,self_selected_gait_speed
-0.9690443,3.4304914,sit_to_stand
15.478468,4.103147,stationary_walk
6.5437627,-4.9278336,tm_3kmh
8.95204,15.436871,romberg_closed
6.2450247,-4.6348515,self_selected_gait_speed
-0.9398715,4.4849534,sit_to_stand
17.021318,3.820184,stationary_walk
6.154603,-4.3861604,tm_3kmh
6.829647,13.126647,romberg_closed
8.8650875,-5.1783667,self_selected_gait_speed
-1.0737067,2.8098178,sit_to_stand
15.02721,6.1755366,stationary_walk
8.861755,-5.381646,tm_3kmh
9.237866,14.660109,romberg_closed
9.048156,-5.7422824,self_selected_gait_speed
-2.9478788,5.6335535,sit_to_stand
16.986694,5.3638477,stationary_walk
9.017604,-5.7159076,tm_3kmh
9.572648,14.719093,romberg_closed
8.802545,-4.827879,self_selected_gait_speed
-2.1725733,4.4324694,sit_to_stand
16.909466,5.105853,stationary_walk
8.547817,-4.29067,tm_3kmh
7.816449,15.037381,romberg_closed
9.558258,-4.2107625,self_selected_gait_speed
-0.48189074,4.713679,sit_to_stand
16.657902,5.728965,stationary_walk
9.427813,-4.3525386,tm_3kmh
8.633717,13.219085,romberg_closed
5.728742,-5.1944323,self_selected_gait_speed
-0.54307604,3.7706022,sit_to_stand
15.630235,4.4733577,stationary_walk
5.6707363,-4.4900203,tm_3kmh
7.038573,12.291466,romberg_closed
-1.8901373,5.610563,sit_to_stand
16.471695,4.937394,stationary_walk
7.2052293,14.078043,romberg_closed
8.687202,-6.621287,self_selected_gait_speed
-1.7507465,4.7656727,sit_to_stand
15.166082,4.241174,stationary_walk
8.634658,-6.5279465,tm_3kmh
9.359893,13.344765,romberg_closed
9.421351,-4.2842755,self_selected_gait_speed
-0.741074,3.2502298,sit_to_stand
14.484481,4.5401735,stationary_walk
9.044414,-5.250378,tm_3kmh
7.8761344,14.059141,romberg_closed
9.278948,-2.7198408,self_selected_gait_speed
-2.6550057,4.173864,sit_to_stand
17.128534,6.098992,stationary_walk
9.117496,-2.6680949,tm_3kmh
11.392038,14.814435,romberg_closed
7.8607035,-5.78086,self_selected_gait_speed
0.43814203,4.4931993,sit_to_stand
15.036718,3.9231298,stationary_walk
7.8454833,-5.688398,tm_3kmh
5.3253508,11.934717,romberg_closed
6.55273,-2.615467,self_selected_gait_speed
-1.1793453,5.4614673,sit_to_stand
17.780954,5.929001,stationary_walk
6.438826,-2.3781972,tm_3kmh
7.1843233,14.726478,romberg_closed
7.7517443,-5.611678,self_selected_gait_speed
-2.6070862,4.7029862,sit_to_stand
16.272545,4.047983,stationary_walk
7.680604,-5.600372,tm_3kmh
5.939754,11.386542,romberg_closed
8.531613,-4.8580327,self_selected_gait_speed
-0.17045511,3.878689,sit_to_stand
14.805547,6.210731,stationary_walk
8.518899,-4.930918,tm_3kmh
5.724474,11.407573,romberg_closed
9.309789,-1.8505886,self_selected_gait_speed
-1.6247381,3.7176883,sit_to_stand
17.47581,6.6264954,stationary_walk
9.369549,-1.8224411,tm_3kmh
9.883141,14.872989,romberg_closed
9.272465,-3.2911115,self_selected_gait_speed
-0.48855463,4.8408947,sit_to_stand
15.384086,4.918529,stationary_walk
9.314523,-3.2116013,tm_3kmh
8.914892,15.083708,romberg_closed
6.284506,-4.1410937,self_selected_gait_speed
-1.9940137,4.694404,sit_to_stand
16.385065,3.274218,stationary_walk
6.2645164,-4.1037245,tm_3kmh
7.307134,13.450414,romberg_closed
-1.741132,5.205505,sit_to_stand
16.291307,4.3978167,stationary_walk
9.654765,13.251148,romberg_closed
6.7608886,-3.1866624,self_selected_gait_speed
-1.2442297,3.2628052,sit_to_stand
14.808347,5.9276853,stationary_walk
9.593234,13.066023,romberg_closed
9.754258,-5.542128,self_selected_gait_speed
-1.059356,3.017094,sit_to_stand
14.429014,5.7657614,stationary_walk
9.662753,-5.720796,tm_3kmh
5.537246,12.03336,romberg_closed
7.704752,-3.7423303,self_selected_gait_speed
-2.7457187,5.261193,sit_to_stand
15.006399,4.8209333,stationary_walk
7.2849426,-3.5874882,tm_3kmh
10.827253,14.547508,romberg_closed
6.284027,-4.5675774,self_selected_gait_speed
-0.70180863,5.367504,sit_to_stand
15.256039,4.228823,stationary_walk
6.241604,-4.7937026,tm_3kmh
6.8549953,14.054217,romberg_closed
7.8812776,-3.9841177,self_selected_gait_speed
-2.1290205,6.036907,sit_to_stand
16.552864,5.304688,stationary_walk
7.661221,-4.287234,tm_3kmh
7.60017,15.027195,romberg_closed
8.206307,-6.480586,self_selected_gait_speed
-0.5673919,4.8181357,sit_to_stand
17.158455,4.0939317,stationary_walk
8.290188,-6.466633,tm_3kmh
11.401761,14.1119375,romberg_closed
-0.40756425,3.0439332,sit_to_stand
14.577612,5.2229457,stationary_walk
8.330123,14.119844,romberg_closed
5.7951856,-3.7844954,self_selected_gait_speed
-1.5167727,4.574543,sit_to_stand
16.74373,4.82401,stationary_walk
5.8933797,-3.5450547,tm_3kmh
9.252471,13.110599,romberg_closed
5.9623237,-5.1353045,self_selected_gait_speed
-0.3192552,3.5707173,sit_to_stand
14.493844,5.1309876,stationary_walk
6.3266516,-5.3421373,tm_3kmh
7.797872,14.344205,romberg_closed
8.605477,-5.5421457,self_selected_gait_speed
-3.1692939,5.1148725,sit_to_stand
16.009901,4.4713144,stationary_walk
8.875698,-5.3554626,tm_3kmh
9.352762,15.301287,romberg_closed
8.056111,-5.009489,self_selected_gait_speed
-2.7405663,4.5028996,sit_to_stand
14.642266,3.9433744,stationary_walk
8.087657,-5.131713,tm_3kmh
11.266542,14.306666,romberg_closed
9.162047,-4.1702676,self_selected_gait_speed
-1.0488249,4.770224,sit_to_stand
16.007706,4.576807,stationary_walk
9.238045,-4.1221976,tm_3kmh
8.687822,14.515154,romberg_closed
6.996061,-4.7720447,self_selected_gait_speed
-2.554882,3.6133926,sit_to_stand
13.6584835,4.4785013,stationary_walk
7.467808,-4.799953,tm_3kmh
8.092631,13.997902,romberg_closed
6.6242633,-1.5955775,self_selected_gait_speed
-0.9255378,5.785176,sit_to_stand
17.39194,5.073898,stationary_walk
6.548161,-1.5143493,tm_3kmh
6.962722,12.21218,romberg_closed
8.996165,-2.9830596,self_selected_gait_speed
-0.507545,5.4985466,sit_to_stand
15.255375,4.475163,stationary_walk
8.988469,-2.7622306,tm_3kmh
7.4988174,13.121393,romberg_closed
9.294474,-2.298261,self_selected_gait_speed
-2.3582113,5.271009,sit_to_stand
16.61486,5.7682853,stationary_walk
9.2609415,-2.2311182,tm_3kmh
8.841015,13.304732,romberg_closed
7.638427,-3.2989428,self_selected_gait_speed
-1.3819952,3.7855732,sit_to_stand
15.624822,5.7969475,stationary_walk
7.4533896,-3.3706024,tm_3kmh
9.264767,14.604333,romberg_closed
8.628478,-4.90979,self_selected_gait_speed
-1.5222608,2.8516672,sit_to_stand
16.644478,5.36607,stationary_walk
8.444747,-5.034391,tm_3kmh
6.6437535,13.654736,romberg_closed
9.933251,-3.3999445,self_selected_gait_speed
-2.797788,4.4666696,sit_to_stand
16.570673,5.948401,stationary_walk
9.745909,-3.56338,tm_3kmh
11.522746,14.632912,romberg_closed
9.725447,-3.5287404,self_selected_gait_speed
-0.3229963,4.4975963,sit_to_stand
14.657534,3.737072,stationary_walk
9.867054,-3.5841835,tm_3kmh
8.429476,13.09847,romberg_closed
6.504807,-5.7733855,self_selected_gait_speed
-1.709375,3.0911672,sit_to_stand
14.709847,5.5453467,stationary_walk
6.5152154,-6.061173,tm_3kmh
10.12723,14.294524,romberg_closed
6.8344903,-5.9701023,self_selected_gait_speed
0.23455231,4.236583,sit_to_stand
15.502714,3.372682,stationary_walk
6.850704,-5.9993696,tm_3kmh
5.2437005,11.151029,romberg_closed
9.424812,-2.4922214,self_selected_gait_speed
-2.9250152,4.002451,sit_to_stand
17.121141,6.3702507,stationary_walk
9.472817,-2.7211602,tm_3kmh
10.24921,13.196378,romberg_closed
9.164293,-2.6576762,self_selected_gait_speed
-0.2479832,3.8395667,sit_to_stand
14.756214,5.4664993,stationary_walk
8.368048,-3.07968,tm_3kmh
5.586775,11.504514,romberg_closed
9.748515,-1.8668168,self_selected_gait_speed
-3.2347577,3.5723505,sit_to_stand
15.108025,6.0838227,stationary_walk
9.756469,-1.8764538,tm_3kmh
8.04564,14.7027445,romberg_closed
7.6224375,-5.556083,self_selected_gait_speed
0.08468724,5.2918334,sit_to_stand
15.688527,4.177155,stationary_walk
6.722688,13.177698,romberg_closed
7.2557497,-3.4742696,self_selected_gait_speed
-1.9296206,5.1363783,sit_to_stand
15.856142,6.645481,stationary_walk
6.921153,-3.8117354,tm_3kmh
10.859446,13.734059,romberg_closed
9.957693,-4.7856927,self_selected_gait_speed
-0.49907228,3.1322582,sit_to_stand
14.341703,5.230804,stationary_walk
10.044874,-4.4553742,tm_3kmh
9.755598,13.4031,romberg_closed
8.928788,-6.5831904,self_selected_gait_speed
-1.8009633,3.2574158,sit_to_stand
14.576736,4.495714,stationary_walk
5.2745748,-4.0793686,tm_3kmh
7.594689,14.40939,romberg_closed
8.687066,-3.083308,self_selected_gait_speed
-2.6013403,5.383628,sit_to_stand
17.214184,4.079,stationary_walk
8.165471,-3.372193,tm_3kmh
5.0189366,11.272589,romberg_closed
8.367155,-3.5593834,self_selected_gait_speed
-1.5307148,3.954298,sit_to_stand
16.266178,6.465619,stationary_walk
8.33543,-3.3646433,tm_3kmh
10.839184,14.379329,romberg_closed
5.885344,-5.5628943,self_selected_gait_speed
-0.679567,5.075277,sit_to_stand
15.624794,4.2603145,stationary_walk
6.3306184,-5.8290687,tm_3kmh
9.892219,14.948633,romberg_closed
8.002083,-4.8709416,self_selected_gait_speed
-2.6922636,4.9094615,sit_to_stand
16.576231,5.237658,stationary_walk
7.957017,-5.007359,tm_3kmh
8.602459,13.1225395,romberg_closed
9.003233,-3.3839636,self_selected_gait_speed
-3.2387934,3.7815938,sit_to_stand
16.338312,5.861471,stationary_walk
8.406805,-2.8399525,tm_3kmh
6.5126867,11.949946,romberg_closed
8.877667,-3.1876624,self_selected_gait_speed
-2.4960256,4.649233,sit_to_stand
16.768457,6.802974,stationary_walk
9.320744,-3.4510996,tm_3kmh
5.2090287,11.1414385,romberg_closed
7.939806,-4.6886477,self_selected_gait_speed
-2.16713,3.7567692,sit_to_stand
14.459542,5.3441486,stationary_walk
7.619016,-4.8326917,tm_3kmh
7.434986,13.918699,romberg_closed
8.285959,-2.4089055,self_selected_gait_speed
-3.1875167,5.41516,sit_to_stand
17.38116,5.660824,stationary_walk
8.522929,-2.3788505,tm_3kmh
9.01269,13.390717,romberg_closed
7.7220445,-3.8026612,self_selected_gait_speed
-1.449794,3.3300405,sit_to_stand
14.426271,5.020949,stationary_walk
7.6493664,-3.594406,tm_3kmh
10.536605,14.251706,romberg_closed
5.8124127,-3.9674761,self_selected_gait_speed
-1.0352142,5.8737936,sit_to_stand
15.7916975,3.3690896,stationary_walk
5.607759,-3.764085,tm_3kmh
7.4422536,15.210277,romberg_closed
7.411941,-4.0227237,self_selected_gait_speed
-2.7192488,5.6752057,sit_to_stand
16.512966,4.123928,stationary_walk
7.4765186,-4.278208,tm_3kmh
10.990742,13.6582,romberg_closed
5.9323735,-5.127891,self_selected_gait_speed
-3.0497177,4.9765024,sit_to_stand
15.889055,5.9671164,stationary_walk
5.9589677,-5.125223,tm_3kmh
5.5957584,11.445045,romberg_closed
6.7800584,-3.2742913,self_selected_gait_speed
-0.85551566,5.483808,sit_to_stand
17.052673,4.0666203,stationary_walk
6.5715604,-2.8169618,tm_3kmh
8.786341,13.554413,romberg_closed
8.215728,-5.3809624,self_selected_gait_speed
-1.120967,3.2675924,sit_to_stand
15.861655,3.4303532,stationary_walk
7.3265643,-5.8022118,tm_3kmh
7.8755255,13.458747,romberg_closed
7.2352033,-5.546386,self_selected_gait_speed
-1.702497,3.853918,sit_to_stand
15.099944,4.093147,stationary_walk
6.9314766,-5.426504,tm_3kmh
9.16309,13.516791,romberg_closed
8.313295,-4.850379,self_selected_gait_speed
-0.018368851,4.5171366,sit_to_stand
15.622502,4.8933873,stationary_walk
7.692407,-4.218297,tm_3kmh
6.2892795,13.355885,romberg_closed
8.318637,-3.3889172,self_selected_gait_speed
-3.3043184,4.026125,sit_to_stand
16.944796,6.2267118,stationary_walk
8.309159,-3.4734528,tm_3kmh
8.592173,15.261435,romberg_closed
7.6463065,-6.411678,self_selected_gait_speed
-0.7281911,4.903203,sit_to_stand
14.962536,3.7057881,stationary_walk
7.196181,-6.351338,tm_3kmh
7.030267,14.232594,romberg_closed
6.9647837,-6.7299643,self_selected_gait_speed
-3.186315,5.0846133,sit_to_stand
16.942137,4.9608455,stationary_walk
6.8728604,-6.717177,tm_3kmh
10.829375,14.194217,romberg_closed
5.6070285,-3.896639,self_selected_gait_speed
0.11299061,4.7798142,sit_to_stand
15.101639,5.6456046,stationary_walk
8.296308,-6.413409,tm_3kmh
9.682516,13.649754,romberg_closed
7.4979887,-5.250297,self_selected_gait_speed
-0.73806894,4.2304773,sit_to_stand
14.880139,5.2549977,stationary_walk
7.466511,-5.36611,tm_3kmh
11.539173,14.57147,romberg_closed
6.7266836,-3.1460834,self_selected_gait_speed
-2.1727152,4.80878,sit_to_stand
13.776487,4.509116,stationary_walk
6.750087,-3.2889283,tm_3kmh
9.394093,13.413966,romberg_closed
6.893666,-4.379232,self_selected_gait_speed
-1.0422717,4.2081313,sit_to_stand
14.7769985,5.4151936,stationary_walk
7.1381283,-4.193425,tm_3kmh
7.098631,13.6227045,romberg_closed
6.323551,-4.9180436,self_selected_gait_speed
-2.192391,4.4435678,sit_to_stand
16.491407,5.2225075,stationary_walk
6.7175703,-5.344264,tm_3kmh
6.242505,12.543835,romberg_closed
9.351457,-3.4012969,self_selected_gait_speed
-0.14179903,4.682965,sit_to_stand
16.548706,5.090119,stationary_walk
9.165913,-3.2128258,tm_3kmh
8.220689,14.043103,romberg_closed
6.371256,-5.059528,self_selected_gait_speed
-2.3243513,4.3117795,sit_to_stand
15.686295,4.850213,stationary_walk
6.084352,-4.9981894,tm_3kmh
8.335361,13.712702,romberg_closed
6.119914,-5.3042684,self_selected_gait_speed
-2.432215,3.4055772,sit_to_stand
15.110448,5.226567,stationary_walk
6.0570526,-5.255941,tm_3kmh
7.406579,13.218185,romberg_closed
6.6409507,-1.2698134,self_selected_gait_speed
-1.450149,3.5105395,sit_to_stand
16.76168,5.626435,stationary_walk
6.5466104,-1.3088405,tm_3kmh
8.250564,14.931636,romberg_closed
8.599014,-6.1629667,self_selected_gait_speed
-3.458112,4.817079,sit_to_stand
15.841413,4.57645,stationary_walk
8.408847,-6.050649,tm_3kmh
9.875525,-2.4891634,self_selected_gait_speed
11.265295,14.416059,romberg_closed
8.779083,-5.4925103,self_selected_gait_speed
0.06924576,4.02287,sit_to_stand
14.725093,4.207702,stationary_walk
8.73074,-5.542097,tm_3kmh
10.706881,13.495158,romberg_closed
8.499689,-4.8490324,self_selected_gait_speed
-1.266168,2.9915633,sit_to_stand
14.73806,5.765502,stationary_walk
8.474768,-4.7646194,tm_3kmh
7.347146,13.732198,romberg_closed
7.1681585,-6.81764,self_selected_gait_speed
-0.8488044,4.0529113,sit_to_stand
16.249943,6.233542,stationary_walk
7.121778,-6.687563,tm_3kmh
9.297982,14.213748,romberg_closed
7.5024776,-4.8500085,self_selected_gait_speed
0.15509081,4.7569165,sit_to_stand
15.701473,5.1491737,stationary_walk
7.378017,-4.7712817,tm_3kmh
6.9271774,14.748439,romberg_closed
8.432071,-6.048617,self_selected_gait_speed
-2.3191586,5.980046,sit_to_stand
15.905464,4.3258896,stationary_walk
8.498115,-5.945398,tm_3kmh
9.694818,14.4509535,romberg_closed
7.207157,-5.548154,self_selected_gait_speed
-1.7690505,5.2459254,sit_to_stand
16.3274,3.7865453,stationary_walk
6.9235477,-5.2302575,tm_3kmh
9.677046,13.945075,romberg_closed
8.098543,-5.8288455,self_selected_gait_speed
-0.30448708,4.7486362,sit_to_stand
16.28745,4.6195393,stationary_walk
7.6942167,-5.304996,tm_3kmh
6.326503,12.159117,romberg_closed
7.3905454,-6.125003,self_selected_gait_speed
-1.139393,5.2791924,sit_to_stand
16.309898,4.9328237,stationary_walk
7.4960613,-5.9174705,tm_3kmh
8.306154,13.514671,romberg_closed
7.406482,-5.003197,self_selected_gait_speed
-1.7378435,3.1450586,sit_to_stand
14.542619,4.6780815,stationary_walk
7.826254,-4.8576493,tm_3kmh
8.384386,14.739617,romberg_closed
6.912262,-6.8692083,self_selected_gait_speed
-1.4690024,5.352431,sit_to_stand
15.518795,3.91616,stationary_walk
6.8161874,-6.6286597,tm_3kmh
8.370994,13.3380995,romberg_closed
7.6680264,-5.6888757,self_selected_gait_speed
-0.96224844,4.7903438,sit_to_stand
15.799752,3.9355044,stationary_walk
7.1142154,-6.006382,tm_3kmh
8.090632,13.734315,romberg_closed
6.9434915,-3.934609,self_selected_gait_speed
-1.7716138,3.2952783,sit_to_stand
16.57677,5.890007,stationary_walk
6.8285637,-4.140361,tm_3kmh
8.644083,13.468167,romberg_closed
9.877739,-2.9143007,self_selected_gait_speed
-3.1811612,4.2092977,sit_to_stand
16.436777,5.559547,stationary_walk
9.724698,-2.9017901,tm_3kmh
9.082215,12.942144,romberg_closed
5.0921474,-3.057427,self_selected_gait_speed
-2.410364,3.498726,sit_to_stand
15.567859,6.384692,stationary_walk
5.0219274,-2.979051,tm_3kmh
10.858885,14.706561,romberg_closed
8.483974,-6.5755963,self_selected_gait_speed
-2.1336792,5.9203978,sit_to_stand
14.820804,3.2541277,stationary_walk
8.219667,-6.6482563,tm_3kmh
9.621331,15.475154,romberg_closed
6.742797,-3.8336322,self_selected_gait_speed
-0.2610261,4.5249014,sit_to_stand
16.058897,3.7565506,stationary_walk
7.1265817,-4.163768,tm_3kmh
7.1896534,12.13483,romberg_closed
10.060163,-4.717126,self_selected_gait_speed
-2.295412,2.8716252,sit_to_stand
14.6236925,6.0325966,stationary_walk
10.146685,-4.099612,tm_3kmh
10.6691065,14.44348,romberg_closed
4.86901,-3.5764346,self_selected_gait_speed
-1.1689523,5.5803304,sit_to_stand
13.7478895,4.207391,stationary_walk
10.660961,14.406357,romberg_closed
-0.31115615,4.3356457,sit_to_stand
14.342362,4.425538,stationary_walk
10.11324,14.244056,romberg_closed
6.7325187,-2.029948,self_selected_gait_speed
-2.7117379,5.85636,sit_to_stand
15.270698,4.6209044,stationary_walk
6.695469,-2.0571082,tm_3kmh
6.110753,11.515486,romberg_closed
8.37925,-5.519248,self_selected_gait_speed
-2.1025102,4.4773602,sit_to_stand
16.966408,5.7398887,stationary_walk
8.254275,-5.877772,tm_3kmh
8.447375,12.739579,romberg_closed
9.438815,-5.858048,self_selected_gait_speed
-0.84354365,3.316494,sit_to_stand
14.665039,6.0224953,stationary_walk
9.465316,-5.6897335,tm_3kmh
5.37342,11.142224,romberg_closed
9.7082205,-2.8798041,self_selected_gait_speed
-3.067673,4.085571,sit_to_stand
17.601822,6.5481243,stationary_walk
9.400307,-2.6647446,tm_3kmh
7.911146,15.0450735,romberg_closed
6.434236,-3.8549743,self_selected_gait_speed
-1.7638985,3.9490008,sit_to_stand
16.676342,3.568975,stationary_walk
6.573887,-3.6095023,tm_3kmh
7.357647,13.648573,romberg_closed
7.4543366,-5.366775,self_selected_gait_speed
-2.5204298,4.3786774,sit_to_stand
16.626406,5.416594,stationary_walk
7.5479474,-5.142794,tm_3kmh
8.597648,13.262632,romberg_closed
9.558346,-4.625723,self_selected_gait_speed
-1.2071193,5.0064964,sit_to_stand
15.235321,5.2946296,stationary_walk
9.568114,-4.7607856,tm_3kmh
8.368499,14.026087,romberg_closed
8.097313,-5.207832,self_selected_gait_speed
-2.4929168,3.6133037,sit_to_stand
15.999836,5.0606985,stationary_walk
7.959841,-4.9842834,tm_3kmh
5.0219326,-3.3016236,self_selected_gait_speed
5.0920186,-3.4739573,tm_3kmh
8.274777,13.92163,romberg_closed
5.824164,-5.2246714,self_selected_gait_speed
-2.7327788,4.9029593,sit_to_stand
15.310176,4.2925615,stationary_walk
6.109078,-4.560789,tm_3kmh
6.1871066,11.665538,romberg_closed
6.8033524,-1.3979629,self_selected_gait_speed
-1.7285576,5.985995,sit_to_stand
17.446222,5.796692,stationary_walk
6.8100467,-1.3283374,tm_3kmh
9.616211,13.917243,romberg_closed
7.297129,-5.289835,self_selected_gait_speed
-0.9877408,5.675417,sit_to_stand
16.083721,3.9019606,stationary_walk
7.458387,-5.4301286,tm_3kmh
9.604328,15.027738,romberg_closed
7.420886,-4.2473574,self_selected_gait_speed
-2.152725,5.5993056,sit_to_stand
17.229307,5.0550294,stationary_walk
7.32242,-4.4783974,tm_3kmh
7.8532023,14.954224,romberg_closed
7.215279,-5.050666,self_selected_gait_speed
-2.3386679,5.8312883,sit_to_stand
17.021685,5.400554,stationary_walk
7.1317954,-4.940316,tm_3kmh
7.275412,14.689515,romberg_closed
8.802952,-3.6277826,self_selected_gait_speed
-3.0505779,5.399883,sit_to_stand
17.477716,5.1516337,stationary_walk
8.356043,-3.4681711,tm_3kmh
8.674331,14.437267,romberg_closed
6.192154,-6.6818137,self_selected_gait_speed
-3.3766966,4.183511,sit_to_stand
16.465403,4.438741,stationary_walk
6.06388,-6.4523997,tm_3kmh
6.5351214,13.115714,romberg_closed
6.517609,-4.838394,self_selected_gait_speed
-1.0150073,4.601335,sit_to_stand
13.649467,4.356237,stationary_walk
6.07968,-4.811113,tm_3kmh
7.259697,13.695199,romberg_closed
6.3571157,-6.360507,self_selected_gait_speed
-1.4798684,4.4327364,sit_to_stand
16.880768,4.0173635,stationary_walk
6.3300633,-6.2305408,tm_3kmh
10.241084,13.616265,romberg_closed
8.454195,-3.0639658,self_selected_gait_speed
-1.1780355,4.029239,sit_to_stand
14.49059,4.355576,stationary_walk
8.478618,-2.8375819,tm_3kmh
10.098021,15.026909,romberg_closed
8.432462,-4.5686917,self_selected_gait_speed
-2.5258062,5.6126676,sit_to_stand
15.362346,4.5392337,stationary_walk
5.9653506,12.03139,romberg_closed
10.023713,-4.3080244,self_selected_gait_speed
-1.2656406,2.6424658,sit_to_stand
14.753184,6.1508884,stationary_walk
10.106588,-3.271699,tm_3kmh
7.52966,13.948841,romberg_closed
8.696056,-1.9731616,self_selected_gait_speed
-1.5193535,4.8501105,sit_to_stand
16.116365,4.1746736,stationary_walk
8.743035,-2.0078409,tm_3kmh
9.055135,14.652875,romberg_closed
6.5555716,-3.7375426,self_selected_gait_speed
-1.5435798,4.431189,sit_to_stand
16.885231,5.3152976,stationary_walk
6.6502924,-3.928472,tm_3kmh
10.356392,13.448004,romberg_closed
6.539366,-5.312356,self_selected_gait_speed
-1.2105242,3.7374182,sit_to_stand
14.438057,4.4456573,stationary_walk
6.6759863,-4.74718,tm_3kmh
7.5123196,13.373338,romberg_closed
9.4181385,-5.922702,self_selected_gait_speed
-0.9572673,3.9489071,sit_to_stand
15.198218,4.970748,stationary_walk
7.0876637,14.826484,romberg_closed
8.6291065,-5.8029413,self_selected_gait_speed
-2.32908,5.716793,sit_to_stand
16.980518,5.063019,stationary_walk
8.42449,-5.625576,tm_3kmh
8.042503,13.534166,romberg_closed
-2.1206136,3.6227112,sit_to_stand
15.0662565,5.205986,stationary_walk
7.432607,14.531862,romberg_closed
6.5299053,-3.1725671,self_selected_gait_speed
-3.2609966,4.515276,sit_to_stand
16.628809,4.120054,stationary_walk
6.61309,-3.2462232,tm_3kmh
9.733707,14.79742,romberg_closed
4.814482,-3.5658774,self_selected_gait_speed
-2.3822608,4.432182,sit_to_stand
15.375685,4.4868793,stationary_walk
4.9443884,-3.4797235,tm_3kmh
9.888938,14.807043,romberg_closed
7.146002,-5.610506,self_selected_gait_speed
-0.8660669,5.31703,sit_to_stand
9.78009,15.169034,romberg_closed
9.299991,-3.002697,self_selected_gait_speed
-1.1997116,4.9874425,sit_to_stand
16.973146,4.973809,stationary_walk
9.137331,-3.0209386,tm_3kmh
11.301712,14.457917,romberg_closed
9.198581,-3.5947182,self_selected_gait_speed
-0.57456017,3.6291394,sit_to_stand
15.244869,5.1075444,stationary_walk
8.95879,-3.7719214,tm_3kmh
9.870264,15.155552,romberg_closed
6.581833,-5.0638986,self_selected_gait_speed
-0.9149374,4.995254,sit_to_stand
16.3538,3.5832582,stationary_walk
6.6602473,-5.135194,tm_3kmh
9.4196825,13.942928,romberg_closed
7.9453554,-5.081457,self_selected_gait_speed
-2.8402307,4.0409474,sit_to_stand
14.904497,3.934885,stationary_walk
7.8467765,-4.6327887,tm_3kmh
9.268748,13.427597,romberg_closed
8.935632,-3.7113378,self_selected_gait_speed
-2.812486,4.5429964,sit_to_stand
15.1235285,4.4818797,stationary_walk
7.9511933,-4.2628207,tm_3kmh
8.356252,14.890447,romberg_closed
9.094227,-2.109646,self_selected_gait_speed
-1.7868375,5.8972545,sit_to_stand
16.790504,4.313308,stationary_walk
8.805503,-2.1944096,tm_3kmh
7.1752696,14.615423,romberg_closed
7.545059,-4.97977,self_selected_gait_speed
0.072851375,4.945261,sit_to_stand
16.306505,3.8421414,stationary_walk
7.0593314,-4.315218,tm_3kmh
5.179587,11.1799555,romberg_closed
9.891578,-2.2935414,self_selected_gait_speed
-2.6816285,3.2817516,sit_to_stand
16.89485,6.8509283,stationary_walk
9.878818,-2.187952,tm_3kmh
5.586107,11.419095,romberg_closed
7.6308227,-4.721194,self_selected_gait_speed
-1.738498,3.4296954,sit_to_stand
16.70629,6.717087,stationary_walk
7.3776975,-5.6479177,tm_3kmh
6.729468,14.521649,romberg_closed
8.792982,-5.6682568,self_selected_gait_speed
-3.0944624,5.5726895,sit_to_stand
16.108217,4.6761827,stationary_walk
8.812075,-5.6262712,tm_3kmh
10.58134,14.861449,romberg_closed
8.380605,-6.3197575,self_selected_gait_speed
-0.42932576,4.0788813,sit_to_stand
15.172987,3.668157,stationary_walk
8.630508,-6.428745,tm_3kmh
9.548927,14.830921,romberg_closed
8.343234,-5.0777125,self_selected_gait_speed
-2.0895214,4.9495797,sit_to_stand
14.731393,5.3624854,stationary_walk
8.137181,-4.9131737,tm_3kmh
7.7201576,14.110254,romberg_closed
8.169715,-4.487279,self_selected_gait_speed
-2.269445,4.6973085,sit_to_stand
16.999975,4.671317,stationary_walk
7.873788,-4.380376,tm_3kmh
6.7033563,13.715361,romberg_closed
9.177589,-5.593426,self_selected_gait_speed
-2.6143343,3.1286547,sit_to_stand
16.306774,6.1551085,stationary_walk
9.105356,-5.8145905,tm_3kmh
7.5052357,13.02922,romberg_closed
8.668492,-5.178161,self_selected_gait_speed
-2.0220497,3.437556,sit_to_stand
15.993453,5.119861,stationary_walk
8.4205065,-5.064895,tm_3kmh
5.2362,11.13712,romberg_closed
9.061573,-3.905625,self_selected_gait_speed
-1.0020734,4.443845,sit_to_stand
16.231241,6.436253,stationary_walk
8.926947,-3.4499385,tm_3kmh
8.998926,13.348551,romberg_closed
9.444573,-5.2440414,self_selected_gait_speed
-2.6770425,5.0175753,sit_to_stand
15.000894,6.103951,stationary_walk
9.529537,-5.1571198,tm_3kmh
8.200179,13.1474495,romberg_closed
6.779692,-3.9106712,self_selected_gait_speed
-1.1500896,4.5822577,sit_to_stand
14.465658,5.1520853,stationary_walk
6.7491875,-4.1613693,tm_3kmh
6.277321,12.029368,romberg_closed
8.497987,-3.5509984,self_selected_gait_speed
-2.1009324,3.9435596,sit_to_stand
15.609966,5.1265674,stationary_walk
8.55295,-3.2366016,tm_3kmh
10.754892,13.913966,romberg_closed
7.677148,-4.4146056,self_selected_gait_speed
-1.0754471,3.4364557,sit_to_stand
15.185547,4.953001,stationary_walk
8.296916,-3.6701412,tm_3kmh
6.548512,14.095174,romberg_closed
7.67304,-5.985603,self_selected_gait_speed
-0.3868991,4.8371263,sit_to_stand
16.353283,5.247497,stationary_walk
7.4677496,-5.912707,tm_3kmh
6.1831317,12.101939,romberg_closed
8.539862,-3.6590307,self_selected_gait_speed
-2.8467474,3.2696187,sit_to_stand
15.356941,5.3988533,stationary_walk
8.4264345,-3.461341,tm_3kmh
5.5096784,11.559183,romberg_closed
9.52178,-3.6940794,self_selected_gait_speed
-1.709077,4.1394453,sit_to_stand
16.21192,6.690392,stationary_walk
9.172689,-3.9998405,tm_3kmh
10.648306,14.391464,romberg_closed
7.9707217,-5.7444634,self_selected_gait_speed
0.059686106,5.227744,sit_to_stand
16.378881,3.7356873,stationary_walk
7.9969115,-5.567217,tm_3kmh
7.3108397,15.032847,romberg_closed
8.561913,-5.8348746,self_selected_gait_speed
-2.2809014,5.647792,sit_to_stand
17.665491,4.767085,stationary_walk
8.397797,-5.879838,tm_3kmh
8.475601,14.882865,romberg_closed
8.060648,-4.6325,self_selected_gait_speed
-1.5513543,5.76638,sit_to_stand
16.469366,5.14073,stationary_walk
8.177738,-4.6491857,tm_3kmh
11.14113,14.541951,romberg_closed
6.6548653,-6.016788,self_selected_gait_speed
-0.47284946,4.9763837,sit_to_stand
15.315639,3.8314998,stationary_walk
6.7181296,-6.18434,tm_3kmh
9.677914,13.796427,romberg_closed
7.5043216,-5.4541893,self_selected_gait_speed
-2.5835364,4.9805684,sit_to_stand
15.129966,5.238807,stationary_walk
7.249802,-5.3199716,tm_3kmh
6.097546,11.468305,romberg_closed
7.348513,-3.2774694,self_selected_gait_speed
-3.0818663,4.0844245,sit_to_stand
16.080719,5.404089,stationary_walk
6.9387045,-2.7907984,tm_3kmh
8.180248,13.774455,romberg_closed
9.8699,-4.0449038,self_selected_gait_speed
-2.6757722,4.918574,sit_to_stand
14.877458,4.1204305,stationary_walk
9.523998,-4.674875,tm_3kmh
5.2335267,11.368615,romberg_closed
8.453976,-4.9332724,self_selected_gait_speed
-3.2829547,4.7294116,sit_to_stand
15.899047,5.4352846,stationary_walk
8.723321,-4.178302,tm_3kmh
7.014958,14.69232,romberg_closed
6.279788,-4.116793,self_selected_gait_speed
-2.1261091,4.5037403,sit_to_stand
15.720632,3.9873793,stationary_walk
6.261594,-3.6870136,tm_3kmh
8.3913555,13.99374,romberg_closed
9.418683,-3.7764583,self_selected_gait_speed
-0.39144215,4.143706,sit_to_stand
16.182404,4.723195,stationary_walk
9.195727,-3.9881139,tm_3kmh
9.86461,14.646418,romberg_closed
6.617159,-3.6138694,self_selected_gait_speed
-1.3528961,4.059549,sit_to_stand
15.537178,4.561808,stationary_walk
7.251093,-3.2891119,tm_3kmh
6.1779056,13.1239,romberg_closed
8.588425,-2.6976285,self_selected_gait_speed
-1.0896213,5.761179,sit_to_stand
16.737051,6.7411456,stationary_walk
8.475229,-2.7546685,tm_3kmh
6.648419,14.446809,romberg_closed
8.251884,-4.436074,self_selected_gait_speed
-1.2475945,4.330743,sit_to_stand
15.956724,5.921654,stationary_walk
8.177358,-4.0710983,tm_3kmh
7.7740774,12.91216,romberg_closed
8.622162,-5.0995245,self_selected_gait_speed
-0.4896206,3.2201302,sit_to_stand
15.424434,6.2417154,stationary_walk
8.454448,-5.2199574,tm_3kmh
7.729183,15.1084795,romberg_closed
7.48091,-5.316848,self_selected_gait_speed
-0.13668363,5.2955537,sit_to_stand
15.712637,3.3976057,stationary_walk
7.40777,-5.180393,tm_3kmh
11.304747,13.781838,romberg_closed
8.291768,-1.8537621,self_selected_gait_speed
-1.4268569,3.1160061,sit_to_stand
14.437835,5.668532,stationary_walk
8.337805,-1.8469253,tm_3kmh
5.4833684,11.344096,romberg_closed
6.593198,-2.80007,self_selected_gait_speed
-1.1017032,5.873294,sit_to_stand
16.201809,5.990075,stationary_walk
6.6511807,-2.6762238,tm_3kmh
9.734583,13.839882,romberg_closed
7.605575,-6.690926,self_selected_gait_speed
-2.520651,4.8104777,sit_to_stand
15.358971,4.914051,stationary_walk
7.8214664,-6.642741,tm_3kmh
10.763093,13.759042,romberg_closed
4.720094,-2.8472998,self_selected_gait_speed
-2.4949489,3.64227,sit_to_stand
16.111763,4.741613,stationary_walk
4.706308,-2.8639174,tm_3kmh
8.842607,14.35198,romberg_closed
7.303559,-4.9177637,self_selected_gait_speed
-2.6943438,4.1059637,sit_to_stand
16.094496,4.9579506,stationary_walk
7.526647,-5.0803266,tm_3kmh
5.8502035,12.691755,romberg_closed
9.955132,-2.8505147,self_selected_gait_speed
-3.099075,3.630263,sit_to_stand
17.40663,6.9156146,stationary_walk
10.018736,-2.9265819,tm_3kmh
7.4497447,14.043426,romberg_closed
9.831398,-3.912488,self_selected_gait_speed
-2.856026,4.4979897,sit_to_stand
15.471784,6.5253396,stationary_walk
9.665897,-3.9293928,tm_3kmh
9.767967,13.874187,romberg_closed
7.3831487,-6.5660567,self_selected_gait_speed
-1.2055508,5.441665,sit_to_stand
15.095731,4.6307807,stationary_walk
7.2076836,-6.1970706,tm_3kmh
11.391741,14.545373,romberg_closed
8.217365,-6.922645,self_selected_gait_speed
0.49633884,4.414063,sit_to_stand
14.758204,4.051332,stationary_walk
8.096239,-6.8593216,tm_3kmh
9.3132305,15.017798,romberg_closed
7.4765534,-1.6320875,self_selected_gait_speed
-2.7172813,4.4347477,sit_to_stand
16.3357,5.540966,stationary_walk
6.9619093,-1.5592095,tm_3kmh
6.9535913,13.970325,romberg_closed
9.988412,-3.6059299,self_selected_gait_speed
-1.2040391,3.7908661,sit_to_stand
16.584618,6.26431,stationary_walk
9.768796,-3.7054563,tm_3kmh
9.32356,14.273918,romberg_closed
7.2841268,-4.2282743,self_selected_gait_speed
-1.0227298,3.8864832,sit_to_stand
16.43698,4.094769,stationary_walk
7.2714825,-4.1641393,tm_3kmh
7.545156,13.613405,romberg_closed
7.3154416,-6.2479615,self_selected_gait_speed
-2.6393893,4.666508,sit_to_stand
16.125355,6.0029707,stationary_walk
7.4437356,-6.422615,tm_3kmh
7.6237473,14.966539,romberg_closed
8.158469,-5.5518856,self_selected_gait_speed
-1.3200203,5.9290266,sit_to_stand
15.932327,3.4524927,stationary_walk
8.318678,-5.8299775,tm_3kmh
5.3092866,11.179138,romberg_closed
9.162824,-3.8282087,self_selected_gait_speed
-2.434905,3.3052614,sit_to_stand
15.314525,6.32296,stationary_walk
8.976809,-3.642929,tm_3kmh
8.551918,13.258463,romberg_closed
8.374831,-3.1127796,self_selected_gait_speed
-0.45668554,4.024902,sit_to_stand
15.975646,4.4194446,stationary_walk
8.06455,-3.0112705,tm_3kmh
8.4269,14.41092,romberg_closed
9.900115,-3.4200275,self_selected_gait_speed
-1.7750607,3.4974809,sit_to_stand
16.634737,5.883125,stationary_walk
9.019599,-4.615873,tm_3kmh
9.4541445,13.927055,romberg_closed
7.508523,-4.946159,self_selected_gait_speed
-2.562818,5.6756954,sit_to_stand
15.767983,3.6668563,stationary_walk
7.6215606,-5.3101845,tm_3kmh
10.5555525,14.685244,romberg_closed
7.585922,-3.7592223,self_selected_gait_speed
-1.4557679,4.871829,sit_to_stand
15.055729,3.4647632,stationary_walk
7.1998186,-4.0046477,tm_3kmh
7.8931866,14.27103,romberg_closed
8.688309,-5.6947694,self_selected_gait_speed
-3.1609166,4.6601467,sit_to_stand
17.257694,4.830572,stationary_walk
8.7605,-5.876844,tm_3kmh
11.079411,14.52727,romberg_closed
8.574316,-6.0531187,self_selected_gait_speed
-0.044728864,3.2451992,sit_to_stand
13.597013,4.4005456,stationary_walk
8.752242,-5.667695,tm_3kmh
9.067055,14.544352,romberg_closed
5.893484,-5.519447,self_selected_gait_speed
-1.5890509,5.6409364,sit_to_stand
15.696659,3.8743567,stationary_walk
5.7470713,-5.44132,tm_3kmh
8.5201235,13.387885,romberg_closed
9.663206,-2.4484637,self_selected_gait_speed
-2.3835213,3.1602433,sit_to_stand
16.385023,6.222608,stationary_walk
9.5775175,-2.6488838,tm_3kmh
10.75731,13.936017,romberg_closed
7.929804,-7.032296,self_selected_gait_speed
-0.63531446,5.2888026,sit_to_stand
15.054706,3.8633811,stationary_walk
7.9452105,-6.9824667,tm_3kmh
8.657071,13.686923,romberg_closed
9.235675,-2.3868103,self_selected_gait_speed
-1.8060457,4.15791,sit_to_stand
16.857243,6.157827,stationary_walk
9.439192,-2.233265,tm_3kmh
9.581045,12.905687,romberg_closed
9.053301,-3.1990273,self_selected_gait_speed
-0.8468071,3.5445855,sit_to_stand
14.544042,5.586682,stationary_walk
9.187196,-3.3598948,tm_3kmh
9.928164,14.045984,romberg_closed
7.568627,-6.288928,self_selected_gait_speed
-2.4297998,4.2955036,sit_to_stand
16.111273,3.8433037,stationary_walk
7.695137,-6.637766,tm_3kmh
10.451583,13.586751,romberg_closed
5.430398,-4.990503,self_selected_gait_speed
-1.3649054,4.8725,sit_to_stand
15.877019,3.589759,stationary_walk
5.5687485,-4.8161497,tm_3kmh
9.876367,14.46539,romberg_closed
6.3471727,-4.5973907,self_selected_gait_speed
-2.8426275,4.942719,sit_to_stand
16.01686,3.810927,stationary_walk
6.620861,-4.788183,tm_3kmh
9.561448,14.680047,romberg_closed
7.788199,-3.4299238,self_selected_gait_speed
-3.5612166,5.163942,sit_to_stand
16.975222,5.944389,stationary_walk
7.8172026,-3.6487565,tm_3kmh
9.857349,13.831138,romberg_closed
6.0111184,-3.4430113,self_selected_gait_speed
-0.4128066,5.02902,sit_to_stand
14.366715,4.2391157,stationary_walk
6.0588036,-3.4409626,tm_3kmh
9.090417,14.896607,romberg_closed
6.2043777,-3.3028219,self_selected_gait_speed
-0.75808555,5.156527,sit_to_stand
15.807386,3.3202739,stationary_walk
6.323397,-3.5667174,tm_3kmh
8.672974,12.809741,romberg_closed
7.567063,-3.395627,self_selected_gait_speed
-1.7565463,3.727317,sit_to_stand
16.050621,6.1456323,stationary_walk
7.368611,-3.3397756,tm_3kmh
7.621967,13.671055,romberg_closed
9.395371,-5.182105,self_selected_gait_speed
-2.5570264,5.2775984,sit_to_stand
16.318136,5.8128905,stationary_walk
9.398561,-5.327299,tm_3kmh
8.834446,14.216079,romberg_closed
6.344355,-5.2591996,self_selected_gait_speed
-2.3820684,4.2632165,sit_to_stand
15.210023,4.094838,stationary_walk
6.375587,-5.23825,tm_3kmh
7.6426296,14.397684,romberg_closed
8.115209,-3.3501208,self_selected_gait_speed
-3.2631633,5.29348,sit_to_stand
17.466806,5.5332766,stationary_walk
7.8841887,-3.5022578,tm_3kmh
9.023177,13.485078,romberg_closed
-0.7692925,4.113106,sit_to_stand
15.221156,4.481896,stationary_walk
9.058932,15.297692,romberg_closed
6.410966,-6.495081,self_selected_gait_speed
-1.5935585,4.3198147,sit_to_stand
16.445871,3.4963768,stationary_walk
6.4726562,-6.453821,tm_3kmh
9.415,14.559798,romberg_closed
6.331032,-4.2261534,self_selected_gait_speed
0.035487257,4.2603893,sit_to_stand
16.068766,3.553358,stationary_walk
6.1960993,-4.3677826,tm_3kmh
6.7579136,14.532559,romberg_closed
7.5333443,-4.9794025,self_selected_gait_speed
-2.8169177,5.2561526,sit_to_stand
17.299572,5.10324,stationary_walk
7.3899374,-4.779189,tm_3kmh
6.0795593,11.936034,romberg_closed
9.570555,-5.083,self_selected_gait_speed
-1.435767,2.6845868,sit_to_stand
16.098684,6.437339,stationary_walk
9.584366,-4.1567736,tm_3kmh
6.2779765,13.545455,romberg_closed
8.72079,-4.7833915,self_selected_gait_speed
-3.0662682,3.9273105,sit_to_stand
16.377203,6.1121836,stationary_walk
7.9835443,-4.8003545,tm_3kmh
10.657694,14.73661,romberg_closed
8.597009,-2.9540474,self_selected_gait_speed
-2.4167411,5.1889772,sit_to_stand
16.091526,3.6097155,stationary_walk
8.524421,-2.8076234,tm_3kmh
8.491863,14.5712385,romberg_closed
6.3904924,-1.1579258,self_selected_gait_speed
-2.1871917,4.789878,sit_to_stand
13.674161,4.5287633,stationary_walk
6.2184305,-0.96528053,tm_3kmh
9.56391,13.936693,romberg_closed
9.055729,-5.045917,self_selected_gait_speed
-1.6644715,4.7355576,sit_to_stand
15.930771,4.829564,stationary_walk
9.031551,-4.750445,tm_3kmh
10.469571,14.087703,romberg_closed
9.45433,-3.7706416,self_selected_gait_speed
-0.9290431,4.625247,sit_to_stand
15.319402,4.450929,stationary_walk
9.647145,-3.5268872,tm_3kmh
10.959866,14.504042,romberg_closed
-0.3097446,5.08857,sit_to_stand
15.263221,4.395816,stationary_walk
10.368949,15.002083,romberg_closed
7.1928144,-6.442924,self_selected_gait_speed
-2.4691098,5.4119864,sit_to_stand
15.406915,3.186001,stationary_walk
6.962714,-6.1524863,tm_3kmh
10.393215,14.220969,romberg_closed
6.080842,-6.0853086,self_selected_gait_speed
-0.34609675,3.9179764,sit_to_stand
14.859453,4.5571437,stationary_walk
6.1101184,-5.928289,tm_3kmh
11.297683,14.545302,romberg_closed
8.257529,-6.078312,self_selected_gait_speed
-1.6977876,4.2992125,sit_to_stand
14.837077,5.2594204,stationary_walk
8.175612,-6.2015977,tm_3kmh
9.217433,14.265551,romberg_closed
6.5300617,-5.5700793,self_selected_gait_speed
-1.6077739,4.4235435,sit_to_stand
15.789597,3.5558782,stationary_walk
6.5489793,-5.2114944,tm_3kmh
10.129244,13.4713545,romberg_closed
8.586213,-6.4970984,self_selected_gait_speed
0.04032368,3.6093242,sit_to_stand
14.764195,5.8335004,stationary_walk
8.222223,-5.164701,tm_3kmh
9.609094,14.452917,romberg_closed
6.4228296,-6.258858,self_selected_gait_speed
0.3236346,5.15463,sit_to_stand
15.786471,3.177977,stationary_walk
6.4473085,-6.2903624,tm_3kmh
8.727554,14.178582,romberg_closed
7.4237623,-5.637578,self_selected_gait_speed
-1.7656045,4.4005504,sit_to_stand
17.122202,4.948759,stationary_walk
6.995215,-6.2257776,tm_3kmh
9.06395,13.954261,romberg_closed
5.9635673,-5.650005,self_selected_gait_speed
-2.3504605,4.7544594,sit_to_stand
15.881143,4.967832,stationary_walk
6.055026,-5.475665,tm_3kmh
9.21718,14.654922,romberg_closed
6.539054,-1.2263124,self_selected_gait_speed
-1.0258664,4.4684186,sit_to_stand
16.23749,5.337385,stationary_walk
6.470801,-1.0842391,tm_3kmh
6.791426,13.383372,romberg_closed
5.810959,-4.397133,self_selected_gait_speed
-2.7632494,5.1625056,sit_to_stand
14.324471,4.332248,stationary_walk
5.7386084,-4.3845077,tm_3kmh
9.966344,15.164572,romberg_closed
7.77807,-6.2617383,self_selected_gait_speed
-0.057888515,4.558463,sit_to_stand
15.703239,3.3875291,stationary_walk
8.043505,-6.657157,tm_3kmh
10.564488,14.420212,romberg_closed
6.8059006,-6.3057704,self_selected_gait_speed
-0.8923815,5.319461,sit_to_stand
15.460116,3.231589,stationary_walk
6.7915897,-6.217569,tm_3kmh
6.249743,14.266563,romberg_closed
6.5446978,-1.8208671,self_selected_gait_speed
-0.22098285,4.8099723,sit_to_stand
17.471169,5.2060003,stationary_walk
6.4562,-2.0452454,tm_3kmh
11.163928,13.845801,romberg_closed
5.182167,-4.017956,self_selected_gait_speed
-0.8018338,3.9855235,sit_to_stand
14.367737,5.5969157,stationary_walk
9.340282,-6.256331,tm_3kmh
8.28056,14.268145,romberg_closed
8.642948,-6.3837204,self_selected_gait_speed
-1.2408586,3.1596224,sit_to_stand
15.54028,5.737358,stationary_walk
8.719176,-6.4601164,tm_3kmh
9.331384,15.262104,romberg_closed
6.2189145,-3.5732667,self_selected_gait_speed
-3.353534,5.1894627,sit_to_stand
17.241825,4.1380105,stationary_walk
6.238246,-4.003258,tm_3kmh
9.777098,14.819319,romberg_closed
8.653881,-3.1579332,self_selected_gait_speed
-0.9053796,5.692619,sit_to_stand
15.438396,4.5290155,stationary_walk
8.870951,-2.9849782,tm_3kmh
10.155575,13.977259,romberg_closed
5.054879,-3.3130827,self_selected_gait_speed
-1.4881341,5.0930624,sit_to_stand
15.67351,3.18616,stationary_walk
6.147608,-4.537029,tm_3kmh
5.659691,11.323088,romberg_closed
8.887136,-5.3985705,self_selected_gait_speed
-2.3809576,5.986329,sit_to_stand
15.719461,5.0058665,stationary_walk
8.864965,-5.160557,tm_3kmh
8.31913,12.929809,romberg_closed
7.0618606,-5.9234385,self_selected_gait_speed
-1.3318502,3.8834665,sit_to_stand
15.511379,5.2445626,stationary_walk
6.886666,-5.9231005,tm_3kmh
8.939213,13.995975,romberg_closed
5.8557243,-5.8226275,self_selected_gait_speed
-1.4428842,3.4819171,sit_to_stand
14.816647,4.755147,stationary_walk
5.8478436,-5.655673,tm_3kmh
10.323216,13.180674,romberg_closed
7.4503856,-3.3777645,self_selected_gait_speed
-2.5871837,3.1826456,sit_to_stand
14.425688,5.177787,stationary_walk
7.266174,-3.6013432,tm_3kmh
9.521957,14.620983,romberg_closed
7.3830657,-6.2502866,self_selected_gait_speed
-0.30932027,4.3324685,sit_to_stand
14.367695,4.717355,stationary_walk
7.607474,-6.385676,tm_3kmh
10.795534,14.609591,romberg_closed
5.7801833,-1.704195,self_selected_gait_speed
-1.3338795,5.2413793,sit_to_stand
15.455657,4.5317454,stationary_walk
7.9075146,-2.2407203,tm_3kmh
5.3905787,11.338671,romberg_closed
8.890614,-2.6119375,self_selected_gait_speed
-2.4543784,3.0185308,sit_to_stand
15.953834,6.606192,stationary_walk
9.095788,-2.753981,tm_3kmh
9.5093355,13.68655,romberg_closed
5.1548505,-3.5435138,self_selected_gait_speed
-2.0006888,5.15792,sit_to_stand
14.949165,4.653886,stationary_walk
5.074086,-3.5553129,tm_3kmh
9.602914,14.707634,romberg_closed
7.489886,-6.599465,self_selected_gait_speed
-1.2887745,4.874792,sit_to_stand
15.518267,3.9913065,stationary_walk
7.467138,-6.4620137,tm_3kmh
11.191472,13.715543,romberg_closed
9.688575,-5.9091363,self_selected_gait_speed
-1.2380595,2.668216,sit_to_stand
14.668118,6.0794964,stationary_walk
9.690433,-5.869554,tm_3kmh
8.6053095,13.144122,romberg_closed
5.647308,-3.7067373,self_selected_gait_speed
-3.5779524,4.300677,sit_to_stand
15.005821,5.2571054,stationary_walk
5.5976825,-3.820817,tm_3kmh
5.82422,12.1375885,romberg_closed
8.516791,-1.7493789,self_selected_gait_speed
-1.8864838,3.692673,sit_to_stand
17.669933,6.613634,stationary_walk
8.440788,-1.609761,tm_3kmh
10.00087,13.772465,romberg_closed
7.029641,-6.781751,self_selected_gait_speed
-0.020776901,4.961288,sit_to_stand
15.079089,3.7313058,stationary_walk
7.145885,-6.719898,tm_3kmh
7.222273,14.202417,romberg_closed
8.597796,-4.6978526,self_selected_gait_speed
-2.6595545,4.62212,sit_to_stand
16.364174,5.4824896,stationary_walk
8.439229,-4.3204746,tm_3kmh
10.78314,14.878966,romberg_closed
7.6272144,-6.1188645,self_selected_gait_speed
-0.991551,5.403122,sit_to_stand
14.593399,3.925062,stationary_walk
7.6720695,-6.047351,tm_3kmh
9.155874,15.299342,romberg_closed
6.0254436,-4.204887,self_selected_gait_speed
-1.1377935,4.737359,sit_to_stand
16.403631,3.3646867,stationary_walk
5.8812284,-4.237635,tm_3kmh
11.076701,14.168093,romberg_closed
8.070805,-4.075656,self_selected_gait_speed
-2.189466,3.0130439,sit_to_stand
15.68477,5.8101134,stationary_walk
7.6475787,-4.1759486,tm_3kmh
7.769405,13.953535,romberg_closed
7.413511,-4.8602567,self_selected_gait_speed
-0.03912116,4.837049,sit_to_stand
16.749979,4.656679,stationary_walk
7.2476935,-3.6393573,tm_3kmh
11.502614,14.560103,romberg_closed
8.563285,-6.9031196,self_selected_gait_speed
-0.7985445,3.134182,sit_to_stand
15.110093,3.86092,stationary_walk
8.434454,-6.8128366,tm_3kmh
6.361392,12.2812605,romberg_closed
8.733156,-4.3266463,self_selected_gait_speed
-1.7918693,4.185589,sit_to_stand
16.4024,5.125274,stationary_walk
8.597642,-4.9166446,tm_3kmh
7.676627,15.032305,romberg_closed
7.1314435,-6.419478,self_selected_gait_speed
-2.65017,5.8144064,sit_to_stand
16.316319,3.5874016,stationary_walk
7.1232734,-6.5715365,tm_3kmh
6.6094384,12.188899,romberg_closed
6.9018564,-5.00785,self_selected_gait_speed
-1.8032293,4.375963,sit_to_stand
16.392374,5.388142,stationary_walk
6.634374,-4.6421256,tm_3kmh
7.5405455,14.632465,romberg_closed
8.985122,-2.9961977,self_selected_gait_speed
-1.338817,5.939947,sit_to_stand
17.379875,4.73489,stationary_walk
8.627675,-2.702609,tm_3kmh
9.240904,12.983606,romberg_closed
7.0237393,-5.38448,self_selected_gait_speed
0.10325502,4.9250813,sit_to_stand
14.730677,4.6836348,stationary_walk
6.118264,11.73173,romberg_closed
9.424464,-3.070829,self_selected_gait_speed
-1.2681075,5.618483,sit_to_stand
17.366896,5.144052,stationary_walk
9.420184,-2.9857445,tm_3kmh
9.990672,14.518954,romberg_closed
9.237373,-5.9005723,self_selected_gait_speed
-1.1232523,5.50145,sit_to_stand
14.5656395,4.0733733,stationary_walk
9.466,-5.8149056,tm_3kmh
8.696814,12.6879225,romberg_closed
9.390926,-4.522612,self_selected_gait_speed
-0.6109621,2.881982,sit_to_stand
15.201822,6.471052,stationary_walk
9.527705,-4.553069,tm_3kmh
10.682971,14.333626,romberg_closed
6.4859467,-1.082693,self_selected_gait_speed
-0.5047142,5.273129,sit_to_stand
15.153581,5.150425,stationary_walk
6.5720034,-0.9745834,tm_3kmh
10.958278,14.91152,romberg_closed
7.066482,-6.30034,self_selected_gait_speed
-0.06786308,5.256884,sit_to_stand
14.855662,3.9884522,stationary_walk
7.07446,-6.0866246,tm_3kmh
10.902648,14.32954,romberg_closed
6.072498,-4.7858987,self_selected_gait_speed
-0.7547533,3.5704043,sit_to_stand
14.807183,3.8276255,stationary_walk
5.9284697,-4.5899186,tm_3kmh
11.168653,14.72532,romberg_closed
5.6694465,-5.273854,self_selected_gait_speed
-2.4221418,5.5237255,sit_to_stand
14.645631,3.322454,stationary_walk
5.8374476,-5.551492,tm_3kmh
10.616169,15.205326,romberg_closed
8.648132,-6.4244885,self_selected_gait_speed
0.2877049,4.2868314,sit_to_stand
15.378848,3.4933643,stationary_walk
8.62996,-6.4367423,tm_3kmh
6.218968,11.819148,romberg_closed
7.7205415,-2.8961687,self_selected_gait_speed
-3.0972524,3.6778874,sit_to_stand
15.5680895,6.587678,stationary_walk
7.4840646,-2.944542,tm_3kmh
8.098394,14.04698,romberg_closed
6.5959907,-5.967336,self_selected_gait_speed
-2.3432639,3.524331,sit_to_stand
15.24803,4.7465925,stationary_walk
6.16942,-5.55775,tm_3kmh
6.8878913,13.126974,romberg_closed
8.244843,-3.703935,self_selected_gait_speed
-2.304385,4.073567,sit_to_stand
16.235765,5.9036846,stationary_walk
7.6533957,-3.2867808,tm_3kmh
6.387422,13.336921,romberg_closed
8.017562,-3.7089694,self_selected_gait_speed
-3.658197,4.4596353,sit_to_stand
15.963662,5.355754,stationary_walk
7.9462256,-3.8208532,tm_3kmh
5.4569407,11.917905,romberg_closed
7.840422,-3.4790628,self_selected_gait_speed
-2.0229492,5.0526896,sit_to_stand
17.561045,6.1557736,stationary_walk
8.005118,-3.097104,tm_3kmh
6.9981585,12.378658,romberg_closed
8.475572,-5.766361,self_selected_gait_speed
-2.2197797,5.535308,sit_to_stand
16.754137,3.9951608,stationary_walk
8.151302,-5.5118065,tm_3kmh
10.55823,14.945562,romberg_closed
7.4090557,-4.785605,self_selected_gait_speed
-2.3202112,5.693564,sit_to_stand
15.405769,4.0278306,stationary_walk
7.664204,-5.0270386,tm_3kmh
9.930491,14.068219,romberg_closed
5.921456,-4.7431526,self_selected_gait_speed
-2.3522706,4.04189,sit_to_stand
15.985531,5.3818784,stationary_walk
5.787507,-4.7701797,tm_3kmh
9.575901,13.290647,romberg_closed
6.662401,-4.99591,self_selected_gait_speed
-0.92428064,5.2174883,sit_to_stand
16.173346,4.0328684,stationary_walk
6.5147076,-4.38367,tm_3kmh
9.345196,13.286582,romberg_closed
9.207818,-5.0698795,self_selected_gait_speed
-3.1786854,3.8416638,sit_to_stand
15.250237,5.6193476,stationary_walk
9.187022,-4.808793,tm_3kmh
7.020776,13.098673,romberg_closed
9.098821,-1.9521992,self_selected_gait_speed
-3.2351613,3.6847699,sit_to_stand
17.45086,6.0158544,stationary_walk
9.324568,-1.9545643,tm_3kmh
7.0848384,15.075105,romberg_closed
8.185632,-4.327094,self_selected_gait_speed
-3.0423706,5.2925277,sit_to_stand
16.283857,3.3648198,stationary_walk
7.632363,-4.726759,tm_3kmh
8.014362,15.06823,romberg_closed
8.118585,-6.140002,self_selected_gait_speed
-3.3058105,4.897214,sit_to_stand
16.359644,4.5225525,stationary_walk
8.345405,-6.0182605,tm_3kmh
5.5316067,11.969943,romberg_closed
8.5691,-2.1939263,self_selected_gait_speed
-1.6996135,4.673418,sit_to_stand
16.89374,4.3603754,stationary_walk
8.799862,-2.1492653,tm_3kmh
6.4364805,14.154405,romberg_closed
6.0773783,-3.3943248,self_selected_gait_speed
-2.6277747,4.002949,sit_to_stand
17.055891,4.279327,stationary_walk
6.0113535,-3.4830961,tm_3kmh
10.033194,15.14365,romberg_closed
6.97509,-6.1510105,self_selected_gait_speed
0.11491751,4.8500504,sit_to_stand
15.558961,3.4219546,stationary_walk
6.8388953,-6.3643856,tm_3kmh
10.390714,14.4022875,romberg_closed
6.849524,-4.1409736,self_selected_gait_speed
-0.6978686,3.0977423,sit_to_stand
13.689438,4.3704414,stationary_walk
6.5939245,-5.40665,tm_3kmh
10.6277275,14.84679,romberg_closed
6.4065714,-6.462629,self_selected_gait_speed
-0.898832,5.441368,sit_to_stand
14.817917,3.3775587,stationary_walk
6.2386303,-6.4628,tm_3kmh
8.29705,13.304072,romberg_closed
6.410259,-1.079114,self_selected_gait_speed
-0.20559086,5.259359,sit_to_stand
16.408245,5.4332566,stationary_walk
6.4630747,-1.0788424,tm_3kmh
9.918084,14.917115,romberg_closed
5.9322977,-3.3198204,self_selected_gait_speed
-0.9623052,3.441842,sit_to_stand
14.4996395,4.119808,stationary_walk
5.918362,-3.3208816,tm_3kmh
8.074843,14.100536,romberg_closed
5.4196014,-3.4202306,self_selected_gait_speed
-0.62143445,4.827217,sit_to_stand
15.566322,4.4158072,stationary_walk
7.521878,-5.8901587,tm_3kmh
6.6101646,13.353522,romberg_closed
7.4347944,-4.6852164,self_selected_gait_speed
-2.4468443,4.7120485,sit_to_stand
15.0102825,5.2922535,stationary_walk
7.3507867,-4.6156464,tm_3kmh
11.063846,14.411828,romberg_closed
8.179184,-4.7244887,self_selected_gait_speed
-0.7608815,3.975355,sit_to_stand
15.846809,4.2059636,stationary_walk
8.362726,-4.560529,tm_3kmh
6.547324,12.136982,romberg_closed
8.786587,-5.3792577,self_selected_gait_speed
-0.9636069,5.1992536,sit_to_stand
16.10398,4.6305676,stationary_walk
8.424347,-5.0973115,tm_3kmh
7.0143733,13.069867,romberg_closed
9.078306,-4.319724,self_selected_gait_speed
-1.2345334,3.7107294,sit_to_stand
15.258166,6.369474,stationary_walk
9.177569,-4.390463,tm_3kmh
8.383559,14.987585,romberg_closed
7.915819,-6.505956,self_selected_gait_speed
-2.1154985,4.4153323,sit_to_stand
15.352409,4.8133125,stationary_walk
7.7864156,-6.4106936,tm_3kmh
10.260484,13.851802,romberg_closed
8.2471285,-4.2710342,self_selected_gait_speed
-3.2479377,4.5404406,sit_to_stand
15.135368,4.993323,stationary_walk
8.412348,-4.399551,tm_3kmh
7.5898094,13.47405,romberg_closed
5.763097,-4.9918013,self_selected_gait_speed
0.21807796,5.2371407,sit_to_stand
16.410715,4.9213037,stationary_walk
5.747204,-4.885064,tm_3kmh
9.642752,13.398494,romberg_closed
5.7614355,-5.6142154,self_selected_gait_speed
-0.8579444,3.2375803,sit_to_stand
14.456932,4.883672,stationary_walk
5.628688,-5.6561522,tm_3kmh
7.5149293,13.503072,romberg_closed
6.4714465,-2.898239,self_selected_gait_speed
-2.585591,4.1664844,sit_to_stand
15.795114,4.103459,stationary_walk
6.2425847,-2.9044316,tm_3kmh
5.107781,10.943664,romberg_closed
9.852213,-2.489177,self_selected_gait_speed
-2.463574,3.184861,sit_to_stand
16.717463,7.031799,stationary_walk
9.849707,-2.4172456,tm_3kmh
9.45652,15.01284,romberg_closed
7.202686,-5.779972,self_selected_gait_speed
-0.65498805,5.174529,sit_to_stand
13.929718,4.228782,stationary_walk
7.263619,-5.477901,tm_3kmh
9.4298725,13.957643,romberg_closed
8.198461,-7.02944,self_selected_gait_speed
-0.8323695,5.5397477,sit_to_stand
14.379903,4.364118,stationary_walk
7.63239,-6.9448323,tm_3kmh
9.197497,14.9807625,romberg_closed
9.175858,-6.338289,self_selected_gait_speed
-1.4064354,4.528708,sit_to_stand
15.769047,3.6258163,stationary_walk
9.213182,-6.311556,tm_3kmh
8.819506,14.384862,romberg_closed
8.978813,-3.772184,self_selected_gait_speed
-0.14916721,4.6596,sit_to_stand
15.735012,4.297137,stationary_walk
8.626681,-4.044011,tm_3kmh
6.3274016,13.552318,romberg_closed
8.074207,-4.8374677,self_selected_gait_speed
-2.0971837,4.6025357,sit_to_stand
17.062677,5.679,stationary_walk
7.895792,-4.9728446,tm_3kmh
6.9071507,12.184262,romberg_closed
8.80916,-2.1440675,self_selected_gait_speed
-2.2427757,5.401432,sit_to_stand
16.760012,5.436247,stationary_walk
8.830043,-2.263797,tm_3kmh
11.045191,14.243102,romberg_closed
5.4653096,-3.5012915,self_selected_gait_speed
-1.8018886,5.22401,sit_to_stand
14.488888,4.0498786,stationary_walk
6.739539,13.773622,romberg_closed
5.6651874,-3.214617,self_selected_gait_speed
-2.3080313,5.255631,sit_to_stand
16.274271,4.014689,stationary_walk
5.5217285,-3.2102032,tm_3kmh
5.8349867,11.446757,romberg_closed
9.562166,-2.886844,self_selected_gait_speed
-0.4001852,4.4689264,sit_to_stand
15.721236,5.346689,stationary_walk
9.553695,-3.322772,tm_3kmh
8.381439,12.913548,romberg_closed
8.311952,-4.2485757,self_selected_gait_speed
-0.82815236,3.5181508,sit_to_stand
14.740741,5.732561,stationary_walk
8.55503,-4.0426354,tm_3kmh
9.4788,13.154335,romberg_closed
-3.1855574,4.216542,sit_to_stand
17.184723,6.538852,stationary_walk
6.0978813,13.563516,romberg_closed
7.372851,-3.5177217,self_selected_gait_speed
-2.5854287,4.3563285,sit_to_stand
17.144215,5.862166,stationary_walk
5.993992,-3.4878647,tm_3kmh
8.928631,15.236524,romberg_closed
9.446947,-4.25035,self_selected_gait_speed
-1.9133728,5.7962914,sit_to_stand
17.39273,5.097694,stationary_walk
9.510776,-3.731797,tm_3kmh
9.468139,14.257958,romberg_closed
7.7308655,-6.98578,self_selected_gait_speed
-1.8218718,4.6292796,sit_to_stand
14.97047,4.0287576,stationary_walk
7.5508075,-7.0933332,tm_3kmh
7.821581,14.341338,romberg_closed
5.966927,-3.7025445,self_selected_gait_speed
-0.8656931,4.7739916,sit_to_stand
16.80453,4.557283,stationary_walk
6.0908203,-3.7750776,tm_3kmh
10.387004,14.642397,romberg_closed
9.401113,-4.1472416,self_selected_gait_speed
-0.636668,2.8734217,sit_to_stand
15.534164,5.0202603,stationary_walk
9.271999,-4.0790772,tm_3kmh
8.932414,13.878962,romberg_closed
6.544749,-6.7022734,self_selected_gait_speed
-0.04576646,4.230224,sit_to_stand
15.859678,3.2663019,stationary_walk
6.4877505,-6.697333,tm_3kmh
6.3562846,12.204901,romberg_closed
5.025934,-3.1998413,self_selected_gait_speed
-0.29014188,4.2187176,sit_to_stand
15.424846,5.5309973,stationary_walk
4.931383,-3.1455946,tm_3kmh
8.742766,12.76604,romberg_closed
9.866902,-4.6302834,self_selected_gait_speed
-0.34618285,4.177358,sit_to_stand
15.007925,5.182975,stationary_walk
9.933501,-4.0519714,tm_3kmh
6.3243732,13.950155,romberg_closed
8.178809,-3.1710541,self_selected_gait_speed
-3.491566,4.8222327,sit_to_stand
15.914065,5.6112633,stationary_walk
8.268097,-3.3831277,tm_3kmh
7.6525545,14.051287,romberg_closed
6.4006367,-3.7768815,self_selected_gait_speed
-0.8409756,4.3941092,sit_to_stand
15.923837,4.101634,stationary_walk
6.369064,-3.9617476,tm_3kmh
6.6937304,14.107828,romberg_closed
-3.2423918,5.3136063,sit_to_stand
16.86806,5.8421884,stationary_walk
10.113235,14.731359,romberg_closed
7.1597733,-6.737226,self_selected_gait_speed
-3.0972493,4.46874,sit_to_stand
15.48071,4.004884,stationary_walk
7.067466,-6.8284965,tm_3kmh
6.283098,14.089092,romberg_closed
8.151218,-4.6599574,self_selected_gait_speed
-2.4631898,5.5540066,sit_to_stand
17.676,5.836341,stationary_walk
7.8390446,-4.5769215,tm_3kmh
7.8716025,13.58717,romberg_closed
6.2842402,-0.8590479,self_selected_gait_speed
-2.607211,4.8972397,sit_to_stand
16.336779,5.1332536,stationary_walk
6.288658,-0.8487088,tm_3kmh
8.0594845,14.280196,romberg_closed
8.767907,-4.977292,self_selected_gait_speed
-1.7659115,4.448378,sit_to_stand
17.20866,5.8457193,stationary_walk
8.799216,-4.864954,tm_3kmh
8.157842,13.303562,romberg_closed
-1.172691,2.900973,sit_to_stand
15.762139,3.7845013,stationary_walk
5.0163937,11.096452,romberg_closed
9.687942,-3.5021288,self_selected_gait_speed
-0.2707418,3.8439422,sit_to_stand
16.450867,6.232094,stationary_walk
9.763337,-3.446526,tm_3kmh
9.825571,14.780968,romberg_closed
8.314866,-5.858067,self_selected_gait_speed
-1.578825,5.120835,sit_to_stand
14.850587,4.1152954,stationary_walk
5.1916533,-3.4863672,tm_3kmh
8.051081,14.746313,romberg_closed
9.320173,-4.576924,self_selected_gait_speed
-1.4555813,5.178926,sit_to_stand
15.507109,3.5758424,stationary_walk
8.7630005,-4.1691093,tm_3kmh
8.828329,15.024714,romberg_closed
8.43822,-4.942657,self_selected_gait_speed
-2.0897593,5.4342027,sit_to_stand
16.103174,3.9594734,stationary_walk
8.359827,-4.925129,tm_3kmh
6.7613807,13.701528,romberg_closed
6.670373,-3.2580318,self_selected_gait_speed
-1.3892028,4.1272464,sit_to_stand
17.75429,5.3893027,stationary_walk
6.452855,-3.1115358,tm_3kmh
6.8321595,14.375235,romberg_closed
8.894788,-2.0886195,self_selected_gait_speed
-3.1615055,5.287895,sit_to_stand
17.798653,5.9488635,stationary_walk
8.161019,-2.4892483,tm_3kmh
7.870794,14.984619,romberg_closed
6.0065618,-4.265852,self_selected_gait_speed
-2.109144,4.8702283,sit_to_stand
16.123243,4.0456367,stationary_walk
6.0966835,-3.7336876,tm_3kmh
8.429511,15.038442,romberg_closed
6.258583,-5.4200125,self_selected_gait_speed
-3.154293,5.4222283,sit_to_stand
16.601885,3.7717001,stationary_walk
6.398178,-5.2556934,tm_3kmh
8.7266655,12.907787,romberg_closed
9.414797,-6.0320196,self_selected_gait_speed
-2.8192523,3.2692149,sit_to_stand
15.010427,6.25039,stationary_walk
9.464336,-6.1528306,tm_3kmh
5.4219565,11.265392,romberg_closed
9.741193,-2.0676441,self_selected_gait_speed
-2.862089,4.1497626,sit_to_stand
16.275705,6.82855,stationary_walk
9.631477,-1.9113661,tm_3kmh
9.3656435,14.0311575,romberg_closed
7.4597325,-5.555441,self_selected_gait_speed
-0.27913955,5.0900292,sit_to_stand
15.463265,4.304985,stationary_walk
7.2509847,-5.607273,tm_3kmh
6.1403117,11.570961,romberg_closed
8.319836,-5.065251,self_selected_gait_speed
-1.6743011,4.384418,sit_to_stand
16.720518,6.383329,stationary_walk
7.9312124,-5.0531917,tm_3kmh
9.08991,13.292311,romberg_closed
8.338182,-5.58843,self_selected_gait_speed
-0.86742806,4.7693443,sit_to_stand
15.639907,5.528513,stationary_walk
7.960974,-5.8459773,tm_3kmh
9.650659,14.020039,romberg_closed
7.9237733,-4.6603003,self_selected_gait_speed
-1.2842662,3.6045506,sit_to_stand
15.977404,4.0171967,stationary_walk
7.5836506,-5.0544157,tm_3kmh
8.244911,12.851215,romberg_closed
7.822512,-3.029915,self_selected_gait_speed
-2.7837558,3.4027622,sit_to_stand
15.2913685,6.3744674,stationary_walk
7.8236914,-3.0391467,tm_3kmh
6.6426606,12.023761,romberg_closed
9.957301,-3.5664709,self_selected_gait_speed
-2.9225724,4.20931,sit_to_stand
17.000372,4.9532466,stationary_walk
9.955708,-3.441015,tm_3kmh
8.457541,14.1199255,romberg_closed
6.004553,-5.677706,self_selected_gait_speed
-3.4737635,4.5588903,sit_to_stand
16.584936,4.503608,stationary_walk
6.188368,-5.8775764,tm_3kmh
7.7364388,13.625946,romberg_closed
7.690783,-2.9510837,self_selected_gait_speed
-3.3013434,4.5845575,sit_to_stand
16.313091,6.1126895,stationary_walk
7.586175,-2.9448144,tm_3kmh
8.427972,14.477297,romberg_closed
8.349795,-2.1499565,self_selected_gait_speed
-1.0051451,4.1781144,sit_to_stand
17.257507,5.77623,stationary_walk
8.269317,-2.0159194,tm_3kmh
5.913245,11.609725,romberg_closed
7.3434453,-4.653632,self_selected_gait_speed
-0.4391616,3.4854145,sit_to_stand
15.732954,4.5209627,stationary_walk
6.770766,-4.288684,tm_3kmh
9.292658,13.900804,romberg_closed
7.925628,-5.497955,self_selected_gait_speed
-1.8465912,5.384772,sit_to_stand
15.786312,4.6068964,stationary_walk
7.7492127,-5.496915,tm_3kmh
6.9020267,14.519243,romberg_closed
7.6344523,-4.4183044,self_selected_gait_speed
-0.105012,5.4326253,sit_to_stand
17.335415,5.4756207,stationary_walk
7.717165,-4.3463273,tm_3kmh
9.855127,14.151995,romberg_closed
6.595926,-6.014345,self_selected_gait_speed
-2.3041818,4.2029905,sit_to_stand
15.9145975,4.337637,stationary_walk
6.662664,-6.2277308,tm_3kmh
9.77233,15.30719,romberg_closed
8.128489,-5.9696317,self_selected_gait_speed
-2.843393,5.347046,sit_to_stand
15.931504,3.393896,stationary_walk
8.018425,-6.0595603,tm_3kmh
10.443322,13.631664,romberg_closed
8.631219,-6.2732515,self_selected_gait_speed
-3.4552329,4.3572865,sit_to_stand
15.910993,5.043199,stationary_walk
8.432791,-6.389968,tm_3kmh
10.683335,14.769252,romberg_closed
6.8556986,-5.2290773,self_selected_gait_speed
-0.50529855,5.04466,sit_to_stand
14.954753,3.1856716,stationary_walk
6.9361615,-5.056039,tm_3kmh
9.687784,14.252447,romberg_closed
6.482145,-1.1519825,self_selected_gait_speed
-2.655852,4.296314,sit_to_stand
15.856202,4.1390123,stationary_walk
6.415472,-1.072327,tm_3kmh
7.0468397,14.036834,romberg_closed
8.091616,-5.6531224,self_selected_gait_speed
-2.5540235,3.897342,sit_to_stand
15.110675,4.0158772,stationary_walk
8.443242,-5.8642645,tm_3kmh
8.106708,13.19681,romberg_closed
6.3798366,-3.5891435,self_selected_gait_speed
-0.32985502,4.214954,sit_to_stand
15.632299,4.9470763,stationary_walk
6.1308513,-3.989389,tm_3kmh
10.710958,14.178435,romberg_closed
5.7887545,-4.1397457,self_selected_gait_speed
-0.89476067,3.79387,sit_to_stand
14.52664,3.882736,stationary_walk
5.718454,-3.9697394,tm_3kmh
11.263417,14.309876,romberg_closed
7.6307645,-6.429884,self_selected_gait_speed
0.30582055,5.1491365,sit_to_stand
14.441718,4.3750916,stationary_walk
7.821039,-6.5067887,tm_3kmh
10.7409,13.605845,romberg_closed
4.6082377,-3.0032423,self_selected_gait_speed
-2.715343,5.202499,sit_to_stand
15.775424,6.2602487,stationary_walk
4.6593385,-2.972116,tm_3kmh
7.9783325,13.725762,romberg_closed
5.5097585,-5.3005834,self_selected_gait_speed
-1.1077703,5.018893,sit_to_stand
13.886261,4.3690205,stationary_walk
5.4605694,-5.219287,tm_3kmh
5.173154,11.139982,romberg_closed
4.873645,-3.1135054,self_selected_gait_speed
-3.108375,3.6010122,sit_to_stand
15.830882,5.767152,stationary_walk
4.7300844,-3.082135,tm_3kmh
8.448696,14.012979,romberg_closed
6.433057,-4.69262,self_selected_gait_speed
-0.755485,4.6033998,sit_to_stand
16.346224,4.03575,stationary_walk
5.432575,-4.3943806,tm_3kmh
7.5116997,13.375492,romberg_closed
6.197345,-5.7474046,self_selected_gait_speed
-2.2258608,4.062792,sit_to_stand
16.401817,4.433974,stationary_walk
6.1087813,-5.7572412,tm_3kmh
8.99973,13.244958,romberg_closed
7.990401,-2.9975567,self_selected_gait_speed
-3.1389768,4.184549,sit_to_stand
15.605908,5.993525,stationary_walk
7.765495,-3.0823386,tm_3kmh
11.358436,14.734223,romberg_closed
6.736149,-1.9025319,self_selected_gait_speed
-1.1888388,4.7182794,sit_to_stand
14.537018,3.9604964,stationary_walk
6.719785,-1.8787217,tm_3kmh
7.7564836,14.06758,romberg_closed
7.8629265,-5.6495304,self_selected_gait_speed
-2.379263,4.3836308,sit_to_stand
15.882148,5.7328844,stationary_walk
8.402872,-5.181742,tm_3kmh
9.8523445,13.698507,romberg_closed
6.9451394,-3.4113488,self_selected_gait_speed
0.5460725,4.30217,sit_to_stand
16.698092,4.342299,stationary_walk
6.9536605,-3.6218865,tm_3kmh
10.520156,14.776056,romberg_closed
8.800929,-5.2708707,self_selected_gait_speed
-1.3881148,4.6199107,sit_to_stand
14.899357,3.3033662,stationary_walk
8.284215,-5.262406,tm_3kmh
5.680244,11.430079,romberg_closed
8.043753,-3.1301796,self_selected_gait_speed
-2.3510392,3.7759058,sit_to_stand
14.9637985,5.5063396,stationary_walk
7.378065,-3.2522619,tm_3kmh
8.17889,14.071848,romberg_closed
6.3751774,-3.3317573,self_selected_gait_speed
-2.0556998,4.9611564,sit_to_stand
16.836664,4.7365675,stationary_walk
6.5427837,-3.2992792,tm_3kmh
6.146219,11.55149,romberg_closed
8.893961,-3.601182,self_selected_gait_speed
0.46731192,4.9690566,sit_to_stand
15.939883,4.921839,stationary_walk
8.952674,-3.2785482,tm_3kmh
10.901792,14.328014,romberg_closed
6.6355014,-5.52133,self_selected_gait_speed
0.00011407358,4.861598,sit_to_stand
14.923178,4.0451636,stationary_walk
6.540133,-5.3695855,tm_3kmh
9.495663,13.860345,romberg_closed
6.4121733,-4.532231,self_selected_gait_speed
-2.3917682,4.5150228,sit_to_stand
14.958347,4.6745305,stationary_walk
6.2983475,-4.4903708,tm_3kmh
8.249724,14.889642,romberg_closed
5.975387,-3.3760166,self_selected_gait_speed
-2.9660742,5.1473594,sit_to_stand
16.658617,5.284034,stationary_walk
5.8381224,-3.3150702,tm_3kmh
8.664736,-2.5230005,self_selected_gait_speed
-1.6368161,5.6549134,sit_to_stand
17.71219,5.53714,stationary_walk
8.277056,-2.7778234,tm_3kmh
6.832289,11.949287,romberg_closed
5.118252,-3.6158164,self_selected_gait_speed
-0.25712132,5.715383,sit_to_stand
15.262021,4.3217244,stationary_walk
5.3524246,-3.712853,tm_3kmh
7.7917275,14.530236,romberg_closed
7.5317936,-4.9304695,self_selected_gait_speed
-1.6612976,4.4500647,sit_to_stand
16.504284,4.542824,stationary_walk
7.6984353,-5.45886,tm_3kmh
9.140205,15.166176,romberg_closed
6.3621664,-1.1057832,self_selected_gait_speed
-0.25420865,5.091266,sit_to_stand
16.021206,3.8634007,stationary_walk
6.39115,-1.0912268,tm_3kmh
11.361403,13.883685,romberg_closed
5.620248,-3.7960358,self_selected_gait_speed
-1.1396252,4.0836754,sit_to_stand
15.679519,6.0194287,stationary_walk
4.797292,-3.4134953,tm_3kmh
7.0574036,13.247854,romberg_closed
6.639783,-3.5502634,self_selected_gait_speed
-1.7849611,4.081246,sit_to_stand
16.573183,5.9590335,stationary_walk
6.3512635,-3.9516256,tm_3kmh
9.953674,13.140988,romberg_closed
8.007926,-3.8176746,self_selected_gait_speed
-2.5259945,4.042492,sit_to_stand
14.706949,5.673691,stationary_walk
7.6782227,-3.7181103,tm_3kmh
6.836736,14.103314,romberg_closed
8.877013,-6.4862347,self_selected_gait_speed
-1.8124529,4.2351756,sit_to_stand
15.236568,4.6394854,stationary_walk
8.810559,-6.4722247,tm_3kmh
9.342417,13.690126,romberg_closed
-3.306435,3.7728782,sit_to_stand
16.155397,5.532935,stationary_walk
9.283175,14.186382,romberg_closed
8.893014,-2.51498,self_selected_gait_speed
-3.255297,5.0635552,sit_to_stand
16.310923,4.657684,stationary_walk
9.141711,-2.877191,tm_3kmh
7.235125,13.751542,romberg_closed
6.960227,-3.3469186,self_selected_gait_speed
-3.4823499,4.6622796,sit_to_stand
15.699387,5.3732677,stationary_walk
6.868048,-3.1538284,tm_3kmh
6.4484935,12.937493,romberg_closed
-2.1765983,4.57953,sit_to_stand
17.257504,5.1983237,stationary_walk
6.757527,12.054654,romberg_closed
9.058118,-4.0718036,self_selected_gait_speed
-1.9892927,4.622271,sit_to_stand
15.9658375,6.3532596,stationary_walk
8.894954,-4.4440823,tm_3kmh
11.338854,14.0711,romberg_closed
9.117496,-5.129099,self_selected_gait_speed
-0.9391252,3.117761,sit_to_stand
14.852064,4.1385627,stationary_walk
9.002471,-5.082705,tm_3kmh
10.758142,14.327358,romberg_closed
5.478548,-5.106254,self_selected_gait_speed
-2.282078,5.831501,sit_to_stand
15.744701,3.3610916,stationary_walk
5.434812,-5.1963162,tm_3kmh
6.3002496,13.493746,romberg_closed
6.2801714,-3.2354066,self_selected_gait_speed
-2.020068,3.2797422,sit_to_stand
16.485565,5.8275332,stationary_walk
6.4380155,-3.6425304,tm_3kmh
8.166738,13.159624,romberg_closed
9.777213,-2.728608,self_selected_gait_speed
-3.5785809,4.3180723,sit_to_stand
16.090471,5.893737,stationary_walk
9.9539995,-2.5865767,tm_3kmh
8.789343,15.073458,romberg_closed
7.4972787,-4.0453916,self_selected_gait_speed
-1.4829015,4.6471176,sit_to_stand
15.822848,4.5766463,stationary_walk
7.159738,-3.9156854,tm_3kmh
7.4367776,14.060101,romberg_closed
6.5812044,-5.9662967,self_selected_gait_speed
-1.9960788,4.0674076,sit_to_stand
15.537627,5.7245936,stationary_walk
6.3827176,-5.8412533,tm_3kmh
8.341461,15.235271,romberg_closed
5.85973,-2.0433493,self_selected_gait_speed
-1.4882038,4.413867,sit_to_stand
15.820068,3.8561208,stationary_walk
7.263046,-4.9202633,tm_3kmh
7.68947,13.731763,romberg_closed
8.990113,-4.269509,self_selected_gait_speed
-3.1051567,4.9757204,sit_to_stand
16.858894,6.4007077,stationary_walk
9.109145,-4.1378417,tm_3kmh
8.434573,12.756678,romberg_closed
8.531442,-4.2950597,self_selected_gait_speed
0.23275353,4.6227784,sit_to_stand
15.113857,6.2076955,stationary_walk
7.708805,-3.4931931,tm_3kmh
6.44624,12.729374,romberg_closed
8.377586,-3.6186087,self_selected_gait_speed
-0.3114574,4.4713373,sit_to_stand
16.464836,6.245086,stationary_walk
8.270927,-3.528798,tm_3kmh
8.299428,13.902307,romberg_closed
6.92474,-3.4270828,self_selected_gait_speed
-1.2891033,3.548932,sit_to_stand
16.806822,4.0214453,stationary_walk
6.8239174,-3.1835694,tm_3kmh
9.558389,14.181385,romberg_closed
6.520712,-1.8547659,self_selected_gait_speed
-1.2870804,5.448944,sit_to_stand
15.964785,4.1330304,stationary_walk
6.483853,-1.9907676,tm_3kmh
9.688178,15.447694,romberg_closed
7.083396,-4.050742,self_selected_gait_speed
-2.3408704,3.660826,sit_to_stand
16.064274,4.4471645,stationary_walk
6.9779563,-4.045851,tm_3kmh
7.1524806,13.616606,romberg_closed
8.406335,-3.1758897,self_selected_gait_speed
-3.2241974,4.7682667,sit_to_stand
17.101028,6.065575,stationary_walk
8.440681,-3.358354,tm_3kmh
6.3953834,13.76354,romberg_closed
7.810016,-4.181813,self_selected_gait_speed
-2.6421301,4.8428774,sit_to_stand
17.816154,6.4025407,stationary_walk
7.7353163,-4.1218014,tm_3kmh
5.4906754,-4.996191,self_selected_gait_speed
6.927654,14.49922,romberg_closed
6.771021,-3.4373884,self_selected_gait_speed
-1.8521489,5.349709,sit_to_stand
17.354753,5.2135572,stationary_walk
6.5142317,-3.0611134,tm_3kmh
8.362583,14.8876705,romberg_closed
6.6040053,-3.042066,self_selected_gait_speed
-1.4914472,4.704276,sit_to_stand
17.091467,4.6901784,stationary_walk
6.2518854,-3.1714733,tm_3kmh
7.96001,14.35329,romberg_closed
8.049268,-6.038365,self_selected_gait_speed
-1.3110328,5.770505,sit_to_stand
15.345546,3.9527209,stationary_walk
7.666451,-5.7666078,tm_3kmh
9.795638,14.318595,romberg_closed
7.160254,-6.1471534,self_selected_gait_speed
-1.7095261,4.9928317,sit_to_stand
14.885538,4.180398,stationary_walk
6.988134,-5.805424,tm_3kmh
6.7180805,12.958439,romberg_closed
6.506149,-2.527543,self_selected_gait_speed
-2.2772145,3.835559,sit_to_stand
15.596664,5.302332,stationary_walk
6.476237,-2.4915433,tm_3kmh
10.076759,13.512965,romberg_closed
9.530339,-2.5971096,self_selected_gait_speed
-2.7617326,4.016418,sit_to_stand
14.4577465,4.838263,stationary_walk
9.546001,-2.890218,tm_3kmh
10.338758,14.16515,romberg_closed
5.9977713,-5.251483,self_selected_gait_speed
-1.4492129,4.961019,sit_to_stand
13.59074,4.7898035,stationary_walk
6.3311257,-5.4813075,tm_3kmh
7.244307,14.455961,romberg_closed
8.164784,-5.538312,self_selected_gait_speed
-3.369162,5.157076,sit_to_stand
16.083595,4.1940274,stationary_walk
8.616841,-4.4067407,tm_3kmh
7.194658,13.640682,romberg_closed
8.394017,-5.636699,self_selected_gait_speed
-0.28547588,4.6952777,sit_to_stand
16.691412,5.1646905,stationary_walk
8.251421,-5.738958,tm_3kmh
9.015024,14.772051,romberg_closed
6.3787775,-1.1272497,self_selected_gait_speed
-1.8790687,4.583346,sit_to_stand
16.241251,3.8446794,stationary_walk
6.3254967,-0.97940415,tm_3kmh
9.92343,14.678605,romberg_closed
7.7911143,-4.695567,self_selected_gait_speed
-2.4326658,4.37969,sit_to_stand
16.201662,4.530348,stationary_walk
8.15011,-4.8303647,tm_3kmh
10.418638,14.552544,romberg_closed
6.662806,-5.2498174,self_selected_gait_speed
-1.992351,4.122211,sit_to_stand
15.982005,3.8828323,stationary_walk
6.701165,-4.8483753,tm_3kmh
15.202419,5.7039766,romberg_closed
8.732513,-5.1828666,self_selected_gait_speed
-0.11823077,4.950505,sit_to_stand
15.632096,5.743949,stationary_walk
8.935693,-5.426176,tm_3kmh
8.563484,14.308376,romberg_closed
6.9572973,-4.3243833,self_selected_gait_speed
-1.997412,5.2363615,sit_to_stand
15.555061,4.720353,stationary_walk
6.6854696,-4.474358,tm_3kmh
10.0060625,15.24339,romberg_closed
6.6086144,-3.9305313,self_selected_gait_speed
-1.441155,5.75371,sit_to_stand
16.832777,4.1498284,stationary_walk
6.543617,-4.0930657,tm_3kmh
6.8317933,12.126056,romberg_closed
9.713151,-3.6037188,self_selected_gait_speed
-1.3212028,5.515456,sit_to_stand
16.30692,4.6884217,stationary_walk
9.600823,-3.8241634,tm_3kmh
9.601552,15.21145,romberg_closed
6.58411,-4.7491035,self_selected_gait_speed
-2.373197,5.8215184,sit_to_stand
16.478945,3.4701767,stationary_walk
6.208763,-4.940382,tm_3kmh
11.172573,13.694897,romberg_closed
9.038619,-3.840028,self_selected_gait_speed
-0.6009164,2.9878428,sit_to_stand
14.263456,5.317541,stationary_walk
9.530896,-4.0385475,tm_3kmh
8.158626,14.085253,romberg_closed
8.166666,-3.0056677,self_selected_gait_speed
-1.5803527,3.3369591,sit_to_stand
13.981767,4.916344,stationary_walk
8.326505,-2.7641118,tm_3kmh
9.820849,14.142283,romberg_closed
7.957607,-6.607056,self_selected_gait_speed
-3.1076992,4.776669,sit_to_stand
15.820572,4.457354,stationary_walk
7.763252,-6.6924496,tm_3kmh
7.4915056,13.416119,romberg_closed
7.2422786,-5.6597905,self_selected_gait_speed
-1.9083009,5.4259963,sit_to_stand
14.664832,5.435181,stationary_walk
7.226757,-5.8401694,tm_3kmh
6.3119993,12.035777,romberg_closed
9.765646,-3.3363473,self_selected_gait_speed
-2.012362,4.9077315,sit_to_stand
16.976912,4.856273,stationary_walk
9.709576,-3.41575,tm_3kmh
9.146123,14.488613,romberg_closed
7.003551,-5.4656963,self_selected_gait_speed
-1.1078562,4.163354,sit_to_stand
16.634985,4.186587,stationary_walk
7.108107,-5.37477,tm_3kmh
8.870183,15.365993,romberg_closed
8.63254,-5.3252554,self_selected_gait_speed
-0.5197188,5.1186967,sit_to_stand
14.859236,4.566724,stationary_walk
8.390804,-5.3111343,tm_3kmh
6.926662,13.14011,romberg_closed
9.714729,-4.1598754,self_selected_gait_speed
-0.17063878,3.2058377,sit_to_stand
15.343534,5.7269664,stationary_walk
9.363088,-4.4766617,tm_3kmh
7.6613755,14.9985285,romberg_closed
6.8588614,-4.8682594,self_selected_gait_speed
-2.3976038,5.483913,sit_to_stand
16.092197,3.7482655,stationary_walk
7.03205,-5.0692067,tm_3kmh
6.469698,11.855769,romberg_closed
6.485315,-3.8030782,self_selected_gait_speed
-1.0704312,3.3097322,sit_to_stand
15.236816,5.691141,stationary_walk
7.0196342,-3.949342,tm_3kmh
5.936232,11.569662,romberg_closed
8.402989,-6.273847,self_selected_gait_speed
-3.3934538,4.380588,sit_to_stand
16.892494,5.409743,stationary_walk
8.144807,-6.284371,tm_3kmh
7.5778723,14.364511,romberg_closed
5.7605734,-5.215506,self_selected_gait_speed
-0.22135201,4.6492324,sit_to_stand
16.173801,4.453059,stationary_walk
5.8402634,-5.014329,tm_3kmh
9.670599,14.7923155,romberg_closed
7.1070256,-6.4351573,self_selected_gait_speed
-2.158616,4.77814,sit_to_stand
16.205761,3.9913175,stationary_walk
6.9851155,-6.531394,tm_3kmh
10.871968,13.71445,romberg_closed
9.764177,-5.318166,self_selected_gait_speed
-0.311919,3.0910134,sit_to_stand
15.1572695,5.5164266,stationary_walk
4.9005513,-3.6471848,tm_3kmh
9.75279,13.252189,romberg_closed
6.7752776,-5.7836075,self_selected_gait_speed
-2.2507517,3.4142933,sit_to_stand
14.550765,5.397646,stationary_walk
6.9715743,-5.6482067,tm_3kmh
8.909311,13.028271,romberg_closed
6.395129,-1.0617065,self_selected_gait_speed
-0.9419416,4.1055303,sit_to_stand
15.504841,6.3641677,stationary_walk
6.4011407,-1.0599828,tm_3kmh
7.860555,14.441881,romberg_closed
7.037794,-4.7939243,self_selected_gait_speed
-2.6017659,5.8934393,sit_to_stand
16.5549,4.985416,stationary_walk
7.0841074,-4.488376,tm_3kmh
8.26862,12.7024145,romberg_closed
6.216127,-2.9614751,self_selected_gait_speed
-1.1633801,3.5548656,sit_to_stand
15.43727,6.4873977,stationary_walk
4.6868386,-3.0399246,tm_3kmh
7.0464816,13.952991,romberg_closed
6.697349,-4.0015335,self_selected_gait_speed
-2.1013503,3.7081847,sit_to_stand
16.431028,4.2519684,stationary_walk
6.013021,-4.321997,tm_3kmh
6.550293,14.439931,romberg_closed
7.135725,-2.7464345,self_selected_gait_speed
-2.121315,5.7223945,sit_to_stand
17.2792,4.642499,stationary_walk
8.519939,-2.9114017,tm_3kmh
8.015655,14.860428,romberg_closed
7.9878063,-3.6635532,self_selected_gait_speed
-2.4637363,5.6983447,sit_to_stand
17.31368,4.3347745,stationary_walk
7.4589915,-4.001329,tm_3kmh
10.279303,14.147241,romberg_closed
6.6735425,-3.4369059,self_selected_gait_speed
-0.60623544,5.498237,sit_to_stand
15.446557,4.1309667,stationary_walk
7.2277427,-4.911044,tm_3kmh
11.000821,14.242695,romberg_closed
6.992277,-6.807458,self_selected_gait_speed
-0.5924512,5.066924,sit_to_stand
13.699865,4.4152284,stationary_walk
7.0573773,-6.8961406,tm_3kmh
11.070406,13.834251,romberg_closed
5.7429247,-5.1233873,self_selected_gait_speed
11.067945,13.829203,sit_to_stand
6.2900157,-1.1138629,stationary_walk
6.1306925,-5.265512,tm_3kmh
9.3156395,13.767401,romberg_closed
9.301331,-3.9236097,self_selected_gait_speed
-1.2254946,4.319359,sit_to_stand
15.460301,5.60298,stationary_walk
9.565775,-2.7250984,tm_3kmh
8.011741,14.847176,romberg_closed
-2.6261408,4.1022396,sit_to_stand
15.710984,5.0359473,stationary_walk
8.9485,14.627581,romberg_closed
8.757809,-4.795015,self_selected_gait_speed
-1.232298,5.031276,sit_to_stand
16.122543,4.750882,stationary_walk
8.808842,-4.5794425,tm_3kmh
6.441295,12.392635,romberg_closed
9.278582,-4.457712,self_selected_gait_speed
-1.5063802,5.8954506,sit_to_stand
17.25116,6.6860013,stationary_walk
9.215232,-4.295959,tm_3kmh
7.5617485,14.303586,romberg_closed
7.0495744,-3.8994837,self_selected_gait_speed
-1.7885216,4.6419744,sit_to_stand
16.466516,4.643008,stationary_walk
6.8697314,-3.7344446,tm_3kmh
6.064102,13.745503,romberg_closed
8.597629,-4.5595684,self_selected_gait_speed
-2.7861044,5.0234294,sit_to_stand
17.635498,6.0869684,stationary_walk
8.481533,-4.4591303,tm_3kmh
10.627906,14.26657,romberg_closed
6.5218625,-4.3458366,self_selected_gait_speed
-1.4828502,3.507263,sit_to_stand
14.540412,4.2056866,stationary_walk
6.3308835,-4.5720625,tm_3kmh
7.125425,12.325109,romberg_closed
6.6564593,-6.88899,self_selected_gait_speed
-1.278033,3.5509799,sit_to_stand
14.730744,4.3116646,stationary_walk
6.7040854,-6.807336,tm_3kmh
10.003651,13.457021,romberg_closed
7.6849575,-4.694733,self_selected_gait_speed
-1.3351073,4.022343,sit_to_stand
14.604756,4.9395213,stationary_walk
5.7902827,-3.6865323,tm_3kmh
10.1293545,14.191037,romberg_closed
7.2023296,-5.7144823,self_selected_gait_speed
-1.0962679,4.998683,sit_to_stand
14.6107,4.134485,stationary_walk
7.3706465,-5.340045,tm_3kmh
8.890703,14.513016,romberg_closed
7.0285378,-1.2096604,self_selected_gait_speed
-2.2878106,5.8191047,sit_to_stand
17.16474,4.655529,stationary_walk
6.891509,-1.1863633,tm_3kmh
6.923529,12.397107,romberg_closed
8.438023,-2.296323,self_selected_gait_speed
-2.0805511,5.9471664,sit_to_stand
16.505987,4.5001874,stationary_walk
8.35552,-2.358001,tm_3kmh
8.652367,13.737263,romberg_closed
9.619001,-3.9751132,self_selected_gait_speed
-0.254199,4.919946,sit_to_stand
14.922006,4.2939105,stationary_walk
9.650349,-4.1788077,tm_3kmh
9.080373,13.50655,romberg_closed
5.126462,-3.3121474,self_selected_gait_speed
-1.0316889,4.5531983,sit_to_stand
15.390993,5.7399898,stationary_walk
5.2249618,-3.3896828,tm_3kmh
8.614405,13.701835,romberg_closed
6.465919,-6.2720203,self_selected_gait_speed
-1.1983533,5.2055492,sit_to_stand
15.531122,4.1765046,stationary_walk
6.6297326,-6.4651284,tm_3kmh
5.5534987,11.402232,romberg_closed
9.286546,-1.8886544,self_selected_gait_speed
-3.67967,4.751695,sit_to_stand
17.769129,6.4946637,stationary_walk
9.455615,-2.0311396,tm_3kmh
5.9728208,11.400328,romberg_closed
9.995673,-2.2595024,self_selected_gait_speed
-1.4092422,2.6657848,sit_to_stand
15.8132305,6.7808747,stationary_walk
9.928435,-2.252906,tm_3kmh
5.9167128,13.867782,romberg_closed
7.966342,-3.3233972,self_selected_gait_speed
-2.587789,4.8150105,sit_to_stand
16.053892,5.775171,stationary_walk
5.7441063,-1.9078485,tm_3kmh
6.9599185,13.538791,romberg_closed
7.6557393,-5.885004,self_selected_gait_speed
0.3748918,4.859183,sit_to_stand
16.262735,3.8465285,stationary_walk
7.493554,-5.6653953,tm_3kmh
8.1710005,14.720102,romberg_closed
6.4337654,-6.386692,self_selected_gait_speed
-3.7153277,4.4332705,sit_to_stand
16.50805,5.319154,stationary_walk
6.4652934,-6.257339,tm_3kmh
8.514136,14.626551,romberg_closed
6.352864,-6.067713,self_selected_gait_speed
-0.8745828,5.36478,sit_to_stand
15.254999,4.9512005,stationary_walk
6.3500366,-6.2071834,tm_3kmh
8.494341,14.684252,romberg_closed
4.671366,-3.2656112,self_selected_gait_speed
-0.6353715,3.94057,sit_to_stand
13.747777,4.498282,stationary_walk
9.897569,15.01355,romberg_closed
7.07794,-5.2669764,self_selected_gait_speed
-1.1443721,3.7543232,sit_to_stand
15.98476,3.443887,stationary_walk
6.47997,-4.1485424,tm_3kmh
9.659197,13.139708,romberg_closed
7.1400685,-4.5080523,self_selected_gait_speed
-1.0137774,3.2803771,sit_to_stand
14.346008,5.18626,stationary_walk
6.7983427,-5.1122456,tm_3kmh
6.2640567,11.936041,romberg_closed
9.923134,-3.4671118,self_selected_gait_speed
-2.4441025,3.7995968,sit_to_stand
15.321951,5.2504854,stationary_walk
9.765819,-3.3373356,tm_3kmh
9.705971,15.207266,romberg_closed
8.557916,-5.067173,self_selected_gait_speed
-3.4856431,5.0949726,sit_to_stand
16.587187,4.5792594,stationary_walk
7.2141175,-4.7901835,tm_3kmh
5.3005424,11.079924,romberg_closed
9.247124,-5.244007,self_selected_gait_speed
-0.8989458,3.5230422,sit_to_stand
17.30636,6.8148804,stationary_walk
9.149638,-5.3011456,tm_3kmh
6.933386,12.242149,romberg_closed
7.1488943,-2.4996202,self_selected_gait_speed
-2.4211373,3.6444194,sit_to_stand
15.452691,3.4909227,stationary_walk
6.7923627,-2.6470585,tm_3kmh
7.090882,14.929122,romberg_closed
7.787555,-3.521924,self_selected_gait_speed
-3.3880339,5.043677,sit_to_stand
16.947664,4.541142,stationary_walk
7.946965,-3.3230982,tm_3kmh
10.885406,14.157994,romberg_closed
8.229204,-2.7664063,self_selected_gait_speed
-0.7449229,3.947098,sit_to_stand
15.69786,3.419707,stationary_walk
9.5683565,12.970938,romberg_closed
7.7063313,-3.2529976,self_selected_gait_speed
-2.3824558,3.4852207,sit_to_stand
14.798093,5.6210046,stationary_walk
7.4110727,-2.7797818,tm_3kmh
11.374521,14.345617,romberg_closed
9.387484,-5.990856,self_selected_gait_speed
-0.27118495,3.474992,sit_to_stand
14.450627,3.9140751,stationary_walk
9.267861,-6.169694,tm_3kmh
8.452964,12.994714,romberg_closed
9.6413145,-4.2302427,self_selected_gait_speed
-1.7614166,4.184751,sit_to_stand
16.398722,4.3826933,stationary_walk
9.368986,-4.41585,tm_3kmh
8.899546,14.9373255,romberg_closed
9.531154,-2.5927866,self_selected_gait_speed
-1.7755222,5.007059,sit_to_stand
17.387463,5.919026,stationary_walk
9.562233,-2.6151392,tm_3kmh
6.8930435,13.052392,romberg_closed
8.796606,-4.263413,self_selected_gait_speed
-2.8212836,4.685512,sit_to_stand
17.064991,6.0772715,stationary_walk
8.886563,-4.272308,tm_3kmh
5.628606,11.515362,romberg_closed
9.268599,-4.0156665,self_selected_gait_speed
-2.8018086,3.6890392,sit_to_stand
16.068953,6.700514,stationary_walk
9.115169,-3.8449752,tm_3kmh
10.950589,13.746033,romberg_closed
8.1056595,-4.893971,self_selected_gait_speed
-1.4655125,3.1475303,sit_to_stand
15.666978,5.966403,stationary_walk
7.8617864,-5.5048385,tm_3kmh
9.501503,14.424922,romberg_closed
6.9495373,-4.234608,self_selected_gait_speed
-3.260544,5.491692,sit_to_stand
16.441475,5.5849533,stationary_walk
7.415847,-4.22868,tm_3kmh
8.627921,12.71812,romberg_closed
8.193933,-4.192584,self_selected_gait_speed
-1.9058615,2.9290318,sit_to_stand
14.597601,6.0226007,stationary_walk
7.900952,-4.5089593,tm_3kmh
8.134801,14.798143,romberg_closed
5.2264566,-3.6711612,self_selected_gait_speed
-0.7103493,5.5112243,sit_to_stand
15.776073,4.7037196,stationary_walk
4.5446506,-3.210368,tm_3kmh
9.669976,14.914809,romberg_closed
8.252873,-4.5492344,self_selected_gait_speed
-0.7799937,4.94291,sit_to_stand
15.462291,3.281981,stationary_walk
8.733074,-3.8932774,tm_3kmh
6.2466545,12.356371,romberg_closed
6.3615317,-3.227289,self_selected_gait_speed
-3.350357,4.6550946,sit_to_stand
15.936506,5.472849,stationary_walk
6.8855143,-3.1047194,tm_3kmh
8.844341,13.17734,romberg_closed
5.6803193,-4.5921288,self_selected_gait_speed
-1.995477,3.7293427,sit_to_stand
15.205753,5.7171826,stationary_walk
5.6499023,-4.6460533,tm_3kmh
7.426418,12.944234,romberg_closed
8.396502,-3.583094,self_selected_gait_speed
-1.2378868,3.4447732,sit_to_stand
15.136432,6.1387076,stationary_walk
7.9149637,-3.1776698,tm_3kmh
5.3397875,11.217411,romberg_closed
9.531477,-2.3394742,self_selected_gait_speed
-0.57263434,3.1076198,sit_to_stand
14.854785,6.116305,stationary_walk
9.479248,-2.1761184,tm_3kmh
8.717555,13.96508,romberg_closed
6.6069093,-4.8930936,self_selected_gait_speed
-0.73876446,4.6517377,sit_to_stand
16.118223,3.3268735,stationary_walk
8.743769,13.042392,romberg_closed
9.426773,-3.8968472,self_selected_gait_speed
-3.3687396,3.7401657,sit_to_stand
16.260311,5.7710714,stationary_walk
9.325168,-4.0385313,tm_3kmh
6.3745594,12.11467,romberg_closed
-1.2469187,5.6371355,sit_to_stand
16.733011,6.7507014,stationary_walk
10.886015,14.01218,romberg_closed
5.6022196,-4.7030196,self_selected_gait_speed
-0.15371583,3.9917808,sit_to_stand
13.687831,4.356519,stationary_walk
5.68746,-4.445535,tm_3kmh
10.4634075,14.895598,romberg_closed
6.975932,-4.290539,self_selected_gait_speed
0.32039317,4.5761795,sit_to_stand
14.606891,4.951142,stationary_walk
6.693505,-4.153269,tm_3kmh
6.3647947,14.415558,romberg_closed
5.9481874,-6.0290475,self_selected_gait_speed
-0.37952197,3.5958354,sit_to_stand
15.382059,3.7661808,stationary_walk
6.1600113,-5.796557,tm_3kmh
10.360526,14.39244,romberg_closed
8.513451,-5.024158,self_selected_gait_speed
-3.4890733,4.6256104,sit_to_stand
16.116247,5.7306542,stationary_walk
8.074838,-3.6025922,tm_3kmh
8.516644,14.338263,romberg_closed
7.0546765,-6.0033827,self_selected_gait_speed
-3.670891,3.9974694,sit_to_stand
16.236877,5.612238,stationary_walk
6.947651,-6.31428,tm_3kmh
11.106542,14.579113,romberg_closed
5.841118,-2.2167845,self_selected_gait_speed
-2.230398,5.950019,sit_to_stand
15.41847,3.5694785,stationary_walk
7.6979537,-5.242555,tm_3kmh
10.711821,13.530502,romberg_closed
-0.0040323297,4.4147043,sit_to_stand
14.746868,4.94017,stationary_walk
5.685483,12.116677,romberg_closed
7.4825053,-2.6077702,self_selected_gait_speed
-1.3839841,3.6790087,sit_to_stand
16.560122,5.171076,stationary_walk
7.2438498,-3.1630976,tm_3kmh
7.5104628,13.495631,romberg_closed
7.3004746,-3.5259082,self_selected_gait_speed
-2.4473433,4.0021853,sit_to_stand
16.239796,5.6040244,stationary_walk
7.9812403,-3.6153667,tm_3kmh
6.010009,13.546874,romberg_closed
7.0639935,-3.0190437,self_selected_gait_speed
-3.543305,4.772712,sit_to_stand
17.341457,4.9687433,stationary_walk
6.9180336,-3.1918752,tm_3kmh
10.083432,15.264893,romberg_closed
8.683655,-4.4974833,self_selected_gait_speed
-1.5845392,5.0559177,sit_to_stand
16.45936,4.6319275,stationary_walk
8.18056,-4.848372,tm_3kmh
5.1075706,11.0827465,romberg_closed
9.298106,-3.104546,self_selected_gait_speed
-3.1926157,4.711655,sit_to_stand
16.901701,6.4878945,stationary_walk
9.075631,-3.284529,tm_3kmh
6.8185806,12.044532,romberg_closed
6.4694605,-3.0196831,self_selected_gait_speed
-0.5527829,3.613539,sit_to_stand
14.899556,4.873317,stationary_walk
6.317382,-3.0336256,tm_3kmh
8.823902,14.4481945,romberg_closed
5.986169,-5.1156263,self_selected_gait_speed
-0.70163095,5.043299,sit_to_stand
15.060552,4.2623005,stationary_walk
6.21626,-4.9584365,tm_3kmh
6.297225,12.433777,romberg_closed
8.0635395,-2.7831993,self_selected_gait_speed
-3.637452,4.32044,sit_to_stand
16.771507,6.490685,stationary_walk
8.242378,-2.741218,tm_3kmh
7.119407,14.49231,romberg_closed
6.8227887,-3.8538136,self_selected_gait_speed
-0.6728952,4.4711647,sit_to_stand
16.394266,4.596758,stationary_walk
7.448413,-4.0334315,tm_3kmh
10.761372,14.167136,romberg_closed
8.06955,-6.5795455,self_selected_gait_speed
-1.4648398,3.2203643,sit_to_stand
14.687569,4.07519,stationary_walk
8.055863,-6.397997,tm_3kmh
10.458082,14.113623,romberg_closed
6.7683754,-7.0344653,self_selected_gait_speed
-1.0808544,4.2989206,sit_to_stand
15.744723,3.595322,stationary_walk
6.8488994,-7.0154953,tm_3kmh
7.2423515,14.161166,romberg_closed
6.258503,-5.004115,self_selected_gait_speed
-2.8831115,4.8681383,sit_to_stand
16.688202,5.305513,stationary_walk
5.9410005,-4.8794155,tm_3kmh
6.976486,13.532592,romberg_closed
7.319377,-5.909975,self_selected_gait_speed
-3.4654355,4.577001,sit_to_stand
17.211197,5.5041413,stationary_walk
7.7750225,-5.929697,tm_3kmh
6.868663,13.255589,romberg_closed
7.362338,-6.097808,self_selected_gait_speed
-0.36421168,4.2260604,sit_to_stand
16.424747,5.589216,stationary_walk
7.356396,-5.9021983,tm_3kmh
9.476075,14.199668,romberg_closed
6.257062,-5.328103,self_selected_gait_speed
-2.0385087,4.485649,sit_to_stand
16.169395,4.747021,stationary_walk
5.9555907,-5.299587,tm_3kmh
9.152672,13.206731,romberg_closed
6.1833696,-4.6891093,self_selected_gait_speed
-3.474854,4.3915873,sit_to_stand
17.164207,5.0079985,stationary_walk
6.3750615,-4.5113535,tm_3kmh
10.427126,14.063652,romberg_closed
8.044616,-6.4270563,self_selected_gait_speed
-0.83248466,3.5018694,sit_to_stand
14.439925,4.2834473,stationary_walk
8.086246,-6.4964347,tm_3kmh
8.563826,14.295962,romberg_closed
9.348986,-3.1274562,self_selected_gait_speed
-0.8063391,5.4839926,sit_to_stand
14.873295,5.056988,stationary_walk
9.241551,-2.9365273,tm_3kmh
7.6316833,14.163262,romberg_closed
8.543835,-4.000175,self_selected_gait_speed
-2.8330946,4.786829,sit_to_stand
15.791352,4.2820206,stationary_walk
5.52214,-1.7020823,tm_3kmh
8.796621,14.096681,romberg_closed
6.5053377,-3.2198093,self_selected_gait_speed
-3.5054595,4.582091,sit_to_stand
16.95434,5.6371098,stationary_walk
6.598159,-3.0927818,tm_3kmh
8.743015,14.228134,romberg_closed
8.56785,-2.681008,self_selected_gait_speed
-1.3745211,5.1132627,sit_to_stand
16.328735,5.368129,stationary_walk
8.705006,-2.540049,tm_3kmh
5.895829,11.512145,romberg_closed
-1.4480333,2.9094079,sit_to_stand
15.198702,6.5423226,stationary_walk
10.726884,14.478692,romberg_closed
5.9601426,-5.210119,self_selected_gait_speed
0.2942978,3.7785318,sit_to_stand
14.678305,3.9503632,stationary_walk
5.6438327,-4.8775764,tm_3kmh
10.09795,13.301431,romberg_closed
8.078093,-3.758667,self_selected_gait_speed
0.086144045,4.541484,sit_to_stand
16.322844,4.58048,stationary_walk
7.9267926,-3.8310328,tm_3kmh
10.823257,13.377567,romberg_closed
9.86315,-2.6746433,self_selected_gait_speed
-1.1943018,2.7672064,sit_to_stand
14.861263,6.2644353,stationary_walk
9.782691,-2.557277,tm_3kmh
8.264762,14.411981,romberg_closed
7.9385257,-4.967159,self_selected_gait_speed
-1.8853242,3.7462676,sit_to_stand
16.573845,5.7626705,stationary_walk
8.043908,-4.926597,tm_3kmh
10.353697,15.003004,romberg_closed
6.9012194,-5.862239,self_selected_gait_speed
-0.71788645,3.7653115,sit_to_stand
15.544218,4.2918353,stationary_walk
6.986247,-5.624442,tm_3kmh
9.940096,13.429716,romberg_closed
5.009792,-3.4244645,self_selected_gait_speed
-0.55939835,4.0500445,sit_to_stand
13.899172,4.5955977,stationary_walk
4.98889,-3.4167948,tm_3kmh
10.618761,14.359094,romberg_closed
8.930067,-6.3296757,self_selected_gait_speed
-1.3031977,4.640835,sit_to_stand
14.161486,4.841131,stationary_walk
8.696775,-6.444307,tm_3kmh
8.790786,13.935565,romberg_closed
6.20125,-3.8459415,self_selected_gait_speed
-1.1931276,4.4431996,sit_to_stand
14.580499,4.2481265,stationary_walk
6.265519,-3.8684514,tm_3kmh
6.1710134,13.312621,romberg_closed
6.392018,-2.6321356,self_selected_gait_speed
-2.8208938,4.2727237,sit_to_stand
17.558172,5.611294,stationary_walk
6.4335513,-2.6410646,tm_3kmh
9.1911955,14.233984,romberg_closed
6.920651,-4.991701,self_selected_gait_speed
-0.9972465,3.5447664,sit_to_stand
15.658754,4.625155,stationary_walk
6.6667204,-4.6455097,tm_3kmh
6.376329,13.622447,romberg_closed
8.37176,-6.013308,self_selected_gait_speed
-2.8069096,5.845842,sit_to_stand
17.618307,5.6101384,stationary_walk
8.269688,-5.8144226,tm_3kmh
6.5319614,14.041782,romberg_closed
6.9010367,-1.8212041,self_selected_gait_speed
-2.8616827,5.5592003,sit_to_stand
17.272083,5.9717445,stationary_walk
6.7964187,-1.6921501,tm_3kmh
8.424941,14.320565,romberg_closed
7.764434,-6.7812586,self_selected_gait_speed
-0.21175407,3.860514,sit_to_stand
15.441684,4.429878,stationary_walk
7.5246954,-6.815316,tm_3kmh
7.7695007,14.519688,romberg_closed
6.642427,-1.9382247,self_selected_gait_speed
-1.7870369,3.1933315,sit_to_stand
16.60623,5.0187016,stationary_walk
6.648323,-1.9326578,tm_3kmh
9.428159,13.645917,romberg_closed
6.8427463,-5.616728,self_selected_gait_speed
-2.2616775,4.498694,sit_to_stand
14.879805,5.3838196,stationary_walk
6.694264,-5.671057,tm_3kmh
10.421937,13.477961,romberg_closed
7.5748625,-6.196963,self_selected_gait_speed
-1.8635107,3.591855,sit_to_stand
14.9384365,5.2744064,stationary_walk
7.5017514,-6.077815,tm_3kmh
6.4962106,14.083568,romberg_closed
-2.581256,4.619904,sit_to_stand
17.684998,4.9199214,stationary_walk
8.781731,14.82548,romberg_closed
7.1482882,-6.0844316,self_selected_gait_speed
-1.3906195,5.084798,sit_to_stand
16.079798,4.109895,stationary_walk
7.314286,-6.101668,tm_3kmh
-1.4716754,3.8376162,sit_to_stand
15.63792,4.168859,stationary_walk
8.641719,13.6404915,romberg_closed
6.1468678,-3.2348015,self_selected_gait_speed
-1.4456859,4.806293,sit_to_stand
16.52423,4.83226,stationary_walk
6.1189766,-3.3825157,tm_3kmh
8.357844,13.030714,romberg_closed
8.538183,-5.442858,self_selected_gait_speed
-0.011603422,5.0348186,sit_to_stand
14.850202,5.071426,stationary_walk
8.493462,-5.637244,tm_3kmh
7.3126793,13.172028,romberg_closed
6.739034,-2.4750674,self_selected_gait_speed
-1.1234889,3.9677005,sit_to_stand
16.715467,5.854155,stationary_walk
6.880672,-2.5608153,tm_3kmh
11.330698,14.216721,romberg_closed
7.654137,-3.3624368,self_selected_gait_speed
-1.8653462,4.270263,sit_to_stand
14.850049,5.5926967,stationary_walk
7.7091985,-3.405118,tm_3kmh
6.475176,13.927586,romberg_closed
8.2427845,-4.6760774,self_selected_gait_speed
-1.0594628,5.5669856,sit_to_stand
16.884743,5.1923666,stationary_walk
8.232605,-4.502172,tm_3kmh
9.930456,13.369061,romberg_closed
8.337243,-5.748256,self_selected_gait_speed
-0.47814637,4.844404,sit_to_stand
14.459083,4.218689,stationary_walk
7.7002125,-5.6161413,tm_3kmh
8.9169235,12.960649,romberg_closed
8.528641,-4.048904,self_selected_gait_speed
-1.7220806,3.2563362,sit_to_stand
15.188568,5.973151,stationary_walk
8.623504,-3.9261348,tm_3kmh
6.3624043,12.109738,romberg_closed
8.825002,-4.6160965,self_selected_gait_speed
-1.0020946,4.3108582,sit_to_stand
16.107208,4.875737,stationary_walk
9.061563,-4.789665,tm_3kmh
9.834529,14.63154,romberg_closed
7.158367,-4.0757647,self_selected_gait_speed
-0.829294,4.5385475,sit_to_stand
16.886375,5.2982354,stationary_walk
7.0754075,-4.1880817,tm_3kmh
8.727278,14.636147,romberg_closed
5.9668274,-4.939548,self_selected_gait_speed
-0.9474747,5.2534714,sit_to_stand
16.899975,4.081257,stationary_walk
5.8926086,-4.5636315,tm_3kmh
8.3172,15.086224,romberg_closed
5.0331006,-3.2484386,self_selected_gait_speed
-1.7113833,6.100674,sit_to_stand
17.310589,5.409897,stationary_walk
5.029787,-3.2325351,tm_3kmh
5.793571,11.830536,romberg_closed
-2.869488,3.4342954,sit_to_stand
16.597582,6.6239767,stationary_walk
7.877998,13.483894,romberg_closed
6.5621414,-1.8733783,self_selected_gait_speed
-1.1457088,4.3742366,sit_to_stand
15.83073,5.52044,stationary_walk
6.428784,-1.9074221,tm_3kmh
9.739359,14.572883,romberg_closed
6.905911,-5.271713,self_selected_gait_speed
-1.0515101,5.374789,sit_to_stand
15.383027,4.579053,stationary_walk
6.6497703,-5.6688004,tm_3kmh
10.277198,14.829948,romberg_closed
6.7180047,-6.5045013,self_selected_gait_speed
-0.36215577,5.400915,sit_to_stand
15.767499,3.469576,stationary_walk
6.561447,-6.484227,tm_3kmh
6.0870814,11.635215,romberg_closed
-0.7575436,2.950292,sit_to_stand
14.838587,6.0368624,stationary_walk
6.505576,14.122973,romberg_closed
8.798255,-6.5692363,self_selected_gait_speed
-1.6904998,5.1003666,sit_to_stand
16.806616,5.3949013,stationary_walk
8.829148,-6.6015286,tm_3kmh
7.3136883,13.511106,romberg_closed
9.709417,-2.7218542,self_selected_gait_speed
-0.6202545,4.657533,sit_to_stand
15.632457,5.7703257,stationary_walk
9.644386,-2.6903117,tm_3kmh
7.940633,15.087628,romberg_closed
5.336825,-1.5403614,self_selected_gait_speed
-0.47207278,5.3873186,sit_to_stand
16.334368,4.05165,stationary_walk
5.4204144,-1.6336483,tm_3kmh
6.7817097,13.719695,romberg_closed
9.270596,-5.862672,self_selected_gait_speed
-0.23028953,3.0941622,sit_to_stand
14.6834955,3.9841244,stationary_walk
9.367396,-5.769032,tm_3kmh
9.376437,14.973366,romberg_closed
7.091072,-5.3896623,self_selected_gait_speed
-2.0358102,4.073247,sit_to_stand
16.571112,3.7353117,stationary_walk
6.2538557,-5.281473,tm_3kmh
7.9452014,14.757873,romberg_closed
6.1003013,-5.8528485,self_selected_gait_speed
-1.8390492,4.3410306,sit_to_stand
15.134752,4.722014,stationary_walk
5.976425,-5.574406,tm_3kmh
7.4503613,15.10564,romberg_closed
6.113255,-5.829368,self_selected_gait_speed
-1.6425765,5.6031914,sit_to_stand
16.786613,4.1884217,stationary_walk
5.915306,-5.603389,tm_3kmh
10.656119,13.609273,romberg_closed
6.920744,-5.9268074,self_selected_gait_speed
0.42476887,4.2862315,sit_to_stand
14.616542,4.478079,stationary_walk
6.626983,-5.908746,tm_3kmh
7.723078,14.9783945,romberg_closed
-1.5687199,5.943765,sit_to_stand
16.484392,4.6010838,stationary_walk
11.15881,14.339481,romberg_closed
8.414547,-4.585583,self_selected_gait_speed
-2.4172657,5.053177,sit_to_stand
14.439504,4.978447,stationary_walk
8.629478,-4.6501045,tm_3kmh
7.927283,13.472392,romberg_closed
8.542504,-4.0150104,self_selected_gait_speed
-3.5324574,5.111377,sit_to_stand
16.871479,5.8587523,stationary_walk
8.491517,-4.563753,tm_3kmh
9.005267,12.78599,romberg_closed
8.311101,-3.3904393,self_selected_gait_speed
-2.5183427,3.2804544,sit_to_stand
14.697678,5.829075,stationary_walk
7.573715,15.078562,romberg_closed
-1.899464,5.824508,sit_to_stand
15.773032,4.765614,stationary_walk
9.210118,14.248496,romberg_closed
8.056236,-6.4883156,self_selected_gait_speed
-0.23546033,4.231729,sit_to_stand
15.863434,4.108601,stationary_walk
7.7831473,-6.2744718,tm_3kmh
5.762888,12.178634,romberg_closed
4.460525,-3.1275508,self_selected_gait_speed
-0.97711086,5.474607,sit_to_stand
16.400366,5.635927,stationary_walk
5.1349154,-3.8498034,tm_3kmh
7.7982287,14.381058,romberg_closed
7.123001,-3.381478,self_selected_gait_speed
-0.368013,3.9924493,sit_to_stand
15.806562,5.51227,stationary_walk
7.067742,-3.217562,tm_3kmh
10.892099,14.082127,romberg_closed
5.437743,-4.6427903,self_selected_gait_speed
-0.6044498,4.494709,sit_to_stand
13.729301,4.3952136,stationary_walk
5.632597,-4.374313,tm_3kmh
11.579926,14.510109,romberg_closed
8.864703,-6.493959,self_selected_gait_speed
0.04406072,4.0824547,sit_to_stand
14.436383,3.7030058,stationary_walk
8.762669,-6.5492387,tm_3kmh
9.348112,14.547073,romberg_closed
5.6667957,-5.5587196,self_selected_gait_speed
-1.1334634,5.7446012,sit_to_stand
13.817293,4.2021413,stationary_walk
5.6495013,-5.497212,tm_3kmh
5.0238266,11.232725,romberg_closed
9.733335,-5.488792,self_selected_gait_speed
-1.3360655,3.5228934,sit_to_stand
16.887182,6.078591,stationary_walk
9.6667,-5.343315,tm_3kmh
10.060122,13.043616,romberg_closed
9.066936,-4.2015452,self_selected_gait_speed
-0.10276944,3.5557127,sit_to_stand
15.145321,6.3914046,stationary_walk
9.224473,-4.130682,tm_3kmh
6.6308255,13.809147,romberg_closed
8.939235,-2.0723672,self_selected_gait_speed
-3.7421436,4.40513,sit_to_stand
17.421854,6.1185923,stationary_walk
9.0102825,-2.0760312,tm_3kmh
7.366101,13.315286,romberg_closed
8.221264,-3.5753794,self_selected_gait_speed
-2.9763613,3.43793,sit_to_stand
16.196066,6.4478426,stationary_walk
8.361564,-3.6242454,tm_3kmh
8.745859,14.480782,romberg_closed
6.690527,-4.551929,self_selected_gait_speed
-2.4962158,5.68386,sit_to_stand
16.848812,4.6688323,stationary_walk
6.348266,-4.4670963,tm_3kmh
10.161266,14.442763,romberg_closed
6.8043623,-6.0374904,self_selected_gait_speed
-2.56505,4.407469,sit_to_stand
14.540425,4.210046,stationary_walk
6.9616566,-6.0501738,tm_3kmh
7.5609016,14.054245,romberg_closed
9.630175,-5.857295,self_selected_gait_speed
0.16425762,3.6527917,sit_to_stand
16.390194,3.9889934,stationary_walk
9.721895,-5.6297865,tm_3kmh
8.143448,14.408892,romberg_closed
0.012767454,4.055797,sit_to_stand
14.814843,4.898641,stationary_walk
6.000093,12.189592,romberg_closed
7.6076317,-3.2613335,self_selected_gait_speed
-1.3820281,5.760258,sit_to_stand
16.497839,4.74607,stationary_walk
8.338067,-2.9889865,tm_3kmh
6.6031785,13.501007,romberg_closed
8.020143,-4.8876925,self_selected_gait_speed
-1.6007677,5.537544,sit_to_stand
17.022757,5.0700574,stationary_walk
8.110372,-5.060317,tm_3kmh
11.290564,13.894474,romberg_closed
9.472884,-3.9375892,self_selected_gait_speed
-0.99399036,2.7153034,sit_to_stand
14.5927725,5.3624587,stationary_walk
9.38434,-4.0595837,tm_3kmh
6.566154,-4.7331276,self_selected_gait_speed
9.556389,15.154414,romberg_closed
7.9135947,-5.7056475,self_selected_gait_speed
-0.40618914,3.2798913,sit_to_stand
16.46451,3.692524,stationary_walk
7.63559,-5.916613,tm_3kmh
6.444425,14.151795,romberg_closed
6.001636,-3.529466,self_selected_gait_speed
-2.1041136,5.4521313,sit_to_stand
16.936035,4.8095336,stationary_walk
5.0485415,-3.4166362,tm_3kmh
6.399581,13.394759,romberg_closed
6.9859066,-4.0220246,self_selected_gait_speed
-1.885579,4.739805,sit_to_stand
17.55354,5.309904,stationary_walk
6.7926235,-3.751967,tm_3kmh
9.525341,14.78202,romberg_closed
9.061444,-3.0395834,self_selected_gait_speed
-3.4195163,4.9841466,sit_to_stand
16.296713,5.3813825,stationary_walk
9.1775,-2.786509,tm_3kmh
6.7068095,13.1934185,romberg_closed
4.9700108,-2.9082863,self_selected_gait_speed
-2.8841274,3.640414,sit_to_stand
16.547026,6.1426435,stationary_walk
5.0667005,-2.9931664,tm_3kmh
9.047947,14.080946,romberg_closed
7.696408,-6.136373,self_selected_gait_speed
-2.9844987,5.013497,sit_to_stand
17.230951,4.8031697,stationary_walk
7.4494863,-6.642562,tm_3kmh
9.255887,14.634489,romberg_closed
5.941922,-5.160425,self_selected_gait_speed
-2.6680045,5.0353956,sit_to_stand
16.132748,3.3561401,stationary_walk
5.786903,-4.842353,tm_3kmh
7.6693287,14.197625,romberg_closed
6.4814553,-1.3315998,self_selected_gait_speed
-1.1571736,5.0904193,sit_to_stand
13.613939,4.525404,stationary_walk
6.498851,-1.3671685,tm_3kmh
8.4946375,14.822994,romberg_closed
9.432729,-5.5853963,self_selected_gait_speed
-1.6439956,5.526661,sit_to_stand
15.58165,4.911658,stationary_walk
9.327018,-5.619989,tm_3kmh
8.559381,13.939555,romberg_closed
8.980167,-4.2198434,self_selected_gait_speed
-3.157321,4.80068,sit_to_stand
15.759338,5.624938,stationary_walk
9.218727,-4.1522884,tm_3kmh
10.312181,14.655256,romberg_closed
6.287805,-3.1847486,self_selected_gait_speed
0.104637265,4.3038673,sit_to_stand
15.186874,3.6198864,stationary_walk
8.324804,-2.589364,tm_3kmh
9.856374,13.692034,romberg_closed
4.9171824,-3.0946078,self_selected_gait_speed
-1.9668822,5.269301,sit_to_stand
15.488201,4.8748446,stationary_walk
5.01112,-3.187684,tm_3kmh
8.199329,14.748004,romberg_closed
8.069356,-4.388159,self_selected_gait_speed
-1.949587,4.758205,sit_to_stand
17.090574,5.6501513,stationary_walk
8.020599,-4.4446054,tm_3kmh
7.272845,14.147167,romberg_closed
9.502525,-4.681668,self_selected_gait_speed
-1.8420836,4.3172116,sit_to_stand
14.860967,3.8420336,stationary_walk
9.537755,-4.476893,tm_3kmh
6.0044103,14.109601,romberg_closed
8.277188,-3.3174515,self_selected_gait_speed
-1.334031,4.661411,sit_to_stand
17.53048,6.0604005,stationary_walk
8.176766,-3.4350877,tm_3kmh
9.07289,15.087267,romberg_closed
6.826284,-6.390429,self_selected_gait_speed
-0.4576475,3.8575156,sit_to_stand
15.498727,4.845295,stationary_walk
6.726821,-6.692307,tm_3kmh
8.035688,14.87228,romberg_closed
8.408489,-6.3160577,self_selected_gait_speed
0.29759598,4.633208,sit_to_stand
16.44344,5.419093,stationary_walk
8.082458,-6.95084,tm_3kmh
9.217425,14.54144,romberg_closed
8.481912,-5.3133454,self_selected_gait_speed
-1.323066,4.168853,sit_to_stand
16.710575,4.1109543,stationary_walk
8.46265,-5.1470733,tm_3kmh
7.0381165,14.083815,romberg_closed
6.8964286,-1.2446469,self_selected_gait_speed
-1.0560449,4.328861,sit_to_stand
17.302425,5.689788,stationary_walk
6.806069,-1.2992537,tm_3kmh
5.7077265,12.459416,romberg_closed
8.721525,-4.6889997,self_selected_gait_speed
-2.3877316,4.160524,sit_to_stand
16.023186,5.4534388,stationary_walk
8.534106,-4.8089995,tm_3kmh
8.254749,14.599488,romberg_closed
7.1992426,-5.20557,self_selected_gait_speed
0.11376729,4.9061317,sit_to_stand
14.496528,3.786593,stationary_walk
7.0264344,-5.110801,tm_3kmh
6.160069,14.233318,romberg_closed
6.450152,-1.730116,self_selected_gait_speed
-3.430271,4.8044744,sit_to_stand
17.740898,6.1688347,stationary_walk
6.53039,-1.7949163,tm_3kmh
10.316583,14.238752,romberg_closed
6.279359,-5.6366634,self_selected_gait_speed
-0.69012386,3.9578357,sit_to_stand
14.791283,4.535562,stationary_walk
6.3819566,-5.7591414,tm_3kmh
7.0272574,14.602414,romberg_closed
6.5156674,-3.2106292,self_selected_gait_speed
-2.510068,4.4504776,sit_to_stand
17.49931,5.275167,stationary_walk
6.595036,-3.2085617,tm_3kmh
6.9592996,14.229268,romberg_closed
6.3095155,-1.0140567,self_selected_gait_speed
-0.05073802,4.3898416,sit_to_stand
16.458025,4.344767,stationary_walk
6.2448516,-0.99388665,tm_3kmh
8.062672,13.77237,romberg_closed
5.8430595,-4.652059,self_selected_gait_speed
-1.2434385,4.227333,sit_to_stand
15.801187,3.562578,stationary_walk
5.8372555,-4.7989254,tm_3kmh
10.515299,15.03342,romberg_closed
5.6276007,-1.8960496,self_selected_gait_speed
-1.7999154,5.1113734,sit_to_stand
15.167125,3.256254,stationary_walk
7.9815903,-5.4234757,tm_3kmh
10.5011215,15.047213,romberg_closed
8.048706,-6.1395917,self_selected_gait_speed
-1.162757,5.226466,sit_to_stand
14.873361,3.3029602,stationary_walk
7.649612,-5.958898,tm_3kmh
9.431312,14.3602705,romberg_closed
7.5699377,-6.2371206,self_selected_gait_speed
-1.9671488,5.014562,sit_to_stand
13.667665,4.7075396,stationary_walk
7.30732,-6.3124714,tm_3kmh
10.237866,14.865048,romberg_closed
8.548302,-5.331745,self_selected_gait_speed
-2.4688404,5.7712364,sit_to_stand
15.574545,4.147252,stationary_walk
8.502757,-5.680498,tm_3kmh
10.637604,14.06629,romberg_closed
6.134805,-6.0245824,self_selected_gait_speed
-1.9667786,3.2483528,sit_to_stand
14.913744,4.9010935,stationary_walk
5.9092836,-5.516159,tm_3kmh
7.7626724,13.943275,romberg_closed
7.002934,-6.065388,self_selected_gait_speed
-2.0511591,3.5106387,sit_to_stand
15.344506,5.6184464,stationary_walk
7.6822762,-6.237411,tm_3kmh
9.588823,15.283343,romberg_closed
4.7952595,-3.55475,self_selected_gait_speed
-0.09867922,5.103637,sit_to_stand
15.065232,3.8885207,stationary_walk
4.7359343,-3.37661,tm_3kmh
5.7200193,11.928972,romberg_closed
8.828012,-4.805249,self_selected_gait_speed
-0.5245541,4.978581,sit_to_stand
16.672207,5.0125937,stationary_walk
9.347977,-3.2908103,tm_3kmh
7.9273806,13.689009,romberg_closed
6.7919307,-4.8504453,self_selected_gait_speed
-0.61459166,4.0787807,sit_to_stand
15.9917965,5.4585686,stationary_walk
6.8735714,-4.693559,tm_3kmh
7.0167694,13.281669,romberg_closed
8.06042,-4.121855,self_selected_gait_speed
-3.0585554,5.209891,sit_to_stand
16.848345,6.0310597,stationary_walk
7.7871895,-4.2644544,tm_3kmh
8.628565,12.784903,romberg_closed
8.60181,-4.667739,self_selected_gait_speed
-0.7923058,3.4420428,sit_to_stand
14.523198,5.7092676,stationary_walk
8.769263,-4.6552258,tm_3kmh
8.00143,14.304788,romberg_closed
8.859856,-4.882773,self_selected_gait_speed
-2.2847555,4.520479,sit_to_stand
15.457706,4.803287,stationary_walk
8.831663,-5.1744003,tm_3kmh
6.341851,13.144839,romberg_closed
7.9922056,-2.9878092,self_selected_gait_speed
-1.5897268,4.4616075,sit_to_stand
16.183388,6.177048,stationary_walk
7.65528,-3.0003235,tm_3kmh
6.1767187,13.617972,romberg_closed
6.5083966,-2.8656363,self_selected_gait_speed
-0.36964083,4.8810697,sit_to_stand
17.401335,5.0115166,stationary_walk
6.578617,-2.709432,tm_3kmh
5.664179,11.397894,romberg_closed
8.936587,-2.4197333,self_selected_gait_speed
-1.5516275,3.5917165,sit_to_stand
14.872955,6.007665,stationary_walk
8.527369,-2.5303237,tm_3kmh
9.633804,14.926609,romberg_closed
8.768335,-3.291916,self_selected_gait_speed
-2.7753007,4.199278,sit_to_stand
15.616348,4.5534444,stationary_walk
8.277525,-3.7517607,tm_3kmh
6.133569,11.876794,romberg_closed
8.010889,-3.5178528,self_selected_gait_speed
-1.2789732,3.9597604,sit_to_stand
15.034067,5.283382,stationary_walk
7.8987875,-3.068184,tm_3kmh
8.352794,14.1023855,romberg_closed
6.045032,-3.5910444,self_selected_gait_speed
0.26752418,4.103984,sit_to_stand
16.641064,4.334951,stationary_walk
6.0740848,-3.7024226,tm_3kmh
6.831396,13.868892,romberg_closed
9.112166,-3.8049629,self_selected_gait_speed
-3.5796762,4.6233625,sit_to_stand
16.450098,5.7475634,stationary_walk
8.9607,-3.6194997,tm_3kmh
10.534312,14.350627,romberg_closed
7.566662,-4.0312676,self_selected_gait_speed
-3.4011812,4.430738,sit_to_stand
16.700201,5.280841,stationary_walk
6.9507065,-3.2788966,tm_3kmh
11.089723,13.686145,romberg_closed
7.784847,-5.332363,self_selected_gait_speed
-0.9705871,3.4050999,sit_to_stand
13.582354,4.497139,stationary_walk
7.657527,-5.3618484,tm_3kmh
6.38536,12.262816,romberg_closed
8.715826,-6.4252496,self_selected_gait_speed
-0.9582133,3.4778495,sit_to_stand
15.549573,3.984448,stationary_walk
8.464513,-6.2125344,tm_3kmh
10.9524765,14.030653,romberg_closed
9.3736315,-2.0645735,self_selected_gait_speed
-1.8445331,3.1034513,sit_to_stand
15.385665,5.757609,stationary_walk
9.582012,-2.1550279,tm_3kmh
6.1236186,11.907793,romberg_closed
9.6420555,-3.791164,self_selected_gait_speed
-2.119488,4.102257,sit_to_stand
15.673404,5.4711556,stationary_walk
8.491069,-5.400466,tm_3kmh
9.924034,15.128751,romberg_closed
7.3012857,-6.272789,self_selected_gait_speed
-1.786599,3.7939622,sit_to_stand
15.215023,4.0075836,stationary_walk
7.2734337,-6.2755527,tm_3kmh
10.421079,13.540563,romberg_closed
5.1717343,-4.105205,self_selected_gait_speed
-0.62832236,2.6718357,sit_to_stand
14.140179,5.3647127,stationary_walk
8.202491,14.412594,romberg_closed
9.679626,-3.1636674,self_selected_gait_speed
-1.8484343,5.0783296,sit_to_stand
15.624625,4.0761046,stationary_walk
9.537662,-2.9434307,tm_3kmh
11.366994,13.907934,romberg_closed
4.9535007,-3.5053437,self_selected_gait_speed
-0.5735911,2.976997,sit_to_stand
14.322256,5.447836,stationary_walk
4.5320606,-3.0415926,tm_3kmh
9.465894,13.1886015,romberg_closed
9.405827,-4.518268,self_selected_gait_speed
-2.3077588,3.0752854,sit_to_stand
14.583821,5.826471,stationary_walk
9.275445,-4.4370832,tm_3kmh
8.883833,15.30444,romberg_closed
7.0144463,-5.354878,self_selected_gait_speed
-0.044180825,5.613129,sit_to_stand
16.000195,3.7641902,stationary_walk
7.266507,-5.673819,tm_3kmh
7.2842236,14.571989,romberg_closed
7.0339346,-3.712851,self_selected_gait_speed
-2.293252,5.60733,sit_to_stand
16.9258,4.5343266,stationary_walk
7.2909255,-3.940354,tm_3kmh
8.772193,12.722105,romberg_closed
7.899079,-4.559727,self_selected_gait_speed
-0.8127743,3.0991678,sit_to_stand
14.447434,5.7198386,stationary_walk
7.841905,-4.7589183,tm_3kmh
6.73779,11.944932,romberg_closed
-2.375833,3.125661,sit_to_stand
14.464704,4.83075,stationary_walk
11.256296,15.030703,romberg_closed
7.2200356,-5.1959105,self_selected_gait_speed
0.20581143,4.3609896,sit_to_stand
15.192912,3.3366528,stationary_walk
7.2065287,-5.211353,tm_3kmh
10.5379715,14.389617,romberg_closed
6.5029106,-4.5242624,self_selected_gait_speed
-3.4196882,4.378579,sit_to_stand
15.312642,4.3628287,stationary_walk
6.1832876,-4.4781246,tm_3kmh
8.810547,14.083122,romberg_closed
6.6329894,-4.7105207,self_selected_gait_speed
-3.2808928,4.666495,sit_to_stand
17.49884,5.085617,stationary_walk
6.9405727,-5.090654,tm_3kmh
11.051168,14.502377,romberg_closed
-0.0047530145,3.4419754,sit_to_stand
15.182572,3.4881415,stationary_walk
7.596634,12.353655,romberg_closed
7.5602055,-3.0771775,self_selected_gait_speed
-0.61532253,3.181447,sit_to_stand
13.665458,4.7389383,stationary_walk
7.5275793,-3.187101,tm_3kmh
9.496582,13.337448,romberg_closed
5.500564,-5.2083845,self_selected_gait_speed
-0.13004735,4.6976833,sit_to_stand
15.757722,3.883331,stationary_walk
5.551443,-4.969857,tm_3kmh
10.144194,15.016117,romberg_closed
7.563546,-4.801808,self_selected_gait_speed
-1.4769913,4.17147,sit_to_stand
16.143023,4.569484,stationary_walk
7.5614343,-4.6948705,tm_3kmh
8.530716,15.20159,romberg_closed
8.653876,-2.4672494,self_selected_gait_speed
-2.3482304,5.8873773,sit_to_stand
17.380735,5.362701,stationary_walk
8.660629,-2.5880113,tm_3kmh
5.006386,11.135418,romberg_closed
8.300617,-2.748605,self_selected_gait_speed
-2.0651774,3.0272124,sit_to_stand
15.773078,6.262156,stationary_walk
8.134131,-2.7567909,tm_3kmh
7.4776616,13.243849,romberg_closed
6.2205167,-4.5412235,self_selected_gait_speed
0.22917542,5.204351,sit_to_stand
16.317616,5.6036325,stationary_walk
6.122665,-4.608491,tm_3kmh
9.117577,14.952651,romberg_closed
7.157273,-3.7020946,self_selected_gait_speed
-0.20748445,3.55955,sit_to_stand
16.176373,4.6797094,stationary_walk
7.119822,-4.340178,tm_3kmh
10.599229,13.707803,romberg_closed
8.459681,-4.590785,self_selected_gait_speed
-0.34965807,4.8334765,sit_to_stand
14.918345,5.77944,stationary_walk
8.546685,-4.7133265,tm_3kmh
9.497512,13.838739,romberg_closed
10.15343,-2.5771916,self_selected_gait_speed
-2.9392219,3.5141437,sit_to_stand
15.88652,6.162801,stationary_walk
10.066689,-2.5968432,tm_3kmh
11.534313,14.662472,romberg_closed
7.3129396,-4.984386,self_selected_gait_speed
-0.31584603,3.3811214,sit_to_stand
14.860829,4.1176515,stationary_walk
7.222275,-4.737889,tm_3kmh
9.516751,14.484889,romberg_closed
6.2619495,-0.94665277,self_selected_gait_speed
-0.87610316,3.5644844,sit_to_stand
15.866867,3.532845,stationary_walk
6.2997584,-0.9003416,tm_3kmh
6.985743,13.850907,romberg_closed
8.394035,-4.0985155,self_selected_gait_speed
-2.123765,4.8142653,sit_to_stand
16.526798,5.559302,stationary_walk
8.371074,-4.5678453,tm_3kmh
7.921117,14.565323,romberg_closed
8.2009535,-5.751221,self_selected_gait_speed
-2.494065,5.5341268,sit_to_stand
16.059618,3.8448951,stationary_walk
8.257763,-5.577365,tm_3kmh
8.4918995,13.988558,romberg_closed
7.377976,-6.192414,self_selected_gait_speed
-0.29128495,3.0223143,sit_to_stand
15.136199,4.160141,stationary_walk
7.089274,-6.5915713,tm_3kmh
8.065492,14.696222,romberg_closed
8.634533,-4.6306853,self_selected_gait_speed
-2.4594343,5.500779,sit_to_stand
14.593931,5.1746316,stationary_walk
8.933055,-4.2113175,tm_3kmh
11.162632,14.531516,romberg_closed
9.541598,-5.4544773,self_selected_gait_speed
0.33828261,3.965334,sit_to_stand
15.569397,4.6708755,stationary_walk
9.370189,-5.565214,tm_3kmh
10.1249075,14.033701,romberg_closed
6.378678,-4.7256117,self_selected_gait_speed
-3.0760238,5.0505404,sit_to_stand
13.865802,4.5520196,stationary_walk
6.264356,-5.247052,tm_3kmh
9.3942375,15.324558,romberg_closed
8.956035,-5.331554,self_selected_gait_speed
-2.900449,3.957862,sit_to_stand
16.077831,4.287908,stationary_walk
8.850963,-5.574556,tm_3kmh
8.6448555,14.987047,romberg_closed
7.272152,-4.7620273,self_selected_gait_speed
-1.5535806,5.0008044,sit_to_stand
17.540995,5.2905903,stationary_walk
7.1966276,-4.5511036,tm_3kmh
10.740957,14.336454,romberg_closed
6.0767527,-5.9771028,self_selected_gait_speed
-0.91755205,5.3721776,sit_to_stand
15.38185,4.1622405,stationary_walk
6.530886,-6.2745924,tm_3kmh
7.091175,12.425187,romberg_closed
6.5682096,-4.73856,self_selected_gait_speed
-1.5350922,6.124098,sit_to_stand
15.783924,4.3045707,stationary_walk
6.6894565,-5.5849094,tm_3kmh
6.7775183,14.74365,romberg_closed
6.4710107,-1.1250783,self_selected_gait_speed
-2.2271733,5.667817,sit_to_stand
17.696453,5.26945,stationary_walk
6.5071597,-1.0433921,tm_3kmh
6.9018183,13.279853,romberg_closed
7.862571,-3.3429852,self_selected_gait_speed
-3.0520391,4.845829,sit_to_stand
14.768261,5.3680835,stationary_walk
7.5107183,-3.722591,tm_3kmh
7.5859575,13.64686,romberg_closed
6.4186645,-4.7144427,self_selected_gait_speed
-3.3656921,5.1795707,sit_to_stand
15.911411,4.4564347,stationary_walk
6.5909305,-4.8820686,tm_3kmh
7.610255,12.317139,romberg_closed
7.534437,-4.1860394,self_selected_gait_speed
-2.3081486,4.9619136,sit_to_stand
14.749841,5.370854,stationary_walk
8.109489,-5.01921,tm_3kmh
9.991132,15.224258,romberg_closed
6.2865663,-3.4887388,self_selected_gait_speed
-1.1852708,3.5338483,sit_to_stand
15.620929,3.9168878,stationary_walk
5.6294827,-3.4933567,tm_3kmh
6.340063,13.230836,romberg_closed
8.346148,-3.7013,self_selected_gait_speed
-2.9240134,5.303293,sit_to_stand
17.690332,6.3381643,stationary_walk
8.485261,-3.4456117,tm_3kmh
10.91941,14.766361,romberg_closed
8.051901,-4.288696,self_selected_gait_speed
-1.3211008,5.106791,sit_to_stand
15.239519,4.0437303,stationary_walk
8.150338,-4.2125454,tm_3kmh
6.2304516,13.675455,romberg_closed
9.550931,-5.0627403,self_selected_gait_speed
-3.497487,4.004119,sit_to_stand
16.791462,6.6983104,stationary_walk
9.520644,-5.1084447,tm_3kmh
11.344069,14.381501,romberg_closed
0.4663434,4.479407,sit_to_stand
15.008911,3.5773015,stationary_walk
8.29683,15.093187,romberg_closed
6.3422503,-4.3093786,self_selected_gait_speed
-2.882561,5.638964,sit_to_stand
16.439941,4.108859,stationary_walk
6.068444,-4.2026744,tm_3kmh
10.766784,14.7652645,romberg_closed
4.851876,-3.5023358,self_selected_gait_speed
-1.4791584,4.0117946,sit_to_stand
15.723666,4.7205453,stationary_walk
4.7150984,-3.4987805,tm_3kmh
8.916401,12.815323,romberg_closed
8.626785,-5.4035597,self_selected_gait_speed
-1.2285314,3.165812,sit_to_stand
16.08836,6.38113,stationary_walk
8.126532,-5.234567,tm_3kmh
6.3441467,11.984494,romberg_closed
-2.946874,5.249715,sit_to_stand
16.431751,6.0117598,stationary_walk
8.015813,15.211206,romberg_closed
7.3057103,-4.7082605,self_selected_gait_speed
-1.0532821,6.149286,sit_to_stand
15.538614,3.3610637,stationary_walk
7.3961163,-4.8626885,tm_3kmh
8.047676,14.953062,romberg_closed
8.860387,-4.606353,self_selected_gait_speed
-2.6791072,4.996677,sit_to_stand
16.89732,4.5432396,stationary_walk
8.409603,-4.2277017,tm_3kmh
5.4852486,11.369038,romberg_closed
8.6587515,-4.5805225,self_selected_gait_speed
-2.2085998,4.819323,sit_to_stand
17.53789,5.0706224,stationary_walk
9.1383,-3.8952708,tm_3kmh
9.925077,15.470881,romberg_closed
6.8423543,-4.496107,self_selected_gait_speed
-1.0835212,4.56991,sit_to_stand
16.617186,3.614927,stationary_walk
6.77387,-4.226586,tm_3kmh
6.3074145,13.609311,romberg_closed
8.645209,-2.8724802,self_selected_gait_speed
-1.8788016,4.741436,sit_to_stand
17.157106,6.5526237,stationary_walk
8.550673,-2.7751007,tm_3kmh
8.955779,15.111738,romberg_closed
9.545783,-3.226875,self_selected_gait_speed
-0.42543674,4.235362,sit_to_stand
16.944954,4.558955,stationary_walk
9.627845,-3.1417222,tm_3kmh
8.668133,15.250852,romberg_closed
6.6193204,-1.963318,self_selected_gait_speed
-1.2246532,6.18047,sit_to_stand
16.882864,5.4380593,stationary_walk
6.6703873,-1.9410696,tm_3kmh
5.7498813,11.373497,romberg_closed
7.3618364,-3.9433978,self_selected_gait_speed
-0.3516946,3.7712145,sit_to_stand
14.620911,5.290193,stationary_walk
6.856278,-3.6807156,tm_3kmh
5.0500927,11.251701,romberg_closed
9.680928,-3.3142967,self_selected_gait_speed
-2.6856024,4.4339547,sit_to_stand
17.686924,6.5516715,stationary_walk
9.806345,-3.1309261,tm_3kmh
9.976902,14.335974,romberg_closed
6.522108,-0.5274314,self_selected_gait_speed
-1.0532938,5.7121367,sit_to_stand
16.33587,3.9228575,stationary_walk
6.5362067,-0.5656026,tm_3kmh
8.86974,13.918176,romberg_closed
5.8691587,-4.578609,self_selected_gait_speed
-1.9739654,3.640865,sit_to_stand
13.892893,4.9339986,stationary_walk
5.9406247,-4.6039896,tm_3kmh
8.203875,14.964722,romberg_closed
6.2447815,-5.598364,self_selected_gait_speed
-2.2480366,5.755638,sit_to_stand
16.065395,3.8959987,stationary_walk
5.9887214,-5.3240376,tm_3kmh
9.150151,14.017171,romberg_closed
7.7479515,-3.591534,self_selected_gait_speed
-2.3439188,4.3996086,sit_to_stand
16.178818,3.650868,stationary_walk
7.754328,-3.391608,tm_3kmh
7.6931596,13.86771,romberg_closed
5.6266537,-4.5661983,self_selected_gait_speed
-2.2127252,4.0233474,sit_to_stand
16.217274,5.0835943,stationary_walk
6.1033645,-4.7499785,tm_3kmh
9.963548,13.478089,romberg_closed
9.497838,-4.4423776,self_selected_gait_speed
-1.3195955,3.7970083,sit_to_stand
14.976469,5.0489697,stationary_walk
8.902946,-5.172259,tm_3kmh
5.9944463,12.5529995,romberg_closed
8.9111,-5.0743766,self_selected_gait_speed
-0.28056353,3.9068968,sit_to_stand
17.043402,3.9131389,stationary_walk
8.6105175,-5.49914,tm_3kmh
6.4204526,13.405689,romberg_closed
8.541395,-3.704684,self_selected_gait_speed
-1.3043689,5.243943,sit_to_stand
16.789658,6.4283395,stationary_walk
8.033125,-4.1912513,tm_3kmh
9.192987,14.192346,romberg_closed
7.8094087,-3.943366,self_selected_gait_speed
-1.8461756,4.556907,sit_to_stand
15.463194,4.693442,stationary_walk
7.179313,-3.8338974,tm_3kmh
8.727888,13.257861,romberg_closed
7.3795304,-3.8109756,self_selected_gait_speed
-0.62503093,4.0339313,sit_to_stand
15.934726,5.694919,stationary_walk
7.577487,-3.7203305,tm_3kmh
7.771904,13.630621,romberg_closed
5.593837,-1.8264357,self_selected_gait_speed
-2.5005558,5.695133,sit_to_stand
14.686251,3.9058406,stationary_walk
5.859736,-2.15961,tm_3kmh
8.738493,14.88526,romberg_closed
6.614172,-6.471492,self_selected_gait_speed
-3.3211288,4.7852416,sit_to_stand
15.91164,5.0210457,stationary_walk
6.7002897,-6.4754105,tm_3kmh
5.473513,11.9051285,romberg_closed
6.5487504,-3.0332851,self_selected_gait_speed
-1.148106,4.6756124,sit_to_stand
17.145504,5.1247387,stationary_walk
6.452472,-3.0848699,tm_3kmh
5.2550864,11.138045,romberg_closed
8.604837,-2.6922486,self_selected_gait_speed
-3.7277932,4.3219523,sit_to_stand
17.125952,6.793902,stationary_walk
8.252669,-2.7160285,tm_3kmh
6.679187,14.439469,romberg_closed
7.471676,-5.0548925,self_selected_gait_speed
-2.6854284,5.615294,sit_to_stand
16.567732,4.7936406,stationary_walk
7.451746,-4.9785066,tm_3kmh
9.787665,14.257424,romberg_closed
9.196362,-4.0624843,self_selected_gait_speed
-1.8429626,4.0532894,sit_to_stand
15.320986,3.7641306,stationary_walk
9.338862,-3.9865024,tm_3kmh
9.325169,14.319064,romberg_closed
7.5464277,-6.431629,self_selected_gait_speed
-2.9273014,5.211661,sit_to_stand
16.593914,4.6200047,stationary_walk
7.6291366,-6.1996136,tm_3kmh
5.475656,11.415915,romberg_closed
7.4174185,-3.0932927,self_selected_gait_speed
-2.9072812,5.000594,sit_to_stand
17.442665,6.362151,stationary_walk
7.439924,-3.395998,tm_3kmh
6.690575,13.858821,romberg_closed
8.427694,-3.8328438,self_selected_gait_speed
-1.9021875,5.148061,sit_to_stand
17.142176,5.649143,stationary_walk
8.632494,-4.1016407,tm_3kmh
7.1838555,14.230922,romberg_closed
6.784025,-4.8596416,self_selected_gait_speed
-1.6421078,3.5405018,sit_to_stand
16.076738,4.797915,stationary_walk
5.1070185,-3.5395184,tm_3kmh
9.995219,14.41125,romberg_closed
8.068079,-6.248009,self_selected_gait_speed
-1.905772,3.4334464,sit_to_stand
15.403205,4.650855,stationary_walk
8.354855,-6.021467,tm_3kmh
8.323657,13.788959,romberg_closed
8.214807,-4.4350777,self_selected_gait_speed
-2.5268729,4.871722,sit_to_stand
15.460246,4.884035,stationary_walk
8.117969,-4.6242085,tm_3kmh
8.581829,13.436915,romberg_closed
7.169073,-3.246377,self_selected_gait_speed
-2.7823038,4.078326,sit_to_stand
15.436045,4.557539,stationary_walk
6.770685,-3.386371,tm_3kmh
7.523856,12.906324,romberg_closed
9.3408785,-6.1923294,self_selected_gait_speed
0.1860338,5.202138,sit_to_stand
14.433077,5.3254175,stationary_walk
9.488218,-6.0971503,tm_3kmh
6.8499484,13.893918,romberg_closed
6.287239,-4.3814936,self_selected_gait_speed
-1.1273471,4.9011803,sit_to_stand
16.372713,5.283174,stationary_walk
6.1825414,-4.4005795,tm_3kmh
10.683292,14.327661,romberg_closed
7.177922,-4.7094007,self_selected_gait_speed
-0.23073405,3.614589,sit_to_stand
15.317288,3.6140852,stationary_walk
8.223275,-5.5801277,tm_3kmh
8.228949,14.083661,romberg_closed
7.3390417,-3.8980615,self_selected_gait_speed
-3.0361638,4.474439,sit_to_stand
16.325966,5.46232,stationary_walk
7.498649,-3.9820373,tm_3kmh
9.29079,13.40891,romberg_closed
6.8360715,-3.2889836,self_selected_gait_speed
-0.43776706,3.387535,sit_to_stand
14.564862,5.5507913,stationary_walk
7.1350946,-3.5395517,tm_3kmh
7.679539,13.324185,romberg_closed
6.3898654,-4.8386316,self_selected_gait_speed
-2.7196863,3.901137,sit_to_stand
16.666977,5.9875183,stationary_walk
6.334393,-4.8130918,tm_3kmh
7.0039825,12.200044,romberg_closed
7.279063,-4.774584,self_selected_gait_speed
0.012792986,4.9733343,sit_to_stand
14.895871,3.8900917,stationary_walk
7.2527366,-4.7060237,tm_3kmh
8.190505,12.511419,romberg_closed
8.164023,-3.6606808,self_selected_gait_speed
-1.6645974,4.899689,sit_to_stand
15.781675,5.3409176,stationary_walk
8.128855,-3.4949503,tm_3kmh
11.113982,14.905868,romberg_closed
8.798279,-3.3179502,self_selected_gait_speed
-2.2022433,4.2941203,sit_to_stand
15.261262,4.123249,stationary_walk
8.680851,-3.405258,tm_3kmh
7.822845,14.801606,romberg_closed
8.402609,-4.878677,self_selected_gait_speed
-2.9899936,5.0956244,sit_to_stand
16.703876,4.2418756,stationary_walk
8.589296,-5.159833,tm_3kmh
6.8824444,12.948027,romberg_closed
-1.1572328,4.6319613,sit_to_stand
15.152208,6.0549498,stationary_walk
7.887829,12.50477,romberg_closed
8.639489,-6.211671,self_selected_gait_speed
-1.5031242,3.0337186,sit_to_stand
15.767602,6.2317176,stationary_walk
8.374169,-6.2356787,tm_3kmh
7.1208806,14.426366,romberg_closed
8.026808,-6.860019,self_selected_gait_speed
-0.12615155,3.7776992,sit_to_stand
14.797335,4.0635443,stationary_walk
7.8679957,-6.865642,tm_3kmh
7.9289184,14.052829,romberg_closed
7.20642,-5.536072,self_selected_gait_speed
-0.026223548,4.00978,sit_to_stand
15.404684,4.426029,stationary_walk
7.175733,-5.4294424,tm_3kmh
9.101166,13.348025,romberg_closed
9.805731,-3.8982668,self_selected_gait_speed
0.008603096,4.1630726,sit_to_stand
15.434579,4.400373,stationary_walk
9.80866,-3.9808087,tm_3kmh
5.5433927,11.313072,romberg_closed
8.392568,-3.881473,self_selected_gait_speed
-3.5857701,5.089206,sit_to_stand
16.623743,6.01437,stationary_walk
8.592029,-3.6252463,tm_3kmh
5.5128508,11.940373,romberg_closed
-2.1401327,3.835963,sit_to_stand
17.449102,5.842432,stationary_walk
8.705984,12.892351,romberg_closed
6.5617695,-3.7653785,self_selected_gait_speed
-0.8808992,3.665638,sit_to_stand
15.017109,5.4727035,stationary_walk
6.4305415,-3.5309873,tm_3kmh
9.432887,14.860267,romberg_closed
5.9124627,-5.0187626,self_selected_gait_speed
-3.2908633,4.075546,sit_to_stand
16.68709,5.0848856,stationary_walk
6.0796146,-4.976941,tm_3kmh
6.757319,13.334601,romberg_closed
9.500999,-4.0220075,self_selected_gait_speed
-2.5132961,4.464096,sit_to_stand
15.872376,5.9981613,stationary_walk
9.088633,-4.5504313,tm_3kmh
6.3867445,13.971095,romberg_closed
10.241354,-2.9390862,self_selected_gait_speed
-0.0129463365,4.3517776,sit_to_stand
16.583448,6.165895,stationary_walk
10.22856,-2.929272,tm_3kmh
7.637051,15.083006,romberg_closed
6.4175096,-6.3745866,self_selected_gait_speed
-1.3097124,3.8606555,sit_to_stand
16.097832,3.444561,stationary_walk
6.367363,-6.1612787,tm_3kmh
8.89951,15.35492,romberg_closed
8.174775,-5.780065,self_selected_gait_speed
-1.0108438,4.222847,sit_to_stand
15.806479,3.7402396,stationary_walk
7.9623294,-5.8908014,tm_3kmh
6.9433117,14.851232,romberg_closed
8.1041765,-5.933658,self_selected_gait_speed
-2.7594771,5.533647,sit_to_stand
13.79455,4.493762,stationary_walk
7.8786893,-5.967801,tm_3kmh
6.7507243,13.399643,romberg_closed
7.742296,-3.4771616,self_selected_gait_speed
-1.3829952,3.305336,sit_to_stand
15.886725,6.065264,stationary_walk
7.766639,-3.3241358,tm_3kmh
7.9029384,15.064548,romberg_closed
-1.3757596,4.9870853,sit_to_stand
15.779665,4.578098,stationary_walk
9.302477,14.635404,romberg_closed
4.5152273,-3.179447,self_selected_gait_speed
-2.8623297,4.836279,sit_to_stand
16.682066,4.556439,stationary_walk
4.44573,-3.162206,tm_3kmh
8.600827,12.865763,romberg_closed
6.903541,-3.4914527,self_selected_gait_speed
-1.6428075,3.0163102,sit_to_stand
13.690157,4.8090534,stationary_walk
6.84273,-3.6436791,tm_3kmh
8.698985,13.464467,romberg_closed
4.8687606,-3.3227255,self_selected_gait_speed
0.55455464,4.5375824,sit_to_stand
14.793327,4.2108693,stationary_walk
9.052014,12.669253,romberg_closed
9.6263685,-5.567408,self_selected_gait_speed
-0.977811,2.7169063,sit_to_stand
14.671367,6.1105146,stationary_walk
9.538007,-5.512414,tm_3kmh
10.645331,14.808703,romberg_closed
7.0833883,-4.973477,self_selected_gait_speed
-3.1590579,5.219343,sit_to_stand
16.838425,4.395522,stationary_walk
7.3407693,-5.2214475,tm_3kmh
6.639758,14.18927,romberg_closed
6.9648952,-3.3828852,self_selected_gait_speed
-2.1908808,4.7868166,sit_to_stand
17.278538,4.035718,stationary_walk
6.738099,-3.5578282,tm_3kmh
8.971527,15.340759,romberg_closed
5.0314565,-3.3960507,self_selected_gait_speed
-0.108473964,4.92438,sit_to_stand
16.878132,3.8403063,stationary_walk
5.0620265,-3.3758268,tm_3kmh
7.3039055,14.155221,romberg_closed
6.341765,-1.0725323,self_selected_gait_speed
-0.58577806,3.9927688,sit_to_stand
15.66194,4.487548,stationary_walk
6.382957,-1.0213146,tm_3kmh
6.837506,12.079813,romberg_closed
8.154521,-4.888405,self_selected_gait_speed
-0.71771127,5.185557,sit_to_stand
16.263956,4.491529,stationary_walk
7.7892976,-5.888141,tm_3kmh
6.958101,14.3061,romberg_closed
7.976323,-6.016227,self_selected_gait_speed
-2.5482903,5.056666,sit_to_stand
16.375338,6.027023,stationary_walk
7.972897,-6.009355,tm_3kmh
10.612047,14.115922,romberg_closed
7.3309503,-6.933437,self_selected_gait_speed
-1.2123736,5.1495695,sit_to_stand
15.227233,4.399285,stationary_walk
7.2595887,-6.952251,tm_3kmh
10.995799,15.129979,romberg_closed
7.9094334,-6.1731653,self_selected_gait_speed
-2.5930274,4.6148267,sit_to_stand
13.744218,4.213664,stationary_walk
7.662529,-5.809841,tm_3kmh
9.858245,14.959806,romberg_closed
9.4470215,-4.8697424,self_selected_gait_speed
0.08817583,5.047289,sit_to_stand
15.879105,4.3863435,stationary_walk
8.780326,-3.182239,tm_3kmh
7.4682026,13.401198,romberg_closed
4.559708,-3.0811334,self_selected_gait_speed
-0.15502053,5.4817715,sit_to_stand
16.758081,5.8702965,stationary_walk
8.424728,-5.1313577,self_selected_gait_speed
0.11342697,5.058388,sit_to_stand
14.902839,4.5130076,stationary_walk
8.616822,-4.918709,tm_3kmh
9.095201,13.924581,romberg_closed
6.7147584,-5.113062,self_selected_gait_speed
-2.1027987,3.2035763,sit_to_stand
15.004778,5.1635914,stationary_walk
6.4992213,-5.073114,tm_3kmh
9.069227,13.731836,romberg_closed
6.31003,-0.9970791,self_selected_gait_speed
-2.081054,5.3331227,sit_to_stand
16.182064,5.4260716,stationary_walk
6.29686,-1.0030909,tm_3kmh
9.124302,13.404983,romberg_closed
7.4276896,-5.8914843,self_selected_gait_speed
-0.5666818,5.394604,sit_to_stand
15.85476,4.9119554,stationary_walk
7.1483626,-5.5438066,tm_3kmh
7.6531153,13.966169,romberg_closed
8.187875,-5.2944226,self_selected_gait_speed
-0.31888345,4.584849,sit_to_stand
15.730133,5.10283,stationary_walk
7.937787,-5.4233837,tm_3kmh
6.052447,11.692169,romberg_closed
-0.8757906,3.2062736,sit_to_stand
16.40434,6.739262,stationary_walk
9.578819,15.617651,romberg_closed
7.266115,-4.9453545,self_selected_gait_speed
-2.756429,5.473323,sit_to_stand
16.465685,3.5528235,stationary_walk
6.950397,-5.0686073,tm_3kmh
7.5465755,14.812825,romberg_closed
7.722936,-5.8697023,self_selected_gait_speed
-1.5166248,5.071381,sit_to_stand
14.909873,3.4968355,stationary_walk
7.4992194,-5.549426,tm_3kmh
7.92837,15.2003975,romberg_closed
6.575027,-1.4010727,self_selected_gait_speed
-2.843345,5.7691717,sit_to_stand
17.283987,4.816566,stationary_walk
6.5072837,-1.2782729,tm_3kmh
10.834143,14.4230795,romberg_closed
9.321154,-3.080504,self_selected_gait_speed
-0.08601964,5.3422947,sit_to_stand
15.014525,4.021019,stationary_walk
9.371284,-3.0964909,tm_3kmh
6.2128215,11.573,romberg_closed
5.4160047,-3.5123177,self_selected_gait_speed
-1.3477746,4.1504297,sit_to_stand
15.430947,4.918512,stationary_walk
5.662674,-3.4266727,tm_3kmh
7.4385,12.213139,romberg_closed
4.4033647,-2.9440498,self_selected_gait_speed
0.04442944,3.7980437,sit_to_stand
15.20313,4.7308855,stationary_walk
4.47998,-2.9926558,tm_3kmh
8.737698,15.416701,romberg_closed
7.0517063,-4.4766197,self_selected_gait_speed
-2.2969737,5.84143,sit_to_stand
16.261599,3.6996212,stationary_walk
6.9599442,-4.4817195,tm_3kmh
5.880539,11.347432,romberg_closed
8.548865,-3.0012622,self_selected_gait_speed
-1.9366609,3.825309,sit_to_stand
17.059254,6.7988524,stationary_walk
8.095424,-2.963026,tm_3kmh
10.191048,13.421673,romberg_closed
9.809426,-3.850472,self_selected_gait_speed
-2.3794558,4.7109246,sit_to_stand
15.395377,6.115543,stationary_walk
9.714083,-3.7110693,tm_3kmh
10.222219,14.137937,romberg_closed
7.9706717,-5.472231,self_selected_gait_speed
-0.54580736,5.038068,sit_to_stand
16.016737,5.0908694,stationary_walk
7.8893337,-5.544509,tm_3kmh
8.56835,14.227736,romberg_closed
6.5004754,-4.4342885,self_selected_gait_speed
-2.0688958,5.3058515,sit_to_stand
15.875593,4.905154,stationary_walk
6.3268766,-4.4326606,tm_3kmh
9.600498,14.613302,romberg_closed
6.841538,-4.137177,self_selected_gait_speed
-2.8029027,4.9501405,sit_to_stand
14.37006,4.697607,stationary_walk
6.5747848,-4.436507,tm_3kmh
9.322495,14.7214,romberg_closed
5.7444167,-2.0767684,self_selected_gait_speed
-1.7498885,4.9675794,sit_to_stand
16.49945,4.913542,stationary_walk
5.5623603,-1.8475848,tm_3kmh
10.670924,14.640444,romberg_closed
6.9529953,-6.336181,self_selected_gait_speed
-2.2246478,4.667931,sit_to_stand
16.259232,3.4567635,stationary_walk
6.6366434,-6.593432,tm_3kmh
9.7294655,14.693615,romberg_closed
7.701189,-5.048878,self_selected_gait_speed
-1.2743887,6.0844154,sit_to_stand
16.219196,4.170478,stationary_walk
7.638334,-5.292008,tm_3kmh
9.799574,14.444108,romberg_closed
9.57734,-2.6530876,self_selected_gait_speed
-2.3671682,5.4350405,sit_to_stand
16.771753,5.8693843,stationary_walk
9.413055,-2.724367,tm_3kmh
5.598483,11.693679,romberg_closed
7.7215385,-2.6306698,self_selected_gait_speed
-1.3294688,3.471788,sit_to_stand
15.277151,6.192111,stationary_walk
7.523429,-2.6043115,tm_3kmh
9.631315,13.381008,romberg_closed
7.874481,-3.2528007,self_selected_gait_speed
-0.8997327,3.452578,sit_to_stand
16.077892,5.363577,stationary_walk
7.989979,-3.1658819,tm_3kmh
7.686974,12.975565,romberg_closed
8.6141815,-3.256871,self_selected_gait_speed
-2.8568623,3.607991,sit_to_stand
15.771178,6.597639,stationary_walk
8.739739,-3.267005,tm_3kmh
6.4301,13.158546,romberg_closed
6.398948,-1.228322,self_selected_gait_speed
-3.3351867,5.007287,sit_to_stand
16.20404,5.7569704,stationary_walk
6.386572,-1.1768458,tm_3kmh
6.1728654,13.698203,romberg_closed
9.162433,-3.0344892,self_selected_gait_speed
-2.03095,4.893737,sit_to_stand
17.064463,6.23584,stationary_walk
8.731279,-3.1748314,tm_3kmh
5.062238,11.007644,romberg_closed
5.3724465,-3.247057,self_selected_gait_speed
-1.201781,3.599681,sit_to_stand
16.07854,6.25281,stationary_walk
5.2962937,-3.3747323,tm_3kmh
8.875901,14.856037,romberg_closed
8.9305935,-3.3394113,self_selected_gait_speed
-1.6754726,4.604467,sit_to_stand
16.026693,4.4114294,stationary_walk
8.951159,-3.2907825,tm_3kmh
7.1566086,12.914828,romberg_closed
7.7485394,-2.9889019,self_selected_gait_speed
-0.5549806,2.9396791,sit_to_stand
14.851159,5.76749,stationary_walk
6.7988834,-3.4151719,tm_3kmh
8.954113,14.266668,romberg_closed
7.5868144,-3.2780774,self_selected_gait_speed
-1.6500509,5.3999553,sit_to_stand
16.237982,4.9027615,stationary_walk
8.402013,-2.0935006,tm_3kmh
8.1101465,13.393671,romberg_closed
5.2910643,-3.1064687,self_selected_gait_speed
-2.1261241,3.142022,sit_to_stand
16.347038,5.190254,stationary_walk
5.182034,-3.1239903,tm_3kmh
6.994,11.999135,romberg_closed
9.574432,-5.2279286,self_selected_gait_speed
-0.64770323,3.4088316,sit_to_stand
14.487638,5.256581,stationary_walk
9.618873,-5.302529,tm_3kmh
10.317606,14.996306,romberg_closed
5.6278925,-4.326731,self_selected_gait_speed
-0.40937346,4.48615,sit_to_stand
15.155654,3.305759,stationary_walk
5.730335,-4.43614,tm_3kmh
8.445043,12.883243,romberg_closed
8.76088,-4.515537,self_selected_gait_speed
-0.9075754,3.1806033,sit_to_stand
16.179888,5.383234,stationary_walk
8.523802,-4.7209377,tm_3kmh
6.8531113,13.987292,romberg_closed
6.5082836,-4.962735,self_selected_gait_speed
-2.758458,4.2828927,sit_to_stand
16.076004,4.9362864,stationary_walk
6.594603,-4.8580427,tm_3kmh
9.338507,12.861588,romberg_closed
9.55922,-4.894207,self_selected_gait_speed
-2.3706546,3.054215,sit_to_stand
15.707757,6.519246,stationary_walk
9.454605,-4.877509,tm_3kmh
10.019857,15.098183,romberg_closed
9.059745,-4.783485,self_selected_gait_speed
-2.8600674,4.1905885,sit_to_stand
16.418795,4.5229244,stationary_walk
8.874704,-4.514239,tm_3kmh
10.791466,14.750947,romberg_closed
9.231792,-3.3256824,self_selected_gait_speed
-1.3522655,4.7136145,sit_to_stand
16.07814,4.8323436,stationary_walk
9.411626,-3.4720848,tm_3kmh
9.471036,14.436939,romberg_closed
-1.1794994,4.1108084,sit_to_stand
14.95594,4.053096,stationary_walk
10.915342,14.163736,romberg_closed
7.587366,-6.5616045,self_selected_gait_speed
-1.0334253,5.2929616,sit_to_stand
14.612236,4.1589313,stationary_walk
7.556033,-6.3576593,tm_3kmh
8.582509,13.662514,romberg_closed
6.811709,-6.4915323,self_selected_gait_speed
-0.57349455,4.061258,sit_to_stand
15.31722,4.316823,stationary_walk
6.45439,-6.5973043,tm_3kmh
7.1984596,13.904079,romberg_closed
8.614254,-4.348672,self_selected_gait_speed
-3.2454653,5.479927,sit_to_stand
16.688637,6.132412,stationary_walk
8.622937,-4.2264085,tm_3kmh
9.071502,13.801542,romberg_closed
7.280593,-3.528236,self_selected_gait_speed
-2.8296463,5.4656773,sit_to_stand
16.556332,4.310305,stationary_walk
7.5293503,-3.3391838,tm_3kmh
9.559338,13.971703,romberg_closed
6.465513,-5.773795,self_selected_gait_speed
-1.1471723,4.7641883,sit_to_stand
15.223715,4.6402154,stationary_walk
6.6068096,-5.79588,tm_3kmh
7.8234053,13.247025,romberg_closed
7.4498034,-5.9954443,self_selected_gait_speed
-1.8012857,4.022081,sit_to_stand
15.30852,4.5487385,stationary_walk
7.2620134,-6.350657,tm_3kmh
9.595825,14.612878,romberg_closed
5.6054606,-5.1392455,self_selected_gait_speed
-1.7465601,4.1938243,sit_to_stand
15.811478,3.6227574,stationary_walk
5.556482,-5.2217035,tm_3kmh
8.396849,13.748095,romberg_closed
6.070414,-5.663728,self_selected_gait_speed
-0.50703824,4.1803846,sit_to_stand
16.146181,4.287501,stationary_walk
6.657269,-6.0968704,tm_3kmh
8.079598,13.525172,romberg_closed
7.1528993,-6.2460656,self_selected_gait_speed
-0.5005887,4.458281,sit_to_stand
16.136015,4.1187787,stationary_walk
7.5193405,-6.458441,tm_3kmh
7.6398735,14.824647,romberg_closed
8.552445,-6.568913,self_selected_gait_speed
-0.37443754,4.6832356,sit_to_stand
16.147284,4.6581373,stationary_walk
8.555443,-6.4742775,tm_3kmh
9.076548,13.503822,romberg_closed
6.902388,-6.564741,self_selected_gait_speed
-2.4129283,5.075966,sit_to_stand
13.647028,4.7581387,stationary_walk
7.2582726,-6.3387833,tm_3kmh
7.136076,13.563982,romberg_closed
5.8356185,-4.3541756,self_selected_gait_speed
-2.400456,4.2624545,sit_to_stand
17.409374,5.0104065,stationary_walk
5.8194222,-4.3536816,tm_3kmh
6.522367,14.415891,romberg_closed
8.630322,-4.34351,self_selected_gait_speed
-2.9102805,5.570158,sit_to_stand
17.49319,4.8197513,stationary_walk
8.310403,-4.3736534,tm_3kmh
10.955044,14.469763,romberg_closed
7.071607,-4.1630096,self_selected_gait_speed
-0.30686605,4.1716127,sit_to_stand
15.4818325,3.2028375,stationary_walk
6.8499026,-4.373266,tm_3kmh
6.823766,14.123681,romberg_closed
-1.1747648,3.4902008,sit_to_stand
16.074305,4.5284114,stationary_walk
8.337052,14.773411,romberg_closed
8.255547,-6.0281687,self_selected_gait_speed
-1.5540985,5.201086,sit_to_stand
15.37051,5.08771,stationary_walk
8.137888,-6.169568,tm_3kmh
8.516601,14.793163,romberg_closed
9.106716,-5.6513557,self_selected_gait_speed
-0.5702948,3.6485734,sit_to_stand
15.25087,3.4545557,stationary_walk
6.878366,-5.7287455,tm_3kmh
8.377342,13.215652,romberg_closed
6.3441143,-4.7563314,self_selected_gait_speed
-2.8112516,5.450393,sit_to_stand
17.567602,6.168778,stationary_walk
8.0307,-3.8751872,tm_3kmh
10.794681,14.486333,romberg_closed
6.071603,-5.851255,self_selected_gait_speed
0.040884778,3.9274478,sit_to_stand
14.502438,3.5856879,stationary_walk
5.8175807,-5.6201925,tm_3kmh
6.7518535,13.705563,romberg_closed
9.148178,-5.504993,self_selected_gait_speed
-3.53181,4.295715,sit_to_stand
16.100805,5.837294,stationary_walk
8.90312,-5.1654863,tm_3kmh
9.9933405,13.224375,romberg_closed
8.117188,-3.1304696,self_selected_gait_speed
-0.7388081,3.6860638,sit_to_stand
16.024567,5.4408655,stationary_walk
8.151978,-3.0289316,tm_3kmh
8.335826,-6.3249154,self_selected_gait_speed
0.5511758,4.565405,sit_to_stand
14.623307,3.5951755,stationary_walk
8.73565,-6.4759126,tm_3kmh
5.7953653,12.138168,romberg_closed
8.192254,-4.253817,self_selected_gait_speed
-0.11520731,5.6317596,sit_to_stand
16.775366,5.960597,stationary_walk
7.9378414,-4.2919846,tm_3kmh
5.866647,11.884245,romberg_closed
7.3658204,-2.7104838,self_selected_gait_speed
-0.64557,4.0349684,sit_to_stand
15.859613,5.9069595,stationary_walk
7.0237226,-2.6703913,tm_3kmh
9.414436,12.9359665,romberg_closed
7.3754654,-2.5055034,self_selected_gait_speed
-2.1787105,3.2192576,sit_to_stand
15.904675,6.649854,stationary_walk
7.246674,-2.5219162,tm_3kmh
6.751828,12.053492,romberg_closed
9.73396,-3.9222267,self_selected_gait_speed
-1.0715805,3.5103457,sit_to_stand
14.725184,5.7047396,stationary_walk
9.707505,-3.7173605,tm_3kmh
8.357466,12.729774,romberg_closed
9.274523,-4.158366,self_selected_gait_speed
-1.7566658,2.893327,sit_to_stand
15.559991,6.577838,stationary_walk
9.313506,-4.2742133,tm_3kmh
8.003809,15.22353,romberg_closed
7.551369,-5.874987,self_selected_gait_speed
-1.0231553,6.0782223,sit_to_stand
16.17823,3.4148717,stationary_walk
7.796567,-5.9486566,tm_3kmh
6.2307997,11.713353,romberg_closed
9.138546,-3.4842365,self_selected_gait_speed
-1.2009368,4.7363853,sit_to_stand
15.286058,3.927927,stationary_walk
9.135234,-3.3136227,tm_3kmh
7.8158283,14.768675,romberg_closed
8.263158,-5.9131694,self_selected_gait_speed
-2.2172418,4.1028476,sit_to_stand
15.533095,5.3252387,stationary_walk
8.362533,-5.7333975,tm_3kmh
7.0548863,14.422696,romberg_closed
7.839791,-4.0984454,self_selected_gait_speed
-2.9843826,4.7953997,sit_to_stand
17.341875,5.3908353,stationary_walk
7.987609,-3.8701975,tm_3kmh
9.503751,13.716008,romberg_closed
5.824558,-4.301391,self_selected_gait_speed
-0.2439339,4.733832,sit_to_stand
15.891206,4.6574006,stationary_walk
5.9372697,-4.3822455,tm_3kmh
11.113314,14.469821,romberg_closed
6.100897,-5.735679,self_selected_gait_speed
-0.5495448,4.871659,sit_to_stand
14.900366,3.6384788,stationary_walk
6.211859,-5.7328887,tm_3kmh
9.957213,15.0301695,romberg_closed
7.748859,-5.9382,self_selected_gait_speed
-2.6132872,5.9142957,sit_to_stand
16.301287,4.179628,stationary_walk
7.606366,-5.6853924,tm_3kmh
7.2222967,14.93363,romberg_closed
8.026106,-3.9925337,self_selected_gait_speed
-1.3756708,5.4278297,sit_to_stand
17.11275,4.3829436,stationary_walk
8.848174,-3.2497864,tm_3kmh
8.486786,13.494455,romberg_closed
8.46203,-3.026008,self_selected_gait_speed
-0.027060632,3.5492394,sit_to_stand
15.699721,4.786394,stationary_walk
7.376091,-3.5050457,tm_3kmh
5.0694437,11.199487,romberg_closed
9.678654,-3.6945062,self_selected_gait_speed
-1.5338166,4.1787376,sit_to_stand
17.470116,5.915434,stationary_walk
9.393881,-3.6967092,tm_3kmh
11.250466,14.480252,romberg_closed
6.9479156,-5.3383946,self_selected_gait_speed
-0.86196995,3.3334107,sit_to_stand
15.455064,4.2660165,stationary_walk
6.874188,-5.4290347,tm_3kmh
5.854107,11.401529,romberg_closed
5.237763,-3.2455606,self_selected_gait_speed
-2.542673,5.8905025,sit_to_stand
15.063983,6.2259665,stationary_walk
5.5917435,-3.3520534,tm_3kmh
10.159769,13.551702,romberg_closed
6.831553,-6.147039,self_selected_gait_speed
-1.6648293,4.320269,sit_to_stand
14.932921,4.478423,stationary_walk
6.604705,-6.060497,tm_3kmh
9.917141,13.709394,romberg_closed
-0.370283,5.633413,sit_to_stand
15.178273,5.2123857,stationary_walk
6.5170546,13.638063,romberg_closed
7.1534405,-2.6936378,self_selected_gait_speed
-3.282883,4.8399568,sit_to_stand
16.457859,5.8040924,stationary_walk
7.190709,-2.6405485,tm_3kmh
6.4063153,-6.291806,self_selected_gait_speed
6.432398,-6.2602367,tm_3kmh
6.818357,12.067595,romberg_closed
9.436492,-4.0738864,self_selected_gait_speed
-3.5832994,4.191628,sit_to_stand
15.746711,6.760347,stationary_walk
9.722021,-3.817802,tm_3kmh
5.387805,11.202794,romberg_closed
8.292417,-2.5497901,self_selected_gait_speed
-2.8966405,3.397927,sit_to_stand
17.779526,5.6885085,stationary_walk
8.262998,-2.652992,tm_3kmh
6.480282,12.969636,romberg_closed
8.134011,-4.693809,self_selected_gait_speed
-2.9119153,4.1957855,sit_to_stand
16.425842,5.820021,stationary_walk
7.7030177,-4.394626,tm_3kmh
6.328716,13.328244,romberg_closed
9.459937,-2.1010644,self_selected_gait_speed
-0.46199694,5.343023,sit_to_stand
16.976362,6.5599456,stationary_walk
9.243596,-2.0890598,tm_3kmh
11.333754,14.542722,romberg_closed
8.733022,-6.5712643,self_selected_gait_speed
-0.7381011,3.382008,sit_to_stand
14.377335,4.880625,stationary_walk
8.685377,-6.471026,tm_3kmh
8.620227,14.415599,romberg_closed
7.832945,-3.8021536,self_selected_gait_speed
-0.9204572,5.5334845,sit_to_stand
16.82941,4.8054366,stationary_walk
7.8503075,-4.0257382,tm_3kmh
10.062783,14.969211,romberg_closed
8.128864,-6.353722,self_selected_gait_speed
-0.5997468,5.040164,sit_to_stand
15.437781,3.7139008,stationary_walk
7.9202485,-6.3223443,tm_3kmh
7.459179,13.963497,romberg_closed
7.239919,-4.7133665,self_selected_gait_speed
-1.1681399,5.3389025,sit_to_stand
15.865339,3.611043,stationary_walk
7.3546743,-4.4167986,tm_3kmh
8.003619,14.247969,romberg_closed
8.886645,-4.015628,self_selected_gait_speed
-1.6145558,4.83711,sit_to_stand
16.96663,4.562977,stationary_walk
8.471475,-4.0661407,tm_3kmh
8.398389,12.79371,romberg_closed
9.33576,-4.554129,self_selected_gait_speed
-0.40103936,3.1074233,sit_to_stand
15.451208,6.446994,stationary_walk
9.254796,-4.6139445,tm_3kmh
5.0157948,10.979975,romberg_closed
9.38793,-1.9374297,self_selected_gait_speed
-1.4456929,4.3408036,sit_to_stand
16.818405,6.585889,stationary_walk
9.254392,-2.0795586,tm_3kmh
6.377054,13.899693,romberg_closed
6.554238,-0.59523946,self_selected_gait_speed
-3.0472162,5.7091722,sit_to_stand
17.267223,5.7650476,stationary_walk
6.523305,-0.6416632,tm_3kmh
5.3872795,11.880098,romberg_closed
6.8737726,-3.8672163,self_selected_gait_speed
-1.8484364,5.673321,sit_to_stand
16.468956,4.6725125,stationary_walk
7.0487223,-3.8315613,tm_3kmh
6.3711767,13.494611,romberg_closed
8.486526,-4.614538,self_selected_gait_speed
-2.0885375,5.5555134,sit_to_stand
15.57842,4.458281,stationary_walk
8.475685,-4.75503,tm_3kmh
8.552718,13.2052355,romberg_closed
7.570901,-4.649768,self_selected_gait_speed
-1.1489573,3.1763241,sit_to_stand
14.555816,4.934399,stationary_walk
7.3368464,-4.7246113,tm_3kmh
9.00512,13.132076,romberg_closed
6.581167,-0.6331504,self_selected_gait_speed
-3.3304055,4.261971,sit_to_stand
16.946432,5.7225447,stationary_walk
6.5236897,-0.718295,tm_3kmh
6.854505,14.638634,romberg_closed
7.4193444,-4.4812613,self_selected_gait_speed
-3.4856005,5.0719547,sit_to_stand
17.371868,4.9048085,stationary_walk
7.3525906,-4.483733,tm_3kmh
8.952397,14.877276,romberg_closed
6.152127,-3.8040469,self_selected_gait_speed
-1.8631858,3.581198,sit_to_stand
14.859211,4.920602,stationary_walk
10.495429,14.149175,romberg_closed
6.7096334,-6.588019,self_selected_gait_speed
-1.8127009,5.49618,sit_to_stand
14.739347,4.164692,stationary_walk
7.1076946,-6.4447594,tm_3kmh
8.990208,13.598967,romberg_closed
5.5891776,-1.5973927,self_selected_gait_speed
-2.281203,5.136703,sit_to_stand
16.898556,6.321919,stationary_walk
5.593631,-1.6365902,tm_3kmh
10.305648,14.124271,romberg_closed
8.688366,-6.2021346,self_selected_gait_speed
-3.3023202,4.4005694,sit_to_stand
15.562899,4.293287,stationary_walk
8.765028,-6.292174,tm_3kmh
5.6533623,12.0127325,romberg_closed
9.448329,-2.5113957,self_selected_gait_speed
-2.4945421,3.9520605,sit_to_stand
16.129297,6.4501014,stationary_walk
9.477971,-2.3810623,tm_3kmh
7.9398265,14.336685,romberg_closed
7.285165,-6.3758845,self_selected_gait_speed
-1.212433,3.436227,sit_to_stand
15.66085,4.9676924,stationary_walk
6.914297,-6.4675074,tm_3kmh
10.500147,14.235169,romberg_closed
7.0882635,-6.861213,self_selected_gait_speed
-0.90154296,4.345246,sit_to_stand
15.486198,4.329479,stationary_walk
6.855801,-6.8384233,tm_3kmh
7.407938,13.685719,romberg_closed
6.8448405,-3.0360358,self_selected_gait_speed
-2.5428452,4.951388,sit_to_stand
17.727167,6.213237,stationary_walk
6.944271,-3.0058737,tm_3kmh
10.987088,13.529894,romberg_closed
-0.9854786,2.591343,sit_to_stand
14.472562,6.0368013,stationary_walk
10.656366,14.681597,romberg_closed
7.8145695,-5.8942447,self_selected_gait_speed
0.29716048,4.1748323,sit_to_stand
14.705277,3.5445666,stationary_walk
7.6901207,-5.858827,tm_3kmh
8.088558,13.87653,romberg_closed
7.3863664,-5.713949,self_selected_gait_speed
-1.7722547,5.380512,sit_to_stand
16.161268,3.9853468,stationary_walk
8.627358,-4.9073486,tm_3kmh
9.234657,13.594234,romberg_closed
8.807734,-2.0554144,self_selected_gait_speed
-0.42980325,3.1536212,sit_to_stand
13.756225,4.862397,stationary_walk
8.751571,-2.0502763,tm_3kmh
8.544239,13.519749,romberg_closed
6.38471,-3.5179884,self_selected_gait_speed
-0.5568513,4.8552113,sit_to_stand
15.173955,3.9406772,stationary_walk
6.2082477,-3.5622947,tm_3kmh
7.003527,14.700648,romberg_closed
7.5733614,-4.8386846,self_selected_gait_speed
-0.76114565,4.482154,sit_to_stand
16.969414,4.375294,stationary_walk
7.261597,-4.576686,tm_3kmh
7.939915,14.166951,romberg_closed
-0.31916192,5.5184608,sit_to_stand
16.896639,5.6516128,stationary_walk
9.791014,15.259623,romberg_closed
7.011156,-4.3427477,self_selected_gait_speed
-1.1004814,4.6089168,sit_to_stand
16.916029,4.768507,stationary_walk
7.070259,-4.456407,tm_3kmh
6.1824303,14.27413,romberg_closed
8.824702,-6.3954115,self_selected_gait_speed
-1.7002693,4.2989717,sit_to_stand
17.452242,5.4041243,stationary_walk
8.80979,-6.331154,tm_3kmh
10.503185,14.959309,romberg_closed
6.958639,-5.670457,self_selected_gait_speed
-2.5004537,5.3273983,sit_to_stand
15.782113,3.489701,stationary_walk
7.370528,-5.1298013,tm_3kmh
7.4344277,12.249239,romberg_closed
-2.3284187,3.6369236,sit_to_stand
14.5887785,5.8601966,stationary_walk
7.1781955,12.961791,romberg_closed
8.538267,-2.5962021,self_selected_gait_speed
-1.8501803,3.3467903,sit_to_stand
16.33854,6.5366755,stationary_walk
8.178275,-2.7660022,tm_3kmh
6.854704,14.704189,romberg_closed
7.478427,-6.3197846,self_selected_gait_speed
-1.3468795,3.8683693,sit_to_stand
13.696351,4.4564915,stationary_walk
7.5674505,-6.1106353,tm_3kmh
8.379915,13.693347,romberg_closed
7.090995,-5.3329506,self_selected_gait_speed
-1.1385365,3.2549896,sit_to_stand
15.185575,4.9453073,stationary_walk
6.674915,-5.265954,tm_3kmh
9.094923,15.3783045,romberg_closed
8.143857,-5.3377147,self_selected_gait_speed
-2.6545053,5.661852,sit_to_stand
15.325609,3.8547606,stationary_walk
7.9339476,-5.1184425,tm_3kmh
5.075193,11.334329,romberg_closed
8.278155,-5.512814,self_selected_gait_speed
-1.0356011,5.1132045,sit_to_stand
16.712975,3.7815213,stationary_walk
7.899331,-5.450217,tm_3kmh
5.5132613,12.028517,romberg_closed
8.972892,-4.9572296,self_selected_gait_speed
-3.5060267,4.493847,sit_to_stand
17.065441,6.157487,stationary_walk
8.69727,-4.940824,tm_3kmh
9.888107,15.081692,romberg_closed
8.180469,-6.574807,self_selected_gait_speed
-0.8291131,3.1987886,sit_to_stand
14.548653,4.2580295,stationary_walk
8.469068,-6.3757052,tm_3kmh
7.1863065,14.605826,romberg_closed
8.271979,-5.0350513,self_selected_gait_speed
-2.767925,4.273853,sit_to_stand
17.513342,5.4963765,stationary_walk
7.6479692,-4.599476,tm_3kmh
6.5734067,14.374426,romberg_closed
7.7399035,-4.069286,self_selected_gait_speed
-0.37716633,4.404212,sit_to_stand
17.220604,5.7031384,stationary_walk
7.933474,-4.28572,tm_3kmh
8.063597,14.11099,romberg_closed
7.4738827,-5.870556,self_selected_gait_speed
-0.18750075,4.4048967,sit_to_stand
15.86073,3.7875185,stationary_walk
7.3958287,-5.9301567,tm_3kmh
6.1841025,13.132172,romberg_closed
7.8168592,-2.5341694,self_selected_gait_speed
-2.137813,3.760275,sit_to_stand
17.810875,6.326791,stationary_walk
7.6373935,-2.4787817,tm_3kmh
9.93893,14.996763,romberg_closed
8.950856,-2.1064408,self_selected_gait_speed
-0.91908306,4.806948,sit_to_stand
15.624298,3.5611248,stationary_walk
8.91486,-2.118774,tm_3kmh
6.5914774,13.936136,romberg_closed
9.123054,-6.0454516,self_selected_gait_speed
-3.3340092,4.9535866,sit_to_stand
16.082804,5.469116,stationary_walk
8.968597,-5.9386106,tm_3kmh
9.204427,13.931151,romberg_closed
8.974133,-2.3814223,self_selected_gait_speed
-2.713242,5.425723,sit_to_stand
14.814947,4.1154094,stationary_walk
8.809849,-2.3345184,tm_3kmh
11.045069,14.284295,romberg_closed
9.242942,-3.3210845,self_selected_gait_speed
-1.4099085,5.0144806,sit_to_stand
15.101857,4.4697137,stationary_walk
9.2227745,-3.2818935,tm_3kmh
10.031971,15.205546,romberg_closed
7.927938,-5.8948636,self_selected_gait_speed
-2.6305635,5.180701,sit_to_stand
16.02026,3.9068913,stationary_walk
8.057288,-5.9513817,tm_3kmh
10.6585245,13.858668,romberg_closed
6.7801986,-5.4986353,self_selected_gait_speed
-0.27740985,4.307634,sit_to_stand
16.064604,3.9864366,stationary_walk
7.219369,-5.2884,tm_3kmh
8.421013,14.991669,romberg_closed
4.5315814,-3.2813628,self_selected_gait_speed
-0.73818076,5.582319,sit_to_stand
14.960873,3.4742837,stationary_walk
4.5080748,-3.2297404,tm_3kmh
10.639439,14.28056,romberg_closed
8.908117,-5.5035954,self_selected_gait_speed
-1.4685043,5.7479796,sit_to_stand
16.204426,5.567824,stationary_walk
9.130771,-5.167966,tm_3kmh
6.73466,13.256825,romberg_closed
6.4500794,-1.3295311,self_selected_gait_speed
-0.5018594,3.351318,sit_to_stand
15.5622,5.219097,stationary_walk
6.456978,-1.4087721,tm_3kmh
7.739933,-3.9663963,self_selected_gait_speed
-2.2376904,5.432821,sit_to_stand
17.485235,5.4351735,stationary_walk
7.7474575,-4.064764,tm_3kmh
9.721449,14.067003,romberg_closed
6.4254584,-4.877886,self_selected_gait_speed
-2.114197,3.574275,sit_to_stand
16.81299,4.6958594,stationary_walk
6.201871,-4.8415728,tm_3kmh
9.051082,14.120464,romberg_closed
5.749398,-2.0466576,self_selected_gait_speed
-2.2715807,5.909572,sit_to_stand
15.769161,4.0501704,stationary_walk
7.381036,-5.548709,tm_3kmh
9.682167,13.8450985,romberg_closed
9.966448,-3.4755862,self_selected_gait_speed
-0.50078195,3.1774385,sit_to_stand
14.400132,5.2989354,stationary_walk
10.102972,-3.8733225,tm_3kmh
6.5785284,14.493608,romberg_closed
6.4323626,-1.1368129,self_selected_gait_speed
-3.6396892,4.9418373,sit_to_stand
17.488432,5.293768,stationary_walk
6.312316,-1.095499,tm_3kmh
9.102705,14.113569,romberg_closed
6.388788,-6.354587,self_selected_gait_speed
-2.3788044,5.707266,sit_to_stand
16.332436,4.1416316,stationary_walk
6.154045,-6.197451,tm_3kmh
8.550305,12.91277,romberg_closed
9.77798,-3.0601895,self_selected_gait_speed
-2.126763,4.1340284,sit_to_stand
16.649338,6.5108438,stationary_walk
9.704499,-2.8517995,tm_3kmh
8.969153,12.890084,romberg_closed
9.006258,-5.2455497,self_selected_gait_speed
-0.5788649,4.733031,sit_to_stand
14.97388,5.587225,stationary_walk
8.604159,-5.5141172,tm_3kmh
10.913372,14.584045,romberg_closed
6.962858,-6.740842,self_selected_gait_speed
-0.11950621,4.5467873,sit_to_stand
14.811361,3.6500466,stationary_walk
6.9799166,-6.826585,tm_3kmh
10.333391,15.089414,romberg_closed
7.357055,-4.799418,self_selected_gait_speed
-0.90963215,5.7184515,sit_to_stand
16.596138,4.4471684,stationary_walk
7.111326,-4.36704,tm_3kmh
8.183195,15.250213,romberg_closed
9.743311,-5.017493,self_selected_gait_speed
-0.68800694,4.1388545,sit_to_stand
16.758514,4.7531924,stationary_walk
9.96334,-4.419762,tm_3kmh
9.477499,14.052589,romberg_closed
7.378675,-2.5473595,self_selected_gait_speed
-1.033284,3.8300738,sit_to_stand
15.556771,4.7051554,stationary_walk
7.3175144,-2.5997765,tm_3kmh
5.08077,11.082979,romberg_closed
8.288464,-2.907156,self_selected_gait_speed
-2.5381222,3.633924,sit_to_stand
17.206406,6.462169,stationary_walk
8.92782,-2.8799675,tm_3kmh
5.6995826,11.3885145,romberg_closed
9.744829,-3.87528,self_selected_gait_speed
-2.4305203,5.652798,sit_to_stand
17.013115,6.1630173,stationary_walk
9.584129,-3.9433365,tm_3kmh
8.88517,13.504265,romberg_closed
8.874353,-4.75689,self_selected_gait_speed
-2.6869478,3.7260187,sit_to_stand
15.618298,5.8260446,stationary_walk
8.918936,-5.2520733,tm_3kmh
9.782458,14.184614,romberg_closed
5.381578,-5.076667,self_selected_gait_speed
-1.8271556,3.1524038,sit_to_stand
15.82319,3.978382,stationary_walk
5.53789,-4.684391,tm_3kmh
7.2071605,13.236718,romberg_closed
7.5861077,-2.4676933,self_selected_gait_speed
-1.872291,3.1755562,sit_to_stand
17.504126,6.2168813,stationary_walk
7.484159,-2.5268857,tm_3kmh
9.9809265,14.164386,romberg_closed
7.2584534,-6.993929,self_selected_gait_speed
-2.3824956,5.203845,sit_to_stand
15.410794,3.7983685,stationary_walk
7.211382,-6.8206086,tm_3kmh
5.185197,11.196342,romberg_closed
8.069582,-2.9624498,self_selected_gait_speed
-0.725328,3.6602383,sit_to_stand
15.623956,5.3219414,stationary_walk
7.981965,-2.8535163,tm_3kmh
9.3320675,13.355785,romberg_closed
7.9233866,-3.6717482,self_selected_gait_speed
-1.5921319,3.9855099,sit_to_stand
15.805918,5.2140145,stationary_walk
8.031369,-3.5693908,tm_3kmh
6.333451,13.55454,romberg_closed
6.0127587,-3.8646574,self_selected_gait_speed
-2.258968,3.4931543,sit_to_stand
15.638957,5.6984434,stationary_walk
6.1613817,-3.9593167,tm_3kmh
7.6799297,13.91499,romberg_closed
8.187357,-4.5358024,self_selected_gait_speed
-1.9772732,4.6467533,sit_to_stand
15.8217,5.1251254,stationary_walk
8.135129,-4.0723863,tm_3kmh
10.043384,13.836541,romberg_closed
7.0816827,-3.1891274,self_selected_gait_speed
-2.2349257,5.731103,sit_to_stand
16.473103,5.4722037,stationary_walk
7.218796,-3.119169,tm_3kmh
8.421457,12.781433,romberg_closed
8.821732,-2.0848053,self_selected_gait_speed
-2.549985,5.3824983,sit_to_stand
16.316828,5.966638,stationary_walk
8.7760515,-2.0519686,tm_3kmh
9.757709,13.589177,romberg_closed
6.84579,-3.355562,self_selected_gait_speed
-3.2787385,4.9383054,sit_to_stand
15.746625,5.1553607,stationary_walk
7.0476193,-3.417267,tm_3kmh
9.894501,14.885975,romberg_closed
4.6469374,-3.3438907,self_selected_gait_speed
-2.0162215,5.7832837,sit_to_stand
15.050502,3.2323508,stationary_walk
4.57749,-3.2234068,tm_3kmh
7.783398,15.034172,romberg_closed
6.9902253,-4.5322824,self_selected_gait_speed
-2.2941642,5.69953,sit_to_stand
17.480122,4.930829,stationary_walk
7.0121484,-4.5200725,tm_3kmh
7.585452,14.848012,romberg_closed
7.986576,-3.502021,self_selected_gait_speed
-0.87784165,5.9459352,sit_to_stand
15.506195,4.257994,stationary_walk
8.085781,-3.8324854,tm_3kmh
9.272846,14.372682,romberg_closed
-0.47844183,5.061718,sit_to_stand
15.459261,3.312739,stationary_walk
7.1535625,13.103081,romberg_closed
6.5153613,-3.2507074,self_selected_gait_speed
-0.39617467,4.695894,sit_to_stand
15.037594,4.690428,stationary_walk
6.283594,-3.658214,tm_3kmh
9.272119,13.712798,romberg_closed
5.4244733,-4.1655645,self_selected_gait_speed
-0.60342133,5.2849407,sit_to_stand
15.372348,4.538453,stationary_walk
5.822009,-5.19719,tm_3kmh
6.806461,13.650556,romberg_closed
-0.2546766,4.2880826,sit_to_stand
15.187593,3.6234598,stationary_walk
9.840163,13.570702,romberg_closed
-1.2860373,4.0714436,sit_to_stand
15.872732,5.9589734,stationary_walk
6.019068,11.461472,romberg_closed
9.792092,-3.9989805,self_selected_gait_speed
-1.6821569,3.874155,sit_to_stand
14.739006,5.147091,stationary_walk
9.94002,-3.8433142,tm_3kmh
11.493137,14.627002,romberg_closed
9.15634,-5.517973,self_selected_gait_speed
-0.33339977,3.9386275,sit_to_stand
14.425931,3.842832,stationary_walk
9.587311,-4.8583794,tm_3kmh
9.818038,14.139936,romberg_closed
7.634889,-4.34337,self_selected_gait_speed
0.27478862,5.117797,sit_to_stand
16.049074,4.997607,stationary_walk
7.674937,-4.50333,tm_3kmh
8.326271,13.60986,romberg_closed
6.0158386,-6.0151386,self_selected_gait_speed
-2.7429514,4.4774776,sit_to_stand
16.312672,5.7064533,stationary_walk
6.0199103,-6.058544,tm_3kmh
8.250184,13.553765,romberg_closed
6.3143024,-0.85918903,self_selected_gait_speed
-0.7671249,4.7868476,sit_to_stand
15.995495,3.8481247,stationary_walk
6.3306384,-0.8959597,tm_3kmh
9.749205,13.85982,romberg_closed
4.435071,-3.1082792,self_selected_gait_speed
-2.306203,5.05536,sit_to_stand
15.698266,3.2731261,stationary_walk
10.56379,13.557264,romberg_closed
9.58899,-2.4559455,self_selected_gait_speed
-0.2896801,3.454381,sit_to_stand
15.053779,4.6419444,stationary_walk
4.914797,-3.1421978,tm_3kmh
7.45139,14.264292,romberg_closed
7.17022,-3.8173642,self_selected_gait_speed
-1.6674556,4.38344,sit_to_stand
15.829264,5.733013,stationary_walk
7.294931,-3.6815617,tm_3kmh
6.7298956,14.1165,romberg_closed
8.69744,-3.9732778,self_selected_gait_speed
-1.600716,5.1864777,sit_to_stand
15.699152,5.4910784,stationary_walk
8.823089,-4.4935155,tm_3kmh
7.128757,13.703694,romberg_closed
8.264802,-4.5423117,self_selected_gait_speed
-2.6254163,4.726484,sit_to_stand
16.889828,5.945014,stationary_walk
8.465924,-4.7162914,tm_3kmh
10.424235,13.345736,romberg_closed
5.177819,-3.2290795,self_selected_gait_speed
-1.0302842,4.400146,sit_to_stand
15.09438,5.689365,stationary_walk
5.315683,-3.3776631,tm_3kmh
5.7197227,11.846131,romberg_closed
8.26222,-3.803548,self_selected_gait_speed
-2.3757193,4.491345,sit_to_stand
14.088323,4.8338156,stationary_walk
8.399138,-3.7933767,tm_3kmh
7.2692103,14.981763,romberg_closed
7.694423,-4.304503,self_selected_gait_speed
-1.0230594,5.809595,sit_to_stand
16.972637,5.2363367,stationary_walk
7.372801,-4.6310453,tm_3kmh
9.491031,14.663278,romberg_closed
9.029679,-2.0792007,self_selected_gait_speed
-1.7659703,4.451424,sit_to_stand
17.43202,5.6952896,stationary_walk
8.828125,-2.23198,tm_3kmh
6.632964,12.391576,romberg_closed
8.662498,-4.7921705,self_selected_gait_speed
-0.77185583,5.199283,sit_to_stand
15.09268,5.3810415,stationary_walk
8.832075,-5.1237435,tm_3kmh
5.9248714,11.923119,romberg_closed
9.455316,-1.8056111,self_selected_gait_speed
-2.271097,3.3219028,sit_to_stand
15.542039,5.5438924,stationary_walk
5.425807,11.367227,romberg_closed
8.778248,-3.400177,self_selected_gait_speed
-0.51687366,4.545806,sit_to_stand
16.286919,6.3008604,stationary_walk
9.23494,-3.6834323,tm_3kmh
8.929216,14.646757,romberg_closed
7.8256555,-4.4138136,self_selected_gait_speed
-0.12143803,4.8546343,sit_to_stand
15.388321,5.0937963,stationary_walk
8.210246,-4.228109,tm_3kmh
7.8786697,14.983218,romberg_closed
7.912415,-5.8115263,self_selected_gait_speed
-1.3691502,3.6036983,sit_to_stand
15.2919655,4.8191843,stationary_walk
7.758541,-5.630764,tm_3kmh
7.5096354,13.508627,romberg_closed
7.061003,-4.4297194,self_selected_gait_speed
-3.3390164,4.9933987,sit_to_stand
14.857452,5.1425614,stationary_walk
6.445158,-4.632286,tm_3kmh
8.684151,14.615776,romberg_closed
7.317312,-4.071421,self_selected_gait_speed
-2.4283872,4.617639,sit_to_stand
17.010807,4.143351,stationary_walk
6.87801,-3.7153447,tm_3kmh
8.872146,14.135509,romberg_closed
-0.07760768,3.8600612,sit_to_stand
15.0212145,3.2017465,stationary_walk
8.7830715,14.128627,romberg_closed
6.2314563,-4.0414934,self_selected_gait_speed
-2.627873,4.864183,sit_to_stand
16.510345,4.014115,stationary_walk
6.5716825,-3.825283,tm_3kmh
8.48587,13.890287,romberg_closed
-2.2784774,4.8518734,sit_to_stand
15.301855,5.305141,stationary_walk
8.961248,14.948349,romberg_closed
7.4522357,-6.558278,self_selected_gait_speed
-0.36910486,3.9637625,sit_to_stand
15.774649,3.0906794,stationary_walk
7.638477,-6.843261,tm_3kmh
9.066766,14.764555,romberg_closed
6.631597,-3.0394201,self_selected_gait_speed
0.04777225,4.533309,sit_to_stand
15.782178,3.898573,stationary_walk
6.306837,-3.29048,tm_3kmh
9.91998,13.358036,romberg_closed
8.517151,-3.6125343,self_selected_gait_speed
0.4174413,4.243404,sit_to_stand
15.182914,4.546129,stationary_walk
8.180425,-3.3135056,tm_3kmh
10.400483,15.046211,romberg_closed
5.767141,-2.1302392,self_selected_gait_speed
-1.0534756,5.828668,sit_to_stand
14.853754,3.479,stationary_walk
7.772842,-5.9880667,tm_3kmh
7.083537,14.152831,romberg_closed
8.565275,-5.3506613,self_selected_gait_speed
-2.1769161,5.4183373,sit_to_stand
17.248095,5.5797,stationary_walk
8.701483,-4.945356,tm_3kmh
10.617526,13.5674925,romberg_closed
5.4834065,-3.1856427,self_selected_gait_speed
-1.5346248,3.3707747,sit_to_stand
15.787835,5.628423,stationary_walk
6.261932,13.63956,romberg_closed
6.280952,-4.9859715,self_selected_gait_speed
-1.1698349,3.6356454,sit_to_stand
16.138353,3.6232836,stationary_walk
6.087985,-5.3490257,tm_3kmh
8.856918,15.258391,romberg_closed
5.9594226,-3.2734153,self_selected_gait_speed
-1.4155543,5.6917877,sit_to_stand
16.747168,4.1893964,stationary_walk
5.58287,-3.396915,tm_3kmh
10.058658,14.748394,romberg_closed
7.057661,-6.167912,self_selected_gait_speed
-1.1186951,3.196607,sit_to_stand
15.269342,4.9243627,stationary_walk
6.9855103,-5.846196,tm_3kmh
9.694,12.917161,romberg_closed
9.653923,-2.8598847,self_selected_gait_speed
-2.609191,3.1587646,sit_to_stand
14.714536,5.9395275,stationary_walk
9.578072,-2.6985261,tm_3kmh
11.372789,14.614783,romberg_closed
8.661653,-6.790279,self_selected_gait_speed
-0.42101765,3.4128635,sit_to_stand
15.4164295,3.8730724,stationary_walk
8.714545,-6.695728,tm_3kmh
10.708762,13.844043,romberg_closed
-1.4730806,3.3452911,sit_to_stand
14.69008,4.328009,stationary_walk
5.905518,11.921247,romberg_closed
9.011323,-4.001309,self_selected_gait_speed
-3.0002768,4.797968,sit_to_stand
16.979809,6.815217,stationary_walk
8.693798,-3.9679666,tm_3kmh
9.111784,14.591552,romberg_closed
6.2174025,-5.277628,self_selected_gait_speed
-1.0205626,5.4681716,sit_to_stand
16.561163,4.5680923,stationary_walk
6.2251477,-5.6806602,tm_3kmh
9.541519,13.755686,romberg_closed
9.45753,-4.1800375,self_selected_gait_speed
-0.806611,5.0699177,sit_to_stand
16.668737,5.7015,stationary_walk
9.161772,-4.331541,tm_3kmh
8.104231,12.836948,romberg_closed
7.635136,-3.0958965,self_selected_gait_speed
-1.9523093,4.261498,sit_to_stand
16.95748,6.1428695,stationary_walk
8.089521,-3.2731447,tm_3kmh
5.8956666,11.617769,romberg_closed
7.478088,-2.9340901,self_selected_gait_speed
-2.769833,3.767278,sit_to_stand
15.695564,6.498675,stationary_walk
7.6203694,-2.81596,tm_3kmh
9.101872,15.132869,romberg_closed
8.911852,-6.225059,self_selected_gait_speed
-0.29329893,4.565,sit_to_stand
16.683697,4.429751,stationary_walk
8.948635,-6.308712,tm_3kmh
9.205463,13.468019,romberg_closed
9.709828,-3.2673929,self_selected_gait_speed
-2.1926463,4.19498,sit_to_stand
16.211906,4.680169,stationary_walk
9.617116,-3.4463804,tm_3kmh
9.466551,14.981992,romberg_closed
9.002161,-5.347523,self_selected_gait_speed
-0.15773751,5.2109094,sit_to_stand
15.726334,4.1388793,stationary_walk
8.991241,-4.779782,tm_3kmh
8.12682,15.277984,romberg_closed
6.894362,-3.6381154,self_selected_gait_speed
-2.6639957,5.232629,sit_to_stand
17.024506,4.830876,stationary_walk
7.13063,-3.4627554,tm_3kmh
6.8206906,13.017204,romberg_closed
7.573838,-3.0969489,self_selected_gait_speed
-0.64142466,4.0454464,sit_to_stand
16.30882,6.0757627,stationary_walk
7.3470592,-3.2511144,tm_3kmh
10.8642645,14.737505,romberg_closed
5.651807,-4.9620957,self_selected_gait_speed
0.24171118,5.1776414,sit_to_stand
14.716079,3.3472042,stationary_walk
5.513796,-4.4635487,tm_3kmh
6.822655,13.886694,romberg_closed
4.7159033,-3.0952792,self_selected_gait_speed
-0.8415329,5.389588,sit_to_stand
13.8497,4.3790593,stationary_walk
6.1895285,-4.705718,tm_3kmh
6.0078325,11.455347,romberg_closed
-1.5639473,4.1846356,sit_to_stand
16.161272,5.9022374,stationary_walk
5.9132824,11.952463,romberg_closed
9.588296,-4.3392544,self_selected_gait_speed
-2.7005987,5.5783005,sit_to_stand
17.323153,5.839031,stationary_walk
9.6454115,-4.2056227,tm_3kmh
6.674852,13.230699,romberg_closed
9.515948,-2.5983844,self_selected_gait_speed
-2.5906365,3.7872152,sit_to_stand
15.913716,5.4988117,stationary_walk
9.570915,-2.5331593,tm_3kmh
10.960846,14.918466,romberg_closed
8.917277,-6.6235914,self_selected_gait_speed
-1.344587,5.3733463,sit_to_stand
15.653541,3.8253763,stationary_walk
8.905619,-6.508001,tm_3kmh
9.216169,14.283961,romberg_closed
5.9704933,-5.9731665,self_selected_gait_speed
-1.2640938,5.473185,sit_to_stand
15.556135,4.012237,stationary_walk
6.0067487,-5.963467,tm_3kmh
7.9858966,14.254447,romberg_closed
8.856095,-3.1918707,self_selected_gait_speed
-0.3084766,3.1201637,sit_to_stand
16.318537,4.5180955,stationary_walk
8.625748,-3.179996,tm_3kmh
5.432848,11.2301445,romberg_closed
7.694251,-2.6013627,self_selected_gait_speed
-2.6775208,3.7112424,sit_to_stand
17.214903,5.7568603,stationary_walk
7.5671053,-2.6505477,tm_3kmh
9.860663,14.467791,romberg_closed
6.7754617,-5.967656,self_selected_gait_speed
-1.0524203,4.467341,sit_to_stand
15.86522,3.7713358,stationary_walk
7.1320877,-6.484935,tm_3kmh
6.656733,13.282805,romberg_closed
8.875685,-2.1135726,self_selected_gait_speed
-2.1319492,3.5614502,sit_to_stand
16.357014,6.12974,stationary_walk
8.772002,-2.1856012,tm_3kmh
9.202914,12.821928,romberg_closed
9.117371,-3.8895853,self_selected_gait_speed
-2.311448,3.1983428,sit_to_stand
14.716796,5.948021,stationary_walk
9.288915,-3.8644729,tm_3kmh
7.688927,15.080372,romberg_closed
7.3791566,-3.2035656,self_selected_gait_speed
-0.37273297,5.385652,sit_to_stand
16.453402,4.1802597,stationary_walk
6.921671,-3.312862,tm_3kmh
11.080347,14.131703,romberg_closed
7.855077,-6.0543623,self_selected_gait_speed
-0.42388043,3.0610275,sit_to_stand
15.317624,5.0022755,stationary_walk
7.9166193,-5.824803,tm_3kmh
11.3540535,14.287,romberg_closed
7.428831,-5.9997897,self_selected_gait_speed
0.28257602,3.6961,sit_to_stand
14.922786,4.367335,stationary_walk
6.8698378,-5.871402,tm_3kmh
9.742332,15.088412,romberg_closed
7.572503,-5.862352,self_selected_gait_speed
-0.692764,4.1179843,sit_to_stand
16.49056,3.679956,stationary_walk
7.098349,-5.41904,tm_3kmh
9.55845,15.356427,romberg_closed
7.443624,-5.520481,self_selected_gait_speed
0.0025387544,3.766863,sit_to_stand
14.889174,3.5023532,stationary_walk
7.4877653,-5.5072618,tm_3kmh
4.9910526,11.020669,romberg_closed
10.051325,-2.7196558,self_selected_gait_speed
-1.1780133,2.7378197,sit_to_stand
15.833704,6.43838,stationary_walk
10.092394,-2.9347386,tm_3kmh
9.241786,14.911835,romberg_closed
6.4489117,-4.162985,self_selected_gait_speed
-0.348534,4.592858,sit_to_stand
15.125349,4.2254195,stationary_walk
6.3957157,-4.301315,tm_3kmh
7.9043345,15.050726,romberg_closed
8.991539,-3.387548,self_selected_gait_speed
-1.1618102,5.213184,sit_to_stand
15.673478,3.902262,stationary_walk
8.823694,-3.6127744,tm_3kmh
7.163196,13.174723,romberg_closed
7.533003,-2.6502597,self_selected_gait_speed
-2.997484,4.306039,sit_to_stand
16.045591,5.25094,stationary_walk
7.5414143,-2.5774262,tm_3kmh
6.017081,13.711601,romberg_closed
8.901605,-4.916422,self_selected_gait_speed
-2.330673,3.2192483,sit_to_stand
16.0195,6.572426,stationary_walk
8.726977,-4.812901,tm_3kmh
9.142534,14.425908,romberg_closed
9.205325,-4.4888997,self_selected_gait_speed
-2.391186,4.6165514,sit_to_stand
16.946482,6.4710817,stationary_walk
8.499785,-4.371786,tm_3kmh
9.821961,14.14279,romberg_closed
6.4764957,-0.6713972,self_selected_gait_speed
-2.1192043,5.0229926,sit_to_stand
15.798427,4.4078646,stationary_walk
6.465564,-0.6409196,tm_3kmh
5.576756,11.336739,romberg_closed
7.1736407,-3.6204803,self_selected_gait_speed
-2.9446893,4.0186844,sit_to_stand
16.651419,6.185834,stationary_walk
7.2006164,-3.631389,tm_3kmh
9.782051,14.751608,romberg_closed
9.595849,-4.8994164,self_selected_gait_speed
-1.693062,4.9137416,sit_to_stand
15.330383,4.3616743,stationary_walk
9.475691,-4.8904967,tm_3kmh
5.826745,11.394119,romberg_closed
9.340635,-2.2965343,self_selected_gait_speed
16.62354,6.6042576,stationary_walk
9.403998,-2.2483091,tm_3kmh
11.19619,14.762817,romberg_closed
7.629433,-5.4751143,self_selected_gait_speed
-0.46185452,4.6940665,sit_to_stand
15.865909,3.3064625,stationary_walk
7.6365585,-5.6985245,tm_3kmh
9.530564,14.915734,romberg_closed
8.352773,-5.474118,self_selected_gait_speed
-1.6039451,6.164269,sit_to_stand
16.850632,4.659323,stationary_walk
8.105849,-5.3281097,tm_3kmh
7.4877973,13.303632,romberg_closed
-1.1316077,2.6489358,sit_to_stand
13.560903,4.5494204,stationary_walk
9.007907,14.350867,romberg_closed
6.735439,-1.7842221,self_selected_gait_speed
-1.2882322,5.386307,sit_to_stand
16.89149,5.636669,stationary_walk
6.8166933,-1.605143,tm_3kmh
10.833504,13.863822,romberg_closed
7.6036315,-3.464759,self_selected_gait_speed
-0.084717594,3.4979382,sit_to_stand
14.767455,5.381788,stationary_walk
7.442493,-3.5062318,tm_3kmh
10.16405,14.645817,romberg_closed
9.443619,-3.6966743,self_selected_gait_speed
-0.7065894,3.3858418,sit_to_stand
15.048446,4.091649,stationary_walk
9.433763,-3.4691901,tm_3kmh
6.3435144,11.771567,romberg_closed
8.927981,-2.4833753,self_selected_gait_speed
-2.7536607,5.6495996,sit_to_stand
17.136517,6.8518205,stationary_walk
8.891259,-2.7601974,tm_3kmh
9.729957,14.724616,romberg_closed
9.201886,-3.1024225,self_selected_gait_speed
-2.7772775,5.500975,sit_to_stand
16.8813,4.8966746,stationary_walk
9.306432,-3.2786255,tm_3kmh
7.7875834,13.981127,romberg_closed
8.420075,-5.197353,self_selected_gait_speed
-1.7275307,3.6723914,sit_to_stand
15.750551,5.441622,stationary_walk
8.60512,-5.2964964,tm_3kmh
6.660572,13.540554,romberg_closed
6.82998,-2.6744478,self_selected_gait_speed
-1.1933042,4.992804,sit_to_stand
16.197002,4.8555746,stationary_walk
6.615205,-2.91848,tm_3kmh
6.7643814,13.557028,romberg_closed
6.5202775,-3.8920906,self_selected_gait_speed
-0.3359366,4.0369205,sit_to_stand
16.375504,5.101656,stationary_walk
6.8776765,-3.5737162,tm_3kmh
9.552771,13.033059,romberg_closed
8.981612,-4.4374766,self_selected_gait_speed
-3.0726993,3.5003502,sit_to_stand
15.841256,6.5614543,stationary_walk
8.807991,-4.3794627,tm_3kmh
7.668005,13.566185,romberg_closed
7.4946694,-4.31144,self_selected_gait_speed
-2.4842362,5.779301,sit_to_stand
16.017508,4.8648205,stationary_walk
7.8469625,-4.4101458,tm_3kmh
10.422763,14.978451,romberg_closed
7.4499526,-5.9071507,self_selected_gait_speed
0.052330002,3.5247,sit_to_stand
15.208095,3.6264012,stationary_walk
9.630162,15.398464,romberg_closed
8.17233,-5.943362,self_selected_gait_speed
-1.931076,5.808129,sit_to_stand
15.803213,3.2420254,stationary_walk
7.8864274,-5.9103074,tm_3kmh
5.961653,13.6752825,romberg_closed
7.753177,-3.050134,self_selected_gait_speed
-3.5394783,4.3005037,sit_to_stand
17.476896,5.803129,stationary_walk
7.513565,-3.2941756,tm_3kmh
8.926215,13.76575,romberg_closed
7.677144,-4.187538,self_selected_gait_speed
-2.455865,5.3302746,sit_to_stand
15.053124,5.3891897,stationary_walk
7.7722554,-4.012067,tm_3kmh
11.264029,14.66916,romberg_closed
7.3431344,-6.090007,self_selected_gait_speed
0.28269872,3.8035152,sit_to_stand
14.781563,3.2782876,stationary_walk
7.321692,-6.1260905,tm_3kmh
10.916665,14.206658,romberg_closed
6.397539,-2.9674864,self_selected_gait_speed
-0.47628465,5.51816,sit_to_stand
15.100221,4.0381465,stationary_walk
6.4312153,-4.295107,tm_3kmh
7.525178,13.952626,romberg_closed
6.2787814,-1.2697613,self_selected_gait_speed
0.33359033,4.809787,sit_to_stand
13.937928,4.250386,stationary_walk
6.2181787,-1.2335474,tm_3kmh
9.723709,13.305325,romberg_closed
6.6627316,-1.5846186,self_selected_gait_speed
-1.7451508,5.76181,sit_to_stand
17.800251,6.388903,stationary_walk
6.9770365,-2.0752099,tm_3kmh
8.948821,14.366374,romberg_closed
5.2406893,-3.4752047,self_selected_gait_speed
0.28346282,4.9157205,sit_to_stand
15.737533,4.1312523,stationary_walk
5.3386645,-3.3460853,tm_3kmh
7.879117,15.089838,romberg_closed
8.098729,-5.7423677,self_selected_gait_speed
-1.3791903,4.7045827,sit_to_stand
15.5507765,4.605729,stationary_walk
7.4682407,-5.4980903,tm_3kmh
6.567894,14.577804,romberg_closed
7.6187787,-4.1666393,self_selected_gait_speed
-1.4208424,5.2253413,sit_to_stand
17.378927,5.5627785,stationary_walk
7.43296,-3.986617,tm_3kmh
7.640111,14.974831,romberg_closed
-2.5737822,5.18311,sit_to_stand
16.789156,4.5090313,stationary_walk
9.037892,13.186625,romberg_closed
8.142974,-4.958097,self_selected_gait_speed
-0.38501996,4.583156,sit_to_stand
14.706388,5.2705393,stationary_walk
7.790024,-4.8330646,tm_3kmh
6.814426,13.2662,romberg_closed
9.104473,-2.8863401,self_selected_gait_speed
-1.3012742,3.3203712,sit_to_stand
15.510755,5.8450274,stationary_walk
9.056508,-2.930285,tm_3kmh
5.382847,11.866154,romberg_closed
9.327761,-5.2425084,self_selected_gait_speed
-2.2200034,4.0811925,sit_to_stand
17.636633,6.008706,stationary_walk
8.951984,-5.251994,tm_3kmh
6.600587,13.195531,romberg_closed
8.413106,-2.4089985,self_selected_gait_speed
-0.8957338,4.218354,sit_to_stand
16.959038,6.3506327,stationary_walk
8.840974,-2.4366713,tm_3kmh
9.940868,15.377609,romberg_closed
4.68548,-3.273553,self_selected_gait_speed
0.05007205,4.9931755,sit_to_stand
15.592931,3.8251371,stationary_walk
8.646087,13.925413,romberg_closed
4.839154,-3.226884,self_selected_gait_speed
-1.3178924,3.2953002,sit_to_stand
15.235126,4.5378747,stationary_walk
8.959295,13.733589,romberg_closed
5.5766516,-4.7361584,self_selected_gait_speed
-0.68679476,3.9565547,sit_to_stand
15.004384,4.11325,stationary_walk
5.587108,-4.8093424,tm_3kmh
9.560614,14.36556,romberg_closed
7.7056146,-5.061694,self_selected_gait_speed
-0.9054328,3.7184145,sit_to_stand
15.808725,4.2027874,stationary_walk
7.807481,-5.195082,tm_3kmh
6.1985765,12.180372,romberg_closed
9.370897,-3.2919455,self_selected_gait_speed
-1.0199786,3.8733013,sit_to_stand
17.53469,5.51569,stationary_walk
8.96004,-4.538227,tm_3kmh
7.7363696,15.04706,romberg_closed
5.639348,-1.7796799,self_selected_gait_speed
-2.0049343,6.0216846,sit_to_stand
16.92992,4.3859673,stationary_walk
5.6501803,-1.8214141,tm_3kmh
10.238322,14.894376,romberg_closed
4.756002,-3.3519595,self_selected_gait_speed
-0.9497973,5.640645,sit_to_stand
15.362344,3.357995,stationary_walk
4.627274,-3.2678375,tm_3kmh
6.3012834,11.569949,romberg_closed
-2.5374565,4.1952157,sit_to_stand
15.778665,5.732128,stationary_walk
9.677133,14.414818,romberg_closed
8.48028,-3.0830276,self_selected_gait_speed
0.3399509,5.045246,sit_to_stand
15.125634,3.264158,stationary_walk
8.079627,-3.269422,tm_3kmh
10.620749,14.345347,romberg_closed
8.029713,-5.3184185,self_selected_gait_speed
-2.4243326,4.914625,sit_to_stand
16.541582,3.7794917,stationary_walk
7.674152,-4.5356765,tm_3kmh
9.73879,14.763899,romberg_closed
8.095142,-5.3043222,self_selected_gait_speed
-0.98194027,5.805616,sit_to_stand
16.20779,4.432197,stationary_walk
8.394771,-5.226159,tm_3kmh
10.25787,13.625732,romberg_closed
9.723658,-5.029871,self_selected_gait_speed
-0.70711017,3.1279836,sit_to_stand
15.89848,5.7945824,stationary_walk
9.795913,-5.0510426,tm_3kmh
8.204125,12.7905655,romberg_closed
5.81811,-5.4252787,self_selected_gait_speed
-2.3671143,5.148441,sit_to_stand
15.692506,4.3985076,stationary_walk
5.5875616,-5.484571,tm_3kmh
10.516192,14.687258,romberg_closed
8.458556,-6.1051817,self_selected_gait_speed
-1.5935332,5.021223,sit_to_stand
14.68992,4.282842,stationary_walk
8.437542,-6.152475,tm_3kmh
11.015768,13.685077,romberg_closed
7.4254746,-4.3356194,self_selected_gait_speed
-2.4489355,3.5646145,sit_to_stand
14.522036,5.6190324,stationary_walk
7.3943944,-3.8543992,tm_3kmh
7.532972,14.024757,romberg_closed
7.8609343,-4.748456,self_selected_gait_speed
-1.0390586,5.439364,sit_to_stand
15.859661,5.3066497,stationary_walk
7.961991,-4.8449306,tm_3kmh
6.848892,12.439458,romberg_closed
7.6668644,-3.9471495,self_selected_gait_speed
0.42564794,5.0137367,sit_to_stand
15.912608,4.5837035,stationary_walk
7.421249,-3.8188207,tm_3kmh
6.391823,13.07146,romberg_closed
7.487347,-2.8525586,self_selected_gait_speed
-3.0811188,5.407545,sit_to_stand
17.290012,6.23302,stationary_walk
7.3392987,-2.8131914,tm_3kmh
6.1651516,13.996985,romberg_closed
7.5428605,-3.5160985,self_selected_gait_speed
-2.5198953,5.5978484,sit_to_stand
17.462112,5.57178,stationary_walk
7.8680778,-4.4127874,tm_3kmh
7.5358896,14.205115,romberg_closed
6.2538595,-3.4632056,self_selected_gait_speed
-2.5224688,4.8530974,sit_to_stand
17.462612,5.101948,stationary_walk
6.49936,-3.146212,tm_3kmh
8.48868,14.258693,romberg_closed
7.838034,-3.137065,self_selected_gait_speed
-3.2740662,4.623939,sit_to_stand
17.519766,5.191166,stationary_walk
7.7796497,-3.3159804,tm_3kmh
7.401251,13.136256,romberg_closed
-2.274301,3.410519,sit_to_stand
14.667282,5.5041766,stationary_walk
10.358218,13.684421,romberg_closed
6.458255,-4.5621123,self_selected_gait_speed
-0.65841544,5.0286846,sit_to_stand
15.193299,5.3500347,stationary_walk
6.7764354,-4.934195,tm_3kmh
7.86174,14.036561,romberg_closed
7.5003633,-3.8350232,self_selected_gait_speed
-1.976253,3.4956906,sit_to_stand
15.61613,5.116649,stationary_walk
7.378626,-3.4036925,tm_3kmh
7.1524043,14.67521,romberg_closed
9.146979,-3.5887547,self_selected_gait_speed
-1.8705148,5.3603516,sit_to_stand
17.09427,5.7691975,stationary_walk
9.281494,-3.3569088,tm_3kmh
8.764754,13.484286,romberg_closed
8.177841,-4.9122615,self_selected_gait_speed
-2.0435233,3.5804121,sit_to_stand
15.382988,5.0772185,stationary_walk
8.194799,-5.1674356,tm_3kmh
8.81752,14.174256,romberg_closed
5.7283764,-1.9855577,self_selected_gait_speed
-1.5871905,4.6240373,sit_to_stand
14.668982,3.8772333,stationary_walk
5.50095,-1.6879812,tm_3kmh
8.446163,15.171974,romberg_closed
6.8781724,-4.324687,self_selected_gait_speed
-0.8276814,4.0321827,sit_to_stand
15.306057,3.9417732,stationary_walk
6.825814,-4.153524,tm_3kmh
5.7349563,12.06482,romberg_closed
9.371869,-2.9689794,self_selected_gait_speed
-1.7877502,5.685881,sit_to_stand
16.667036,5.4663315,stationary_walk
9.366796,-2.8993413,tm_3kmh
7.7589912,13.883794,romberg_closed
7.272504,-4.080456,self_selected_gait_speed
-1.6043221,4.2594066,sit_to_stand
15.376998,4.9153657,stationary_walk
7.341421,-3.7433612,tm_3kmh
5.958258,12.07561,romberg_closed
5.4676676,-1.625864,self_selected_gait_speed
-0.8326074,5.189967,sit_to_stand
16.70782,5.889214,stationary_walk
5.5668335,-1.7126622,tm_3kmh
7.4667573,14.88405,romberg_closed
6.6288037,-5.4509015,self_selected_gait_speed
-3.1319768,5.150475,sit_to_stand
16.913025,4.674481,stationary_walk
6.50833,-5.398047,tm_3kmh
9.374368,12.957351,romberg_closed
7.1744905,-2.6606174,self_selected_gait_speed
-2.5817752,3.31208,sit_to_stand
13.737572,4.8985553,stationary_walk
7.1092205,-2.8336034,tm_3kmh
10.00442,15.077601,romberg_closed
8.27356,-6.393769,self_selected_gait_speed
-2.272505,5.7847624,sit_to_stand
15.474127,3.8054748,stationary_walk
7.969181,-6.466718,tm_3kmh
8.129765,14.065332,romberg_closed
5.614625,-4.637278,self_selected_gait_speed
-2.7723808,4.681067,sit_to_stand
15.731243,5.5400805,stationary_walk
5.695535,-4.5155253,tm_3kmh
4.9895673,11.194851,romberg_closed
9.148135,-5.1128793,self_selected_gait_speed
-2.6373541,4.0837994,sit_to_stand
15.227691,5.6158195,stationary_walk
9.224419,-4.823902,tm_3kmh
8.621292,13.651518,romberg_closed
6.7110415,-3.2047431,self_selected_gait_speed
-1.6705437,3.540764,sit_to_stand
14.260549,4.252992,stationary_walk
6.5800376,-3.458246,tm_3kmh
5.587053,12.007438,romberg_closed
7.832812,-3.8854759,self_selected_gait_speed
-2.286344,5.2690334,sit_to_stand
17.613152,5.798896,stationary_walk
7.498097,-4.063654,tm_3kmh
10.862276,13.727192,romberg_closed
8.833147,-6.3666906,self_selected_gait_speed
-1.40728,3.2939272,sit_to_stand
14.583225,5.1577873,stationary_walk
8.716923,-6.384337,tm_3kmh
10.164639,13.39846,romberg_closed
9.447554,-3.8783574,self_selected_gait_speed
-1.0836837,3.2906432,sit_to_stand
15.074398,4.8992944,stationary_walk
9.259188,-3.6122444,tm_3kmh
9.088827,13.791302,romberg_closed
7.313906,-3.561071,self_selected_gait_speed
-2.5237849,4.8576803,sit_to_stand
15.537674,4.489125,stationary_walk
6.581057,-4.080316,tm_3kmh
10.321486,14.980823,romberg_closed
8.778209,-5.993597,self_selected_gait_speed
-0.5459406,4.514831,sit_to_stand
15.510281,4.7950606,stationary_walk
9.028035,-6.0506997,tm_3kmh
9.40345,14.492257,romberg_closed
6.3218265,-4.901445,self_selected_gait_speed
-0.103079066,5.278444,sit_to_stand
16.291353,4.6587634,stationary_walk
6.132008,-4.796736,tm_3kmh
7.735259,13.40423,romberg_closed
8.810224,-4.617094,self_selected_gait_speed
-1.0418615,3.1554863,sit_to_stand
14.433012,4.93578,stationary_walk
8.562122,-4.634705,tm_3kmh
9.9447,13.703407,romberg_closed
6.3254704,-5.736196,self_selected_gait_speed
-0.0811199,4.772055,sit_to_stand
15.255308,3.9222116,stationary_walk
6.403686,-5.6132073,tm_3kmh
7.195995,12.970475,romberg_closed
7.4016395,-2.8787148,self_selected_gait_speed
-2.1073463,3.2518024,sit_to_stand
16.079493,6.0870414,stationary_walk
7.2486653,-3.172241,tm_3kmh
6.918796,13.365953,romberg_closed
8.76465,-4.471241,self_selected_gait_speed
-2.7286215,3.6399226,sit_to_stand
16.205357,6.3998065,stationary_walk
8.31734,-3.9701753,tm_3kmh
8.90519,14.868537,romberg_closed
8.4856615,-5.5726776,self_selected_gait_speed
-3.1354468,4.820782,sit_to_stand
16.171827,4.4009924,stationary_walk
8.585429,-5.9187727,tm_3kmh
9.719745,13.776083,romberg_closed
6.983209,-4.640594,self_selected_gait_speed
-3.4781868,4.2778344,sit_to_stand
14.805251,4.1668997,stationary_walk
6.840843,-4.6174498,tm_3kmh
9.292737,14.887606,romberg_closed
4.5063195,-3.0827956,self_selected_gait_speed
-1.7975668,4.192357,sit_to_stand
16.591764,4.5289836,stationary_walk
4.4561744,-3.029935,tm_3kmh
5.4304776,11.841544,romberg_closed
8.0256405,-2.2544296,self_selected_gait_speed
-1.100092,4.299328,sit_to_stand
17.468266,5.1389856,stationary_walk
7.176945,-2.5350204,tm_3kmh
9.907336,14.450458,romberg_closed
5.6371346,-4.758336,self_selected_gait_speed
-1.4498278,4.344589,sit_to_stand
15.565964,3.7889705,stationary_walk
5.643945,-4.605855,tm_3kmh
6.6766844,11.968938,romberg_closed
9.956886,-4.019766,self_selected_gait_speed
-0.17907648,3.57459,sit_to_stand
13.84228,4.7956324,stationary_walk
10.027877,-3.3654666,tm_3kmh
8.10583,14.134083,romberg_closed
7.577187,-5.1283145,self_selected_gait_speed
-2.2835844,5.2240953,sit_to_stand
17.09733,4.0477433,stationary_walk
7.44588,-5.0704494,tm_3kmh
9.061574,14.556158,romberg_closed
6.44658,-3.6510696,self_selected_gait_speed
-2.7984643,5.499091,sit_to_stand
16.455086,5.131464,stationary_walk
6.5956254,-3.6307173,tm_3kmh
10.273999,15.213957,romberg_closed
7.246938,-6.0782824,self_selected_gait_speed
0.24942248,4.7127843,sit_to_stand
15.131779,3.2791636,stationary_walk
7.3899946,-6.1418824,tm_3kmh
7.954811,14.546389,romberg_closed
6.290108,-6.5603213,self_selected_gait_speed
-0.88329333,4.3541336,sit_to_stand
15.799482,3.1700218,stationary_walk
6.302753,-6.734036,tm_3kmh
10.897728,13.887969,romberg_closed
6.4523387,-2.4997416,self_selected_gait_speed
-2.9752579,5.2532077,sit_to_stand
16.490234,5.099927,stationary_walk
6.449931,-2.512659,tm_3kmh
9.628607,13.092553,romberg_closed
7.975611,-4.4289627,self_selected_gait_speed
-2.4377177,3.438683,sit_to_stand
15.174166,5.7855687,stationary_walk
7.798399,-4.5731254,tm_3kmh
7.7193503,13.757448,romberg_closed
8.145376,-4.4522023,self_selected_gait_speed
-0.7851135,4.7935405,sit_to_stand
16.351833,5.513884,stationary_walk
8.454068,-4.541137,tm_3kmh
7.7908187,14.396621,romberg_closed
7.464529,-5.2649827,self_selected_gait_speed
-0.4905062,4.8713613,sit_to_stand
16.359844,3.6230466,stationary_walk
7.7742195,-5.3395524,tm_3kmh
6.6124973,13.29475,romberg_closed
7.530899,-3.2953162,self_selected_gait_speed
-1.3822469,3.7710683,sit_to_stand
16.498934,5.021908,stationary_walk
7.7736325,-3.0071833,tm_3kmh
6.188544,13.716422,romberg_closed
9.42782,-2.4470246,self_selected_gait_speed
-3.2449565,4.967312,sit_to_stand
17.415937,6.10008,stationary_walk
9.226706,-2.475417,tm_3kmh
6.853438,11.944558,romberg_closed
9.640414,-2.5242047,self_selected_gait_speed
-2.1651847,3.0823548,sit_to_stand
14.360841,5.393965,stationary_walk
9.783621,-2.4990098,tm_3kmh
10.554938,14.99845,romberg_closed
5.544733,-5.1377935,self_selected_gait_speed
-1.2366146,4.126153,sit_to_stand
14.623367,3.583094,stationary_walk
5.642731,-5.244339,tm_3kmh
7.4750667,13.331281,romberg_closed
6.9797997,-2.6459103,self_selected_gait_speed
-3.521419,4.372635,sit_to_stand
17.787907,6.3105917,stationary_walk
6.980849,-2.76885,tm_3kmh
9.296854,14.070585,romberg_closed
7.3821697,-3.7447844,self_selected_gait_speed
-2.4190784,5.6669083,sit_to_stand
15.883757,4.653622,stationary_walk
7.2976413,-3.8043354,tm_3kmh
10.190492,15.068257,romberg_closed
6.0950956,-4.4912415,self_selected_gait_speed
-1.8312125,5.375796,sit_to_stand
15.731688,3.3371134,stationary_walk
6.1219387,-4.4840126,tm_3kmh
5.6597037,11.413032,romberg_closed
9.378244,-5.876164,self_selected_gait_speed
-0.4253015,3.329329,sit_to_stand
16.466362,5.3041005,stationary_walk
9.422994,-5.9213805,tm_3kmh
7.54964,14.926149,romberg_closed
9.786418,-3.3081408,self_selected_gait_speed
0.026382107,5.122945,sit_to_stand
15.23158,3.8355865,stationary_walk
8.277871,14.984146,romberg_closed
5.8799353,-4.7360477,self_selected_gait_speed
-2.1988273,4.601097,sit_to_stand
14.067173,4.96187,stationary_walk
5.6743097,-4.5022407,tm_3kmh
8.4694,14.142039,romberg_closed
7.803896,-6.038144,self_selected_gait_speed
-0.6365436,3.3545525,sit_to_stand
15.141407,4.824329,stationary_walk
7.6579123,-6.0940943,tm_3kmh
9.7421255,14.668617,romberg_closed
-1.3088124,4.8343544,sit_to_stand
13.823545,4.2222414,stationary_walk
9.732639,14.161955,romberg_closed
5.978582,-5.4600177,self_selected_gait_speed
-0.96773183,4.6439576,sit_to_stand
15.90151,3.9787164,stationary_walk
5.8158283,-5.3816113,tm_3kmh
8.167144,15.052774,romberg_closed
8.70389,-5.6653275,self_selected_gait_speed
-2.1646454,5.6372695,sit_to_stand
16.879574,4.898578,stationary_walk
8.081609,-5.92271,tm_3kmh
5.5822043,11.8643265,romberg_closed
7.7215023,-3.058234,self_selected_gait_speed
-2.626777,4.112467,sit_to_stand
15.662426,5.630859,stationary_walk
7.662131,-3.015453,tm_3kmh
11.001009,14.924105,romberg_closed
7.671451,-4.7882223,self_selected_gait_speed
-1.8045049,4.5790553,sit_to_stand
14.463343,4.1752977,stationary_walk
7.457072,-4.575394,tm_3kmh
7.4314904,13.612776,romberg_closed
5.3756523,-1.5097704,self_selected_gait_speed
-1.4013088,2.9104023,sit_to_stand
15.652759,5.7978525,stationary_walk
9.613387,-5.2186565,tm_3kmh
6.0019503,13.80073,romberg_closed
6.917988,-3.6285312,self_selected_gait_speed
-2.8685198,3.8894181,sit_to_stand
15.007271,4.511166,stationary_walk
7.2448044,-4.252335,tm_3kmh
7.3112884,14.587969,romberg_closed
7.8144526,-4.60373,self_selected_gait_speed
-1.0080055,4.8815413,sit_to_stand
16.144962,4.965104,stationary_walk
7.849496,-4.8013906,tm_3kmh
7.3362308,14.079246,romberg_closed
8.140975,-3.3585863,self_selected_gait_speed
-1.2245727,5.1508107,sit_to_stand
16.240583,5.9154387,stationary_walk
8.188685,-3.3462162,tm_3kmh
6.487984,13.70161,romberg_closed
7.5507255,-4.7555265,self_selected_gait_speed
-2.0314167,5.4696193,sit_to_stand
15.446039,5.041733,stationary_walk
7.648788,-4.7039375,tm_3kmh
8.414447,12.845936,romberg_closed
8.858334,-6.366481,self_selected_gait_speed
-0.27339515,5.5361605,sit_to_stand
17.072811,6.8336,stationary_walk
8.832777,-6.4887595,tm_3kmh
9.882618,13.327176,romberg_closed
8.055464,-3.5894012,self_selected_gait_speed
-2.277781,3.1064599,sit_to_stand
14.874593,5.7107954,stationary_walk
7.944103,-3.604734,tm_3kmh
9.092164,13.78277,romberg_closed
4.884141,-3.3860366,self_selected_gait_speed
-0.87978417,4.0469413,sit_to_stand
15.071563,3.7897685,stationary_walk
9.428009,14.7048025,romberg_closed
8.526827,-3.493557,self_selected_gait_speed
-0.35346842,5.0550966,sit_to_stand
14.88354,5.2898583,stationary_walk
8.541743,-3.6760461,tm_3kmh
9.844204,14.763471,romberg_closed
6.3570895,-6.4824758,self_selected_gait_speed
-1.2644359,5.7897625,sit_to_stand
15.386945,3.978709,stationary_walk
6.0566816,-6.268508,tm_3kmh
8.178373,14.203095,romberg_closed
5.3619175,-1.5412318,self_selected_gait_speed
-2.3044627,5.0571613,sit_to_stand
16.357382,5.2050695,stationary_walk
5.3213506,-1.5261573,tm_3kmh
10.290823,14.350038,romberg_closed
7.5591016,-3.4930358,self_selected_gait_speed
-1.9807972,5.1827707,sit_to_stand
15.84753,4.755014,stationary_walk
7.643799,-3.8185828,tm_3kmh
7.361205,15.008357,romberg_closed
7.419619,-4.4690213,self_selected_gait_speed
-1.7054589,5.848819,sit_to_stand
17.299559,4.325482,stationary_walk
7.234615,-4.718299,tm_3kmh
6.627224,12.370018,romberg_closed
9.257702,-4.259351,self_selected_gait_speed
-1.3768151,4.37593,sit_to_stand
9.18941,-3.3114557,tm_3kmh
8.697832,14.155216,romberg_closed
8.683255,-4.5692816,self_selected_gait_speed
-0.71157527,5.275725,sit_to_stand
17.229631,5.1810575,stationary_walk
8.695566,-4.4851117,tm_3kmh
9.3074465,13.572852,romberg_closed
5.645295,-4.9966793,self_selected_gait_speed
-2.0115092,3.8038929,sit_to_stand
15.601864,3.7933319,stationary_walk
5.4578648,-4.9453397,tm_3kmh
6.121526,12.148521,romberg_closed
6.343157,-5.2585506,self_selected_gait_speed
-2.0270312,4.065357,sit_to_stand
16.700815,5.562517,stationary_walk
6.5026693,-5.365519,tm_3kmh
4.922965,11.061008,romberg_closed
5.1872597,-3.2361553,self_selected_gait_speed
-2.1480348,3.8907824,sit_to_stand
17.169624,6.7668953,stationary_walk
5.301075,-3.2605414,tm_3kmh
7.8665767,12.634874,romberg_closed
8.821112,-5.7935014,self_selected_gait_speed
-3.1752794,4.919536,sit_to_stand
15.828235,5.9166574,stationary_walk
9.03605,-6.0184216,tm_3kmh
8.24088,13.331903,romberg_closed
8.312267,-6.2162576,self_selected_gait_speed
-2.2909012,3.6658099,sit_to_stand
16.805883,5.621673,stationary_walk
8.287023,-5.90376,tm_3kmh
6.443835,14.149335,romberg_closed
5.9378343,-4.494244,self_selected_gait_speed
-1.5816143,4.1819496,sit_to_stand
15.327567,3.6957836,stationary_walk
6.100634,-4.480922,tm_3kmh
6.517982,12.664476,romberg_closed
8.460478,-3.5143619,self_selected_gait_speed
-2.6097136,4.9875956,sit_to_stand
17.350037,5.705774,stationary_walk
8.205798,-4.1638737,tm_3kmh
9.388618,15.241327,romberg_closed
6.9069805,-2.9292681,self_selected_gait_speed
-1.9786035,5.7584767,sit_to_stand
16.687399,4.5436454,stationary_walk
6.7697425,-3.2064416,tm_3kmh
8.231978,13.787543,romberg_closed
8.000856,-3.1808524,self_selected_gait_speed
-0.9302759,5.088894,sit_to_stand
17.365849,6.4078126,stationary_walk
7.4327865,-3.034153,tm_3kmh
5.0077653,11.134556,romberg_closed
9.15244,-1.9075936,self_selected_gait_speed
-2.9745367,4.0038314,sit_to_stand
17.539877,6.1073422,stationary_walk
9.32081,-1.9032362,tm_3kmh
7.4439974,15.183825,romberg_closed
8.456991,-5.892795,self_selected_gait_speed
-2.4505312,5.870249,sit_to_stand
17.144054,4.8888917,stationary_walk
8.482268,-5.7955446,tm_3kmh
5.5318866,11.329767,romberg_closed
10.099587,-3.0367806,self_selected_gait_speed
-2.5957568,3.0837584,sit_to_stand
16.997347,6.8678412,stationary_walk
10.106802,-2.9610639,tm_3kmh
9.319073,13.733803,romberg_closed
6.677131,-4.6084094,self_selected_gait_speed
-3.069518,3.9898837,sit_to_stand
15.944499,4.819205,stationary_walk
6.4836593,-4.0493426,tm_3kmh
11.167932,14.418043,romberg_closed
8.002395,-6.55546,self_selected_gait_speed
-0.25809658,3.9963784,sit_to_stand
14.394844,3.9272642,stationary_walk
7.861589,-6.5045924,tm_3kmh
4.996895,11.133046,romberg_closed
-2.1348016,3.0867279,sit_to_stand
17.5289,6.9910808,stationary_walk
8.814373,13.190053,romberg_closed
6.310155,-3.3427575,self_selected_gait_speed
-2.757541,4.026128,sit_to_stand
15.513302,6.345091,stationary_walk
6.2940693,-3.444418,tm_3kmh
9.635148,15.357379,romberg_closed
6.120394,-3.3741114,self_selected_gait_speed
-0.6602307,5.716145,sit_to_stand
15.899699,3.6693354,stationary_walk
8.402475,-2.8061135,tm_3kmh
6.5694466,13.985471,romberg_closed
-1.122413,3.8256414,sit_to_stand
16.362013,6.21539,stationary_walk
7.4007773,12.205533,romberg_closed
8.716668,-4.2827754,self_selected_gait_speed
-1.5269846,3.1382558,sit_to_stand
15.844817,5.3721237,stationary_walk
8.615122,-4.2697906,tm_3kmh
6.850824,14.340285,romberg_closed
7.0216107,-5.8383656,self_selected_gait_speed
-2.6368454,5.178522,sit_to_stand
15.296051,5.345114,stationary_walk
6.916973,-6.2112784,tm_3kmh
9.830804,13.324411,romberg_closed
5.88972,-5.777041,self_selected_gait_speed
-2.4046116,4.3258185,sit_to_stand
15.728297,5.1329546,stationary_walk
5.568705,-5.586365,tm_3kmh
6.3051867,13.940348,romberg_closed
9.786195,-3.3376615,self_selected_gait_speed
-1.4317399,3.041048,sit_to_stand
15.935318,6.2860374,stationary_walk
9.773493,-3.2773206,tm_3kmh
9.922828,13.544263,romberg_closed
6.4595795,-3.3523612,self_selected_gait_speed
-1.1268435,3.4180057,sit_to_stand
15.837978,5.040119,stationary_walk
6.523693,-3.4818041,tm_3kmh
6.184172,13.925146,romberg_closed
5.2949657,-1.4946779,self_selected_gait_speed
-3.236578,5.1868196,sit_to_stand
16.60018,6.471844,stationary_walk
5.2960086,-1.5143517,tm_3kmh
6.676342,13.157986,romberg_closed
7.192413,-2.9790044,self_selected_gait_speed
-1.3012226,3.0121472,sit_to_stand
16.783709,6.2313147,stationary_walk
6.7619476,-3.458788,tm_3kmh
6.803191,13.846869,romberg_closed
8.855962,-3.7438421,self_selected_gait_speed
-2.758826,4.4743133,sit_to_stand
17.19666,6.022137,stationary_walk
8.578084,-3.594046,tm_3kmh
7.3506346,14.940708,romberg_closed
8.57133,-5.6126475,self_selected_gait_speed
-2.718074,6.010917,sit_to_stand
16.65487,3.950476,stationary_walk
8.776837,-4.2224617,tm_3kmh
8.584072,14.139047,romberg_closed
5.8194656,-4.0337076,self_selected_gait_speed
-1.9305735,5.1689143,sit_to_stand
16.928856,4.6966715,stationary_walk
5.7847385,-3.9176424,tm_3kmh
9.570013,13.84477,romberg_closed
8.268681,-3.9531426,self_selected_gait_speed
-1.3483133,5.2136626,sit_to_stand
15.711399,5.2346377,stationary_walk
7.798953,-3.9296374,tm_3kmh
5.4681816,11.330772,romberg_closed
6.115736,-5.1748395,self_selected_gait_speed
-2.4408476,3.592982,sit_to_stand
15.301823,6.1049137,stationary_walk
6.4358106,-5.1741924,tm_3kmh
8.283942,13.213365,romberg_closed
8.010568,-5.4459133,self_selected_gait_speed
-0.21899176,4.934601,sit_to_stand
14.686829,4.8354144,stationary_walk
7.6709504,-5.644656,tm_3kmh
6.9693313,14.087285,romberg_closed
8.236609,-3.143127,self_selected_gait_speed
-3.2639265,3.8532016,sit_to_stand
16.324345,5.9890175,stationary_walk
8.063445,-3.112487,tm_3kmh
5.883666,12.340582,romberg_closed
6.153441,-2.8301644,self_selected_gait_speed
-1.0685718,4.3079767,sit_to_stand
15.429699,5.342147,stationary_walk
6.295748,-2.6470292,tm_3kmh
10.557546,14.593706,romberg_closed
6.5779777,-3.793039,self_selected_gait_speed
-1.950194,4.111356,sit_to_stand
15.846837,4.6151404,stationary_walk
6.616123,-3.5384066,tm_3kmh
10.105545,14.652954,romberg_closed
7.030263,-4.76526,self_selected_gait_speed
-1.7946614,4.550138,sit_to_stand
15.098979,3.4855576,stationary_walk
6.741167,-4.801132,tm_3kmh
9.9328985,15.321764,romberg_closed
7.167756,-1.5039716,self_selected_gait_speed
0.021203823,4.45709,sit_to_stand
16.372057,4.4054155,stationary_walk
7.0070915,-1.3653126,tm_3kmh
9.3773575,13.953134,romberg_closed
7.645269,-5.8223476,self_selected_gait_speed
-0.90736693,3.565798,sit_to_stand
14.790897,4.0009456,stationary_walk
7.787931,-5.665338,tm_3kmh
9.884426,13.524748,romberg_closed
9.302461,-5.998534,self_selected_gait_speed
-0.9547478,3.4374356,sit_to_stand
15.895456,5.7383633,stationary_walk
9.530394,-5.33659,tm_3kmh
8.17532,13.677978,romberg_closed
6.0202346,-4.1035523,self_selected_gait_speed
-2.1004114,3.388924,sit_to_stand
15.927625,3.5114033,stationary_walk
5.8758917,-3.9033172,tm_3kmh
7.1738653,13.15157,romberg_closed
6.4581013,-1.1080152,self_selected_gait_speed
-3.5737095,4.922122,sit_to_stand
16.548542,6.2391725,stationary_walk
6.487341,-1.1064037,tm_3kmh
5.2936826,11.67942,romberg_closed
8.005847,-2.727395,self_selected_gait_speed
0.19230342,4.6292305,sit_to_stand
15.917419,5.020126,stationary_walk
8.214164,-2.7750003,tm_3kmh
6.071753,13.922564,romberg_closed
8.255459,-4.023696,self_selected_gait_speed
-1.9170386,3.923942,sit_to_stand
16.660606,5.8501983,stationary_walk
7.9887633,-3.8964453,tm_3kmh
6.4212523,12.954808,romberg_closed
6.1343474,-2.5329406,self_selected_gait_speed
-1.4191492,3.6618059,sit_to_stand
14.793735,5.2151566,stationary_walk
6.304339,11.620411,romberg_closed
9.597894,-3.4412775,self_selected_gait_speed
-2.4282506,5.438021,sit_to_stand
15.79349,4.9537177,stationary_walk
9.463834,-3.3937547,tm_3kmh
7.7867026,13.887441,romberg_closed
8.113374,-2.693614,self_selected_gait_speed
-3.2958276,4.5355783,sit_to_stand
16.292345,5.347479,stationary_walk
8.420873,-2.5841339,tm_3kmh
8.174455,14.252281,romberg_closed
6.9275055,-4.4547443,self_selected_gait_speed
-3.680954,4.446718,sit_to_stand
17.169498,6.335647,stationary_walk
7.5144067,-4.5595903,tm_3kmh
6.78976,13.681496,romberg_closed
-0.9553349,3.7247405,sit_to_stand
16.15322,5.4623237,stationary_walk
7.7374325,13.392411,romberg_closed
8.829446,-3.902688,self_selected_gait_speed
-2.839188,4.5076084,sit_to_stand
17.049683,6.1258035,stationary_walk
8.355409,-4.0961432,tm_3kmh
7.848644,12.818826,romberg_closed
9.012142,-2.7856648,self_selected_gait_speed
-1.5916593,3.3235536,sit_to_stand
16.444563,6.3974853,stationary_walk
8.89691,-2.6048758,tm_3kmh
6.369132,14.0178585,romberg_closed
7.2217197,-2.7236881,self_selected_gait_speed
-2.1447256,4.724931,sit_to_stand
17.59612,5.799826,stationary_walk
6.8017945,-2.7917118,tm_3kmh
5.412818,11.261341,romberg_closed
8.366901,-4.2425957,self_selected_gait_speed
-1.5565151,4.4783864,sit_to_stand
16.26043,5.9350452,stationary_walk
8.260905,-4.1826944,tm_3kmh
6.6348853,13.530676,romberg_closed
5.8061175,-4.7060366,self_selected_gait_speed
-3.4592326,4.585204,sit_to_stand
16.641483,5.471493,stationary_walk
5.9459157,-4.7020636,tm_3kmh
6.1802826,12.453039,romberg_closed
8.080894,-1.9273496,self_selected_gait_speed
-2.5934918,3.6076381,sit_to_stand
15.545261,6.1498833,stationary_walk
8.026146,-1.8692478,tm_3kmh
6.102896,12.240055,romberg_closed
9.1099415,-3.4494808,self_selected_gait_speed
0.23580676,4.5778885,sit_to_stand
15.898443,4.229942,stationary_walk
9.146907,-3.713346,tm_3kmh
6.449195,14.149897,romberg_closed
7.1203337,-3.1897678,self_selected_gait_speed
-1.2610335,4.6935053,sit_to_stand
17.4042,4.900648,stationary_walk
6.5839005,-3.3802783,tm_3kmh
6.504372,13.784979,romberg_closed
8.589544,-5.51771,self_selected_gait_speed
-2.956337,4.7970586,sit_to_stand
17.76776,5.2523155,stationary_walk
8.743219,-5.6654716,tm_3kmh
9.82166,13.608762,romberg_closed
4.5535316,-3.0015922,self_selected_gait_speed
-0.27274993,4.130068,sit_to_stand
14.721288,4.4600573,stationary_walk
4.5198526,-3.0923645,tm_3kmh
8.078443,13.745,romberg_closed
9.371592,-6.0072803,self_selected_gait_speed
-1.4851437,4.3530674,sit_to_stand
14.585833,5.189891,stationary_walk
9.345837,-6.1721044,tm_3kmh
10.723648,14.817049,romberg_closed
6.0245805,-4.781017,self_selected_gait_speed
0.27993098,4.983451,sit_to_stand
15.159016,3.4797695,stationary_walk
5.9326887,-4.8906097,tm_3kmh
6.213637,13.203501,romberg_closed
10.048449,-3.7169566,self_selected_gait_speed
-1.6237162,2.8797264,sit_to_stand
15.846005,6.3451357,stationary_walk
10.249902,-3.6668184,tm_3kmh
8.527954,13.934355,romberg_closed
6.713076,-3.0789652,self_selected_gait_speed
-0.42360416,5.0560226,sit_to_stand
16.356369,4.071076,stationary_walk
6.387624,-3.1696904,tm_3kmh
7.1735716,13.1877165,romberg_closed
8.909564,-4.40209,self_selected_gait_speed
-1.5150654,3.1979911,sit_to_stand
15.1265335,5.766294,stationary_walk
8.545612,-4.494924,tm_3kmh
9.377308,13.767304,romberg_closed
6.452969,-6.56319,self_selected_gait_speed
-1.4748951,3.9848077,sit_to_stand
15.710851,3.2014189,stationary_walk
6.6881757,-6.6755342,tm_3kmh
6.8574076,13.168931,romberg_closed
7.769155,-2.5491738,self_selected_gait_speed
-1.5488884,3.5587792,sit_to_stand
13.700289,4.5273743,stationary_walk
7.6354218,-2.774123,tm_3kmh
7.0892553,13.373173,romberg_closed
8.514572,-4.727924,self_selected_gait_speed
-3.1860123,4.82942,sit_to_stand
17.544428,6.1207714,stationary_walk
8.755906,-4.659541,tm_3kmh
6.1252623,11.985515,romberg_closed
6.982742,-4.4063134,self_selected_gait_speed
-1.1467701,4.121732,sit_to_stand
13.569809,4.661525,stationary_walk
6.7454934,-4.3905387,tm_3kmh
10.181236,14.442048,romberg_closed
7.7847667,-4.322146,self_selected_gait_speed
-1.8189092,4.8558316,sit_to_stand
15.623807,5.5557723,stationary_walk
7.163992,-4.3392124,tm_3kmh
9.814565,14.576218,romberg_closed
6.7313833,-6.679143,self_selected_gait_speed
-1.3903484,4.0886436,sit_to_stand
13.644542,4.384784,stationary_walk
6.62551,-6.7016406,tm_3kmh
6.940646,13.037283,romberg_closed
6.362654,-3.5853393,self_selected_gait_speed
-2.469285,4.163937,sit_to_stand
16.286575,5.877253,stationary_walk
6.1849008,-3.5668902,tm_3kmh
10.952923,14.440372,romberg_closed
-1.3476437,3.5098825,sit_to_stand
14.712755,3.852951,stationary_walk
6.25906,11.673416,romberg_closed
7.4251175,-3.4918783,self_selected_gait_speed
-2.6672149,5.3768163,sit_to_stand
16.804846,5.458833,stationary_walk
8.830907,13.653524,romberg_closed
6.228459,-5.239549,self_selected_gait_speed
-0.15291268,4.598586,sit_to_stand
15.542672,4.4394765,stationary_walk
6.170912,-5.080825,tm_3kmh
5.499769,11.319846,romberg_closed
9.057697,-2.8610268,self_selected_gait_speed
-2.9039843,3.666721,sit_to_stand
15.086452,6.194461,stationary_walk
9.065812,-2.8969452,tm_3kmh
10.67501,14.612605,romberg_closed
7.2391176,-5.4794765,self_selected_gait_speed
0.22709918,3.8448012,sit_to_stand
15.132778,3.961228,stationary_walk
7.651098,-5.6995187,tm_3kmh
7.417959,13.149591,romberg_closed
8.9308815,-3.7501738,self_selected_gait_speed
-3.282737,4.545653,sit_to_stand
16.03438,6.015227,stationary_walk
8.763771,-3.5865996,tm_3kmh
7.7690773,14.772839,romberg_closed
6.052659,-3.4560752,self_selected_gait_speed
-1.0159328,4.7662597,sit_to_stand
17.108818,3.9890153,stationary_walk
5.9971023,-3.584673,tm_3kmh
6.890816,13.883736,romberg_closed
6.5205593,-4.87498,self_selected_gait_speed
-2.357366,4.495716,sit_to_stand
16.49402,4.196567,stationary_walk
6.359313,-4.900577,tm_3kmh
11.22732,14.839696,romberg_closed
7.6798773,-6.2359266,self_selected_gait_speed
0.22421612,4.1234183,sit_to_stand
15.226534,3.7162259,stationary_walk
7.9915276,-6.193067,tm_3kmh
5.8496733,11.862986,romberg_closed
9.834527,-4.0911207,self_selected_gait_speed
-2.0240395,4.858476,sit_to_stand
16.832867,6.3925905,stationary_walk
9.76779,-4.000003,tm_3kmh
7.7479925,15.038356,romberg_closed
6.6787815,-5.8281946,self_selected_gait_speed
-0.35728425,4.245729,sit_to_stand
16.790497,3.7941945,stationary_walk
6.3051686,-5.4396367,tm_3kmh
6.9748693,13.68783,romberg_closed
-2.0811822,4.997395,sit_to_stand
17.026348,5.7292147,stationary_walk
8.914269,14.471593,romberg_closed
8.248683,-2.3454974,self_selected_gait_speed
-2.7582247,5.4828844,sit_to_stand
17.4213,5.3611727,stationary_walk
8.34137,-2.3522623,tm_3kmh
9.99311,14.431171,romberg_closed
6.681728,-5.3180337,self_selected_gait_speed
0.49782735,4.815244,sit_to_stand
15.917259,3.8354907,stationary_walk
6.779893,-5.0689473,tm_3kmh
7.6057534,-5.253822,self_selected_gait_speed
7.41004,-5.224461,tm_3kmh
5.75189,11.953252,romberg_closed
9.799371,-2.537819,self_selected_gait_speed
-2.6770976,3.7013474,sit_to_stand
17.491901,6.981494,stationary_walk
9.838467,-2.5382462,tm_3kmh
7.669631,13.744406,romberg_closed
7.0582895,-3.0462124,self_selected_gait_speed
-3.7215583,4.7372303,sit_to_stand
16.263018,5.883223,stationary_walk
7.262779,-3.0424902,tm_3kmh
8.078054,14.48257,romberg_closed
-3.5381265,4.9111643,sit_to_stand
16.47388,6.1564817,stationary_walk
6.606963,12.147334,romberg_closed
9.963818,-2.4716294,self_selected_gait_speed
-2.7190197,3.3105755,sit_to_stand
16.521984,6.727375,stationary_walk
9.889912,-2.4971304,tm_3kmh
7.9712653,14.057184,romberg_closed
7.0876265,-6.354673,self_selected_gait_speed
-1.0372885,3.9127862,sit_to_stand
15.079283,4.202019,stationary_walk
7.0499673,-6.527237,tm_3kmh
6.533617,12.02243,romberg_closed
5.987902,-3.3625224,self_selected_gait_speed
-1.8292718,5.7323866,sit_to_stand
16.421371,5.6053014,stationary_walk
6.0959835,-3.2185273,tm_3kmh
10.844053,14.990467,romberg_closed
7.8042545,-5.2345023,self_selected_gait_speed
-1.7898498,5.2784414,sit_to_stand
15.155723,3.9138627,stationary_walk
7.9987497,-4.681107,tm_3kmh
10.772923,14.178239,romberg_closed
-1.8469925,5.0302777,sit_to_stand
15.408119,3.4367077,stationary_walk
9.258529,15.104243,romberg_closed
7.5399747,-5.2855177,self_selected_gait_speed
-0.16116108,5.0605903,sit_to_stand
16.752045,4.2563124,stationary_walk
7.2395763,-4.643944,tm_3kmh
6.0444174,11.387329,romberg_closed
7.5364494,-4.703757,self_selected_gait_speed
-1.6837418,6.0006776,sit_to_stand
16.97447,5.900535,stationary_walk
7.922249,-4.859448,tm_3kmh
5.051972,11.187094,romberg_closed
8.282065,-2.690833,self_selected_gait_speed
-1.7356693,3.9430006,sit_to_stand
16.567755,6.014111,stationary_walk
8.633541,-2.540559,tm_3kmh
8.525768,12.907682,romberg_closed
9.10267,-5.48155,self_selected_gait_speed
-0.6728533,3.1062028,sit_to_stand
15.20037,6.213268,stationary_walk
9.125532,-5.4495225,tm_3kmh
6.5336494,13.768741,romberg_closed
9.634213,-3.1727104,self_selected_gait_speed
-2.0868602,4.481069,sit_to_stand
16.151178,5.8305016,stationary_walk
9.643989,-2.9915504,tm_3kmh
11.014427,14.696102,romberg_closed
7.59446,-3.9066346,self_selected_gait_speed
-1.0695363,5.2491956,sit_to_stand
14.753484,4.152308,stationary_walk
7.709774,-3.7293181,tm_3kmh
7.8246045,13.95651,romberg_closed
9.092611,-4.150258,self_selected_gait_speed
-1.8784655,4.13784,sit_to_stand
17.109941,6.167937,stationary_walk
8.847983,-4.371334,tm_3kmh
9.763234,14.007689,romberg_closed
6.4457407,-6.8261604,self_selected_gait_speed
-2.3370593,5.3334455,sit_to_stand
15.2804785,3.3471804,stationary_walk
6.277696,-6.646661,tm_3kmh
11.412811,14.509639,romberg_closed
0.21396491,3.571245,sit_to_stand
14.747625,4.07402,stationary_walk
8.326497,14.951913,romberg_closed
7.880037,-6.667249,self_selected_gait_speed
-2.648457,5.604162,sit_to_stand
15.331937,3.4258509,stationary_walk
7.933351,-6.71999,tm_3kmh
9.720533,14.964416,romberg_closed
6.2637734,-3.3860672,self_selected_gait_speed
-1.4933488,3.562439,sit_to_stand
16.34511,4.9227552,stationary_walk
8.652729,12.854478,romberg_closed
7.5858054,-3.4725893,self_selected_gait_speed
-2.1342032,3.5351655,sit_to_stand
15.9874525,5.608141,stationary_walk
7.715633,-3.6139092,tm_3kmh
9.569522,15.457353,romberg_closed
6.4236946,-4.3626933,self_selected_gait_speed
-1.8346382,5.8621354,sit_to_stand
16.583826,3.6372564,stationary_walk
6.7316394,-4.5694356,tm_3kmh
7.811109,12.336264,romberg_closed
9.390511,-2.2101965,self_selected_gait_speed
-1.1473662,2.863085,sit_to_stand
15.210524,5.3204823,stationary_walk
9.54986,-2.5977354,tm_3kmh
9.617864,14.944701,romberg_closed
8.637393,-2.9052048,self_selected_gait_speed
-2.6683896,5.666642,sit_to_stand
16.64686,4.0012445,stationary_walk
8.862123,-2.7371242,tm_3kmh
9.532777,15.295086,romberg_closed
8.352685,-3.5266886,self_selected_gait_speed
-2.5819995,5.8658714,sit_to_stand
16.337727,3.5494487,stationary_walk
8.386954,-3.3238297,tm_3kmh
6.3875723,12.15485,romberg_closed
7.4635468,-3.6141984,self_selected_gait_speed
-1.3372029,5.000689,sit_to_stand
14.73159,4.6791463,stationary_walk
7.4651985,-3.6460307,tm_3kmh
11.380025,13.940961,romberg_closed
8.48296,-6.577666,self_selected_gait_speed
-1.2483588,3.10982,sit_to_stand
14.369627,4.2127132,stationary_walk
8.532443,-6.6287017,tm_3kmh
8.751024,14.196527,romberg_closed
7.176035,-6.328405,self_selected_gait_speed
-2.9385886,4.3982534,sit_to_stand
15.784461,5.021831,stationary_walk
7.012538,-6.467971,tm_3kmh
5.1501865,11.319016,romberg_closed
8.221641,-3.956374,self_selected_gait_speed
-1.7637475,5.131648,sit_to_stand
17.349958,6.6406307,stationary_walk
8.331765,-3.810126,tm_3kmh
6.750991,13.530901,romberg_closed
9.432767,-2.6708179,self_selected_gait_speed
-2.314088,4.223159,sit_to_stand
14.683502,5.0110135,stationary_walk
9.232144,-2.8473306,tm_3kmh
9.385239,13.44876,romberg_closed
5.6646547,-3.9695592,self_selected_gait_speed
-1.3568321,3.3637855,sit_to_stand
15.355289,4.815539,stationary_walk
5.529141,-3.730014,tm_3kmh
10.335074,14.817279,romberg_closed
8.535408,-5.884661,self_selected_gait_speed
-0.10901692,3.8426316,sit_to_stand
15.847045,3.3930166,stationary_walk
8.425623,-5.9497137,tm_3kmh
6.757109,13.222485,romberg_closed
8.908124,-3.6236358,self_selected_gait_speed
-1.4282945,3.6601532,sit_to_stand
15.088089,5.94055,stationary_walk
8.449385,-2.975023,tm_3kmh
8.082347,15.105149,romberg_closed
9.475056,-3.1975293,self_selected_gait_speed
-1.3040457,5.7230997,sit_to_stand
15.949596,4.7708797,stationary_walk
9.430222,-3.1604853,tm_3kmh
5.543848,11.4816885,romberg_closed
0.25932187,5.133704,sit_to_stand
16.653765,5.962352,stationary_walk
9.256354,14.83368,romberg_closed
6.4142547,-3.5724816,self_selected_gait_speed
-1.4978918,4.2739806,sit_to_stand
16.672237,5.542093,stationary_walk
5.9418483,-4.002226,tm_3kmh
8.204579,14.873575,romberg_closed
7.0910163,-5.4138446,self_selected_gait_speed
-1.4020791,4.057823,sit_to_stand
16.255152,4.3768883,stationary_walk
7.196789,-5.2990327,tm_3kmh
6.5933833,13.336307,romberg_closed
5.9424443,-5.2399287,self_selected_gait_speed
-1.3528273,4.0967164,sit_to_stand
15.450717,4.559298,stationary_walk
5.987062,-5.322684,tm_3kmh
10.731336,14.578168,romberg_closed
-0.6455378,4.450026,sit_to_stand
14.798625,3.383159,stationary_walk
6.536956,14.246311,romberg_closed
7.476924,-4.5940547,self_selected_gait_speed
-1.3573018,5.095862,sit_to_stand
16.208183,5.03536,stationary_walk
7.3024883,-4.2928934,tm_3kmh
9.839576,13.391199,romberg_closed
6.314072,-5.2235866,self_selected_gait_speed
-3.1879632,4.628838,sit_to_stand
15.803125,5.2629786,stationary_walk
6.013714,-5.0443296,tm_3kmh
8.665252,13.27233,romberg_closed
6.1736193,-3.5443902,self_selected_gait_speed
-0.8632136,3.1898613,sit_to_stand
16.141151,5.234447,stationary_walk
5.139378,-3.4145775,tm_3kmh
9.815008,14.107544,romberg_closed
5.9100266,-5.7878413,self_selected_gait_speed
0.40992427,4.5912566,sit_to_stand
14.614306,3.9953244,stationary_walk
6.015327,-5.877603,tm_3kmh
9.363026,15.087843,romberg_closed
7.495336,-4.346764,self_selected_gait_speed
-1.1799201,4.960448,sit_to_stand
16.584927,3.7159083,stationary_walk
7.4951963,-4.346851,tm_3kmh
11.194075,14.77439,romberg_closed
7.9799266,-6.434224,self_selected_gait_speed
-0.012202559,3.5233126,sit_to_stand
14.9795885,4.2013245,stationary_walk
7.4648447,-6.5117354,tm_3kmh
8.753165,14.563567,romberg_closed
5.652614,-4.9744987,self_selected_gait_speed
-2.0175054,5.1283283,sit_to_stand
15.496852,3.6604133,stationary_walk
5.6247673,-2.0640924,tm_3kmh
8.771741,15.189192,romberg_closed
-2.4444299,5.136944,sit_to_stand
16.730982,4.2269278,stationary_walk
8.945752,13.120338,romberg_closed
-0.9944324,4.3125043,sit_to_stand
14.621995,5.238132,stationary_walk
7.5470705,14.055192,romberg_closed
9.358894,-3.4506052,self_selected_gait_speed
-0.060067624,5.2339296,sit_to_stand
16.838999,6.101591,stationary_walk
9.056508,-3.164395,tm_3kmh
8.772293,13.156288,romberg_closed
8.63119,-3.2782567,self_selected_gait_speed
-1.4286487,3.3444643,sit_to_stand
15.387529,6.355615,stationary_walk
8.846932,-3.7208874,tm_3kmh
9.641171,13.187065,romberg_closed
7.261907,-2.766997,self_selected_gait_speed
-3.2874417,4.7865252,sit_to_stand
16.63416,5.667016,stationary_walk
7.24841,-2.645301,tm_3kmh
6.5429726,13.9758,romberg_closed
7.0587707,-1.3114315,self_selected_gait_speed
-0.72456247,5.490576,sit_to_stand
17.010958,5.4590287,stationary_walk
7.045843,-1.3065163,tm_3kmh
7.655416,15.236286,romberg_closed
8.328721,-6.748599,self_selected_gait_speed
-2.9305854,5.497152,sit_to_stand
16.522013,4.732106,stationary_walk
8.230394,-6.8410625,tm_3kmh
8.4917145,13.42564,romberg_closed
5.6190557,-1.9146829,self_selected_gait_speed
-1.1472493,4.3760157,sit_to_stand
15.444329,4.501934,stationary_walk
11.180377,14.57685,romberg_closed
6.3819156,-1.064574,self_selected_gait_speed
0.5238607,4.775593,sit_to_stand
15.761473,4.2206793,stationary_walk
6.4243307,-1.1104455,tm_3kmh
5.415246,11.855427,romberg_closed
9.226658,-3.1152136,self_selected_gait_speed
-2.6875293,3.9868429,sit_to_stand
17.266502,6.2706604,stationary_walk
9.094352,-3.440489,tm_3kmh
9.826369,13.694565,romberg_closed
7.200335,-3.3900225,self_selected_gait_speed
-0.66343975,5.4272065,sit_to_stand
15.526099,5.5944858,stationary_walk
6.4908047,-3.7139847,tm_3kmh
5.7800384,11.778487,romberg_closed
-3.5407917,4.88639,sit_to_stand
16.803501,6.75849,stationary_walk
7.863578,14.208451,romberg_closed
7.1056943,-6.6559625,self_selected_gait_speed
-1.0538021,4.3574424,sit_to_stand
15.645207,4.750805,stationary_walk
7.0389457,-6.5301914,tm_3kmh
9.415165,14.544327,romberg_closed
6.031106,-4.4539933,self_selected_gait_speed
-0.50765604,4.508578,sit_to_stand
16.042074,4.4739213,stationary_walk
6.229037,-5.037445,tm_3kmh
6.3890405,14.032721,romberg_closed
7.9983687,-5.2615485,self_selected_gait_speed
-1.79093,4.7509456,sit_to_stand
16.542706,5.067138,stationary_walk
7.9089437,-5.09477,tm_3kmh
10.037,14.696748,romberg_closed
7.962815,-5.7892346,self_selected_gait_speed
-2.0807931,4.3556457,sit_to_stand
14.911366,4.352936,stationary_walk
4.5566106,-3.2673497,tm_3kmh
8.151378,13.53051,romberg_closed
6.4986405,-6.18772,self_selected_gait_speed
-1.5763044,4.330298,sit_to_stand
15.183255,5.5378766,stationary_walk
6.8843412,-6.493472,tm_3kmh
8.152057,14.081685,romberg_closed
6.4815855,-3.2297494,self_selected_gait_speed
-2.0280087,3.1790795,sit_to_stand
13.786748,4.63525,stationary_walk
6.4029937,-3.2907524,tm_3kmh
9.85679,14.490414,romberg_closed
7.82412,-3.1676323,self_selected_gait_speed
-1.3772188,5.9511127,sit_to_stand
16.458815,4.458882,stationary_walk
7.2141905,-3.348895,tm_3kmh
7.5782056,14.0431795,romberg_closed
8.314177,-3.89771,self_selected_gait_speed
-3.7100964,4.767309,sit_to_stand
17.27032,5.6125517,stationary_walk
7.933363,-3.7888274,tm_3kmh
7.753228,14.203751,romberg_closed
9.231335,-6.4675856,self_selected_gait_speed
-1.8876044,4.14116,sit_to_stand
15.455258,4.6711707,stationary_walk
9.156289,-6.4510345,tm_3kmh
5.641967,12.046449,romberg_closed
7.729534,-3.6596487,self_selected_gait_speed
-2.0733664,3.9358878,sit_to_stand
17.172962,6.446481,stationary_walk
7.5397897,-3.202202,tm_3kmh
7.583726,14.517961,romberg_closed
6.471661,-0.8131206,self_selected_gait_speed
-2.0512648,5.43076,sit_to_stand
17.192001,4.877815,stationary_walk
6.4375005,-0.788229,tm_3kmh
9.819854,14.911569,romberg_closed
8.319087,-5.249938,self_selected_gait_speed
-1.2287436,5.3205757,sit_to_stand
14.990469,4.274524,stationary_walk
8.344933,-5.200917,tm_3kmh
8.739615,15.151523,romberg_closed
-1.7879151,4.142572,sit_to_stand
13.753793,4.5965786,stationary_walk
9.002737,14.83467,romberg_closed
6.731902,-5.2578583,self_selected_gait_speed
0.27567744,4.253562,sit_to_stand
13.770685,4.2779613,stationary_walk
6.1740828,-5.170442,tm_3kmh
10.104876,14.943457,romberg_closed
7.020604,-5.7289686,self_selected_gait_speed
-0.6693805,5.8261094,sit_to_stand
13.72847,4.2607636,stationary_walk
6.8057523,-5.8940973,tm_3kmh
8.267902,15.014209,romberg_closed
7.2148376,-5.5384617,self_selected_gait_speed
-0.45820367,5.3453736,sit_to_stand
16.162848,4.0629163,stationary_walk
7.3331714,-5.2964535,tm_3kmh
11.037168,14.595351,romberg_closed
9.028264,-5.5127707,self_selected_gait_speed
-3.3578875,4.50718,sit_to_stand
15.743062,4.1290593,stationary_walk
9.344614,-5.4260964,tm_3kmh
8.1866,14.693667,romberg_closed
6.2773337,-4.660256,self_selected_gait_speed
-3.1932669,4.6196814,sit_to_stand
17.56218,4.643513,stationary_walk
6.4776583,-4.7956786,tm_3kmh
6.1857595,11.617491,romberg_closed
7.4081063,-3.3532743,self_selected_gait_speed
-2.702833,5.0532146,sit_to_stand
17.348043,6.1639237,stationary_walk
7.3515434,-2.8791995,tm_3kmh
11.106219,14.979588,romberg_closed
6.469961,-6.093674,self_selected_gait_speed
0.1197894,4.5436797,sit_to_stand
15.016159,3.5837343,stationary_walk
6.3412614,-5.717815,tm_3kmh
10.829293,14.391389,romberg_closed
8.598411,-4.7396955,self_selected_gait_speed
-1.9735903,5.8346763,sit_to_stand
14.824477,3.6071694,stationary_walk
8.600186,-4.7425547,tm_3kmh
5.598308,11.62812,romberg_closed
9.482276,-2.5223918,self_selected_gait_speed
-1.5122017,3.6228423,sit_to_stand
16.113462,6.564368,stationary_walk
9.571991,-2.475248,tm_3kmh
6.2278028,11.522025,romberg_closed
-1.3473377,2.8470328,sit_to_stand
14.717522,6.1459317,stationary_walk
7.9648333,12.988456,romberg_closed
8.823214,-3.140832,self_selected_gait_speed
-1.3267666,4.2676115,sit_to_stand
15.3644905,5.4358983,stationary_walk
8.152543,-2.9956176,tm_3kmh
7.8081884,13.4500265,romberg_closed
4.9121056,-3.2594619,self_selected_gait_speed
-1.9082724,3.3438258,sit_to_stand
15.060071,4.5173116,stationary_walk
4.7294483,-3.09962,tm_3kmh
9.4703245,14.8890085,romberg_closed
6.395155,-6.2471576,self_selected_gait_speed
-1.5038449,4.854971,sit_to_stand
16.041967,3.7708359,stationary_walk
6.4738984,-6.2372475,tm_3kmh
7.3234086,14.66898,romberg_closed
9.523547,-2.3898592,self_selected_gait_speed
-0.3512194,5.2188406,sit_to_stand
16.688864,4.4984555,stationary_walk
9.292991,-2.2630205,tm_3kmh
7.3355994,13.163187,romberg_closed
7.376111,-3.0177944,self_selected_gait_speed
-2.6797626,3.6559906,sit_to_stand
16.688555,5.258562,stationary_walk
7.166072,-3.0468974,tm_3kmh
8.326361,14.364501,romberg_closed
8.170448,-3.5134614,self_selected_gait_speed
-1.3743701,4.283311,sit_to_stand
16.352095,6.022997,stationary_walk
5.878629,-1.9902999,tm_3kmh
5.02359,11.198453,romberg_closed
6.7073812,-2.993621,self_selected_gait_speed
-3.13854,4.4334784,sit_to_stand
16.31316,4.4862394,stationary_walk
6.7715697,-2.9815931,tm_3kmh
6.837085,14.701919,romberg_closed
7.1852136,-5.107887,self_selected_gait_speed
-1.8933998,5.0520797,sit_to_stand
16.93475,4.5264096,stationary_walk
6.961994,-5.1315165,tm_3kmh
9.067225,14.192269,romberg_closed
7.534756,-5.957641,self_selected_gait_speed
-0.6553829,4.3133125,sit_to_stand
15.431218,4.1596026,stationary_walk
7.7887306,-6.0588546,tm_3kmh
10.150793,14.035864,romberg_closed
7.92086,-6.1448684,self_selected_gait_speed
-0.859379,3.7329874,sit_to_stand
15.347164,4.226685,stationary_walk
7.562181,-6.2653146,tm_3kmh
8.7598915,14.936866,romberg_closed
6.48509,-5.0908785,self_selected_gait_speed
-1.313075,4.4518733,sit_to_stand
13.832203,4.5257077,stationary_walk
6.270594,-4.7966423,tm_3kmh
5.3533854,11.263901,romberg_closed
8.489464,-4.3806458,self_selected_gait_speed
-3.0951505,4.0067625,sit_to_stand
16.56213,6.3266897,stationary_walk
8.855648,-4.374185,tm_3kmh
5.9106526,11.978012,romberg_closed
9.104081,-4.934842,self_selected_gait_speed
-1.0819725,4.848542,sit_to_stand
16.547808,6.2562866,stationary_walk
8.687915,-4.5165553,tm_3kmh
10.005004,14.401863,romberg_closed
7.1543055,-6.6841497,self_selected_gait_speed
-0.5736763,3.537862,sit_to_stand
15.531554,3.9316595,stationary_walk
7.340304,-6.6770024,tm_3kmh
7.3892336,14.443839,romberg_closed
7.707854,-5.222672,self_selected_gait_speed
0.4250009,4.8194942,sit_to_stand
16.300867,3.8520517,stationary_walk
7.3242188,-5.3392725,tm_3kmh
8.329212,14.26343,romberg_closed
6.348744,-6.5137486,self_selected_gait_speed
-0.21470396,4.0263805,sit_to_stand
15.198028,4.391709,stationary_walk
6.417244,-6.2486997,tm_3kmh
6.2659135,13.28497,romberg_closed
7.0475454,-6.5768504,self_selected_gait_speed
-1.6183556,3.6345274,sit_to_stand
15.297655,4.9657507,stationary_walk
6.927283,-6.5752873,tm_3kmh
9.603908,14.263522,romberg_closed
7.572305,-6.8886843,self_selected_gait_speed
-1.8983772,3.2544568,sit_to_stand
15.694632,4.015256,stationary_walk
7.4551744,-6.7304354,tm_3kmh
8.271539,14.778793,romberg_closed
8.769018,-5.1004353,self_selected_gait_speed
-1.9258326,3.838052,sit_to_stand
15.673232,5.379634,stationary_walk
9.102607,-5.1197057,tm_3kmh
7.8464446,14.957988,romberg_closed
7.0998273,-4.1434727,self_selected_gait_speed
-2.3915417,5.8759055,sit_to_stand
16.950201,3.9983087,stationary_walk
7.0393963,-4.2709694,tm_3kmh
6.591667,11.8858185,romberg_closed
7.8097315,-6.548402,self_selected_gait_speed
-1.0043863,3.2999046,sit_to_stand
14.547799,4.955602,stationary_walk
7.626451,-6.5456257,tm_3kmh
6.289126,13.649888,romberg_closed
7.6252627,-2.7455342,self_selected_gait_speed
-2.3512955,3.3840806,sit_to_stand
17.493229,5.158952,stationary_walk
7.600033,-2.6493611,tm_3kmh
9.038163,13.996471,romberg_closed
6.004037,-3.9015675,self_selected_gait_speed
-2.0904317,4.6660376,sit_to_stand
15.237282,4.465267,stationary_walk
5.993357,-3.8809595,tm_3kmh
7.7456837,13.774524,romberg_closed
7.9376087,-5.007891,self_selected_gait_speed
-0.1232937,3.970266,sit_to_stand
16.261448,5.031789,stationary_walk
7.508242,-4.6846113,tm_3kmh
9.334086,13.909901,romberg_closed
6.659372,-4.8406157,self_selected_gait_speed
-0.5415995,4.2121663,sit_to_stand
15.454919,4.1462345,stationary_walk
6.307726,14.01717,romberg_closed
7.6504436,-6.2955565,self_selected_gait_speed
-0.09786785,4.8720083,sit_to_stand
17.01876,6.3103595,stationary_walk
7.5771794,-6.263533,tm_3kmh
9.358233,14.342682,romberg_closed
8.003414,-5.7101274,self_selected_gait_speed
-0.77079886,3.9552653,sit_to_stand
16.057661,4.1461005,stationary_walk
7.5713334,-5.609761,tm_3kmh
10.641508,15.217523,romberg_closed
8.009502,-6.413704,self_selected_gait_speed
-0.04750839,3.5737014,sit_to_stand
15.598484,4.0402203,stationary_walk
7.991047,-6.6195846,tm_3kmh
6.6546817,12.032297,romberg_closed
5.3173685,-3.546656,self_selected_gait_speed
-0.66803414,4.7998695,sit_to_stand
15.7601385,4.4821177,stationary_walk
5.256673,-3.4554746,tm_3kmh
11.15533,14.468883,romberg_closed
8.054157,-5.490914,self_selected_gait_speed
-0.30056304,3.881564,sit_to_stand
14.68571,4.2150836,stationary_walk
8.140836,-5.676677,tm_3kmh
8.759696,13.97605,romberg_closed
7.3910146,-5.276747,self_selected_gait_speed
-2.7544627,5.1870275,sit_to_stand
16.791946,4.725017,stationary_walk
7.2985015,-5.524031,tm_3kmh
10.025178,14.172418,romberg_closed
7.063662,-6.624369,self_selected_gait_speed
-3.3478537,4.3652973,sit_to_stand
15.639441,5.070222,stationary_walk
6.863047,-6.5809364,tm_3kmh
7.2665033,14.562377,romberg_closed
6.152791,-2.1504014,self_selected_gait_speed
-1.1272346,4.8220053,sit_to_stand
17.425644,5.306542,stationary_walk
7.377117,-4.636291,tm_3kmh
7.1562123,-6.0513372,self_selected_gait_speed
-1.8260391,6.017202,sit_to_stand
16.249664,3.833836,stationary_walk
7.097872,-5.9612765,tm_3kmh
6.7677407,13.822898,romberg_closed
6.705173,-1.8934785,self_selected_gait_speed
-1.6736404,5.5436764,sit_to_stand
17.208609,5.846925,stationary_walk
6.637189,-2.0374238,tm_3kmh
6.3428364,12.71352,romberg_closed
7.020108,-6.7978573,self_selected_gait_speed
-1.0166442,5.365388,sit_to_stand
14.469909,5.4456964,stationary_walk
6.9946456,-6.9214005,tm_3kmh
6.6527996,12.143931,romberg_closed
8.706963,-4.7701607,self_selected_gait_speed
-2.2179196,4.3838487,sit_to_stand
16.64379,5.853217,stationary_walk
7.815553,-5.0333314,tm_3kmh
9.847797,14.998909,romberg_closed
6.7637324,-3.1555555,self_selected_gait_speed
-1.8745261,4.8838515,sit_to_stand
15.560151,3.9640963,stationary_walk
6.452118,-3.224491,tm_3kmh
10.864714,14.88684,romberg_closed
8.300651,-5.111832,self_selected_gait_speed
-2.8539522,4.7054925,sit_to_stand
15.5737915,3.4023275,stationary_walk
8.3603735,-5.1909533,tm_3kmh
7.2109666,14.888975,romberg_closed
9.299701,-3.1402373,self_selected_gait_speed
-3.1736882,5.4353056,sit_to_stand
16.456053,4.396724,stationary_walk
9.40343,-2.947779,tm_3kmh
8.730966,14.304772,romberg_closed
8.973511,-3.1260998,self_selected_gait_speed
-1.2468802,4.4165754,sit_to_stand
15.242452,4.697149,stationary_walk
8.9057,-3.3259387,tm_3kmh
10.402948,13.905595,romberg_closed
6.546094,-6.852953,self_selected_gait_speed
-1.1017828,4.302041,sit_to_stand
14.509857,3.9440458,stationary_walk
6.5632133,-6.895325,tm_3kmh
7.927498,14.427844,romberg_closed
7.1630554,-4.1282744,self_selected_gait_speed
-2.444554,5.401714,sit_to_stand
16.831253,4.6934347,stationary_walk
6.9258127,-4.4460907,tm_3kmh
8.589514,15.132316,romberg_closed
9.056439,-5.692565,self_selected_gait_speed
-1.6425556,5.655734,sit_to_stand
15.525226,3.9176114,stationary_walk
5.527037,-1.7892226,tm_3kmh
8.231411,14.789306,romberg_closed
6.077951,-3.4618318,self_selected_gait_speed
-0.7817725,4.9016747,sit_to_stand
16.999548,4.449196,stationary_walk
6.552159,-3.7455702,tm_3kmh
8.953343,13.287198,romberg_closed
9.126631,-4.913319,self_selected_gait_speed
-0.3158814,3.5949826,sit_to_stand
13.730229,4.591018,stationary_walk
9.246421,-4.9631944,tm_3kmh
9.621,14.856271,romberg_closed
6.1063204,-5.1894836,self_selected_gait_speed
-1.3414781,3.9681065,sit_to_stand
15.944942,4.394119,stationary_walk
6.059644,-5.008234,tm_3kmh
8.20914,14.325705,romberg_closed
6.7730045,-5.091771,self_selected_gait_speed
-2.4854102,4.5012217,sit_to_stand
15.371866,5.1551895,stationary_walk
6.724089,-4.876034,tm_3kmh
7.0949254,14.299751,romberg_closed
9.016213,-6.2515388,self_selected_gait_speed
-2.465736,4.3024106,sit_to_stand
15.351051,5.0830455,stationary_walk
9.035077,-6.250046,tm_3kmh
9.241457,12.903797,romberg_closed
9.426308,-4.406964,self_selected_gait_speed
-1.8603858,3.0223417,sit_to_stand
14.850211,5.1524124,stationary_walk
9.324538,-4.416791,tm_3kmh
7.975068,14.660113,romberg_closed
6.3537793,-3.64776,self_selected_gait_speed
-1.3216447,4.265606,sit_to_stand
16.196522,5.1267347,stationary_walk
6.2298145,-3.5142293,tm_3kmh
10.002997,13.687129,romberg_closed
9.067898,-6.3943,self_selected_gait_speed
-2.311128,4.0825076,sit_to_stand
14.670439,4.580273,stationary_walk
9.109087,-6.3280034,tm_3kmh
6.7540383,14.377375,romberg_closed
7.006623,-3.6606584,self_selected_gait_speed
-2.3142898,3.949839,sit_to_stand
17.591063,5.326877,stationary_walk
7.1521425,-3.9293017,tm_3kmh
7.1741424,14.181721,romberg_closed
9.264817,-2.0932124,self_selected_gait_speed
-0.028643617,4.8062263,sit_to_stand
15.824621,4.2610035,stationary_walk
9.193424,-2.1017554,tm_3kmh
11.239497,14.532647,romberg_closed
-0.35320204,4.651805,sit_to_stand
14.991553,3.410831,stationary_walk
8.287831,13.411883,romberg_closed
6.2323065,-4.1642575,self_selected_gait_speed
0.04906308,4.526128,sit_to_stand
15.242718,4.889259,stationary_walk
6.204658,-4.1712394,tm_3kmh
6.7971473,12.318157,romberg_closed
7.1574125,-3.8588119,self_selected_gait_speed
-3.2316437,5.1026793,sit_to_stand
16.34994,5.7738943,stationary_walk
6.918934,-3.8948348,tm_3kmh
9.307244,14.141172,romberg_closed
7.828469,-5.8728757,self_selected_gait_speed
0.107034355,4.0616255,sit_to_stand
14.94083,4.504049,stationary_walk
7.7263103,-5.9925966,tm_3kmh
8.519483,15.505526,romberg_closed
8.136746,-5.5876746,self_selected_gait_speed
-1.1429753,4.5605946,sit_to_stand
15.964567,3.806787,stationary_walk
8.200787,-5.2631874,tm_3kmh
7.6890597,12.984532,romberg_closed
9.358973,-4.17261,self_selected_gait_speed
0.34800586,5.1467686,sit_to_stand
16.725315,4.405542,stationary_walk
9.039158,-4.784045,tm_3kmh
11.261167,14.318259,romberg_closed
6.372536,-6.6399064,self_selected_gait_speed
0.35144264,4.2316837,sit_to_stand
14.503555,3.9059217,stationary_walk
6.3513823,-6.695423,tm_3kmh
10.365377,14.871876,romberg_closed
9.215536,-3.232147,self_selected_gait_speed
-3.3096776,5.280425,sit_to_stand
15.293837,3.938726,stationary_walk
8.89991,-3.1251678,tm_3kmh
7.623554,14.949253,romberg_closed
8.265851,-5.504371,self_selected_gait_speed
-1.2998493,5.5158095,sit_to_stand
16.94166,4.2789397,stationary_walk
7.862213,-6.088476,tm_3kmh
8.038398,12.982426,romberg_closed
7.325883,-3.3294067,self_selected_gait_speed
-3.454362,4.0277023,sit_to_stand
13.6541,4.8059254,stationary_walk
7.1345997,-3.548915,tm_3kmh
9.66532,14.0785475,romberg_closed
7.729335,-4.3185463,self_selected_gait_speed
-2.1073215,4.1912885,sit_to_stand
15.462876,5.0481586,stationary_walk
7.0286484,-4.214637,tm_3kmh
6.1901646,14.027502,romberg_closed
8.6997175,-3.9196465,self_selected_gait_speed
-2.7424822,4.1910143,sit_to_stand
17.042881,5.7352886,stationary_walk
8.828997,-4.455611,tm_3kmh
8.745232,14.460783,romberg_closed
7.9371276,-5.5170703,self_selected_gait_speed
-2.4059403,5.632661,sit_to_stand
17.033424,4.0571547,stationary_walk
8.07762,-5.6586266,tm_3kmh
8.75374,14.661132,romberg_closed
9.305078,-5.2317433,self_selected_gait_speed
-0.53553253,5.539079,sit_to_stand
16.320478,6.050564,stationary_walk
9.304958,-5.371625,tm_3kmh
7.743321,13.634267,romberg_closed
8.331205,-5.4670258,self_selected_gait_speed
-2.6761408,3.973876,sit_to_stand
15.387053,5.833315,stationary_walk
7.6803546,-5.9538527,tm_3kmh
7.6159887,14.68593,romberg_closed
-3.707068,4.71436,sit_to_stand
17.433867,4.6831765,stationary_walk
9.025651,15.323436,romberg_closed
8.495921,-3.1543882,self_selected_gait_speed
-1.3489777,5.7668266,sit_to_stand
16.543243,4.6853766,stationary_walk
8.424402,-3.1857169,tm_3kmh
10.893029,14.747645,romberg_closed
8.237777,-6.4086056,self_selected_gait_speed
-2.5621393,5.5988607,sit_to_stand
15.222167,4.292166,stationary_walk
8.067134,-6.307806,tm_3kmh
7.314316,14.083359,romberg_closed
7.6898546,-3.0953498,self_selected_gait_speed
-3.228206,4.073175,sit_to_stand
16.12192,6.0758414,stationary_walk
7.5891433,-3.093834,tm_3kmh
5.757553,11.564391,romberg_closed
10.013103,-2.7521486,self_selected_gait_speed
-1.8569449,5.5347548,sit_to_stand
16.609995,6.0227466,stationary_walk
9.884338,-2.8664103,tm_3kmh
10.0685425,14.049961,romberg_closed
8.847919,-4.227661,self_selected_gait_speed
-1.123347,3.702523,sit_to_stand
14.719899,4.1724396,stationary_walk
8.88114,-4.3851666,tm_3kmh
9.823096,13.435901,romberg_closed
9.332084,-3.9452987,self_selected_gait_speed
-1.2711118,4.579088,sit_to_stand
14.542072,5.734705,stationary_walk
9.410344,-3.9916375,tm_3kmh
7.0069904,14.806692,romberg_closed
8.284889,-5.724784,self_selected_gait_speed
-0.39670593,5.030596,sit_to_stand
16.776003,4.8781214,stationary_walk
5.1817837,-3.4196885,tm_3kmh
8.959305,14.701415,romberg_closed
5.452449,-1.6220498,self_selected_gait_speed
-1.1283956,5.5886984,sit_to_stand
15.08623,4.5878468,stationary_walk
5.418904,-1.6177406,tm_3kmh
6.148959,14.059061,romberg_closed
7.0474195,-4.0645967,self_selected_gait_speed
-1.8384635,5.569437,sit_to_stand
17.65111,5.1470995,stationary_walk
7.2785025,-4.351219,tm_3kmh
6.744662,14.537342,romberg_closed
-3.4687984,4.861773,sit_to_stand
16.19499,4.2260146,stationary_walk
10.601552,14.861542,romberg_closed
9.073261,-5.854603,self_selected_gait_speed
-1.9848053,4.6616845,sit_to_stand
15.34667,3.9357576,stationary_walk
8.92154,-5.8694205,tm_3kmh
8.044556,12.975743,romberg_closed
8.399826,-3.26726,self_selected_gait_speed
-2.9176006,3.7576253,sit_to_stand
15.949481,6.2560844,stationary_walk
8.486981,-3.6099467,tm_3kmh
10.51138,13.8703,romberg_closed
5.6778765,-3.997849,self_selected_gait_speed
-0.26138622,5.4906173,sit_to_stand
14.695231,4.7903514,stationary_walk
5.9154367,-3.8198462,tm_3kmh
8.546002,14.380184,romberg_closed
6.625143,-3.8031654,self_selected_gait_speed
-2.644381,4.198077,sit_to_stand
17.148788,5.5945935,stationary_walk
6.8715014,-4.0979943,tm_3kmh
9.661864,15.05375,romberg_closed
8.7282295,-4.4026437,self_selected_gait_speed
-2.5247867,5.9738626,sit_to_stand
16.277344,4.517369,stationary_walk
8.430141,-4.3934026,tm_3kmh
9.994845,14.477268,romberg_closed
7.61316,-5.433903,self_selected_gait_speed
-1.4047585,5.100983,sit_to_stand
16.034506,4.3043,stationary_walk
7.572984,-5.306853,tm_3kmh
9.766468,14.215599,romberg_closed
9.651515,-3.5960736,self_selected_gait_speed
-1.7506056,4.9964976,sit_to_stand
14.642794,5.3772717,stationary_walk
9.510212,-3.4465296,tm_3kmh
8.310968,14.801357,romberg_closed
8.482567,-2.5368788,self_selected_gait_speed
-2.7528408,5.422446,sit_to_stand
15.917519,4.86461,stationary_walk
7.9258924,-2.8303466,tm_3kmh
11.051626,13.629593,romberg_closed
6.3652735,-3.867545,self_selected_gait_speed
-0.24042249,3.5485435,sit_to_stand
15.001436,5.157299,stationary_walk
6.5879946,-4.252841,tm_3kmh
8.511678,15.029634,romberg_closed
5.8203187,-4.3419495,self_selected_gait_speed
-0.36440986,4.2221894,sit_to_stand
15.616502,3.7806165,stationary_walk
6.121702,-4.5430827,tm_3kmh
9.539018,14.6263485,romberg_closed
6.657342,-6.5675244,self_selected_gait_speed
-2.4354963,4.7681437,sit_to_stand
15.852343,3.8185596,stationary_walk
6.5672984,-6.3297777,tm_3kmh
5.0692286,11.320323,romberg_closed
9.263789,-5.3458853,self_selected_gait_speed
-0.5563255,3.3983016,sit_to_stand
15.110997,6.2185564,stationary_walk
9.267922,-5.340405,tm_3kmh
10.410082,14.236184,romberg_closed
9.659067,-4.180433,self_selected_gait_speed
-1.3366169,4.2420874,sit_to_stand
15.154357,5.366232,stationary_walk
9.667102,-4.1479807,tm_3kmh
9.740282,14.217401,romberg_closed
7.4084587,-5.818652,self_selected_gait_speed
-0.8797546,5.653435,sit_to_stand
15.182034,3.3476212,stationary_walk
7.5137506,-6.1758356,tm_3kmh
6.2424192,12.355602,romberg_closed
7.65962,-2.9787068,self_selected_gait_speed
-0.5227201,4.7165213,sit_to_stand
15.747939,6.2011743,stationary_walk
7.644769,-2.8468797,tm_3kmh
8.409843,13.796848,romberg_closed
6.6715965,-6.9888206,self_selected_gait_speed
-2.3961785,5.638001,sit_to_stand
16.08116,3.479226,stationary_walk
6.6161094,-6.968082,tm_3kmh
9.394463,13.47387,romberg_closed
7.9922853,-4.7882624,self_selected_gait_speed
-2.2299025,5.929782,sit_to_stand
15.6557255,5.2199078,stationary_walk
8.237912,-4.691331,tm_3kmh
10.218711,14.883486,romberg_closed
9.118069,-2.2899892,self_selected_gait_speed
-0.5819306,4.716891,sit_to_stand
16.20339,4.1663733,stationary_walk
9.102135,-2.236297,tm_3kmh
9.93674,14.818617,romberg_closed
8.65124,-5.591056,self_selected_gait_speed
-2.4654386,6.1021814,sit_to_stand
16.538895,4.1546054,stationary_walk
8.359318,-5.790852,tm_3kmh
8.61961,14.5570755,romberg_closed
5.8979383,-4.5528007,self_selected_gait_speed
-1.940713,4.448849,sit_to_stand
13.923555,4.620923,stationary_walk
5.8817735,-4.324631,tm_3kmh
6.5779123,13.8782,romberg_closed
7.6683598,-3.1757553,self_selected_gait_speed
-1.88385,3.4869995,sit_to_stand
17.224417,4.9556165,stationary_walk
7.691862,-2.9304683,tm_3kmh
7.2870502,13.488098,romberg_closed
7.4001365,-3.4197247,self_selected_gait_speed
-1.4494469,5.316367,sit_to_stand
17.19275,5.1029544,stationary_walk
7.2285666,-3.3623383,tm_3kmh
7.4343076,14.291498,romberg_closed
8.916029,-6.3858147,self_selected_gait_speed
-0.5131473,4.861843,sit_to_stand
16.934765,4.4132314,stationary_walk
8.741459,-6.2658706,tm_3kmh
7.0022016,13.872695,romberg_closed
7.8396363,-3.3324714,self_selected_gait_speed
-2.9636748,4.4275317,sit_to_stand
16.92979,6.352199,stationary_walk
7.715751,-3.4554987,tm_3kmh
9.661806,13.215838,romberg_closed
7.826525,-3.404971,self_selected_gait_speed
-1.5127807,3.3301108,sit_to_stand
15.057719,5.7712846,stationary_walk
7.0206647,-3.7261727,tm_3kmh
9.474918,13.446084,romberg_closed
6.350648,-5.1517196,self_selected_gait_speed
-2.7324886,3.9990535,sit_to_stand
15.12586,4.7115927,stationary_walk
6.318676,-4.7728405,tm_3kmh
8.708646,14.356239,romberg_closed
6.332685,-5.720945,self_selected_gait_speed
-1.2808679,4.649653,sit_to_stand
15.333745,5.144825,stationary_walk
6.5922217,-5.8020215,tm_3kmh
7.577328,15.136047,romberg_closed
8.148155,-6.070336,self_selected_gait_speed
-0.4804848,4.0601535,sit_to_stand
16.15876,3.958164,stationary_walk
7.61908,-6.0212283,tm_3kmh
6.333197,14.286277,romberg_closed
8.141367,-4.190842,self_selected_gait_speed
-0.7864212,3.8386977,sit_to_stand
16.412489,5.2853255,stationary_walk
8.179687,-4.385762,tm_3kmh
9.650396,14.762262,romberg_closed
6.4368815,-5.3897967,self_selected_gait_speed
-1.2271688,6.104047,sit_to_stand
15.722989,3.3025417,stationary_walk
6.4834676,-5.4585347,tm_3kmh
6.5109043,13.2638035,romberg_closed
7.679678,-2.8873656,self_selected_gait_speed
-2.3197095,3.6899474,sit_to_stand
16.79724,5.8754396,stationary_walk
7.0656047,-3.4942896,tm_3kmh
5.3248367,11.219983,romberg_closed
8.184933,-3.261287,self_selected_gait_speed
-1.2765809,3.1576123,sit_to_stand
14.811634,5.523895,stationary_walk
8.057831,-3.2517498,tm_3kmh
7.711223,15.031503,romberg_closed
7.1925764,-3.9237597,self_selected_gait_speed
-0.8555364,5.9413176,sit_to_stand
16.347792,4.1378765,stationary_walk
7.6380587,-3.1968195,tm_3kmh
8.067557,14.822296,romberg_closed
6.5874,-0.5421353,self_selected_gait_speed
-2.183842,5.8744783,sit_to_stand
15.4805355,5.5732827,stationary_walk
6.544389,-0.552738,tm_3kmh
8.726223,15.139002,romberg_closed
6.7860923,-1.9683421,self_selected_gait_speed
-2.3237963,5.782849,sit_to_stand
15.72026,5.0133123,stationary_walk
6.8543386,-2.055417,tm_3kmh
8.608523,14.610207,romberg_closed
6.6692657,-2.9375172,self_selected_gait_speed
-1.8913108,5.9440794,sit_to_stand
16.114796,3.9039333,stationary_walk
6.6868424,-3.0407865,tm_3kmh
10.231902,14.646302,romberg_closed
5.979477,-4.9163666,self_selected_gait_speed
-1.239183,3.7578633,sit_to_stand
15.3844795,4.5639215,stationary_walk
6.0183578,-5.2296476,tm_3kmh
10.5137825,14.693137,romberg_closed
6.1394095,-3.9726205,self_selected_gait_speed
-1.3017212,3.638065,sit_to_stand
14.711343,3.854046,stationary_walk
5.9578266,-3.7701511,tm_3kmh
9.895641,14.68119,romberg_closed
8.63084,-5.328569,self_selected_gait_speed
-2.4269903,5.2451224,sit_to_stand
14.754818,4.5696936,stationary_walk
8.5942,-5.233399,tm_3kmh
9.870476,13.659989,romberg_closed
8.666617,-5.3873296,self_selected_gait_speed
-1.6479354,4.332753,sit_to_stand
15.064866,4.5814366,stationary_walk
8.499944,-5.548457,tm_3kmh
6.562454,13.59377,romberg_closed
6.7212524,-3.3136854,self_selected_gait_speed
-2.2635486,4.479639,sit_to_stand
17.315077,4.9783163,stationary_walk
6.859625,-3.1785855,tm_3kmh
6.852135,13.714039,romberg_closed
7.8171663,-3.149561,self_selected_gait_speed
-3.4878871,4.2449,sit_to_stand
16.180029,4.0423255,stationary_walk
7.5073085,-3.0943582,tm_3kmh
8.243346,13.312047,romberg_closed
8.456521,-3.3499358,self_selected_gait_speed
-0.54842937,5.3838434,sit_to_stand
16.252974,5.6358986,stationary_walk
7.8646507,-3.9544337,tm_3kmh
9.830754,13.686459,romberg_closed
7.805346,-2.7458239,self_selected_gait_speed
-2.12462,5.5051084,sit_to_stand
15.402352,5.039508,stationary_walk
7.4224563,-2.908965,tm_3kmh
9.977778,15.323688,romberg_closed
-0.198665,5.416984,sit_to_stand
14.85764,3.2266862,stationary_walk
8.039743,14.450295,romberg_closed
8.313342,-4.567757,self_selected_gait_speed
-1.6304064,4.255309,sit_to_stand
16.707863,4.0646315,stationary_walk
8.079441,-4.4916325,tm_3kmh
9.593453,14.867229,romberg_closed
6.717411,-3.2412734,self_selected_gait_speed
-2.7452216,4.6346526,sit_to_stand
16.36945,4.4688864,stationary_walk
7.3092127,-2.6024942,tm_3kmh
6.429699,13.77618,romberg_closed
6.8544188,-3.5586312,self_selected_gait_speed
-2.0996933,4.556749,sit_to_stand
16.98976,5.183472,stationary_walk
7.48027,-3.3809905,tm_3kmh
10.03756,14.341999,romberg_closed
6.2573195,-2.3598638,self_selected_gait_speed
-1.312488,5.98086,sit_to_stand
16.783026,4.366567,stationary_walk
6.27578,-2.2915943,tm_3kmh
8.464094,14.14326,romberg_closed
7.2663865,-3.1009858,self_selected_gait_speed
-2.9940104,4.0862513,sit_to_stand
16.432434,5.50926,stationary_walk
7.2484446,-3.3527465,tm_3kmh
9.571443,14.372775,romberg_closed
6.7327456,-3.5247016,self_selected_gait_speed
-0.5784305,4.26888,sit_to_stand
17.076366,5.243087,stationary_walk
6.5886226,-3.36156,tm_3kmh
9.534184,13.3827915,romberg_closed
7.0072966,-6.5988936,self_selected_gait_speed
-2.2110233,4.029187,sit_to_stand
15.480659,4.8491473,stationary_walk
6.9894867,-6.5591183,tm_3kmh
9.182881,14.793045,romberg_closed
7.2655635,-4.207931,self_selected_gait_speed
-1.7507845,5.714288,sit_to_stand
15.754646,3.1769397,stationary_walk
6.9312887,-4.025152,tm_3kmh
11.034326,14.556255,romberg_closed
6.133365,-5.6788654,self_selected_gait_speed
-1.2580013,5.4676456,sit_to_stand
15.539723,3.5770588,stationary_walk
5.5229144,-5.245271,tm_3kmh
9.141524,14.984698,romberg_closed
6.799901,-4.707602,self_selected_gait_speed
-1.843878,4.28054,sit_to_stand
16.942564,3.8881426,stationary_walk
6.6616764,-4.4234304,tm_3kmh
9.532031,14.744747,romberg_closed
8.042334,-3.5552793,self_selected_gait_speed
-1.7762473,5.884018,sit_to_stand
16.13516,3.7778008,stationary_walk
8.166531,-3.7111611,tm_3kmh
8.6911955,14.83692,romberg_closed
6.547413,-5.757234,self_selected_gait_speed
-0.88916844,5.056024,sit_to_stand
16.745676,4.077336,stationary_walk
6.5150623,-5.74515,tm_3kmh
7.8838463,14.99437,romberg_closed
7.6553707,-5.2357273,self_selected_gait_speed
-2.2534156,3.5903158,sit_to_stand
15.927856,5.4599767,stationary_walk
7.185157,-4.763664,tm_3kmh
9.378367,15.257176,romberg_closed
6.895144,-3.449309,self_selected_gait_speed
-1.6212401,5.4608517,sit_to_stand
16.311218,3.7537432,stationary_walk
7.0092363,-3.3470967,tm_3kmh
11.407485,14.34145,romberg_closed
9.501148,-5.670083,self_selected_gait_speed
-0.51353604,3.027038,sit_to_stand
14.381844,4.6286025,stationary_walk
9.525173,-5.5053425,tm_3kmh
9.453432,15.295177,romberg_closed
6.7476616,-5.78737,self_selected_gait_speed
-2.7137494,5.324733,sit_to_stand
15.345548,3.4044497,stationary_walk
6.8263135,-5.803631,tm_3kmh
6.957512,14.128624,romberg_closed
7.885277,-4.07206,self_selected_gait_speed
-1.0193678,4.330457,sit_to_stand
15.228643,5.3483195,stationary_walk
7.740903,-3.957562,tm_3kmh
11.166834,13.83643,romberg_closed
9.112989,-4.1986637,self_selected_gait_speed
-0.46061862,3.1820786,sit_to_stand
14.818715,6.1378727,stationary_walk
9.045458,-4.3286705,tm_3kmh
8.913412,14.851235,romberg_closed
7.469071,-4.5894876,self_selected_gait_speed
-1.5197498,4.86296,sit_to_stand
15.490327,4.80012,stationary_walk
6.715317,-5.4438386,tm_3kmh
6.155726,13.632071,romberg_closed
8.981852,-5.137006,self_selected_gait_speed
-0.7910849,3.4520802,sit_to_stand
17.40221,6.738548,stationary_walk
8.883506,-4.8203363,tm_3kmh
9.893034,14.93638,romberg_closed
7.94272,-6.095622,self_selected_gait_speed
-0.8684655,4.271263,sit_to_stand
16.206463,3.7073927,stationary_walk
7.73248,-6.001864,tm_3kmh
7.7264767,13.172978,romberg_closed
7.2475457,-2.810423,self_selected_gait_speed
-2.9401686,4.0315313,sit_to_stand
16.437418,6.054012,stationary_walk
7.1152644,-2.6562986,tm_3kmh
9.882116,13.78627,romberg_closed
9.148224,-4.591142,self_selected_gait_speed
-0.6830604,4.4768763,sit_to_stand
16.182283,5.749782,stationary_walk
8.852902,-4.5597763,tm_3kmh
5.327078,11.249659,romberg_closed
4.8889976,-3.3444772,self_selected_gait_speed
-1.5777566,3.082055,sit_to_stand
15.314978,5.2066135,stationary_walk
4.6606436,-3.297406,tm_3kmh
7.397225,14.501226,romberg_closed
8.748533,-4.6654944,self_selected_gait_speed
-3.0715044,5.4144993,sit_to_stand
17.45429,5.5857797,stationary_walk
8.727256,-4.5398636,tm_3kmh
6.035859,12.022685,romberg_closed
7.8741007,-3.010091,self_selected_gait_speed
-1.4654473,3.4611585,sit_to_stand
16.11337,6.471855,stationary_walk
7.788732,-2.9016833,tm_3kmh
7.467145,14.178074,romberg_closed
9.122068,-3.938252,self_selected_gait_speed
-1.1582724,4.956767,sit_to_stand
16.71349,4.9796953,stationary_walk
8.71035,-3.8261824,tm_3kmh
6.4321036,12.164944,romberg_closed
7.7334294,-3.0387561,self_selected_gait_speed
-3.0325596,4.909958,sit_to_stand
16.258303,4.7387843,stationary_walk
7.565803,-3.0555212,tm_3kmh
8.473349,14.432912,romberg_closed
7.307492,-4.9815826,self_selected_gait_speed
-2.6073637,5.5607715,sit_to_stand
15.951293,5.102833,stationary_walk
7.4732876,-5.3849316,tm_3kmh
7.706612,-4.5087996,self_selected_gait_speed
-2.607095,4.124485,sit_to_stand
16.42573,5.088298,stationary_walk
7.0809216,-4.5167975,tm_3kmh
7.605837,14.212861,romberg_closed
8.970813,-4.3674364,self_selected_gait_speed
-2.5679803,5.060845,sit_to_stand
14.62255,4.5883822,stationary_walk
8.940613,-4.182473,tm_3kmh
9.460088,13.969997,romberg_closed
-1.3454382,3.153936,sit_to_stand
15.520138,3.824232,stationary_walk
6.2047296,12.060052,romberg_closed
8.905474,-4.5660954,self_selected_gait_speed
-1.9289966,4.172195,sit_to_stand
16.231617,6.296485,stationary_walk
8.811642,-4.614272,tm_3kmh
10.2969265,15.130862,romberg_closed
7.450343,-5.1391244,self_selected_gait_speed
-1.3275635,4.615816,sit_to_stand
16.089142,3.6422842,stationary_walk
7.0903244,-4.8980885,tm_3kmh
10.118864,13.936133,romberg_closed
6.769961,-5.5741467,self_selected_gait_speed
-1.1230944,3.543295,sit_to_stand
16.133726,5.375502,stationary_walk
6.849442,-5.9637218,tm_3kmh
11.312819,14.087729,romberg_closed
9.813847,-4.6114917,self_selected_gait_speed
-0.74866223,3.2009277,sit_to_stand
14.742384,4.4837966,stationary_walk
9.798769,-4.9650154,tm_3kmh
9.668755,15.278928,romberg_closed
8.239723,-6.181648,self_selected_gait_speed
-0.75589025,5.1379285,sit_to_stand
15.7266,3.45646,stationary_walk
8.453794,-6.368275,tm_3kmh
6.643463,14.587358,romberg_closed
6.7396502,-2.913571,self_selected_gait_speed
-2.7026658,4.4994826,sit_to_stand
17.57946,4.9611177,stationary_walk
6.7824774,-2.8696003,tm_3kmh
6.298669,12.014581,romberg_closed
9.6518955,-3.24723,self_selected_gait_speed
-1.2797205,6.038867,sit_to_stand
15.99109,3.9583414,stationary_walk
9.585081,-3.2866921,tm_3kmh
11.395858,14.782868,romberg_closed
7.949195,-6.0019894,self_selected_gait_speed
-0.083424695,3.447769,sit_to_stand
14.9295225,3.4040263,stationary_walk
8.149472,-6.0698304,tm_3kmh
7.4333014,14.825708,romberg_closed
5.087936,-3.6449716,self_selected_gait_speed
-1.2497535,3.24629,sit_to_stand
16.641413,3.869921,stationary_walk
5.227849,-3.682171,tm_3kmh
10.36686,15.020012,romberg_closed
6.858775,-4.701648,self_selected_gait_speed
-2.5198367,5.826899,sit_to_stand
15.476974,3.161134,stationary_walk
6.825435,-4.6475897,tm_3kmh
8.84884,15.152074,romberg_closed
7.354506,-6.5957994,self_selected_gait_speed
-1.2440174,4.9918904,sit_to_stand
15.722743,3.8083625,stationary_walk
7.174501,-6.5847745,tm_3kmh
9.387165,13.585115,romberg_closed
5.67994,-5.4954553,self_selected_gait_speed
-2.1698413,4.53248,sit_to_stand
13.632431,4.6944065,stationary_walk
5.681167,-5.0780716,tm_3kmh
8.911077,12.825141,romberg_closed
8.185014,-4.6494975,self_selected_gait_speed
-1.2343937,5.0033116,sit_to_stand
16.00962,5.888588,stationary_walk
8.039351,-4.6779685,tm_3kmh
10.319886,13.541083,romberg_closed
-0.42649537,2.787897,sit_to_stand
14.2631035,5.4068446,stationary_walk
8.520744,12.730718,romberg_closed
9.326098,-4.940335,self_selected_gait_speed
-2.214521,2.9537454,sit_to_stand
15.452349,6.514275,stationary_walk
9.363878,-4.761471,tm_3kmh
6.9012485,13.732071,romberg_closed
8.365775,-3.5363297,self_selected_gait_speed
-0.074209854,4.600625,sit_to_stand
16.394535,5.2340984,stationary_walk
7.941761,-3.478423,tm_3kmh
10.545124,14.799323,romberg_closed
8.810455,-6.494832,self_selected_gait_speed
-0.66068625,4.1388445,sit_to_stand
14.799965,4.3495493,stationary_walk
8.669092,-6.583677,tm_3kmh
8.650228,13.512564,romberg_closed
6.2504444,-2.9454925,self_selected_gait_speed
-2.2016213,4.5680413,sit_to_stand
17.1704,4.2629056,stationary_walk
6.2564073,-2.8720973,tm_3kmh
10.224378,15.095886,romberg_closed
8.622724,-2.510326,self_selected_gait_speed
-0.55513984,5.3721848,sit_to_stand
16.117044,3.5992732,stationary_walk
8.689274,-2.6066086,tm_3kmh
7.9306808,15.021596,romberg_closed
6.9741774,-4.6774626,self_selected_gait_speed
-2.1843257,5.471244,sit_to_stand
16.714123,4.2226133,stationary_walk
6.9148912,-4.679374,tm_3kmh
7.807185,14.910165,romberg_closed
7.335938,-6.798162,self_selected_gait_speed
-2.174438,5.9536533,sit_to_stand
16.12209,4.567186,stationary_walk
7.39169,-6.812271,tm_3kmh
7.072814,13.374189,romberg_closed
9.025829,-3.9035258,self_selected_gait_speed
-3.2505338,4.5617056,sit_to_stand
15.265927,6.198179,stationary_walk
8.7615185,-3.7879639,tm_3kmh
7.6960025,13.3268175,romberg_closed
7.962244,-2.8738763,self_selected_gait_speed
-1.9315599,5.003598,sit_to_stand
17.269484,5.371253,stationary_walk
7.691026,-3.65285,tm_3kmh
10.040075,13.614892,romberg_closed
9.90528,-3.1383362,self_selected_gait_speed
-0.8145589,2.880486,sit_to_stand
15.697988,5.662923,stationary_walk
9.863651,-2.6431243,tm_3kmh
5.9537,11.410147,romberg_closed
7.462782,-4.0845685,self_selected_gait_speed
-2.9135163,5.8198895,sit_to_stand
17.159655,6.034094,stationary_walk
7.48677,-4.1896644,tm_3kmh
9.625769,15.123373,romberg_closed
5.3175244,-3.4785173,self_selected_gait_speed
-0.82498413,4.801459,sit_to_stand
15.233595,3.969995,stationary_walk
5.088128,-3.4237754,tm_3kmh
9.241017,15.195792,romberg_closed
8.301054,-5.789996,self_selected_gait_speed
-3.3790483,5.0542293,sit_to_stand
16.621445,4.9193654,stationary_walk
8.345274,-5.9608946,tm_3kmh
5.9503703,12.341552,romberg_closed
9.027171,-5.683124,self_selected_gait_speed
-1.5895538,3.2908149,sit_to_stand
15.30585,5.4721055,stationary_walk
9.355029,-5.615486,tm_3kmh
9.793537,14.396865,romberg_closed
8.584064,-5.950837,self_selected_gait_speed
-0.8976126,5.452401,sit_to_stand
15.047361,3.672345,stationary_walk
8.657937,-6.1355577,tm_3kmh
6.3903,11.672244,romberg_closed
8.50433,-3.5232043,self_selected_gait_speed
-2.5507183,5.616748,sit_to_stand
16.883453,5.4111605,stationary_walk
8.706764,-3.368367,tm_3kmh
9.535714,14.127898,romberg_closed
8.393624,-5.1523595,self_selected_gait_speed
-2.8078544,5.8597674,sit_to_stand
16.69545,5.795787,stationary_walk
8.300909,-5.0816617,tm_3kmh
6.968717,14.687396,romberg_closed
7.2905765,-4.2419558,self_selected_gait_speed
-0.8916999,5.2783413,sit_to_stand
17.30389,4.5880685,stationary_walk
7.361236,-4.1425204,tm_3kmh
6.110445,11.436882,romberg_closed
8.039481,-4.079469,self_selected_gait_speed
-0.96936125,2.6505475,sit_to_stand
15.316427,6.410911,stationary_walk
8.13462,-4.3097353,tm_3kmh
7.824267,13.163275,romberg_closed
6.69227,-3.6348689,self_selected_gait_speed
-1.861256,4.7742743,sit_to_stand
16.105577,6.119803,stationary_walk
7.076799,-3.7766185,tm_3kmh
10.572038,13.975929,romberg_closed
7.163255,-3.1307456,self_selected_gait_speed
-1.9881217,4.1628394,sit_to_stand
15.721057,5.7251687,stationary_walk
7.179029,-3.0856411,tm_3kmh
5.7018704,12.006315,romberg_closed
6.407105,-3.6040254,self_selected_gait_speed
-2.1260307,4.3138113,sit_to_stand
14.051081,4.475979,stationary_walk
6.416818,-3.6583662,tm_3kmh
8.618326,15.033544,romberg_closed
7.2851276,-3.689678,self_selected_gait_speed
-3.1021132,5.6330805,sit_to_stand
17.048279,4.6645136,stationary_walk
7.1684947,-4.543903,tm_3kmh
7.43835,13.003914,romberg_closed
8.863013,-4.1136446,self_selected_gait_speed
-2.8127935,3.5158234,sit_to_stand
15.990539,5.8438926,stationary_walk
8.189501,-3.217238,tm_3kmh
5.5736003,11.711144,romberg_closed
5.6160436,-3.1841657,self_selected_gait_speed
0.2569884,4.6196976,sit_to_stand
15.07609,5.570772,stationary_walk
5.569516,-3.353891,tm_3kmh
10.414052,14.613915,romberg_closed
6.4337296,-4.14256,self_selected_gait_speed
-2.0913994,4.791116,sit_to_stand
14.964541,4.109241,stationary_walk
6.464857,-4.092767,tm_3kmh
8.246755,13.298145,romberg_closed
9.001294,-4.780561,self_selected_gait_speed
-3.0074704,4.42298,sit_to_stand
15.560565,5.9793835,stationary_walk
8.872063,-4.865916,tm_3kmh
7.1397276,14.704234,romberg_closed
6.754411,-4.2999516,self_selected_gait_speed
-2.521726,4.904968,sit_to_stand
15.914868,5.0773993,stationary_walk
8.838284,-3.880309,tm_3kmh
6.5060954,12.071243,romberg_closed
9.771626,-3.9101615,self_selected_gait_speed
-1.2700847,5.3259363,sit_to_stand
17.015047,5.876487,stationary_walk
9.705638,-3.9009778,tm_3kmh
5.1909127,11.578355,romberg_closed
9.539474,-1.9359485,self_selected_gait_speed
-3.519201,4.675362,sit_to_stand
17.537127,6.585983,stationary_walk
9.474458,-1.9083763,tm_3kmh
9.354085,14.869838,romberg_closed
9.598813,-5.208529,self_selected_gait_speed
-0.19427384,3.6994233,sit_to_stand
15.963215,3.8267004,stationary_walk
9.343948,-5.447025,tm_3kmh
7.2141056,14.953822,romberg_closed
8.935342,-2.978161,self_selected_gait_speed
-2.4570103,5.7544646,sit_to_stand
17.103687,4.72847,stationary_walk
8.918621,-2.965591,tm_3kmh
7.8126507,13.898198,romberg_closed
7.4707847,-5.492291,self_selected_gait_speed
-1.631624,3.5790565,sit_to_stand
15.514904,5.8095245,stationary_walk
7.067473,-6.0873947,tm_3kmh
8.413408,13.997859,romberg_closed
7.4465475,-5.9556613,self_selected_gait_speed
-1.4431511,3.147385,sit_to_stand
16.699793,5.8796525,stationary_walk
7.1178923,-5.690064,tm_3kmh
7.8234878,12.945058,romberg_closed
9.279831,-2.0800512,self_selected_gait_speed
-0.8867292,3.0561697,sit_to_stand
15.549626,5.951785,stationary_walk
9.09776,-2.151898,tm_3kmh
10.138573,14.981534,romberg_closed
7.440022,-5.9881864,self_selected_gait_speed
-1.1134741,4.8299184,sit_to_stand
14.700293,3.6042187,stationary_walk
7.291999,-5.749375,tm_3kmh
8.685762,13.100904,romberg_closed
8.055514,-2.892905,self_selected_gait_speed
-3.0367012,3.458429,sit_to_stand
15.445711,6.1558614,stationary_walk
7.986044,-2.944669,tm_3kmh
8.970554,13.611317,romberg_closed
7.0423226,-3.787268,self_selected_gait_speed
-0.61276466,5.6109524,sit_to_stand
16.783417,5.593075,stationary_walk
6.896395,-4.1424127,tm_3kmh
8.014018,14.000783,romberg_closed
6.785002,-1.2757365,self_selected_gait_speed
-2.6944222,5.2703843,sit_to_stand
17.47998,5.4151225,stationary_walk
6.6511054,-1.1715542,tm_3kmh
7.357901,12.959791,romberg_closed
-2.2377732,3.583562,sit_to_stand
16.041946,5.6020875,stationary_walk
6.422718,13.2844515,romberg_closed
8.274279,-3.008884,self_selected_gait_speed
-1.5426887,2.9913492,sit_to_stand
16.396416,6.6465883,stationary_walk
8.6836815,-3.0215697,tm_3kmh
8.623094,13.017705,romberg_closed
9.515741,-2.4983983,self_selected_gait_speed
-1.509161,3.177317,sit_to_stand
15.707913,6.463717,stationary_walk
9.565675,-2.6400425,tm_3kmh
4.986695,11.161693,romberg_closed
9.945609,-4.1410966,self_selected_gait_speed
-2.6169815,3.56278,sit_to_stand
16.245386,6.3946824,stationary_walk
9.925702,-4.0950413,tm_3kmh
8.251997,15.032461,romberg_closed
7.588,-4.0659223,self_selected_gait_speed
-2.2077217,3.7987788,sit_to_stand
17.056704,5.098233,stationary_walk
7.523538,-4.0590153,tm_3kmh
8.7203,13.292296,romberg_closed
5.2095666,-3.6710947,self_selected_gait_speed
-0.24924675,3.3547342,sit_to_stand
15.250671,4.843323,stationary_walk
5.160254,-3.762003,tm_3kmh
9.985265,13.354555,romberg_closed
9.005432,-6.2418823,self_selected_gait_speed
-0.24976254,4.625625,sit_to_stand
15.744817,4.548576,stationary_walk
8.911214,-6.263137,tm_3kmh
9.08216,13.87879,romberg_closed
5.833814,-5.708003,self_selected_gait_speed
-0.98946524,4.180667,sit_to_stand
15.680572,4.3239245,stationary_walk
5.881271,-5.5701456,tm_3kmh
6.6891003,14.176981,romberg_closed
6.085531,-4.2704835,self_selected_gait_speed
-1.5416912,5.3807817,sit_to_stand
17.459703,4.800912,stationary_walk
6.0003285,-4.4020395,tm_3kmh
7.98412,15.231987,romberg_closed
7.2190313,-5.601402,self_selected_gait_speed
-1.5203264,4.604565,sit_to_stand
17.284973,4.7494907,stationary_walk
7.4075975,-5.5803695,tm_3kmh
6.0266576,12.015252,romberg_closed
6.249957,-5.031031,self_selected_gait_speed
-2.9336312,4.4225507,sit_to_stand
16.51967,4.9460735,stationary_walk
5.669596,-5.0730352,tm_3kmh
5.991509,13.486683,romberg_closed
7.548276,-2.2579236,self_selected_gait_speed
-3.576867,4.8155184,sit_to_stand
17.089415,6.234754,stationary_walk
7.513715,-2.376964,tm_3kmh
10.222769,14.424094,romberg_closed
8.117321,-1.6762277,self_selected_gait_speed
-0.3885287,4.504626,sit_to_stand
15.270022,3.3925357,stationary_walk
8.397653,-1.7570119,tm_3kmh
9.265199,15.2646,romberg_closed
7.3042593,-4.2155457,self_selected_gait_speed
-3.052676,5.005356,sit_to_stand
16.47678,3.8808496,stationary_walk
7.2581697,-3.8780234,tm_3kmh
9.123462,14.532673,romberg_closed
9.01188,-2.8715713,self_selected_gait_speed
-1.8921133,5.803511,sit_to_stand
16.787813,5.153458,stationary_walk
8.790787,-3.0379195,tm_3kmh
9.502762,14.233302,romberg_closed
6.930341,-6.602961,self_selected_gait_speed
-2.0792513,5.6531997,sit_to_stand
16.145332,3.5794153,stationary_walk
6.839321,-6.6528316,tm_3kmh
7.81104,14.546737,romberg_closed
8.484583,-5.992095,self_selected_gait_speed
-0.21210979,4.3913345,sit_to_stand
16.142475,5.091291,stationary_walk
8.643312,-6.0269856,tm_3kmh
11.483669,14.357601,romberg_closed
9.429285,-4.4221125,self_selected_gait_speed
0.36273563,4.0034194,sit_to_stand
14.274969,4.276182,stationary_walk
9.712472,-4.4635854,tm_3kmh
11.093623,14.1740265,romberg_closed
-0.81340134,2.8181133,sit_to_stand
14.43254,5.7465405,stationary_walk
10.025266,13.674277,romberg_closed
6.5813694,-0.72111064,self_selected_gait_speed
-2.3474286,4.572504,sit_to_stand
14.876257,4.0923567,stationary_walk
6.637409,-0.76657945,tm_3kmh
10.653498,13.993789,romberg_closed
8.606389,-2.4860387,self_selected_gait_speed
-0.07361896,3.7152464,sit_to_stand
15.39161,4.6357217,stationary_walk
8.507993,-2.6430435,tm_3kmh
11.409926,14.640229,romberg_closed
9.217403,-6.1334634,self_selected_gait_speed
-1.9095024,4.6158423,sit_to_stand
14.857879,3.9751625,stationary_walk
9.206655,-6.2526054,tm_3kmh
5.4857836,11.929271,romberg_closed
8.778049,-1.8415363,self_selected_gait_speed
-2.0553298,4.786709,sit_to_stand
17.36056,6.671322,stationary_walk
8.876847,-1.9478506,tm_3kmh
9.486488,14.248786,romberg_closed
5.445298,-5.3556204,self_selected_gait_speed
-1.7153834,4.271152,sit_to_stand
16.310444,3.6914973,stationary_walk
5.454621,-5.042309,tm_3kmh
8.416779,13.696457,romberg_closed
7.3080716,-3.7370105,self_selected_gait_speed
-0.109873064,5.675064,sit_to_stand
15.395682,4.8322654,stationary_walk
7.5130954,-3.3498847,tm_3kmh
10.252185,15.152099,romberg_closed
6.4591446,-1.0915785,self_selected_gait_speed
0.3941788,4.2750654,sit_to_stand
13.677783,4.1957703,stationary_walk
6.415138,-1.0787394,tm_3kmh
8.20311,12.847091,romberg_closed
9.887577,-2.5733337,self_selected_gait_speed
-1.1531193,3.9537277,sit_to_stand
16.151636,6.533516,stationary_walk
10.0061,-2.4865167,tm_3kmh
6.179244,12.125574,romberg_closed
6.724445,-4.9320464,self_selected_gait_speed
-1.9567199,3.6465647,sit_to_stand
15.7443285,4.3802867,stationary_walk
6.902578,-4.7486234,tm_3kmh
9.67241,13.73035,romberg_closed
7.8797646,-4.7026525,self_selected_gait_speed
-0.33100438,5.564246,sit_to_stand
16.536821,5.6545115,stationary_walk
7.7246222,-4.639707,tm_3kmh
9.186089,13.592285,romberg_closed
6.591754,-2.968974,self_selected_gait_speed
-0.9748786,4.6523223,sit_to_stand
15.994894,5.0813203,stationary_walk
6.5368953,-3.0044239,tm_3kmh
6.8247867,12.179529,romberg_closed
8.867024,-3.196648,self_selected_gait_speed
-0.12990098,5.394071,sit_to_stand
17.192823,5.247266,stationary_walk
8.352165,-3.294176,tm_3kmh
8.066517,14.973886,romberg_closed
6.761004,-4.8035216,self_selected_gait_speed
-2.3523092,5.0459456,sit_to_stand
15.698724,5.1516037,stationary_walk
6.778979,-4.7494087,tm_3kmh
9.029926,15.016615,romberg_closed
7.2003675,-6.8323364,self_selected_gait_speed
-1.1143554,3.3756287,sit_to_stand
15.430542,3.8502526,stationary_walk
7.0250006,-6.765358,tm_3kmh
6.6966286,13.32148,romberg_closed
8.200487,-4.31253,self_selected_gait_speed
-2.06332,4.8667364,sit_to_stand
15.603376,5.866861,stationary_walk
9.2281275,-4.2261596,tm_3kmh
8.367988,14.827429,romberg_closed
8.597877,-4.253016,self_selected_gait_speed
-1.808927,5.724837,sit_to_stand
15.813937,4.1479626,stationary_walk
8.140099,-5.2522745,tm_3kmh
7.878103,13.9454565,romberg_closed
5.563506,-4.505907,self_selected_gait_speed
-1.8499656,4.824833,sit_to_stand
16.146313,3.5973246,stationary_walk
5.772262,-4.0147495,tm_3kmh
5.6304913,11.789838,romberg_closed
10.112952,-2.5801606,self_selected_gait_speed
-3.155824,3.4903386,sit_to_stand
16.858967,6.9410353,stationary_walk
10.133498,-2.6330817,tm_3kmh
9.505958,15.27079,romberg_closed
6.535548,-5.256257,self_selected_gait_speed
0.44838518,4.152021,sit_to_stand
15.807213,3.1160312,stationary_walk
6.4545727,-5.159116,tm_3kmh
8.045319,13.341857,romberg_closed
7.300301,-3.7363684,self_selected_gait_speed
-0.16832641,4.6605887,sit_to_stand
13.850132,4.3965516,stationary_walk
7.0160756,-3.5618062,tm_3kmh
5.2065663,11.060903,romberg_closed
-1.688071,3.339531,sit_to_stand
16.97664,7.040814,stationary_walk
9.848328,13.248339,romberg_closed
5.9290857,-3.6303072,self_selected_gait_speed
-1.2984195,3.4963033,sit_to_stand
16.830507,3.9868755,stationary_walk
6.117079,-3.5615315,tm_3kmh
6.685063,12.11808,romberg_closed
8.098108,-4.3726244,self_selected_gait_speed
-0.5928569,4.419638,sit_to_stand
16.605988,6.306049,stationary_walk
8.181062,-3.6611152,tm_3kmh
7.2707505,14.334233,romberg_closed
9.258565,-3.2507024,self_selected_gait_speed
-0.31473914,5.211418,sit_to_stand
17.393919,5.6044903,stationary_walk
9.214867,-4.3808293,tm_3kmh
9.743189,14.928359,romberg_closed
9.068719,-2.6579318,self_selected_gait_speed
-1.988115,5.015684,sit_to_stand
17.682796,5.1513896,stationary_walk
8.629944,-3.1245282,tm_3kmh
5.1883955,11.268791,romberg_closed
7.6525273,-3.0992618,self_selected_gait_speed
-1.4202567,3.4212701,sit_to_stand
16.755806,6.3532,stationary_walk
7.627543,-3.116774,tm_3kmh
7.668019,13.789152,romberg_closed
8.573052,-3.863266,self_selected_gait_speed
-1.8387328,3.9695868,sit_to_stand
16.144642,5.4163427,stationary_walk
8.779986,-3.851525,tm_3kmh
10.191825,13.622317,romberg_closed
5.6941304,-3.7056017,self_selected_gait_speed
-1.267899,3.6184916,sit_to_stand
14.413706,4.677987,stationary_walk
5.5418873,-3.4819994,tm_3kmh
6.048925,13.598995,romberg_closed
8.040082,-3.2689097,self_selected_gait_speed
-2.3224006,5.071718,sit_to_stand
17.477188,6.138299,stationary_walk
7.8224235,-3.2725232,tm_3kmh
7.7277975,13.993846,romberg_closed
7.1900053,-6.683586,self_selected_gait_speed
-0.75747687,4.209324,sit_to_stand
15.209371,4.467642,stationary_walk
7.287844,-6.706819,tm_3kmh
6.861564,12.372989,romberg_closed
8.630448,-5.601494,self_selected_gait_speed
-1.2674865,4.7239776,sit_to_stand
15.604543,4.457096,stationary_walk
8.446914,-5.8327956,tm_3kmh
6.1149006,11.489897,romberg_closed
8.597949,-4.747306,self_selected_gait_speed
-2.5350394,3.055711,sit_to_stand
14.859023,5.747728,stationary_walk
8.602848,-4.352435,tm_3kmh
9.448204,14.885916,romberg_closed
8.656949,-5.9733152,self_selected_gait_speed
-1.5724044,3.7292194,sit_to_stand
13.84767,4.4643307,stationary_walk
8.169468,-6.619728,tm_3kmh
7.9276953,13.768094,romberg_closed
8.6341715,-4.2933974,self_selected_gait_speed
-1.2445757,3.690422,sit_to_stand
16.227407,6.025452,stationary_walk
9.078812,-4.2114635,tm_3kmh
6.8954325,13.825826,romberg_closed
8.124289,-3.472468,self_selected_gait_speed
-3.5082238,4.686753,sit_to_stand
16.855476,6.1647463,stationary_walk
8.247003,-3.5006921,tm_3kmh
9.245228,15.020583,romberg_closed
7.017434,-4.5605187,self_selected_gait_speed
0.49942103,4.255454,sit_to_stand
13.801879,4.3051357,stationary_walk
7.566753,-4.579567,tm_3kmh
9.431835,15.283291,romberg_closed
-1.6688666,4.484763,sit_to_stand
15.875311,4.144265,stationary_walk
5.395569,-3.8245997,tm_3kmh
7.488131,13.411045,romberg_closed
7.5335793,-3.3069134,self_selected_gait_speed
-2.2469394,5.0131865,sit_to_stand
15.2487955,6.051114,stationary_walk
7.6583734,-3.0081182,tm_3kmh
5.968045,13.702429,romberg_closed
8.30687,-3.9805899,self_selected_gait_speed
-3.2660866,4.0791364,sit_to_stand
17.748482,6.0882063,stationary_walk
8.32882,-3.7138991,tm_3kmh
10.850466,14.763804,romberg_closed
6.2979307,-4.1654854,self_selected_gait_speed
-2.381259,4.6265273,sit_to_stand
16.331947,3.5207663,stationary_walk
6.191965,-4.0807743,tm_3kmh
8.252549,14.856667,romberg_closed
8.5144205,-5.655804,self_selected_gait_speed
-2.0263996,4.9249063,sit_to_stand
16.177666,4.7754803,stationary_walk
8.331222,-5.506613,tm_3kmh
10.257439,14.97111,romberg_closed
6.5760274,-2.9536226,self_selected_gait_speed
-2.6042042,5.8572965,sit_to_stand
15.964751,4.521535,stationary_walk
7.0180364,-2.7393355,tm_3kmh
9.306366,14.2579,romberg_closed
8.611638,-3.3882039,self_selected_gait_speed
-0.05718744,5.1245,sit_to_stand
14.924699,4.169282,stationary_walk
8.834384,-3.3681445,tm_3kmh
5.937911,13.524421,romberg_closed
7.34025,-2.7448547,self_selected_gait_speed
-2.6802328,4.2176723,sit_to_stand
17.51966,5.8334947,stationary_walk
7.600748,-2.5988564,tm_3kmh
9.71002,13.382818,romberg_closed
8.931445,-3.1427214,self_selected_gait_speed
-1.3815123,3.8886278,sit_to_stand
14.402524,4.7932134,stationary_walk
8.819146,-2.7735517,tm_3kmh
10.015482,13.472119,romberg_closed
8.198065,-5.5760355,self_selected_gait_speed
0.23966244,3.8634799,sit_to_stand
14.830999,4.7965894,stationary_walk
8.079125,-5.3408327,tm_3kmh
5.7517447,11.831559,romberg_closed
8.195204,-3.818069,self_selected_gait_speed
-2.3847613,5.263278,sit_to_stand
17.471497,5.7843347,stationary_walk
8.042538,-4.400668,tm_3kmh
5.905268,11.393752,romberg_closed
9.471814,-4.226285,self_selected_gait_speed
-2.6252396,4.361148,sit_to_stand
16.517345,6.3096724,stationary_walk
9.25332,-4.006719,tm_3kmh
10.142978,15.112279,romberg_closed
5.3912034,-4.2683234,self_selected_gait_speed
-1.3022788,5.2940955,sit_to_stand
15.515118,3.1817367,stationary_walk
5.23213,-3.8870564,tm_3kmh
9.554875,14.6035185,romberg_closed
5.845693,-5.269933,self_selected_gait_speed
-1.8866898,3.8027046,sit_to_stand
13.909094,4.3837423,stationary_walk
5.845038,-5.262058,tm_3kmh
8.788933,12.759978,romberg_closed
-2.7697163,3.250401,sit_to_stand
14.755519,6.025038,stationary_walk
7.333889,12.215184,romberg_closed
-0.76509196,3.2244709,sit_to_stand
14.466734,4.2117767,stationary_walk
6.3020105,13.946929,romberg_closed
8.124005,-3.3820534,self_selected_gait_speed
-0.2620179,5.6035614,sit_to_stand
17.48181,4.987309,stationary_walk
7.778204,-3.4274228,tm_3kmh
7.3732104,13.781796,romberg_closed
6.662046,-1.3242964,self_selected_gait_speed
-1.0232633,3.692842,sit_to_stand
15.880394,5.584912,stationary_walk
6.5052123,-1.2550939,tm_3kmh
8.378624,15.37558,romberg_closed
8.251642,-5.9703403,self_selected_gait_speed
-1.5472896,5.255689,sit_to_stand
15.686758,5.343121,stationary_walk
8.110183,-6.4329324,tm_3kmh
10.821152,14.866624,romberg_closed
6.85895,-1.4843447,self_selected_gait_speed
-1.0243804,3.6770334,sit_to_stand
16.682743,4.9368887,stationary_walk
6.829929,-1.5774717,tm_3kmh
9.055587,15.3435755,romberg_closed
6.6103725,-5.4378858,self_selected_gait_speed
0.394562,4.4921484,sit_to_stand
15.359277,3.244764,stationary_walk
6.5873013,-5.4614673,tm_3kmh
5.7132,11.974054,romberg_closed
9.535158,-3.3934376,self_selected_gait_speed
-3.037108,4.9109178,sit_to_stand
17.665565,5.684734,stationary_walk
9.511584,-2.958354,tm_3kmh
9.207097,15.072724,romberg_closed
6.4211273,-1.1232542,self_selected_gait_speed
-0.48075017,4.975009,sit_to_stand
15.947973,4.4671216,stationary_walk
6.44527,-1.1970849,tm_3kmh
5.155721,11.034366,romberg_closed
-1.0209343,2.6629322,sit_to_stand
15.578872,6.6873074,stationary_walk
7.147424,14.567956,romberg_closed
7.1589203,-3.5439646,self_selected_gait_speed
-3.2825112,4.680311,sit_to_stand
16.36541,5.3873897,stationary_walk
7.116968,-3.864414,tm_3kmh
9.081038,13.673791,romberg_closed
5.7644887,-5.754762,self_selected_gait_speed
-2.5311658,4.4773307,sit_to_stand
15.900148,5.180955,stationary_walk
5.672281,-5.68661,tm_3kmh
8.079861,14.942044,romberg_closed
6.4328666,-3.5778472,self_selected_gait_speed
-2.2370384,5.840954,sit_to_stand
17.248028,5.083537,stationary_walk
6.406372,-3.2426457,tm_3kmh
10.905734,14.219132,romberg_closed
8.618785,-5.741086,self_selected_gait_speed
-2.2200994,4.534411,sit_to_stand
16.00527,5.701438,stationary_walk
8.8296,-5.7953234,tm_3kmh
7.4124546,14.497191,romberg_closed
8.176292,-4.7975183,self_selected_gait_speed
-2.1074066,3.7989008,sit_to_stand
17.04066,5.0002174,stationary_walk
8.260053,-4.772413,tm_3kmh
9.90283,13.492594,romberg_closed
5.831393,-4.0101414,self_selected_gait_speed
-0.94862914,3.5104907,sit_to_stand
15.344046,5.3641715,stationary_walk
5.85967,-4.07814,tm_3kmh
9.947447,13.567288,romberg_closed
9.616966,-2.2428513,self_selected_gait_speed
-3.108179,3.680368,sit_to_stand
17.173042,6.947482,stationary_walk
9.525908,-1.9606156,tm_3kmh
7.5022545,15.18191,romberg_closed
7.513774,-4.2927966,self_selected_gait_speed
-1.3604412,5.8356895,sit_to_stand
16.89057,4.1560335,stationary_walk
7.208613,-4.3514752,tm_3kmh
6.73979,12.041249,romberg_closed
9.188109,-2.7333083,self_selected_gait_speed
-2.3150532,5.695665,sit_to_stand
16.234098,5.1974316,stationary_walk
9.090221,-2.7682579,tm_3kmh
5.8830957,13.853962,romberg_closed
6.8286586,-3.142411,self_selected_gait_speed
-1.146116,5.271696,sit_to_stand
16.9403,5.0606956,stationary_walk
7.050589,-3.2374446,tm_3kmh
5.341584,11.767066,romberg_closed
7.399989,-3.5785546,self_selected_gait_speed
-2.0088992,4.75897,sit_to_stand
17.715975,5.9142156,stationary_walk
7.509711,-3.613404,tm_3kmh
10.298101,14.573248,romberg_closed
6.1514745,-6.503197,self_selected_gait_speed
-0.24663788,3.393334,sit_to_stand
15.11821,3.9281294,stationary_walk
6.174027,-6.1402817,tm_3kmh
9.147675,15.302684,romberg_closed
8.606109,-5.646042,self_selected_gait_speed
-2.7151608,4.760551,sit_to_stand
16.713335,5.3256164,stationary_walk
8.470059,-5.7185574,tm_3kmh
9.132965,13.025085,romberg_closed
9.481552,-5.5236053,self_selected_gait_speed
-1.5454335,3.2562833,sit_to_stand
15.582586,5.836734,stationary_walk
9.515869,-5.8993344,tm_3kmh
7.5313735,13.702896,romberg_closed
8.011757,-2.338968,self_selected_gait_speed
-0.5198386,4.714158,sit_to_stand
16.764496,5.076818,stationary_walk
7.537855,-2.6616077,tm_3kmh
10.303825,14.601163,romberg_closed
7.072677,-5.2307963,self_selected_gait_speed
-0.13632429,4.2029,sit_to_stand
15.489073,3.392831,stationary_walk
7.306754,-5.415229,tm_3kmh
8.886795,14.217979,romberg_closed
8.803449,-3.8255227,self_selected_gait_speed
-1.9448191,3.9985204,sit_to_stand
15.5775795,5.7054377,stationary_walk
7.268202,-4.8973393,tm_3kmh
9.610537,15.029571,romberg_closed
8.718806,-5.431914,self_selected_gait_speed
-2.138779,4.059517,sit_to_stand
16.99591,5.801729,stationary_walk
8.5481615,-5.3111053,tm_3kmh
9.443697,13.229345,romberg_closed
7.5047317,-5.05991,self_selected_gait_speed
-2.3693304,4.529368,sit_to_stand
14.082774,4.3656716,stationary_walk
7.1846256,-4.7921977,tm_3kmh
7.8025208,13.162914,romberg_closed
9.109571,-3.9752011,self_selected_gait_speed
-3.4751995,4.1139083,sit_to_stand
15.458182,6.4871645,stationary_walk
8.882711,-3.8591042,tm_3kmh
11.123776,14.350305,romberg_closed
7.14136,-6.472002,self_selected_gait_speed
0.45724642,4.728709,sit_to_stand
14.442307,4.2027974,stationary_walk
10.661955,14.522945,romberg_closed
6.949507,-3.205069,self_selected_gait_speed
-1.0334961,5.154221,sit_to_stand
15.9952545,4.5386276,stationary_walk
7.150747,-2.8759549,tm_3kmh
5.7335196,11.992745,romberg_closed
8.4133415,-6.171696,self_selected_gait_speed
-2.8610246,5.2135754,sit_to_stand
14.901221,4.569895,stationary_walk
8.176752,-6.1920657,tm_3kmh
7.5383787,13.9587345,romberg_closed
8.189207,-3.0349097,self_selected_gait_speed
-1.7030674,5.197799,sit_to_stand
15.814489,5.690026,stationary_walk
7.869602,-3.2756417,tm_3kmh
10.995165,13.982172,romberg_closed
6.2013865,-4.5484266,self_selected_gait_speed
-1.4687816,3.7275786,sit_to_stand
15.503952,4.341996,stationary_walk
6.402171,-4.7573047,tm_3kmh
7.0828323,14.312264,romberg_closed
8.22815,-4.53033,self_selected_gait_speed
-0.00017161279,3.7634125,sit_to_stand
16.498247,5.6868486,stationary_walk
8.633699,-4.8748593,tm_3kmh
5.518294,11.766113,romberg_closed
8.17252,-5.3635907,self_selected_gait_speed
-0.48374182,3.9036584,sit_to_stand
15.921516,4.4049163,stationary_walk
8.214555,-5.6917224,tm_3kmh
10.294578,14.582009,romberg_closed
8.255525,-4.436883,self_selected_gait_speed
-0.43070027,4.5988016,sit_to_stand
13.748229,4.755214,stationary_walk
8.47337,-4.5713105,tm_3kmh
6.462894,13.41071,romberg_closed
5.9358573,-4.510006,self_selected_gait_speed
-3.235296,4.6847024,sit_to_stand
17.137386,5.0341907,stationary_walk
6.361895,-4.524449,tm_3kmh
8.808447,14.943127,romberg_closed
6.48232,-6.446705,self_selected_gait_speed
-1.4156408,4.9885283,sit_to_stand
13.845113,4.377877,stationary_walk
6.2913365,-6.2482033,tm_3kmh
10.318413,14.71413,romberg_closed
8.58254,-5.4589014,self_selected_gait_speed
-2.8061767,4.3968415,sit_to_stand
14.893702,4.846288,stationary_walk
8.493542,-5.7423234,tm_3kmh
6.6362624,13.35878,romberg_closed
9.907235,-3.6955674,self_selected_gait_speed
-1.2392784,3.640676,sit_to_stand
16.509604,6.074815,stationary_walk
9.935701,-3.3115468,tm_3kmh
9.724946,14.5265255,romberg_closed
9.601796,-3.5807164,self_selected_gait_speed
-2.3793936,5.3794436,sit_to_stand
16.58285,5.021251,stationary_walk
9.559624,-3.2749097,tm_3kmh
11.037555,13.752524,romberg_closed
7.373051,-2.9675477,self_selected_gait_speed
-2.1235766,3.3905208,sit_to_stand
14.627515,5.0714602,stationary_walk
7.092824,-3.0325482,tm_3kmh
6.1716166,12.019113,romberg_closed
8.09642,-5.8007975,self_selected_gait_speed
-1.4945675,4.256743,sit_to_stand
15.962006,5.405131,stationary_walk
7.99167,-5.3124886,tm_3kmh
8.46009,14.83615,romberg_closed
7.5624905,-5.636292,self_selected_gait_speed
-0.9373586,5.1291623,sit_to_stand
16.453114,4.233248,stationary_walk
7.4359107,-6.1897216,tm_3kmh
6.3526883,12.212887,romberg_closed
8.678015,-4.7453527,self_selected_gait_speed
-2.989561,4.115891,sit_to_stand
15.754079,6.264473,stationary_walk
8.513736,-4.840398,tm_3kmh
9.795482,15.292533,romberg_closed
6.467351,-5.6450977,self_selected_gait_speed
-2.9114068,4.2137685,sit_to_stand
15.936981,4.1907797,stationary_walk
6.9676924,-6.141898,tm_3kmh
5.7382984,12.016248,romberg_closed
9.197723,-2.8479254,self_selected_gait_speed
-2.5650806,4.0204196,sit_to_stand
16.903982,5.5961194,stationary_walk
9.147741,-2.431525,tm_3kmh
6.0277963,13.522546,romberg_closed
9.183494,-3.016223,self_selected_gait_speed
-3.0361989,4.1742845,sit_to_stand
17.36574,6.3904138,stationary_walk
9.464131,-3.3014228,tm_3kmh
8.092061,14.543544,romberg_closed
7.75907,-5.076097,self_selected_gait_speed
-2.5715928,5.6194224,sit_to_stand
15.311118,4.2436814,stationary_walk
7.913973,-5.2965126,tm_3kmh
10.636208,13.456054,romberg_closed
8.079547,-5.4446445,self_selected_gait_speed
-0.33936504,3.6043668,sit_to_stand
14.804751,4.5127497,stationary_walk
5.177512,-3.6627276,tm_3kmh
6.8878145,14.788847,romberg_closed
6.4575963,-3.0574594,self_selected_gait_speed
-1.3969817,4.0338807,sit_to_stand
17.685318,5.2775564,stationary_walk
6.495245,-2.9982376,tm_3kmh
11.013982,14.208023,romberg_closed
8.837576,-6.45841,self_selected_gait_speed
-0.7178435,3.1084356,sit_to_stand
15.047229,4.227536,stationary_walk
8.881506,-6.4396667,tm_3kmh
6.3173265,13.743206,romberg_closed
7.326902,-3.6863594,self_selected_gait_speed
-1.2864337,5.3195243,sit_to_stand
17.636703,5.542092,stationary_walk
7.8576984,-3.7534137,tm_3kmh
9.54128,13.675616,romberg_closed
8.5589695,-4.6852417,self_selected_gait_speed
-2.6658015,5.2928834,sit_to_stand
15.962443,5.140389,stationary_walk
8.9240675,-4.653282,tm_3kmh
9.837808,13.34186,romberg_closed
5.9119325,-5.506024,self_selected_gait_speed
-1.115571,4.432413,sit_to_stand
15.344288,4.940159,stationary_walk
6.056665,-5.2208204,tm_3kmh
9.722147,14.481411,romberg_closed
8.892552,-4.7231336,self_selected_gait_speed
-2.4874065,5.6892877,sit_to_stand
14.030171,4.7155576,stationary_walk
8.874322,-4.7419686,tm_3kmh
10.391328,14.344507,romberg_closed
6.9688544,-5.6256323,self_selected_gait_speed
-0.20258921,3.4904854,sit_to_stand
14.492169,3.889141,stationary_walk
6.9335995,-5.469647,tm_3kmh
7.718111,13.772675,romberg_closed
6.8763137,-4.4466157,self_selected_gait_speed
-0.17664458,4.310695,sit_to_stand
15.836603,4.3437734,stationary_walk
6.9828568,-4.3302298,tm_3kmh
6.985458,13.598188,romberg_closed
8.297557,-3.6213925,self_selected_gait_speed
-1.4109341,5.8563976,sit_to_stand
16.778566,5.8649116,stationary_walk
7.989432,-3.773645,tm_3kmh
8.158249,13.833494,romberg_closed
6.035442,-5.0536537,self_selected_gait_speed
-0.4729292,4.320291,sit_to_stand
14.920434,5.387335,stationary_walk
6.1114936,-5.1600733,tm_3kmh
8.340431,13.269438,romberg_closed
-2.378542,3.767473,sit_to_stand
16.273106,5.291556,stationary_walk
7.9173613,14.151758,romberg_closed
7.131829,-4.062114,self_selected_gait_speed
-1.2497683,6.0253506,sit_to_stand
15.512467,4.5733957,stationary_walk
7.224342,-5.180952,tm_3kmh
8.430277,14.886258,romberg_closed
8.352533,-5.8029523,self_selected_gait_speed
-2.3959556,4.5341287,sit_to_stand
14.800766,4.817324,stationary_walk
8.019892,-5.647666,tm_3kmh
9.953459,14.08636,romberg_closed
8.084701,-5.767442,self_selected_gait_speed
-1.9156816,5.4932704,sit_to_stand
16.736664,5.0956507,stationary_walk
7.5915117,-5.8487306,tm_3kmh
10.548793,14.391369,romberg_closed
6.74964,-5.6080136,self_selected_gait_speed
-3.2730207,4.804659,sit_to_stand
15.662756,4.009508,stationary_walk
6.569253,-5.7205443,tm_3kmh
8.312149,13.688139,romberg_closed
6.9794297,-6.2075896,self_selected_gait_speed
-2.4791446,5.481804,sit_to_stand
16.69266,5.5653696,stationary_walk
7.1495333,-6.362002,tm_3kmh
9.191922,13.932589,romberg_closed
5.8362217,-4.3776674,self_selected_gait_speed
-1.3979126,3.8263178,sit_to_stand
16.32725,4.1471353,stationary_walk
5.6905174,-4.597322,tm_3kmh
9.929049,14.7735195,romberg_closed
8.346436,-3.849381,self_selected_gait_speed
-2.982947,5.2370286,sit_to_stand
16.922226,5.3718395,stationary_walk
8.111086,-4.4217997,tm_3kmh
6.047492,12.320168,romberg_closed
7.9181833,-3.442033,self_selected_gait_speed
-1.3401841,5.786015,sit_to_stand
17.638575,5.904626,stationary_walk
7.386234,-3.726536,tm_3kmh
7.12568,13.168383,romberg_closed
6.1328506,-5.352242,self_selected_gait_speed
-2.2875836,4.5796213,sit_to_stand
16.51132,5.6286864,stationary_walk
5.88507,-5.43022,tm_3kmh
9.420868,14.55302,romberg_closed
8.703294,-2.318923,self_selected_gait_speed
-0.9814122,3.1508174,sit_to_stand
15.538817,4.6045413,stationary_walk
8.401102,-1.8864157,tm_3kmh
6.6903477,14.713027,romberg_closed
8.3368845,-5.0271955,self_selected_gait_speed
-2.410799,5.935849,sit_to_stand
17.58415,5.350713,stationary_walk
8.377988,-4.459002,tm_3kmh
5.9672313,11.431385,romberg_closed
8.906854,-3.1846583,self_selected_gait_speed
-1.6384704,2.8974586,sit_to_stand
14.829274,6.2140355,stationary_walk
5.8516464,-3.2837303,tm_3kmh
8.344968,14.757303,romberg_closed
6.56431,-0.68997896,self_selected_gait_speed
-1.3169267,5.0281415,sit_to_stand
15.687468,4.155644,stationary_walk
6.6335673,-0.61609364,tm_3kmh
10.614454,14.200673,romberg_closed
6.0603843,-2.4441273,self_selected_gait_speed
-1.2874192,4.3757577,sit_to_stand
15.898841,3.6239026,stationary_walk
5.6500616,-1.8830903,tm_3kmh
9.180416,14.578086,romberg_closed
8.446901,-6.536484,self_selected_gait_speed
-1.2148074,3.586297,sit_to_stand
16.950968,5.9586043,stationary_walk
8.542427,-6.600575,tm_3kmh
8.759278,14.147685,romberg_closed
8.864243,-5.578818,self_selected_gait_speed
-0.33354795,4.6889896,sit_to_stand
17.256721,4.426559,stationary_walk
8.300332,-5.643181,tm_3kmh
9.095286,14.707888,romberg_closed
6.0478997,-6.3405714,self_selected_gait_speed
-0.39338806,4.462169,sit_to_stand
16.377977,3.6211143,stationary_walk
6.116432,-6.270206,tm_3kmh
11.021494,13.7310295,romberg_closed
6.4604845,-4.935875,self_selected_gait_speed
-0.13068749,5.004817,sit_to_stand
14.505093,5.0300484,stationary_walk
6.358492,-5.484414,tm_3kmh
9.704578,13.726862,romberg_closed
7.799887,-4.6883917,self_selected_gait_speed
-2.8484583,4.480081,sit_to_stand
16.67179,5.9353957,stationary_walk
7.9088,-4.596428,tm_3kmh
11.237205,14.178451,romberg_closed
8.490143,-6.743024,self_selected_gait_speed
0.49212834,4.3725266,sit_to_stand
13.869355,4.4372935,stationary_walk
8.568965,-6.8441687,tm_3kmh
8.493315,14.486024,romberg_closed
7.7746296,-6.5275955,self_selected_gait_speed
0.15146682,5.19648,sit_to_stand
16.706684,4.188446,stationary_walk
7.782013,-6.5553255,tm_3kmh
7.861793,13.6019125,romberg_closed
7.9346566,-3.5993814,self_selected_gait_speed
-2.4174109,4.8410096,sit_to_stand
17.158003,6.3397264,stationary_walk
8.037751,-3.3625195,tm_3kmh
8.419229,-2.6513224,romberg_closed
10.155087,-2.6303532,self_selected_gait_speed
-1.72167,2.8364675,sit_to_stand
17.41504,6.0638723,stationary_walk
10.12871,-2.7233074,tm_3kmh
7.2218647,14.985122,romberg_closed
8.7565365,-3.9404168,self_selected_gait_speed
-3.125616,5.536564,sit_to_stand
17.159409,5.1210074,stationary_walk
8.916088,-3.4361155,tm_3kmh
5.5956054,11.166871,romberg_closed
9.115368,-1.9570407,self_selected_gait_speed
-3.225818,5.142812,sit_to_stand
17.147882,6.082651,stationary_walk
9.26344,-2.0046797,tm_3kmh
8.907093,13.08136,romberg_closed
7.762707,-3.6776145,self_selected_gait_speed
-3.0427294,4.5288773,sit_to_stand
14.949167,5.115155,stationary_walk
7.612214,-3.6288838,tm_3kmh
11.03341,15.040311,romberg_closed
6.1715465,-5.085365,self_selected_gait_speed
0.27247018,3.671381,sit_to_stand
14.692011,4.0380416,stationary_walk
6.2815094,-5.57049,tm_3kmh
8.451774,13.086312,romberg_closed
6.706751,-2.9446983,self_selected_gait_speed
-1.5819491,4.11135,sit_to_stand
15.583539,6.0429397,stationary_walk
6.3737493,-3.2498128,tm_3kmh
4.9531593,11.120549,romberg_closed
9.8281765,-2.718444,self_selected_gait_speed
-3.3629448,4.6930733,sit_to_stand
16.602966,6.5748334,stationary_walk
9.77611,-2.6091797,tm_3kmh
6.7523966,-2.9377174,self_selected_gait_speed
-3.366004,3.957534,sit_to_stand
15.616906,6.290474,stationary_walk
6.93061,-2.898193,tm_3kmh
9.284648,14.890644,romberg_closed
6.398117,-5.036567,self_selected_gait_speed
-2.3927245,4.189186,sit_to_stand
15.97575,5.122479,stationary_walk
6.306405,-5.244262,tm_3kmh
9.520861,14.928619,romberg_closed
5.9611654,-5.2583866,self_selected_gait_speed
-0.5133629,4.6447864,sit_to_stand
15.363735,4.2080884,stationary_walk
5.998129,-5.1881995,tm_3kmh
10.851739,14.616507,romberg_closed
7.2289476,-5.036827,self_selected_gait_speed
-1.7059082,5.509219,sit_to_stand
15.106658,4.7181234,stationary_walk
7.4869204,-5.3352513,tm_3kmh
10.852684,14.972526,romberg_closed
9.3428135,-4.4005046,self_selected_gait_speed
-1.2303462,4.4113493,sit_to_stand
15.446096,3.7334356,stationary_walk
9.416206,-3.8458092,tm_3kmh
5.7346334,11.3319435,romberg_closed
6.450464,-1.3756856,self_selected_gait_speed
-2.1462574,4.329655,sit_to_stand
16.65577,6.129083,stationary_walk
6.387492,-1.3683902,tm_3kmh
5.822079,12.067838,romberg_closed
7.3725348,-4.9816384,self_selected_gait_speed
-2.1876793,5.521035,sit_to_stand
15.823696,4.0338717,stationary_walk
7.5215425,-4.986748,tm_3kmh
8.610842,15.320499,romberg_closed
7.370603,-3.0779848,self_selected_gait_speed
-2.7118945,5.606704,sit_to_stand
15.88605,3.7383332,stationary_walk
7.4633803,-3.2236297,tm_3kmh
10.976903,14.41026,romberg_closed
7.805439,-3.2710571,self_selected_gait_speed
-0.36685166,4.887275,sit_to_stand
15.920058,5.1721516,stationary_walk
7.872883,-3.4258714,tm_3kmh
9.476648,13.983383,romberg_closed
7.1845026,-3.1438997,self_selected_gait_speed
-3.009121,5.3729777,sit_to_stand
16.475609,5.3678546,stationary_walk
6.5487847,-3.089635,tm_3kmh
7.8265004,13.759983,romberg_closed
7.8422556,-4.063301,self_selected_gait_speed
-2.9928894,5.2259445,sit_to_stand
16.72955,4.856265,stationary_walk
8.138858,-3.853781,tm_3kmh
8.224166,14.418851,romberg_closed
6.380949,-5.046828,self_selected_gait_speed
-0.72652966,4.178971,sit_to_stand
16.039022,3.8367188,stationary_walk
5.985965,-5.4138007,tm_3kmh
7.826976,14.641064,romberg_closed
8.467836,-5.996759,self_selected_gait_speed
-1.027974,5.2908783,sit_to_stand
15.965492,3.844766,stationary_walk
8.279796,-5.988063,tm_3kmh
11.23863,14.239755,romberg_closed
9.155969,-5.839227,self_selected_gait_speed
-1.8952906,3.7397833,sit_to_stand
14.567116,4.0472445,stationary_walk
9.338912,-5.9083586,tm_3kmh
6.8456783,14.492715,romberg_closed
9.022693,-3.031068,self_selected_gait_speed
-0.83125,5.5031447,sit_to_stand
16.796263,4.1516285,stationary_walk
8.897271,-3.1294875,tm_3kmh
7.107274,13.031384,romberg_closed
7.3456492,-2.8921664,self_selected_gait_speed
0.078996934,4.9000025,sit_to_stand
14.985322,5.9936633,stationary_walk
8.253708,13.049965,romberg_closed
7.5763507,-5.971504,self_selected_gait_speed
-1.2038301,4.7227397,sit_to_stand
15.181996,5.6681995,stationary_walk
7.62266,-6.1989603,tm_3kmh
9.112205,14.263387,romberg_closed
7.844935,-4.123502,self_selected_gait_speed
-3.4558988,5.0273056,sit_to_stand
17.41355,5.643706,stationary_walk
7.791852,-4.0124054,tm_3kmh
10.625574,14.087506,romberg_closed
7.5561233,-3.3863673,self_selected_gait_speed
-0.8162149,3.1873062,sit_to_stand
15.353585,4.2948427,stationary_walk
7.7303786,-3.283142,tm_3kmh
10.021618,13.91686,romberg_closed
5.7097287,-4.57338,self_selected_gait_speed
-0.41085368,4.1008472,sit_to_stand
14.5437355,3.7776396,stationary_walk
5.778834,-4.5106544,tm_3kmh
9.628948,13.400446,romberg_closed
-0.43944713,3.2859414,sit_to_stand
15.335711,4.7956624,stationary_walk
8.383573,14.268133,romberg_closed
6.3959813,-1.2111871,self_selected_gait_speed
-0.24622181,5.2675967,sit_to_stand
14.923982,4.3530393,stationary_walk
6.4822497,-1.2632498,tm_3kmh
5.415524,11.239859,romberg_closed
9.457027,-3.51648,self_selected_gait_speed
-3.5839932,4.795221,sit_to_stand
16.70353,6.2393136,stationary_walk
8.801577,-3.5780222,tm_3kmh
6.186327,13.548764,romberg_closed
6.4449883,-1.2256528,self_selected_gait_speed
-2.5422254,5.7673855,sit_to_stand
17.835278,6.217903,stationary_walk
6.412384,-1.1383418,tm_3kmh
8.174261,13.69831,romberg_closed
7.902234,-3.3378582,self_selected_gait_speed
-2.8194377,5.3341436,sit_to_stand
15.19054,5.427828,stationary_walk
7.652366,-3.2992904,tm_3kmh
9.826813,14.016904,romberg_closed
6.2599483,-6.314798,self_selected_gait_speed
-2.439732,5.330363,sit_to_stand
15.204809,5.151832,stationary_walk
6.4988084,-6.38709,tm_3kmh
7.7553806,13.818924,romberg_closed
7.2387023,-3.5268757,self_selected_gait_speed
-0.5005747,3.1658273,sit_to_stand
16.574205,3.9480982,stationary_walk
7.0704255,-3.758418,tm_3kmh
11.011098,14.387053,romberg_closed
7.273814,-6.3230376,self_selected_gait_speed
-0.19435008,4.6080847,sit_to_stand
15.601718,3.8217828,stationary_walk
7.227761,-6.3639903,tm_3kmh
10.44536,14.240692,romberg_closed
9.16562,-5.222287,self_selected_gait_speed
-0.39102665,3.092278,sit_to_stand
15.103606,4.7822065,stationary_walk
8.582173,-4.901057,tm_3kmh
9.519437,14.0853,romberg_closed
8.424911,-5.0398016,self_selected_gait_speed
-1.4563539,3.3071952,sit_to_stand
15.295928,3.6626363,stationary_walk
8.30408,-5.356636,tm_3kmh
8.548335,13.030447,romberg_closed
8.594425,-3.5697289,self_selected_gait_speed
-2.4929671,3.7951114,sit_to_stand
15.001644,5.651742,stationary_walk
8.419677,-3.5669475,tm_3kmh
10.987103,14.310939,romberg_closed
8.804455,-5.8388724,self_selected_gait_speed
0.25799268,3.8139446,sit_to_stand
13.716208,4.4392686,stationary_walk
8.586833,-5.445819,tm_3kmh
8.872023,14.281039,romberg_closed
5.799293,-4.575706,self_selected_gait_speed
-1.5225167,5.761087,sit_to_stand
15.835629,4.9457235,stationary_walk
6.026022,-4.2728267,tm_3kmh
9.835353,13.690145,romberg_closed
8.255543,-5.9565,self_selected_gait_speed
-2.4896495,4.8598766,sit_to_stand
15.7918215,5.1976533,stationary_walk
8.38911,-6.1552763,tm_3kmh
5.8923526,11.786574,romberg_closed
8.778129,-2.5402133,self_selected_gait_speed
-3.395647,4.6526637,sit_to_stand
16.631487,6.8191743,stationary_walk
8.347388,-2.9339404,tm_3kmh
9.544226,14.291022,romberg_closed
7.13443,-5.2720447,self_selected_gait_speed
-1.0978521,5.4977527,sit_to_stand
14.45594,3.8989475,stationary_walk
7.200486,-5.3859134,tm_3kmh
6.1317444,13.304358,romberg_closed
8.906136,-4.214788,self_selected_gait_speed
-0.7563775,4.682207,sit_to_stand
17.784555,6.0792575,stationary_walk
8.496869,-3.7656949,tm_3kmh
9.906789,14.899977,romberg_closed
8.301701,-6.0278587,self_selected_gait_speed
-2.384833,4.486056,sit_to_stand
17.747559,5.504157,stationary_walk
8.759583,-5.512595,tm_3kmh
8.145566,14.000002,romberg_closed
5.844061,-5.075271,self_selected_gait_speed
-0.60512257,4.818678,sit_to_stand
16.819277,5.1132197,stationary_walk
5.8901286,-4.959949,tm_3kmh
8.684041,13.629775,romberg_closed
6.3423495,-2.8302581,self_selected_gait_speed
-2.14064,3.5902333,sit_to_stand
15.11382,4.681285,stationary_walk
8.971759,15.194733,romberg_closed
4.5247984,-3.1655421,self_selected_gait_speed
0.3518015,4.1571474,sit_to_stand
15.8350725,3.650918,stationary_walk
4.480816,-3.0763643,tm_3kmh
11.168566,14.888895,romberg_closed
7.7243066,-5.142215,self_selected_gait_speed
-0.39138114,4.8441377,sit_to_stand
16.736368,3.885815,stationary_walk
7.718094,-5.3568697,tm_3kmh
5.7499514,11.759706,romberg_closed
6.977157,-1.5506155,self_selected_gait_speed
-1.7511686,4.0320377,sit_to_stand
16.924086,6.31264,stationary_walk
6.939728,-1.569613,tm_3kmh
8.914041,14.428365,romberg_closed
7.4170914,-6.899618,self_selected_gait_speed
-1.3168979,5.768206,sit_to_stand
15.1122055,4.24347,stationary_walk
7.5668626,-6.9120846,tm_3kmh
7.853504,14.580895,romberg_closed
6.843452,-3.53936,self_selected_gait_speed
0.25555244,4.3629117,sit_to_stand
16.37848,4.9517126,stationary_walk
6.81809,-3.7138903,tm_3kmh
9.041494,14.096814,romberg_closed
6.6756063,-5.975215,self_selected_gait_speed
-2.0652618,3.8879452,sit_to_stand
13.702457,4.707173,stationary_walk
6.4779515,-5.9358826,tm_3kmh
7.9116297,14.53468,romberg_closed
7.0213013,-3.986801,self_selected_gait_speed
-1.4922385,4.1693687,sit_to_stand
16.26297,4.7273173,stationary_walk
6.7358613,-3.9691966,tm_3kmh
7.192777,13.450175,romberg_closed
6.967091,-3.3718321,self_selected_gait_speed
-1.8210204,3.3887484,sit_to_stand
14.5511675,4.3660154,stationary_walk
6.648735,-3.4169223,tm_3kmh
5.938067,12.2561655,romberg_closed
7.3312397,-3.6753128,self_selected_gait_speed
-2.7584786,3.6326451,sit_to_stand
17.51212,5.1584587,stationary_walk
7.097124,-3.5884469,tm_3kmh
6.978259,14.750307,romberg_closed
7.857032,-4.3383207,self_selected_gait_speed
-3.1471179,4.534362,sit_to_stand
17.057299,4.6591845,stationary_walk
7.607444,-4.198193,tm_3kmh
6.799315,14.633677,romberg_closed
7.3489857,-4.91794,self_selected_gait_speed
-2.462313,5.647072,sit_to_stand
17.577358,5.3298163,stationary_walk
7.2769847,-4.694615,tm_3kmh
5.1816196,11.206797,romberg_closed
10.016402,-3.1058047,self_selected_gait_speed
-3.1088843,4.5179825,sit_to_stand
17.432041,6.906899,stationary_walk
9.966248,-2.7534344,tm_3kmh
6.18957,13.57038,romberg_closed
7.8747883,-4.3807807,self_selected_gait_speed
-1.8201323,5.9492464,sit_to_stand
17.67,6.079314,stationary_walk
7.990649,-4.5551395,tm_3kmh
8.613509,14.950324,romberg_closed
6.1178904,-4.640656,self_selected_gait_speed
-0.68392193,4.33272,sit_to_stand
16.178316,4.1860223,stationary_walk
6.267009,-5.167395,tm_3kmh
11.276164,14.238542,romberg_closed
6.8155556,-6.4189234,self_selected_gait_speed
-0.7777307,3.398717,sit_to_stand
15.214366,4.376317,stationary_walk
6.533968,-6.5764894,tm_3kmh
5.962475,11.993035,romberg_closed
7.549043,-2.3321178,self_selected_gait_speed
-2.2977889,3.1474943,sit_to_stand
15.910477,6.2493243,stationary_walk
7.7356954,-2.312411,tm_3kmh
6.5231633,13.1804285,romberg_closed
5.2123537,-3.1662693,self_selected_gait_speed
-2.3972943,3.710035,sit_to_stand
17.285677,5.799312,stationary_walk
11.213925,14.439183,romberg_closed
8.05642,-5.3094096,self_selected_gait_speed
-2.7616048,4.9841356,sit_to_stand
15.823041,5.544812,stationary_walk
7.9142756,-5.1488805,tm_3kmh
5.932701,13.258591,romberg_closed
8.124306,-3.0138543,self_selected_gait_speed
-3.6572363,4.5216064,sit_to_stand
17.587654,6.3959465,stationary_walk
7.981846,-2.9444447,tm_3kmh
9.67573,13.450128,romberg_closed
6.1224747,-5.3592143,self_selected_gait_speed
-1.5431501,5.4676733,sit_to_stand
15.403148,5.158852,stationary_walk
5.958795,-5.2520175,tm_3kmh
9.831887,15.319077,romberg_closed
8.465649,-3.3176606,self_selected_gait_speed
-2.2209945,5.1971636,sit_to_stand
17.377052,4.803407,stationary_walk
8.572301,-3.6048493,tm_3kmh
6.7023416,13.225023,romberg_closed
9.461707,-5.4111505,self_selected_gait_speed
-1.3650646,4.680753,sit_to_stand
15.678705,4.8588285,stationary_walk
9.632684,-4.8960733,tm_3kmh
9.85662,14.264573,romberg_closed
7.331568,-6.607886,self_selected_gait_speed
-0.4102038,3.9199617,sit_to_stand
16.359224,4.723011,stationary_walk
7.169008,-6.572251,tm_3kmh
10.347005,13.916662,romberg_closed
7.3163533,-6.4532866,self_selected_gait_speed
-2.0357633,4.4177046,sit_to_stand
14.714,4.8134537,stationary_walk
7.2238097,-6.5595083,tm_3kmh
10.9376135,14.382778,romberg_closed
8.192668,-6.1661267,self_selected_gait_speed
-1.667098,4.2094965,sit_to_stand
14.600759,4.811706,stationary_walk
7.969982,-6.507937,tm_3kmh
8.169948,13.593576,romberg_closed
6.548757,-4.144352,self_selected_gait_speed
-3.1126595,4.2624345,sit_to_stand
15.747858,5.8833113,stationary_walk
6.753932,-4.265123,tm_3kmh
9.033158,13.7197485,romberg_closed
8.711661,-6.122972,self_selected_gait_speed
-2.0680747,3.9183307,sit_to_stand
16.286192,4.5061917,stationary_walk
8.588467,-6.005456,tm_3kmh
6.821037,14.667119,romberg_closed
8.542082,-5.747186,self_selected_gait_speed
-1.5904336,5.4916677,sit_to_stand
15.57805,4.5725155,stationary_walk
8.690496,-5.823163,tm_3kmh
8.124243,13.330255,romberg_closed
8.156222,-3.238887,self_selected_gait_speed
-1.793333,3.3778496,sit_to_stand
13.636793,4.499754,stationary_walk
7.4042463,-3.4573197,tm_3kmh
7.998185,13.018234,romberg_closed
6.5906196,-3.5399153,self_selected_gait_speed
-1.4502871,3.7160661,sit_to_stand
15.267751,6.0235047,stationary_walk
5.0384254,-3.139703,tm_3kmh
9.971376,13.242546,romberg_closed
8.84633,-3.715708,self_selected_gait_speed
-1.216609,3.7243571,sit_to_stand
14.937713,5.9932837,stationary_walk
8.671369,-3.724389,tm_3kmh
10.012812,14.225445,romberg_closed
7.18636,-6.4898725,self_selected_gait_speed
-2.739716,5.726627,sit_to_stand
15.759681,4.128055,stationary_walk
7.248378,-6.723478,tm_3kmh
5.945199,12.262834,romberg_closed
8.294634,-3.8046145,self_selected_gait_speed
-3.2514784,5.114572,sit_to_stand
17.765255,5.842984,stationary_walk
8.208206,-3.6644762,tm_3kmh
9.606314,13.877241,romberg_closed
6.398575,-4.1571236,self_selected_gait_speed
-2.1854208,3.7187715,sit_to_stand
15.554706,5.142299,stationary_walk
6.399296,-3.9596102,tm_3kmh
6.2926955,12.10192,romberg_closed
8.574281,-4.110121,self_selected_gait_speed
-3.1807656,5.1145444,sit_to_stand
16.447472,4.7223835,stationary_walk
8.76393,-4.2573724,tm_3kmh
8.604875,15.3378,romberg_closed
9.373314,-3.7531302,self_selected_gait_speed
-3.3647804,4.9713144,sit_to_stand
17.196234,4.162322,stationary_walk
8.3197365,-4.3496485,tm_3kmh
10.141818,13.436787,romberg_closed
7.943272,-3.6427095,self_selected_gait_speed
-1.7670046,3.3184612,sit_to_stand
15.139385,5.0880075,stationary_walk
8.130137,-3.1611006,tm_3kmh
5.267911,11.731972,romberg_closed
9.365403,-2.679805,self_selected_gait_speed
-2.156794,3.9684482,sit_to_stand
17.284071,6.4242616,stationary_walk
9.929781,-2.7273326,tm_3kmh
6.4996653,14.214276,romberg_closed
9.125124,-2.907387,self_selected_gait_speed
-3.263579,5.170655,sit_to_stand
17.70781,6.352391,stationary_walk
8.007485,-2.9169638,tm_3kmh
8.935146,14.082534,romberg_closed
6.9411254,-4.1924043,self_selected_gait_speed
-3.2086823,5.239714,sit_to_stand
15.293328,4.5689597,stationary_walk
7.257972,-4.143859,tm_3kmh
7.177268,12.279414,romberg_closed
9.577432,-2.343329,self_selected_gait_speed
-0.8720421,2.798179,sit_to_stand
15.071656,5.5666914,stationary_walk
9.450001,-2.22982,tm_3kmh
8.077077,13.475038,romberg_closed
6.76013,-4.7299857,self_selected_gait_speed
-0.7412897,3.152563,sit_to_stand
15.54856,5.6934695,stationary_walk
6.744055,-5.0522327,tm_3kmh
7.511783,13.620204,romberg_closed
8.399255,-3.5879083,self_selected_gait_speed
-2.6175365,4.360944,sit_to_stand
17.154398,5.9854627,stationary_walk
8.37412,-4.6593113,tm_3kmh
9.874087,14.288543,romberg_closed
6.639388,-4.346144,self_selected_gait_speed
-1.757617,4.7012734,sit_to_stand
15.7285595,4.1879067,stationary_walk
6.6176376,-4.3478055,tm_3kmh
11.303748,14.652117,romberg_closed
6.4804435,-5.688077,self_selected_gait_speed
-0.16315626,4.5617576,sit_to_stand
14.607125,4.530902,stationary_walk
6.127232,-5.5137196,tm_3kmh
5.8963456,11.999979,romberg_closed
9.383209,-2.4667556,self_selected_gait_speed
-0.27571553,5.304091,sit_to_stand
17.145048,5.591736,stationary_walk
9.402422,-2.3169627,tm_3kmh
11.486597,14.54526,romberg_closed
-2.3222792,3.3284082,sit_to_stand
14.422964,4.305301,stationary_walk
7.4728613,14.195218,romberg_closed
7.2990084,-4.2578664,self_selected_gait_speed
-1.4435233,4.1324387,sit_to_stand
13.770184,4.4591675,stationary_walk
6.99099,-4.2840962,tm_3kmh
8.000826,13.821266,romberg_closed
9.725928,-5.814564,self_selected_gait_speed
-1.3564618,2.8294487,sit_to_stand
15.188224,4.8886414,stationary_walk
9.649287,-5.880731,tm_3kmh
7.887264,13.815561,romberg_closed
6.592392,-5.867723,self_selected_gait_speed
0.015305168,3.8354244,sit_to_stand
13.711128,4.701004,stationary_walk
6.4946065,-5.878525,tm_3kmh
7.8770733,14.766871,romberg_closed
7.5849075,-3.9115748,self_selected_gait_speed
-0.6659617,5.8662643,sit_to_stand
16.936771,4.850404,stationary_walk
7.4912143,-3.994599,tm_3kmh
6.180917,14.10308,romberg_closed
8.058689,-3.1718116,self_selected_gait_speed
-1.3745968,5.941238,sit_to_stand
17.832058,5.6015897,stationary_walk
8.093752,-3.3800154,tm_3kmh
11.258232,14.7459755,romberg_closed
9.335439,-5.0867496,self_selected_gait_speed
0.25500244,3.7983131,sit_to_stand
14.423404,4.3737235,stationary_walk
9.515228,-4.6477065,tm_3kmh
9.201455,13.8593,romberg_closed
6.7632174,-6.376373,self_selected_gait_speed
-0.3134944,4.586621,sit_to_stand
13.610954,4.75535,stationary_walk
6.9228783,-6.1594973,tm_3kmh
6.3811264,12.258876,romberg_closed
8.093116,-6.620005,self_selected_gait_speed
-2.537123,5.152852,sit_to_stand
16.41011,4.9500117,stationary_walk
8.143433,-6.634431,tm_3kmh
10.462709,14.805469,romberg_closed
8.236834,-6.083854,self_selected_gait_speed
-0.7605116,5.6294384,sit_to_stand
15.131541,3.5209172,stationary_walk
8.493982,-6.2483644,tm_3kmh
5.6596246,11.262992,romberg_closed
8.998641,-4.395945,self_selected_gait_speed
-1.8381094,3.3075457,sit_to_stand
15.002762,6.115156,stationary_walk
8.949167,-4.3522587,tm_3kmh
7.3457255,15.105289,romberg_closed
6.260774,-4.9032636,self_selected_gait_speed
-0.20110549,4.744791,sit_to_stand
15.198489,3.3714662,stationary_walk
6.1735363,-4.950579,tm_3kmh
7.1674805,15.045883,romberg_closed
4.504725,-3.071764,self_selected_gait_speed
-0.18785849,4.7372603,sit_to_stand
16.56716,3.4961057,stationary_walk
4.440699,-3.081837,tm_3kmh
9.722794,14.515499,romberg_closed
7.9810276,-3.7898054,self_selected_gait_speed
-1.6000581,4.996825,sit_to_stand
14.657787,5.041956,stationary_walk
8.444075,-3.4682555,tm_3kmh
8.216116,15.2504225,romberg_closed
7.588603,-3.9262881,self_selected_gait_speed
-3.1928806,4.247941,sit_to_stand
16.58244,5.148189,stationary_walk
7.548543,-3.8428657,tm_3kmh
9.128593,14.232768,romberg_closed
7.313989,-3.903918,self_selected_gait_speed
-1.741857,5.066418,sit_to_stand
14.724394,4.8842826,stationary_walk
6.9296894,-3.9421852,tm_3kmh
10.666318,14.476045,romberg_closed
7.305732,-5.4076834,self_selected_gait_speed
-2.3594859,6.0116363,sit_to_stand
15.422669,3.333138,stationary_walk
7.484474,-5.4126854,tm_3kmh
9.919482,14.506697,romberg_closed
7.1508064,-6.3998933,self_selected_gait_speed
-1.098852,4.353872,sit_to_stand
16.205425,3.9093025,stationary_walk
7.020126,-6.2313623,tm_3kmh
11.013386,13.919801,romberg_closed
9.683657,-5.2792063,self_selected_gait_speed
-0.5747409,3.1246707,sit_to_stand
16.281315,6.699723,stationary_walk
9.549653,-5.2336206,tm_3kmh
9.562332,14.3164215,romberg_closed
6.5397816,-1.7396369,self_selected_gait_speed
-1.0589962,3.2806702,sit_to_stand
13.853992,4.349368,stationary_walk
6.6417823,-1.823856,tm_3kmh
9.533573,14.028782,romberg_closed
5.0272574,-3.9020936,self_selected_gait_speed
-1.8970106,4.769036,sit_to_stand
14.478347,4.1491027,stationary_walk
5.137752,-3.8678248,tm_3kmh
9.903297,14.399861,romberg_closed
-1.5072742,4.0174785,sit_to_stand
15.713457,4.2725554,stationary_walk
10.4176655,14.73764,romberg_closed
6.496475,-6.170002,self_selected_gait_speed
0.15580152,4.4427233,sit_to_stand
15.146403,3.2943046,stationary_walk
6.6101594,-6.188994,tm_3kmh
10.16918,15.192296,romberg_closed
6.440565,-3.4985259,self_selected_gait_speed
-1.2179127,4.4184732,sit_to_stand
16.690506,4.1539655,stationary_walk
6.4662967,-3.421625,tm_3kmh
5.218991,11.193868,romberg_closed
8.377589,-2.6839929,self_selected_gait_speed
-2.7362459,3.2766693,sit_to_stand
15.800628,6.3581443,stationary_walk
8.586327,-2.6437702,tm_3kmh
9.549482,13.997473,romberg_closed
7.3139606,-4.4290214,self_selected_gait_speed
-2.3507667,5.829839,sit_to_stand
15.696217,3.5669804,stationary_walk
6.748239,-4.2845497,tm_3kmh
8.812523,13.831831,romberg_closed
7.0020633,-6.1040716,self_selected_gait_speed
-1.8619015,4.059438,sit_to_stand
15.978822,5.120988,stationary_walk
6.9942894,-6.174401,tm_3kmh
8.804316,15.037013,romberg_closed
7.075349,-2.9710295,self_selected_gait_speed
-3.0306742,4.7747993,sit_to_stand
17.474712,6.2722077,stationary_walk
7.2152915,-2.978578,tm_3kmh
8.207326,13.112491,romberg_closed
7.5620914,-3.5610802,self_selected_gait_speed
-3.3742988,4.05256,sit_to_stand
16.025328,5.7392488,stationary_walk
5.1377144,-3.1881843,tm_3kmh
10.615933,14.848077,romberg_closed
8.794948,-5.8573117,self_selected_gait_speed
-3.093919,4.3405833,sit_to_stand
14.569321,4.516393,stationary_walk
8.74557,-5.6879854,tm_3kmh
7.0827746,13.188678,romberg_closed
-1.1144634,3.1774037,sit_to_stand
15.662303,5.0614743,stationary_walk
7.7176404,14.83785,romberg_closed
8.733086,-2.8376048,self_selected_gait_speed
-0.04161371,5.5082283,sit_to_stand
16.81379,4.4795923,stationary_walk
8.675378,-3.0970309,tm_3kmh
10.701535,14.2483015,romberg_closed
7.6207404,-6.630901,self_selected_gait_speed
-0.3284201,4.982866,sit_to_stand
14.486217,3.8168452,stationary_walk
7.5838885,-6.487565,tm_3kmh
9.33709,13.240168,romberg_closed
7.9281187,-5.1974125,self_selected_gait_speed
-0.71451116,4.861473,sit_to_stand
14.807887,4.4310827,stationary_walk
7.9597297,-4.8174505,tm_3kmh
8.848844,13.524026,romberg_closed
8.708977,-4.5486884,self_selected_gait_speed
-1.5664855,3.616232,sit_to_stand
14.541426,5.76448,stationary_walk
8.988331,-4.3129225,tm_3kmh
5.8290915,11.392852,romberg_closed
-0.883066,3.9238024,sit_to_stand
16.065166,5.790558,stationary_walk
8.970977,14.029254,romberg_closed
8.995423,-6.2072206,self_selected_gait_speed
-1.6137515,4.924095,sit_to_stand
15.731773,4.5044403,stationary_walk
8.972156,-6.210383,tm_3kmh
6.494327,13.516184,romberg_closed
9.8936825,-5.4731936,self_selected_gait_speed
-1.4105284,2.7552373,sit_to_stand
15.612573,5.0709352,stationary_walk
9.845011,-5.4845295,tm_3kmh
8.19547,13.448923,romberg_closed
6.4510417,-5.3732576,self_selected_gait_speed
-1.8625922,3.2355177,sit_to_stand
13.797751,4.553203,stationary_walk
6.262524,-5.735557,tm_3kmh
11.295896,14.051773,romberg_closed
9.203366,-5.0851727,self_selected_gait_speed
-0.38745537,3.022122,sit_to_stand
14.415792,5.020138,stationary_walk
8.466914,-4.387315,tm_3kmh
6.0521774,11.465098,romberg_closed
6.3797965,-3.2803557,self_selected_gait_speed
-1.7803328,4.7855945,sit_to_stand
15.361201,4.999616,stationary_walk
6.3319397,-3.0812433,tm_3kmh
11.456948,14.557015,romberg_closed
8.131659,-6.450237,self_selected_gait_speed
0.34525242,4.511212,sit_to_stand
14.655454,3.6568086,stationary_walk
8.097928,-6.4251194,tm_3kmh
6.6367803,13.00625,romberg_closed
7.872869,-2.6373322,self_selected_gait_speed
-1.9902644,3.5903854,sit_to_stand
15.624726,6.5498023,stationary_walk
5.2447205,-3.0273094,tm_3kmh
6.709465,12.281424,romberg_closed
9.238481,-5.122162,self_selected_gait_speed
-3.66942,4.2629304,sit_to_stand
16.576303,5.8229938,stationary_walk
9.067059,-5.3410306,tm_3kmh
9.330238,13.624584,romberg_closed
6.6093073,-5.934634,self_selected_gait_speed
-1.1431949,5.0028634,sit_to_stand
15.244417,3.7439592,stationary_walk
6.7046266,-5.949091,tm_3kmh
9.800793,14.088759,romberg_closed
7.9385715,-6.3166637,self_selected_gait_speed
-0.21440922,3.4763575,sit_to_stand
14.640306,4.8948126,stationary_walk
7.8217254,-6.0030966,tm_3kmh
9.185143,14.823593,romberg_closed
8.858537,-3.5285552,self_selected_gait_speed
-2.6702664,5.558829,sit_to_stand
17.018799,4.514209,stationary_walk
8.764214,-3.5180426,tm_3kmh
5.6480656,11.372318,romberg_closed
8.085725,-4.329633,self_selected_gait_speed
-0.8975253,4.36058,sit_to_stand
17.296417,5.809499,stationary_walk
7.9147787,-4.437569,tm_3kmh
7.6295147,14.0197735,romberg_closed
7.3937955,-4.3135753,self_selected_gait_speed
-1.1369717,5.654152,sit_to_stand
15.469317,4.2800045,stationary_walk
7.189576,-5.1917567,tm_3kmh
10.516641,15.089474,romberg_closed
9.539894,-3.2375457,self_selected_gait_speed
-0.9917127,5.5095887,sit_to_stand
15.842339,4.192806,stationary_walk
9.200681,-3.24745,tm_3kmh
8.439061,14.869797,romberg_closed
4.4769325,-3.1869087,self_selected_gait_speed
-0.56352466,4.956607,sit_to_stand
16.799244,4.5516725,stationary_walk
6.020606,12.640656,romberg_closed
9.044763,-5.6573806,self_selected_gait_speed
-0.64721996,2.8974018,sit_to_stand
16.087944,4.7490253,stationary_walk
9.162182,-5.817192,tm_3kmh
10.493814,14.619625,romberg_closed
7.545398,-6.8238506,self_selected_gait_speed
-1.4618475,4.7018013,sit_to_stand
15.184723,4.3528156,stationary_walk
7.5589886,-6.812567,tm_3kmh
7.6293893,14.784272,romberg_closed
7.3538814,-2.7354035,self_selected_gait_speed
-1.3028345,5.8197117,sit_to_stand
15.794191,3.4456856,stationary_walk
6.8023367,-3.4389534,tm_3kmh
6.8015146,14.139277,romberg_closed
7.5282955,-4.6212115,self_selected_gait_speed
0.15270633,5.060189,sit_to_stand
17.345758,4.947927,stationary_walk
7.432114,-4.3353443,tm_3kmh
10.259485,14.909151,romberg_closed
8.124112,-6.179946,self_selected_gait_speed
0.3768335,4.631214,sit_to_stand
15.752845,3.2837436,stationary_walk
5.744475,-2.0521781,tm_3kmh
9.092069,13.477188,romberg_closed
9.17159,-6.3843517,self_selected_gait_speed
-2.0797682,5.460434,sit_to_stand
17.277666,6.714291,stationary_walk
9.14906,-6.2916245,tm_3kmh
5.856012,11.61514,romberg_closed
8.376134,-5.5463405,self_selected_gait_speed
-2.8467016,5.542119,sit_to_stand
17.044714,4.9897385,stationary_walk
7.776016,-5.196495,tm_3kmh
4.9412904,11.121472,romberg_closed
9.12827,-4.201554,self_selected_gait_speed
-3.2362497,4.085909,sit_to_stand
16.849586,6.6715417,stationary_walk
9.26742,-3.826143,tm_3kmh
8.826392,13.07021,romberg_closed
6.6467957,-3.6494,self_selected_gait_speed
-3.2316785,3.7200732,sit_to_stand
16.896044,5.949167,stationary_walk
6.4475794,-3.9559534,tm_3kmh
9.3975,15.129591,romberg_closed
6.65879,-4.745966,self_selected_gait_speed
-1.29077,4.4875345,sit_to_stand
13.781388,4.4248724,stationary_walk
6.6082597,-4.855071,tm_3kmh
9.15317,14.974152,romberg_closed
7.6154265,-6.43711,self_selected_gait_speed
-1.4026339,5.8576965,sit_to_stand
15.485277,3.624648,stationary_walk
7.76556,-6.1668687,tm_3kmh
10.869147,14.823098,romberg_closed
4.5984173,-3.346778,self_selected_gait_speed
-0.8806171,5.077413,sit_to_stand
14.58688,4.0332465,stationary_walk
4.5011616,-3.1876752,tm_3kmh
10.11216,13.766572,romberg_closed
6.5453,-3.002327,self_selected_gait_speed
-1.8562702,4.282388,sit_to_stand
14.4503975,5.0889764,stationary_walk
6.381939,-3.0658157,tm_3kmh
5.801155,11.7936,romberg_closed
-2.7154953,5.660904,sit_to_stand
16.499378,5.908904,stationary_walk
8.026716,14.844406,romberg_closed
8.242982,-3.3009841,self_selected_gait_speed
-2.542332,5.4080267,sit_to_stand
17.744324,5.6792736,stationary_walk
7.96524,-3.5648468,tm_3kmh
10.636282,14.76724,romberg_closed
8.500059,-6.527903,self_selected_gait_speed
-1.8459277,5.380245,sit_to_stand
16.693989,4.24407,stationary_walk
8.394251,-6.2383475,tm_3kmh
6.3615284,11.620832,romberg_closed
9.060661,-2.156247,self_selected_gait_speed
-2.910589,4.9555993,sit_to_stand
17.309893,6.5432706,stationary_walk
9.082268,-2.1666486,tm_3kmh
9.09073,13.561086,romberg_closed
-1.2511321,4.241577,sit_to_stand
14.489199,4.415092,stationary_walk
10.185538,14.105837,romberg_closed
5.8380604,-3.02165,self_selected_gait_speed
-0.9903088,2.9733636,sit_to_stand
15.325922,3.7068253,stationary_walk
5.644098,-3.143975,tm_3kmh
8.695589,14.676215,romberg_closed
7.8647146,-2.9026327,self_selected_gait_speed
-0.54309714,5.078151,sit_to_stand
17.323038,4.4359665,stationary_walk
8.214989,-3.0136023,tm_3kmh
9.988108,13.871583,romberg_closed
7.510258,-6.4899426,self_selected_gait_speed
-2.4298909,5.3779035,sit_to_stand
15.673784,3.5664876,stationary_walk
7.2391233,-6.808126,tm_3kmh
9.287138,14.931215,romberg_closed
6.400837,-0.8756057,self_selected_gait_speed
-1.0630188,5.3570967,sit_to_stand
15.642653,3.49195,stationary_walk
6.4196424,-0.7858804,tm_3kmh
10.766434,14.967439,romberg_closed
7.4493756,-4.5557976,self_selected_gait_speed
-1.8087525,5.9383626,sit_to_stand
16.157772,3.3119552,stationary_walk
8.214963,-3.50653,tm_3kmh
9.059878,13.886481,romberg_closed
7.166239,-7.062167,self_selected_gait_speed
-0.28582934,3.5543432,sit_to_stand
15.160932,3.654528,stationary_walk
7.48344,-7.1241198,tm_3kmh
6.8789897,14.040907,romberg_closed
6.9985433,-4.2306714,self_selected_gait_speed
-2.2678149,5.370536,sit_to_stand
16.525387,4.0166945,stationary_walk
7.07827,-4.9894423,tm_3kmh
10.044448,13.455309,romberg_closed
-1.4833575,4.8823733,sit_to_stand
13.60751,4.3795853,stationary_walk
10.505027,13.913054,romberg_closed
9.006437,-5.831702,self_selected_gait_speed
0.04709554,5.4522953,sit_to_stand
15.25747,3.9165626,stationary_walk
9.028309,13.283295,romberg_closed
8.2891,-1.8246803,self_selected_gait_speed
-1.4578607,3.3350027,sit_to_stand
14.817741,5.760643,stationary_walk
8.227784,-1.7511127,tm_3kmh
9.153914,12.984541,romberg_closed
6.7778735,-6.210551,self_selected_gait_speed
-1.3648808,4.745451,sit_to_stand
16.110106,5.6044617,stationary_walk
6.619346,-6.384989,tm_3kmh
6.9101653,12.229629,romberg_closed
7.9777594,-4.2951045,self_selected_gait_speed
-1.5255136,5.5015635,sit_to_stand
16.637241,5.3457613,stationary_walk
8.178764,-4.7976713,tm_3kmh
7.2069836,13.924527,romberg_closed
7.64192,-3.4247458,self_selected_gait_speed
-3.1057262,3.978699,sit_to_stand
15.608928,4.910726,stationary_walk
5.0892177,-3.2844958,tm_3kmh
6.2556233,12.0370865,romberg_closed
9.38846,-3.0777302,self_selected_gait_speed
-2.7999492,3.8853962,sit_to_stand
16.58949,5.349886,stationary_walk
9.248714,-2.967742,tm_3kmh
6.6999984,13.592807,romberg_closed
8.268323,-3.2074618,self_selected_gait_speed
-3.1331117,3.7206287,sit_to_stand
16.512114,6.087006,stationary_walk
8.227447,-3.169277,tm_3kmh
11.139259,14.538944,romberg_closed
8.095112,-6.484428,self_selected_gait_speed
0.31020546,3.6269712,sit_to_stand
15.326162,3.7708135,stationary_walk
7.9341764,-6.1761384,tm_3kmh
10.980267,14.678512,romberg_closed
8.767988,-5.1874843,self_selected_gait_speed
-2.5359168,3.9560332,sit_to_stand
15.532731,5.145199,stationary_walk
8.438989,-4.8246875,tm_3kmh
6.40345,14.554846,romberg_closed
6.8329372,-4.0305796,self_selected_gait_speed
-1.5937526,5.858953,sit_to_stand
17.447096,5.491173,stationary_walk
7.189827,-4.1041274,tm_3kmh
7.469593,14.683423,romberg_closed
7.9034996,-6.7088733,self_selected_gait_speed
-0.86204803,4.3591566,sit_to_stand
14.720618,4.1125,stationary_walk
7.9042335,-6.643413,tm_3kmh
5.2436233,11.140629,romberg_closed
8.803688,-3.933923,self_selected_gait_speed
-1.0720373,3.4425764,sit_to_stand
16.019497,6.695322,stationary_walk
5.2517486,-3.370872,tm_3kmh
10.536489,14.8370495,romberg_closed
7.256266,-6.4784694,self_selected_gait_speed
-0.80531144,3.5089092,sit_to_stand
14.55954,3.6921098,stationary_walk
6.5741076,-5.6739564,tm_3kmh
8.970696,14.685615,romberg_closed
9.013078,-4.4288273,self_selected_gait_speed
-1.433112,5.7342787,sit_to_stand
17.685112,5.822466,stationary_walk
9.067038,-4.400027,tm_3kmh
7.8430448,14.801507,romberg_closed
8.805855,-3.6035378,self_selected_gait_speed
-1.0482671,5.6847606,sit_to_stand
15.25765,3.1983907,stationary_walk
8.897599,-2.3499274,tm_3kmh
6.1657248,12.815824,romberg_closed
8.206208,-4.674077,self_selected_gait_speed
-3.4321995,4.109514,sit_to_stand
17.530575,5.949956,stationary_walk
7.76415,-4.262412,tm_3kmh
7.4337177,14.502597,romberg_closed
9.0630865,-4.690795,self_selected_gait_speed
-0.57056355,4.0830135,sit_to_stand
15.347784,4.867495,stationary_walk
9.371164,-4.79915,tm_3kmh
6.42389,14.017754,romberg_closed
6.999063,-4.461578,self_selected_gait_speed
-0.47879568,4.5677214,sit_to_stand
16.714376,4.7092347,stationary_walk
7.525595,-4.597764,tm_3kmh
10.343885,14.793935,romberg_closed
5.272277,-1.4692122,self_selected_gait_speed
-1.4073948,4.4407144,sit_to_stand
16.169176,4.3169527,stationary_walk
5.294009,-1.5018826,tm_3kmh
10.250581,14.515629,romberg_closed
6.688861,-6.3421774,self_selected_gait_speed
-1.1686902,4.7532196,sit_to_stand
15.933157,3.2641046,stationary_walk
6.7512407,-6.2796583,tm_3kmh
9.61064,14.237889,romberg_closed
7.463272,-4.290977,self_selected_gait_speed
-2.7934587,4.7628193,sit_to_stand
16.493128,5.425275,stationary_walk
8.194535,-3.331069,tm_3kmh
9.484421,13.896524,romberg_closed
6.908042,-5.813666,self_selected_gait_speed
-1.4126838,4.126167,sit_to_stand
15.173217,4.151439,stationary_walk
6.609213,-5.828738,tm_3kmh
8.412289,14.518097,romberg_closed
7.5842056,-5.8174725,self_selected_gait_speed
-2.428144,4.500622,sit_to_stand
15.024675,3.825862,stationary_walk
7.445413,-5.7855144,tm_3kmh
10.311055,13.543269,romberg_closed
9.434902,-2.8586943,self_selected_gait_speed
-0.23690918,5.280105,sit_to_stand
16.41172,6.1744113,stationary_walk
9.353955,-2.6869278,tm_3kmh
10.79964,14.803062,romberg_closed
7.301004,-4.9234858,self_selected_gait_speed
-3.2720873,5.468174,sit_to_stand
17.191242,5.3269725,stationary_walk
6.9829264,-4.7542553,tm_3kmh
8.105796,13.4262495,romberg_closed
7.6927586,-3.0717456,self_selected_gait_speed
-1.4912311,5.795384,sit_to_stand
15.445787,4.61913,stationary_walk
7.62297,-3.0729377,tm_3kmh
9.171835,14.72897,romberg_closed
7.9683743,-5.492033,self_selected_gait_speed
-2.4304056,5.8487473,sit_to_stand
17.758892,5.2131367,stationary_walk
7.810782,-5.298252,tm_3kmh
8.445872,12.840854,romberg_closed
9.197712,-4.950232,self_selected_gait_speed
-2.3557315,3.4521976,sit_to_stand
14.663311,6.0187173,stationary_walk
9.255383,-4.78241,tm_3kmh
7.546137,14.706513,romberg_closed
9.000372,-4.9562407,self_selected_gait_speed
-2.4877756,5.801618,sit_to_stand
16.833612,5.2583704,stationary_walk
9.220941,-4.973754,tm_3kmh
5.8999357,12.077731,romberg_closed
8.689074,-4.5666127,self_selected_gait_speed
-2.9915364,4.802544,sit_to_stand
17.701334,6.094863,stationary_walk
8.257941,-4.390026,tm_3kmh
9.01739,13.414734,romberg_closed
6.4393406,-1.550734,self_selected_gait_speed
-2.3557823,4.5268254,sit_to_stand
16.722641,5.3327904,stationary_walk
6.398038,-1.6466614,tm_3kmh
9.472238,13.655794,romberg_closed
9.420608,-2.5907896,self_selected_gait_speed
-1.391693,2.7738729,sit_to_stand
15.294462,6.2024326,stationary_walk
9.6258545,-2.7413745,tm_3kmh
6.256844,11.7653055,romberg_closed
8.097198,-4.641749,self_selected_gait_speed
-3.291985,5.2769265,sit_to_stand
16.791826,4.5990577,stationary_walk
8.352855,-4.578667,tm_3kmh
6.9158664,13.792468,romberg_closed
9.001306,-4.9272985,self_selected_gait_speed
-2.791789,5.327108,sit_to_stand
16.16805,5.5998673,stationary_walk
9.156207,-5.01236,tm_3kmh
8.074199,14.992658,romberg_closed
5.73539,-5.0349674,self_selected_gait_speed
-2.689992,5.0489626,sit_to_stand
15.578278,3.6954203,stationary_walk
5.8002486,-5.0612116,tm_3kmh
10.13952,13.58195,romberg_closed
6.9391,-6.1964526,self_selected_gait_speed
0.2628911,4.3269534,sit_to_stand
14.93031,4.7290354,stationary_walk
6.7654266,-4.9141345,tm_3kmh
11.109961,13.815982,romberg_closed
9.264614,-6.295624,self_selected_gait_speed
-1.2541294,3.1994064,sit_to_stand
14.410613,5.506522,stationary_walk
9.267931,-6.3814216,tm_3kmh
7.07182,14.316837,romberg_closed
7.2329993,-5.98427,self_selected_gait_speed
-0.7384009,5.141604,sit_to_stand
16.066147,3.2711732,stationary_walk
7.15026,-5.701771,tm_3kmh
8.384678,13.026993,romberg_closed
9.340186,-2.6493986,self_selected_gait_speed
-1.6680363,2.8793175,sit_to_stand
15.764693,6.489286,stationary_walk
9.388327,-2.5637522,tm_3kmh
10.494539,14.540567,romberg_closed
6.8928533,-4.7596602,self_selected_gait_speed
-1.0864118,5.133863,sit_to_stand
15.151936,4.356223,stationary_walk
6.9610233,-3.4396281,tm_3kmh
7.7966504,13.914841,romberg_closed
6.0288634,-4.958773,self_selected_gait_speed
-1.8263865,4.559843,sit_to_stand
16.30855,4.065996,stationary_walk
5.99699,-4.9697404,tm_3kmh
8.586787,14.011564,romberg_closed
-1.7087955,5.3540955,sit_to_stand
16.926237,5.0395913,stationary_walk
5.897116,-4.6533346,tm_3kmh
6.5757127,14.389941,romberg_closed
8.750016,-4.665848,self_selected_gait_speed
-3.1523767,5.2942333,sit_to_stand
17.765491,5.6978617,stationary_walk
8.113914,-4.641339,tm_3kmh
8.984137,13.842605,romberg_closed
5.76992,-5.0989404,self_selected_gait_speed
-2.298901,5.9562306,sit_to_stand
15.1278305,3.5990932,stationary_walk
5.749868,-5.3743896,tm_3kmh
8.227306,13.497662,romberg_closed
6.2091913,-5.2579217,self_selected_gait_speed
-0.57700497,5.158456,sit_to_stand
15.528718,4.687694,stationary_walk
5.9724574,-5.4926476,tm_3kmh
7.232245,14.859001,romberg_closed
9.267806,-2.8906271,self_selected_gait_speed
-0.60155314,5.452061,sit_to_stand
16.38595,4.508366,stationary_walk
9.171635,-3.1462889,tm_3kmh
7.7656946,14.721887,romberg_closed
7.1988077,-6.0997043,self_selected_gait_speed
-1.8275809,4.3506975,sit_to_stand
14.792276,3.7005372,stationary_walk
7.2051945,-5.962188,tm_3kmh
7.211854,13.351008,romberg_closed
8.468479,-5.1830926,self_selected_gait_speed
-2.4578633,5.276543,sit_to_stand
16.182852,5.6312656,stationary_walk
8.103072,-5.2069893,tm_3kmh
9.461435,13.828969,romberg_closed
-1.5419179,5.4247155,sit_to_stand
14.658781,4.5127954,stationary_walk
8.954617,12.841479,romberg_closed
9.562102,-2.8354652,self_selected_gait_speed
-1.8939391,2.9390085,sit_to_stand
16.034191,6.009797,stationary_walk
9.299396,-3.312908,tm_3kmh
9.420999,13.860353,romberg_closed
6.236012,-6.0829396,self_selected_gait_speed
0.48224223,4.72162,sit_to_stand
13.554459,4.371287,stationary_walk
6.1371512,-6.0599585,tm_3kmh
7.9463396,13.474983,romberg_closed
4.8744097,-3.2549787,self_selected_gait_speed
-0.8578701,3.3252368,sit_to_stand
14.407145,5.3700104,stationary_walk
5.2696857,-3.3518114,tm_3kmh
10.996424,15.067261,romberg_closed
15.601476,3.0750992,stationary_walk
9.435532,13.15226,romberg_closed
9.725887,-2.5765262,self_selected_gait_speed
-0.87668484,3.4006703,sit_to_stand
15.089114,5.2123294,stationary_walk
5.270316,-3.10194,tm_3kmh
5.101662,11.2224865,romberg_closed
10.17215,-2.6924992,self_selected_gait_speed
-2.9859293,4.222059,sit_to_stand
17.523582,6.882201,stationary_walk
10.193065,-2.6435447,tm_3kmh
9.598219,14.263327,romberg_closed
6.719657,-6.400407,self_selected_gait_speed
-2.8495166,3.9588168,sit_to_stand
15.611951,3.3481188,stationary_walk
7.0957584,-6.649458,tm_3kmh
10.525326,15.26138,romberg_closed
7.916828,-6.072951,self_selected_gait_speed
-2.4175527,5.1818395,sit_to_stand
15.354881,3.4151044,stationary_walk
7.6236234,-5.998025,tm_3kmh
10.397584,14.316852,romberg_closed
6.56397,-4.764145,self_selected_gait_speed
0.049924247,5.475094,sit_to_stand
14.759791,4.065501,stationary_walk
7.135823,-5.4662333,tm_3kmh
6.4180074,13.59679,romberg_closed
7.142285,-2.9219432,self_selected_gait_speed
-3.5647748,5.009422,sit_to_stand
17.660002,5.910969,stationary_walk
7.063649,-2.9590313,tm_3kmh
10.460772,13.48514,romberg_closed
7.798652,-4.100872,self_selected_gait_speed
-2.3467875,4.462917,sit_to_stand
15.044353,4.6463213,stationary_walk
7.8784995,-4.134256,tm_3kmh
8.739669,15.0542555,romberg_closed
4.8496675,-3.3942075,self_selected_gait_speed
-1.3464636,4.994286,sit_to_stand
15.230367,3.5141306,stationary_walk
4.6739855,-3.2453911,tm_3kmh
7.036321,13.515318,romberg_closed
8.49667,-2.44498,self_selected_gait_speed
-1.8359457,5.992036,sit_to_stand
16.007553,5.153778,stationary_walk
8.078647,-2.5428717,tm_3kmh
7.3680625,15.049384,romberg_closed
7.466122,-6.135857,self_selected_gait_speed
0.2719819,4.9459434,sit_to_stand
13.772998,4.487377,stationary_walk
7.2203608,-5.9213343,tm_3kmh
8.943013,15.224388,romberg_closed
6.765516,-4.0501995,self_selected_gait_speed
-1.6846731,6.042714,sit_to_stand
16.266237,3.4459407,stationary_walk
6.9893966,-4.6229134,tm_3kmh
6.91194,14.366704,romberg_closed
6.07716,-4.9980297,self_selected_gait_speed
-3.4774072,4.7756643,sit_to_stand
17.132616,4.894867,stationary_walk
5.7591877,-4.7214584,tm_3kmh
8.510508,14.092428,romberg_closed
9.325831,-3.2222304,self_selected_gait_speed
-3.0457125,5.493422,sit_to_stand
16.781693,5.9934826,stationary_walk
9.113447,-4.1892805,tm_3kmh
9.254682,14.258477,romberg_closed
7.371465,-4.8104196,self_selected_gait_speed
-2.8064466,5.2186127,sit_to_stand
15.388983,5.358723,stationary_walk
7.260189,-4.540097,tm_3kmh
11.001733,14.359084,romberg_closed
8.649998,-6.6376,self_selected_gait_speed
-0.32803774,3.1044886,sit_to_stand
14.574852,3.936472,stationary_walk
8.679342,-6.630166,tm_3kmh
7.28449,14.230908,romberg_closed
6.362248,-1.7580857,self_selected_gait_speed
-3.3255692,5.1871653,sit_to_stand
17.096148,5.127943,stationary_walk
6.420364,-1.72871,tm_3kmh
7.6508546,13.322121,romberg_closed
7.7987285,-3.5960817,self_selected_gait_speed
-0.26455244,4.5163407,sit_to_stand
15.430422,6.0865183,stationary_walk
7.4891195,-3.49003,tm_3kmh
7.7427435,12.911906,romberg_closed
8.413785,-4.4082685,self_selected_gait_speed
-1.2292666,3.1552474,sit_to_stand
15.517887,5.0155005,stationary_walk
8.090265,-3.9685698,tm_3kmh
8.221658,13.266952,romberg_closed
8.537653,-3.249893,self_selected_gait_speed
-2.9504569,4.133256,sit_to_stand
15.505487,6.255912,stationary_walk
8.139124,-3.0693982,tm_3kmh
9.3121,13.70018,romberg_closed
6.3927107,-6.676561,self_selected_gait_speed
-2.1043205,4.638053,sit_to_stand
15.812258,3.8104036,stationary_walk
6.32334,-6.4622846,tm_3kmh
7.4214573,13.729722,romberg_closed
9.515752,-5.3154526,self_selected_gait_speed
-0.84296095,4.424095,sit_to_stand
14.889819,4.266499,stationary_walk
9.348515,-5.1872025,tm_3kmh
8.029749,14.988666,romberg_closed
8.467273,-3.58592,self_selected_gait_speed
-0.052518327,5.1133018,sit_to_stand
16.714792,5.0100517,stationary_walk
8.925082,-3.2062778,tm_3kmh
9.739434,14.254841,romberg_closed
6.022687,-5.600303,self_selected_gait_speed
-2.1212957,5.5776587,sit_to_stand
16.189571,3.6998174,stationary_walk
5.760428,-5.3553967,tm_3kmh
7.780904,14.698553,romberg_closed
7.1630607,-3.1587296,self_selected_gait_speed
-1.0066483,5.648801,sit_to_stand
16.01892,5.6869745,stationary_walk
6.7644525,-3.139601,tm_3kmh
6.0818195,12.052419,romberg_closed
8.800391,-6.496989,self_selected_gait_speed
-2.9447048,4.295578,sit_to_stand
16.278347,5.334778,stationary_walk
8.19264,-6.7607546,tm_3kmh
5.803412,11.820456,romberg_closed
9.323422,-5.195713,self_selected_gait_speed
-1.3511981,4.8316097,sit_to_stand
16.092098,6.317151,stationary_walk
9.128341,-5.1772313,tm_3kmh
9.326767,13.834037,romberg_closed
5.926335,-4.583991,self_selected_gait_speed
0.13740762,3.9552462,sit_to_stand
15.226273,5.1929297,stationary_walk
5.9073,-4.4450235,tm_3kmh
7.759543,13.439362,romberg_closed
9.569676,-2.3197773,self_selected_gait_speed
-1.862899,3.160432,sit_to_stand
16.501945,5.7901073,stationary_walk
9.533759,-2.190851,tm_3kmh
6.419652,13.531575,romberg_closed
9.582206,-2.5434065,self_selected_gait_speed
-2.7663221,4.3373117,sit_to_stand
17.097483,6.7656283,stationary_walk
9.461416,-2.356992,tm_3kmh
6.147647,11.569137,romberg_closed
8.981887,-3.070689,self_selected_gait_speed
-2.4030807,3.836107,sit_to_stand
16.085243,6.543771,stationary_walk
9.29012,-3.0294135,tm_3kmh
8.209785,13.892273,romberg_closed
6.7272525,-6.168464,self_selected_gait_speed
-1.4352094,4.072846,sit_to_stand
15.878881,4.7990084,stationary_walk
6.6207194,-6.171966,tm_3kmh
6.3382077,12.034856,romberg_closed
9.026365,-6.3561215,self_selected_gait_speed
-0.20351931,3.8202252,sit_to_stand
16.45804,4.701816,stationary_walk
9.023956,-6.3633122,tm_3kmh
8.544309,12.995703,romberg_closed
9.70536,-3.4086523,self_selected_gait_speed
-0.3713019,5.2019544,sit_to_stand
14.819811,5.253171,stationary_walk
9.566212,-3.5258052,tm_3kmh
8.227866,13.512125,romberg_closed
7.328799,-4.820227,self_selected_gait_speed
-1.6479636,3.0242527,sit_to_stand
16.367607,6.2249184,stationary_walk
7.0243297,-5.0230846,tm_3kmh
10.381634,13.558267,romberg_closed
6.303291,-3.4650946,self_selected_gait_speed
-1.3580109,3.7789965,sit_to_stand
15.415438,5.094573,stationary_walk
6.29417,-3.705315,tm_3kmh
10.731499,14.714633,romberg_closed
7.92066,-4.412244,self_selected_gait_speed
-0.001032415,3.7576663,sit_to_stand
15.337162,4.3783417,stationary_walk
8.003326,-4.644386,tm_3kmh
8.744979,14.971363,romberg_closed
4.7186413,-3.3790414,self_selected_gait_speed
-0.023799216,5.1521926,sit_to_stand
15.386992,4.617826,stationary_walk
11.260007,14.743728,romberg_closed
8.073626,-5.804381,self_selected_gait_speed
-0.63602966,4.158671,sit_to_stand
7.984986,-5.781072,tm_3kmh
8.949851,13.826972,romberg_closed
6.2056127,-4.9862313,self_selected_gait_speed
-1.3926226,4.257683,sit_to_stand
16.659014,5.382658,stationary_walk
6.22665,-4.8433194,tm_3kmh
8.616256,12.89666,romberg_closed
-2.521558,2.9944646,sit_to_stand
15.01736,5.1320705,stationary_walk
10.181404,13.703826,romberg_closed
6.7632637,-6.0855327,self_selected_gait_speed
-2.9360914,4.726368,sit_to_stand
16.331442,4.1866937,stationary_walk
6.59283,-6.0733256,tm_3kmh
5.9632945,12.145388,romberg_closed
7.561822,-5.864079,self_selected_gait_speed
-3.1215334,5.1122117,sit_to_stand
17.099634,5.252031,stationary_walk
7.5571113,-6.1309648,tm_3kmh
5.5668893,11.893025,romberg_closed
8.708576,-2.3409717,self_selected_gait_speed
-1.2518756,4.435157,sit_to_stand
17.00521,6.244922,stationary_walk
8.785411,-2.5869186,tm_3kmh
6.911889,13.549162,romberg_closed
6.82939,-3.4778337,self_selected_gait_speed
-0.13383149,4.9101753,sit_to_stand
16.743595,4.564866,stationary_walk
6.7065706,-3.5131876,tm_3kmh
8.353388,14.937685,romberg_closed
6.713941,-5.635231,self_selected_gait_speed
-1.3273226,4.8049407,sit_to_stand
16.17925,4.9595113,stationary_walk
6.4555335,-4.8418937,tm_3kmh
6.946458,14.28936,romberg_closed
8.139213,-5.8838005,self_selected_gait_speed
-2.064092,4.602085,sit_to_stand
17.259308,4.853565,stationary_walk
8.244827,-5.7986856,tm_3kmh
6.184314,11.70055,romberg_closed
7.3035626,-2.61183,self_selected_gait_speed
-1.0008781,3.4975495,sit_to_stand
15.670761,5.929288,stationary_walk
7.025622,-2.706637,tm_3kmh
8.620752,15.036501,romberg_closed
9.109614,-3.948657,self_selected_gait_speed
-1.5399996,5.4934506,sit_to_stand
17.051056,5.4825263,stationary_walk
9.010819,-3.9424672,tm_3kmh
7.0028276,14.495775,romberg_closed
8.4912815,-4.823335,self_selected_gait_speed
-2.1702945,5.4951434,sit_to_stand
16.304329,5.854704,stationary_walk
8.525212,-4.9395623,tm_3kmh
9.752546,13.14044,romberg_closed
4.990073,-3.4197023,self_selected_gait_speed
-1.2404984,3.9638932,sit_to_stand
14.65381,4.147525,stationary_walk
6.4622183,13.458454,romberg_closed
9.1161375,-4.2366033,self_selected_gait_speed
-1.9345499,3.8995535,sit_to_stand
16.510103,6.559332,stationary_walk
9.027648,-4.2454815,tm_3kmh
8.608679,13.78286,romberg_closed
6.9824553,-4.1011705,self_selected_gait_speed
-0.54272956,4.9222927,sit_to_stand
17.747496,6.0231194,stationary_walk
6.6730113,-4.0010858,tm_3kmh
5.1026025,10.88979,romberg_closed
9.818097,-2.467101,self_selected_gait_speed
-2.657334,3.101798,sit_to_stand
15.92128,6.798505,stationary_walk
9.93691,-2.3757596,tm_3kmh
8.7730665,13.143561,romberg_closed
8.557624,-2.8118641,self_selected_gait_speed
-1.7543658,3.6018486,sit_to_stand
13.769105,4.9475794,stationary_walk
8.192776,-2.9306967,tm_3kmh
6.092843,14.041382,romberg_closed
6.7346,-5.1267624,self_selected_gait_speed
-0.5891542,5.0477176,sit_to_stand
17.182198,4.2806644,stationary_walk
6.450118,-4.792402,tm_3kmh
6.5421166,13.764165,romberg_closed
6.704367,-3.399367,self_selected_gait_speed
-0.9440825,4.7664804,sit_to_stand
16.89661,4.1139855,stationary_walk
6.4709606,-3.263091,tm_3kmh
7.305591,12.64476,romberg_closed
7.111165,-6.5590253,self_selected_gait_speed
-1.8372366,5.3164015,sit_to_stand
15.143026,4.8814173,stationary_walk
7.027828,-6.5498943,tm_3kmh
7.4254665,14.52973,romberg_closed
6.62091,-5.19313,self_selected_gait_speed
-2.3201447,3.9850404,sit_to_stand
15.871703,5.318354,stationary_walk
6.7004814,-5.181806,tm_3kmh
9.948406,14.240267,romberg_closed
5.6621413,-4.2998476,self_selected_gait_speed
-1.0603987,4.538011,sit_to_stand
13.716985,4.329979,stationary_walk
5.6674175,-4.0988474,tm_3kmh
5.4260635,11.854915,romberg_closed
5.622942,-1.83279,self_selected_gait_speed
-2.6586905,4.609509,sit_to_stand
15.73717,5.9985557,stationary_walk
6.9650345,-2.9067109,tm_3kmh
10.864726,13.883647,romberg_closed
6.830644,-4.2749896,self_selected_gait_speed
-1.1513696,3.3151932,sit_to_stand
14.815418,4.027159,stationary_walk
6.918916,-4.1389823,tm_3kmh
7.379452,14.703253,romberg_closed
7.9014063,-5.9283276,self_selected_gait_speed
-2.697193,4.8301525,sit_to_stand
15.786021,4.1209836,stationary_walk
7.8865395,-5.685327,tm_3kmh
9.731098,13.985987,romberg_closed
6.837347,-3.6589274,self_selected_gait_speed
-1.5238082,3.5350244,sit_to_stand
16.61794,4.1087337,stationary_walk
6.637329,-4.1697087,tm_3kmh
6.45869,14.371008,romberg_closed
7.6910853,-4.4612226,self_selected_gait_speed
0.30885223,5.077622,sit_to_stand
17.563906,5.406311,stationary_walk
7.8827977,-4.372121,tm_3kmh
6.6572323,11.931072,romberg_closed
9.29476,-2.9852507,self_selected_gait_speed
-1.4955739,5.9074135,sit_to_stand
16.438639,4.70916,stationary_walk
9.328414,-3.069355,tm_3kmh
8.321102,14.106419,romberg_closed
-1.8160752,4.134447,sit_to_stand
14.730145,3.870345,stationary_walk
10.845063,14.201504,romberg_closed
8.294872,-6.1882224,self_selected_gait_speed
-0.28606516,3.1718733,sit_to_stand
14.531176,4.815,stationary_walk
8.442833,-6.2983303,tm_3kmh
6.1140184,12.037201,romberg_closed
8.040502,-5.125213,self_selected_gait_speed
-0.15955107,4.6294065,sit_to_stand
15.566891,5.66876,stationary_walk
8.034883,-5.4603753,tm_3kmh
7.790258,13.783953,romberg_closed
8.887699,-2.111627,self_selected_gait_speed
-0.22757255,5.84536,sit_to_stand
16.658148,5.5832896,stationary_walk
8.817295,-2.4101408,tm_3kmh
5.95933,12.167593,romberg_closed
5.8629856,-4.8034625,self_selected_gait_speed
-2.3853219,3.8781,sit_to_stand
15.645078,5.893584,stationary_walk
5.6901693,-5.466052,tm_3kmh
7.3948765,14.040026,romberg_closed
8.586838,-5.497156,self_selected_gait_speed
-0.96615976,4.8157945,sit_to_stand
16.099972,4.726327,stationary_walk
8.024398,-5.561256,tm_3kmh
9.875012,13.812867,romberg_closed
6.6802297,-3.5957143,self_selected_gait_speed
-0.8001078,4.6201987,sit_to_stand
14.552011,4.388142,stationary_walk
6.480132,-3.3891096,tm_3kmh
10.458971,13.793432,romberg_closed
7.355216,-3.7002316,self_selected_gait_speed
0.42727718,4.799911,sit_to_stand
15.45362,3.513557,stationary_walk
6.6051593,-3.337302,tm_3kmh
6.6014023,13.477161,romberg_closed
8.738952,-4.7460093,self_selected_gait_speed
-0.6977517,3.1715043,sit_to_stand
15.853585,5.9296393,stationary_walk
8.8368845,-4.658651,tm_3kmh
9.073573,13.651593,romberg_closed
7.8193407,-5.025841,self_selected_gait_speed
-2.2728598,4.928382,sit_to_stand
16.488485,5.4843597,stationary_walk
7.970179,-5.0811915,tm_3kmh
8.381083,13.398524,romberg_closed
4.7923346,-2.983485,self_selected_gait_speed
-3.5239697,4.4697976,sit_to_stand
15.958358,5.491398,stationary_walk
4.5950823,-2.9835434,tm_3kmh
6.360153,14.221342,romberg_closed
6.8977404,-2.0811324,self_selected_gait_speed
-0.06699554,5.6123304,sit_to_stand
17.355139,6.5437794,stationary_walk
6.760907,-1.8560832,tm_3kmh
5.1161633,11.50173,romberg_closed
8.499798,-4.2109346,self_selected_gait_speed
-0.8374414,5.0763135,sit_to_stand
17.371483,5.8888893,stationary_walk
7.8662066,-3.4422927,tm_3kmh
9.501762,14.40247,romberg_closed
7.493002,-4.8419557,self_selected_gait_speed
0.17187876,4.6924767,sit_to_stand
15.206637,3.7055798,stationary_walk
7.3601584,-5.1781178,tm_3kmh
4.9679613,11.155291,romberg_closed
7.590623,-2.6068277,self_selected_gait_speed
-2.8733842,4.1393476,sit_to_stand
17.604298,6.529262,stationary_walk
7.646773,-2.487842,tm_3kmh
7.558578,13.743237,romberg_closed
6.318431,-5.9557524,self_selected_gait_speed
-0.84574085,4.0270996,sit_to_stand
14.594365,5.0968356,stationary_walk
6.260988,-6.0767426,tm_3kmh
6.989335,14.481183,romberg_closed
8.667731,-5.5746326,self_selected_gait_speed
-3.6695611,4.6499205,sit_to_stand
17.463297,5.335192,stationary_walk
8.366764,-5.8860188,tm_3kmh
9.069522,15.35711,romberg_closed
6.375468,-5.5166364,self_selected_gait_speed
-0.7356893,5.2723594,sit_to_stand
15.806009,4.0554295,stationary_walk
6.1510415,-5.712491,tm_3kmh
8.519241,13.071761,romberg_closed
9.205204,-3.5258257,self_selected_gait_speed
-1.5631175,4.2670455,sit_to_stand
16.043941,5.6213875,stationary_walk
8.946287,-3.566362,tm_3kmh
8.881062,14.934585,romberg_closed
6.8080997,-6.112536,self_selected_gait_speed
-2.0704727,5.440268,sit_to_stand
16.289345,3.4466693,stationary_walk
6.4734015,-5.935879,tm_3kmh
7.8429503,13.34441,romberg_closed
8.879673,-1.9390944,self_selected_gait_speed
-1.243338,5.9819255,sit_to_stand
16.411804,5.012599,stationary_walk
8.808155,-2.0072148,tm_3kmh
10.1108,13.448502,romberg_closed
8.069108,-5.0442257,self_selected_gait_speed
-1.8711978,3.9385622,sit_to_stand
15.536672,5.1835423,stationary_walk
7.423141,-5.058429,tm_3kmh
6.4202633,13.655598,romberg_closed
8.021521,-3.8005025,self_selected_gait_speed
-2.7352624,4.207832,sit_to_stand
17.001923,5.909365,stationary_walk
7.9059157,-3.802481,tm_3kmh
6.626335,12.043852,romberg_closed
7.5702963,-2.674645,self_selected_gait_speed
-0.63933235,4.0500555,sit_to_stand
15.078467,3.8580935,stationary_walk
8.233267,-2.3096926,tm_3kmh
10.566812,13.592533,romberg_closed
7.3590016,-5.4359016,self_selected_gait_speed
0.094887175,3.8824253,sit_to_stand
15.632198,5.4190307,stationary_walk
7.6141105,-5.606022,tm_3kmh
9.095935,13.4989605,romberg_closed
8.248093,-4.0550275,self_selected_gait_speed
-2.671842,5.2829266,sit_to_stand
15.3549595,5.388825,stationary_walk
8.304822,-4.1006117,tm_3kmh
10.404192,14.300872,romberg_closed
6.349232,-5.452142,self_selected_gait_speed
-0.8148611,5.309067,sit_to_stand
16.122105,5.8762107,stationary_walk
6.028235,-5.260654,tm_3kmh
6.891532,14.816422,romberg_closed
7.950518,-4.5243983,self_selected_gait_speed
-0.26897803,4.4281907,sit_to_stand
17.104761,5.1835814,stationary_walk
7.5173388,-4.3064013,tm_3kmh
7.108624,14.157319,romberg_closed
7.754531,-2.82838,self_selected_gait_speed
-2.682881,4.6896343,sit_to_stand
17.10179,6.075651,stationary_walk
7.2224245,-3.8367057,tm_3kmh
6.9872136,14.49511,romberg_closed
6.962169,-5.4965205,self_selected_gait_speed
-0.56229436,4.887844,sit_to_stand
16.556803,4.7605186,stationary_walk
6.9087305,-5.1947465,tm_3kmh
10.021698,13.209483,romberg_closed
8.680916,-4.203751,self_selected_gait_speed
-0.6375334,3.9883568,sit_to_stand
15.654834,5.674096,stationary_walk
8.531965,-3.9186232,tm_3kmh
6.7791953,12.20922,romberg_closed
8.845,-6.1415277,self_selected_gait_speed
-2.059355,4.2910533,sit_to_stand
14.9223385,4.183969,stationary_walk
8.932613,-6.3775716,tm_3kmh
6.6573977,12.076158,romberg_closed
10.087526,-2.7195253,self_selected_gait_speed
-0.7831043,4.30659,sit_to_stand
17.217314,6.779517,stationary_walk
9.940806,-2.5159807,tm_3kmh
5.856864,11.552449,romberg_closed
9.487659,-2.7189445,self_selected_gait_speed
-1.9945403,5.393841,sit_to_stand
17.111378,6.8142548,stationary_walk
9.27481,-2.9191647,tm_3kmh
9.966048,14.587019,romberg_closed
7.1248403,-6.7322764,self_selected_gait_speed
-0.829964,3.6242857,sit_to_stand
15.007627,3.8545382,stationary_walk
7.2562075,-6.488147,tm_3kmh
8.635901,15.040133,romberg_closed
6.9460597,-4.6396246,self_selected_gait_speed
-1.0538143,5.3536234,sit_to_stand
16.234453,4.329274,stationary_walk
7.5403843,-4.8651447,tm_3kmh
8.906574,14.564529,romberg_closed
7.615163,-3.8087075,self_selected_gait_speed
-0.4031819,5.1549926,sit_to_stand
13.782799,4.3441844,stationary_walk
6.8363137,-4.537626,tm_3kmh
10.121975,14.26914,romberg_closed
6.9387197,-4.3752704,self_selected_gait_speed
-2.884473,4.743313,sit_to_stand
15.705287,3.7324975,stationary_walk
6.6568937,-3.7162719,tm_3kmh
7.872261,14.080354,romberg_closed
6.652804,-5.2031527,self_selected_gait_speed
-2.3656106,4.295766,sit_to_stand
16.54169,4.773889,stationary_walk
6.565334,-5.3071733,tm_3kmh
9.730636,14.698794,romberg_closed
7.828594,-6.0211287,self_selected_gait_speed
-1.1409303,5.4285955,sit_to_stand
15.29554,3.8846903,stationary_walk
7.9361844,-6.188433,tm_3kmh
5.805191,11.45077,romberg_closed
9.521872,-4.3999815,self_selected_gait_speed
-2.5295832,3.4045336,sit_to_stand
16.508705,6.0294495,stationary_walk
9.256857,-4.613106,tm_3kmh
10.3451,14.974491,romberg_closed
5.628709,-1.8125783,self_selected_gait_speed
-0.21676785,5.5536,sit_to_stand
15.595692,4.320233,stationary_walk
5.4997363,-1.6740799,tm_3kmh
8.4554615,14.531741,romberg_closed
7.0449853,-4.648018,self_selected_gait_speed
-1.9302057,4.662945,sit_to_stand
16.578966,3.6942217,stationary_walk
6.926926,-4.584493,tm_3kmh
9.742575,13.119016,romberg_closed
6.8459377,-2.8709316,self_selected_gait_speed
-0.6911195,4.763248,sit_to_stand
13.817261,4.933551,stationary_walk
6.776574,-2.724049,tm_3kmh
8.973635,14.671847,romberg_closed
-1.4737544,4.325648,sit_to_stand
17.12176,4.958259,stationary_walk
8.828658,13.059865,romberg_closed
6.679798,-5.5210056,self_selected_gait_speed
-0.83485204,5.8200827,sit_to_stand
15.5506115,4.721838,stationary_walk
6.4512076,-5.898539,tm_3kmh
8.714121,14.799351,romberg_closed
8.544394,-5.1495357,self_selected_gait_speed
-3.391568,4.4327116,sit_to_stand
16.478077,5.2981396,stationary_walk
8.316329,-5.044727,tm_3kmh
7.236248,13.134996,romberg_closed
-0.93277144,4.9117875,sit_to_stand
16.657347,5.967082,stationary_walk
10.750252,13.864061,romberg_closed
6.221623,-5.384169,self_selected_gait_speed
-2.379916,5.801014,sit_to_stand
16.161901,4.483433,stationary_walk
5.9602237,-5.4891696,tm_3kmh
7.9314165,14.356696,romberg_closed
8.8662615,-5.3309197,self_selected_gait_speed
-3.0808346,5.307185,sit_to_stand
13.742408,4.415262,stationary_walk
9.1887,-4.862081,tm_3kmh
6.431625,13.783421,romberg_closed
7.147163,-2.7350678,self_selected_gait_speed
-2.9299893,5.2554784,sit_to_stand
16.332832,6.230884,stationary_walk
7.0079403,-2.8279486,tm_3kmh
9.350352,13.022506,romberg_closed
9.410366,-4.4346976,self_selected_gait_speed
0.0744223,4.273186,sit_to_stand
15.505941,5.8484077,stationary_walk
9.399036,-4.4593945,tm_3kmh
5.745211,11.772534,romberg_closed
9.112102,-2.7397888,self_selected_gait_speed
-2.9801583,3.6419482,sit_to_stand
17.028488,6.1211476,stationary_walk
8.855307,-2.6754916,tm_3kmh
9.544163,14.975594,romberg_closed
7.5529027,-6.999576,self_selected_gait_speed
0.093297526,4.9197764,sit_to_stand
15.0096445,3.610668,stationary_walk
7.607577,-7.084449,tm_3kmh
8.1258,14.549328,romberg_closed
8.968318,-4.920613,self_selected_gait_speed
-2.5981016,5.9910183,sit_to_stand
16.959772,4.720355,stationary_walk
8.737411,-5.0369005,tm_3kmh
8.929763,13.33094,romberg_closed
7.2288094,-6.448313,self_selected_gait_speed
-1.9573467,5.1636305,sit_to_stand
14.44109,5.4218464,stationary_walk
7.120624,-6.508803,tm_3kmh
7.3837175,14.77501,romberg_closed
7.9821634,-4.12972,self_selected_gait_speed
-1.2350013,4.494256,sit_to_stand
13.66095,4.3601675,stationary_walk
7.9453616,-4.2259674,tm_3kmh
8.894787,13.932443,romberg_closed
4.814719,-3.050013,self_selected_gait_speed
-1.4511522,4.937185,sit_to_stand
14.917145,3.7917445,stationary_walk
6.772204,13.297831,romberg_closed
6.484474,-1.4754411,self_selected_gait_speed
-2.2281044,5.1153593,sit_to_stand
17.139723,6.464928,stationary_walk
6.7161703,-1.4620669,tm_3kmh
8.899259,13.503442,romberg_closed
8.883067,-5.37575,self_selected_gait_speed
-0.19005948,4.308036,sit_to_stand
17.023434,5.3201084,stationary_walk
8.72907,-5.2632313,tm_3kmh
6.3737803,13.636448,romberg_closed
6.5421615,-1.3594217,self_selected_gait_speed
-3.60477,4.9798303,sit_to_stand
17.732113,6.325159,stationary_walk
6.69048,-1.4152534,tm_3kmh
7.7096515,14.020328,romberg_closed
6.0621533,-3.5597758,self_selected_gait_speed
-1.3308755,4.305396,sit_to_stand
16.501606,3.8632247,stationary_walk
6.1150603,-3.382053,tm_3kmh
10.027013,14.819324,romberg_closed
7.221033,-6.272542,self_selected_gait_speed
-0.40494964,5.109974,sit_to_stand
13.646457,4.4424305,stationary_walk
7.8232903,-6.162496,tm_3kmh
9.500095,14.892001,romberg_closed
7.4249463,-5.8764105,self_selected_gait_speed
-1.2564942,5.135462,sit_to_stand
15.756212,3.415933,stationary_walk
7.457222,-5.879183,tm_3kmh
6.3517213,13.425246,romberg_closed
7.2907963,-6.3128247,self_selected_gait_speed
-2.0055227,3.643967,sit_to_stand
15.230824,4.1174927,stationary_walk
6.951876,-6.55935,tm_3kmh
10.21039,14.001696,romberg_closed
6.8918185,-5.622185,self_selected_gait_speed
-1.5387046,5.510098,sit_to_stand
15.788995,3.4771857,stationary_walk
7.0931034,-5.4594107,tm_3kmh
6.665735,14.670612,romberg_closed
7.092491,-3.382438,self_selected_gait_speed
-1.7346035,5.0079827,sit_to_stand
17.22099,5.154639,stationary_walk
7.1753345,-3.3450866,tm_3kmh
10.287732,14.403346,romberg_closed
8.365195,-5.6983113,self_selected_gait_speed
0.23233691,4.4138675,sit_to_stand
15.028182,4.986211,stationary_walk
7.6865425,-5.51276,tm_3kmh
8.344427,13.74211,romberg_closed
8.038962,-4.2066383,self_selected_gait_speed
-2.0083456,4.9329386,sit_to_stand
16.369448,4.5237412,stationary_walk
7.175924,-3.9828794,tm_3kmh
7.8611894,13.940931,romberg_closed
7.4630117,-4.381494,self_selected_gait_speed
-2.4336479,4.3426766,sit_to_stand
16.171005,4.7441444,stationary_walk
6.282181,-5.558862,tm_3kmh
7.517053,12.949023,romberg_closed
5.7456465,-3.4022834,self_selected_gait_speed
-2.5476184,3.6092062,sit_to_stand
15.53076,5.7105393,stationary_walk
7.1964817,-3.1032047,tm_3kmh
9.710309,14.777137,romberg_closed
8.470101,-5.7274494,self_selected_gait_speed
-1.2722012,4.5624824,sit_to_stand
15.836833,3.7776923,stationary_walk
8.462682,-5.7419868,tm_3kmh
9.768247,14.687449,romberg_closed
7.4226294,-6.612533,self_selected_gait_speed
-1.0265945,5.4354734,sit_to_stand
15.243152,3.381398,stationary_walk
7.356103,-6.612082,tm_3kmh
7.0847754,14.745435,romberg_closed
7.4499283,-5.4092865,self_selected_gait_speed
-1.9536642,4.6579037,sit_to_stand
16.161697,4.444087,stationary_walk
7.5387573,-5.641836,tm_3kmh
9.864342,13.502336,romberg_closed
-0.3630015,3.07196,sit_to_stand
14.656433,4.74261,stationary_walk
10.718914,14.830255,romberg_closed
7.561034,-5.576279,self_selected_gait_speed
-1.613383,4.607324,sit_to_stand
16.145254,3.9623957,stationary_walk
6.9442277,-5.722078,tm_3kmh
10.09397,13.6687565,romberg_closed
7.8659616,-5.493353,self_selected_gait_speed
-0.46330705,4.4211473,sit_to_stand
14.768721,5.01996,stationary_walk
7.7452445,-5.4785247,tm_3kmh
7.492034,15.123029,romberg_closed
6.9312325,-6.2386804,self_selected_gait_speed
-1.53834,4.7620935,sit_to_stand
16.72791,3.8019927,stationary_walk
7.067776,-6.2967777,tm_3kmh
10.368868,14.79849,romberg_closed
6.638842,-6.475145,self_selected_gait_speed
-1.8197572,4.560062,sit_to_stand
16.147617,3.3774498,stationary_walk
6.4399605,-6.370808,tm_3kmh
7.277938,14.038636,romberg_closed
8.073131,-2.83288,self_selected_gait_speed
0.14790559,4.6277375,sit_to_stand
16.473696,6.1691422,stationary_walk
7.7013807,-2.6083562,tm_3kmh
6.6172853,13.362998,romberg_closed
9.233507,-3.827604,self_selected_gait_speed
-2.47593,4.298213,sit_to_stand
15.692374,6.458489,stationary_walk
9.245661,-3.9366984,tm_3kmh
4.95802,11.184173,romberg_closed
7.7005267,-4.016804,self_selected_gait_speed
-2.0833583,5.446701,sit_to_stand
17.518137,6.2423096,stationary_walk
7.5589013,-3.714442,tm_3kmh
9.020431,14.500196,romberg_closed
8.637973,-6.237518,self_selected_gait_speed
-3.4839368,5.32877,sit_to_stand
17.25503,4.9704814,stationary_walk
8.541157,-6.3823442,tm_3kmh
8.163859,15.311375,romberg_closed
6.725401,-5.223815,self_selected_gait_speed
0.24841931,3.8609672,sit_to_stand
16.298191,3.3896961,stationary_walk
7.02222,-5.227956,tm_3kmh
8.656829,13.825688,romberg_closed
6.019019,-3.3734393,self_selected_gait_speed
0.022822073,5.5083966,sit_to_stand
17.037754,4.6807775,stationary_walk
5.896862,-3.4231265,tm_3kmh
8.117639,13.188156,romberg_closed
8.799034,-4.203618,self_selected_gait_speed
-0.892586,4.3577757,sit_to_stand
13.9042,4.309025,stationary_walk
9.045176,-4.21037,tm_3kmh
5.540695,11.311102,romberg_closed
9.369737,-1.9245251,self_selected_gait_speed
-2.4414554,5.8639617,sit_to_stand
16.231642,5.753697,stationary_walk
9.26089,-2.072033,tm_3kmh
9.226785,14.003282,romberg_closed
5.6775045,-4.481695,self_selected_gait_speed
-2.0068386,4.377916,sit_to_stand
14.378337,5.145359,stationary_walk
5.7084994,-4.5454206,tm_3kmh
5.8125434,12.277088,romberg_closed
8.530059,-5.5953,self_selected_gait_speed
-1.4303951,4.8469,sit_to_stand
16.412107,6.443786,stationary_walk
8.483087,-5.6355615,tm_3kmh
8.268161,15.167936,romberg_closed
8.294326,-5.7451363,self_selected_gait_speed
-0.16260609,4.8161025,sit_to_stand
17.116238,4.565461,stationary_walk
7.948286,-5.6748414,tm_3kmh
8.087574,13.74762,romberg_closed
7.7515798,-5.3694944,self_selected_gait_speed
-2.9485471,4.1940503,sit_to_stand
13.849241,4.56431,stationary_walk
7.886471,-5.0075903,tm_3kmh
7.0320525,14.673096,romberg_closed
8.827101,-2.2808635,self_selected_gait_speed
-1.9289521,6.1956463,sit_to_stand
17.745275,5.520818,stationary_walk
8.708584,-2.3210561,tm_3kmh
7.4926915,14.728378,romberg_closed
7.501924,-3.6736956,self_selected_gait_speed
-0.47890243,4.107031,sit_to_stand
17.281002,4.727822,stationary_walk
7.888613,-3.1525028,tm_3kmh
6.7886777,13.998637,romberg_closed
8.475284,-5.815617,self_selected_gait_speed
0.25768483,3.826512,sit_to_stand
16.6871,5.133942,stationary_walk
8.526624,-5.575284,tm_3kmh
8.989959,14.022936,romberg_closed
8.2460375,-3.7687976,self_selected_gait_speed
-0.8626414,5.9276094,sit_to_stand
16.728607,4.283962,stationary_walk
8.0804205,-3.6030366,tm_3kmh
7.9237337,13.123525,romberg_closed
7.4701834,-3.3147776,self_selected_gait_speed
-2.0873227,3.9823859,sit_to_stand
17.028149,6.176996,stationary_walk
8.16101,-2.8553722,tm_3kmh
6.7089133,13.345,romberg_closed
6.7293916,-3.5712373,self_selected_gait_speed
-0.13923313,4.1546583,sit_to_stand
16.731321,4.9984884,stationary_walk
6.761745,-3.6814604,tm_3kmh
9.380314,14.0696535,romberg_closed
8.580442,-6.4467883,self_selected_gait_speed
0.3452256,3.9641926,sit_to_stand
14.024728,4.589768,stationary_walk
8.466353,-6.0215654,tm_3kmh
7.36848,14.963294,romberg_closed
6.3939614,-3.1977265,self_selected_gait_speed
-2.2059271,6.017672,sit_to_stand
16.759676,5.68765,stationary_walk
6.3862963,-3.1361074,tm_3kmh
8.377563,15.441452,romberg_closed
6.674729,-5.8179984,self_selected_gait_speed
-1.982336,4.588592,sit_to_stand
15.964279,4.37825,stationary_walk
6.441226,-5.8306794,tm_3kmh
7.52222,14.318478,romberg_closed
7.7959256,-4.598489,self_selected_gait_speed
-1.1837312,5.430891,sit_to_stand
16.588207,5.8548822,stationary_walk
7.5705314,-4.531026,tm_3kmh
11.270085,14.923982,romberg_closed
8.010019,-6.416286,self_selected_gait_speed
0.31606406,4.82037,sit_to_stand
16.206917,3.2179365,stationary_walk
7.909165,-6.519301,tm_3kmh
6.871561,12.1994705,romberg_closed
7.0643277,-5.439823,self_selected_gait_speed
-3.2038338,4.2004857,sit_to_stand
16.102999,5.02641,stationary_walk
7.2432613,-5.606883,tm_3kmh
10.288196,14.257031,romberg_closed
6.3250895,-6.0885878,self_selected_gait_speed
-1.2703131,4.467963,sit_to_stand
15.979618,3.8969266,stationary_walk
6.27473,-6.1923337,tm_3kmh
7.440327,14.406419,romberg_closed
7.8927016,-4.016095,self_selected_gait_speed
-0.92905426,5.7033396,sit_to_stand
16.475883,4.606453,stationary_walk
8.147747,-4.475319,tm_3kmh
9.147606,13.9805355,romberg_closed
8.743487,-5.127812,self_selected_gait_speed
-1.6986679,3.2995427,sit_to_stand
14.406398,5.00792,stationary_walk
8.902605,-4.8806725,tm_3kmh
6.4983892,11.696974,romberg_closed
9.182431,-4.1049085,self_selected_gait_speed
-1.5948734,4.2983036,sit_to_stand
16.100447,5.5333056,stationary_walk
9.003787,-4.5126276,tm_3kmh
6.818681,13.868051,romberg_closed
4.800872,-3.3316271,self_selected_gait_speed
-1.3475038,3.574633,sit_to_stand
15.100025,4.1165533,stationary_walk
7.2416887,13.711858,romberg_closed
6.381218,-5.0615497,self_selected_gait_speed
-1.6946433,5.5779524,sit_to_stand
16.226068,5.198755,stationary_walk
6.1528964,-5.1305604,tm_3kmh
6.6206117,12.266555,romberg_closed
8.857753,-3.0235972,self_selected_gait_speed
-2.0001574,5.792573,sit_to_stand
16.969141,6.512545,stationary_walk
8.134445,-3.1369214,tm_3kmh
8.786968,14.932957,romberg_closed
6.4347725,-2.5899236,self_selected_gait_speed
-3.3643584,5.3268642,sit_to_stand
17.743364,5.8680654,stationary_walk
6.6830125,-2.321562,tm_3kmh
5.2956643,11.124511,romberg_closed
-2.2117112,3.070459,sit_to_stand
14.728924,5.938806,stationary_walk
6.032526,11.592717,romberg_closed
9.649662,-3.3953896,self_selected_gait_speed
-2.2755203,4.036114,sit_to_stand
16.622557,6.7407503,stationary_walk
9.606972,-3.5708551,tm_3kmh
6.679863,12.269652,romberg_closed
7.796526,-4.6337667,self_selected_gait_speed
-2.2242591,5.067932,sit_to_stand
16.168419,5.076277,stationary_walk
8.176084,-4.7612915,tm_3kmh
10.957029,14.363167,romberg_closed
5.664017,-4.333749,self_selected_gait_speed
-1.04052,4.621965,sit_to_stand
14.478245,3.7298484,stationary_walk
5.792242,-4.234883,tm_3kmh
9.518979,13.61463,romberg_closed
5.7004485,-4.706898,self_selected_gait_speed
-1.5234737,4.5677133,sit_to_stand
15.714237,4.689904,stationary_walk
5.568479,-4.8081656,tm_3kmh
9.96811,14.009814,romberg_closed
5.534104,-5.042144,self_selected_gait_speed
-0.75855273,3.844785,sit_to_stand
15.866205,4.331343,stationary_walk
6.438794,13.787774,romberg_closed
6.7348905,-3.880576,self_selected_gait_speed
-3.080829,4.3909335,sit_to_stand
16.492746,5.916147,stationary_walk
6.759788,-3.9345684,tm_3kmh
9.712604,15.16661,romberg_closed
6.1076565,-3.5347059,self_selected_gait_speed
-1.9327182,4.8620176,sit_to_stand
14.107847,4.082953,stationary_walk
6.1572704,-3.4870694,tm_3kmh
7.0080934,14.056741,romberg_closed
7.949976,-5.164669,self_selected_gait_speed
-1.0184013,5.883481,sit_to_stand
17.059124,4.1600184,stationary_walk
8.414654,-5.2871594,tm_3kmh
8.536604,14.186367,romberg_closed
6.20577,-4.483373,self_selected_gait_speed
-2.5141594,4.211195,sit_to_stand
17.137335,5.344547,stationary_walk
6.326213,-4.477958,tm_3kmh
7.1131797,12.956508,romberg_closed
8.686648,-4.025537,self_selected_gait_speed
-2.7726834,4.444875,sit_to_stand
16.507187,5.2213144,stationary_walk
8.914904,-3.630258,tm_3kmh
9.311644,15.180821,romberg_closed
6.736102,-4.445095,self_selected_gait_speed
-0.7821132,4.727444,sit_to_stand
15.623373,3.5648723,stationary_walk
7.0167775,-4.623227,tm_3kmh
11.207149,14.49696,romberg_closed
8.005753,-6.468828,self_selected_gait_speed
-1.9055138,4.655454,sit_to_stand
14.648507,3.7498174,stationary_walk
7.8381114,-6.5251966,tm_3kmh
10.179938,13.454307,romberg_closed
6.9527845,-6.4216614,self_selected_gait_speed
-0.48395512,3.7793052,sit_to_stand
14.59566,4.941753,stationary_walk
6.648813,-6.268106,tm_3kmh
6.1051197,11.828607,romberg_closed
9.266992,-2.098846,self_selected_gait_speed
-3.3318682,4.080569,sit_to_stand
16.89094,6.583745,stationary_walk
9.224322,-2.220353,tm_3kmh
6.51012,14.475049,romberg_closed
8.638043,-4.314371,self_selected_gait_speed
-2.5855243,5.40681,sit_to_stand
16.510883,4.1690555,stationary_walk
7.752007,-4.5048695,tm_3kmh
7.500886,14.484261,romberg_closed
8.562486,-3.4087694,self_selected_gait_speed
-2.1401274,5.7119484,sit_to_stand
16.67054,5.6601,stationary_walk
8.081935,-3.7098432,tm_3kmh
7.9181676,-2.937199,self_selected_gait_speed
-2.4253228,3.9747994,sit_to_stand
16.788006,5.758767,stationary_walk
7.918866,-2.9364145,tm_3kmh
8.339207,13.246213,romberg_closed
7.0003204,-5.435489,self_selected_gait_speed
-3.121986,4.4279313,sit_to_stand
16.23565,5.758225,stationary_walk
6.891858,-5.4951,tm_3kmh
6.472846,14.081167,romberg_closed
7.335108,-4.363319,self_selected_gait_speed
-1.9650697,4.192676,sit_to_stand
16.785236,5.164156,stationary_walk
7.3686433,-4.3641725,tm_3kmh
8.873517,15.258115,romberg_closed
7.297172,-6.077694,self_selected_gait_speed
-0.14377093,5.2834797,sit_to_stand
16.353409,3.7935195,stationary_walk
7.242713,-6.030402,tm_3kmh
11.260536,14.500835,romberg_closed
8.325555,-5.759803,self_selected_gait_speed
-0.26090333,3.1230912,sit_to_stand
15.558479,4.1477494,stationary_walk
8.252278,-6.1563563,tm_3kmh
11.351728,14.305109,romberg_closed
8.979183,-5.5057073,self_selected_gait_speed
-0.6929192,3.1730025,sit_to_stand
14.91348,4.110383,stationary_walk
9.015028,-5.74322,tm_3kmh
5.7216396,11.354572,romberg_closed
8.368276,-3.1781585,self_selected_gait_speed
-2.9464667,3.4981215,sit_to_stand
17.400867,6.7936573,stationary_walk
8.458371,-3.3171453,tm_3kmh
7.5786295,13.140647,romberg_closed
6.836931,-5.2949004,self_selected_gait_speed
-1.0136408,3.6116097,sit_to_stand
15.060154,5.597149,stationary_walk
5.6358013,-3.682796,tm_3kmh
6.030109,13.946614,romberg_closed
6.863702,-2.7984993,self_selected_gait_speed
-1.0122145,4.3025093,sit_to_stand
17.601341,5.376323,stationary_walk
6.6538525,-2.6956432,tm_3kmh
8.087538,14.861226,romberg_closed
7.3052917,-4.629716,self_selected_gait_speed
-1.5390456,5.0329523,sit_to_stand
16.723011,4.541322,stationary_walk
6.9630117,-4.708788,tm_3kmh
6.180623,12.480575,romberg_closed
8.230885,-3.7322652,self_selected_gait_speed
-2.3071039,3.9035585,sit_to_stand
15.417178,5.4468536,stationary_walk
7.9126654,-3.6667507,tm_3kmh
9.606797,13.953667,romberg_closed
5.954589,-5.2203193,self_selected_gait_speed
-2.460026,3.6606865,sit_to_stand
15.753484,4.975875,stationary_walk
6.19064,-5.419897,tm_3kmh
5.018937,11.02242,romberg_closed
9.78374,-2.526185,self_selected_gait_speed
-3.5971272,4.020525,sit_to_stand
16.59,6.9066043,stationary_walk
9.803378,-2.5318573,tm_3kmh
7.468876,14.638155,romberg_closed
6.475917,-3.8040044,self_selected_gait_speed
-2.2525299,4.894322,sit_to_stand
15.902204,4.4427814,stationary_walk
5.7345424,-4.3245206,tm_3kmh
8.311474,14.431061,romberg_closed
9.900544,-3.4002228,self_selected_gait_speed
-2.117578,4.975912,sit_to_stand
15.221068,4.6800447,stationary_walk
9.907381,-3.9099267,tm_3kmh
8.373195,12.674711,romberg_closed
4.631676,-2.9633558,self_selected_gait_speed
-0.5342685,3.9660485,sit_to_stand
14.698238,5.553829,stationary_walk
8.0592785,14.792635,romberg_closed
7.6407714,-2.982361,self_selected_gait_speed
-3.616843,5.0705886,sit_to_stand
17.069262,5.361443,stationary_walk
8.066173,-4.6690755,tm_3kmh
5.983781,12.728944,romberg_closed
8.105556,-4.7582607,self_selected_gait_speed
-2.1223636,5.1234994,sit_to_stand
16.511402,6.526748,stationary_walk
8.020452,-4.7262034,tm_3kmh
8.010841,13.323331,romberg_closed
6.6814213,-2.819511,self_selected_gait_speed
-0.8868002,3.7875981,sit_to_stand
16.457256,5.343884,stationary_walk
6.387347,-3.0573106,tm_3kmh
9.212197,12.836125,romberg_closed
9.298032,-3.7736444,self_selected_gait_speed
-1.4782239,2.8295536,sit_to_stand
14.747338,6.261365,stationary_walk
9.325504,-3.731294,tm_3kmh
8.763373,13.7666,romberg_closed
8.492185,-4.9859457,self_selected_gait_speed
-1.9783419,5.7769794,sit_to_stand
16.446518,4.5864935,stationary_walk
8.335493,-4.774511,tm_3kmh
9.879527,14.309521,romberg_closed
8.159718,-5.9312863,self_selected_gait_speed
0.12122682,3.8850307,sit_to_stand
13.608338,4.5728188,stationary_walk
7.943283,-5.886386,tm_3kmh
7.0596104,13.251122,romberg_closed
6.3552866,-5.9612284,self_selected_gait_speed
-1.3040264,3.377951,sit_to_stand
15.092235,4.757204,stationary_walk
6.5478516,-6.084065,tm_3kmh
7.9609833,14.044035,romberg_closed
7.078628,-6.5995226,self_selected_gait_speed
-2.3376715,4.6963606,sit_to_stand
16.203217,3.9440153,stationary_walk
7.0623665,-6.8182034,tm_3kmh
5.8813105,12.40134,romberg_closed
10.080028,-3.9214876,self_selected_gait_speed
-3.6632767,4.247362,sit_to_stand
16.84557,6.9629555,stationary_walk
9.970608,-3.8075387,tm_3kmh
7.06027,14.482287,romberg_closed
6.5200815,-3.1126506,self_selected_gait_speed
-1.938363,3.7360897,sit_to_stand
17.428854,5.8264666,stationary_walk
5.371007,-3.195019,tm_3kmh
5.871851,11.762638,romberg_closed
8.40591,-2.503694,self_selected_gait_speed
-0.7851456,4.044618,sit_to_stand
16.78261,6.938202,stationary_walk
8.291714,-2.3695788,tm_3kmh
6.601503,13.983899,romberg_closed
7.6440806,-2.7910757,self_selected_gait_speed
-2.3484707,5.1092753,sit_to_stand
17.173754,5.830737,stationary_walk
7.749749,-2.641804,tm_3kmh
6.2285995,13.211473,romberg_closed
8.67465,-4.4944468,self_selected_gait_speed
-2.0583107,5.226395,sit_to_stand
14.383639,4.6671963,stationary_walk
8.687118,-4.492369,tm_3kmh
6.7279363,12.025837,romberg_closed
7.4458647,-3.5305367,self_selected_gait_speed
-2.319429,4.1182055,sit_to_stand
16.72093,4.8623967,stationary_walk
7.410084,-3.5255296,tm_3kmh
6.053938,14.0623865,romberg_closed
7.7628465,-6.199666,self_selected_gait_speed
-0.42220452,4.87182,sit_to_stand
16.524557,4.2357388,stationary_walk
7.6081443,-6.013349,tm_3kmh
8.492726,13.808551,romberg_closed
5.698383,-4.320801,self_selected_gait_speed
-2.4073803,4.0072346,sit_to_stand
15.582654,4.8900514,stationary_walk
5.771222,-4.419587,tm_3kmh
9.164571,13.730197,romberg_closed
7.719585,-6.4621916,self_selected_gait_speed
-2.5530393,4.608543,sit_to_stand
15.505975,5.0728736,stationary_walk
7.8806205,-6.2224855,tm_3kmh
9.968043,13.867451,romberg_closed
5.3681617,-5.3543944,self_selected_gait_speed
-0.58633626,4.421691,sit_to_stand
15.498351,4.3099656,stationary_walk
5.402108,-5.2455463,tm_3kmh
10.032523,14.83823,romberg_closed
8.176139,-3.0737078,self_selected_gait_speed
-2.4994295,5.7929263,sit_to_stand
16.374136,3.774811,stationary_walk
8.060368,-3.0218577,tm_3kmh
5.6489506,11.824153,romberg_closed
9.555831,-3.4304087,self_selected_gait_speed
-2.9363008,3.6857686,sit_to_stand
16.746702,6.0971723,stationary_walk
9.235224,-3.0614893,tm_3kmh
7.0433745,14.823991,romberg_closed
6.7352843,-4.158762,self_selected_gait_speed
-1.3110384,5.190113,sit_to_stand
16.44615,3.7433715,stationary_walk
6.7976117,-4.0283117,tm_3kmh
9.390068,13.521246,romberg_closed
7.0628996,-4.489058,self_selected_gait_speed
-2.273278,5.7850404,sit_to_stand
15.338942,4.230546,stationary_walk
7.315663,-5.245328,tm_3kmh
8.052202,14.087003,romberg_closed
7.395766,-3.7297308,self_selected_gait_speed
-2.2491488,5.7303467,sit_to_stand
16.140245,5.7302246,stationary_walk
8.179629,-3.117695,tm_3kmh
6.626142,12.075601,romberg_closed
9.051106,-5.2885933,self_selected_gait_speed
-1.8107823,3.5960083,sit_to_stand
16.348475,6.0362034,stationary_walk
9.223155,-5.2347417,tm_3kmh
7.2148275,13.921962,romberg_closed
9.151484,-3.5852547,self_selected_gait_speed
-0.9986551,4.476991,sit_to_stand
15.926413,6.499904,stationary_walk
8.836725,-3.7966886,tm_3kmh
7.994245,13.315849,romberg_closed
7.669624,-5.998822,self_selected_gait_speed
-1.0584253,4.281299,sit_to_stand
15.247191,4.6110578,stationary_walk
9.114575,15.033811,romberg_closed
7.1286745,-6.3875113,self_selected_gait_speed
-2.741605,5.436361,sit_to_stand
16.160088,3.285876,stationary_walk
7.1382008,-6.500605,tm_3kmh
7.996301,14.917654,romberg_closed
7.526779,-4.3444777,self_selected_gait_speed
-1.9065583,4.790109,sit_to_stand
16.541534,5.580602,stationary_walk
7.2997365,-4.4612355,tm_3kmh
6.7046604,12.219755,romberg_closed
8.814125,-3.8773527,self_selected_gait_speed
-2.1460457,4.6451044,sit_to_stand
15.657086,3.89811,stationary_walk
8.68779,-3.7417736,tm_3kmh
8.799451,14.358905,romberg_closed
7.2214427,-6.2598004,self_selected_gait_speed
-1.3086702,4.4518876,sit_to_stand
16.170345,3.8197381,stationary_walk
7.5114684,-6.2863045,tm_3kmh
10.45822,14.781377,romberg_closed
7.2139354,-6.4203634,self_selected_gait_speed
-1.9623239,4.731818,sit_to_stand
15.765762,4.301686,stationary_walk
7.5749493,-6.703958,tm_3kmh
6.7539754,14.656976,romberg_closed
8.484664,-4.504575,self_selected_gait_speed
-1.7098327,3.497028,sit_to_stand
15.627458,5.063973,stationary_walk
8.369486,-4.33907,tm_3kmh
6.282968,13.491134,romberg_closed
7.405632,-4.0204372,self_selected_gait_speed
-0.26610744,4.6442947,sit_to_stand
17.6652,5.865606,stationary_walk
7.4388237,-3.7248678,tm_3kmh
6.81912,12.077863,romberg_closed
9.137698,-2.7078857,self_selected_gait_speed
-3.6214604,4.131246,sit_to_stand
16.642162,6.396156,stationary_walk
9.453074,-2.7084556,tm_3kmh
7.386915,13.832978,romberg_closed
8.33919,-4.9722757,self_selected_gait_speed
-3.4172313,4.4400077,sit_to_stand
16.151896,5.429477,stationary_walk
8.73195,-4.9156647,tm_3kmh
9.848765,13.577661,romberg_closed
6.5443306,-3.7291896,self_selected_gait_speed
-1.1026417,4.0431604,sit_to_stand
14.563522,4.6954403,stationary_walk
6.579313,-3.6436121,tm_3kmh
6.2240267,11.680223,romberg_closed
7.488519,-4.602352,self_selected_gait_speed
0.40110803,4.8541317,sit_to_stand
16.656437,4.929758,stationary_walk
7.3117185,-4.3519783,tm_3kmh
7.8328648,13.749397,romberg_closed
7.5809975,-3.3676255,self_selected_gait_speed
-0.5622004,4.0739574,sit_to_stand
14.029983,4.352006,stationary_walk
7.0139003,-3.6803637,tm_3kmh
6.5638514,12.177958,romberg_closed
8.771467,-3.6362188,self_selected_gait_speed
-1.7568774,4.6213193,sit_to_stand
16.181786,6.1933517,stationary_walk
8.659386,-3.699279,tm_3kmh
5.4979954,11.424253,romberg_closed
-3.260425,4.042254,sit_to_stand
17.305798,6.732865,stationary_walk
7.6922054,13.989204,romberg_closed
7.0865145,-6.529237,self_selected_gait_speed
-2.0132823,5.4467196,sit_to_stand
16.262665,3.8206022,stationary_walk
6.6648526,-6.329997,tm_3kmh
5.9607844,13.694558,romberg_closed
7.7998004,-2.728999,self_selected_gait_speed
-2.1172485,4.8953204,sit_to_stand
17.605038,6.2809143,stationary_walk
8.297085,-2.727453,tm_3kmh
10.9458475,14.290822,romberg_closed
6.27343,-1.0726455,self_selected_gait_speed
-1.6813053,3.5520778,sit_to_stand
15.61048,4.171123,stationary_walk
6.2210975,-1.0160129,tm_3kmh
9.440879,15.040147,romberg_closed
7.9985137,-5.170111,self_selected_gait_speed
-0.9249484,5.0728464,sit_to_stand
14.83281,3.8290544,stationary_walk
7.8305125,-5.555428,tm_3kmh
9.301048,13.679432,romberg_closed
6.2460847,-4.8315153,self_selected_gait_speed
-1.8616186,3.809447,sit_to_stand
15.882437,5.3895245,stationary_walk
6.099226,-4.156929,tm_3kmh
8.73462,13.942573,romberg_closed
7.8603973,-4.8382597,self_selected_gait_speed
-2.2986252,5.54943,sit_to_stand
15.275167,5.674124,stationary_walk
7.749712,-4.9797883,tm_3kmh
10.373954,14.024229,romberg_closed
8.122753,-5.165653,self_selected_gait_speed
-0.25057164,4.4813395,sit_to_stand
14.780611,4.1124005,stationary_walk
7.8019767,-5.1967683,tm_3kmh
5.955587,13.860501,romberg_closed
7.062384,-1.5749378,self_selected_gait_speed
-3.4944744,4.1182775,sit_to_stand
17.804022,6.1425877,stationary_walk
7.1888475,-1.5828257,tm_3kmh
6.892974,13.67469,romberg_closed
8.298477,-5.331877,self_selected_gait_speed
-0.39949697,5.2454085,sit_to_stand
15.589613,5.0204315,stationary_walk
5.2268224,-3.3671494,tm_3kmh
8.807093,13.243004,romberg_closed
7.3229184,-2.9945211,self_selected_gait_speed
-1.7095606,3.6094854,sit_to_stand
16.189177,6.2405796,stationary_walk
7.509549,-3.0596943,tm_3kmh
9.222294,15.225205,romberg_closed
5.5317984,-1.7843038,self_selected_gait_speed
-3.1084836,4.902432,sit_to_stand
16.952593,4.853142,stationary_walk
5.5274158,-1.759657,tm_3kmh
9.555825,13.022866,romberg_closed
5.1131215,-3.2713358,self_selected_gait_speed
-0.9480409,3.276131,sit_to_stand
14.564252,5.0838184,stationary_walk
4.861618,-3.1781707,tm_3kmh
6.902568,13.00582,romberg_closed
7.515771,-3.4081898,self_selected_gait_speed
-1.2260615,2.6416173,sit_to_stand
14.872181,5.9867544,stationary_walk
7.6209955,-3.5773716,tm_3kmh
8.614821,13.758682,romberg_closed
5.1266685,-3.2623603,self_selected_gait_speed
-0.91377276,3.7443676,sit_to_stand
16.044783,4.9237084,stationary_walk
5.0924907,-3.3121395,tm_3kmh
10.30897,15.144945,romberg_closed
7.2811413,-6.3272333,self_selected_gait_speed
-2.0109422,3.4820995,sit_to_stand
16.163284,3.5149333,stationary_walk
6.8545904,-6.370904,tm_3kmh
7.766223,14.71836,romberg_closed
7.772907,-3.0191953,self_selected_gait_speed
-2.5275714,5.624164,sit_to_stand
16.695494,4.3625298,stationary_walk
7.4491634,-2.8876874,tm_3kmh
6.170429,11.987139,romberg_closed
6.8099537,-5.9026093,self_selected_gait_speed
-1.3368413,3.3871994,sit_to_stand
15.418481,5.920131,stationary_walk
7.0192385,-5.9207163,tm_3kmh
6.9674845,14.825311,romberg_closed
8.826257,-4.683885,self_selected_gait_speed
-1.491958,4.8158226,sit_to_stand
16.364153,4.555152,stationary_walk
8.706895,-4.8183045,tm_3kmh
6.9645753,12.391581,romberg_closed
8.452745,-5.2879186,self_selected_gait_speed
-3.0069125,4.1635203,sit_to_stand
16.85653,4.156657,stationary_walk
8.130607,-5.567378,tm_3kmh
6.0787034,14.186484,romberg_closed
8.013749,-3.6165276,self_selected_gait_speed
-3.1811125,4.9835534,sit_to_stand
17.78757,5.8573966,stationary_walk
7.716714,-3.505977,tm_3kmh
10.046757,13.69576,romberg_closed
8.563711,-4.680031,self_selected_gait_speed
-0.5416019,4.295971,sit_to_stand
14.871193,4.392499,stationary_walk
8.895741,-4.441177,tm_3kmh
8.475216,14.68514,romberg_closed
8.388544,-3.3795967,self_selected_gait_speed
-2.237691,4.7616706,sit_to_stand
16.813696,4.6870093,stationary_walk
8.07636,-3.5758395,tm_3kmh
9.680195,13.674203,romberg_closed
6.748762,-2.8600829,self_selected_gait_speed
-1.8234388,3.6100254,sit_to_stand
15.70084,4.83443,stationary_walk
6.5771594,-3.0820887,tm_3kmh
8.12035,14.046187,romberg_closed
6.6520157,-5.1741652,self_selected_gait_speed
-1.5000265,4.4432898,sit_to_stand
16.393703,4.363768,stationary_walk
6.779442,-5.1554394,tm_3kmh
8.775817,14.015197,romberg_closed
8.942179,-4.973695,self_selected_gait_speed
-2.7572556,5.6909943,sit_to_stand
17.001524,5.004182,stationary_walk
9.037594,-5.016881,tm_3kmh
5.627574,11.763355,romberg_closed
7.686772,-3.795771,self_selected_gait_speed
-3.2197163,5.595524,sit_to_stand
17.559742,6.208455,stationary_walk
7.4734054,-3.7120943,tm_3kmh
7.927532,14.518698,romberg_closed
8.162039,-2.7316773,self_selected_gait_speed
-1.5380847,3.7353427,sit_to_stand
15.340079,3.9250593,stationary_walk
8.759871,-2.6557913,tm_3kmh
9.143984,14.660655,romberg_closed
7.7879014,-6.013212,self_selected_gait_speed
-0.8725681,5.920056,sit_to_stand
15.660901,3.353102,stationary_walk
7.497796,-5.965137,tm_3kmh
6.4476953,13.51725,romberg_closed
9.411222,-3.4340029,self_selected_gait_speed
-0.6654965,4.0773563,sit_to_stand
16.98733,5.533067,stationary_walk
9.473675,-3.4175324,tm_3kmh
9.555597,14.574147,romberg_closed
6.9870343,-6.80512,self_selected_gait_speed
-0.8704733,5.554331,sit_to_stand
15.924775,3.3420093,stationary_walk
6.943501,-6.6784387,tm_3kmh
10.947516,14.388382,romberg_closed
8.207787,-4.9529243,self_selected_gait_speed
-0.12729788,4.758475,sit_to_stand
14.774302,3.5178063,stationary_walk
7.957436,-4.7943206,tm_3kmh
8.401087,14.60234,romberg_closed
8.667958,-5.050504,self_selected_gait_speed
-1.1852549,5.4251904,sit_to_stand
16.231699,5.6185656,stationary_walk
8.703157,-4.960144,tm_3kmh
10.023794,13.496106,romberg_closed
6.2502856,-5.530794,self_selected_gait_speed
-2.4632392,4.209113,sit_to_stand
15.170553,4.7589936,stationary_walk
6.2172284,-5.6213293,tm_3kmh
8.444752,15.017867,romberg_closed
4.966293,-3.546788,self_selected_gait_speed
-1.716808,4.5790358,sit_to_stand
13.912423,4.2292476,stationary_walk
4.863432,-3.4223106,tm_3kmh
9.453299,13.553957,romberg_closed
7.368345,-6.850594,self_selected_gait_speed
-2.5115514,4.567315,sit_to_stand
14.12824,4.877503,stationary_walk
7.343849,-6.548757,tm_3kmh
9.1438675,13.991002,romberg_closed
6.286744,-0.9102766,self_selected_gait_speed
-0.48631045,4.1799498,sit_to_stand
16.343657,3.5697734,stationary_walk
6.369719,-0.8157763,tm_3kmh
10.282138,15.022938,romberg_closed
8.183157,-6.982711,self_selected_gait_speed
-1.865726,5.420963,sit_to_stand
13.752325,4.4576116,stationary_walk
7.796157,-6.933131,tm_3kmh
9.278735,13.699197,romberg_closed
7.5436296,-2.4936895,self_selected_gait_speed
-2.7876482,4.276718,sit_to_stand
13.657324,4.542307,stationary_walk
7.645895,-2.4238176,tm_3kmh
10.679991,14.907084,romberg_closed
7.6716046,-5.017861,self_selected_gait_speed
-0.69508016,4.5778103,sit_to_stand
16.646145,3.9575458,stationary_walk
7.727028,-5.429716,tm_3kmh
7.5434427,14.725358,romberg_closed
8.063148,-5.3276,self_selected_gait_speed
-3.4227045,4.9422326,sit_to_stand
15.888005,3.8644483,stationary_walk
7.932138,-5.1342373,tm_3kmh
