"Step","26 joints more subjects - loss_3d_pos","26 joints more subjects - loss_3d_pos__MIN","26 joints more subjects - loss_3d_pos__MAX"
"4","0.5297170281410217","0.5297170281410217","0.5297170281410217"
"15","0.537294328212738","0.537294328212738","0.537294328212738"
"18","0.5151083469390869","0.5151083469390869","0.5151083469390869"
"34","0.5038447976112366","0.5038447976112366","0.5038447976112366"
"74","0.19812868535518646","0.19812868535518646","0.19812868535518646"
"115","0.18189609050750732","0.18189609050750732","0.18189609050750732"
"120","0.16096721589565277","0.16096721589565277","0.16096721589565277"
"123","0.1553206443786621","0.1553206443786621","0.1553206443786621"
"125","0.15916164219379425","0.15916164219379425","0.15916164219379425"
"139","0.1683887243270874","0.1683887243270874","0.1683887243270874"
"145","0.15998664498329163","0.15998664498329163","0.15998664498329163"
"149","0.1538507640361786","0.1538507640361786","0.1538507640361786"
"158","0.14938345551490784","0.14938345551490784","0.14938345551490784"
"191","0.11546959728002548","0.11546959728002548","0.11546959728002548"
"203","0.11882854253053665","0.11882854253053665","0.11882854253053665"
"206","0.10557668656110764","0.10557668656110764","0.10557668656110764"
"213","0.11456229537725449","0.11456229537725449","0.11456229537725449"
"221","0.09710853546857834","0.09710853546857834","0.09710853546857834"
"241","0.12154418230056763","0.12154418230056763","0.12154418230056763"
"258","0.10507990419864655","0.10507990419864655","0.10507990419864655"
"259","0.12171877920627594","0.12171877920627594","0.12171877920627594"
"271","0.0938199907541275","0.0938199907541275","0.0938199907541275"
"282","0.09386177361011505","0.09386177361011505","0.09386177361011505"
"305","0.10197880119085312","0.10197880119085312","0.10197880119085312"
"309","0.10723339021205902","0.10723339021205902","0.10723339021205902"
"347","0.10448294878005981","0.10448294878005981","0.10448294878005981"
"353","0.10643685609102249","0.10643685609102249","0.10643685609102249"
"358","0.0969318300485611","0.0969318300485611","0.0969318300485611"
"362","0.09570393711328506","0.09570393711328506","0.09570393711328506"
"387","0.12564265727996826","0.12564265727996826","0.12564265727996826"
"393","0.09563130885362625","0.09563130885362625","0.09563130885362625"
"394","0.09437770396471024","0.09437770396471024","0.09437770396471024"
"407","0.09862704575061798","0.09862704575061798","0.09862704575061798"
"413","0.09177998453378677","0.09177998453378677","0.09177998453378677"
"445","0.0777578204870224","0.0777578204870224","0.0777578204870224"
"459","0.08312562108039856","0.08312562108039856","0.08312562108039856"
"469","0.09331691265106201","0.09331691265106201","0.09331691265106201"
"471","0.08478430658578873","0.08478430658578873","0.08478430658578873"
"483","0.08735290169715881","0.08735290169715881","0.08735290169715881"
"487","0.09769529849290848","0.09769529849290848","0.09769529849290848"
"492","0.06780929863452911","0.06780929863452911","0.06780929863452911"
"503","0.07272785902023315","0.07272785902023315","0.07272785902023315"
"504","0.0955960750579834","0.0955960750579834","0.0955960750579834"
"507","0.08581885695457458","0.08581885695457458","0.08581885695457458"
"522","0.08327491581439972","0.08327491581439972","0.08327491581439972"
"528","0.08344291150569916","0.08344291150569916","0.08344291150569916"
"532","0.07577632367610931","0.07577632367610931","0.07577632367610931"
"543","0.07873764634132385","0.07873764634132385","0.07873764634132385"
"555","0.06977497041225433","0.06977497041225433","0.06977497041225433"
"572","0.07807639241218567","0.07807639241218567","0.07807639241218567"
"579","0.0750877782702446","0.0750877782702446","0.0750877782702446"
"580","0.05985359102487564","0.05985359102487564","0.05985359102487564"
"583","0.061931733042001724","0.061931733042001724","0.061931733042001724"
"591","0.06195027381181717","0.06195027381181717","0.06195027381181717"
"594","0.06260605156421661","0.06260605156421661","0.06260605156421661"
"609","0.05762791261076927","0.05762791261076927","0.05762791261076927"
"616","0.07749050855636597","0.07749050855636597","0.07749050855636597"
"644","0.045960262417793274","0.045960262417793274","0.045960262417793274"
"663","0.0562119334936142","0.0562119334936142","0.0562119334936142"
"668","0.049372151494026184","0.049372151494026184","0.049372151494026184"
"670","0.06461397558450699","0.06461397558450699","0.06461397558450699"
"704","0.055161312222480774","0.055161312222480774","0.055161312222480774"
"711","0.056719668209552765","0.056719668209552765","0.056719668209552765"
"715","0.046779122203588486","0.046779122203588486","0.046779122203588486"
"718","0.06248443201184273","0.06248443201184273","0.06248443201184273"
"723","0.056759294122457504","0.056759294122457504","0.056759294122457504"
"751","0.05603279545903206","0.05603279545903206","0.05603279545903206"
"752","0.06037766486406326","0.06037766486406326","0.06037766486406326"
"755","0.048886097967624664","0.048886097967624664","0.048886097967624664"
"763","0.05439213663339615","0.05439213663339615","0.05439213663339615"
"771","0.052716318517923355","0.052716318517923355","0.052716318517923355"
"796","0.04928022250533104","0.04928022250533104","0.04928022250533104"
"817","0.04724003002047539","0.04724003002047539","0.04724003002047539"
"842","0.05418016016483307","0.05418016016483307","0.05418016016483307"
"844","0.0487557016313076","0.0487557016313076","0.0487557016313076"
"851","0.04946513473987579","0.04946513473987579","0.04946513473987579"
"853","0.05897482857108116","0.05897482857108116","0.05897482857108116"
"870","0.055537547916173935","0.055537547916173935","0.055537547916173935"
"875","0.04725250229239464","0.04725250229239464","0.04725250229239464"
"876","0.046355295926332474","0.046355295926332474","0.046355295926332474"
"881","0.046415701508522034","0.046415701508522034","0.046415701508522034"
"894","0.05249463766813278","0.05249463766813278","0.05249463766813278"
"914","0.05515998229384422","0.05515998229384422","0.05515998229384422"
"951","0.04632682353258133","0.04632682353258133","0.04632682353258133"
"954","0.05959853529930115","0.05959853529930115","0.05959853529930115"
"960","0.04266847297549248","0.04266847297549248","0.04266847297549248"
"982","0.05831284075975418","0.05831284075975418","0.05831284075975418"
"1032","0.054459262639284134","0.054459262639284134","0.054459262639284134"
"1047","0.05905429273843765","0.05905429273843765","0.05905429273843765"
"1051","0.05059364065527916","0.05059364065527916","0.05059364065527916"
"1077","0.04631975293159485","0.04631975293159485","0.04631975293159485"
"1085","0.039314329624176025","0.039314329624176025","0.039314329624176025"
"1111","0.050188470631837845","0.050188470631837845","0.050188470631837845"
"1114","0.05041506886482239","0.05041506886482239","0.05041506886482239"
"1119","0.04973708465695381","0.04973708465695381","0.04973708465695381"
"1121","0.04750324413180351","0.04750324413180351","0.04750324413180351"
"1138","0.04457617551088333","0.04457617551088333","0.04457617551088333"
"1160","0.05180356279015541","0.05180356279015541","0.05180356279015541"
"1167","0.05681162327528","0.05681162327528","0.05681162327528"
"1176","0.05512310937047005","0.05512310937047005","0.05512310937047005"
"1179","0.049597062170505524","0.049597062170505524","0.049597062170505524"
"1188","0.04825345426797867","0.04825345426797867","0.04825345426797867"
"1191","0.044481463730335236","0.044481463730335236","0.044481463730335236"
"1203","0.04614311084151268","0.04614311084151268","0.04614311084151268"
"1205","0.04497423768043518","0.04497423768043518","0.04497423768043518"
"1232","0.043823275715112686","0.043823275715112686","0.043823275715112686"
"1234","0.043119724839925766","0.043119724839925766","0.043119724839925766"
"1249","0.0436587892472744","0.0436587892472744","0.0436587892472744"
"1258","0.041131068021059036","0.041131068021059036","0.041131068021059036"
"1271","0.045032650232315063","0.045032650232315063","0.045032650232315063"
"1278","0.042594943195581436","0.042594943195581436","0.042594943195581436"
"1311","0.03775164112448692","0.03775164112448692","0.03775164112448692"
"1312","0.03960853070020676","0.03960853070020676","0.03960853070020676"
"1315","0.03919709473848343","0.03919709473848343","0.03919709473848343"
"1324","0.03906412422657013","0.03906412422657013","0.03906412422657013"
"1328","0.038827504962682724","0.038827504962682724","0.038827504962682724"
"1336","0.03544306382536888","0.03544306382536888","0.03544306382536888"
"1337","0.05000514164566994","0.05000514164566994","0.05000514164566994"
"1343","0.04152025282382965","0.04152025282382965","0.04152025282382965"
"1355","0.04118771106004715","0.04118771106004715","0.04118771106004715"
"1356","0.036657076328992844","0.036657076328992844","0.036657076328992844"
"1360","0.04865144193172455","0.04865144193172455","0.04865144193172455"
"1368","0.038811564445495605","0.038811564445495605","0.038811564445495605"
"1395","0.048135071992874146","0.048135071992874146","0.048135071992874146"
"1404","0.040242839604616165","0.040242839604616165","0.040242839604616165"
"1421","0.04054437205195427","0.04054437205195427","0.04054437205195427"
"1436","0.04227752983570099","0.04227752983570099","0.04227752983570099"
"1443","0.040452342480421066","0.040452342480421066","0.040452342480421066"
"1444","0.04062624275684357","0.04062624275684357","0.04062624275684357"
"1445","0.044798288494348526","0.044798288494348526","0.044798288494348526"
"1467","0.04303610324859619","0.04303610324859619","0.04303610324859619"
"1473","0.03810688853263855","0.03810688853263855","0.03810688853263855"
"1483","0.03978990763425827","0.03978990763425827","0.03978990763425827"
"1496","0.03964316472411156","0.03964316472411156","0.03964316472411156"
"1501","0.038008272647857666","0.038008272647857666","0.038008272647857666"
"1503","0.034311115741729736","0.034311115741729736","0.034311115741729736"
"1527","0.040212612599134445","0.040212612599134445","0.040212612599134445"
"1535","0.03771810606122017","0.03771810606122017","0.03771810606122017"
"1560","0.03728041052818298","0.03728041052818298","0.03728041052818298"
"1561","0.04708046838641167","0.04708046838641167","0.04708046838641167"
"1579","0.03383968025445938","0.03383968025445938","0.03383968025445938"
"1596","0.03388543799519539","0.03388543799519539","0.03388543799519539"
"1620","0.04596235230565071","0.04596235230565071","0.04596235230565071"
"1628","0.039459943771362305","0.039459943771362305","0.039459943771362305"
"1633","0.03841995820403099","0.03841995820403099","0.03841995820403099"
"1642","0.0371120311319828","0.0371120311319828","0.0371120311319828"
"1678","0.036401212215423584","0.036401212215423584","0.036401212215423584"
"1686","0.03732307255268097","0.03732307255268097","0.03732307255268097"
"1688","0.038873765617609024","0.038873765617609024","0.038873765617609024"
"1700","0.03380301594734192","0.03380301594734192","0.03380301594734192"
"1712","0.05264651030302048","0.05264651030302048","0.05264651030302048"
"1720","0.03287118300795555","0.03287118300795555","0.03287118300795555"
"1746","0.03077579289674759","0.03077579289674759","0.03077579289674759"
"1790","0.029972003772854805","0.029972003772854805","0.029972003772854805"
"1792","0.03596094250679016","0.03596094250679016","0.03596094250679016"
"1798","0.02628709189593792","0.02628709189593792","0.02628709189593792"
"1805","0.03762219101190567","0.03762219101190567","0.03762219101190567"
"1812","0.04093467444181442","0.04093467444181442","0.04093467444181442"
"1823","0.029188508167862892","0.029188508167862892","0.029188508167862892"
"1833","0.037748437374830246","0.037748437374830246","0.037748437374830246"
"1845","0.03466319665312767","0.03466319665312767","0.03466319665312767"
"1848","0.035235967487096786","0.035235967487096786","0.035235967487096786"
"1859","0.029828304424881935","0.029828304424881935","0.029828304424881935"
"1862","0.033088650554418564","0.033088650554418564","0.033088650554418564"
"1867","0.03629017621278763","0.03629017621278763","0.03629017621278763"
"1919","0.03699815273284912","0.03699815273284912","0.03699815273284912"
"1930","0.03084440901875496","0.03084440901875496","0.03084440901875496"
"1935","0.03821807727217674","0.03821807727217674","0.03821807727217674"
"1945","0.032512519508600235","0.032512519508600235","0.032512519508600235"
"1956","0.03500981256365776","0.03500981256365776","0.03500981256365776"
"1957","0.03610868379473686","0.03610868379473686","0.03610868379473686"
"1961","0.040946491062641144","0.040946491062641144","0.040946491062641144"
"1974","0.036634452641010284","0.036634452641010284","0.036634452641010284"
"1976","0.03493731841444969","0.03493731841444969","0.03493731841444969"
"1979","0.036159344017505646","0.036159344017505646","0.036159344017505646"
"1981","0.037721846252679825","0.037721846252679825","0.037721846252679825"
"1995","0.0514935627579689","0.0514935627579689","0.0514935627579689"
"2007","0.038250360637903214","0.038250360637903214","0.038250360637903214"
"2021","0.04071413353085518","0.04071413353085518","0.04071413353085518"
"2023","0.036715682595968246","0.036715682595968246","0.036715682595968246"
"2043","0.03193484991788864","0.03193484991788864","0.03193484991788864"
"2049","0.03165944293141365","0.03165944293141365","0.03165944293141365"
"2054","0.02794095315039158","0.02794095315039158","0.02794095315039158"
"2075","0.034738872200250626","0.034738872200250626","0.034738872200250626"
"2096","0.036159809678792953","0.036159809678792953","0.036159809678792953"
"2100","0.03148876503109932","0.03148876503109932","0.03148876503109932"
"2106","0.039585720747709274","0.039585720747709274","0.039585720747709274"
"2115","0.03229814022779465","0.03229814022779465","0.03229814022779465"
"2128","0.02958868071436882","0.02958868071436882","0.02958868071436882"
"2158","0.029278822243213654","0.029278822243213654","0.029278822243213654"
"2163","0.03245425969362259","0.03245425969362259","0.03245425969362259"
"2173","0.03406744822859764","0.03406744822859764","0.03406744822859764"
"2176","0.03299732133746147","0.03299732133746147","0.03299732133746147"
"2197","0.034277211874723434","0.034277211874723434","0.034277211874723434"
"2207","0.029667649418115616","0.029667649418115616","0.029667649418115616"
"2210","0.03571629151701927","0.03571629151701927","0.03571629151701927"
"2225","0.040256060659885406","0.040256060659885406","0.040256060659885406"
"2231","0.031221037730574608","0.031221037730574608","0.031221037730574608"
"2234","0.029419029131531715","0.029419029131531715","0.029419029131531715"
"2250","0.03834214434027672","0.03834214434027672","0.03834214434027672"
"2263","0.036282412707805634","0.036282412707805634","0.036282412707805634"
"2270","0.036490727216005325","0.036490727216005325","0.036490727216005325"
"2275","0.03319992497563362","0.03319992497563362","0.03319992497563362"
"2278","0.03311912342905998","0.03311912342905998","0.03311912342905998"
"2292","0.03138762712478638","0.03138762712478638","0.03138762712478638"
"2294","0.026601310819387436","0.026601310819387436","0.026601310819387436"
"2301","0.028341982513666153","0.028341982513666153","0.028341982513666153"
"2311","0.03219098597764969","0.03219098597764969","0.03219098597764969"
"2320","0.027611277997493744","0.027611277997493744","0.027611277997493744"
"2332","0.03654412552714348","0.03654412552714348","0.03654412552714348"
"2334","0.034283753484487534","0.034283753484487534","0.034283753484487534"
"2337","0.03469882532954216","0.03469882532954216","0.03469882532954216"
"2343","0.03518488630652428","0.03518488630652428","0.03518488630652428"
"2344","0.032136693596839905","0.032136693596839905","0.032136693596839905"
"2348","0.029591495171189308","0.029591495171189308","0.029591495171189308"
"2357","0.02688469924032688","0.02688469924032688","0.02688469924032688"
"2358","0.029306065291166306","0.029306065291166306","0.029306065291166306"
"2367","0.03093815967440605","0.03093815967440605","0.03093815967440605"
"2374","0.03237686678767204","0.03237686678767204","0.03237686678767204"
"2378","0.03404749184846878","0.03404749184846878","0.03404749184846878"
"2383","0.03404490277171135","0.03404490277171135","0.03404490277171135"
"2384","0.03817470744252205","0.03817470744252205","0.03817470744252205"
"2431","0.03134920075535774","0.03134920075535774","0.03134920075535774"
"2432","0.0313480868935585","0.0313480868935585","0.0313480868935585"
"2434","0.031239422038197517","0.031239422038197517","0.031239422038197517"
"2441","0.034376081079244614","0.034376081079244614","0.034376081079244614"
"2446","0.03103867545723915","0.03103867545723915","0.03103867545723915"
"2447","0.034470703452825546","0.034470703452825546","0.034470703452825546"
"2475","0.03367665782570839","0.03367665782570839","0.03367665782570839"
"2483","0.02873927727341652","0.02873927727341652","0.02873927727341652"
"2499","0.032619863748550415","0.032619863748550415","0.032619863748550415"
"2521","0.03697001188993454","0.03697001188993454","0.03697001188993454"
"2532","0.03365728631615639","0.03365728631615639","0.03365728631615639"
"2535","0.03088751807808876","0.03088751807808876","0.03088751807808876"
"2544","0.029329340904951096","0.029329340904951096","0.029329340904951096"
"2547","0.0266976710408926","0.0266976710408926","0.0266976710408926"
"2548","0.03130589798092842","0.03130589798092842","0.03130589798092842"
"2559","0.030927998945116997","0.030927998945116997","0.030927998945116997"
"2575","0.033513255417346954","0.033513255417346954","0.033513255417346954"
"2591","0.026608822867274284","0.026608822867274284","0.026608822867274284"
"2600","0.03230687603354454","0.03230687603354454","0.03230687603354454"
"2611","0.02854812704026699","0.02854812704026699","0.02854812704026699"
"2613","0.027044452726840973","0.027044452726840973","0.027044452726840973"
"2625","0.028757309541106224","0.028757309541106224","0.028757309541106224"
"2630","0.03455912321805954","0.03455912321805954","0.03455912321805954"
"2647","0.030567016452550888","0.030567016452550888","0.030567016452550888"
"2649","0.0266573466360569","0.0266573466360569","0.0266573466360569"
"2650","0.030762074515223503","0.030762074515223503","0.030762074515223503"
"2669","0.03116229921579361","0.03116229921579361","0.03116229921579361"
"2684","0.030811797827482224","0.030811797827482224","0.030811797827482224"
"2694","0.028649376705288887","0.028649376705288887","0.028649376705288887"
"2703","0.028718486428260803","0.028718486428260803","0.028718486428260803"
"2713","0.02604208141565323","0.02604208141565323","0.02604208141565323"
"2719","0.028392063453793526","0.028392063453793526","0.028392063453793526"
"2727","0.028233125805854797","0.028233125805854797","0.028233125805854797"
"2736","0.034167058765888214","0.034167058765888214","0.034167058765888214"
"2737","0.028583137318491936","0.028583137318491936","0.028583137318491936"
"2749","0.029582533985376358","0.029582533985376358","0.029582533985376358"
"2753","0.02584405615925789","0.02584405615925789","0.02584405615925789"
"2762","0.0319923460483551","0.0319923460483551","0.0319923460483551"
"2784","0.02734612114727497","0.02734612114727497","0.02734612114727497"
"2785","0.02828628569841385","0.02828628569841385","0.02828628569841385"
"2796","0.03470933064818382","0.03470933064818382","0.03470933064818382"
"2797","0.030191417783498764","0.030191417783498764","0.030191417783498764"
"2809","0.03141370415687561","0.03141370415687561","0.03141370415687561"
"2811","0.026975590735673904","0.026975590735673904","0.026975590735673904"
"2812","0.031654372811317444","0.031654372811317444","0.031654372811317444"
"2813","0.031322989612817764","0.031322989612817764","0.031322989612817764"
"2827","0.03063448704779148","0.03063448704779148","0.03063448704779148"
"2840","0.030330196022987366","0.030330196022987366","0.030330196022987366"
"2842","0.02806665189564228","0.02806665189564228","0.02806665189564228"
"2845","0.03162052854895592","0.03162052854895592","0.03162052854895592"
"2867","0.033939190208911896","0.033939190208911896","0.033939190208911896"
"2869","0.034625522792339325","0.034625522792339325","0.034625522792339325"
"2906","0.034420307725667953","0.034420307725667953","0.034420307725667953"
"2948","0.028827516362071037","0.028827516362071037","0.028827516362071037"
"2954","0.030325014144182205","0.030325014144182205","0.030325014144182205"
"2961","0.026530945673584938","0.026530945673584938","0.026530945673584938"
"2963","0.03343035653233528","0.03343035653233528","0.03343035653233528"
"2965","0.026320472359657288","0.026320472359657288","0.026320472359657288"
"2997","0.03636738657951355","0.03636738657951355","0.03636738657951355"
"3001","0.03213478997349739","0.03213478997349739","0.03213478997349739"
"3007","0.030182069167494774","0.030182069167494774","0.030182069167494774"
"3016","0.034942638128995895","0.034942638128995895","0.034942638128995895"
"3031","0.029554205015301704","0.029554205015301704","0.029554205015301704"
"3047","0.030082080513238907","0.030082080513238907","0.030082080513238907"
"3059","0.029022587463259697","0.029022587463259697","0.029022587463259697"
"3069","0.03028562292456627","0.03028562292456627","0.03028562292456627"
"3070","0.03216714411973953","0.03216714411973953","0.03216714411973953"
"3078","0.027047524228692055","0.027047524228692055","0.027047524228692055"
"3100","0.02817746438086033","0.02817746438086033","0.02817746438086033"
"3126","0.032321106642484665","0.032321106642484665","0.032321106642484665"
"3130","0.033086542040109634","0.033086542040109634","0.033086542040109634"
"3163","0.03266337513923645","0.03266337513923645","0.03266337513923645"
"3165","0.02938808873295784","0.02938808873295784","0.02938808873295784"
"3204","0.030852558091282845","0.030852558091282845","0.030852558091282845"
"3212","0.024609414860606194","0.024609414860606194","0.024609414860606194"
"3216","0.023909399285912514","0.023909399285912514","0.023909399285912514"
"3225","0.024027958512306213","0.024027958512306213","0.024027958512306213"
"3231","0.030057283118367195","0.030057283118367195","0.030057283118367195"
"3236","0.026535198092460632","0.026535198092460632","0.026535198092460632"
"3246","0.027785655111074448","0.027785655111074448","0.027785655111074448"
"3254","0.029597539454698563","0.029597539454698563","0.029597539454698563"
"3267","0.030868247151374817","0.030868247151374817","0.030868247151374817"
"3269","0.026706678792834282","0.026706678792834282","0.026706678792834282"
"3271","0.032399311661720276","0.032399311661720276","0.032399311661720276"
"3298","0.03030969388782978","0.03030969388782978","0.03030969388782978"
"3301","0.025289539247751236","0.025289539247751236","0.025289539247751236"
"3306","0.03312908858060837","0.03312908858060837","0.03312908858060837"
"3316","0.030765388160943985","0.030765388160943985","0.030765388160943985"
"3318","0.028737638145685196","0.028737638145685196","0.028737638145685196"
"3322","0.02832670509815216","0.02832670509815216","0.02832670509815216"
"3324","0.029264602810144424","0.029264602810144424","0.029264602810144424"
"3327","0.03059036284685135","0.03059036284685135","0.03059036284685135"
"3335","0.031896986067295074","0.031896986067295074","0.031896986067295074"
"3339","0.028514482080936432","0.028514482080936432","0.028514482080936432"
"3342","0.03069075383245945","0.03069075383245945","0.03069075383245945"
"3361","0.03310592472553253","0.03310592472553253","0.03310592472553253"
"3377","0.02835473231971264","0.02835473231971264","0.02835473231971264"
"3381","0.029192950576543808","0.029192950576543808","0.029192950576543808"
"3392","0.031239761039614677","0.031239761039614677","0.031239761039614677"
"3394","0.025418108329176903","0.025418108329176903","0.025418108329176903"
"3412","0.028918471187353134","0.028918471187353134","0.028918471187353134"
"3425","0.028869790956377983","0.028869790956377983","0.028869790956377983"
"3440","0.02474774792790413","0.02474774792790413","0.02474774792790413"
"3466","0.02908354625105858","0.02908354625105858","0.02908354625105858"
"3485","0.027203144505620003","0.027203144505620003","0.027203144505620003"
"3507","0.0308401957154274","0.0308401957154274","0.0308401957154274"
"3537","0.027070747688412666","0.027070747688412666","0.027070747688412666"
"3542","0.02550511807203293","0.02550511807203293","0.02550511807203293"
"3553","0.026137910783290863","0.026137910783290863","0.026137910783290863"
"3558","0.021303117275238037","0.021303117275238037","0.021303117275238037"
"3602","0.02667543850839138","0.02667543850839138","0.02667543850839138"
"3612","0.03139343857765198","0.03139343857765198","0.03139343857765198"
"3645","0.02912910282611847","0.02912910282611847","0.02912910282611847"
"3650","0.025009114295244217","0.025009114295244217","0.025009114295244217"
"3652","0.026240680366754532","0.026240680366754532","0.026240680366754532"
"3657","0.025788409635424614","0.025788409635424614","0.025788409635424614"
"3662","0.027499297633767128","0.027499297633767128","0.027499297633767128"
"3676","0.03403070569038391","0.03403070569038391","0.03403070569038391"
"3679","0.027016611769795418","0.027016611769795418","0.027016611769795418"
"3680","0.028090426698327065","0.028090426698327065","0.028090426698327065"
"3681","0.02870599739253521","0.02870599739253521","0.02870599739253521"
"3692","0.024443503469228745","0.024443503469228745","0.024443503469228745"
"3702","0.027162719517946243","0.027162719517946243","0.027162719517946243"
"3722","0.029370717704296112","0.029370717704296112","0.029370717704296112"
"3726","0.027268217876553535","0.027268217876553535","0.027268217876553535"
"3774","0.02096155658364296","0.02096155658364296","0.02096155658364296"
"3778","0.02771635353565216","0.02771635353565216","0.02771635353565216"
"3796","0.024846361950039864","0.024846361950039864","0.024846361950039864"
"3798","0.021497264504432678","0.021497264504432678","0.021497264504432678"
"3802","0.030293451622128487","0.030293451622128487","0.030293451622128487"
"3817","0.025664953514933586","0.025664953514933586","0.025664953514933586"
"3843","0.02385358326137066","0.02385358326137066","0.02385358326137066"
"3850","0.02380390837788582","0.02380390837788582","0.02380390837788582"
"3867","0.028338182717561722","0.028338182717561722","0.028338182717561722"
"3870","0.024739503860473633","0.024739503860473633","0.024739503860473633"
"3880","0.026423992589116096","0.026423992589116096","0.026423992589116096"
"3895","0.026938650757074356","0.026938650757074356","0.026938650757074356"
"3905","0.02215486392378807","0.02215486392378807","0.02215486392378807"
"3908","0.026479268446564674","0.026479268446564674","0.026479268446564674"
"3912","0.027337417006492615","0.027337417006492615","0.027337417006492615"
"3914","0.0289749875664711","0.0289749875664711","0.0289749875664711"
"3920","0.027982858940958977","0.027982858940958977","0.027982858940958977"
"3931","0.02357470989227295","0.02357470989227295","0.02357470989227295"
"3936","0.02703201398253441","0.02703201398253441","0.02703201398253441"
"3958","0.021085023880004883","0.021085023880004883","0.021085023880004883"
"3977","0.026752803474664688","0.026752803474664688","0.026752803474664688"
"3986","0.024553462862968445","0.024553462862968445","0.024553462862968445"
"3993","0.024848775938153267","0.024848775938153267","0.024848775938153267"
"4003","0.024684812873601913","0.024684812873601913","0.024684812873601913"
"4037","0.028678422793745995","0.028678422793745995","0.028678422793745995"
"4038","0.023180123418569565","0.023180123418569565","0.023180123418569565"
"4047","0.023285046219825745","0.023285046219825745","0.023285046219825745"
"4083","0.022996380925178528","0.022996380925178528","0.022996380925178528"
"4090","0.02460738830268383","0.02460738830268383","0.02460738830268383"
"4114","0.022716736420989037","0.022716736420989037","0.022716736420989037"
"4133","0.02451510727405548","0.02451510727405548","0.02451510727405548"
"4135","0.021800028160214424","0.021800028160214424","0.021800028160214424"
"4136","0.02004106342792511","0.02004106342792511","0.02004106342792511"
"4160","0.02395695447921753","0.02395695447921753","0.02395695447921753"
"4164","0.0240287147462368","0.0240287147462368","0.0240287147462368"
"4165","0.025876618921756744","0.025876618921756744","0.025876618921756744"
"4170","0.02300073206424713","0.02300073206424713","0.02300073206424713"
"4178","0.023120122030377388","0.023120122030377388","0.023120122030377388"
"4187","0.023554334416985512","0.023554334416985512","0.023554334416985512"
"4197","0.022469554096460342","0.022469554096460342","0.022469554096460342"
"4205","0.022976573556661606","0.022976573556661606","0.022976573556661606"
"4214","0.023255297914147377","0.023255297914147377","0.023255297914147377"
"4222","0.02436177246272564","0.02436177246272564","0.02436177246272564"
"4223","0.024715479463338852","0.024715479463338852","0.024715479463338852"
"4233","0.020316727459430695","0.020316727459430695","0.020316727459430695"
"4241","0.024034226313233376","0.024034226313233376","0.024034226313233376"
"4245","0.027044668793678284","0.027044668793678284","0.027044668793678284"
"4253","0.024539100006222725","0.024539100006222725","0.024539100006222725"
"4266","0.021976357325911522","0.021976357325911522","0.021976357325911522"
"4272","0.021865809336304665","0.021865809336304665","0.021865809336304665"
"4279","0.02536008134484291","0.02536008134484291","0.02536008134484291"
"4280","0.021402884274721146","0.021402884274721146","0.021402884274721146"
"4281","0.025171533226966858","0.025171533226966858","0.025171533226966858"
"4286","0.026639113202691078","0.026639113202691078","0.026639113202691078"
"4323","0.024893371388316154","0.024893371388316154","0.024893371388316154"
"4341","0.021256521344184875","0.021256521344184875","0.021256521344184875"
"4344","0.021796230226755142","0.021796230226755142","0.021796230226755142"
"4356","0.023440318182110786","0.023440318182110786","0.023440318182110786"
"4364","0.02151368372142315","0.02151368372142315","0.02151368372142315"
"4372","0.021525586023926735","0.021525586023926735","0.021525586023926735"
"4379","0.019981907680630684","0.019981907680630684","0.019981907680630684"
"4386","0.02308310940861702","0.02308310940861702","0.02308310940861702"
"4390","0.017370205372571945","0.017370205372571945","0.017370205372571945"
"4403","0.01941504143178463","0.01941504143178463","0.01941504143178463"
"4410","0.01979721523821354","0.01979721523821354","0.01979721523821354"
"4430","0.021478837355971336","0.021478837355971336","0.021478837355971336"
"4439","0.019300833344459534","0.019300833344459534","0.019300833344459534"
"4441","0.021367806941270828","0.021367806941270828","0.021367806941270828"
"4462","0.023026952520012856","0.023026952520012856","0.023026952520012856"
"4469","0.022073226049542427","0.022073226049542427","0.022073226049542427"
"4473","0.018000824376940727","0.018000824376940727","0.018000824376940727"
"4494","0.02426512911915779","0.02426512911915779","0.02426512911915779"
"4501","0.021964652463793755","0.021964652463793755","0.021964652463793755"
"4540","0.018389467149972916","0.018389467149972916","0.018389467149972916"
"4543","0.01752619817852974","0.01752619817852974","0.01752619817852974"
"4561","0.019645044580101967","0.019645044580101967","0.019645044580101967"
"4567","0.02312012016773224","0.02312012016773224","0.02312012016773224"
"4577","0.018728144466876984","0.018728144466876984","0.018728144466876984"
"4584","0.022781936451792717","0.022781936451792717","0.022781936451792717"
"4587","0.022045204415917397","0.022045204415917397","0.022045204415917397"
"4589","0.020310329273343086","0.020310329273343086","0.020310329273343086"
"4614","0.021966062486171722","0.021966062486171722","0.021966062486171722"
"4618","0.018828487023711205","0.018828487023711205","0.018828487023711205"
"4627","0.021143244579434395","0.021143244579434395","0.021143244579434395"
"4635","0.018529916182160378","0.018529916182160378","0.018529916182160378"
"4639","0.02150614932179451","0.02150614932179451","0.02150614932179451"
"4640","0.020405158400535583","0.020405158400535583","0.020405158400535583"
"4656","0.018458038568496704","0.018458038568496704","0.018458038568496704"
"4660","0.018830273300409317","0.018830273300409317","0.018830273300409317"
"4686","0.0173967182636261","0.0173967182636261","0.0173967182636261"
"4695","0.018030043691396713","0.018030043691396713","0.018030043691396713"
"4699","0.018291180953383446","0.018291180953383446","0.018291180953383446"
"4703","0.016612282022833824","0.016612282022833824","0.016612282022833824"
"4730","0.01962415687739849","0.01962415687739849","0.01962415687739849"
"4749","0.01665099523961544","0.01665099523961544","0.01665099523961544"
"4763","0.021225668489933014","0.021225668489933014","0.021225668489933014"
"4767","0.02222062647342682","0.02222062647342682","0.02222062647342682"
"4768","0.019315212965011597","0.019315212965011597","0.019315212965011597"
"4775","0.019732242450118065","0.019732242450118065","0.019732242450118065"
"4778","0.01878916658461094","0.01878916658461094","0.01878916658461094"
"4789","0.017179470509290695","0.017179470509290695","0.017179470509290695"
"4818","0.018727267161011696","0.018727267161011696","0.018727267161011696"
"4821","0.022906148806214333","0.022906148806214333","0.022906148806214333"
"4824","0.02147498168051243","0.02147498168051243","0.02147498168051243"
"4830","0.02680710330605507","0.02680710330605507","0.02680710330605507"
"4832","0.029196852818131447","0.029196852818131447","0.029196852818131447"
"4838","0.025250418111681938","0.025250418111681938","0.025250418111681938"
"4844","0.025283468887209892","0.025283468887209892","0.025283468887209892"
"4845","0.021897809579968452","0.021897809579968452","0.021897809579968452"
"4859","0.018228543922305107","0.018228543922305107","0.018228543922305107"
"4867","0.020576396957039833","0.020576396957039833","0.020576396957039833"
"4874","0.015276181511580944","0.015276181511580944","0.015276181511580944"
"4887","0.018428102135658264","0.018428102135658264","0.018428102135658264"
"4893","0.016860466450452805","0.016860466450452805","0.016860466450452805"
"4895","0.017788037657737732","0.017788037657737732","0.017788037657737732"
"4917","0.015577555634081364","0.015577555634081364","0.015577555634081364"
"4927","0.01572081446647644","0.01572081446647644","0.01572081446647644"
"4932","0.018086040392518044","0.018086040392518044","0.018086040392518044"
"4955","0.017096446827054024","0.017096446827054024","0.017096446827054024"
"4958","0.01609867252409458","0.01609867252409458","0.01609867252409458"
"4972","0.019219139590859413","0.019219139590859413","0.019219139590859413"
"4973","0.015261419117450714","0.015261419117450714","0.015261419117450714"
"4992","0.018037287518382072","0.018037287518382072","0.018037287518382072"
"5010","0.01671507954597473","0.01671507954597473","0.01671507954597473"
"5024","0.020547619089484215","0.020547619089484215","0.020547619089484215"
"5042","0.018108166754245758","0.018108166754245758","0.018108166754245758"
"5054","0.020912842825055122","0.020912842825055122","0.020912842825055122"
"5059","0.01548426691442728","0.01548426691442728","0.01548426691442728"
"5077","0.017329419031739235","0.017329419031739235","0.017329419031739235"
"5082","0.01829049177467823","0.01829049177467823","0.01829049177467823"
"5093","0.01918881945312023","0.01918881945312023","0.01918881945312023"
"5102","0.01763239875435829","0.01763239875435829","0.01763239875435829"
"5107","0.018544157966971397","0.018544157966971397","0.018544157966971397"
"5119","0.01869334653019905","0.01869334653019905","0.01869334653019905"
"5137","0.0175078846514225","0.0175078846514225","0.0175078846514225"
"5145","0.01663665845990181","0.01663665845990181","0.01663665845990181"
"5152","0.01838785409927368","0.01838785409927368","0.01838785409927368"
"5154","0.02183694578707218","0.02183694578707218","0.02183694578707218"
"5163","0.017285481095314026","0.017285481095314026","0.017285481095314026"
"5174","0.017659977078437805","0.017659977078437805","0.017659977078437805"
"5180","0.01611630991101265","0.01611630991101265","0.01611630991101265"
"5182","0.013992346823215485","0.013992346823215485","0.013992346823215485"
"5190","0.018276410177350044","0.018276410177350044","0.018276410177350044"
"5191","0.017106710001826286","0.017106710001826286","0.017106710001826286"
"5198","0.01625661365687847","0.01625661365687847","0.01625661365687847"
"5201","0.01667751744389534","0.01667751744389534","0.01667751744389534"
"5219","0.020015139132738113","0.020015139132738113","0.020015139132738113"
"5230","0.015699302777647972","0.015699302777647972","0.015699302777647972"
"5231","0.01913553476333618","0.01913553476333618","0.01913553476333618"
"5239","0.016990158706903458","0.016990158706903458","0.016990158706903458"
"5249","0.017243485897779465","0.017243485897779465","0.017243485897779465"
"5255","0.01802462339401245","0.01802462339401245","0.01802462339401245"
"5264","0.018245629966259003","0.018245629966259003","0.018245629966259003"
"5273","0.015323343686759472","0.015323343686759472","0.015323343686759472"
"5278","0.018184056505560875","0.018184056505560875","0.018184056505560875"
"5280","0.018893474712967873","0.018893474712967873","0.018893474712967873"
"5281","0.01269692461937666","0.01269692461937666","0.01269692461937666"
"5299","0.01788168214261532","0.01788168214261532","0.01788168214261532"
"5319","0.015168801881372929","0.015168801881372929","0.015168801881372929"
"5324","0.01638435758650303","0.01638435758650303","0.01638435758650303"
"5330","0.015159312635660172","0.015159312635660172","0.015159312635660172"
"5350","0.013013828545808792","0.013013828545808792","0.013013828545808792"
"5361","0.01811821758747101","0.01811821758747101","0.01811821758747101"
"5363","0.015678023919463158","0.015678023919463158","0.015678023919463158"
"5366","0.015126281417906284","0.015126281417906284","0.015126281417906284"
"5378","0.014208369888365269","0.014208369888365269","0.014208369888365269"
"5383","0.018271293491125107","0.018271293491125107","0.018271293491125107"
"5387","0.019568776711821556","0.019568776711821556","0.019568776711821556"
"5388","0.01684928871691227","0.01684928871691227","0.01684928871691227"
"5412","0.01894623041152954","0.01894623041152954","0.01894623041152954"
"5418","0.017312554642558098","0.017312554642558098","0.017312554642558098"
"5429","0.015072351321578026","0.015072351321578026","0.015072351321578026"
"5440","0.019898291677236557","0.019898291677236557","0.019898291677236557"
"5444","0.01945602521300316","0.01945602521300316","0.01945602521300316"
"5452","0.018496844917535782","0.018496844917535782","0.018496844917535782"
"5459","0.01405822392553091","0.01405822392553091","0.01405822392553091"
"5469","0.01662517338991165","0.01662517338991165","0.01662517338991165"
"5471","0.019001392647624016","0.019001392647624016","0.019001392647624016"
"5472","0.016561588272452354","0.016561588272452354","0.016561588272452354"
"5473","0.016133975237607956","0.016133975237607956","0.016133975237607956"
"5483","0.01499779149889946","0.01499779149889946","0.01499779149889946"
"5505","0.01721183955669403","0.01721183955669403","0.01721183955669403"
"5509","0.017057305201888084","0.017057305201888084","0.017057305201888084"
"5559","0.018841207027435303","0.018841207027435303","0.018841207027435303"
"5582","0.015971165150403976","0.015971165150403976","0.015971165150403976"
"5588","0.01610122248530388","0.01610122248530388","0.01610122248530388"
"5595","0.015927568078041077","0.015927568078041077","0.015927568078041077"
"5602","0.015727929770946503","0.015727929770946503","0.015727929770946503"
"5605","0.01703249104321003","0.01703249104321003","0.01703249104321003"
"5618","0.014633053913712502","0.014633053913712502","0.014633053913712502"
"5619","0.015813643112778664","0.015813643112778664","0.015813643112778664"
"5629","0.015445457771420479","0.015445457771420479","0.015445457771420479"
"5633","0.015009555965662003","0.015009555965662003","0.015009555965662003"
"5638","0.016114940866827965","0.016114940866827965","0.016114940866827965"
"5648","0.01619964838027954","0.01619964838027954","0.01619964838027954"
"5666","0.017537647858262062","0.017537647858262062","0.017537647858262062"
"5669","0.01842210255563259","0.01842210255563259","0.01842210255563259"
"5670","0.01437059510499239","0.01437059510499239","0.01437059510499239"
"5673","0.015170969069004059","0.015170969069004059","0.015170969069004059"
"5699","0.015054547227919102","0.015054547227919102","0.015054547227919102"
"5703","0.017362045124173164","0.017362045124173164","0.017362045124173164"
"5709","0.020220452919602394","0.020220452919602394","0.020220452919602394"
"5719","0.017859885469079018","0.017859885469079018","0.017859885469079018"
"5736","0.012920346111059189","0.012920346111059189","0.012920346111059189"
"5757","0.020244309678673744","0.020244309678673744","0.020244309678673744"
"5761","0.018655188381671906","0.018655188381671906","0.018655188381671906"
"5764","0.013778544031083584","0.013778544031083584","0.013778544031083584"
"5796","0.01805436983704567","0.01805436983704567","0.01805436983704567"
"5797","0.016994381323456764","0.016994381323456764","0.016994381323456764"
"5800","0.016266485676169395","0.016266485676169395","0.016266485676169395"
"5815","0.020030833780765533","0.020030833780765533","0.020030833780765533"
"5817","0.015956005081534386","0.015956005081534386","0.015956005081534386"
"5821","0.01608077809214592","0.01608077809214592","0.01608077809214592"
"5835","0.017474139109253883","0.017474139109253883","0.017474139109253883"
"5865","0.01940700225532055","0.01940700225532055","0.01940700225532055"
"5890","0.014660593122243881","0.014660593122243881","0.014660593122243881"
"5894","0.014907724224030972","0.014907724224030972","0.014907724224030972"
"5906","0.015300982631742954","0.015300982631742954","0.015300982631742954"
"5919","0.014846625737845898","0.014846625737845898","0.014846625737845898"
"5920","0.016762934625148773","0.016762934625148773","0.016762934625148773"
"5924","0.015396149829030037","0.015396149829030037","0.015396149829030037"
"5927","0.016863476485013962","0.016863476485013962","0.016863476485013962"
"5947","0.018139338120818138","0.018139338120818138","0.018139338120818138"
"5950","0.017119720578193665","0.017119720578193665","0.017119720578193665"
"5962","0.016350217163562775","0.016350217163562775","0.016350217163562775"
"5975","0.017878256738185883","0.017878256738185883","0.017878256738185883"
"5981","0.016241485252976418","0.016241485252976418","0.016241485252976418"
"6000","0.012787246145308018","0.012787246145308018","0.012787246145308018"
"6009","0.015541939064860344","0.015541939064860344","0.015541939064860344"
"6051","0.01723337173461914","0.01723337173461914","0.01723337173461914"
"6054","0.01615235023200512","0.01615235023200512","0.01615235023200512"
"6057","0.01582055725157261","0.01582055725157261","0.01582055725157261"
"6070","0.016487469896674156","0.016487469896674156","0.016487469896674156"
"6101","0.016407150775194168","0.016407150775194168","0.016407150775194168"
"6105","0.014968992210924625","0.014968992210924625","0.014968992210924625"
"6111","0.015894731506705284","0.015894731506705284","0.015894731506705284"
"6126","0.015068309381604195","0.015068309381604195","0.015068309381604195"
"6131","0.016361011192202568","0.016361011192202568","0.016361011192202568"
"6150","0.01768762245774269","0.01768762245774269","0.01768762245774269"
"6171","0.015816010534763336","0.015816010534763336","0.015816010534763336"
"6173","0.014736730605363846","0.014736730605363846","0.014736730605363846"
"6182","0.015880675986409187","0.015880675986409187","0.015880675986409187"
"6202","0.01745106279850006","0.01745106279850006","0.01745106279850006"
"6206","0.01812364161014557","0.01812364161014557","0.01812364161014557"
"6243","0.01435432955622673","0.01435432955622673","0.01435432955622673"
"6247","0.013552864082157612","0.013552864082157612","0.013552864082157612"
"6253","0.013436313718557358","0.013436313718557358","0.013436313718557358"
"6255","0.013186273165047169","0.013186273165047169","0.013186273165047169"
"6256","0.013843986205756664","0.013843986205756664","0.013843986205756664"
"6273","0.013825593516230583","0.013825593516230583","0.013825593516230583"
"6278","0.015531431883573532","0.015531431883573532","0.015531431883573532"
"6291","0.0149700827896595","0.0149700827896595","0.0149700827896595"
"6292","0.017750075086951256","0.017750075086951256","0.017750075086951256"
"6297","0.01597602479159832","0.01597602479159832","0.01597602479159832"
"6331","0.01422905083745718","0.01422905083745718","0.01422905083745718"
"6342","0.014924654737114906","0.014924654737114906","0.014924654737114906"
"6358","0.019730133935809135","0.019730133935809135","0.019730133935809135"
"6381","0.016878530383110046","0.016878530383110046","0.016878530383110046"
"6391","0.014929977245628834","0.014929977245628834","0.014929977245628834"
"6396","0.011837183497846127","0.011837183497846127","0.011837183497846127"
"6414","0.01549492683261633","0.01549492683261633","0.01549492683261633"
"6419","0.014483777806162834","0.014483777806162834","0.014483777806162834"
"6429","0.015257417224347591","0.015257417224347591","0.015257417224347591"
"6430","0.01591227948665619","0.01591227948665619","0.01591227948665619"
"6431","0.015154818072915077","0.015154818072915077","0.015154818072915077"
"6432","0.010664978995919228","0.010664978995919228","0.010664978995919228"
"6439","0.016996638849377632","0.016996638849377632","0.016996638849377632"
"6440","0.016358593478798866","0.016358593478798866","0.016358593478798866"
"6442","0.017448000609874725","0.017448000609874725","0.017448000609874725"
"6450","0.015341321006417274","0.015341321006417274","0.015341321006417274"
"6461","0.018068082630634308","0.018068082630634308","0.018068082630634308"
"6472","0.01875893585383892","0.01875893585383892","0.01875893585383892"
"6506","0.014108534902334213","0.014108534902334213","0.014108534902334213"
"6513","0.013461769558489323","0.013461769558489323","0.013461769558489323"
"6521","0.01130218431353569","0.01130218431353569","0.01130218431353569"
"6531","0.01606008969247341","0.01606008969247341","0.01606008969247341"
"6543","0.012774172239005566","0.012774172239005566","0.012774172239005566"
"6547","0.01433658879250288","0.01433658879250288","0.01433658879250288"
"6578","0.016258087009191513","0.016258087009191513","0.016258087009191513"
"6589","0.015002929605543613","0.015002929605543613","0.015002929605543613"
"6600","0.015055801719427109","0.015055801719427109","0.015055801719427109"
"6601","0.01440490037202835","0.01440490037202835","0.01440490037202835"
"6610","0.015167473815381527","0.015167473815381527","0.015167473815381527"
"6616","0.016811082139611244","0.016811082139611244","0.016811082139611244"
"6626","0.012245025485754013","0.012245025485754013","0.012245025485754013"
"6628","0.01593472994863987","0.01593472994863987","0.01593472994863987"
"6631","0.013210156001150608","0.013210156001150608","0.013210156001150608"
"6634","0.012705476954579353","0.012705476954579353","0.012705476954579353"
"6645","0.016195932403206825","0.016195932403206825","0.016195932403206825"
"6650","0.012141703628003597","0.012141703628003597","0.012141703628003597"
"6669","0.013539351522922516","0.013539351522922516","0.013539351522922516"
"6673","0.016657497733831406","0.016657497733831406","0.016657497733831406"
"6675","0.016489136964082718","0.016489136964082718","0.016489136964082718"
"6677","0.016921941190958023","0.016921941190958023","0.016921941190958023"
"6680","0.013651840388774872","0.013651840388774872","0.013651840388774872"
"6683","0.012343306094408035","0.012343306094408035","0.012343306094408035"
"6684","0.011285676620900631","0.011285676620900631","0.011285676620900631"
"6691","0.012367806397378445","0.012367806397378445","0.012367806397378445"
"6704","0.014300760813057423","0.014300760813057423","0.014300760813057423"
"6710","0.015629488974809647","0.015629488974809647","0.015629488974809647"
"6711","0.01160974521189928","0.01160974521189928","0.01160974521189928"
"6737","0.013574992306530476","0.013574992306530476","0.013574992306530476"
"6768","0.0157165490090847","0.0157165490090847","0.0157165490090847"
"6772","0.013797254301607609","0.013797254301607609","0.013797254301607609"
"6773","0.014235304668545723","0.014235304668545723","0.014235304668545723"
"6779","0.013435742817819118","0.013435742817819118","0.013435742817819118"
"6781","0.012834682129323483","0.012834682129323483","0.012834682129323483"
"6786","0.01080426573753357","0.01080426573753357","0.01080426573753357"
"6819","0.01344568282365799","0.01344568282365799","0.01344568282365799"
"6822","0.012548663653433323","0.012548663653433323","0.012548663653433323"
"6823","0.013918740674853325","0.013918740674853325","0.013918740674853325"
"6835","0.027481693774461746","0.027481693774461746","0.027481693774461746"
"6838","0.024057792499661446","0.024057792499661446","0.024057792499661446"
"6839","0.022426648065447807","0.022426648065447807","0.022426648065447807"
"6862","0.020040538161993027","0.020040538161993027","0.020040538161993027"
"6865","0.04913631081581116","0.04913631081581116","0.04913631081581116"
"6877","0.023954546079039574","0.023954546079039574","0.023954546079039574"
"6890","0.023591483011841774","0.023591483011841774","0.023591483011841774"
"6892","0.020760083571076393","0.020760083571076393","0.020760083571076393"
"6901","0.018989888951182365","0.018989888951182365","0.018989888951182365"
"6909","0.01888228766620159","0.01888228766620159","0.01888228766620159"
"6923","0.013179035857319832","0.013179035857319832","0.013179035857319832"
"6956","0.011943510733544827","0.011943510733544827","0.011943510733544827"
"6985","0.015457295812666416","0.015457295812666416","0.015457295812666416"
"6987","0.014470173045992851","0.014470173045992851","0.014470173045992851"
"6990","0.01303608063608408","0.01303608063608408","0.01303608063608408"
"6994","0.014906755648553371","0.014906755648553371","0.014906755648553371"
"6996","0.01537373848259449","0.01537373848259449","0.01537373848259449"
"6998","0.01478157751262188","0.01478157751262188","0.01478157751262188"
"7000","0.013002065941691399","0.013002065941691399","0.013002065941691399"
"7008","0.014897650107741356","0.014897650107741356","0.014897650107741356"
"7015","0.01694171503186226","0.01694171503186226","0.01694171503186226"
"7032","0.02127349004149437","0.02127349004149437","0.02127349004149437"
"7065","0.01338173821568489","0.01338173821568489","0.01338173821568489"
"7073","0.016002625226974487","0.016002625226974487","0.016002625226974487"
"7083","0.010680615901947021","0.010680615901947021","0.010680615901947021"
"7089","0.014623514376580715","0.014623514376580715","0.014623514376580715"
"7102","0.0143065694719553","0.0143065694719553","0.0143065694719553"
"7114","0.014273185282945633","0.014273185282945633","0.014273185282945633"
"7115","0.014630531892180443","0.014630531892180443","0.014630531892180443"
"7141","0.013392860069870949","0.013392860069870949","0.013392860069870949"
"7143","0.013594142161309719","0.013594142161309719","0.013594142161309719"
"7147","0.013786708004772663","0.013786708004772663","0.013786708004772663"
"7173","0.013073527254164219","0.013073527254164219","0.013073527254164219"
"7228","0.01459224708378315","0.01459224708378315","0.01459224708378315"
"7245","0.015505149029195309","0.015505149029195309","0.015505149029195309"
"7250","0.015073330141603947","0.015073330141603947","0.015073330141603947"
"7264","0.01475050300359726","0.01475050300359726","0.01475050300359726"
"7274","0.015880193561315536","0.015880193561315536","0.015880193561315536"
"7279","0.016553277149796486","0.016553277149796486","0.016553277149796486"
"7282","0.011790186166763306","0.011790186166763306","0.011790186166763306"
"7283","0.016236823052167892","0.016236823052167892","0.016236823052167892"
"7322","0.01441352441906929","0.01441352441906929","0.01441352441906929"
"7324","0.015010983683168888","0.015010983683168888","0.015010983683168888"
"7348","0.015077226795256138","0.015077226795256138","0.015077226795256138"
"7351","0.011809500865638256","0.011809500865638256","0.011809500865638256"
"7352","0.015129107981920242","0.015129107981920242","0.015129107981920242"
"7365","0.014814870432019234","0.014814870432019234","0.014814870432019234"
"7371","0.012949727475643158","0.012949727475643158","0.012949727475643158"
"7373","0.012761714868247509","0.012761714868247509","0.012761714868247509"
"7390","0.01555086299777031","0.01555086299777031","0.01555086299777031"
"7423","0.01312828529626131","0.01312828529626131","0.01312828529626131"
"7434","0.014292694628238678","0.014292694628238678","0.014292694628238678"
"7438","0.01610432378947735","0.01610432378947735","0.01610432378947735"
"7447","0.014278031885623932","0.014278031885623932","0.014278031885623932"
"7464","0.015980571508407593","0.015980571508407593","0.015980571508407593"
"7470","0.01354312989860773","0.01354312989860773","0.01354312989860773"
"7473","0.014847619459033012","0.014847619459033012","0.014847619459033012"
"7479","0.018267126753926277","0.018267126753926277","0.018267126753926277"
"7480","0.013690480962395668","0.013690480962395668","0.013690480962395668"
"7486","0.015761598944664","0.015761598944664","0.015761598944664"
"7521","0.013645337894558907","0.013645337894558907","0.013645337894558907"
"7535","0.013856125064194202","0.013856125064194202","0.013856125064194202"
"7553","0.012174069881439209","0.012174069881439209","0.012174069881439209"
"7567","0.014671883545815945","0.014671883545815945","0.014671883545815945"
"7572","0.014220131561160088","0.014220131561160088","0.014220131561160088"
"7588","0.011083213612437248","0.011083213612437248","0.011083213612437248"
"7594","0.015093102119863033","0.015093102119863033","0.015093102119863033"
"7602","0.015173982828855515","0.015173982828855515","0.015173982828855515"
"7603","0.012109098955988884","0.012109098955988884","0.012109098955988884"
"7605","0.013974384404718876","0.013974384404718876","0.013974384404718876"
"7609","0.014378518797457218","0.014378518797457218","0.014378518797457218"
"7610","0.012342824600636959","0.012342824600636959","0.012342824600636959"
"7617","0.01261052954941988","0.01261052954941988","0.01261052954941988"
"7639","0.013936265371739864","0.013936265371739864","0.013936265371739864"
"7647","0.013542251661419868","0.013542251661419868","0.013542251661419868"
"7652","0.012785280123353004","0.012785280123353004","0.012785280123353004"
"7666","0.0138038145378232","0.0138038145378232","0.0138038145378232"
"7680","0.015867670997977257","0.015867670997977257","0.015867670997977257"
"7685","0.016462642699480057","0.016462642699480057","0.016462642699480057"
"7688","0.011927932500839233","0.011927932500839233","0.011927932500839233"
"7695","0.013760609552264214","0.013760609552264214","0.013760609552264214"
"7701","0.017276743426918983","0.017276743426918983","0.017276743426918983"
"7704","0.013674956746399403","0.013674956746399403","0.013674956746399403"
"7713","0.01476108469069004","0.01476108469069004","0.01476108469069004"
"7719","0.01696835085749626","0.01696835085749626","0.01696835085749626"
"7723","0.016312234103679657","0.016312234103679657","0.016312234103679657"
"7724","0.014389985240995884","0.014389985240995884","0.014389985240995884"
"7728","0.013754485175013542","0.013754485175013542","0.013754485175013542"
"7731","0.01716843619942665","0.01716843619942665","0.01716843619942665"
"7743","0.013069692067801952","0.013069692067801952","0.013069692067801952"
"7750","0.013002324849367142","0.013002324849367142","0.013002324849367142"
"7751","0.012128360569477081","0.012128360569477081","0.012128360569477081"
"7761","0.013754675164818764","0.013754675164818764","0.013754675164818764"
"7764","0.01301000639796257","0.01301000639796257","0.01301000639796257"
"7800","0.010096440091729164","0.010096440091729164","0.010096440091729164"
"7801","0.011591969057917595","0.011591969057917595","0.011591969057917595"
"7820","0.013619862496852875","0.013619862496852875","0.013619862496852875"
"7821","0.016060873866081238","0.016060873866081238","0.016060873866081238"
"7830","0.015118647366762161","0.015118647366762161","0.015118647366762161"
"7831","0.013934887945652008","0.013934887945652008","0.013934887945652008"
"7834","0.013662684708833694","0.013662684708833694","0.013662684708833694"
"7850","0.01154593750834465","0.01154593750834465","0.01154593750834465"
"7867","0.013932282105088234","0.013932282105088234","0.013932282105088234"
"7891","0.013780469074845314","0.013780469074845314","0.013780469074845314"
"7915","0.014541867189109325","0.014541867189109325","0.014541867189109325"
"7940","0.01301069837063551","0.01301069837063551","0.01301069837063551"
"7942","0.012587646022439003","0.012587646022439003","0.012587646022439003"
"7973","0.01586977392435074","0.01586977392435074","0.01586977392435074"
"7988","0.0164526104927063","0.0164526104927063","0.0164526104927063"
"7995","0.0163535475730896","0.0163535475730896","0.0163535475730896"
"7997","0.01369045302271843","0.01369045302271843","0.01369045302271843"
"8016","0.011254404671490192","0.011254404671490192","0.011254404671490192"
"8032","0.015369397588074207","0.015369397588074207","0.015369397588074207"
"8042","0.01290346123278141","0.01290346123278141","0.01290346123278141"
"8045","0.01411830261349678","0.01411830261349678","0.01411830261349678"
"8059","0.016562577337026596","0.016562577337026596","0.016562577337026596"
"8070","0.017533807083964348","0.017533807083964348","0.017533807083964348"
"8084","0.013629939407110214","0.013629939407110214","0.013629939407110214"
"8090","0.01726596988737583","0.01726596988737583","0.01726596988737583"
"8102","0.017747096717357635","0.017747096717357635","0.017747096717357635"
"8103","0.013005300424993038","0.013005300424993038","0.013005300424993038"
"8108","0.018135834485292435","0.018135834485292435","0.018135834485292435"
"8119","0.013941415585577488","0.013941415585577488","0.013941415585577488"
"8131","0.011574250645935535","0.011574250645935535","0.011574250645935535"
"8136","0.015162942931056023","0.015162942931056023","0.015162942931056023"
"8138","0.013809138908982277","0.013809138908982277","0.013809138908982277"
"8139","0.012486121617257595","0.012486121617257595","0.012486121617257595"
"8177","0.012006091885268688","0.012006091885268688","0.012006091885268688"
"8182","0.01139660831540823","0.01139660831540823","0.01139660831540823"
"8184","0.013110725209116936","0.013110725209116936","0.013110725209116936"
"8192","0.015563183464109898","0.015563183464109898","0.015563183464109898"
"8196","0.013966015540063381","0.013966015540063381","0.013966015540063381"
"8197","0.01139034703373909","0.01139034703373909","0.01139034703373909"
"8200","0.013425184413790703","0.013425184413790703","0.013425184413790703"
"8208","0.014341580681502819","0.014341580681502819","0.014341580681502819"
"8213","0.014805021695792675","0.014805021695792675","0.014805021695792675"
"8229","0.012692769058048725","0.012692769058048725","0.012692769058048725"
"8230","0.01288506481796503","0.01288506481796503","0.01288506481796503"
"8239","0.012772646732628345","0.012772646732628345","0.012772646732628345"
"8243","0.014380373060703278","0.014380373060703278","0.014380373060703278"
"8244","0.012555744498968124","0.012555744498968124","0.012555744498968124"
"8245","0.013321814127266407","0.013321814127266407","0.013321814127266407"
"8272","0.010711196810007095","0.010711196810007095","0.010711196810007095"
"8274","0.013715519569814205","0.013715519569814205","0.013715519569814205"
"8309","0.01344900019466877","0.01344900019466877","0.01344900019466877"
"8334","0.016884759068489075","0.016884759068489075","0.016884759068489075"
"8345","0.01516439113765955","0.01516439113765955","0.01516439113765955"
"8348","0.01455510500818491","0.01455510500818491","0.01455510500818491"
"8350","0.012927936390042305","0.012927936390042305","0.012927936390042305"
"8357","0.016773592680692673","0.016773592680692673","0.016773592680692673"
"8362","0.020238686352968216","0.020238686352968216","0.020238686352968216"
"8370","0.010435272939503193","0.010435272939503193","0.010435272939503193"
"8376","0.0191673431545496","0.0191673431545496","0.0191673431545496"
"8387","0.018235819414258003","0.018235819414258003","0.018235819414258003"
"8398","0.015217520296573639","0.015217520296573639","0.015217520296573639"
"8400","0.018059710040688515","0.018059710040688515","0.018059710040688515"
"8406","0.012833403423428535","0.012833403423428535","0.012833403423428535"
"8418","0.012108423747122288","0.012108423747122288","0.012108423747122288"
"8420","0.013934098184108734","0.013934098184108734","0.013934098184108734"
"8426","0.014453882351517677","0.014453882351517677","0.014453882351517677"
"8430","0.012762797065079212","0.012762797065079212","0.012762797065079212"
"8436","0.013382423669099808","0.013382423669099808","0.013382423669099808"
"8439","0.013628668151795864","0.013628668151795864","0.013628668151795864"
"8443","0.017665941268205643","0.017665941268205643","0.017665941268205643"
"8449","0.012882878072559834","0.012882878072559834","0.012882878072559834"
"8457","0.015090126544237137","0.015090126544237137","0.015090126544237137"
"8458","0.012007486075162888","0.012007486075162888","0.012007486075162888"
"8468","0.015947610139846802","0.015947610139846802","0.015947610139846802"
"8469","0.012437199242413044","0.012437199242413044","0.012437199242413044"
"8482","0.013794749043881893","0.013794749043881893","0.013794749043881893"
"8491","0.012397222220897675","0.012397222220897675","0.012397222220897675"
"8500","0.013816095888614655","0.013816095888614655","0.013816095888614655"
"8505","0.011966132558882236","0.011966132558882236","0.011966132558882236"
"8534","0.011307315900921822","0.011307315900921822","0.011307315900921822"
"8552","0.00922794546931982","0.00922794546931982","0.00922794546931982"
"8568","0.013635695911943913","0.013635695911943913","0.013635695911943913"
"8576","0.009814999997615814","0.009814999997615814","0.009814999997615814"
"8578","0.008826139383018017","0.008826139383018017","0.008826139383018017"
"8583","0.013037913478910923","0.013037913478910923","0.013037913478910923"
"8598","0.012263225391507149","0.012263225391507149","0.012263225391507149"
"8612","0.01158056128770113","0.01158056128770113","0.01158056128770113"
"8632","0.02141740918159485","0.02141740918159485","0.02141740918159485"
"8654","0.012440595775842667","0.012440595775842667","0.012440595775842667"
"8668","0.019830970093607903","0.019830970093607903","0.019830970093607903"
"8670","0.01411404088139534","0.01411404088139534","0.01411404088139534"
"8698","0.01693483628332615","0.01693483628332615","0.01693483628332615"
"8699","0.017853565514087677","0.017853565514087677","0.017853565514087677"
"8714","0.01352190412580967","0.01352190412580967","0.01352190412580967"
"8718","0.013753027655184269","0.013753027655184269","0.013753027655184269"
"8723","0.01485786959528923","0.01485786959528923","0.01485786959528923"
"8727","0.011782113462686539","0.011782113462686539","0.011782113462686539"
"8728","0.012988079339265823","0.012988079339265823","0.012988079339265823"
"8735","0.01445575151592493","0.01445575151592493","0.01445575151592493"
"8738","0.014783046208322048","0.014783046208322048","0.014783046208322048"
"8745","0.011706719174981117","0.011706719174981117","0.011706719174981117"
"8767","0.01263838168233633","0.01263838168233633","0.01263838168233633"
"8790","0.013325042091310024","0.013325042091310024","0.013325042091310024"
"8793","0.01319270022213459","0.01319270022213459","0.01319270022213459"
"8827","0.012084905058145523","0.012084905058145523","0.012084905058145523"
"8844","0.012024049647152424","0.012024049647152424","0.012024049647152424"
"8852","0.014820653013885021","0.014820653013885021","0.014820653013885021"
"8862","0.012700592167675495","0.012700592167675495","0.012700592167675495"
"8867","0.011991617269814014","0.011991617269814014","0.011991617269814014"
"8895","0.010621372610330582","0.010621372610330582","0.010621372610330582"
"8903","0.014300896786153316","0.014300896786153316","0.014300896786153316"
"8915","0.01359840203076601","0.01359840203076601","0.01359840203076601"
"8928","0.012128655798733234","0.012128655798733234","0.012128655798733234"
"8932","0.014070582576096058","0.014070582576096058","0.014070582576096058"
"8951","0.012826379388570786","0.012826379388570786","0.012826379388570786"
"8957","0.01232460979372263","0.01232460979372263","0.01232460979372263"
"8960","0.013714965432882309","0.013714965432882309","0.013714965432882309"
"8969","0.014063159003853798","0.014063159003853798","0.014063159003853798"
"8974","0.009953731670975685","0.009953731670975685","0.009953731670975685"
"8980","0.013773246668279171","0.013773246668279171","0.013773246668279171"
"8982","0.01390464510768652","0.01390464510768652","0.01390464510768652"
"8990","0.01572558656334877","0.01572558656334877","0.01572558656334877"
"8994","0.01399435754865408","0.01399435754865408","0.01399435754865408"
"9006","0.011798533610999584","0.011798533610999584","0.011798533610999584"
"9013","0.013719169422984123","0.013719169422984123","0.013719169422984123"
"9016","0.011916456744074821","0.011916456744074821","0.011916456744074821"
"9021","0.011427067220211029","0.011427067220211029","0.011427067220211029"
"9060","0.012069367803633213","0.012069367803633213","0.012069367803633213"
"9061","0.014255709946155548","0.014255709946155548","0.014255709946155548"
"9068","0.00926005095243454","0.00926005095243454","0.00926005095243454"
"9076","0.014028307050466537","0.014028307050466537","0.014028307050466537"
"9082","0.012511354871094227","0.012511354871094227","0.012511354871094227"
"9088","0.015741601586341858","0.015741601586341858","0.015741601586341858"
"9096","0.011053209193050861","0.011053209193050861","0.011053209193050861"
"9111","0.009848027490079403","0.009848027490079403","0.009848027490079403"
"9126","0.016344120725989342","0.016344120725989342","0.016344120725989342"
"9141","0.014186320826411247","0.014186320826411247","0.014186320826411247"
"9148","0.011531036347150803","0.011531036347150803","0.011531036347150803"
"9149","0.013380798511207104","0.013380798511207104","0.013380798511207104"
"9178","0.012351994402706623","0.012351994402706623","0.012351994402706623"
"9194","0.012592128477990627","0.012592128477990627","0.012592128477990627"
"9200","0.013274768367409706","0.013274768367409706","0.013274768367409706"
"9221","0.011363644152879715","0.011363644152879715","0.011363644152879715"
"9239","0.010829989798367023","0.010829989798367023","0.010829989798367023"
"9241","0.012542249634861946","0.012542249634861946","0.012542249634861946"
"9247","0.012156202457845211","0.012156202457845211","0.012156202457845211"
"9263","0.012516033835709095","0.012516033835709095","0.012516033835709095"
"9283","0.01355494000017643","0.01355494000017643","0.01355494000017643"
"9291","0.012338068336248398","0.012338068336248398","0.012338068336248398"
"9292","0.013897878117859364","0.013897878117859364","0.013897878117859364"
"9294","0.011655347421765327","0.011655347421765327","0.011655347421765327"
"9300","0.011029493995010853","0.011029493995010853","0.011029493995010853"
"9305","0.011463690549135208","0.011463690549135208","0.011463690549135208"
"9326","0.01606071926653385","0.01606071926653385","0.01606071926653385"
"9345","0.008994236588478088","0.008994236588478088","0.008994236588478088"
"9348","0.015004578046500683","0.015004578046500683","0.015004578046500683"
"9358","0.015109249390661716","0.015109249390661716","0.015109249390661716"
"9369","0.01533440314233303","0.01533440314233303","0.01533440314233303"
"9374","0.013528994284570217","0.013528994284570217","0.013528994284570217"
"9376","0.013464507646858692","0.013464507646858692","0.013464507646858692"
"9381","0.013478107750415802","0.013478107750415802","0.013478107750415802"
"9383","0.012344111688435078","0.012344111688435078","0.012344111688435078"
"9385","0.014644387178122997","0.014644387178122997","0.014644387178122997"
"9399","0.014820005744695663","0.014820005744695663","0.014820005744695663"
"9412","0.012952362187206745","0.012952362187206745","0.012952362187206745"
"9414","0.018436245620250702","0.018436245620250702","0.018436245620250702"
"9417","0.012823367491364479","0.012823367491364479","0.012823367491364479"
"9419","0.013797813095152378","0.013797813095152378","0.013797813095152378"
"9428","0.017502715811133385","0.017502715811133385","0.017502715811133385"
"9432","0.01785215735435486","0.01785215735435486","0.01785215735435486"
"9434","0.016487881541252136","0.016487881541252136","0.016487881541252136"
"9447","0.010402730666100979","0.010402730666100979","0.010402730666100979"
"9448","0.01274836529046297","0.01274836529046297","0.01274836529046297"
"9460","0.010951596312224865","0.010951596312224865","0.010951596312224865"
"9465","0.01335554663091898","0.01335554663091898","0.01335554663091898"
"9469","0.014093928970396519","0.014093928970396519","0.014093928970396519"
"9481","0.010443577542901039","0.010443577542901039","0.010443577542901039"
"9486","0.011648576706647873","0.011648576706647873","0.011648576706647873"
"9490","0.011621285229921341","0.011621285229921341","0.011621285229921341"
"9491","0.013713923282921314","0.013713923282921314","0.013713923282921314"
"9504","0.012425816617906094","0.012425816617906094","0.012425816617906094"
"9510","0.013357018120586872","0.013357018120586872","0.013357018120586872"
"9515","0.011603844352066517","0.011603844352066517","0.011603844352066517"
"9536","0.011761072091758251","0.011761072091758251","0.011761072091758251"
"9544","0.011692377738654613","0.011692377738654613","0.011692377738654613"
"9546","0.013921532779932022","0.013921532779932022","0.013921532779932022"
"9556","0.013032450340688229","0.013032450340688229","0.013032450340688229"
"9558","0.010532084852457047","0.010532084852457047","0.010532084852457047"
"9561","0.014232771471142769","0.014232771471142769","0.014232771471142769"
"9577","0.011238408274948597","0.011238408274948597","0.011238408274948597"
"9588","0.012373196892440319","0.012373196892440319","0.012373196892440319"
"9593","0.01572340540587902","0.01572340540587902","0.01572340540587902"
"9620","0.011215608566999435","0.011215608566999435","0.011215608566999435"
"9621","0.013868877664208412","0.013868877664208412","0.013868877664208412"
"9625","0.009108351543545723","0.009108351543545723","0.009108351543545723"
"9628","0.01573925092816353","0.01573925092816353","0.01573925092816353"
"9643","0.02001563087105751","0.02001563087105751","0.02001563087105751"
"9644","0.014185454696416855","0.014185454696416855","0.014185454696416855"
"9654","0.015664368867874146","0.015664368867874146","0.015664368867874146"
"9671","0.022942721843719482","0.022942721843719482","0.022942721843719482"
"9680","0.016077449545264244","0.016077449545264244","0.016077449545264244"
"9689","0.01585196889936924","0.01585196889936924","0.01585196889936924"
"9691","0.01528717391192913","0.01528717391192913","0.01528717391192913"
"9696","0.012077854946255684","0.012077854946255684","0.012077854946255684"
"9719","0.01477190013974905","0.01477190013974905","0.01477190013974905"
"9734","0.013889349065721035","0.013889349065721035","0.013889349065721035"
"9745","0.01370326429605484","0.01370326429605484","0.01370326429605484"
"9766","0.012857669033110142","0.012857669033110142","0.012857669033110142"
"9769","0.01581261120736599","0.01581261120736599","0.01581261120736599"
"9775","0.015984395518898964","0.015984395518898964","0.015984395518898964"
"9776","0.012289670296013355","0.012289670296013355","0.012289670296013355"
"9787","0.01251368597149849","0.01251368597149849","0.01251368597149849"
"9804","0.012204599566757679","0.012204599566757679","0.012204599566757679"
"9811","0.01414427813142538","0.01414427813142538","0.01414427813142538"
"9820","0.014343236573040485","0.014343236573040485","0.014343236573040485"
"9829","0.012591756880283356","0.012591756880283356","0.012591756880283356"
"9833","0.011620011180639267","0.011620011180639267","0.011620011180639267"
"9841","0.014734324999153614","0.014734324999153614","0.014734324999153614"
"9851","0.01724351942539215","0.01724351942539215","0.01724351942539215"
"9857","0.01557192299515009","0.01557192299515009","0.01557192299515009"
"9859","0.013846920803189278","0.013846920803189278","0.013846920803189278"
"9881","0.01532693300396204","0.01532693300396204","0.01532693300396204"
"9895","0.013081171549856663","0.013081171549856663","0.013081171549856663"
"9898","0.009698107838630676","0.009698107838630676","0.009698107838630676"
"9904","0.010148877277970314","0.010148877277970314","0.010148877277970314"
"9907","0.013758965767920017","0.013758965767920017","0.013758965767920017"
"9924","0.011953221634030342","0.011953221634030342","0.011953221634030342"
"9935","0.012631412595510483","0.012631412595510483","0.012631412595510483"
"9941","0.011671190150082111","0.011671190150082111","0.011671190150082111"
"9955","0.016647571697831154","0.016647571697831154","0.016647571697831154"
"9956","0.013521880842745304","0.013521880842745304","0.013521880842745304"
"9967","0.01309170015156269","0.01309170015156269","0.01309170015156269"
"9971","0.013490650802850723","0.013490650802850723","0.013490650802850723"
"9977","0.012634338811039925","0.012634338811039925","0.012634338811039925"
"9988","0.012181537225842476","0.012181537225842476","0.012181537225842476"
"10001","0.011063121259212494","0.011063121259212494","0.011063121259212494"
"10013","0.013619223609566689","0.013619223609566689","0.013619223609566689"
"10016","0.012325703166425228","0.012325703166425228","0.012325703166425228"
"10026","0.008968280628323555","0.008968280628323555","0.008968280628323555"
"10027","0.013977015390992165","0.013977015390992165","0.013977015390992165"
"10032","0.01502365991473198","0.01502365991473198","0.01502365991473198"
"10045","0.01081628818064928","0.01081628818064928","0.01081628818064928"
"10050","0.010104136541485786","0.010104136541485786","0.010104136541485786"
"10067","0.008949635550379753","0.008949635550379753","0.008949635550379753"
"10084","0.014470525085926056","0.014470525085926056","0.014470525085926056"
"10091","0.013178232125937939","0.013178232125937939","0.013178232125937939"
"10095","0.012885632924735546","0.012885632924735546","0.012885632924735546"
"10100","0.012246683239936829","0.012246683239936829","0.012246683239936829"
"10115","0.008368350565433502","0.008368350565433502","0.008368350565433502"
"10124","0.010724203661084175","0.010724203661084175","0.010724203661084175"
"10133","0.011354604735970497","0.011354604735970497","0.011354604735970497"
"10149","0.014504024758934975","0.014504024758934975","0.014504024758934975"
"10167","0.013380201533436775","0.013380201533436775","0.013380201533436775"
"10170","0.009888029657304287","0.009888029657304287","0.009888029657304287"
"10183","0.013907628133893013","0.013907628133893013","0.013907628133893013"
"10202","0.01378609612584114","0.01378609612584114","0.01378609612584114"
"10244","0.009564421139657497","0.009564421139657497","0.009564421139657497"
"10272","0.010155130177736282","0.010155130177736282","0.010155130177736282"
"10277","0.010448181070387363","0.010448181070387363","0.010448181070387363"
"10302","0.013438954018056393","0.013438954018056393","0.013438954018056393"
"10328","0.01156577467918396","0.01156577467918396","0.01156577467918396"
"10329","0.012171712704002857","0.012171712704002857","0.012171712704002857"
"10342","0.01016476284712553","0.01016476284712553","0.01016476284712553"
"10349","0.01161213405430317","0.01161213405430317","0.01161213405430317"
"10354","0.009765210561454296","0.009765210561454296","0.009765210561454296"
"10355","0.012765709310770035","0.012765709310770035","0.012765709310770035"
"10368","0.011398421600461006","0.011398421600461006","0.011398421600461006"
"10376","0.018421808257699013","0.018421808257699013","0.018421808257699013"
"10377","0.012642201036214828","0.012642201036214828","0.012642201036214828"
"10408","0.013715061359107494","0.013715061359107494","0.013715061359107494"
"10421","0.011861120350658894","0.011861120350658894","0.011861120350658894"
"10436","0.012738862074911594","0.012738862074911594","0.012738862074911594"
"10439","0.01240164041519165","0.01240164041519165","0.01240164041519165"
"10441","0.012233758345246315","0.012233758345246315","0.012233758345246315"
"10445","0.011413322761654854","0.011413322761654854","0.011413322761654854"
"10451","0.012233261950314045","0.012233261950314045","0.012233261950314045"
"10460","0.014864436350762844","0.014864436350762844","0.014864436350762844"
"10479","0.013087013736367226","0.013087013736367226","0.013087013736367226"
"10481","0.013520362786948681","0.013520362786948681","0.013520362786948681"
"10486","0.01169158797711134","0.01169158797711134","0.01169158797711134"
"10490","0.009773685596883297","0.009773685596883297","0.009773685596883297"
"10499","0.012835266999900341","0.012835266999900341","0.012835266999900341"
"10500","0.01294964924454689","0.01294964924454689","0.01294964924454689"
"10501","0.011373648419976234","0.011373648419976234","0.011373648419976234"
"10507","0.015864282846450806","0.015864282846450806","0.015864282846450806"
"10534","0.013113162480294704","0.013113162480294704","0.013113162480294704"
"10545","0.010440478101372719","0.010440478101372719","0.010440478101372719"
"10572","0.0121696712449193","0.0121696712449193","0.0121696712449193"
"10575","0.015594872646033764","0.015594872646033764","0.015594872646033764"
"10594","0.012895014137029648","0.012895014137029648","0.012895014137029648"
"10598","0.011263519525527954","0.011263519525527954","0.011263519525527954"
"10601","0.01424894668161869","0.01424894668161869","0.01424894668161869"
"10618","0.011262891814112663","0.011262891814112663","0.011262891814112663"
"10626","0.012737499549984932","0.012737499549984932","0.012737499549984932"
"10642","0.01186172291636467","0.01186172291636467","0.01186172291636467"
"10661","0.013439439237117767","0.013439439237117767","0.013439439237117767"
"10662","0.012846165336668491","0.012846165336668491","0.012846165336668491"
"10678","0.01307312399148941","0.01307312399148941","0.01307312399148941"
"10681","0.014305660501122475","0.014305660501122475","0.014305660501122475"
"10686","0.012350869365036488","0.012350869365036488","0.012350869365036488"
"10692","0.013420573435723782","0.013420573435723782","0.013420573435723782"
"10706","0.014375668950378895","0.014375668950378895","0.014375668950378895"
"10710","0.014311648905277252","0.014311648905277252","0.014311648905277252"
"10715","0.011265349574387074","0.011265349574387074","0.011265349574387074"
"10733","0.009375077672302723","0.009375077672302723","0.009375077672302723"
"10746","0.012327879667282104","0.012327879667282104","0.012327879667282104"
"10752","0.00935529638081789","0.00935529638081789","0.00935529638081789"
"10760","0.010150967165827751","0.010150967165827751","0.010150967165827751"
"10778","0.011378628201782703","0.011378628201782703","0.011378628201782703"
"10821","0.013521893881261349","0.013521893881261349","0.013521893881261349"
"10822","0.012024978175759315","0.012024978175759315","0.012024978175759315"
"10865","0.012241827324032784","0.012241827324032784","0.012241827324032784"
"10873","0.013256837613880634","0.013256837613880634","0.013256837613880634"
"10887","0.014957391656935215","0.014957391656935215","0.014957391656935215"
"10894","0.015895722433924675","0.015895722433924675","0.015895722433924675"
"10903","0.01564963534474373","0.01564963534474373","0.01564963534474373"
"10914","0.011604112572968006","0.011604112572968006","0.011604112572968006"
"10925","0.017171025276184082","0.017171025276184082","0.017171025276184082"
"10944","0.0112568074837327","0.0112568074837327","0.0112568074837327"
"10950","0.012586419470608234","0.012586419470608234","0.012586419470608234"
"10961","0.016863452270627022","0.016863452270627022","0.016863452270627022"
"10962","0.01329817995429039","0.01329817995429039","0.01329817995429039"
"10966","0.01339774951338768","0.01339774951338768","0.01339774951338768"
"10973","0.013746429234743118","0.013746429234743118","0.013746429234743118"
"10984","0.00959817972034216","0.00959817972034216","0.00959817972034216"
"11003","0.01092139258980751","0.01092139258980751","0.01092139258980751"
"11006","0.011740012094378471","0.011740012094378471","0.011740012094378471"
"11007","0.010806092992424965","0.010806092992424965","0.010806092992424965"
"11012","0.012600252404808998","0.012600252404808998","0.012600252404808998"
"11019","0.01302493829280138","0.01302493829280138","0.01302493829280138"
"11032","0.012171093374490738","0.012171093374490738","0.012171093374490738"
"11033","0.010290473699569702","0.010290473699569702","0.010290473699569702"
"11039","0.01306777074933052","0.01306777074933052","0.01306777074933052"
"11041","0.0121613759547472","0.0121613759547472","0.0121613759547472"
"11043","0.013923343271017075","0.013923343271017075","0.013923343271017075"
"11044","0.01100081391632557","0.01100081391632557","0.01100081391632557"
"11077","0.013863720931112766","0.013863720931112766","0.013863720931112766"
"11078","0.013029945082962513","0.013029945082962513","0.013029945082962513"
"11102","0.013095255941152573","0.013095255941152573","0.013095255941152573"
"11112","0.012724565342068672","0.012724565342068672","0.012724565342068672"
"11124","0.010287778452038765","0.010287778452038765","0.010287778452038765"
"11125","0.01033721212297678","0.01033721212297678","0.01033721212297678"
"11156","0.01458133477717638","0.01458133477717638","0.01458133477717638"
"11158","0.01676822453737259","0.01676822453737259","0.01676822453737259"
"11161","0.02466590143740177","0.02466590143740177","0.02466590143740177"
"11169","0.03224632143974304","0.03224632143974304","0.03224632143974304"
"11185","0.014430285431444645","0.014430285431444645","0.014430285431444645"
"11196","0.012199118733406067","0.012199118733406067","0.012199118733406067"
"11203","0.012133103795349598","0.012133103795349598","0.012133103795349598"
"11206","0.011977609246969223","0.011977609246969223","0.011977609246969223"
"11233","0.012547452934086323","0.012547452934086323","0.012547452934086323"
"11235","0.01076301746070385","0.01076301746070385","0.01076301746070385"
"11244","0.012669943273067474","0.012669943273067474","0.012669943273067474"
"11261","0.012871397659182549","0.012871397659182549","0.012871397659182549"
"11264","0.011689438484609127","0.011689438484609127","0.011689438484609127"
"11275","0.00783449225127697","0.00783449225127697","0.00783449225127697"
"11280","0.013739868067204952","0.013739868067204952","0.013739868067204952"
"11285","0.008806025609374046","0.008806025609374046","0.008806025609374046"
"11329","0.013706780038774014","0.013706780038774014","0.013706780038774014"
"11339","0.012935806065797806","0.012935806065797806","0.012935806065797806"
"11340","0.01039042230695486","0.01039042230695486","0.01039042230695486"
"11369","0.010964536108076572","0.010964536108076572","0.010964536108076572"
"11370","0.011217126622796059","0.011217126622796059","0.011217126622796059"
"11375","0.00895774271339178","0.00895774271339178","0.00895774271339178"
"11403","0.011820096522569656","0.011820096522569656","0.011820096522569656"
"11404","0.013135992921888828","0.013135992921888828","0.013135992921888828"
"11407","0.01130356639623642","0.01130356639623642","0.01130356639623642"
"11419","0.0136062391102314","0.0136062391102314","0.0136062391102314"
"11426","0.014567354694008827","0.014567354694008827","0.014567354694008827"
"11436","0.012391834519803524","0.012391834519803524","0.012391834519803524"
"11440","0.014221501536667347","0.014221501536667347","0.014221501536667347"
"11444","0.014731185510754585","0.014731185510754585","0.014731185510754585"
"11446","0.010770422406494617","0.010770422406494617","0.010770422406494617"
"11465","0.010588628239929676","0.010588628239929676","0.010588628239929676"
"11477","0.011622403748333454","0.011622403748333454","0.011622403748333454"
"11490","0.012449999339878559","0.012449999339878559","0.012449999339878559"
"11493","0.010858623310923576","0.010858623310923576","0.010858623310923576"
"11496","0.009538955055177212","0.009538955055177212","0.009538955055177212"
"11510","0.010573689825832844","0.010573689825832844","0.010573689825832844"
"11518","0.007747397292405367","0.007747397292405367","0.007747397292405367"
"11535","0.012066224589943886","0.012066224589943886","0.012066224589943886"
"11545","0.012254132889211178","0.012254132889211178","0.012254132889211178"
"11546","0.00998019054532051","0.00998019054532051","0.00998019054532051"
"11547","0.0120090888813138","0.0120090888813138","0.0120090888813138"
"11548","0.009974071756005287","0.009974071756005287","0.009974071756005287"
"11552","0.010994507931172848","0.010994507931172848","0.010994507931172848"
"11564","0.011374584399163723","0.011374584399163723","0.011374584399163723"
"11569","0.01232256181538105","0.01232256181538105","0.01232256181538105"
"11576","0.011009447276592255","0.011009447276592255","0.011009447276592255"
"11589","0.01235099509358406","0.01235099509358406","0.01235099509358406"
"11603","0.010834221728146076","0.010834221728146076","0.010834221728146076"
"11618","0.012356936931610107","0.012356936931610107","0.012356936931610107"
"11622","0.012873861007392406","0.012873861007392406","0.012873861007392406"
"11628","0.01148535031825304","0.01148535031825304","0.01148535031825304"
"11639","0.013361475430428982","0.013361475430428982","0.013361475430428982"
"11640","0.014297740533947945","0.014297740533947945","0.014297740533947945"
"11645","0.011508756317198277","0.011508756317198277","0.011508756317198277"
"11650","0.011086920276284218","0.011086920276284218","0.011086920276284218"
"11664","0.008551396429538727","0.008551396429538727","0.008551396429538727"
"11666","0.014191554859280586","0.014191554859280586","0.014191554859280586"
"11676","0.012754618190228939","0.012754618190228939","0.012754618190228939"
"11692","0.011908261105418205","0.011908261105418205","0.011908261105418205"
"11711","0.01006291713565588","0.01006291713565588","0.01006291713565588"
"11718","0.01246028020977974","0.01246028020977974","0.01246028020977974"
"11725","0.013152522034943104","0.013152522034943104","0.013152522034943104"
"11734","0.011016396805644035","0.011016396805644035","0.011016396805644035"
"11735","0.010670004412531853","0.010670004412531853","0.010670004412531853"
"11736","0.008821365423500538","0.008821365423500538","0.008821365423500538"
"11741","0.01145380549132824","0.01145380549132824","0.01145380549132824"
"11744","0.012636321596801281","0.012636321596801281","0.012636321596801281"
"11766","0.0141269750893116","0.0141269750893116","0.0141269750893116"
"11768","0.010243109427392483","0.010243109427392483","0.010243109427392483"
"11773","0.010360523127019405","0.010360523127019405","0.010360523127019405"
"11781","0.014033254235982895","0.014033254235982895","0.014033254235982895"
"11784","0.011259031482040882","0.011259031482040882","0.011259031482040882"
"11787","0.015259972773492336","0.015259972773492336","0.015259972773492336"
"11792","0.01406375877559185","0.01406375877559185","0.01406375877559185"
"11793","0.013858758844435215","0.013858758844435215","0.013858758844435215"
"11813","0.009978570975363255","0.009978570975363255","0.009978570975363255"
"11816","0.014463895000517368","0.014463895000517368","0.014463895000517368"
"11819","0.010452181100845337","0.010452181100845337","0.010452181100845337"
"11820","0.01025136187672615","0.01025136187672615","0.01025136187672615"
"11823","0.010126731358468533","0.010126731358468533","0.010126731358468533"
"11853","0.012947526760399342","0.012947526760399342","0.012947526760399342"
"11865","0.008894630707800388","0.008894630707800388","0.008894630707800388"
"11868","0.01275269128382206","0.01275269128382206","0.01275269128382206"
"11872","0.01486525870859623","0.01486525870859623","0.01486525870859623"
"11874","0.012888914905488491","0.012888914905488491","0.012888914905488491"
"11878","0.015085186809301376","0.015085186809301376","0.015085186809301376"
"11883","0.012552252970635891","0.012552252970635891","0.012552252970635891"
"11884","0.01206358615309","0.01206358615309","0.01206358615309"
"11897","0.012137839570641518","0.012137839570641518","0.012137839570641518"
"11902","0.011961610987782478","0.011961610987782478","0.011961610987782478"
"11908","0.00988982804119587","0.00988982804119587","0.00988982804119587"
"11910","0.012698880396783352","0.012698880396783352","0.012698880396783352"
"11912","0.010698733851313591","0.010698733851313591","0.010698733851313591"
"11914","0.011570332571864128","0.011570332571864128","0.011570332571864128"
"11915","0.011521995067596436","0.011521995067596436","0.011521995067596436"
"11921","0.010744963772594929","0.010744963772594929","0.010744963772594929"
"11933","0.013502988032996655","0.013502988032996655","0.013502988032996655"
"11934","0.01254875399172306","0.01254875399172306","0.01254875399172306"
"11940","0.012721804901957512","0.012721804901957512","0.012721804901957512"
"11943","0.01248936727643013","0.01248936727643013","0.01248936727643013"
"11952","0.012537364847958088","0.012537364847958088","0.012537364847958088"
"11955","0.0119519904255867","0.0119519904255867","0.0119519904255867"
"11957","0.011517706327140331","0.011517706327140331","0.011517706327140331"
"11965","0.012443188577890396","0.012443188577890396","0.012443188577890396"
"11966","0.010787098668515682","0.010787098668515682","0.010787098668515682"
"11978","0.011927259154617786","0.011927259154617786","0.011927259154617786"
"11979","0.012213977985084057","0.012213977985084057","0.012213977985084057"
"11980","0.0094547588378191","0.0094547588378191","0.0094547588378191"
"11987","0.010120630264282227","0.010120630264282227","0.010120630264282227"
"11989","0.008624070324003696","0.008624070324003696","0.008624070324003696"
"12003","0.009964212775230408","0.009964212775230408","0.009964212775230408"
"12006","0.015165292657911777","0.015165292657911777","0.015165292657911777"
"12009","0.0097508504986763","0.0097508504986763","0.0097508504986763"
"12011","0.00980812031775713","0.00980812031775713","0.00980812031775713"
"12015","0.011595703661441803","0.011595703661441803","0.011595703661441803"
"12021","0.012863682582974434","0.012863682582974434","0.012863682582974434"
"12041","0.012776540592312813","0.012776540592312813","0.012776540592312813"
"12058","0.01772536337375641","0.01772536337375641","0.01772536337375641"
"12069","0.025067532435059547","0.025067532435059547","0.025067532435059547"
"12073","0.024541480466723442","0.024541480466723442","0.024541480466723442"
"12079","0.033482760190963745","0.033482760190963745","0.033482760190963745"
"12085","0.019782381132245064","0.019782381132245064","0.019782381132245064"
"12088","0.017115434631705284","0.017115434631705284","0.017115434631705284"
"12118","0.012931467033922672","0.012931467033922672","0.012931467033922672"
"12126","0.011755728162825108","0.011755728162825108","0.011755728162825108"
"12130","0.01247791200876236","0.01247791200876236","0.01247791200876236"
"12139","0.01326357014477253","0.01326357014477253","0.01326357014477253"
"12148","0.012604878284037113","0.012604878284037113","0.012604878284037113"
"12168","0.012426339089870453","0.012426339089870453","0.012426339089870453"
"12176","0.01196298934519291","0.01196298934519291","0.01196298934519291"
"12187","0.013751083053648472","0.013751083053648472","0.013751083053648472"
"12200","0.01146771665662527","0.01146771665662527","0.01146771665662527"
"12208","0.010629799216985703","0.010629799216985703","0.010629799216985703"
"12244","0.01236410066485405","0.01236410066485405","0.01236410066485405"
"12249","0.013413216918706894","0.013413216918706894","0.013413216918706894"
"12258","0.011194306425750256","0.011194306425750256","0.011194306425750256"
"12264","0.008608929812908173","0.008608929812908173","0.008608929812908173"
"12273","0.012838265858590603","0.012838265858590603","0.012838265858590603"
"12301","0.01054119411855936","0.01054119411855936","0.01054119411855936"
"12305","0.010431239381432533","0.010431239381432533","0.010431239381432533"
"12308","0.010503120720386505","0.010503120720386505","0.010503120720386505"
"12315","0.013829175382852554","0.013829175382852554","0.013829175382852554"
"12318","0.011984147131443024","0.011984147131443024","0.011984147131443024"
"12331","0.01120745949447155","0.01120745949447155","0.01120745949447155"
"12333","0.011266988702118397","0.011266988702118397","0.011266988702118397"
"12334","0.011895122937858105","0.011895122937858105","0.011895122937858105"
"12338","0.010452598333358765","0.010452598333358765","0.010452598333358765"
"12344","0.01440273504704237","0.01440273504704237","0.01440273504704237"
"12346","0.010416053235530853","0.010416053235530853","0.010416053235530853"
"12373","0.013257053680717945","0.013257053680717945","0.013257053680717945"
"12376","0.010946976020932198","0.010946976020932198","0.010946976020932198"
"12382","0.012404529377818108","0.012404529377818108","0.012404529377818108"
"12390","0.010253200307488441","0.010253200307488441","0.010253200307488441"
"12391","0.010040262714028358","0.010040262714028358","0.010040262714028358"
"12413","0.013324624858796597","0.013324624858796597","0.013324624858796597"
"12415","0.010158834978938103","0.010158834978938103","0.010158834978938103"
"12439","0.01413543801754713","0.01413543801754713","0.01413543801754713"
"12447","0.012533361092209816","0.012533361092209816","0.012533361092209816"
"12461","0.009570828638970852","0.009570828638970852","0.009570828638970852"
"12496","0.013207592070102692","0.013207592070102692","0.013207592070102692"
"12523","0.013404720462858677","0.013404720462858677","0.013404720462858677"
"12528","0.014184663072228432","0.014184663072228432","0.014184663072228432"
"12546","0.010391614399850368","0.010391614399850368","0.010391614399850368"
"12565","0.012392633594572544","0.012392633594572544","0.012392633594572544"
"12572","0.010136229917407036","0.010136229917407036","0.010136229917407036"
"12575","0.010211697779595852","0.010211697779595852","0.010211697779595852"
"12590","0.012003282085061073","0.012003282085061073","0.012003282085061073"
"12619","0.013218377716839314","0.013218377716839314","0.013218377716839314"
"12622","0.010306477546691895","0.010306477546691895","0.010306477546691895"
"12631","0.010482775047421455","0.010482775047421455","0.010482775047421455"
"12634","0.012423098087310791","0.012423098087310791","0.012423098087310791"
"12641","0.009471673518419266","0.009471673518419266","0.009471673518419266"
"12653","0.014122234657406807","0.014122234657406807","0.014122234657406807"
"12658","0.011077347211539745","0.011077347211539745","0.011077347211539745"
"12661","0.012486104853451252","0.012486104853451252","0.012486104853451252"
"12666","0.012081235647201538","0.012081235647201538","0.012081235647201538"
"12674","0.01260570902377367","0.01260570902377367","0.01260570902377367"
"12688","0.01212876383215189","0.01212876383215189","0.01212876383215189"
"12697","0.01129072718322277","0.01129072718322277","0.01129072718322277"
"12698","0.013270259834825993","0.013270259834825993","0.013270259834825993"
"12699","0.01113651692867279","0.01113651692867279","0.01113651692867279"
"12708","0.012978230603039265","0.012978230603039265","0.012978230603039265"
"12724","0.013988652266561985","0.013988652266561985","0.013988652266561985"
"12733","0.009412882849574089","0.009412882849574089","0.009412882849574089"
"12735","0.012186839245259762","0.012186839245259762","0.012186839245259762"
"12741","0.009133491665124893","0.009133491665124893","0.009133491665124893"
"12744","0.01313862670212984","0.01313862670212984","0.01313862670212984"
"12745","0.012061860412359238","0.012061860412359238","0.012061860412359238"
"12758","0.010176526382565498","0.010176526382565498","0.010176526382565498"
"12759","0.013510041870176792","0.013510041870176792","0.013510041870176792"
"12760","0.012383016757667065","0.012383016757667065","0.012383016757667065"
"12784","0.01151216495782137","0.01151216495782137","0.01151216495782137"
"12786","0.011185858398675919","0.011185858398675919","0.011185858398675919"
"12787","0.0086072888225317","0.0086072888225317","0.0086072888225317"
"12797","0.009482242166996002","0.009482242166996002","0.009482242166996002"
"12803","0.013249092735350132","0.013249092735350132","0.013249092735350132"
"12810","0.010970660485327244","0.010970660485327244","0.010970660485327244"
"12820","0.008802930824458599","0.008802930824458599","0.008802930824458599"
"12840","0.012145050801336765","0.012145050801336765","0.012145050801336765"
"12860","0.013676167465746403","0.013676167465746403","0.013676167465746403"
"12867","0.015456407330930233","0.015456407330930233","0.015456407330930233"
"12874","0.014521893113851547","0.014521893113851547","0.014521893113851547"
"12879","0.014587885700166225","0.014587885700166225","0.014587885700166225"
"12922","0.011682774871587753","0.011682774871587753","0.011682774871587753"
"12930","0.011602195911109447","0.011602195911109447","0.011602195911109447"
"12934","0.010170926339924335","0.010170926339924335","0.010170926339924335"
"12944","0.012503305450081825","0.012503305450081825","0.012503305450081825"
"12948","0.009281659498810768","0.009281659498810768","0.009281659498810768"
"12955","0.010843922384083271","0.010843922384083271","0.010843922384083271"
"12958","0.012984244152903557","0.012984244152903557","0.012984244152903557"
"12970","0.009667567908763885","0.009667567908763885","0.009667567908763885"
"12975","0.00833593774586916","0.00833593774586916","0.00833593774586916"
"12982","0.012830229476094246","0.012830229476094246","0.012830229476094246"
"12984","0.010581264272332191","0.010581264272332191","0.010581264272332191"
"12992","0.01068336982280016","0.01068336982280016","0.01068336982280016"
"12994","0.00936058908700943","0.00936058908700943","0.00936058908700943"
"12998","0.010460278950631618","0.010460278950631618","0.010460278950631618"
"12999","0.010714564472436905","0.010714564472436905","0.010714564472436905"
"13024","0.012269088998436928","0.012269088998436928","0.012269088998436928"
"13025","0.011693218722939491","0.011693218722939491","0.011693218722939491"
"13057","0.011914697475731373","0.011914697475731373","0.011914697475731373"
"13068","0.016037221997976303","0.016037221997976303","0.016037221997976303"
"13075","0.012521346099674702","0.012521346099674702","0.012521346099674702"
"13082","0.013199415057897568","0.013199415057897568","0.013199415057897568"
"13083","0.014519506134092808","0.014519506134092808","0.014519506134092808"
"13101","0.013471074402332306","0.013471074402332306","0.013471074402332306"
"13104","0.012907438911497593","0.012907438911497593","0.012907438911497593"
"13107","0.010248878970742226","0.010248878970742226","0.010248878970742226"
"13109","0.010246370919048786","0.010246370919048786","0.010246370919048786"
"13113","0.011239039711654186","0.011239039711654186","0.011239039711654186"
"13131","0.011517994105815887","0.011517994105815887","0.011517994105815887"
"13137","0.013124418444931507","0.013124418444931507","0.013124418444931507"
"13140","0.013304319232702255","0.013304319232702255","0.013304319232702255"
"13147","0.012709420174360275","0.012709420174360275","0.012709420174360275"
"13152","0.010457525961101055","0.010457525961101055","0.010457525961101055"
"13155","0.011397280730307102","0.011397280730307102","0.011397280730307102"
"13157","0.011933579109609127","0.011933579109609127","0.011933579109609127"
"13170","0.01022427063435316","0.01022427063435316","0.01022427063435316"
"13183","0.013603318482637405","0.013603318482637405","0.013603318482637405"
"13186","0.008583545684814453","0.008583545684814453","0.008583545684814453"
"13207","0.015375934541225433","0.015375934541225433","0.015375934541225433"
"13208","0.012842175550758839","0.012842175550758839","0.012842175550758839"
"13229","0.02222384884953499","0.02222384884953499","0.02222384884953499"
"13236","0.016104483976960182","0.016104483976960182","0.016104483976960182"
"13244","0.014583714306354523","0.014583714306354523","0.014583714306354523"
"13300","0.011714889667928219","0.011714889667928219","0.011714889667928219"
"13308","0.011343028396368027","0.011343028396368027","0.011343028396368027"
"13317","0.009749401360750198","0.009749401360750198","0.009749401360750198"
"13327","0.01149839162826538","0.01149839162826538","0.01149839162826538"
"13329","0.010649383068084717","0.010649383068084717","0.010649383068084717"
"13340","0.011109939776360989","0.011109939776360989","0.011109939776360989"
"13353","0.010214204899966717","0.010214204899966717","0.010214204899966717"
"13367","0.011112030595541","0.011112030595541","0.011112030595541"
"13371","0.010840061120688915","0.010840061120688915","0.010840061120688915"
"13376","0.013323071412742138","0.013323071412742138","0.013323071412742138"
"13391","0.01217218954116106","0.01217218954116106","0.01217218954116106"
"13404","0.010217197239398956","0.010217197239398956","0.010217197239398956"
"13407","0.013308893889188766","0.013308893889188766","0.013308893889188766"
"13427","0.013998341746628284","0.013998341746628284","0.013998341746628284"
"13438","0.010638322681188583","0.010638322681188583","0.010638322681188583"
"13455","0.010983043350279331","0.010983043350279331","0.010983043350279331"
"13472","0.01336245983839035","0.01336245983839035","0.01336245983839035"
"13474","0.009401447139680386","0.009401447139680386","0.009401447139680386"
"13481","0.011176761239767075","0.011176761239767075","0.011176761239767075"
"13495","0.011224442161619663","0.011224442161619663","0.011224442161619663"
"13504","0.012288982048630714","0.012288982048630714","0.012288982048630714"
"13505","0.01066477969288826","0.01066477969288826","0.01066477969288826"
"13522","0.012730013579130173","0.012730013579130173","0.012730013579130173"
"13523","0.009348946623504162","0.009348946623504162","0.009348946623504162"
"13536","0.01261692401021719","0.01261692401021719","0.01261692401021719"
"13541","0.012258380651473999","0.012258380651473999","0.012258380651473999"
"13542","0.011947281658649445","0.011947281658649445","0.011947281658649445"
"13555","0.010946767404675484","0.010946767404675484","0.010946767404675484"
"13568","0.015976261347532272","0.015976261347532272","0.015976261347532272"
"13574","0.01259729452431202","0.01259729452431202","0.01259729452431202"
"13586","0.010892078280448914","0.010892078280448914","0.010892078280448914"
"13588","0.011817943304777145","0.011817943304777145","0.011817943304777145"
"13604","0.011002582497894764","0.011002582497894764","0.011002582497894764"
"13628","0.014820831827819347","0.014820831827819347","0.014820831827819347"
"13629","0.014949696138501167","0.014949696138501167","0.014949696138501167"
"13630","0.015191402286291122","0.015191402286291122","0.015191402286291122"
"13633","0.014188983477652073","0.014188983477652073","0.014188983477652073"
"13661","0.010890819132328033","0.010890819132328033","0.010890819132328033"
"13670","0.010828827507793903","0.010828827507793903","0.010828827507793903"
"13687","0.009552784264087677","0.009552784264087677","0.009552784264087677"
"13691","0.01113208569586277","0.01113208569586277","0.01113208569586277"
"13736","0.01046727318316698","0.01046727318316698","0.01046727318316698"
"13741","0.009686036966741085","0.009686036966741085","0.009686036966741085"
"13750","0.013730587437748909","0.013730587437748909","0.013730587437748909"
"13754","0.009865758940577507","0.009865758940577507","0.009865758940577507"
"13762","0.010017085820436478","0.010017085820436478","0.010017085820436478"
"13764","0.009872633963823318","0.009872633963823318","0.009872633963823318"
"13771","0.010626332834362984","0.010626332834362984","0.010626332834362984"
"13782","0.010984127409756184","0.010984127409756184","0.010984127409756184"
"13802","0.012031424790620804","0.012031424790620804","0.012031424790620804"
"13804","0.010577104985713959","0.010577104985713959","0.010577104985713959"
"13809","0.012237247079610825","0.012237247079610825","0.012237247079610825"
"13812","0.011817455291748047","0.011817455291748047","0.011817455291748047"
"13820","0.011067628860473633","0.011067628860473633","0.011067628860473633"
"13822","0.011022044345736504","0.011022044345736504","0.011022044345736504"
"13826","0.01127803698182106","0.01127803698182106","0.01127803698182106"
"13828","0.011885423213243484","0.011885423213243484","0.011885423213243484"
"13872","0.008453764952719212","0.008453764952719212","0.008453764952719212"
"13886","0.01090629305690527","0.01090629305690527","0.01090629305690527"
"13892","0.013187645003199577","0.013187645003199577","0.013187645003199577"
"13896","0.012958657927811146","0.012958657927811146","0.012958657927811146"
"13935","0.013667899183928967","0.013667899183928967","0.013667899183928967"
"13945","0.016352146863937378","0.016352146863937378","0.016352146863937378"
"13952","0.012939946725964546","0.012939946725964546","0.012939946725964546"
"13957","0.01027575135231018","0.01027575135231018","0.01027575135231018"
"13959","0.013435854576528072","0.013435854576528072","0.013435854576528072"
"13966","0.013361918739974499","0.013361918739974499","0.013361918739974499"
"13978","0.011716092005372047","0.011716092005372047","0.011716092005372047"
"13984","0.01250277180224657","0.01250277180224657","0.01250277180224657"
"13988","0.010998017154633999","0.010998017154633999","0.010998017154633999"
"13997","0.010923095978796482","0.010923095978796482","0.010923095978796482"
"14014","0.01013351883739233","0.01013351883739233","0.01013351883739233"
"14029","0.009935601614415646","0.009935601614415646","0.009935601614415646"
"14032","0.010956219397485256","0.010956219397485256","0.010956219397485256"
"14033","0.006588235963135958","0.006588235963135958","0.006588235963135958"
"14035","0.01142813079059124","0.01142813079059124","0.01142813079059124"
"14036","0.010425847955048084","0.010425847955048084","0.010425847955048084"
"14044","0.012060671113431454","0.012060671113431454","0.012060671113431454"
"14063","0.007803403772413731","0.007803403772413731","0.007803403772413731"
"14064","0.010536002926528454","0.010536002926528454","0.010536002926528454"
"14079","0.012861655093729496","0.012861655093729496","0.012861655093729496"
"14088","0.01158316619694233","0.01158316619694233","0.01158316619694233"
"14095","0.00920298881828785","0.00920298881828785","0.00920298881828785"
"14097","0.010757002048194408","0.010757002048194408","0.010757002048194408"
"14142","0.010053185746073723","0.010053185746073723","0.010053185746073723"
"14171","0.011199234053492546","0.011199234053492546","0.011199234053492546"
"14177","0.010635831393301487","0.010635831393301487","0.010635831393301487"
"14186","0.011254179291427135","0.011254179291427135","0.011254179291427135"
"14199","0.012032571248710155","0.012032571248710155","0.012032571248710155"
"14219","0.012417702004313469","0.012417702004313469","0.012417702004313469"
"14226","0.011223738081753254","0.011223738081753254","0.011223738081753254"
"14241","0.014885575510561466","0.014885575510561466","0.014885575510561466"
"14249","0.010293049737811089","0.010293049737811089","0.010293049737811089"
"14269","0.010693315416574478","0.010693315416574478","0.010693315416574478"
"14275","0.011396092362701893","0.011396092362701893","0.011396092362701893"
"14279","0.01192403119057417","0.01192403119057417","0.01192403119057417"
"14304","0.01303838100284338","0.01303838100284338","0.01303838100284338"
"14306","0.01170611847192049","0.01170611847192049","0.01170611847192049"
"14308","0.012361623346805573","0.012361623346805573","0.012361623346805573"
"14312","0.013965954072773457","0.013965954072773457","0.013965954072773457"
"14326","0.015538431704044342","0.015538431704044342","0.015538431704044342"
"14327","0.017383264377713203","0.017383264377713203","0.017383264377713203"
"14361","0.01172297541052103","0.01172297541052103","0.01172297541052103"
"14374","0.011401786468923092","0.011401786468923092","0.011401786468923092"
"14388","0.009638194926083088","0.009638194926083088","0.009638194926083088"
"14423","0.013519429601728916","0.013519429601728916","0.013519429601728916"
"14426","0.01303927879780531","0.01303927879780531","0.01303927879780531"
"14443","0.013344748876988888","0.013344748876988888","0.013344748876988888"
"14448","0.012832880951464176","0.012832880951464176","0.012832880951464176"
"14455","0.010553725995123386","0.010553725995123386","0.010553725995123386"
"14456","0.011922004632651806","0.011922004632651806","0.011922004632651806"
"14457","0.011973000131547451","0.011973000131547451","0.011973000131547451"
"14464","0.010236809030175209","0.010236809030175209","0.010236809030175209"
"14487","0.010961562395095825","0.010961562395095825","0.010961562395095825"
"14520","0.009737932123243809","0.009737932123243809","0.009737932123243809"
"14532","0.010997103527188301","0.010997103527188301","0.010997103527188301"
"14536","0.010784842073917389","0.010784842073917389","0.010784842073917389"
"14549","0.01153307780623436","0.01153307780623436","0.01153307780623436"
"14551","0.012448164634406567","0.012448164634406567","0.012448164634406567"
"14565","0.007845316082239151","0.007845316082239151","0.007845316082239151"
"14597","0.011324400082230568","0.011324400082230568","0.011324400082230568"
"14626","0.007589463144540787","0.007589463144540787","0.007589463144540787"
"14630","0.011194342747330666","0.011194342747330666","0.011194342747330666"
"14641","0.009885274805128574","0.009885274805128574","0.009885274805128574"
"14653","0.01178215816617012","0.01178215816617012","0.01178215816617012"
"14660","0.009013630449771881","0.009013630449771881","0.009013630449771881"
"14664","0.012206214480102062","0.012206214480102062","0.012206214480102062"
"14671","0.010456336662173271","0.010456336662173271","0.010456336662173271"
"14680","0.01593354530632496","0.01593354530632496","0.01593354530632496"
"14684","0.012149723246693611","0.012149723246693611","0.012149723246693611"
"14689","0.011265523731708527","0.011265523731708527","0.011265523731708527"
"14696","0.00929456390440464","0.00929456390440464","0.00929456390440464"
"14698","0.014237688854336739","0.014237688854336739","0.014237688854336739"
"14716","0.00985144916921854","0.00985144916921854","0.00985144916921854"
"14727","0.009580351412296295","0.009580351412296295","0.009580351412296295"
"14730","0.010352312587201595","0.010352312587201595","0.010352312587201595"
"14734","0.011400043964385986","0.011400043964385986","0.011400043964385986"
"14738","0.01166577823460102","0.01166577823460102","0.01166577823460102"
"14748","0.010013271123170853","0.010013271123170853","0.010013271123170853"
"14807","0.0120988879352808","0.0120988879352808","0.0120988879352808"
"14808","0.013191016390919685","0.013191016390919685","0.013191016390919685"
"14812","0.01389744970947504","0.01389744970947504","0.01389744970947504"
"14815","0.01284713763743639","0.01284713763743639","0.01284713763743639"
"14821","0.013830437324941158","0.013830437324941158","0.013830437324941158"
"14825","0.01204213872551918","0.01204213872551918","0.01204213872551918"
"14857","0.015222067013382912","0.015222067013382912","0.015222067013382912"
"14859","0.012415626086294651","0.012415626086294651","0.012415626086294651"
"14865","0.009631164371967316","0.009631164371967316","0.009631164371967316"
"14870","0.01265222579240799","0.01265222579240799","0.01265222579240799"
"14871","0.013800145126879215","0.013800145126879215","0.013800145126879215"
"14881","0.012408181093633175","0.012408181093633175","0.012408181093633175"
"14888","0.009407552890479565","0.009407552890479565","0.009407552890479565"
"14902","0.009855560027062893","0.009855560027062893","0.009855560027062893"
"14907","0.010013713501393795","0.010013713501393795","0.010013713501393795"
"14912","0.010710416361689568","0.010710416361689568","0.010710416361689568"
"14936","0.009249044582247734","0.009249044582247734","0.009249044582247734"
"14956","0.0077008819207549095","0.0077008819207549095","0.0077008819207549095"
"14964","0.01041395217180252","0.01041395217180252","0.01041395217180252"
"14977","0.00903784204274416","0.00903784204274416","0.00903784204274416"
"14983","0.00986130814999342","0.00986130814999342","0.00986130814999342"
"14988","0.011968168430030346","0.011968168430030346","0.011968168430030346"
"15015","0.010445964522659779","0.010445964522659779","0.010445964522659779"
"15021","0.011716272681951523","0.011716272681951523","0.011716272681951523"
"15032","0.010594436898827553","0.010594436898827553","0.010594436898827553"
"15067","0.012324248440563679","0.012324248440563679","0.012324248440563679"
"15078","0.010976090095937252","0.010976090095937252","0.010976090095937252"
"15083","0.010561823844909668","0.010561823844909668","0.010561823844909668"
"15091","0.011305594816803932","0.011305594816803932","0.011305594816803932"
"15100","0.011380298994481564","0.011380298994481564","0.011380298994481564"
"15108","0.008785603567957878","0.008785603567957878","0.008785603567957878"
"15114","0.00996649730950594","0.00996649730950594","0.00996649730950594"
"15116","0.011700489558279514","0.011700489558279514","0.011700489558279514"
"15126","0.011679934337735176","0.011679934337735176","0.011679934337735176"
"15182","0.0156587865203619","0.0156587865203619","0.0156587865203619"
"15184","0.01250307448208332","0.01250307448208332","0.01250307448208332"
"15196","0.0128945829346776","0.0128945829346776","0.0128945829346776"
"15238","0.011273336596786976","0.011273336596786976","0.011273336596786976"
"15254","0.012975906021893024","0.012975906021893024","0.012975906021893024"
"15257","0.011480765417218208","0.011480765417218208","0.011480765417218208"
"15266","0.010075129568576813","0.010075129568576813","0.010075129568576813"
"15274","0.012251767329871655","0.012251767329871655","0.012251767329871655"
"15288","0.011207674629986286","0.011207674629986286","0.011207674629986286"
"15295","0.01035955548286438","0.01035955548286438","0.01035955548286438"
"15304","0.011246975511312485","0.011246975511312485","0.011246975511312485"
"15326","0.011327259242534637","0.011327259242534637","0.011327259242534637"
"15330","0.011986996978521347","0.011986996978521347","0.011986996978521347"
"15331","0.010170592926442623","0.010170592926442623","0.010170592926442623"
"15332","0.007951932027935982","0.007951932027935982","0.007951932027935982"
"15335","0.010986273176968098","0.010986273176968098","0.010986273176968098"
"15352","0.013758796267211437","0.013758796267211437","0.013758796267211437"
"15362","0.011010429821908474","0.011010429821908474","0.011010429821908474"
"15381","0.011263210326433182","0.011263210326433182","0.011263210326433182"
"15385","0.012541411444544792","0.012541411444544792","0.012541411444544792"
"15433","0.013326301239430904","0.013326301239430904","0.013326301239430904"
"15435","0.011803654953837395","0.011803654953837395","0.011803654953837395"
"15439","0.011314460076391697","0.011314460076391697","0.011314460076391697"
"15442","0.012432660907506943","0.012432660907506943","0.012432660907506943"
"15443","0.01472339779138565","0.01472339779138565","0.01472339779138565"
"15446","0.008476619608700275","0.008476619608700275","0.008476619608700275"
"15507","0.010429687798023224","0.010429687798023224","0.010429687798023224"
"15509","0.010581256821751595","0.010581256821751595","0.010581256821751595"
"15520","0.010712949559092522","0.010712949559092522","0.010712949559092522"
"15525","0.009307392872869968","0.009307392872869968","0.009307392872869968"
"15530","0.015192309394478798","0.015192309394478798","0.015192309394478798"
"15532","0.01100675668567419","0.01100675668567419","0.01100675668567419"
"15542","0.009428649209439754","0.009428649209439754","0.009428649209439754"
"15556","0.013786141760647297","0.013786141760647297","0.013786141760647297"
"15559","0.012601057067513466","0.012601057067513466","0.012601057067513466"
"15570","0.011410905048251152","0.011410905048251152","0.011410905048251152"
"15574","0.010712754912674427","0.010712754912674427","0.010712754912674427"
"15587","0.01269429549574852","0.01269429549574852","0.01269429549574852"
"15593","0.00944388099014759","0.00944388099014759","0.00944388099014759"
"15603","0.012504368089139462","0.012504368089139462","0.012504368089139462"
"15606","0.01079447753727436","0.01079447753727436","0.01079447753727436"
"15613","0.010664605535566807","0.010664605535566807","0.010664605535566807"
"15618","0.01272659283131361","0.01272659283131361","0.01272659283131361"
"15625","0.011747904121875763","0.011747904121875763","0.011747904121875763"
"15639","0.013452667742967606","0.013452667742967606","0.013452667742967606"
"15641","0.012968350201845169","0.012968350201845169","0.012968350201845169"
"15663","0.012950210832059383","0.012950210832059383","0.012950210832059383"
"15701","0.0106905372813344","0.0106905372813344","0.0106905372813344"
"15711","0.01220445055514574","0.01220445055514574","0.01220445055514574"
"15720","0.011295684613287449","0.011295684613287449","0.011295684613287449"
"15733","0.00997373927384615","0.00997373927384615","0.00997373927384615"
"15738","0.010379352606832981","0.010379352606832981","0.010379352606832981"
"15746","0.009221689775586128","0.009221689775586128","0.009221689775586128"
"15750","0.012103334069252014","0.012103334069252014","0.012103334069252014"
"15756","0.00968282762914896","0.00968282762914896","0.00968282762914896"
"15762","0.008321462199091911","0.008321462199091911","0.008321462199091911"
"15769","0.009484040550887585","0.009484040550887585","0.009484040550887585"
"15774","0.009611343033611774","0.009611343033611774","0.009611343033611774"
"15777","0.009449802339076996","0.009449802339076996","0.009449802339076996"
"15788","0.011532329954206944","0.011532329954206944","0.011532329954206944"
"15827","0.011158345267176628","0.011158345267176628","0.011158345267176628"
"15840","0.007558244280517101","0.007558244280517101","0.007558244280517101"
"15854","0.009877021424472332","0.009877021424472332","0.009877021424472332"
"15868","0.00999795738607645","0.00999795738607645","0.00999795738607645"
"15872","0.011003115214407444","0.011003115214407444","0.011003115214407444"
"15886","0.012375780381262302","0.012375780381262302","0.012375780381262302"
"15915","0.01520555466413498","0.01520555466413498","0.01520555466413498"
"15919","0.01281499769538641","0.01281499769538641","0.01281499769538641"
"15921","0.013257456012070179","0.013257456012070179","0.013257456012070179"
"15945","0.01371168252080679","0.01371168252080679","0.01371168252080679"
"15960","0.01237067487090826","0.01237067487090826","0.01237067487090826"
"15967","0.010915909893810749","0.010915909893810749","0.010915909893810749"
"15969","0.011136575601994991","0.011136575601994991","0.011136575601994991"
"15982","0.011562474071979523","0.011562474071979523","0.011562474071979523"
"15990","0.01098044402897358","0.01098044402897358","0.01098044402897358"
"15991","0.01092609390616417","0.01092609390616417","0.01092609390616417"
"16016","0.010324964299798012","0.010324964299798012","0.010324964299798012"
"16037","0.01160090509802103","0.01160090509802103","0.01160090509802103"
"16040","0.010926573537290096","0.010926573537290096","0.010926573537290096"
"16041","0.013082119636237621","0.013082119636237621","0.013082119636237621"
"16042","0.010236458852887154","0.010236458852887154","0.010236458852887154"
"16044","0.012454447336494923","0.012454447336494923","0.012454447336494923"
"16055","0.013999858871102333","0.013999858871102333","0.013999858871102333"
"16066","0.01212602760642767","0.01212602760642767","0.01212602760642767"
"16074","0.011065864004194736","0.011065864004194736","0.011065864004194736"
"16075","0.009805240668356419","0.009805240668356419","0.009805240668356419"
"16087","0.009567894041538239","0.009567894041538239","0.009567894041538239"
"16095","0.01079767756164074","0.01079767756164074","0.01079767756164074"
"16099","0.013559849932789803","0.013559849932789803","0.013559849932789803"
"16115","0.011914622969925404","0.011914622969925404","0.011914622969925404"
"16117","0.011066524311900139","0.011066524311900139","0.011066524311900139"
"16119","0.011685425415635109","0.011685425415635109","0.011685425415635109"
"16127","0.008585382252931595","0.008585382252931595","0.008585382252931595"
"16146","0.009781986474990845","0.009781986474990845","0.009781986474990845"
"16147","0.012321170419454575","0.012321170419454575","0.012321170419454575"
"16162","0.011475457809865475","0.011475457809865475","0.011475457809865475"
"16169","0.010806528851389885","0.010806528851389885","0.010806528851389885"
"16177","0.009379184804856777","0.009379184804856777","0.009379184804856777"
"16185","0.009740467183291912","0.009740467183291912","0.009740467183291912"
"16197","0.010653499513864517","0.010653499513864517","0.010653499513864517"
"16207","0.011373709887266159","0.011373709887266159","0.011373709887266159"
"16210","0.011476718820631504","0.011476718820631504","0.011476718820631504"
"16212","0.012897567823529243","0.012897567823529243","0.012897567823529243"
"16221","0.013457604683935642","0.013457604683935642","0.013457604683935642"
"16224","0.009929316118359566","0.009929316118359566","0.009929316118359566"
"16232","0.012295586057007313","0.012295586057007313","0.012295586057007313"
"16244","0.01115192286670208","0.01115192286670208","0.01115192286670208"
"16256","0.01171930879354477","0.01171930879354477","0.01171930879354477"
"16258","0.013543808832764626","0.013543808832764626","0.013543808832764626"
"16261","0.011903946287930012","0.011903946287930012","0.011903946287930012"
"16275","0.008959105238318443","0.008959105238318443","0.008959105238318443"
"16281","0.009739591740071774","0.009739591740071774","0.009739591740071774"
"16297","0.013154798187315464","0.013154798187315464","0.013154798187315464"
"16341","0.011568157002329826","0.011568157002329826","0.011568157002329826"
"16350","0.012709969654679298","0.012709969654679298","0.012709969654679298"
"16383","0.012265457771718502","0.012265457771718502","0.012265457771718502"
"16393","0.011554312892258167","0.011554312892258167","0.011554312892258167"
"16407","0.025617843493819237","0.025617843493819237","0.025617843493819237"
"16409","0.020575707778334618","0.020575707778334618","0.020575707778334618"
"16416","0.017233962193131447","0.017233962193131447","0.017233962193131447"
"16419","0.01562846638262272","0.01562846638262272","0.01562846638262272"
"16444","0.01132181752473116","0.01132181752473116","0.01132181752473116"
"16450","0.010092579759657383","0.010092579759657383","0.010092579759657383"
"16451","0.01035847794264555","0.01035847794264555","0.01035847794264555"
"16453","0.009900747798383236","0.009900747798383236","0.009900747798383236"
"16463","0.011290197260677814","0.011290197260677814","0.011290197260677814"
"16477","0.012104042805731297","0.012104042805731297","0.012104042805731297"
"16479","0.01137345377355814","0.01137345377355814","0.01137345377355814"
"16481","0.012209730222821236","0.012209730222821236","0.012209730222821236"
"16482","0.012462574988603592","0.012462574988603592","0.012462574988603592"
"16484","0.010803550481796265","0.010803550481796265","0.010803550481796265"
"16492","0.012434625066816807","0.012434625066816807","0.012434625066816807"
"16504","0.010588156059384346","0.010588156059384346","0.010588156059384346"
"16509","0.009072354063391685","0.009072354063391685","0.009072354063391685"
"16529","0.012224300764501095","0.012224300764501095","0.012224300764501095"
"16535","0.011207952164113522","0.011207952164113522","0.011207952164113522"
"16542","0.009666094556450844","0.009666094556450844","0.009666094556450844"
"16545","0.00997801311314106","0.00997801311314106","0.00997801311314106"
"16547","0.011433759704232216","0.011433759704232216","0.011433759704232216"
"16550","0.012565081007778645","0.012565081007778645","0.012565081007778645"
"16564","0.009279344230890274","0.009279344230890274","0.009279344230890274"
"16573","0.00906896311789751","0.00906896311789751","0.00906896311789751"
"16589","0.010328038595616817","0.010328038595616817","0.010328038595616817"
"16591","0.012693527154624462","0.012693527154624462","0.012693527154624462"
"16627","0.010307363234460354","0.010307363234460354","0.010307363234460354"
"16634","0.013944096863269806","0.013944096863269806","0.013944096863269806"
"16683","0.013135798275470734","0.013135798275470734","0.013135798275470734"
"16686","0.01352405920624733","0.01352405920624733","0.01352405920624733"
"16687","0.011378103867173195","0.011378103867173195","0.011378103867173195"
"16688","0.012985973618924618","0.012985973618924618","0.012985973618924618"
"16694","0.013949098065495491","0.013949098065495491","0.013949098065495491"
"16699","0.013788038864731789","0.013788038864731789","0.013788038864731789"
"16722","0.008740060031414032","0.008740060031414032","0.008740060031414032"
"16731","0.01074615865945816","0.01074615865945816","0.01074615865945816"
"16746","0.010801969096064568","0.010801969096064568","0.010801969096064568"
"16750","0.011386505328118801","0.011386505328118801","0.011386505328118801"
"16752","0.012767564505338669","0.012767564505338669","0.012767564505338669"
"16758","0.010118577629327774","0.010118577629327774","0.010118577629327774"
"16759","0.011584731750190258","0.011584731750190258","0.011584731750190258"
"16772","0.01150897890329361","0.01150897890329361","0.01150897890329361"
"16776","0.011054502800107002","0.011054502800107002","0.011054502800107002"
"16781","0.012334266677498817","0.012334266677498817","0.012334266677498817"
"16797","0.008706650696694851","0.008706650696694851","0.008706650696694851"
"16801","0.014221292920410633","0.014221292920410633","0.014221292920410633"
"16805","0.011750159785151482","0.011750159785151482","0.011750159785151482"
"16826","0.011464444920420647","0.011464444920420647","0.011464444920420647"
"16829","0.010572075843811035","0.010572075843811035","0.010572075843811035"
"16830","0.0114138787612319","0.0114138787612319","0.0114138787612319"
"16832","0.011691254563629627","0.011691254563629627","0.011691254563629627"
"16833","0.010686583817005157","0.010686583817005157","0.010686583817005157"
"16834","0.01123716589063406","0.01123716589063406","0.01123716589063406"
"16837","0.010532173328101635","0.010532173328101635","0.010532173328101635"
"16854","0.0118850814178586","0.0118850814178586","0.0118850814178586"
"16869","0.009977290406823158","0.009977290406823158","0.009977290406823158"
"16873","0.011388318613171577","0.011388318613171577","0.011388318613171577"
"16882","0.010929408483207226","0.010929408483207226","0.010929408483207226"
"16893","0.010452951304614544","0.010452951304614544","0.010452951304614544"
"16902","0.00973296444863081","0.00973296444863081","0.00973296444863081"
"16917","0.009131736122071743","0.009131736122071743","0.009131736122071743"
"16927","0.011234182864427567","0.011234182864427567","0.011234182864427567"
"16933","0.015471009537577629","0.015471009537577629","0.015471009537577629"
"16944","0.009623291902244091","0.009623291902244091","0.009623291902244091"
"16956","0.011078410781919956","0.011078410781919956","0.011078410781919956"
"16962","0.009744035080075264","0.009744035080075264","0.009744035080075264"
"16969","0.009644503705203533","0.009644503705203533","0.009644503705203533"
"16979","0.01015801914036274","0.01015801914036274","0.01015801914036274"
"16980","0.00869496539235115","0.00869496539235115","0.00869496539235115"
"17004","0.012492223642766476","0.012492223642766476","0.012492223642766476"
"17012","0.00824276078492403","0.00824276078492403","0.00824276078492403"
"17023","0.010379134677350521","0.010379134677350521","0.010379134677350521"
"17030","0.010420356877148151","0.010420356877148151","0.010420356877148151"
"17051","0.012188008986413479","0.012188008986413479","0.012188008986413479"
"17056","0.010770621709525585","0.010770621709525585","0.010770621709525585"
"17059","0.008858107030391693","0.008858107030391693","0.008858107030391693"
"17068","0.012247420847415924","0.012247420847415924","0.012247420847415924"
"17070","0.00992157869040966","0.00992157869040966","0.00992157869040966"
"17085","0.008459614589810371","0.008459614589810371","0.008459614589810371"
"17087","0.007778660859912634","0.007778660859912634","0.007778660859912634"
"17096","0.010532000102102757","0.010532000102102757","0.010532000102102757"
"17098","0.008735421113669872","0.008735421113669872","0.008735421113669872"
"17110","0.009998936206102371","0.009998936206102371","0.009998936206102371"
"17113","0.00919981300830841","0.00919981300830841","0.00919981300830841"
"17118","0.009462113492190838","0.009462113492190838","0.009462113492190838"
"17150","0.013465741649270058","0.013465741649270058","0.013465741649270058"
"17161","0.010938736610114574","0.010938736610114574","0.010938736610114574"
"17177","0.010192973539233208","0.010192973539233208","0.010192973539233208"
"17183","0.009752626530826092","0.009752626530826092","0.009752626530826092"
"17190","0.011559870094060898","0.011559870094060898","0.011559870094060898"
"17214","0.011613256298005581","0.011613256298005581","0.011613256298005581"
"17275","0.011159476824104786","0.011159476824104786","0.011159476824104786"
"17283","0.01340511254966259","0.01340511254966259","0.01340511254966259"
"17287","0.012352176010608673","0.012352176010608673","0.012352176010608673"
"17304","0.009982538409531116","0.009982538409531116","0.009982538409531116"
"17317","0.010062896646559238","0.010062896646559238","0.010062896646559238"
"17342","0.008935382589697838","0.008935382589697838","0.008935382589697838"
"17346","0.012915206141769886","0.012915206141769886","0.012915206141769886"
"17365","0.010723826475441456","0.010723826475441456","0.010723826475441456"
"17368","0.009954516775906086","0.009954516775906086","0.009954516775906086"
"17398","0.012684405781328678","0.012684405781328678","0.012684405781328678"
"17399","0.011679819785058498","0.011679819785058498","0.011679819785058498"
"17400","0.01254007313400507","0.01254007313400507","0.01254007313400507"
"17410","0.00986391305923462","0.00986391305923462","0.00986391305923462"
"17415","0.010454473085701466","0.010454473085701466","0.010454473085701466"
"17437","0.009343260899186134","0.009343260899186134","0.009343260899186134"
"17449","0.012488886713981628","0.012488886713981628","0.012488886713981628"
"17456","0.01032270211726427","0.01032270211726427","0.01032270211726427"
"17482","0.012532654218375683","0.012532654218375683","0.012532654218375683"
"17493","0.010791106149554253","0.010791106149554253","0.010791106149554253"
"17499","0.009762695990502834","0.009762695990502834","0.009762695990502834"
"17502","0.01162934210151434","0.01162934210151434","0.01162934210151434"
"17507","0.013577906414866447","0.013577906414866447","0.013577906414866447"
"17523","0.012717627920210361","0.012717627920210361","0.012717627920210361"
"17534","0.009492464363574982","0.009492464363574982","0.009492464363574982"
"17559","0.009913602843880653","0.009913602843880653","0.009913602843880653"
"17569","0.009598522447049618","0.009598522447049618","0.009598522447049618"
"17581","0.012810418382287025","0.012810418382287025","0.012810418382287025"
"17584","0.009380040690302849","0.009380040690302849","0.009380040690302849"
"17589","0.011291599832475185","0.011291599832475185","0.011291599832475185"
"17596","0.008604328148066998","0.008604328148066998","0.008604328148066998"
"17609","0.011363380588591099","0.011363380588591099","0.011363380588591099"
"17614","0.009226193651556969","0.009226193651556969","0.009226193651556969"
"17624","0.011346899904310703","0.011346899904310703","0.011346899904310703"
"17630","0.01102120615541935","0.01102120615541935","0.01102120615541935"
"17649","0.011065270751714706","0.011065270751714706","0.011065270751714706"
"17657","0.013985228724777699","0.013985228724777699","0.013985228724777699"
"17668","0.007271820679306984","0.007271820679306984","0.007271820679306984"
"17678","0.01200847513973713","0.01200847513973713","0.01200847513973713"
"17685","0.013250434771180153","0.013250434771180153","0.013250434771180153"
"17691","0.009494401514530182","0.009494401514530182","0.009494401514530182"
"17721","0.011378850787878036","0.011378850787878036","0.011378850787878036"
"17723","0.011300153099000454","0.011300153099000454","0.011300153099000454"
"17728","0.010710705071687698","0.010710705071687698","0.010710705071687698"
"17731","0.01109783723950386","0.01109783723950386","0.01109783723950386"
"17740","0.009239398874342442","0.009239398874342442","0.009239398874342442"
"17748","0.01234872080385685","0.01234872080385685","0.01234872080385685"
"17751","0.012585479766130447","0.012585479766130447","0.012585479766130447"
"17757","0.012336764484643936","0.012336764484643936","0.012336764484643936"
"17761","0.011791580356657505","0.011791580356657505","0.011791580356657505"
"17767","0.011044187471270561","0.011044187471270561","0.011044187471270561"
"17771","0.00968373753130436","0.00968373753130436","0.00968373753130436"
"17775","0.0106259910389781","0.0106259910389781","0.0106259910389781"
"17798","0.006920550484210253","0.006920550484210253","0.006920550484210253"
"17804","0.010003594681620598","0.010003594681620598","0.010003594681620598"
"17815","0.00978558138012886","0.00978558138012886","0.00978558138012886"
"17818","0.008777513168752193","0.008777513168752193","0.008777513168752193"
"17821","0.01027683075517416","0.01027683075517416","0.01027683075517416"
"17826","0.01082983985543251","0.01082983985543251","0.01082983985543251"
"17841","0.011256488971412182","0.011256488971412182","0.011256488971412182"
"17845","0.010343975387513638","0.010343975387513638","0.010343975387513638"
"17850","0.00973360426723957","0.00973360426723957","0.00973360426723957"
"17880","0.012486410327255726","0.012486410327255726","0.012486410327255726"
"17881","0.010601631365716457","0.010601631365716457","0.010601631365716457"
"17900","0.010050879791378975","0.010050879791378975","0.010050879791378975"
"17909","0.009154535830020905","0.009154535830020905","0.009154535830020905"
"17915","0.009556198492646217","0.009556198492646217","0.009556198492646217"
"17920","0.01106267049908638","0.01106267049908638","0.01106267049908638"
"17930","0.008471050299704075","0.008471050299704075","0.008471050299704075"
"17934","0.012112789787352085","0.012112789787352085","0.012112789787352085"
"17954","0.00993775762617588","0.00993775762617588","0.00993775762617588"
"17960","0.012109048664569855","0.012109048664569855","0.012109048664569855"
"17992","0.00989376287907362","0.00989376287907362","0.00989376287907362"
"17994","0.009587456472218037","0.009587456472218037","0.009587456472218037"
"18000","0.008558680303394794","0.008558680303394794","0.008558680303394794"
"18004","0.007059449329972267","0.007059449329972267","0.007059449329972267"
"18007","0.011479935608804226","0.011479935608804226","0.011479935608804226"
"18010","0.012493159621953964","0.012493159621953964","0.012493159621953964"
"18015","0.012967878021299839","0.012967878021299839","0.012967878021299839"
"18022","0.011903508566319942","0.011903508566319942","0.011903508566319942"
"18023","0.009527471847832203","0.009527471847832203","0.009527471847832203"
"18047","0.011082032695412636","0.011082032695412636","0.011082032695412636"
"18053","0.010129440575838089","0.010129440575838089","0.010129440575838089"
"18054","0.008869210258126259","0.008869210258126259","0.008869210258126259"
"18071","0.00640229694545269","0.00640229694545269","0.00640229694545269"
"18074","0.010867682285606861","0.010867682285606861","0.010867682285606861"
"18111","0.009516628459095955","0.009516628459095955","0.009516628459095955"
"18113","0.010912984609603882","0.010912984609603882","0.010912984609603882"
"18118","0.010615966282784939","0.010615966282784939","0.010615966282784939"
"18125","0.009739602915942669","0.009739602915942669","0.009739602915942669"
"18126","0.011635424569249153","0.011635424569249153","0.011635424569249153"
"18138","0.009675213135778904","0.009675213135778904","0.009675213135778904"
"18149","0.007788009010255337","0.007788009010255337","0.007788009010255337"
"18157","0.009010746143758297","0.009010746143758297","0.009010746143758297"
"18175","0.012150702998042107","0.012150702998042107","0.012150702998042107"
"18177","0.01359167043119669","0.01359167043119669","0.01359167043119669"
"18183","0.013717412017285824","0.013717412017285824","0.013717412017285824"
"18185","0.010278594680130482","0.010278594680130482","0.010278594680130482"
"18186","0.013289247639477253","0.013289247639477253","0.013289247639477253"
"18196","0.01503818854689598","0.01503818854689598","0.01503818854689598"
"18199","0.01235262956470251","0.01235262956470251","0.01235262956470251"
"18201","0.008232810534536839","0.008232810534536839","0.008232810534536839"
"18209","0.007462949492037296","0.007462949492037296","0.007462949492037296"
"18215","0.012291147373616695","0.012291147373616695","0.012291147373616695"
"18236","0.011873750016093254","0.011873750016093254","0.011873750016093254"
"18242","0.01288436260074377","0.01288436260074377","0.01288436260074377"
"18244","0.010932492092251778","0.010932492092251778","0.010932492092251778"
"18247","0.011016522534191608","0.011016522534191608","0.011016522534191608"
"18264","0.00842670165002346","0.00842670165002346","0.00842670165002346"
"18274","0.010497390292584896","0.010497390292584896","0.010497390292584896"
"18275","0.010131094604730606","0.010131094604730606","0.010131094604730606"
"18300","0.011086978018283844","0.011086978018283844","0.011086978018283844"
"18308","0.009140771813690662","0.009140771813690662","0.009140771813690662"
"18318","0.009583423845469952","0.009583423845469952","0.009583423845469952"
"18339","0.008411252871155739","0.008411252871155739","0.008411252871155739"
"18351","0.008526742458343506","0.008526742458343506","0.008526742458343506"
"18359","0.011275378055870533","0.011275378055870533","0.011275378055870533"
"18376","0.011920962482690811","0.011920962482690811","0.011920962482690811"
"18383","0.009593996219336987","0.009593996219336987","0.009593996219336987"
"18385","0.012404724024236202","0.012404724024236202","0.012404724024236202"
"18391","0.012835745699703693","0.012835745699703693","0.012835745699703693"
"18393","0.011339474469423294","0.011339474469423294","0.011339474469423294"
"18403","0.012264696881175041","0.012264696881175041","0.012264696881175041"
"18404","0.010647814720869064","0.010647814720869064","0.010647814720869064"
"18421","0.011161256581544876","0.011161256581544876","0.011161256581544876"
"18422","0.013447191566228867","0.013447191566228867","0.013447191566228867"
"18434","0.014817165210843086","0.014817165210843086","0.014817165210843086"
"18438","0.011756734922528267","0.011756734922528267","0.011756734922528267"
"18442","0.008321812376379967","0.008321812376379967","0.008321812376379967"
"18466","0.009222990833222866","0.009222990833222866","0.009222990833222866"
"18469","0.008561968803405762","0.008561968803405762","0.008561968803405762"
"18475","0.009764591231942177","0.009764591231942177","0.009764591231942177"
"18477","0.008158710785210133","0.008158710785210133","0.008158710785210133"
"18496","0.009817732498049736","0.009817732498049736","0.009817732498049736"
"18511","0.01016917172819376","0.01016917172819376","0.01016917172819376"
"18526","0.010883775539696217","0.010883775539696217","0.010883775539696217"
"18539","0.011506876908242702","0.011506876908242702","0.011506876908242702"
"18543","0.008270163089036942","0.008270163089036942","0.008270163089036942"
"18553","0.010458208620548248","0.010458208620548248","0.010458208620548248"
"18569","0.01236279308795929","0.01236279308795929","0.01236279308795929"
"18591","0.010629342868924141","0.010629342868924141","0.010629342868924141"
"18593","0.011582864448428154","0.011582864448428154","0.011582864448428154"
"18597","0.011903545819222927","0.011903545819222927","0.011903545819222927"
"18611","0.011410627514123917","0.011410627514123917","0.011410627514123917"
"18624","0.0077518741600215435","0.0077518741600215435","0.0077518741600215435"
"18656","0.006743613630533218","0.006743613630533218","0.006743613630533218"
"18665","0.010482855141162872","0.010482855141162872","0.010482855141162872"
"18714","0.011386487632989883","0.011386487632989883","0.011386487632989883"
"18743","0.009241844527423382","0.009241844527423382","0.009241844527423382"
"18748","0.01108914241194725","0.01108914241194725","0.01108914241194725"
"18753","0.013565905392169952","0.013565905392169952","0.013565905392169952"
"18755","0.010410084389150143","0.010410084389150143","0.010410084389150143"
"18756","0.012140455655753613","0.012140455655753613","0.012140455655753613"
"18781","0.008167050778865814","0.008167050778865814","0.008167050778865814"
"18793","0.009950081817805767","0.009950081817805767","0.009950081817805767"
"18800","0.012289001606404781","0.012289001606404781","0.012289001606404781"
"18805","0.010727720335125923","0.010727720335125923","0.010727720335125923"
"18809","0.01152289379388094","0.01152289379388094","0.01152289379388094"
"18810","0.011586759239435196","0.011586759239435196","0.011586759239435196"
"18848","0.011242762207984924","0.011242762207984924","0.011242762207984924"
"18849","0.01137759443372488","0.01137759443372488","0.01137759443372488"
"18867","0.010145574808120728","0.010145574808120728","0.010145574808120728"
"18871","0.010441571474075317","0.010441571474075317","0.010441571474075317"
"18874","0.011477827094495296","0.011477827094495296","0.011477827094495296"
"18878","0.011257637292146683","0.011257637292146683","0.011257637292146683"
"18880","0.011732486076653004","0.011732486076653004","0.011732486076653004"
"18888","0.006401103921234608","0.006401103921234608","0.006401103921234608"
"18903","0.009512891061604023","0.009512891061604023","0.009512891061604023"
"18905","0.010054828599095345","0.010054828599095345","0.010054828599095345"
"18925","0.009596767835319042","0.009596767835319042","0.009596767835319042"
"18927","0.007516533602029085","0.007516533602029085","0.007516533602029085"
"18942","0.012460500001907349","0.012460500001907349","0.012460500001907349"
"18954","0.009670423343777657","0.009670423343777657","0.009670423343777657"
"18966","0.01193416491150856","0.01193416491150856","0.01193416491150856"
"18968","0.010830246843397617","0.010830246843397617","0.010830246843397617"
"18972","0.010539628565311432","0.010539628565311432","0.010539628565311432"
"18981","0.009860202670097351","0.009860202670097351","0.009860202670097351"
"18991","0.005371599458158016","0.005371599458158016","0.005371599458158016"
"19004","0.011122170835733414","0.011122170835733414","0.011122170835733414"
"19019","0.007813478820025921","0.007813478820025921","0.007813478820025921"
"19030","0.009747407399117947","0.009747407399117947","0.009747407399117947"
"19048","0.010177177377045155","0.010177177377045155","0.010177177377045155"
"19055","0.010149083100259304","0.010149083100259304","0.010149083100259304"
"19059","0.01016170997172594","0.01016170997172594","0.01016170997172594"
"19066","0.009803054854273796","0.009803054854273796","0.009803054854273796"
"19077","0.011509251780807972","0.011509251780807972","0.011509251780807972"
"19086","0.010264068841934204","0.010264068841934204","0.010264068841934204"
"19090","0.012605709955096245","0.012605709955096245","0.012605709955096245"
"19096","0.01000415813177824","0.01000415813177824","0.01000415813177824"
"19104","0.009762706235051155","0.009762706235051155","0.009762706235051155"
"19112","0.010010986588895321","0.010010986588895321","0.010010986588895321"
"19118","0.010162387043237686","0.010162387043237686","0.010162387043237686"
"19131","0.011513374745845795","0.011513374745845795","0.011513374745845795"
"19136","0.008654817007482052","0.008654817007482052","0.008654817007482052"
"19142","0.011993613094091415","0.011993613094091415","0.011993613094091415"
"19164","0.020563818514347076","0.020563818514347076","0.020563818514347076"
"19170","0.012283765710890293","0.012283765710890293","0.012283765710890293"
"19174","0.01145007461309433","0.01145007461309433","0.01145007461309433"
"19184","0.010756921023130417","0.010756921023130417","0.010756921023130417"
"19196","0.012344270944595337","0.012344270944595337","0.012344270944595337"
"19197","0.012438524514436722","0.012438524514436722","0.012438524514436722"
"19207","0.011955078691244125","0.011955078691244125","0.011955078691244125"
"19211","0.013642538338899612","0.013642538338899612","0.013642538338899612"
"19212","0.011897836811840534","0.011897836811840534","0.011897836811840534"
"19218","0.013776485808193684","0.013776485808193684","0.013776485808193684"
"19228","0.012785754166543484","0.012785754166543484","0.012785754166543484"
"19232","0.008955431170761585","0.008955431170761585","0.008955431170761585"
"19237","0.009775521233677864","0.009775521233677864","0.009775521233677864"
"19260","0.009855091571807861","0.009855091571807861","0.009855091571807861"
"19261","0.008596849627792835","0.008596849627792835","0.008596849627792835"
"19269","0.009094844572246075","0.009094844572246075","0.009094844572246075"
"19279","0.010466713458299637","0.010466713458299637","0.010466713458299637"
"19285","0.010859120637178421","0.010859120637178421","0.010859120637178421"
"19295","0.011233394034206867","0.011233394034206867","0.011233394034206867"
"19307","0.011492966674268246","0.011492966674268246","0.011492966674268246"
"19319","0.013187666423618793","0.013187666423618793","0.013187666423618793"
"19324","0.010331726633012295","0.010331726633012295","0.010331726633012295"
"19327","0.011153964325785637","0.011153964325785637","0.011153964325785637"
"19329","0.011902892030775547","0.011902892030775547","0.011902892030775547"
"19337","0.009341281838715076","0.009341281838715076","0.009341281838715076"
"19349","0.010085705667734146","0.010085705667734146","0.010085705667734146"
"19357","0.008814657106995583","0.008814657106995583","0.008814657106995583"
"19361","0.00904527772217989","0.00904527772217989","0.00904527772217989"
"19381","0.00804231595247984","0.00804231595247984","0.00804231595247984"
"19386","0.00981950294226408","0.00981950294226408","0.00981950294226408"
"19395","0.013300337828695774","0.013300337828695774","0.013300337828695774"
"19406","0.009415182285010815","0.009415182285010815","0.009415182285010815"
"19416","0.012611087411642075","0.012611087411642075","0.012611087411642075"
"19436","0.010551966726779938","0.010551966726779938","0.010551966726779938"
"19448","0.011647873558104038","0.011647873558104038","0.011647873558104038"
"19449","0.009916736744344234","0.009916736744344234","0.009916736744344234"
"19459","0.011780050583183765","0.011780050583183765","0.011780050583183765"
"19461","0.007649631705135107","0.007649631705135107","0.007649631705135107"
"19464","0.010176482610404491","0.010176482610404491","0.010176482610404491"
"19478","0.010877423919737339","0.010877423919737339","0.010877423919737339"
"19494","0.01064686942845583","0.01064686942845583","0.01064686942845583"
"19495","0.00924499798566103","0.00924499798566103","0.00924499798566103"
"19497","0.012129507027566433","0.012129507027566433","0.012129507027566433"
"19525","0.00896543636918068","0.00896543636918068","0.00896543636918068"
"19531","0.008453207090497017","0.008453207090497017","0.008453207090497017"
"19538","0.011014092713594437","0.011014092713594437","0.011014092713594437"
"19568","0.010323298163712025","0.010323298163712025","0.010323298163712025"
"19569","0.009110642597079277","0.009110642597079277","0.009110642597079277"
"19599","0.011099198833107948","0.011099198833107948","0.011099198833107948"
"19602","0.009825147688388824","0.009825147688388824","0.009825147688388824"
"19609","0.011244182474911213","0.011244182474911213","0.011244182474911213"
"19623","0.011186479590833187","0.011186479590833187","0.011186479590833187"
"19646","0.009817540645599365","0.009817540645599365","0.009817540645599365"
"19649","0.009678077884018421","0.009678077884018421","0.009678077884018421"
"19660","0.010854764841496944","0.010854764841496944","0.010854764841496944"
"19665","0.010056768544018269","0.010056768544018269","0.010056768544018269"
"19700","0.012493021786212921","0.012493021786212921","0.012493021786212921"
"19703","0.01194221992045641","0.01194221992045641","0.01194221992045641"
"19707","0.012032875791192055","0.012032875791192055","0.012032875791192055"
"19712","0.00920573715120554","0.00920573715120554","0.00920573715120554"
"19726","0.010520227253437042","0.010520227253437042","0.010520227253437042"
"19739","0.011750984936952591","0.011750984936952591","0.011750984936952591"
"19744","0.0119913499802351","0.0119913499802351","0.0119913499802351"
"19756","0.01155728567391634","0.01155728567391634","0.01155728567391634"
"19758","0.00999758392572403","0.00999758392572403","0.00999758392572403"
"19762","0.008925064466893673","0.008925064466893673","0.008925064466893673"
"19765","0.007916196249425411","0.007916196249425411","0.007916196249425411"
"19771","0.00988822989165783","0.00988822989165783","0.00988822989165783"
"19777","0.009303915314376354","0.009303915314376354","0.009303915314376354"
"19815","0.007215508259832859","0.007215508259832859","0.007215508259832859"
"19840","0.00953222531825304","0.00953222531825304","0.00953222531825304"
"19843","0.010221022181212902","0.010221022181212902","0.010221022181212902"
"19846","0.009396594949066639","0.009396594949066639","0.009396594949066639"
"19851","0.012629060074687004","0.012629060074687004","0.012629060074687004"
"19867","0.009310373105108738","0.009310373105108738","0.009310373105108738"
"19875","0.01211945153772831","0.01211945153772831","0.01211945153772831"
"19877","0.0136980339884758","0.0136980339884758","0.0136980339884758"
"19887","0.011295958422124386","0.011295958422124386","0.011295958422124386"
"19896","0.011840635910630226","0.011840635910630226","0.011840635910630226"
"19898","0.009630421176552773","0.009630421176552773","0.009630421176552773"
"19952","0.010192119516432285","0.010192119516432285","0.010192119516432285"
"19967","0.01345136109739542","0.01345136109739542","0.01345136109739542"
"19972","0.010167775675654411","0.010167775675654411","0.010167775675654411"
"19978","0.010646548122167587","0.010646548122167587","0.010646548122167587"
"19980","0.01228311937302351","0.01228311937302351","0.01228311937302351"
"19981","0.009167191572487354","0.009167191572487354","0.009167191572487354"
"19985","0.010891699232161045","0.010891699232161045","0.010891699232161045"
"19994","0.010402235202491283","0.010402235202491283","0.010402235202491283"
"20000","0.011705614626407623","0.011705614626407623","0.011705614626407623"
"20013","0.01047000102698803","0.01047000102698803","0.01047000102698803"
"20014","0.010607114993035793","0.010607114993035793","0.010607114993035793"
"20031","0.008068140596151352","0.008068140596151352","0.008068140596151352"
"20033","0.011077200062572956","0.011077200062572956","0.011077200062572956"
"20046","0.0071495710872113705","0.0071495710872113705","0.0071495710872113705"
"20047","0.010151010937988758","0.010151010937988758","0.010151010937988758"
"20077","0.010639135725796223","0.010639135725796223","0.010639135725796223"
"20082","0.010497698560357094","0.010497698560357094","0.010497698560357094"
"20087","0.01102032233029604","0.01102032233029604","0.01102032233029604"
"20112","0.015057532116770744","0.015057532116770744","0.015057532116770744"
"20137","0.009488013572990894","0.009488013572990894","0.009488013572990894"
"20138","0.013086164370179176","0.013086164370179176","0.013086164370179176"
"20140","0.01104910671710968","0.01104910671710968","0.01104910671710968"
"20160","0.011675722897052765","0.011675722897052765","0.011675722897052765"
"20189","0.010700768791139126","0.010700768791139126","0.010700768791139126"
"20197","0.01275609154254198","0.01275609154254198","0.01275609154254198"
"20200","0.011806361377239227","0.011806361377239227","0.011806361377239227"
"20208","0.009935516864061356","0.009935516864061356","0.009935516864061356"
"20214","0.010224757716059685","0.010224757716059685","0.010224757716059685"
"20230","0.009904741309583187","0.009904741309583187","0.009904741309583187"
"20243","0.009291536174714565","0.009291536174714565","0.009291536174714565"
"20261","0.00898034404963255","0.00898034404963255","0.00898034404963255"
"20262","0.011916328221559525","0.011916328221559525","0.011916328221559525"
"20269","0.009503615088760853","0.009503615088760853","0.009503615088760853"
"20283","0.012915248051285744","0.012915248051285744","0.012915248051285744"
"20287","0.01024560909718275","0.01024560909718275","0.01024560909718275"
"20290","0.009768562391400337","0.009768562391400337","0.009768562391400337"
"20291","0.008971166796982288","0.008971166796982288","0.008971166796982288"
"20299","0.008949438109993935","0.008949438109993935","0.008949438109993935"
"20303","0.008030959405004978","0.008030959405004978","0.008030959405004978"
"20306","0.010113502852618694","0.010113502852618694","0.010113502852618694"
"20320","0.012539112009108067","0.012539112009108067","0.012539112009108067"
"20330","0.008495606482028961","0.008495606482028961","0.008495606482028961"
"20341","0.009822297841310501","0.009822297841310501","0.009822297841310501"
"20342","0.011753220111131668","0.011753220111131668","0.011753220111131668"
"20354","0.008589879609644413","0.008589879609644413","0.008589879609644413"
"20370","0.007825443521142006","0.007825443521142006","0.007825443521142006"
"20377","0.012633808888494968","0.012633808888494968","0.012633808888494968"
"20388","0.011010211892426014","0.011010211892426014","0.011010211892426014"
"20391","0.00996610801666975","0.00996610801666975","0.00996610801666975"
"20397","0.011793838813900948","0.011793838813900948","0.011793838813900948"
"20401","0.01267988234758377","0.01267988234758377","0.01267988234758377"
"20413","0.010448075830936432","0.010448075830936432","0.010448075830936432"
"20417","0.01040995866060257","0.01040995866060257","0.01040995866060257"
"20431","0.011173470877110958","0.011173470877110958","0.011173470877110958"
"20460","0.008393250405788422","0.008393250405788422","0.008393250405788422"
"20473","0.011845231056213379","0.011845231056213379","0.011845231056213379"
"20478","0.01060392800718546","0.01060392800718546","0.01060392800718546"
"20487","0.011924986727535725","0.011924986727535725","0.011924986727535725"
"20514","0.011923315934836864","0.011923315934836864","0.011923315934836864"
"20527","0.009716327302157879","0.009716327302157879","0.009716327302157879"
"20543","0.00939260795712471","0.00939260795712471","0.00939260795712471"
"20546","0.01058052759617567","0.01058052759617567","0.01058052759617567"
"20549","0.009341691620647907","0.009341691620647907","0.009341691620647907"
"20552","0.010456482879817486","0.010456482879817486","0.010456482879817486"
"20564","0.012473217211663723","0.012473217211663723","0.012473217211663723"
"20568","0.00886355247348547","0.00886355247348547","0.00886355247348547"
"20585","0.007647027261555195","0.007647027261555195","0.007647027261555195"
"20596","0.010437726974487305","0.010437726974487305","0.010437726974487305"
"20604","0.010337023064494133","0.010337023064494133","0.010337023064494133"
"20628","0.009575237520039082","0.009575237520039082","0.009575237520039082"
"20668","0.012533917091786861","0.012533917091786861","0.012533917091786861"
"20675","0.009528711438179016","0.009528711438179016","0.009528711438179016"
"20678","0.010681943967938423","0.010681943967938423","0.010681943967938423"
"20679","0.010418220423161983","0.010418220423161983","0.010418220423161983"
"20682","0.01071651466190815","0.01071651466190815","0.01071651466190815"
"20690","0.012224721722304821","0.012224721722304821","0.012224721722304821"
"20692","0.009453719481825829","0.009453719481825829","0.009453719481825829"
"20698","0.010327382944524288","0.010327382944524288","0.010327382944524288"
"20710","0.011930919252336025","0.011930919252336025","0.011930919252336025"
"20711","0.010869345627725124","0.010869345627725124","0.010869345627725124"
"20716","0.009860758669674397","0.009860758669674397","0.009860758669674397"
"20719","0.010117782279849052","0.010117782279849052","0.010117782279849052"
"20728","0.00962024461477995","0.00962024461477995","0.00962024461477995"
"20733","0.010069404728710651","0.010069404728710651","0.010069404728710651"
"20737","0.012620775029063225","0.012620775029063225","0.012620775029063225"
"20747","0.013061854057013988","0.013061854057013988","0.013061854057013988"
"20754","0.013481360860168934","0.013481360860168934","0.013481360860168934"
"20786","0.010891173966228962","0.010891173966228962","0.010891173966228962"
"20788","0.011499443091452122","0.011499443091452122","0.011499443091452122"
"20789","0.008117240853607655","0.008117240853607655","0.008117240853607655"
"20810","0.010831831023097038","0.010831831023097038","0.010831831023097038"
"20820","0.009673471562564373","0.009673471562564373","0.009673471562564373"
"20845","0.009267506189644337","0.009267506189644337","0.009267506189644337"
"20854","0.00878019630908966","0.00878019630908966","0.00878019630908966"
"20870","0.00962708331644535","0.00962708331644535","0.00962708331644535"
"20883","0.009815795347094536","0.009815795347094536","0.009815795347094536"
"20886","0.01152908056974411","0.01152908056974411","0.01152908056974411"
"20899","0.008854927495121956","0.008854927495121956","0.008854927495121956"
"20904","0.011175542138516903","0.011175542138516903","0.011175542138516903"
"20916","0.009488587267696857","0.009488587267696857","0.009488587267696857"
"20922","0.009114976041018963","0.009114976041018963","0.009114976041018963"
"20928","0.008496178314089775","0.008496178314089775","0.008496178314089775"
"20973","0.00996119249612093","0.00996119249612093","0.00996119249612093"
"20986","0.009005201980471611","0.009005201980471611","0.009005201980471611"
"21010","0.011976281180977821","0.011976281180977821","0.011976281180977821"
"21023","0.01008625514805317","0.01008625514805317","0.01008625514805317"
"21041","0.011578845791518688","0.011578845791518688","0.011578845791518688"
"21043","0.010148328728973866","0.010148328728973866","0.010148328728973866"
"21050","0.012536998838186264","0.012536998838186264","0.012536998838186264"
"21080","0.008875821717083454","0.008875821717083454","0.008875821717083454"
"21084","0.01169794611632824","0.01169794611632824","0.01169794611632824"
"21102","0.01081581600010395","0.01081581600010395","0.01081581600010395"
"21133","0.008065550588071346","0.008065550588071346","0.008065550588071346"
"21158","0.011701955460011959","0.011701955460011959","0.011701955460011959"
"21171","0.010974565520882607","0.010974565520882607","0.010974565520882607"
"21181","0.009885245002806187","0.009885245002806187","0.009885245002806187"
"21197","0.008201641030609608","0.008201641030609608","0.008201641030609608"
"21207","0.010013376362621784","0.010013376362621784","0.010013376362621784"
"21209","0.008917748928070068","0.008917748928070068","0.008917748928070068"
"21212","0.00974253099411726","0.00974253099411726","0.00974253099411726"
"21233","0.011325526982545853","0.011325526982545853","0.011325526982545853"
"21248","0.010340387001633644","0.010340387001633644","0.010340387001633644"
"21268","0.010556705296039581","0.010556705296039581","0.010556705296039581"
"21274","0.011111372150480747","0.011111372150480747","0.011111372150480747"
"21279","0.009576118551194668","0.009576118551194668","0.009576118551194668"
"21302","0.009060680866241455","0.009060680866241455","0.009060680866241455"
"21307","0.009033172391355038","0.009033172391355038","0.009033172391355038"
"21325","0.007554877083748579","0.007554877083748579","0.007554877083748579"
"21347","0.011549723334610462","0.011549723334610462","0.011549723334610462"
"21353","0.011165875941514969","0.011165875941514969","0.011165875941514969"
"21356","0.011858083307743073","0.011858083307743073","0.011858083307743073"
"21364","0.01065440196543932","0.01065440196543932","0.01065440196543932"
"21375","0.011471443809568882","0.011471443809568882","0.011471443809568882"
"21379","0.01017098780721426","0.01017098780721426","0.01017098780721426"
"21383","0.009229793213307858","0.009229793213307858","0.009229793213307858"
"21401","0.009980612434446812","0.009980612434446812","0.009980612434446812"
"21411","0.010989513248205185","0.010989513248205185","0.010989513248205185"
"21413","0.009291255846619606","0.009291255846619606","0.009291255846619606"
"21423","0.008212943561375141","0.008212943561375141","0.008212943561375141"
"21433","0.010805799625813961","0.010805799625813961","0.010805799625813961"
"21435","0.007581645622849464","0.007581645622849464","0.007581645622849464"
"21450","0.00976884551346302","0.00976884551346302","0.00976884551346302"
"21452","0.010808154009282589","0.010808154009282589","0.010808154009282589"
"21463","0.012095030397176743","0.012095030397176743","0.012095030397176743"
"21466","0.009748278185725212","0.009748278185725212","0.009748278185725212"
"21467","0.012675467878580093","0.012675467878580093","0.012675467878580093"
"21481","0.012644508853554726","0.012644508853554726","0.012644508853554726"
"21492","0.01063046045601368","0.01063046045601368","0.01063046045601368"
"21501","0.01099294051527977","0.01099294051527977","0.01099294051527977"
"21504","0.010327263735234737","0.010327263735234737","0.010327263735234737"
"21508","0.007251341361552477","0.007251341361552477","0.007251341361552477"
"21516","0.009769640862941742","0.009769640862941742","0.009769640862941742"
"21517","0.011073821224272251","0.011073821224272251","0.011073821224272251"
"21518","0.010478421114385128","0.010478421114385128","0.010478421114385128"
"21540","0.009881356731057167","0.009881356731057167","0.009881356731057167"
"21549","0.009471781551837921","0.009471781551837921","0.009471781551837921"
"21561","0.011355680413544178","0.011355680413544178","0.011355680413544178"
"21563","0.011879010125994682","0.011879010125994682","0.011879010125994682"
"21566","0.009611143730580807","0.009611143730580807","0.009611143730580807"
"21574","0.010316170752048492","0.010316170752048492","0.010316170752048492"
"21578","0.009346936829388142","0.009346936829388142","0.009346936829388142"
"21598","0.012144267559051514","0.012144267559051514","0.012144267559051514"
"21600","0.011936098337173462","0.011936098337173462","0.011936098337173462"
"21604","0.010157563723623753","0.010157563723623753","0.010157563723623753"
"21621","0.009464485570788383","0.009464485570788383","0.009464485570788383"
"21634","0.008115360513329506","0.008115360513329506","0.008115360513329506"
"21637","0.009096989408135414","0.009096989408135414","0.009096989408135414"
"21643","0.008206263184547424","0.008206263184547424","0.008206263184547424"
"21645","0.009761540219187737","0.009761540219187737","0.009761540219187737"
"21646","0.010454618372023106","0.010454618372023106","0.010454618372023106"
"21649","0.00839266087859869","0.00839266087859869","0.00839266087859869"
"21661","0.010732503607869148","0.010732503607869148","0.010732503607869148"
"21666","0.009218459017574787","0.009218459017574787","0.009218459017574787"
"21692","0.010860618203878403","0.010860618203878403","0.010860618203878403"
"21698","0.010619916021823883","0.010619916021823883","0.010619916021823883"
"21743","0.00972363818436861","0.00972363818436861","0.00972363818436861"
"21748","0.0065012299455702305","0.0065012299455702305","0.0065012299455702305"
"21750","0.008939496241509914","0.008939496241509914","0.008939496241509914"
"21752","0.008649883791804314","0.008649883791804314","0.008649883791804314"
"21754","0.009948700666427612","0.009948700666427612","0.009948700666427612"
"21762","0.012239443138241768","0.012239443138241768","0.012239443138241768"
"21772","0.009121858514845371","0.009121858514845371","0.009121858514845371"
"21820","0.013019077479839325","0.013019077479839325","0.013019077479839325"
"21829","0.009441099129617214","0.009441099129617214","0.009441099129617214"
"21830","0.009589473716914654","0.009589473716914654","0.009589473716914654"
"21834","0.010116634890437126","0.010116634890437126","0.010116634890437126"
"21846","0.01038809772580862","0.01038809772580862","0.01038809772580862"
"21849","0.011426064185798168","0.011426064185798168","0.011426064185798168"
"21854","0.008905877359211445","0.008905877359211445","0.008905877359211445"
"21860","0.01042559091001749","0.01042559091001749","0.01042559091001749"
"21880","0.010598767548799515","0.010598767548799515","0.010598767548799515"
"21883","0.009922830387949944","0.009922830387949944","0.009922830387949944"
"21884","0.007581294979900122","0.007581294979900122","0.007581294979900122"
"21889","0.007921536453068256","0.007921536453068256","0.007921536453068256"
"21911","0.009650579653680325","0.009650579653680325","0.009650579653680325"
"21912","0.009421867318451405","0.009421867318451405","0.009421867318451405"
"21916","0.011476108804345131","0.011476108804345131","0.011476108804345131"
"21925","0.010902526788413525","0.010902526788413525","0.010902526788413525"
"21934","0.014357627369463444","0.014357627369463444","0.014357627369463444"
"21936","0.009624368511140347","0.009624368511140347","0.009624368511140347"
"21942","0.013396683149039745","0.013396683149039745","0.013396683149039745"
"21962","0.010157804004848003","0.010157804004848003","0.010157804004848003"
"21967","0.012503201141953468","0.012503201141953468","0.012503201141953468"
"21988","0.008655506186187267","0.008655506186187267","0.008655506186187267"
"21994","0.011857246048748493","0.011857246048748493","0.011857246048748493"
"22014","0.010450589470565319","0.010450589470565319","0.010450589470565319"
"22028","0.011111456900835037","0.011111456900835037","0.011111456900835037"
"22034","0.008354433812201023","0.008354433812201023","0.008354433812201023"
"22045","0.010874729603528976","0.010874729603528976","0.010874729603528976"
"22064","0.01207976695150137","0.01207976695150137","0.01207976695150137"
"22066","0.010114635340869427","0.010114635340869427","0.010114635340869427"
"22094","0.009610083885490894","0.009610083885490894","0.009610083885490894"
"22105","0.00894441269338131","0.00894441269338131","0.00894441269338131"
"22117","0.009745675139129162","0.009745675139129162","0.009745675139129162"
"22132","0.010011149570345879","0.010011149570345879","0.010011149570345879"
"22136","0.009342011995613575","0.009342011995613575","0.009342011995613575"
"22149","0.008075369521975517","0.008075369521975517","0.008075369521975517"
"22154","0.011393038555979729","0.011393038555979729","0.011393038555979729"
"22166","0.01025940477848053","0.01025940477848053","0.01025940477848053"
"22167","0.009216888807713985","0.009216888807713985","0.009216888807713985"
"22174","0.01043840404599905","0.01043840404599905","0.01043840404599905"
"22190","0.00921013206243515","0.00921013206243515","0.00921013206243515"
"22202","0.010245362296700478","0.010245362296700478","0.010245362296700478"
"22209","0.012506493367254734","0.012506493367254734","0.012506493367254734"
"22210","0.011100969277322292","0.011100969277322292","0.011100969277322292"
"22238","0.010715506039559841","0.010715506039559841","0.010715506039559841"
"22256","0.014936366118490696","0.014936366118490696","0.014936366118490696"
"22267","0.01221395842730999","0.01221395842730999","0.01221395842730999"
"22302","0.00705499155446887","0.00705499155446887","0.00705499155446887"
"22316","0.010450285859405994","0.010450285859405994","0.010450285859405994"
"22326","0.009165497496724129","0.009165497496724129","0.009165497496724129"
"22332","0.011265370063483715","0.011265370063483715","0.011265370063483715"
"22338","0.009982593357563019","0.009982593357563019","0.009982593357563019"
"22339","0.009198472835123539","0.009198472835123539","0.009198472835123539"
"22341","0.011360356584191322","0.011360356584191322","0.011360356584191322"
"22357","0.009582984261214733","0.009582984261214733","0.009582984261214733"
"22369","0.01291152648627758","0.01291152648627758","0.01291152648627758"
"22381","0.011557652615010738","0.011557652615010738","0.011557652615010738"
"22383","0.01230635866522789","0.01230635866522789","0.01230635866522789"
"22386","0.008296365849673748","0.008296365849673748","0.008296365849673748"
"22390","0.010045821778476238","0.010045821778476238","0.010045821778476238"
"22403","0.00996722187846899","0.00996722187846899","0.00996722187846899"
"22417","0.006991847418248653","0.006991847418248653","0.006991847418248653"
"22418","0.010661258362233639","0.010661258362233639","0.010661258362233639"
"22425","0.009566877037286758","0.009566877037286758","0.009566877037286758"
"22431","0.010235347785055637","0.010235347785055637","0.010235347785055637"
"22435","0.00893357302993536","0.00893357302993536","0.00893357302993536"
"22444","0.009461029432713985","0.009461029432713985","0.009461029432713985"
"22447","0.01271542627364397","0.01271542627364397","0.01271542627364397"
"22451","0.007835106924176216","0.007835106924176216","0.007835106924176216"
"22466","0.012155286967754364","0.012155286967754364","0.012155286967754364"
"22467","0.013822277076542377","0.013822277076542377","0.013822277076542377"
"22511","0.013494815677404404","0.013494815677404404","0.013494815677404404"
"22512","0.013897998258471489","0.013897998258471489","0.013897998258471489"
"22518","0.009510109201073647","0.009510109201073647","0.009510109201073647"
"22525","0.00987667590379715","0.00987667590379715","0.00987667590379715"
"22535","0.009619118645787239","0.009619118645787239","0.009619118645787239"
"22551","0.010328675620257854","0.010328675620257854","0.010328675620257854"
"22555","0.009010258130729198","0.009010258130729198","0.009010258130729198"
"22569","0.010813949629664421","0.010813949629664421","0.010813949629664421"
"22582","0.010842114686965942","0.010842114686965942","0.010842114686965942"
"22589","0.009417378343641758","0.009417378343641758","0.009417378343641758"
"22591","0.009870165027678013","0.009870165027678013","0.009870165027678013"
"22600","0.007994628511369228","0.007994628511369228","0.007994628511369228"
"22612","0.00995637383311987","0.00995637383311987","0.00995637383311987"
"22618","0.00797138549387455","0.00797138549387455","0.00797138549387455"
"22633","0.008510776795446873","0.008510776795446873","0.008510776795446873"
"22646","0.011578666046261787","0.011578666046261787","0.011578666046261787"
"22662","0.010356287471950054","0.010356287471950054","0.010356287471950054"
"22666","0.010998258367180824","0.010998258367180824","0.010998258367180824"
"22682","0.009907543659210205","0.009907543659210205","0.009907543659210205"
"22692","0.009493917226791382","0.009493917226791382","0.009493917226791382"
"22699","0.008781574666500092","0.008781574666500092","0.008781574666500092"
"22707","0.009273931384086609","0.009273931384086609","0.009273931384086609"
"22717","0.008563208393752575","0.008563208393752575","0.008563208393752575"
"22721","0.010076637379825115","0.010076637379825115","0.010076637379825115"
"22725","0.00924919918179512","0.00924919918179512","0.00924919918179512"
"22729","0.010615029372274876","0.010615029372274876","0.010615029372274876"
"22743","0.01054418459534645","0.01054418459534645","0.01054418459534645"
"22763","0.012568818405270576","0.012568818405270576","0.012568818405270576"
"22765","0.0125478720292449","0.0125478720292449","0.0125478720292449"
"22770","0.00797346979379654","0.00797346979379654","0.00797346979379654"
"22779","0.00845701526850462","0.00845701526850462","0.00845701526850462"
"22803","0.011202041991055012","0.011202041991055012","0.011202041991055012"
"22835","0.010487634688615799","0.010487634688615799","0.010487634688615799"
"22845","0.010065227746963501","0.010065227746963501","0.010065227746963501"
"22847","0.010447008535265923","0.010447008535265923","0.010447008535265923"
"22848","0.009771334938704967","0.009771334938704967","0.009771334938704967"
"22857","0.010755973868072033","0.010755973868072033","0.010755973868072033"
"22859","0.00909507554024458","0.00909507554024458","0.00909507554024458"
"22864","0.011578228324651718","0.011578228324651718","0.011578228324651718"
"22866","0.010578971356153488","0.010578971356153488","0.010578971356153488"
"22901","0.009931151755154133","0.009931151755154133","0.009931151755154133"
"22903","0.009915836155414581","0.009915836155414581","0.009915836155414581"
"22904","0.010030304081737995","0.010030304081737995","0.010030304081737995"
"22912","0.010725789703428745","0.010725789703428745","0.010725789703428745"
"22921","0.011257866397500038","0.011257866397500038","0.011257866397500038"
"22926","0.010672755539417267","0.010672755539417267","0.010672755539417267"
"22936","0.010688919574022293","0.010688919574022293","0.010688919574022293"
"22942","0.009882879443466663","0.009882879443466663","0.009882879443466663"
"22951","0.011876977048814297","0.011876977048814297","0.011876977048814297"
"22963","0.010288297198712826","0.010288297198712826","0.010288297198712826"
"22968","0.008210238069295883","0.008210238069295883","0.008210238069295883"
"22971","0.010155308991670609","0.010155308991670609","0.010155308991670609"
"22976","0.009378081187605858","0.009378081187605858","0.009378081187605858"
"22991","0.01294702012091875","0.01294702012091875","0.01294702012091875"
"23009","0.006215529982000589","0.006215529982000589","0.006215529982000589"
"23010","0.011556701734662056","0.011556701734662056","0.011556701734662056"
"23014","0.009349524974822998","0.009349524974822998","0.009349524974822998"
"23017","0.011171379126608372","0.011171379126608372","0.011171379126608372"
"23027","0.006865495350211859","0.006865495350211859","0.006865495350211859"
"23028","0.012766936793923378","0.012766936793923378","0.012766936793923378"
"23033","0.010522879660129547","0.010522879660129547","0.010522879660129547"
"23036","0.01023163739591837","0.01023163739591837","0.01023163739591837"
"23038","0.00832157302647829","0.00832157302647829","0.00832157302647829"
"23041","0.008975393138825893","0.008975393138825893","0.008975393138825893"
"23044","0.00994305219501257","0.00994305219501257","0.00994305219501257"
"23046","0.008713980205357075","0.008713980205357075","0.008713980205357075"
"23081","0.008592861704528332","0.008592861704528332","0.008592861704528332"
"23111","0.010456496849656105","0.010456496849656105","0.010456496849656105"
"23116","0.007741616107523441","0.007741616107523441","0.007741616107523441"
"23140","0.011428402736783028","0.011428402736783028","0.011428402736783028"
"23144","0.010398379527032375","0.010398379527032375","0.010398379527032375"
"23145","0.011876898817718029","0.011876898817718029","0.011876898817718029"
"23153","0.011728227138519287","0.011728227138519287","0.011728227138519287"
"23163","0.0101214200258255","0.0101214200258255","0.0101214200258255"
"23193","0.011034686118364334","0.011034686118364334","0.011034686118364334"
"23199","0.012334519997239113","0.012334519997239113","0.012334519997239113"
"23206","0.011131314560770988","0.011131314560770988","0.011131314560770988"
"23259","0.008116045035421848","0.008116045035421848","0.008116045035421848"
"23261","0.01213336456567049","0.01213336456567049","0.01213336456567049"
"23262","0.009134171530604362","0.009134171530604362","0.009134171530604362"
"23289","0.011979854665696621","0.011979854665696621","0.011979854665696621"
"23302","0.008350150659680367","0.008350150659680367","0.008350150659680367"
"23310","0.008471782319247723","0.008471782319247723","0.008471782319247723"
"23311","0.011483392678201199","0.011483392678201199","0.011483392678201199"
"23327","0.009969842620193958","0.009969842620193958","0.009969842620193958"
"23344","0.010496762581169605","0.010496762581169605","0.010496762581169605"
"23348","0.008904821239411831","0.008904821239411831","0.008904821239411831"
"23351","0.010706785134971142","0.010706785134971142","0.010706785134971142"
"23377","0.009043124504387379","0.009043124504387379","0.009043124504387379"
"23384","0.010790637694299221","0.010790637694299221","0.010790637694299221"
"23385","0.008524030447006226","0.008524030447006226","0.008524030447006226"
"23409","0.009972797706723213","0.009972797706723213","0.009972797706723213"
"23410","0.009375552646815777","0.009375552646815777","0.009375552646815777"
"23412","0.010342398658394814","0.010342398658394814","0.010342398658394814"
"23430","0.007230898831039667","0.007230898831039667","0.007230898831039667"
"23477","0.009173979051411152","0.009173979051411152","0.009173979051411152"
"23480","0.013611165806651115","0.013611165806651115","0.013611165806651115"
"23495","0.010951233096420765","0.010951233096420765","0.010951233096420765"
"23499","0.009416959248483181","0.009416959248483181","0.009416959248483181"
"23507","0.012337494641542435","0.012337494641542435","0.012337494641542435"
"23509","0.01081995852291584","0.01081995852291584","0.01081995852291584"
"23516","0.011837966740131378","0.011837966740131378","0.011837966740131378"
"23519","0.01041481550782919","0.01041481550782919","0.01041481550782919"
"23520","0.010748463682830334","0.010748463682830334","0.010748463682830334"
"23528","0.01417760644108057","0.01417760644108057","0.01417760644108057"
"23532","0.009882074780762196","0.009882074780762196","0.009882074780762196"
"23557","0.012186757288873196","0.012186757288873196","0.012186757288873196"
"23561","0.009291130118072033","0.009291130118072033","0.009291130118072033"
"23566","0.009469396434724331","0.009469396434724331","0.009469396434724331"
"23596","0.011296847835183144","0.011296847835183144","0.011296847835183144"
"23604","0.008052092045545578","0.008052092045545578","0.008052092045545578"
"23607","0.010283255018293858","0.010283255018293858","0.010283255018293858"
"23616","0.00901870708912611","0.00901870708912611","0.00901870708912611"
"23619","0.010979813523590565","0.010979813523590565","0.010979813523590565"
"23639","0.009387914091348648","0.009387914091348648","0.009387914091348648"
"23641","0.007120236288756132","0.007120236288756132","0.007120236288756132"
"23644","0.010387115180492401","0.010387115180492401","0.010387115180492401"
"23646","0.010255791246891022","0.010255791246891022","0.010255791246891022"
"23657","0.009689969010651112","0.009689969010651112","0.009689969010651112"
"23668","0.010859242640435696","0.010859242640435696","0.010859242640435696"
"23681","0.009388424456119537","0.009388424456119537","0.009388424456119537"
"23683","0.010945825837552547","0.010945825837552547","0.010945825837552547"
"23684","0.008784041740000248","0.008784041740000248","0.008784041740000248"
"23685","0.009152459912002087","0.009152459912002087","0.009152459912002087"
"23686","0.011787012219429016","0.011787012219429016","0.011787012219429016"
"23704","0.008815718814730644","0.008815718814730644","0.008815718814730644"
"23707","0.008262288756668568","0.008262288756668568","0.008262288756668568"
"23725","0.007735722232609987","0.007735722232609987","0.007735722232609987"
"23735","0.010828911326825619","0.010828911326825619","0.010828911326825619"
"23739","0.008822658099234104","0.008822658099234104","0.008822658099234104"
"23745","0.00855992455035448","0.00855992455035448","0.00855992455035448"
"23749","0.009458241052925587","0.009458241052925587","0.009458241052925587"
"23761","0.008521377108991146","0.008521377108991146","0.008521377108991146"
"23764","0.009631417691707611","0.009631417691707611","0.009631417691707611"
"23770","0.010643046349287033","0.010643046349287033","0.010643046349287033"
"23785","0.011794086545705795","0.011794086545705795","0.011794086545705795"
"23791","0.008831820450723171","0.008831820450723171","0.008831820450723171"
"23810","0.010907508432865143","0.010907508432865143","0.010907508432865143"
"23818","0.012599838897585869","0.012599838897585869","0.012599838897585869"
"23828","0.008839752525091171","0.008839752525091171","0.008839752525091171"
"23835","0.009671656414866447","0.009671656414866447","0.009671656414866447"
"23836","0.010751509107649326","0.010751509107649326","0.010751509107649326"
"23846","0.010698788799345493","0.010698788799345493","0.010698788799345493"
"23857","0.010124954394996166","0.010124954394996166","0.010124954394996166"
"23860","0.008448317646980286","0.008448317646980286","0.008448317646980286"
"23861","0.012073460966348648","0.012073460966348648","0.012073460966348648"
"23874","0.012373465113341808","0.012373465113341808","0.012373465113341808"
"23890","0.013701479882001877","0.013701479882001877","0.013701479882001877"
"23895","0.011732467450201511","0.011732467450201511","0.011732467450201511"
"23900","0.010114033706486225","0.010114033706486225","0.010114033706486225"
"23903","0.0123054850846529","0.0123054850846529","0.0123054850846529"
"23919","0.007310111075639725","0.007310111075639725","0.007310111075639725"
"23932","0.0074760946445167065","0.0074760946445167065","0.0074760946445167065"
"23943","0.00939191598445177","0.00939191598445177","0.00939191598445177"
"23948","0.011506798677146435","0.011506798677146435","0.011506798677146435"
"23954","0.011246132664382458","0.011246132664382458","0.011246132664382458"
"23961","0.010172211565077305","0.010172211565077305","0.010172211565077305"
"23962","0.011985458433628082","0.011985458433628082","0.011985458433628082"
"23991","0.008323829621076584","0.008323829621076584","0.008323829621076584"
"23994","0.01266543474048376","0.01266543474048376","0.01266543474048376"
"24002","0.008200311101973057","0.008200311101973057","0.008200311101973057"
"24009","0.009467803873121738","0.009467803873121738","0.009467803873121738"
"24031","0.011471616104245186","0.011471616104245186","0.011471616104245186"
"24036","0.008541676215827465","0.008541676215827465","0.008541676215827465"
"24059","0.010599437169730663","0.010599437169730663","0.010599437169730663"
"24060","0.0121180834248662","0.0121180834248662","0.0121180834248662"
"24061","0.011262348853051662","0.011262348853051662","0.011262348853051662"
"24067","0.008542477153241634","0.008542477153241634","0.008542477153241634"
"24069","0.007993106730282307","0.007993106730282307","0.007993106730282307"
"24081","0.009226484224200249","0.009226484224200249","0.009226484224200249"
"24087","0.007979577407240868","0.007979577407240868","0.007979577407240868"
"24090","0.008002931252121925","0.008002931252121925","0.008002931252121925"
"24093","0.010384353809058666","0.010384353809058666","0.010384353809058666"
"24095","0.009842712432146072","0.009842712432146072","0.009842712432146072"
"24096","0.011275514028966427","0.011275514028966427","0.011275514028966427"
"24105","0.011423339135944843","0.011423339135944843","0.011423339135944843"
"24118","0.009102053008973598","0.009102053008973598","0.009102053008973598"
"24140","0.010867170058190823","0.010867170058190823","0.010867170058190823"
"24158","0.009234108962118626","0.009234108962118626","0.009234108962118626"
"24171","0.011553405784070492","0.011553405784070492","0.011553405784070492"
"24179","0.011099664494395256","0.011099664494395256","0.011099664494395256"
"24180","0.01245746947824955","0.01245746947824955","0.01245746947824955"
"24184","0.009526905603706837","0.009526905603706837","0.009526905603706837"
"24211","0.009841387160122395","0.009841387160122395","0.009841387160122395"
"24213","0.007745484821498394","0.007745484821498394","0.007745484821498394"
"24215","0.009229221381247044","0.009229221381247044","0.009229221381247044"
"24223","0.008213510736823082","0.008213510736823082","0.008213510736823082"
"24254","0.012111556716263294","0.012111556716263294","0.012111556716263294"
"24255","0.011433478444814682","0.011433478444814682","0.011433478444814682"
"24256","0.010523938573896885","0.010523938573896885","0.010523938573896885"
"24277","0.008133121766149998","0.008133121766149998","0.008133121766149998"
"24280","0.01102013885974884","0.01102013885974884","0.01102013885974884"
"24323","0.007517672143876553","0.007517672143876553","0.007517672143876553"
"24341","0.011561466380953789","0.011561466380953789","0.011561466380953789"
"24355","0.009026709012687206","0.009026709012687206","0.009026709012687206"
"24385","0.009550154209136963","0.009550154209136963","0.009550154209136963"
"24392","0.012182742357254028","0.012182742357254028","0.012182742357254028"
"24398","0.007783268578350544","0.007783268578350544","0.007783268578350544"
"24400","0.008292345330119133","0.008292345330119133","0.008292345330119133"
"24406","0.008740222081542015","0.008740222081542015","0.008740222081542015"
"24408","0.01015703659504652","0.01015703659504652","0.01015703659504652"
"24411","0.008519250899553299","0.008519250899553299","0.008519250899553299"
"24412","0.00914327148348093","0.00914327148348093","0.00914327148348093"
"24418","0.009894502349197865","0.009894502349197865","0.009894502349197865"
"24432","0.008907717652618885","0.008907717652618885","0.008907717652618885"
"24445","0.011961884796619415","0.011961884796619415","0.011961884796619415"
"24447","0.010570095852017403","0.010570095852017403","0.010570095852017403"
"24466","0.010775513015687466","0.010775513015687466","0.010775513015687466"
"24503","0.008441993966698647","0.008441993966698647","0.008441993966698647"
"24507","0.011349597945809364","0.011349597945809364","0.011349597945809364"
"24517","0.010936935432255268","0.010936935432255268","0.010936935432255268"
"24518","0.00934456568211317","0.00934456568211317","0.00934456568211317"
"24524","0.009358351118862629","0.009358351118862629","0.009358351118862629"
"24530","0.009920611046254635","0.009920611046254635","0.009920611046254635"
"24533","0.012428611516952515","0.012428611516952515","0.012428611516952515"
"24549","0.009701215662062168","0.009701215662062168","0.009701215662062168"
"24554","0.011324705556035042","0.011324705556035042","0.011324705556035042"
"24570","0.012195979245007038","0.012195979245007038","0.012195979245007038"
"24578","0.011854119598865509","0.011854119598865509","0.011854119598865509"
"24590","0.008462461642920971","0.008462461642920971","0.008462461642920971"
"24596","0.007551740389317274","0.007551740389317274","0.007551740389317274"
"24597","0.010274163447320461","0.010274163447320461","0.010274163447320461"
"24612","0.009008179418742657","0.009008179418742657","0.009008179418742657"
"24613","0.009139956906437874","0.009139956906437874","0.009139956906437874"
"24618","0.010259060189127922","0.010259060189127922","0.010259060189127922"
"24658","0.009892718866467476","0.009892718866467476","0.009892718866467476"
"24676","0.011462313123047352","0.011462313123047352","0.011462313123047352"
"24698","0.01162561122328043","0.01162561122328043","0.01162561122328043"
"24700","0.011910030618309975","0.011910030618309975","0.011910030618309975"
"24731","0.010542703792452812","0.010542703792452812","0.010542703792452812"
"24744","0.009645719081163406","0.009645719081163406","0.009645719081163406"
"24757","0.009173326194286346","0.009173326194286346","0.009173326194286346"
"24763","0.01012443657964468","0.01012443657964468","0.01012443657964468"
"24768","0.008610750548541546","0.008610750548541546","0.008610750548541546"
"24783","0.005971130914986134","0.005971130914986134","0.005971130914986134"
"24793","0.010348779149353504","0.010348779149353504","0.010348779149353504"
"24794","0.010792607441544533","0.010792607441544533","0.010792607441544533"
"24809","0.0067039611749351025","0.0067039611749351025","0.0067039611749351025"
"24816","0.008728133514523506","0.008728133514523506","0.008728133514523506"
"24839","0.011270666494965553","0.011270666494965553","0.011270666494965553"
"24852","0.00855565257370472","0.00855565257370472","0.00855565257370472"
"24866","0.008031964302062988","0.008031964302062988","0.008031964302062988"
"24881","0.008290735073387623","0.008290735073387623","0.008290735073387623"
"24885","0.009860781952738762","0.009860781952738762","0.009860781952738762"
"24893","0.01069455686956644","0.01069455686956644","0.01069455686956644"
"24909","0.010142936371266842","0.010142936371266842","0.010142936371266842"
"24912","0.012071806006133556","0.012071806006133556","0.012071806006133556"
"24922","0.015944626182317734","0.015944626182317734","0.015944626182317734"
"24928","0.017070338129997253","0.017070338129997253","0.017070338129997253"
"24934","0.01148392166942358","0.01148392166942358","0.01148392166942358"
"24936","0.014181277714669704","0.014181277714669704","0.014181277714669704"
"24938","0.015154298394918442","0.015154298394918442","0.015154298394918442"
"24942","0.014169557951390743","0.014169557951390743","0.014169557951390743"
"24979","0.010099969804286957","0.010099969804286957","0.010099969804286957"
"24980","0.011211593635380268","0.011211593635380268","0.011211593635380268"
"24995","0.009258520789444447","0.009258520789444447","0.009258520789444447"
"24997","0.010521852411329746","0.010521852411329746","0.010521852411329746"
"24998","0.011447194963693619","0.011447194963693619","0.011447194963693619"
"25002","0.008173365145921707","0.008173365145921707","0.008173365145921707"
"25008","0.00927542895078659","0.00927542895078659","0.00927542895078659"
"25013","0.009701834991574287","0.009701834991574287","0.009701834991574287"
"25015","0.008451910689473152","0.008451910689473152","0.008451910689473152"
"25024","0.011088154278695583","0.011088154278695583","0.011088154278695583"
"25026","0.009979738853871822","0.009979738853871822","0.009979738853871822"
"25032","0.009451175108551979","0.009451175108551979","0.009451175108551979"
"25040","0.010898500680923462","0.010898500680923462","0.010898500680923462"
"25042","0.010670646093785763","0.010670646093785763","0.010670646093785763"
"25052","0.007676137611269951","0.007676137611269951","0.007676137611269951"
"25057","0.00697141932323575","0.00697141932323575","0.00697141932323575"
"25058","0.011943700723350048","0.011943700723350048","0.011943700723350048"
"25066","0.009541971608996391","0.009541971608996391","0.009541971608996391"
"25075","0.010769128799438477","0.010769128799438477","0.010769128799438477"
"25080","0.013696428388357162","0.013696428388357162","0.013696428388357162"
"25095","0.009322317317128181","0.009322317317128181","0.009322317317128181"
"25122","0.00997148361057043","0.00997148361057043","0.00997148361057043"
"25133","0.009788681752979755","0.009788681752979755","0.009788681752979755"
"25156","0.009679547511041164","0.009679547511041164","0.009679547511041164"
"25173","0.009928107261657715","0.009928107261657715","0.009928107261657715"
"25197","0.008562748320400715","0.008562748320400715","0.008562748320400715"
"25226","0.010311237536370754","0.010311237536370754","0.010311237536370754"
"25238","0.009325223974883556","0.009325223974883556","0.009325223974883556"
"25247","0.012020382098853588","0.012020382098853588","0.012020382098853588"
"25288","0.008041517809033394","0.008041517809033394","0.008041517809033394"
"25297","0.009621841832995415","0.009621841832995415","0.009621841832995415"
"25299","0.01006403099745512","0.01006403099745512","0.01006403099745512"
"25302","0.009918992407619953","0.009918992407619953","0.009918992407619953"
"25317","0.011816480197012424","0.011816480197012424","0.011816480197012424"
"25324","0.008292382583022118","0.008292382583022118","0.008292382583022118"
"25340","0.009493461810052395","0.009493461810052395","0.009493461810052395"
"25352","0.01146728079766035","0.01146728079766035","0.01146728079766035"
"25374","0.008810286410152912","0.008810286410152912","0.008810286410152912"
"25380","0.011544682085514069","0.011544682085514069","0.011544682085514069"
"25384","0.010684886015951633","0.010684886015951633","0.010684886015951633"
"25387","0.00954448152333498","0.00954448152333498","0.00954448152333498"
"25388","0.011663766577839851","0.011663766577839851","0.011663766577839851"
"25393","0.013005114160478115","0.013005114160478115","0.013005114160478115"
"25412","0.008913885802030563","0.008913885802030563","0.008913885802030563"
"25413","0.010289830155670643","0.010289830155670643","0.010289830155670643"
"25416","0.010269754566252232","0.010269754566252232","0.010269754566252232"
"25419","0.010035021230578423","0.010035021230578423","0.010035021230578423"
"25422","0.009393315762281418","0.009393315762281418","0.009393315762281418"
"25424","0.011797047220170498","0.011797047220170498","0.011797047220170498"
"25429","0.011653735302388668","0.011653735302388668","0.011653735302388668"
"25455","0.008509345352649689","0.008509345352649689","0.008509345352649689"
"25470","0.00921389739960432","0.00921389739960432","0.00921389739960432"
"25476","0.010674770921468735","0.010674770921468735","0.010674770921468735"
"25486","0.011652732267975807","0.011652732267975807","0.011652732267975807"
"25487","0.01280172262340784","0.01280172262340784","0.01280172262340784"
"25496","0.01055495347827673","0.01055495347827673","0.01055495347827673"
"25513","0.012429717928171158","0.012429717928171158","0.012429717928171158"
"25525","0.011035023257136345","0.011035023257136345","0.011035023257136345"
"25544","0.008856900036334991","0.008856900036334991","0.008856900036334991"
"25558","0.008548655547201633","0.008548655547201633","0.008548655547201633"
"25562","0.008140640333294868","0.008140640333294868","0.008140640333294868"
"25577","0.006357957608997822","0.006357957608997822","0.006357957608997822"
"25606","0.009762001223862171","0.009762001223862171","0.009762001223862171"
"25613","0.008361966349184513","0.008361966349184513","0.008361966349184513"
"25635","0.009334277361631393","0.009334277361631393","0.009334277361631393"
"25648","0.009421516209840775","0.009421516209840775","0.009421516209840775"
"25650","0.010270719416439533","0.010270719416439533","0.010270719416439533"
"25652","0.00950672384351492","0.00950672384351492","0.00950672384351492"
"25658","0.009152061305940151","0.009152061305940151","0.009152061305940151"
"25665","0.009460960514843464","0.009460960514843464","0.009460960514843464"
"25680","0.010242152959108353","0.010242152959108353","0.010242152959108353"
"25700","0.010641091503202915","0.010641091503202915","0.010641091503202915"
"25705","0.010338484309613705","0.010338484309613705","0.010338484309613705"
"25709","0.008498725481331348","0.008498725481331348","0.008498725481331348"
"25714","0.008369892835617065","0.008369892835617065","0.008369892835617065"
"25720","0.010604919865727425","0.010604919865727425","0.010604919865727425"
"25722","0.01032861415296793","0.01032861415296793","0.01032861415296793"
"25745","0.010346628725528717","0.010346628725528717","0.010346628725528717"
"25763","0.011070160195231438","0.011070160195231438","0.011070160195231438"
"25769","0.009480440057814121","0.009480440057814121","0.009480440057814121"
"25771","0.010598115622997284","0.010598115622997284","0.010598115622997284"
"25782","0.010721113532781601","0.010721113532781601","0.010721113532781601"
"25790","0.012724173255264759","0.012724173255264759","0.012724173255264759"
"25791","0.009788733907043934","0.009788733907043934","0.009788733907043934"
"25796","0.009977017529308796","0.009977017529308796","0.009977017529308796"
"25809","0.008653019554913044","0.008653019554913044","0.008653019554913044"
"25822","0.009613712318241596","0.009613712318241596","0.009613712318241596"
"25832","0.009182368405163288","0.009182368405163288","0.009182368405163288"
"25836","0.010715513490140438","0.010715513490140438","0.010715513490140438"
"25857","0.010655941441655159","0.010655941441655159","0.010655941441655159"
"25870","0.010045187547802925","0.010045187547802925","0.010045187547802925"
"25888","0.010488246567547321","0.010488246567547321","0.010488246567547321"
"25898","0.00857608299702406","0.00857608299702406","0.00857608299702406"
"25903","0.010939957574009895","0.010939957574009895","0.010939957574009895"
"25909","0.009520761668682098","0.009520761668682098","0.009520761668682098"
"25929","0.007987087592482567","0.007987087592482567","0.007987087592482567"
"25937","0.013137904927134514","0.013137904927134514","0.013137904927134514"
"25938","0.010842232033610344","0.010842232033610344","0.010842232033610344"
"25940","0.010366731323301792","0.010366731323301792","0.010366731323301792"
"25942","0.009203805588185787","0.009203805588185787","0.009203805588185787"
"25947","0.009495196864008904","0.009495196864008904","0.009495196864008904"
"25949","0.00952331256121397","0.00952331256121397","0.00952331256121397"
"25952","0.008581839501857758","0.008581839501857758","0.008581839501857758"
"25962","0.01099549699574709","0.01099549699574709","0.01099549699574709"
"25972","0.00933709368109703","0.00933709368109703","0.00933709368109703"
"25975","0.008320687338709831","0.008320687338709831","0.008320687338709831"
"25990","0.008104144595563412","0.008104144595563412","0.008104144595563412"
"25997","0.011279463768005371","0.011279463768005371","0.011279463768005371"
"26004","0.010672317817807198","0.010672317817807198","0.010672317817807198"
"26007","0.010683231987059116","0.010683231987059116","0.010683231987059116"
"26013","0.009395875968039036","0.009395875968039036","0.009395875968039036"
"26015","0.0071799117140471935","0.0071799117140471935","0.0071799117140471935"
"26017","0.009668382816016674","0.009668382816016674","0.009668382816016674"
"26036","0.010668095201253891","0.010668095201253891","0.010668095201253891"
"26041","0.007239591795951128","0.007239591795951128","0.007239591795951128"
"26055","0.01097509078681469","0.01097509078681469","0.01097509078681469"
"26058","0.010260042734444141","0.010260042734444141","0.010260042734444141"
"26066","0.009545051492750645","0.009545051492750645","0.009545051492750645"
"26073","0.009287857450544834","0.009287857450544834","0.009287857450544834"
"26074","0.010377947241067886","0.010377947241067886","0.010377947241067886"
"26081","0.00849055964499712","0.00849055964499712","0.00849055964499712"
"26116","0.009956502355635166","0.009956502355635166","0.009956502355635166"
"26120","0.0095811877399683","0.0095811877399683","0.0095811877399683"
"26128","0.01230640895664692","0.01230640895664692","0.01230640895664692"
"26131","0.009845360182225704","0.009845360182225704","0.009845360182225704"
"26154","0.007981532253324986","0.007981532253324986","0.007981532253324986"
"26179","0.00894677359610796","0.00894677359610796","0.00894677359610796"
"26180","0.009400339797139168","0.009400339797139168","0.009400339797139168"
"26190","0.008212742395699024","0.008212742395699024","0.008212742395699024"
"26197","0.007846253924071789","0.007846253924071789","0.007846253924071789"
"26198","0.011601554229855537","0.011601554229855537","0.011601554229855537"
"26203","0.009554062969982624","0.009554062969982624","0.009554062969982624"
"26204","0.009009025990962982","0.009009025990962982","0.009009025990962982"
"26213","0.008510854095220566","0.008510854095220566","0.008510854095220566"
"26226","0.011350315995514393","0.011350315995514393","0.011350315995514393"
"26240","0.008551208302378654","0.008551208302378654","0.008551208302378654"
"26243","0.010599213652312756","0.010599213652312756","0.010599213652312756"
"26253","0.010600920766592026","0.010600920766592026","0.010600920766592026"
"26258","0.012266731821000576","0.012266731821000576","0.012266731821000576"
"26268","0.012352757155895233","0.012352757155895233","0.012352757155895233"
"26276","0.0094950832426548","0.0094950832426548","0.0094950832426548"
"26295","0.010343236848711967","0.010343236848711967","0.010343236848711967"
"26336","0.009930191561579704","0.009930191561579704","0.009930191561579704"
"26338","0.010633066296577454","0.010633066296577454","0.010633066296577454"
"26341","0.0097705889493227","0.0097705889493227","0.0097705889493227"
"26347","0.010041842237114906","0.010041842237114906","0.010041842237114906"
"26370","0.007110549136996269","0.007110549136996269","0.007110549136996269"
"26374","0.009386729449033737","0.009386729449033737","0.009386729449033737"
"26396","0.007997703738510609","0.007997703738510609","0.007997703738510609"
"26402","0.011772483587265015","0.011772483587265015","0.011772483587265015"
"26406","0.010144928470253944","0.010144928470253944","0.010144928470253944"
"26418","0.008955897763371468","0.008955897763371468","0.008955897763371468"
"26421","0.007183608133345842","0.007183608133345842","0.007183608133345842"
"26430","0.008689920417964458","0.008689920417964458","0.008689920417964458"
"26449","0.009351754561066628","0.009351754561066628","0.009351754561066628"
"26459","0.010408719070255756","0.010408719070255756","0.010408719070255756"
"26474","0.009608051739633083","0.009608051739633083","0.009608051739633083"
"26475","0.009208910167217255","0.009208910167217255","0.009208910167217255"
"26478","0.009773089550435543","0.009773089550435543","0.009773089550435543"
"26506","0.011769152246415615","0.011769152246415615","0.011769152246415615"
"26507","0.008420519530773163","0.008420519530773163","0.008420519530773163"
"26533","0.009559218771755695","0.009559218771755695","0.009559218771755695"
"26540","0.010978663340210915","0.010978663340210915","0.010978663340210915"
"26554","0.011195499449968338","0.011195499449968338","0.011195499449968338"
"26558","0.009193863719701767","0.009193863719701767","0.009193863719701767"
"26570","0.009307071566581726","0.009307071566581726","0.009307071566581726"
"26573","0.01134883239865303","0.01134883239865303","0.01134883239865303"
"26584","0.008458271622657776","0.008458271622657776","0.008458271622657776"
"26591","0.010899974964559078","0.010899974964559078","0.010899974964559078"
"26605","0.009856276214122772","0.009856276214122772","0.009856276214122772"
"26608","0.008525865152478218","0.008525865152478218","0.008525865152478218"
"26609","0.011425165459513664","0.011425165459513664","0.011425165459513664"
"26610","0.008739562705159187","0.008739562705159187","0.008739562705159187"
"26611","0.011597493663430214","0.011597493663430214","0.011597493663430214"
"26619","0.008775027468800545","0.008775027468800545","0.008775027468800545"
"26639","0.007086728699505329","0.007086728699505329","0.007086728699505329"
"26641","0.008298619650304317","0.008298619650304317","0.008298619650304317"
"26645","0.009621663019061089","0.009621663019061089","0.009621663019061089"
"26647","0.009599427692592144","0.009599427692592144","0.009599427692592144"
"26651","0.008982721716165543","0.008982721716165543","0.008982721716165543"
"26671","0.008371804840862751","0.008371804840862751","0.008371804840862751"
"26682","0.010510851629078388","0.010510851629078388","0.010510851629078388"
"26686","0.009729335084557533","0.009729335084557533","0.009729335084557533"
"26694","0.010961288586258888","0.010961288586258888","0.010961288586258888"
"26695","0.010225911624729633","0.010225911624729633","0.010225911624729633"
"26701","0.009279928170144558","0.009279928170144558","0.009279928170144558"
"26705","0.0075601148419082165","0.0075601148419082165","0.0075601148419082165"
"26721","0.010011709295213223","0.010011709295213223","0.010011709295213223"
"26740","0.011832769960165024","0.011832769960165024","0.011832769960165024"
"26751","0.008591385558247566","0.008591385558247566","0.008591385558247566"
"26755","0.009556150063872337","0.009556150063872337","0.009556150063872337"
"26765","0.011322569102048874","0.011322569102048874","0.011322569102048874"
"26766","0.011382627300918102","0.011382627300918102","0.011382627300918102"
"26781","0.010508361272513866","0.010508361272513866","0.010508361272513866"
"26794","0.008037768304347992","0.008037768304347992","0.008037768304347992"
"26803","0.008081534877419472","0.008081534877419472","0.008081534877419472"
"26816","0.008478661067783833","0.008478661067783833","0.008478661067783833"
"26818","0.00858217105269432","0.00858217105269432","0.00858217105269432"
"26822","0.009464574977755547","0.009464574977755547","0.009464574977755547"
"26830","0.0065114619210362434","0.0065114619210362434","0.0065114619210362434"
"26837","0.01008254662156105","0.01008254662156105","0.01008254662156105"
"26862","0.010531336069107056","0.010531336069107056","0.010531336069107056"
"26866","0.007965938188135624","0.007965938188135624","0.007965938188135624"
"26881","0.006818702910095453","0.006818702910095453","0.006818702910095453"
"26903","0.01172720082104206","0.01172720082104206","0.01172720082104206"
"26917","0.00944457110017538","0.00944457110017538","0.00944457110017538"
"26920","0.00851762667298317","0.00851762667298317","0.00851762667298317"
"26924","0.00972079113125801","0.00972079113125801","0.00972079113125801"
"26944","0.01078615803271532","0.01078615803271532","0.01078615803271532"
"26953","0.010069042444229126","0.010069042444229126","0.010069042444229126"
"26967","0.009933236055076122","0.009933236055076122","0.009933236055076122"
"26972","0.009686482138931751","0.009686482138931751","0.009686482138931751"
"26994","0.010580189526081085","0.010580189526081085","0.010580189526081085"
"26997","0.008433198556303978","0.008433198556303978","0.008433198556303978"
"27015","0.009328270331025124","0.009328270331025124","0.009328270331025124"
"27026","0.008893498219549656","0.008893498219549656","0.008893498219549656"
"27029","0.010607949458062649","0.010607949458062649","0.010607949458062649"
"27033","0.009337471798062325","0.009337471798062325","0.009337471798062325"
"27038","0.009544274769723415","0.009544274769723415","0.009544274769723415"
"27060","0.009687711484730244","0.009687711484730244","0.009687711484730244"
"27064","0.007781882770359516","0.007781882770359516","0.007781882770359516"
"27073","0.010934284888207912","0.010934284888207912","0.010934284888207912"
"27083","0.008972945623099804","0.008972945623099804","0.008972945623099804"
"27087","0.009765070863068104","0.009765070863068104","0.009765070863068104"
"27091","0.010911856777966022","0.010911856777966022","0.010911856777966022"
"27096","0.008688482455909252","0.008688482455909252","0.008688482455909252"
"27112","0.008881265297532082","0.008881265297532082","0.008881265297532082"
"27116","0.00998463574796915","0.00998463574796915","0.00998463574796915"
"27127","0.010465428233146667","0.010465428233146667","0.010465428233146667"
"27143","0.011899423785507679","0.011899423785507679","0.011899423785507679"
"27151","0.00866384245455265","0.00866384245455265","0.00866384245455265"
"27161","0.01578587107360363","0.01578587107360363","0.01578587107360363"
"27162","0.012312967330217361","0.012312967330217361","0.012312967330217361"
"27168","0.012125157751142979","0.012125157751142979","0.012125157751142979"
"27171","0.015271338634192944","0.015271338634192944","0.015271338634192944"
"27176","0.019419744610786438","0.019419744610786438","0.019419744610786438"
"27183","0.014203491620719433","0.014203491620719433","0.014203491620719433"
"27188","0.011783857829868793","0.011783857829868793","0.011783857829868793"
"27189","0.010038377717137337","0.010038377717137337","0.010038377717137337"
"27199","0.007979629561305046","0.007979629561305046","0.007979629561305046"
"27214","0.010491298511624336","0.010491298511624336","0.010491298511624336"
"27216","0.010458040982484818","0.010458040982484818","0.010458040982484818"
"27218","0.010449834167957306","0.010449834167957306","0.010449834167957306"
"27220","0.010308055207133293","0.010308055207133293","0.010308055207133293"
"27226","0.010934856720268726","0.010934856720268726","0.010934856720268726"
"27233","0.008401542901992798","0.008401542901992798","0.008401542901992798"
"27235","0.01072646863758564","0.01072646863758564","0.01072646863758564"
"27236","0.009342161007225513","0.009342161007225513","0.009342161007225513"
"27239","0.009416012093424797","0.009416012093424797","0.009416012093424797"
"27268","0.007925267331302166","0.007925267331302166","0.007925267331302166"
"27269","0.010523819364607334","0.010523819364607334","0.010523819364607334"
"27283","0.010480170138180256","0.010480170138180256","0.010480170138180256"
"27293","0.009416816756129265","0.009416816756129265","0.009416816756129265"
"27299","0.01015580166131258","0.01015580166131258","0.01015580166131258"
"27300","0.010658933781087399","0.010658933781087399","0.010658933781087399"
"27304","0.010110393166542053","0.010110393166542053","0.010110393166542053"
"27330","0.007991151884198189","0.007991151884198189","0.007991151884198189"
"27348","0.011851446703076363","0.011851446703076363","0.011851446703076363"
"27353","0.009118163958191872","0.009118163958191872","0.009118163958191872"
"27362","0.01038041990250349","0.01038041990250349","0.01038041990250349"
"27378","0.01072161179035902","0.01072161179035902","0.01072161179035902"
"27392","0.011112110689282417","0.011112110689282417","0.011112110689282417"
"27394","0.009940721094608307","0.009940721094608307","0.009940721094608307"
"27397","0.010511024855077267","0.010511024855077267","0.010511024855077267"
"27409","0.010285292752087116","0.010285292752087116","0.010285292752087116"
"27413","0.009945291094481945","0.009945291094481945","0.009945291094481945"
"27425","0.010866903699934483","0.010866903699934483","0.010866903699934483"
"27445","0.009385153651237488","0.009385153651237488","0.009385153651237488"
"27472","0.009497213177382946","0.009497213177382946","0.009497213177382946"
"27496","0.008989888243377209","0.008989888243377209","0.008989888243377209"
"27498","0.009173654019832611","0.009173654019832611","0.009173654019832611"
"27503","0.009852884337306023","0.009852884337306023","0.009852884337306023"
"27520","0.011043599806725979","0.011043599806725979","0.011043599806725979"
"27524","0.008813396096229553","0.008813396096229553","0.008813396096229553"
"27542","0.009046141058206558","0.009046141058206558","0.009046141058206558"
"27546","0.008732415735721588","0.008732415735721588","0.008732415735721588"
"27549","0.00686250813305378","0.00686250813305378","0.00686250813305378"
"27570","0.008651172742247581","0.008651172742247581","0.008651172742247581"
"27603","0.009569133631885052","0.009569133631885052","0.009569133631885052"
"27609","0.010683608241379261","0.010683608241379261","0.010683608241379261"
"27629","0.01027299277484417","0.01027299277484417","0.01027299277484417"
"27640","0.007959069684147835","0.007959069684147835","0.007959069684147835"
"27642","0.009771744720637798","0.009771744720637798","0.009771744720637798"
"27644","0.011508099734783173","0.011508099734783173","0.011508099734783173"
"27647","0.00756008829921484","0.00756008829921484","0.00756008829921484"
"27654","0.007656627334654331","0.007656627334654331","0.007656627334654331"
"27658","0.011224806308746338","0.011224806308746338","0.011224806308746338"
"27660","0.0072973016649484634","0.0072973016649484634","0.0072973016649484634"
"27697","0.0074866656213998795","0.0074866656213998795","0.0074866656213998795"
"27707","0.00968141108751297","0.00968141108751297","0.00968141108751297"
"27722","0.01116307731717825","0.01116307731717825","0.01116307731717825"
"27744","0.009136347100138664","0.009136347100138664","0.009136347100138664"
"27747","0.01138786319643259","0.01138786319643259","0.01138786319643259"
"27770","0.010168526321649551","0.010168526321649551","0.010168526321649551"
"27792","0.009519263170659542","0.009519263170659542","0.009519263170659542"
"27801","0.008771502412855625","0.008771502412855625","0.008771502412855625"
"27827","0.006936941295862198","0.006936941295862198","0.006936941295862198"
"27831","0.008977693505585194","0.008977693505585194","0.008977693505585194"
"27834","0.009052540175616741","0.009052540175616741","0.009052540175616741"
"27835","0.009799732826650143","0.009799732826650143","0.009799732826650143"
"27837","0.009746134281158447","0.009746134281158447","0.009746134281158447"
"27850","0.009371042251586914","0.009371042251586914","0.009371042251586914"
"27856","0.010025400668382645","0.010025400668382645","0.010025400668382645"
"27867","0.0072642602026462555","0.0072642602026462555","0.0072642602026462555"
"27869","0.008905511349439621","0.008905511349439621","0.008905511349439621"
"27876","0.009960922412574291","0.009960922412574291","0.009960922412574291"
"27889","0.007635329384356737","0.007635329384356737","0.007635329384356737"
"27894","0.011865314096212387","0.011865314096212387","0.011865314096212387"
"27920","0.007991582155227661","0.007991582155227661","0.007991582155227661"
"27921","0.01052053552120924","0.01052053552120924","0.01052053552120924"
"27923","0.009153761900961399","0.009153761900961399","0.009153761900961399"
"27933","0.011095242574810982","0.011095242574810982","0.011095242574810982"
"27941","0.010590432211756706","0.010590432211756706","0.010590432211756706"
"27949","0.009040389209985733","0.009040389209985733","0.009040389209985733"
"27966","0.007794758304953575","0.007794758304953575","0.007794758304953575"
"27981","0.008690236136317253","0.008690236136317253","0.008690236136317253"
"27993","0.00633961008861661","0.00633961008861661","0.00633961008861661"
"28004","0.008762265555560589","0.008762265555560589","0.008762265555560589"
"28006","0.010707252658903599","0.010707252658903599","0.010707252658903599"
"28012","0.008318647742271423","0.008318647742271423","0.008318647742271423"
"28027","0.010787838138639927","0.010787838138639927","0.010787838138639927"
"28045","0.010350755415856838","0.010350755415856838","0.010350755415856838"
"28055","0.009725942276418209","0.009725942276418209","0.009725942276418209"
"28060","0.009819425642490387","0.009819425642490387","0.009819425642490387"
"28063","0.00970142986625433","0.00970142986625433","0.00970142986625433"
"28078","0.008881578221917152","0.008881578221917152","0.008881578221917152"
"28084","0.00955562386661768","0.00955562386661768","0.00955562386661768"
"28085","0.010194643400609493","0.010194643400609493","0.010194643400609493"
"28136","0.00839825626462698","0.00839825626462698","0.00839825626462698"
"28140","0.010154318995773792","0.010154318995773792","0.010154318995773792"
"28147","0.009090244770050049","0.009090244770050049","0.009090244770050049"
"28150","0.011867525056004524","0.011867525056004524","0.011867525056004524"
"28155","0.010376054793596268","0.010376054793596268","0.010376054793596268"
"28157","0.010638263076543808","0.010638263076543808","0.010638263076543808"
"28169","0.009691025130450726","0.009691025130450726","0.009691025130450726"
"28175","0.010627413168549538","0.010627413168549538","0.010627413168549538"
"28217","0.0073121353052556515","0.0073121353052556515","0.0073121353052556515"
"28219","0.00762788625434041","0.00762788625434041","0.00762788625434041"
"28235","0.008026428520679474","0.008026428520679474","0.008026428520679474"
"28239","0.006567950826138258","0.006567950826138258","0.006567950826138258"
"28245","0.010186875239014626","0.010186875239014626","0.010186875239014626"
"28266","0.010317591950297356","0.010317591950297356","0.010317591950297356"
"28278","0.007760724984109402","0.007760724984109402","0.007760724984109402"
"28280","0.011679612100124359","0.011679612100124359","0.011679612100124359"
"28294","0.010187131352722645","0.010187131352722645","0.010187131352722645"
"28305","0.007691302336752415","0.007691302336752415","0.007691302336752415"
"28312","0.01015002466738224","0.01015002466738224","0.01015002466738224"
"28317","0.010394596494734287","0.010394596494734287","0.010394596494734287"
"28325","0.009777266532182693","0.009777266532182693","0.009777266532182693"
"28326","0.010051855817437172","0.010051855817437172","0.010051855817437172"
"28327","0.008456854149699211","0.008456854149699211","0.008456854149699211"
"28360","0.009664037264883518","0.009664037264883518","0.009664037264883518"
"28375","0.006914458237588406","0.006914458237588406","0.006914458237588406"
"28383","0.00878535583615303","0.00878535583615303","0.00878535583615303"
"28384","0.011286783963441849","0.011286783963441849","0.011286783963441849"
"28389","0.008777862414717674","0.008777862414717674","0.008777862414717674"
"28410","0.006140810437500477","0.006140810437500477","0.006140810437500477"
"28415","0.010414600372314453","0.010414600372314453","0.010414600372314453"
"28473","0.01104030292481184","0.01104030292481184","0.01104030292481184"
"28476","0.008500345051288605","0.008500345051288605","0.008500345051288605"
"28481","0.006839964538812637","0.006839964538812637","0.006839964538812637"
"28499","0.012010250240564346","0.012010250240564346","0.012010250240564346"
"28520","0.009409250691533089","0.009409250691533089","0.009409250691533089"
"28522","0.008480994962155819","0.008480994962155819","0.008480994962155819"
"28527","0.008689059875905514","0.008689059875905514","0.008689059875905514"
"28528","0.00808897614479065","0.00808897614479065","0.00808897614479065"
"28532","0.010143685154616833","0.010143685154616833","0.010143685154616833"
"28533","0.008075094781816006","0.008075094781816006","0.008075094781816006"
"28536","0.006737417075783014","0.006737417075783014","0.006737417075783014"
"28538","0.007195519283413887","0.007195519283413887","0.007195519283413887"
"28542","0.01039502676576376","0.01039502676576376","0.01039502676576376"
"28564","0.01097854133695364","0.01097854133695364","0.01097854133695364"
"28574","0.008918608538806438","0.008918608538806438","0.008918608538806438"
"28583","0.008940616622567177","0.008940616622567177","0.008940616622567177"
"28596","0.010399174876511097","0.010399174876511097","0.010399174876511097"
"28625","0.009128122590482235","0.009128122590482235","0.009128122590482235"
"28642","0.009992682375013828","0.009992682375013828","0.009992682375013828"
"28648","0.007860044948756695","0.007860044948756695","0.007860044948756695"
"28653","0.011698705144226551","0.011698705144226551","0.011698705144226551"
"28669","0.011419867165386677","0.011419867165386677","0.011419867165386677"
"28691","0.009596975520253181","0.009596975520253181","0.009596975520253181"
"28693","0.007264259271323681","0.007264259271323681","0.007264259271323681"
"28704","0.009655733592808247","0.009655733592808247","0.009655733592808247"
"28723","0.010051259770989418","0.010051259770989418","0.010051259770989418"
"28724","0.010048207826912403","0.010048207826912403","0.010048207826912403"
"28737","0.009777773171663284","0.009777773171663284","0.009777773171663284"
"28754","0.007969825528562069","0.007969825528562069","0.007969825528562069"
"28758","0.008897733874619007","0.008897733874619007","0.008897733874619007"
"28760","0.008067994378507137","0.008067994378507137","0.008067994378507137"
"28768","0.009892873466014862","0.009892873466014862","0.009892873466014862"
"28776","0.010731046088039875","0.010731046088039875","0.010731046088039875"
"28786","0.010223730467259884","0.010223730467259884","0.010223730467259884"
"28790","0.01047514844685793","0.01047514844685793","0.01047514844685793"
"28792","0.008392395451664925","0.008392395451664925","0.008392395451664925"
"28793","0.01181577518582344","0.01181577518582344","0.01181577518582344"
"28796","0.00824738573282957","0.00824738573282957","0.00824738573282957"
"28818","0.009184479713439941","0.009184479713439941","0.009184479713439941"
"28821","0.009357376955449581","0.009357376955449581","0.009357376955449581"
"28824","0.011203005909919739","0.011203005909919739","0.011203005909919739"
"28831","0.009746061637997627","0.009746061637997627","0.009746061637997627"
"28859","0.00987031776458025","0.00987031776458025","0.00987031776458025"
"28860","0.01055213063955307","0.01055213063955307","0.01055213063955307"
"28861","0.011011149734258652","0.011011149734258652","0.011011149734258652"
"28869","0.009334771893918514","0.009334771893918514","0.009334771893918514"
"28876","0.009819411672651768","0.009819411672651768","0.009819411672651768"
"28878","0.009379190392792225","0.009379190392792225","0.009379190392792225"
"28885","0.010365985333919525","0.010365985333919525","0.010365985333919525"
"28890","0.006500266958028078","0.006500266958028078","0.006500266958028078"
"28911","0.008596539497375488","0.008596539497375488","0.008596539497375488"
"28918","0.011572751216590405","0.011572751216590405","0.011572751216590405"
"28919","0.011058026924729347","0.011058026924729347","0.011058026924729347"
"28929","0.012226932682096958","0.012226932682096958","0.012226932682096958"
"28950","0.010334322229027748","0.010334322229027748","0.010334322229027748"
"28955","0.009436333552002907","0.009436333552002907","0.009436333552002907"
"28976","0.009555424563586712","0.009555424563586712","0.009555424563586712"
"28985","0.010975653305649757","0.010975653305649757","0.010975653305649757"
"28989","0.008830457925796509","0.008830457925796509","0.008830457925796509"
"28993","0.011462623253464699","0.011462623253464699","0.011462623253464699"
"29009","0.011430459097027779","0.011430459097027779","0.011430459097027779"
"29025","0.009113593026995659","0.009113593026995659","0.009113593026995659"
"29037","0.008843489922583103","0.008843489922583103","0.008843489922583103"
"29050","0.009630918502807617","0.009630918502807617","0.009630918502807617"
"29058","0.009983773343265057","0.009983773343265057","0.009983773343265057"
"29060","0.008634028024971485","0.008634028024971485","0.008634028024971485"
"29062","0.009606867097318172","0.009606867097318172","0.009606867097318172"
"29084","0.008060723543167114","0.008060723543167114","0.008060723543167114"
"29086","0.009020362049341202","0.009020362049341202","0.009020362049341202"
"29111","0.007405247073620558","0.007405247073620558","0.007405247073620558"
"29134","0.007802270818501711","0.007802270818501711","0.007802270818501711"
"29147","0.008236349560320377","0.008236349560320377","0.008236349560320377"
"29156","0.010114257223904133","0.010114257223904133","0.010114257223904133"
"29174","0.006824861746281385","0.006824861746281385","0.006824861746281385"
"29176","0.008739599958062172","0.008739599958062172","0.008739599958062172"
"29179","0.008081979118287563","0.008081979118287563","0.008081979118287563"
"29186","0.009854334406554699","0.009854334406554699","0.009854334406554699"
"29216","0.007192885968834162","0.007192885968834162","0.007192885968834162"
"29218","0.008647029288113117","0.008647029288113117","0.008647029288113117"
"29227","0.008158648386597633","0.008158648386597633","0.008158648386597633"
"29229","0.01215450745075941","0.01215450745075941","0.01215450745075941"
"29241","0.008147268556058407","0.008147268556058407","0.008147268556058407"
"29267","0.00999183114618063","0.00999183114618063","0.00999183114618063"
"29270","0.012125220149755478","0.012125220149755478","0.012125220149755478"
"29277","0.008807479403913021","0.008807479403913021","0.008807479403913021"
"29283","0.010741019621491432","0.010741019621491432","0.010741019621491432"
"29285","0.00899031013250351","0.00899031013250351","0.00899031013250351"
"29287","0.009508887305855751","0.009508887305855751","0.009508887305855751"
"29312","0.00968759786337614","0.00968759786337614","0.00968759786337614"
"29327","0.009663818404078484","0.009663818404078484","0.009663818404078484"
"29338","0.011903718113899231","0.011903718113899231","0.011903718113899231"
"29346","0.010873505845665932","0.010873505845665932","0.010873505845665932"
"29373","0.007696908432990313","0.007696908432990313","0.007696908432990313"
"29412","0.010189848020672798","0.010189848020672798","0.010189848020672798"
"29423","0.01210795994848013","0.01210795994848013","0.01210795994848013"
"29425","0.011753452941775322","0.011753452941775322","0.011753452941775322"
"29427","0.010807961225509644","0.010807961225509644","0.010807961225509644"
"29434","0.010414567776024342","0.010414567776024342","0.010414567776024342"
"29443","0.009625667706131935","0.009625667706131935","0.009625667706131935"
"29459","0.009231753647327423","0.009231753647327423","0.009231753647327423"
"29471","0.009409629739820957","0.009409629739820957","0.009409629739820957"
"29472","0.010898438282310963","0.010898438282310963","0.010898438282310963"
"29501","0.00872277095913887","0.00872277095913887","0.00872277095913887"
"29506","0.008247296325862408","0.008247296325862408","0.008247296325862408"
"29527","0.007900616154074669","0.007900616154074669","0.007900616154074669"
"29531","0.007057498674839735","0.007057498674839735","0.007057498674839735"
"29549","0.008453729562461376","0.008453729562461376","0.008453729562461376"
"29555","0.007279433775693178","0.007279433775693178","0.007279433775693178"
"29565","0.0101535115391016","0.0101535115391016","0.0101535115391016"
"29586","0.006016790866851807","0.006016790866851807","0.006016790866851807"
"29587","0.011215333826839924","0.011215333826839924","0.011215333826839924"
"29616","0.008109771646559238","0.008109771646559238","0.008109771646559238"
"29647","0.01089398842304945","0.01089398842304945","0.01089398842304945"
"29651","0.01128509920090437","0.01128509920090437","0.01128509920090437"
"29658","0.00818490982055664","0.00818490982055664","0.00818490982055664"
"29669","0.012465044856071472","0.012465044856071472","0.012465044856071472"
"29673","0.00979231484234333","0.00979231484234333","0.00979231484234333"
"29687","0.009733207523822784","0.009733207523822784","0.009733207523822784"
"29690","0.008320796303451061","0.008320796303451061","0.008320796303451061"
"29699","0.011991450563073158","0.011991450563073158","0.011991450563073158"
"29714","0.010456817224621773","0.010456817224621773","0.010456817224621773"
"29724","0.010238987393677235","0.010238987393677235","0.010238987393677235"
"29726","0.010981149971485138","0.010981149971485138","0.010981149971485138"
"29736","0.009743903763592243","0.009743903763592243","0.009743903763592243"
"29743","0.01146609801799059","0.01146609801799059","0.01146609801799059"
"29745","0.009274725802242756","0.009274725802242756","0.009274725802242756"
"29759","0.009843981824815273","0.009843981824815273","0.009843981824815273"
"29767","0.008969898335635662","0.008969898335635662","0.008969898335635662"
"29775","0.009998885914683342","0.009998885914683342","0.009998885914683342"
"29813","0.007199703715741634","0.007199703715741634","0.007199703715741634"
"29821","0.008605774492025375","0.008605774492025375","0.008605774492025375"
"29827","0.007938118651509285","0.007938118651509285","0.007938118651509285"
"29847","0.00852277409285307","0.00852277409285307","0.00852277409285307"
"29857","0.009854053147137165","0.009854053147137165","0.009854053147137165"
"29866","0.009583814069628716","0.009583814069628716","0.009583814069628716"
"29870","0.007341379299759865","0.007341379299759865","0.007341379299759865"
"29879","0.008895846083760262","0.008895846083760262","0.008895846083760262"
"29880","0.007944214157760143","0.007944214157760143","0.007944214157760143"
"29881","0.011280559934675694","0.011280559934675694","0.011280559934675694"
"29885","0.009620977565646172","0.009620977565646172","0.009620977565646172"
"29887","0.01122500654309988","0.01122500654309988","0.01122500654309988"
"29897","0.007531885057687759","0.007531885057687759","0.007531885057687759"
"29900","0.010995347052812576","0.010995347052812576","0.010995347052812576"
"29911","0.010753508657217026","0.010753508657217026","0.010753508657217026"
"29915","0.009074150584638119","0.009074150584638119","0.009074150584638119"
"29917","0.00964523758739233","0.00964523758739233","0.00964523758739233"
"29930","0.010791407898068428","0.010791407898068428","0.010791407898068428"
"29936","0.008370229043066502","0.008370229043066502","0.008370229043066502"
"29938","0.008063243702054024","0.008063243702054024","0.008063243702054024"
"29954","0.009029918350279331","0.009029918350279331","0.009029918350279331"
"29956","0.008686907589435577","0.008686907589435577","0.008686907589435577"
"29960","0.008965382352471352","0.008965382352471352","0.008965382352471352"
"29964","0.009737043641507626","0.009737043641507626","0.009737043641507626"
"29974","0.009820501320064068","0.009820501320064068","0.009820501320064068"
"29975","0.009829779155552387","0.009829779155552387","0.009829779155552387"
"29988","0.008503642864525318","0.008503642864525318","0.008503642864525318"
"29994","0.009471485391259193","0.009471485391259193","0.009471485391259193"
"29996","0.010503138415515423","0.010503138415515423","0.010503138415515423"
"29998","0.008847864344716072","0.008847864344716072","0.008847864344716072"
"30000","0.007186471950262785","0.007186471950262785","0.007186471950262785"
"30024","0.009176613762974739","0.009176613762974739","0.009176613762974739"
"30028","0.008801090531051159","0.008801090531051159","0.008801090531051159"
"30033","0.009764675982296467","0.009764675982296467","0.009764675982296467"
"30037","0.009545031934976578","0.009545031934976578","0.009545031934976578"
"30039","0.009481020271778107","0.009481020271778107","0.009481020271778107"
"30048","0.009173454716801643","0.009173454716801643","0.009173454716801643"
"30064","0.008625848218798637","0.008625848218798637","0.008625848218798637"
"30091","0.013119859620928764","0.013119859620928764","0.013119859620928764"
"30094","0.009341210126876831","0.009341210126876831","0.009341210126876831"
"30108","0.009254966862499714","0.009254966862499714","0.009254966862499714"
"30117","0.012046736665070057","0.012046736665070057","0.012046736665070057"
"30149","0.009439307264983654","0.009439307264983654","0.009439307264983654"
"30169","0.009769770316779613","0.009769770316779613","0.009769770316779613"
"30174","0.009141696617007256","0.009141696617007256","0.009141696617007256"
"30181","0.00583135150372982","0.00583135150372982","0.00583135150372982"
"30182","0.010520530864596367","0.010520530864596367","0.010520530864596367"
"30204","0.010607493110001087","0.010607493110001087","0.010607493110001087"
"30208","0.00910243671387434","0.00910243671387434","0.00910243671387434"
"30224","0.009403628297150135","0.009403628297150135","0.009403628297150135"
"30226","0.009317216463387012","0.009317216463387012","0.009317216463387012"
"30235","0.008463236503303051","0.008463236503303051","0.008463236503303051"
"30248","0.00845364946871996","0.00845364946871996","0.00845364946871996"
"30268","0.010830637998878956","0.010830637998878956","0.010830637998878956"
"30276","0.008880971930921078","0.008880971930921078","0.008880971930921078"
"30280","0.011533286422491074","0.011533286422491074","0.011533286422491074"
"30301","0.0096545135602355","0.0096545135602355","0.0096545135602355"
"30305","0.009658066555857658","0.009658066555857658","0.009658066555857658"
"30306","0.007290038745850325","0.007290038745850325","0.007290038745850325"
"30307","0.009573997929692268","0.009573997929692268","0.009573997929692268"
"30327","0.00708923302590847","0.00708923302590847","0.00708923302590847"
"30328","0.00900471955537796","0.00900471955537796","0.00900471955537796"
"30330","0.010592697188258171","0.010592697188258171","0.010592697188258171"
"30336","0.006733202841132879","0.006733202841132879","0.006733202841132879"
"30348","0.008321880362927914","0.008321880362927914","0.008321880362927914"
"30360","0.009941493161022663","0.009941493161022663","0.009941493161022663"
"30361","0.0075399745255708694","0.0075399745255708694","0.0075399745255708694"
"30367","0.004538081586360931","0.004538081586360931","0.004538081586360931"
"30368","0.010464279912412167","0.010464279912412167","0.010464279912412167"
"30392","0.008606962859630585","0.008606962859630585","0.008606962859630585"
"30401","0.008425844833254814","0.008425844833254814","0.008425844833254814"
"30403","0.006270596757531166","0.006270596757531166","0.006270596757531166"
"30429","0.008220192976295948","0.008220192976295948","0.008220192976295948"
"30433","0.007287752348929644","0.007287752348929644","0.007287752348929644"
"30437","0.010050581768155098","0.010050581768155098","0.010050581768155098"
"30441","0.008705522865056992","0.008705522865056992","0.008705522865056992"
"30447","0.010294253937900066","0.010294253937900066","0.010294253937900066"
"30454","0.009619561955332756","0.009619561955332756","0.009619561955332756"
"30461","0.007551795337349176","0.007551795337349176","0.007551795337349176"
"30464","0.006767431274056435","0.006767431274056435","0.006767431274056435"
"30468","0.00636891508474946","0.00636891508474946","0.00636891508474946"
"30488","0.010000952519476414","0.010000952519476414","0.010000952519476414"
"30495","0.011195458471775055","0.011195458471775055","0.011195458471775055"
"30521","0.010910185053944588","0.010910185053944588","0.010910185053944588"
"30561","0.012632530182600021","0.012632530182600021","0.012632530182600021"
"30563","0.010676486417651176","0.010676486417651176","0.010676486417651176"
"30564","0.011582445353269577","0.011582445353269577","0.011582445353269577"
"30599","0.011885371059179306","0.011885371059179306","0.011885371059179306"
"30609","0.009156362153589725","0.009156362153589725","0.009156362153589725"
"30619","0.010023477487266064","0.010023477487266064","0.010023477487266064"
"30620","0.008011940866708755","0.008011940866708755","0.008011940866708755"
"30624","0.008966074325144291","0.008966074325144291","0.008966074325144291"
"30625","0.01218461710959673","0.01218461710959673","0.01218461710959673"
"30669","0.00827039498835802","0.00827039498835802","0.00827039498835802"
"30671","0.009954729117453098","0.009954729117453098","0.009954729117453098"
"30673","0.009000093676149845","0.009000093676149845","0.009000093676149845"
"30677","0.010418499819934368","0.010418499819934368","0.010418499819934368"
"30680","0.00930738914757967","0.00930738914757967","0.00930738914757967"
"30683","0.009492894634604454","0.009492894634604454","0.009492894634604454"
"30685","0.011198942549526691","0.011198942549526691","0.011198942549526691"
"30711","0.011566774919629097","0.011566774919629097","0.011566774919629097"
"30719","0.009960198774933815","0.009960198774933815","0.009960198774933815"
"30723","0.011355140246450901","0.011355140246450901","0.011355140246450901"
"30741","0.00887607503682375","0.00887607503682375","0.00887607503682375"
"30787","0.00880065094679594","0.00880065094679594","0.00880065094679594"
"30796","0.00789677444845438","0.00789677444845438","0.00789677444845438"
"30798","0.009444162249565125","0.009444162249565125","0.009444162249565125"
"30800","0.009439680725336075","0.009439680725336075","0.009439680725336075"
"30814","0.01167730987071991","0.01167730987071991","0.01167730987071991"
"30818","0.011884604580700397","0.011884604580700397","0.011884604580700397"
"30824","0.009081997908651829","0.009081997908651829","0.009081997908651829"
"30843","0.010518811643123627","0.010518811643123627","0.010518811643123627"
"30848","0.010091944597661495","0.010091944597661495","0.010091944597661495"
"30861","0.009645757265388966","0.009645757265388966","0.009645757265388966"
"30871","0.007833942770957947","0.007833942770957947","0.007833942770957947"
"30882","0.0094535481184721","0.0094535481184721","0.0094535481184721"
"30889","0.0076296147890388966","0.0076296147890388966","0.0076296147890388966"
"30891","0.0061160605400800705","0.0061160605400800705","0.0061160605400800705"
"30917","0.011692244559526443","0.011692244559526443","0.011692244559526443"
"30921","0.013070975430309772","0.013070975430309772","0.013070975430309772"
"30937","0.00945697445422411","0.00945697445422411","0.00945697445422411"
"30941","0.00919428188353777","0.00919428188353777","0.00919428188353777"
"30944","0.009483516216278076","0.009483516216278076","0.009483516216278076"
"30965","0.008763923309743404","0.008763923309743404","0.008763923309743404"
"30977","0.010064451023936272","0.010064451023936272","0.010064451023936272"
"30995","0.008909270167350769","0.008909270167350769","0.008909270167350769"
"31006","0.011022539809346199","0.011022539809346199","0.011022539809346199"
"31009","0.00983884185552597","0.00983884185552597","0.00983884185552597"
"31023","0.011112019419670105","0.011112019419670105","0.011112019419670105"
"31025","0.0094357430934906","0.0094357430934906","0.0094357430934906"
"31039","0.012683690525591373","0.012683690525591373","0.012683690525591373"
"31044","0.009477013722062111","0.009477013722062111","0.009477013722062111"
"31057","0.0069944607093930244","0.0069944607093930244","0.0069944607093930244"
"31096","0.011043684557080269","0.011043684557080269","0.011043684557080269"
"31100","0.009456007741391659","0.009456007741391659","0.009456007741391659"
"31146","0.010572933591902256","0.010572933591902256","0.010572933591902256"
"31186","0.010005742311477661","0.010005742311477661","0.010005742311477661"
"31196","0.009554567746818066","0.009554567746818066","0.009554567746818066"
"31204","0.011864467523992062","0.011864467523992062","0.011864467523992062"
"31209","0.011488151736557484","0.011488151736557484","0.011488151736557484"
"31212","0.009210142306983471","0.009210142306983471","0.009210142306983471"
"31234","0.010263240896165371","0.010263240896165371","0.010263240896165371"
"31260","0.009985278360545635","0.009985278360545635","0.009985278360545635"
"31264","0.008563662879168987","0.008563662879168987","0.008563662879168987"
"31272","0.009340908378362656","0.009340908378362656","0.009340908378362656"
"31273","0.009162209928035736","0.009162209928035736","0.009162209928035736"
"31274","0.010301470756530762","0.010301470756530762","0.010301470756530762"
"31280","0.00912969559431076","0.00912969559431076","0.00912969559431076"
"31308","0.008657727390527725","0.008657727390527725","0.008657727390527725"
"31312","0.009490670636296272","0.009490670636296272","0.009490670636296272"
"31327","0.010629856958985329","0.010629856958985329","0.010629856958985329"
"31331","0.01280222088098526","0.01280222088098526","0.01280222088098526"
"31363","0.00957472063601017","0.00957472063601017","0.00957472063601017"
"31364","0.008378664962947369","0.008378664962947369","0.008378664962947369"
"31366","0.009656679816544056","0.009656679816544056","0.009656679816544056"
"31399","0.010160191915929317","0.010160191915929317","0.010160191915929317"
"31401","0.012492704205214977","0.012492704205214977","0.012492704205214977"
"31406","0.007812962867319584","0.007812962867319584","0.007812962867319584"
"31413","0.010480356402695179","0.010480356402695179","0.010480356402695179"
"31451","0.009647627361118793","0.009647627361118793","0.009647627361118793"
"31458","0.009902045130729675","0.009902045130729675","0.009902045130729675"
"31464","0.006787302438169718","0.006787302438169718","0.006787302438169718"
"31514","0.007624479942023754","0.007624479942023754","0.007624479942023754"
"31531","0.011119655333459377","0.011119655333459377","0.011119655333459377"
"31534","0.010191055946052074","0.010191055946052074","0.010191055946052074"
"31535","0.00808541476726532","0.00808541476726532","0.00808541476726532"
"31557","0.007799876853823662","0.007799876853823662","0.007799876853823662"
"31573","0.007696603424847126","0.007696603424847126","0.007696603424847126"
"31595","0.008154431357979774","0.008154431357979774","0.008154431357979774"
"31612","0.010412984527647495","0.010412984527647495","0.010412984527647495"
"31615","0.009187876246869564","0.009187876246869564","0.009187876246869564"
"31622","0.011555283330380917","0.011555283330380917","0.011555283330380917"
"31634","0.010698727332055569","0.010698727332055569","0.010698727332055569"
"31636","0.011498405598104","0.011498405598104","0.011498405598104"
"31638","0.009755472652614117","0.009755472652614117","0.009755472652614117"
"31658","0.006930042989552021","0.006930042989552021","0.006930042989552021"
"31675","0.007023871410638094","0.007023871410638094","0.007023871410638094"
"31680","0.009476520121097565","0.009476520121097565","0.009476520121097565"
"31701","0.009291619062423706","0.009291619062423706","0.009291619062423706"
"31703","0.011430986225605011","0.011430986225605011","0.011430986225605011"
"31711","0.010782488621771336","0.010782488621771336","0.010782488621771336"
"31725","0.009824244305491447","0.009824244305491447","0.009824244305491447"
"31755","0.009982839226722717","0.009982839226722717","0.009982839226722717"
"31757","0.007349152117967606","0.007349152117967606","0.007349152117967606"
"31758","0.007639935705810785","0.007639935705810785","0.007639935705810785"
"31765","0.010102401487529278","0.010102401487529278","0.010102401487529278"
"31773","0.00875494722276926","0.00875494722276926","0.00875494722276926"
"31774","0.010067216120660305","0.010067216120660305","0.010067216120660305"
"31788","0.00954506080597639","0.00954506080597639","0.00954506080597639"
"31801","0.009140728041529655","0.009140728041529655","0.009140728041529655"
"31802","0.00863812118768692","0.00863812118768692","0.00863812118768692"
"31807","0.00835100281983614","0.00835100281983614","0.00835100281983614"
"31816","0.008695544674992561","0.008695544674992561","0.008695544674992561"
"31823","0.006820854265242815","0.006820854265242815","0.006820854265242815"
"31838","0.008576862514019012","0.008576862514019012","0.008576862514019012"
"31860","0.009308414533734322","0.009308414533734322","0.009308414533734322"
"31867","0.008369247429072857","0.008369247429072857","0.008369247429072857"
"31896","0.007190951146185398","0.007190951146185398","0.007190951146185398"
"31897","0.010084660723805428","0.010084660723805428","0.010084660723805428"
"31900","0.008455612696707249","0.008455612696707249","0.008455612696707249"
"31901","0.010254047811031342","0.010254047811031342","0.010254047811031342"
"31906","0.008305322378873825","0.008305322378873825","0.008305322378873825"
"31912","0.008841553702950478","0.008841553702950478","0.008841553702950478"
"31928","0.007191368378698826","0.007191368378698826","0.007191368378698826"
"31942","0.009182107634842396","0.009182107634842396","0.009182107634842396"
"31967","0.00905885361135006","0.00905885361135006","0.00905885361135006"
"31969","0.009547308087348938","0.009547308087348938","0.009547308087348938"
"31977","0.00932539813220501","0.00932539813220501","0.00932539813220501"
"31985","0.009944205172359943","0.009944205172359943","0.009944205172359943"
"31987","0.00788341648876667","0.00788341648876667","0.00788341648876667"
"31997","0.009579205885529518","0.009579205885529518","0.009579205885529518"
"32001","0.008905621245503426","0.008905621245503426","0.008905621245503426"
"32008","0.008196678943932056","0.008196678943932056","0.008196678943932056"
"32009","0.007158101536333561","0.007158101536333561","0.007158101536333561"
"32013","0.007956692948937416","0.007956692948937416","0.007956692948937416"
"32017","0.008442439138889313","0.008442439138889313","0.008442439138889313"
"32025","0.00883474387228489","0.00883474387228489","0.00883474387228489"
"32026","0.009960654191672802","0.009960654191672802","0.009960654191672802"
"32029","0.008856137283146381","0.008856137283146381","0.008856137283146381"
"32045","0.009846001863479614","0.009846001863479614","0.009846001863479614"
"32063","0.010262787342071533","0.010262787342071533","0.010262787342071533"
"32073","0.00960153341293335","0.00960153341293335","0.00960153341293335"
"32078","0.009922223165631294","0.009922223165631294","0.009922223165631294"
"32084","0.009407221339643002","0.009407221339643002","0.009407221339643002"
"32106","0.009737715125083923","0.009737715125083923","0.009737715125083923"
"32109","0.00699583999812603","0.00699583999812603","0.00699583999812603"
"32135","0.008872304111719131","0.008872304111719131","0.008872304111719131"
"32146","0.009609523229300976","0.009609523229300976","0.009609523229300976"
"32154","0.009293384850025177","0.009293384850025177","0.009293384850025177"
"32160","0.011563757434487343","0.011563757434487343","0.011563757434487343"
"32165","0.010909534990787506","0.010909534990787506","0.010909534990787506"
"32166","0.009482858702540398","0.009482858702540398","0.009482858702540398"
"32178","0.01005942840129137","0.01005942840129137","0.01005942840129137"
"32187","0.008266674354672432","0.008266674354672432","0.008266674354672432"
"32188","0.008727388456463814","0.008727388456463814","0.008727388456463814"
"32231","0.009708038531243801","0.009708038531243801","0.009708038531243801"
"32244","0.011123922653496265","0.011123922653496265","0.011123922653496265"
"32245","0.008338941261172295","0.008338941261172295","0.008338941261172295"
"32259","0.009846020489931107","0.009846020489931107","0.009846020489931107"
"32260","0.007397947832942009","0.007397947832942009","0.007397947832942009"
"32273","0.009344092570245266","0.009344092570245266","0.009344092570245266"
"32276","0.009949182160198689","0.009949182160198689","0.009949182160198689"
"32279","0.009463432244956493","0.009463432244956493","0.009463432244956493"
"32297","0.00835402775555849","0.00835402775555849","0.00835402775555849"
"32302","0.011124629527330399","0.011124629527330399","0.011124629527330399"
"32304","0.00982820987701416","0.00982820987701416","0.00982820987701416"
"32307","0.008775738067924976","0.008775738067924976","0.008775738067924976"
"32309","0.006695043295621872","0.006695043295621872","0.006695043295621872"
"32321","0.01123290415853262","0.01123290415853262","0.01123290415853262"
"32324","0.007560279686003923","0.007560279686003923","0.007560279686003923"
"32329","0.00902513600885868","0.00902513600885868","0.00902513600885868"
"32337","0.007922962307929993","0.007922962307929993","0.007922962307929993"
"32341","0.01123076118528843","0.01123076118528843","0.01123076118528843"
"32345","0.009505006484687328","0.009505006484687328","0.009505006484687328"
"32346","0.008888330310583115","0.008888330310583115","0.008888330310583115"
"32348","0.010090204887092113","0.010090204887092113","0.010090204887092113"
"32352","0.012479587458074093","0.012479587458074093","0.012479587458074093"
"32366","0.009938430972397327","0.009938430972397327","0.009938430972397327"
"32385","0.009748521260917187","0.009748521260917187","0.009748521260917187"
"32396","0.007775190286338329","0.007775190286338329","0.007775190286338329"
"32401","0.010130494832992554","0.010130494832992554","0.010130494832992554"
"32413","0.008883479051291943","0.008883479051291943","0.008883479051291943"
"32423","0.012660537846386433","0.012660537846386433","0.012660537846386433"
"32425","0.01132124476134777","0.01132124476134777","0.01132124476134777"
"32432","0.010484390892088413","0.010484390892088413","0.010484390892088413"
"32433","0.007759184576570988","0.007759184576570988","0.007759184576570988"
"32443","0.00897790864109993","0.00897790864109993","0.00897790864109993"
"32445","0.010364511981606483","0.010364511981606483","0.010364511981606483"
"32447","0.009407470002770424","0.009407470002770424","0.009407470002770424"
"32456","0.010495494119822979","0.010495494119822979","0.010495494119822979"
"32473","0.006822196766734123","0.006822196766734123","0.006822196766734123"
"32481","0.009117692708969116","0.009117692708969116","0.009117692708969116"
"32485","0.011385980062186718","0.011385980062186718","0.011385980062186718"
"32491","0.009710579179227352","0.009710579179227352","0.009710579179227352"
"32493","0.008730421774089336","0.008730421774089336","0.008730421774089336"
"32500","0.010554397478699684","0.010554397478699684","0.010554397478699684"
"32501","0.010956801474094391","0.010956801474094391","0.010956801474094391"
"32510","0.009836160577833652","0.009836160577833652","0.009836160577833652"
"32533","0.008856058120727539","0.008856058120727539","0.008856058120727539"
"32539","0.008735987357795238","0.008735987357795238","0.008735987357795238"
"32557","0.009603099897503853","0.009603099897503853","0.009603099897503853"
"32558","0.010614740662276745","0.010614740662276745","0.010614740662276745"
"32573","0.01137770526111126","0.01137770526111126","0.01137770526111126"
"32574","0.009405026212334633","0.009405026212334633","0.009405026212334633"
"32648","0.010066656395792961","0.010066656395792961","0.010066656395792961"
"32652","0.0116499662399292","0.0116499662399292","0.0116499662399292"
"32663","0.006018171086907387","0.006018171086907387","0.006018171086907387"
"32668","0.010463543236255646","0.010463543236255646","0.010463543236255646"
"32676","0.008881577290594578","0.008881577290594578","0.008881577290594578"
"32684","0.010528330691158772","0.010528330691158772","0.010528330691158772"
"32688","0.01189691573381424","0.01189691573381424","0.01189691573381424"
"32708","0.011088435538113117","0.011088435538113117","0.011088435538113117"
"32713","0.007237340323626995","0.007237340323626995","0.007237340323626995"
"32754","0.00938331987708807","0.00938331987708807","0.00938331987708807"
"32758","0.009326671250164509","0.009326671250164509","0.009326671250164509"
"32761","0.009720562025904655","0.009720562025904655","0.009720562025904655"
"32762","0.0071179503574967384","0.0071179503574967384","0.0071179503574967384"
"32839","0.007618200499564409","0.007618200499564409","0.007618200499564409"
"32845","0.009043832309544086","0.009043832309544086","0.009043832309544086"
"32846","0.007269375957548618","0.007269375957548618","0.007269375957548618"
"32853","0.010917476378381252","0.010917476378381252","0.010917476378381252"
"32863","0.007711574900895357","0.007711574900895357","0.007711574900895357"
"32873","0.0061171166598796844","0.0061171166598796844","0.0061171166598796844"
"32898","0.008195018395781517","0.008195018395781517","0.008195018395781517"
"32900","0.00879052747040987","0.00879052747040987","0.00879052747040987"
"32907","0.008311163634061813","0.008311163634061813","0.008311163634061813"
"32911","0.010594106279313564","0.010594106279313564","0.010594106279313564"
"32914","0.006775298621505499","0.006775298621505499","0.006775298621505499"
"32920","0.009337064810097218","0.009337064810097218","0.009337064810097218"
"32921","0.009724325500428677","0.009724325500428677","0.009724325500428677"
"32923","0.010155843570828438","0.010155843570828438","0.010155843570828438"
"32939","0.008953997865319252","0.008953997865319252","0.008953997865319252"
"32944","0.008650489151477814","0.008650489151477814","0.008650489151477814"
"32953","0.00858396477997303","0.00858396477997303","0.00858396477997303"
"32964","0.007462164852768183","0.007462164852768183","0.007462164852768183"
"32968","0.01052864734083414","0.01052864734083414","0.01052864734083414"
"32971","0.007752513978630304","0.007752513978630304","0.007752513978630304"
"32975","0.009032847359776497","0.009032847359776497","0.009032847359776497"
"32980","0.008394497446715832","0.008394497446715832","0.008394497446715832"
"32990","0.009900091215968132","0.009900091215968132","0.009900091215968132"
"33001","0.010316126979887486","0.010316126979887486","0.010316126979887486"
"33006","0.01014702022075653","0.01014702022075653","0.01014702022075653"
"33008","0.009374089539051056","0.009374089539051056","0.009374089539051056"
"33013","0.007742200046777725","0.007742200046777725","0.007742200046777725"
"33018","0.009361987002193928","0.009361987002193928","0.009361987002193928"
"33021","0.008935544639825821","0.008935544639825821","0.008935544639825821"
"33026","0.007428532466292381","0.007428532466292381","0.007428532466292381"
"33038","0.007361425086855888","0.007361425086855888","0.007361425086855888"
"33066","0.010897609405219555","0.010897609405219555","0.010897609405219555"
"33068","0.008528354577720165","0.008528354577720165","0.008528354577720165"
"33094","0.008624688722193241","0.008624688722193241","0.008624688722193241"
"33100","0.008253496140241623","0.008253496140241623","0.008253496140241623"
"33113","0.010531071573495865","0.010531071573495865","0.010531071573495865"
"33125","0.008974315598607063","0.008974315598607063","0.008974315598607063"
"33143","0.008174178190529346","0.008174178190529346","0.008174178190529346"
"33144","0.0095739234238863","0.0095739234238863","0.0095739234238863"
"33148","0.00971270352602005","0.00971270352602005","0.00971270352602005"
"33165","0.009232782758772373","0.009232782758772373","0.009232782758772373"
"33205","0.0084226718172431","0.0084226718172431","0.0084226718172431"
"33235","0.009112415835261345","0.009112415835261345","0.009112415835261345"
"33264","0.009926880709826946","0.009926880709826946","0.009926880709826946"
"33268","0.007323340978473425","0.007323340978473425","0.007323340978473425"
"33270","0.008956401608884335","0.008956401608884335","0.008956401608884335"
"33273","0.009026951156556606","0.009026951156556606","0.009026951156556606"
"33282","0.011002820916473866","0.011002820916473866","0.011002820916473866"
"33297","0.010976755060255527","0.010976755060255527","0.010976755060255527"
"33301","0.00664500379934907","0.00664500379934907","0.00664500379934907"
"33306","0.0078077432699501514","0.0078077432699501514","0.0078077432699501514"
"33309","0.008471851237118244","0.008471851237118244","0.008471851237118244"
"33311","0.008088409900665283","0.008088409900665283","0.008088409900665283"
"33323","0.008975736796855927","0.008975736796855927","0.008975736796855927"
"33324","0.0074798776768147945","0.0074798776768147945","0.0074798776768147945"
"33345","0.008743010461330414","0.008743010461330414","0.008743010461330414"
"33376","0.009901207871735096","0.009901207871735096","0.009901207871735096"
"33387","0.008480406366288662","0.008480406366288662","0.008480406366288662"
"33395","0.010490802116692066","0.010490802116692066","0.010490802116692066"
"33400","0.010304359719157219","0.010304359719157219","0.010304359719157219"
"33413","0.01116451621055603","0.01116451621055603","0.01116451621055603"
"33430","0.007009114604443312","0.007009114604443312","0.007009114604443312"
"33436","0.008796758949756622","0.008796758949756622","0.008796758949756622"
"33447","0.00899418629705906","0.00899418629705906","0.00899418629705906"
"33454","0.00916221458464861","0.00916221458464861","0.00916221458464861"
"33462","0.009511012583971024","0.009511012583971024","0.009511012583971024"
"33465","0.010522228665649891","0.010522228665649891","0.010522228665649891"
"33484","0.010334904305636883","0.010334904305636883","0.010334904305636883"
"33494","0.0075634317472577095","0.0075634317472577095","0.0075634317472577095"
"33495","0.008307160809636116","0.008307160809636116","0.008307160809636116"
"33507","0.008652100339531898","0.008652100339531898","0.008652100339531898"
"33508","0.007837353274226189","0.007837353274226189","0.007837353274226189"
"33529","0.009184086695313454","0.009184086695313454","0.009184086695313454"
"33533","0.009721738286316395","0.009721738286316395","0.009721738286316395"
"33543","0.0072012091986835","0.0072012091986835","0.0072012091986835"
"33551","0.00869324617087841","0.00869324617087841","0.00869324617087841"
"33567","0.009400446899235249","0.009400446899235249","0.009400446899235249"
"33568","0.010029159486293793","0.010029159486293793","0.010029159486293793"
"33575","0.0092003857716918","0.0092003857716918","0.0092003857716918"
"33584","0.007289648521691561","0.007289648521691561","0.007289648521691561"
"33595","0.008947912603616714","0.008947912603616714","0.008947912603616714"
"33598","0.009947754442691803","0.009947754442691803","0.009947754442691803"
"33613","0.0106714041903615","0.0106714041903615","0.0106714041903615"
"33615","0.0083156768232584","0.0083156768232584","0.0083156768232584"
"33616","0.015121296979486942","0.015121296979486942","0.015121296979486942"
"33645","0.008920646272599697","0.008920646272599697","0.008920646272599697"
"33652","0.011445163749158382","0.011445163749158382","0.011445163749158382"
"33668","0.008500665426254272","0.008500665426254272","0.008500665426254272"
"33692","0.0082120131701231","0.0082120131701231","0.0082120131701231"
"33701","0.010852169245481491","0.010852169245481491","0.010852169245481491"
"33704","0.00916618388146162","0.00916618388146162","0.00916618388146162"
"33713","0.00766275217756629","0.00766275217756629","0.00766275217756629"
"33715","0.010594329796731472","0.010594329796731472","0.010594329796731472"
"33716","0.00987538043409586","0.00987538043409586","0.00987538043409586"
"33727","0.008950513787567616","0.008950513787567616","0.008950513787567616"
"33744","0.008800736628472805","0.008800736628472805","0.008800736628472805"
"33750","0.007991060614585876","0.007991060614585876","0.007991060614585876"
"33772","0.010166498832404613","0.010166498832404613","0.010166498832404613"
"33775","0.00774565152823925","0.00774565152823925","0.00774565152823925"
"33780","0.009187308140099049","0.009187308140099049","0.009187308140099049"
"33795","0.010777357965707779","0.010777357965707779","0.010777357965707779"
"33807","0.008365018293261528","0.008365018293261528","0.008365018293261528"
"33809","0.008681567385792732","0.008681567385792732","0.008681567385792732"
"33834","0.008657325990498066","0.008657325990498066","0.008657325990498066"
"33836","0.008151809684932232","0.008151809684932232","0.008151809684932232"
"33851","0.007916782982647419","0.007916782982647419","0.007916782982647419"
"33864","0.009097336791455746","0.009097336791455746","0.009097336791455746"
"33865","0.009432310238480568","0.009432310238480568","0.009432310238480568"
"33868","0.008999410085380077","0.008999410085380077","0.008999410085380077"
"33877","0.008202150464057922","0.008202150464057922","0.008202150464057922"
"33882","0.009505351074039936","0.009505351074039936","0.009505351074039936"
"33883","0.008131993934512138","0.008131993934512138","0.008131993934512138"
"33884","0.010396118275821209","0.010396118275821209","0.010396118275821209"
"33888","0.011260180734097958","0.011260180734097958","0.011260180734097958"
"33891","0.009193457663059235","0.009193457663059235","0.009193457663059235"
"33908","0.011726266704499722","0.011726266704499722","0.011726266704499722"
"33909","0.009480264037847519","0.009480264037847519","0.009480264037847519"
"33935","0.00676173809915781","0.00676173809915781","0.00676173809915781"
"33938","0.010862156748771667","0.010862156748771667","0.010862156748771667"
"33946","0.007842503488063812","0.007842503488063812","0.007842503488063812"
"33954","0.008955709636211395","0.008955709636211395","0.008955709636211395"
"33962","0.008922477252781391","0.008922477252781391","0.008922477252781391"
"33970","0.008831326849758625","0.008831326849758625","0.008831326849758625"
"33979","0.008664497174322605","0.008664497174322605","0.008664497174322605"
"34014","0.013020927086472511","0.013020927086472511","0.013020927086472511"
"34016","0.009122432209551334","0.009122432209551334","0.009122432209551334"
"34024","0.005050546955317259","0.005050546955317259","0.005050546955317259"
"34059","0.0090407133102417","0.0090407133102417","0.0090407133102417"
"34062","0.006943410262465477","0.006943410262465477","0.006943410262465477"
"34087","0.010919732041656971","0.010919732041656971","0.010919732041656971"
"34092","0.009544389322400093","0.009544389322400093","0.009544389322400093"
"34094","0.009703291580080986","0.009703291580080986","0.009703291580080986"
"34101","0.009221448563039303","0.009221448563039303","0.009221448563039303"
"34103","0.011410160921514034","0.011410160921514034","0.011410160921514034"
"34128","0.01131561677902937","0.01131561677902937","0.01131561677902937"
"34132","0.00994623452425003","0.00994623452425003","0.00994623452425003"
"34148","0.00860762782394886","0.00860762782394886","0.00860762782394886"
"34154","0.007408715318888426","0.007408715318888426","0.007408715318888426"
"34156","0.01113150641322136","0.01113150641322136","0.01113150641322136"
"34164","0.009096059016883373","0.009096059016883373","0.009096059016883373"
"34177","0.011286084540188313","0.011286084540188313","0.011286084540188313"
"34187","0.011874758638441563","0.011874758638441563","0.011874758638441563"
"34191","0.012226004153490067","0.012226004153490067","0.012226004153490067"
"34203","0.009077264927327633","0.009077264927327633","0.009077264927327633"
"34212","0.00963240023702383","0.00963240023702383","0.00963240023702383"
"34214","0.010420541279017925","0.010420541279017925","0.010420541279017925"
"34236","0.007200916297733784","0.007200916297733784","0.007200916297733784"
"34255","0.00863579846918583","0.00863579846918583","0.00863579846918583"
"34266","0.010763676837086678","0.010763676837086678","0.010763676837086678"
"34271","0.00976539310067892","0.00976539310067892","0.00976539310067892"
"34297","0.011023301631212234","0.011023301631212234","0.011023301631212234"
"34329","0.009259573183953762","0.009259573183953762","0.009259573183953762"
"34331","0.011006676591932774","0.011006676591932774","0.011006676591932774"
"34338","0.008051371201872826","0.008051371201872826","0.008051371201872826"
"34350","0.00865977443754673","0.00865977443754673","0.00865977443754673"
"34353","0.008818208239972591","0.008818208239972591","0.008818208239972591"
"34364","0.007700729183852673","0.007700729183852673","0.007700729183852673"
"34392","0.007090618833899498","0.007090618833899498","0.007090618833899498"
"34406","0.008422628045082092","0.008422628045082092","0.008422628045082092"
"34407","0.009881734848022461","0.009881734848022461","0.009881734848022461"
"34415","0.009298824705183506","0.009298824705183506","0.009298824705183506"
"34421","0.010751442983746529","0.010751442983746529","0.010751442983746529"
"34430","0.007976760156452656","0.007976760156452656","0.007976760156452656"
"34439","0.007616543211042881","0.007616543211042881","0.007616543211042881"
"34446","0.007250558119267225","0.007250558119267225","0.007250558119267225"
"34455","0.010436496697366238","0.010436496697366238","0.010436496697366238"
"34463","0.009204650297760963","0.009204650297760963","0.009204650297760963"
"34475","0.012902431190013885","0.012902431190013885","0.012902431190013885"
"34478","0.00749694649130106","0.00749694649130106","0.00749694649130106"
"34493","0.006922681350260973","0.006922681350260973","0.006922681350260973"
"34503","0.008144630119204521","0.008144630119204521","0.008144630119204521"
"34514","0.007914822548627853","0.007914822548627853","0.007914822548627853"
"34515","0.0081331180408597","0.0081331180408597","0.0081331180408597"
"34516","0.007524501997977495","0.007524501997977495","0.007524501997977495"
"34536","0.01098297256976366","0.01098297256976366","0.01098297256976366"
"34542","0.009563060477375984","0.009563060477375984","0.009563060477375984"
"34549","0.010339253582060337","0.010339253582060337","0.010339253582060337"
"34554","0.009958318434655666","0.009958318434655666","0.009958318434655666"
"34581","0.007313327398151159","0.007313327398151159","0.007313327398151159"
"34582","0.009805782698094845","0.009805782698094845","0.009805782698094845"
"34583","0.010114902630448341","0.010114902630448341","0.010114902630448341"
"34584","0.00790296122431755","0.00790296122431755","0.00790296122431755"
"34590","0.00896026473492384","0.00896026473492384","0.00896026473492384"
"34600","0.009862896986305714","0.009862896986305714","0.009862896986305714"
"34608","0.007793745491653681","0.007793745491653681","0.007793745491653681"
"34638","0.010957502759993076","0.010957502759993076","0.010957502759993076"
"34654","0.009033122099936008","0.009033122099936008","0.009033122099936008"
"34689","0.010487203486263752","0.010487203486263752","0.010487203486263752"
"34693","0.008214659988880157","0.008214659988880157","0.008214659988880157"
"34706","0.01113978773355484","0.01113978773355484","0.01113978773355484"
"34715","0.0063133942894637585","0.0063133942894637585","0.0063133942894637585"
"34735","0.011552789248526096","0.011552789248526096","0.011552789248526096"
"34742","0.009723477996885777","0.009723477996885777","0.009723477996885777"
"34747","0.008959423750638962","0.008959423750638962","0.008959423750638962"
"34753","0.00994881521910429","0.00994881521910429","0.00994881521910429"
"34775","0.01028040237724781","0.01028040237724781","0.01028040237724781"
"34780","0.008534656837582588","0.008534656837582588","0.008534656837582588"
"34785","0.010697095654904842","0.010697095654904842","0.010697095654904842"
"34811","0.008757075294852257","0.008757075294852257","0.008757075294852257"
"34813","0.007408821024000645","0.007408821024000645","0.007408821024000645"
"34816","0.006656790152192116","0.006656790152192116","0.006656790152192116"
"34837","0.008680080063641071","0.008680080063641071","0.008680080063641071"
"34852","0.01041947677731514","0.01041947677731514","0.01041947677731514"
"34868","0.007310507819056511","0.007310507819056511","0.007310507819056511"
"34873","0.008200126700103283","0.008200126700103283","0.008200126700103283"
"34905","0.00882218312472105","0.00882218312472105","0.00882218312472105"
"34933","0.009648727253079414","0.009648727253079414","0.009648727253079414"
"34950","0.008996428921818733","0.008996428921818733","0.008996428921818733"
"34952","0.007761599030345678","0.007761599030345678","0.007761599030345678"
"34968","0.008604904636740685","0.008604904636740685","0.008604904636740685"
"34973","0.008932840079069138","0.008932840079069138","0.008932840079069138"
"34978","0.012330415658652782","0.012330415658652782","0.012330415658652782"
"34992","0.009248219430446625","0.009248219430446625","0.009248219430446625"
"35002","0.007986119017004967","0.007986119017004967","0.007986119017004967"
"35019","0.010711431503295898","0.010711431503295898","0.010711431503295898"
"35029","0.007909394800662994","0.007909394800662994","0.007909394800662994"
"35031","0.009115658700466156","0.009115658700466156","0.009115658700466156"
"35047","0.0074824136681854725","0.0074824136681854725","0.0074824136681854725"
"35048","0.009236718527972698","0.009236718527972698","0.009236718527972698"
"35052","0.01019632164388895","0.01019632164388895","0.01019632164388895"
"35075","0.006595504004508257","0.006595504004508257","0.006595504004508257"
"35084","0.009051495231688023","0.009051495231688023","0.009051495231688023"
"35085","0.007138899061828852","0.007138899061828852","0.007138899061828852"
"35096","0.008117588236927986","0.008117588236927986","0.008117588236927986"
"35101","0.009621473960578442","0.009621473960578442","0.009621473960578442"
"35106","0.009068409912288189","0.009068409912288189","0.009068409912288189"
"35114","0.008366210386157036","0.008366210386157036","0.008366210386157036"
"35136","0.010518232360482216","0.010518232360482216","0.010518232360482216"
"35143","0.010901732370257378","0.010901732370257378","0.010901732370257378"
"35144","0.0068428427912294865","0.0068428427912294865","0.0068428427912294865"
"35199","0.012166772037744522","0.012166772037744522","0.012166772037744522"
"35201","0.009116335771977901","0.009116335771977901","0.009116335771977901"
"35210","0.012054450809955597","0.012054450809955597","0.012054450809955597"
"35215","0.010185906663537025","0.010185906663537025","0.010185906663537025"
"35240","0.010461824014782906","0.010461824014782906","0.010461824014782906"
"35241","0.008119821548461914","0.008119821548461914","0.008119821548461914"
"35272","0.011489925906062126","0.011489925906062126","0.011489925906062126"
"35279","0.009814157150685787","0.009814157150685787","0.009814157150685787"
"35281","0.008575638756155968","0.008575638756155968","0.008575638756155968"
"35315","0.0095191840082407","0.0095191840082407","0.0095191840082407"
"35318","0.007844256237149239","0.007844256237149239","0.007844256237149239"
"35321","0.007162957452237606","0.007162957452237606","0.007162957452237606"
"35327","0.010174024850130081","0.010174024850130081","0.010174024850130081"
"35340","0.008946843445301056","0.008946843445301056","0.008946843445301056"
"35345","0.008573467843234539","0.008573467843234539","0.008573467843234539"
"35352","0.012236480601131916","0.012236480601131916","0.012236480601131916"
"35355","0.010245832614600658","0.010245832614600658","0.010245832614600658"
"35364","0.007728284690529108","0.007728284690529108","0.007728284690529108"
"35371","0.009263793006539345","0.009263793006539345","0.009263793006539345"
"35399","0.007136689033359289","0.007136689033359289","0.007136689033359289"
"35413","0.010788651183247566","0.010788651183247566","0.010788651183247566"
"35420","0.008809640072286129","0.008809640072286129","0.008809640072286129"
"35424","0.00757851405069232","0.00757851405069232","0.00757851405069232"
"35431","0.01039936300367117","0.01039936300367117","0.01039936300367117"
"35448","0.007749691139906645","0.007749691139906645","0.007749691139906645"
"35457","0.008418990299105644","0.008418990299105644","0.008418990299105644"
"35493","0.010350232012569904","0.010350232012569904","0.010350232012569904"
"35503","0.007421486545354128","0.007421486545354128","0.007421486545354128"
"35514","0.006963793188333511","0.006963793188333511","0.006963793188333511"
"35518","0.005936105735599995","0.005936105735599995","0.005936105735599995"
"35523","0.008324757218360901","0.008324757218360901","0.008324757218360901"
"35537","0.00816507451236248","0.00816507451236248","0.00816507451236248"
"35545","0.008055141195654869","0.008055141195654869","0.008055141195654869"
"35546","0.009741281159222126","0.009741281159222126","0.009741281159222126"
"35564","0.012178290635347366","0.012178290635347366","0.012178290635347366"
"35569","0.009591981768608093","0.009591981768608093","0.009591981768608093"
"35574","0.010113446041941643","0.010113446041941643","0.010113446041941643"
"35591","0.0101462472230196","0.0101462472230196","0.0101462472230196"
"35595","0.008924386464059353","0.008924386464059353","0.008924386464059353"
"35607","0.009001373313367367","0.009001373313367367","0.009001373313367367"
"35621","0.009613772854208946","0.009613772854208946","0.009613772854208946"
"35627","0.008371938951313496","0.008371938951313496","0.008371938951313496"
"35637","0.010226105339825153","0.010226105339825153","0.010226105339825153"
"35641","0.009073666296899319","0.009073666296899319","0.009073666296899319"
"35644","0.009217913262546062","0.009217913262546062","0.009217913262546062"
"35649","0.009032527916133404","0.009032527916133404","0.009032527916133404"
"35655","0.010803957469761372","0.010803957469761372","0.010803957469761372"
"35682","0.007916874252259731","0.007916874252259731","0.007916874252259731"
"35686","0.009039266966283321","0.009039266966283321","0.009039266966283321"
"35688","0.008209132589399815","0.008209132589399815","0.008209132589399815"
"35689","0.008528119884431362","0.008528119884431362","0.008528119884431362"
"35693","0.008637601509690285","0.008637601509690285","0.008637601509690285"
"35717","0.008547713048756123","0.008547713048756123","0.008547713048756123"
"35722","0.010122840292751789","0.010122840292751789","0.010122840292751789"
"35729","0.00968251470476389","0.00968251470476389","0.00968251470476389"
"35751","0.01184317097067833","0.01184317097067833","0.01184317097067833"
"35762","0.011436816304922104","0.011436816304922104","0.011436816304922104"
"35764","0.005966416094452143","0.005966416094452143","0.005966416094452143"
"35776","0.009801341220736504","0.009801341220736504","0.009801341220736504"
"35778","0.010318419896066189","0.010318419896066189","0.010318419896066189"
"35785","0.009243262931704521","0.009243262931704521","0.009243262931704521"
"35803","0.007608494255691767","0.007608494255691767","0.007608494255691767"
"35813","0.007519263308495283","0.007519263308495283","0.007519263308495283"
"35820","0.007858329452574253","0.007858329452574253","0.007858329452574253"
"35839","0.010325892828404903","0.010325892828404903","0.010325892828404903"
"35852","0.009573358111083508","0.009573358111083508","0.009573358111083508"
"35876","0.007816813886165619","0.007816813886165619","0.007816813886165619"
"35889","0.008316295221447945","0.008316295221447945","0.008316295221447945"
"35912","0.01055531483143568","0.01055531483143568","0.01055531483143568"
"35925","0.008499969728291035","0.008499969728291035","0.008499969728291035"
"35972","0.008197540417313576","0.008197540417313576","0.008197540417313576"
"35981","0.008030220866203308","0.008030220866203308","0.008030220866203308"
"35985","0.00899580866098404","0.00899580866098404","0.00899580866098404"
"35994","0.009767768904566765","0.009767768904566765","0.009767768904566765"
"35995","0.009007698856294155","0.009007698856294155","0.009007698856294155"
"36005","0.005808071233332157","0.005808071233332157","0.005808071233332157"
"36010","0.007141126319766045","0.007141126319766045","0.007141126319766045"
"36018","0.009558677673339844","0.009558677673339844","0.009558677673339844"
"36029","0.007750965189188719","0.007750965189188719","0.007750965189188719"
"36030","0.009925318881869316","0.009925318881869316","0.009925318881869316"
"36036","0.00856584869325161","0.00856584869325161","0.00856584869325161"
"36039","0.006565873511135578","0.006565873511135578","0.006565873511135578"
"36066","0.009271289221942425","0.009271289221942425","0.009271289221942425"
"36070","0.010189217515289783","0.010189217515289783","0.010189217515289783"
"36082","0.008352701552212238","0.008352701552212238","0.008352701552212238"
"36094","0.007891365326941013","0.007891365326941013","0.007891365326941013"
"36118","0.012448277324438095","0.012448277324438095","0.012448277324438095"
"36129","0.009913810528814793","0.009913810528814793","0.009913810528814793"
"36138","0.009767010807991028","0.009767010807991028","0.009767010807991028"
"36142","0.008426305837929249","0.008426305837929249","0.008426305837929249"
"36148","0.009389138780534267","0.009389138780534267","0.009389138780534267"
"36158","0.011345084756612778","0.011345084756612778","0.011345084756612778"
"36169","0.009713982231914997","0.009713982231914997","0.009713982231914997"
"36179","0.008352556265890598","0.008352556265890598","0.008352556265890598"
"36200","0.011442223563790321","0.011442223563790321","0.011442223563790321"
"36203","0.010704124346375465","0.010704124346375465","0.010704124346375465"
"36207","0.01002251636236906","0.01002251636236906","0.01002251636236906"
"36212","0.01034671813249588","0.01034671813249588","0.01034671813249588"
"36218","0.012360100634396076","0.012360100634396076","0.012360100634396076"
"36222","0.009763546288013458","0.009763546288013458","0.009763546288013458"
"36224","0.01487718801945448","0.01487718801945448","0.01487718801945448"
"36240","0.01625167950987816","0.01625167950987816","0.01625167950987816"
"36250","0.011871393769979477","0.011871393769979477","0.011871393769979477"
"36260","0.008947002701461315","0.008947002701461315","0.008947002701461315"
"36265","0.008498971350491047","0.008498971350491047","0.008498971350491047"
"36280","0.008499384857714176","0.008499384857714176","0.008499384857714176"
"36292","0.010044800117611885","0.010044800117611885","0.010044800117611885"
"36300","0.009906649589538574","0.009906649589538574","0.009906649589538574"
"36314","0.00801149196922779","0.00801149196922779","0.00801149196922779"
"36333","0.005945559125393629","0.005945559125393629","0.005945559125393629"
"36350","0.010802565142512321","0.010802565142512321","0.010802565142512321"
"36354","0.009341740049421787","0.009341740049421787","0.009341740049421787"
"36356","0.009389094077050686","0.009389094077050686","0.009389094077050686"
"36357","0.009127085097134113","0.009127085097134113","0.009127085097134113"
"36358","0.009046792052686214","0.009046792052686214","0.009046792052686214"
"36363","0.008537095971405506","0.008537095971405506","0.008537095971405506"
"36374","0.00900227576494217","0.00900227576494217","0.00900227576494217"
"36386","0.007647850550711155","0.007647850550711155","0.007647850550711155"
"36398","0.008476538583636284","0.008476538583636284","0.008476538583636284"
"36399","0.008209282532334328","0.008209282532334328","0.008209282532334328"
"36413","0.009495665319263935","0.009495665319263935","0.009495665319263935"
"36427","0.009150209836661816","0.009150209836661816","0.009150209836661816"
"36439","0.009659258648753166","0.009659258648753166","0.009659258648753166"
"36440","0.006933406461030245","0.006933406461030245","0.006933406461030245"
"36447","0.008402516134083271","0.008402516134083271","0.008402516134083271"
"36451","0.006989662069827318","0.006989662069827318","0.006989662069827318"
"36456","0.009640845470130444","0.009640845470130444","0.009640845470130444"
"36463","0.00994935818016529","0.00994935818016529","0.00994935818016529"
"36474","0.00988087523728609","0.00988087523728609","0.00988087523728609"
"36488","0.009050317108631134","0.009050317108631134","0.009050317108631134"
"36540","0.00884874165058136","0.00884874165058136","0.00884874165058136"
"36552","0.0084520373493433","0.0084520373493433","0.0084520373493433"
"36561","0.008042124100029469","0.008042124100029469","0.008042124100029469"
"36570","0.011314607225358486","0.011314607225358486","0.011314607225358486"
"36576","0.008494427427649498","0.008494427427649498","0.008494427427649498"
"36581","0.01033446192741394","0.01033446192741394","0.01033446192741394"
"36582","0.007598398253321648","0.007598398253321648","0.007598398253321648"
"36587","0.007690918631851673","0.007690918631851673","0.007690918631851673"
"36594","0.01058796513825655","0.01058796513825655","0.01058796513825655"
"36603","0.008705583401024342","0.008705583401024342","0.008705583401024342"
"36613","0.006900430656969547","0.006900430656969547","0.006900430656969547"
"36632","0.0078177684918046","0.0078177684918046","0.0078177684918046"
"36646","0.007034693844616413","0.007034693844616413","0.007034693844616413"
"36666","0.009539604187011719","0.009539604187011719","0.009539604187011719"
"36669","0.01033779140561819","0.01033779140561819","0.01033779140561819"
"36676","0.008471192792057991","0.008471192792057991","0.008471192792057991"
"36699","0.009029549546539783","0.009029549546539783","0.009029549546539783"
"36704","0.00886144395917654","0.00886144395917654","0.00886144395917654"
"36709","0.007780761457979679","0.007780761457979679","0.007780761457979679"
"36717","0.010434682480990887","0.010434682480990887","0.010434682480990887"
"36721","0.01140538603067398","0.01140538603067398","0.01140538603067398"
"36731","0.007839225232601166","0.007839225232601166","0.007839225232601166"
"36739","0.009458674117922783","0.009458674117922783","0.009458674117922783"
"36758","0.006179999094456434","0.006179999094456434","0.006179999094456434"
"36759","0.009096185676753521","0.009096185676753521","0.009096185676753521"
"36764","0.010982498526573181","0.010982498526573181","0.010982498526573181"
"36765","0.008735551498830318","0.008735551498830318","0.008735551498830318"
"36785","0.010090325959026814","0.010090325959026814","0.010090325959026814"
"36795","0.00795043259859085","0.00795043259859085","0.00795043259859085"
"36805","0.009387610480189323","0.009387610480189323","0.009387610480189323"
"36818","0.007846536114811897","0.007846536114811897","0.007846536114811897"
"36820","0.007248154375702143","0.007248154375702143","0.007248154375702143"
"36826","0.008989358320832253","0.008989358320832253","0.008989358320832253"
"36831","0.009484922513365746","0.009484922513365746","0.009484922513365746"
"36840","0.009594720788300037","0.009594720788300037","0.009594720788300037"
"36887","0.007631982676684856","0.007631982676684856","0.007631982676684856"
"36892","0.010131655260920525","0.010131655260920525","0.010131655260920525"
"36898","0.008898424915969372","0.008898424915969372","0.008898424915969372"
"36914","0.007255881559103727","0.007255881559103727","0.007255881559103727"
"36924","0.010210918262600899","0.010210918262600899","0.010210918262600899"
"36928","0.009799621067941189","0.009799621067941189","0.009799621067941189"
"36986","0.011397210881114006","0.011397210881114006","0.011397210881114006"
"36987","0.007300813682377338","0.007300813682377338","0.007300813682377338"
"36992","0.00991142075508833","0.00991142075508833","0.00991142075508833"
"36998","0.00983667653053999","0.00983667653053999","0.00983667653053999"
"37002","0.009305216372013092","0.009305216372013092","0.009305216372013092"
"37003","0.007669566199183464","0.007669566199183464","0.007669566199183464"
"37005","0.007355707697570324","0.007355707697570324","0.007355707697570324"
"37009","0.008077850565314293","0.008077850565314293","0.008077850565314293"
"37070","0.007170859724283218","0.007170859724283218","0.007170859724283218"
"37085","0.009477163664996624","0.009477163664996624","0.009477163664996624"
"37092","0.010914543643593788","0.010914543643593788","0.010914543643593788"
"37099","0.008531428873538971","0.008531428873538971","0.008531428873538971"
"37101","0.0075703770853579044","0.0075703770853579044","0.0075703770853579044"
"37105","0.008660740219056606","0.008660740219056606","0.008660740219056606"
"37106","0.008523832075297832","0.008523832075297832","0.008523832075297832"
"37118","0.0063133626244962215","0.0063133626244962215","0.0063133626244962215"
"37128","0.010249251499772072","0.010249251499772072","0.010249251499772072"
"37133","0.010107389651238918","0.010107389651238918","0.010107389651238918"
"37136","0.009378539398312569","0.009378539398312569","0.009378539398312569"
"37139","0.006157177034765482","0.006157177034765482","0.006157177034765482"
"37141","0.007543195504695177","0.007543195504695177","0.007543195504695177"
"37148","0.009559999220073223","0.009559999220073223","0.009559999220073223"
"37156","0.007764886599034071","0.007764886599034071","0.007764886599034071"
"37165","0.006972717121243477","0.006972717121243477","0.006972717121243477"
"37175","0.007791428826749325","0.007791428826749325","0.007791428826749325"
"37213","0.008545500226318836","0.008545500226318836","0.008545500226318836"
"37216","0.008343763649463654","0.008343763649463654","0.008343763649463654"
"37222","0.00967055931687355","0.00967055931687355","0.00967055931687355"
"37231","0.006578756496310234","0.006578756496310234","0.006578756496310234"
"37261","0.008966309018433094","0.008966309018433094","0.008966309018433094"
"37273","0.011488862335681915","0.011488862335681915","0.011488862335681915"
"37285","0.00752759026363492","0.00752759026363492","0.00752759026363492"
"37296","0.007754188496619463","0.007754188496619463","0.007754188496619463"
"37323","0.007124417927116156","0.007124417927116156","0.007124417927116156"
"37331","0.0065592024475336075","0.0065592024475336075","0.0065592024475336075"
"37337","0.00853108149021864","0.00853108149021864","0.00853108149021864"
"37339","0.009814519435167313","0.009814519435167313","0.009814519435167313"
"37341","0.00849915575236082","0.00849915575236082","0.00849915575236082"
"37346","0.009483701549470425","0.009483701549470425","0.009483701549470425"
"37356","0.009858016856014729","0.009858016856014729","0.009858016856014729"
"37365","0.008361630141735077","0.008361630141735077","0.008361630141735077"
"37391","0.009275262244045734","0.009275262244045734","0.009275262244045734"
"37394","0.009729810059070587","0.009729810059070587","0.009729810059070587"
"37399","0.009579981677234173","0.009579981677234173","0.009579981677234173"
"37404","0.012095562182366848","0.012095562182366848","0.012095562182366848"
"37407","0.011362892575562","0.011362892575562","0.011362892575562"
"37415","0.01238497905433178","0.01238497905433178","0.01238497905433178"
"37425","0.010012342594563961","0.010012342594563961","0.010012342594563961"
"37442","0.010762992314994335","0.010762992314994335","0.010762992314994335"
"37444","0.008474537171423435","0.008474537171423435","0.008474537171423435"
"37447","0.008542511612176895","0.008542511612176895","0.008542511612176895"
"37455","0.008411361835896969","0.008411361835896969","0.008411361835896969"
"37467","0.009692462161183357","0.009692462161183357","0.009692462161183357"
"37470","0.01031840592622757","0.01031840592622757","0.01031840592622757"
"37476","0.00811090786010027","0.00811090786010027","0.00811090786010027"
"37493","0.00905216857790947","0.00905216857790947","0.00905216857790947"
"37519","0.007679217495024204","0.007679217495024204","0.007679217495024204"
"37530","0.01030972320586443","0.01030972320586443","0.01030972320586443"
"37536","0.0072062271647155285","0.0072062271647155285","0.0072062271647155285"
"37544","0.011241912841796875","0.011241912841796875","0.011241912841796875"
"37552","0.0096740098670125","0.0096740098670125","0.0096740098670125"
"37561","0.010217458009719849","0.010217458009719849","0.010217458009719849"
"37564","0.006907841190695763","0.006907841190695763","0.006907841190695763"
"37586","0.009948492050170898","0.009948492050170898","0.009948492050170898"
"37594","0.00851430930197239","0.00851430930197239","0.00851430930197239"
"37603","0.009387919679284096","0.009387919679284096","0.009387919679284096"
"37605","0.008785021491348743","0.008785021491348743","0.008785021491348743"
"37609","0.008631463162600994","0.008631463162600994","0.008631463162600994"
"37610","0.009335963055491447","0.009335963055491447","0.009335963055491447"
"37614","0.008416574448347092","0.008416574448347092","0.008416574448347092"
"37620","0.006792562548071146","0.006792562548071146","0.006792562548071146"
"37625","0.009244388900697231","0.009244388900697231","0.009244388900697231"
"37630","0.009579951874911785","0.009579951874911785","0.009579951874911785"
"37634","0.009291925467550755","0.009291925467550755","0.009291925467550755"
"37651","0.008980585262179375","0.008980585262179375","0.008980585262179375"
"37662","0.005676700733602047","0.005676700733602047","0.005676700733602047"
"37665","0.008604483678936958","0.008604483678936958","0.008604483678936958"
"37686","0.008649691008031368","0.008649691008031368","0.008649691008031368"
"37709","0.01126960851252079","0.01126960851252079","0.01126960851252079"
"37717","0.01033493410795927","0.01033493410795927","0.01033493410795927"
"37727","0.009252791292965412","0.009252791292965412","0.009252791292965412"
"37732","0.01065556425601244","0.01065556425601244","0.01065556425601244"
"37744","0.011282457038760185","0.011282457038760185","0.011282457038760185"
"37754","0.010586941614747047","0.010586941614747047","0.010586941614747047"
"37755","0.010520470328629017","0.010520470328629017","0.010520470328629017"
"37762","0.006632592529058456","0.006632592529058456","0.006632592529058456"
"37767","0.009954571723937988","0.009954571723937988","0.009954571723937988"
"37779","0.008664505556225777","0.008664505556225777","0.008664505556225777"
"37785","0.007547470740973949","0.007547470740973949","0.007547470740973949"
"37806","0.011250747367739677","0.011250747367739677","0.011250747367739677"
"37808","0.009756370447576046","0.009756370447576046","0.009756370447576046"
"37811","0.00810202956199646","0.00810202956199646","0.00810202956199646"
"37835","0.009364494122564793","0.009364494122564793","0.009364494122564793"
"37846","0.009169566445052624","0.009169566445052624","0.009169566445052624"
"37852","0.00940603669732809","0.00940603669732809","0.00940603669732809"
"37874","0.010213439352810383","0.010213439352810383","0.010213439352810383"
"37884","0.00825419556349516","0.00825419556349516","0.00825419556349516"
"37886","0.008119819685816765","0.008119819685816765","0.008119819685816765"
"37888","0.010213503614068031","0.010213503614068031","0.010213503614068031"
"37899","0.00835620891302824","0.00835620891302824","0.00835620891302824"
"37914","0.004838334396481514","0.004838334396481514","0.004838334396481514"
"37943","0.006759489420801401","0.006759489420801401","0.006759489420801401"
"37950","0.008447115309536457","0.008447115309536457","0.008447115309536457"
"37952","0.008674924261868","0.008674924261868","0.008674924261868"
"37969","0.009108818136155605","0.009108818136155605","0.009108818136155605"
"37999","0.00961379986256361","0.00961379986256361","0.00961379986256361"
"38008","0.009073207154870033","0.009073207154870033","0.009073207154870033"
"38027","0.00845958013087511","0.00845958013087511","0.00845958013087511"
"38038","0.0059632048942148685","0.0059632048942148685","0.0059632048942148685"
"38054","0.008387361653149128","0.008387361653149128","0.008387361653149128"
"38061","0.007654833607375622","0.007654833607375622","0.007654833607375622"
"38064","0.009641049429774284","0.009641049429774284","0.009641049429774284"
"38065","0.007868419401347637","0.007868419401347637","0.007868419401347637"
"38098","0.008175540715456009","0.008175540715456009","0.008175540715456009"
"38123","0.00917335506528616","0.00917335506528616","0.00917335506528616"
"38133","0.010440953075885773","0.010440953075885773","0.010440953075885773"
"38145","0.008857126347720623","0.008857126347720623","0.008857126347720623"
"38153","0.00919298641383648","0.00919298641383648","0.00919298641383648"
"38156","0.009897842071950436","0.009897842071950436","0.009897842071950436"
"38162","0.01068118866533041","0.01068118866533041","0.01068118866533041"
"38167","0.008070085197687149","0.008070085197687149","0.008070085197687149"
"38177","0.007977621629834175","0.007977621629834175","0.007977621629834175"
"38186","0.008452477864921093","0.008452477864921093","0.008452477864921093"
"38190","0.00838400237262249","0.00838400237262249","0.00838400237262249"
"38193","0.006342663429677486","0.006342663429677486","0.006342663429677486"
"38195","0.00970407109707594","0.00970407109707594","0.00970407109707594"
"38203","0.010789018124341965","0.010789018124341965","0.010789018124341965"
"38205","0.01016824971884489","0.01016824971884489","0.01016824971884489"
"38208","0.009592754766345024","0.009592754766345024","0.009592754766345024"
"38225","0.00715993158519268","0.00715993158519268","0.00715993158519268"
"38237","0.009961128234863281","0.009961128234863281","0.009961128234863281"
"38241","0.010965189896523952","0.010965189896523952","0.010965189896523952"
"38243","0.010458219796419144","0.010458219796419144","0.010458219796419144"
"38252","0.010242690332233906","0.010242690332233906","0.010242690332233906"
"38271","0.007237405050545931","0.007237405050545931","0.007237405050545931"
"38277","0.0075042759999632835","0.0075042759999632835","0.0075042759999632835"
"38283","0.008992261253297329","0.008992261253297329","0.008992261253297329"
"38303","0.010117150843143463","0.010117150843143463","0.010117150843143463"
"38305","0.012145879678428173","0.012145879678428173","0.012145879678428173"
"38307","0.008834614418447018","0.008834614418447018","0.008834614418447018"
"38309","0.007188687101006508","0.007188687101006508","0.007188687101006508"
"38324","0.010773452930152416","0.010773452930152416","0.010773452930152416"
"38332","0.009925561025738716","0.009925561025738716","0.009925561025738716"
"38340","0.009266105480492115","0.009266105480492115","0.009266105480492115"
"38351","0.007825219072401524","0.007825219072401524","0.007825219072401524"
"38359","0.008342431858181953","0.008342431858181953","0.008342431858181953"
"38363","0.008449622429907322","0.008449622429907322","0.008449622429907322"
"38368","0.009988083504140377","0.009988083504140377","0.009988083504140377"
"38372","0.008237018249928951","0.008237018249928951","0.008237018249928951"
"38373","0.009114875458180904","0.009114875458180904","0.009114875458180904"
"38380","0.010207004845142365","0.010207004845142365","0.010207004845142365"
"38391","0.009080536663532257","0.009080536663532257","0.009080536663532257"
"38394","0.009076995775103569","0.009076995775103569","0.009076995775103569"
"38396","0.008872359059751034","0.008872359059751034","0.008872359059751034"
"38402","0.009227882139384747","0.009227882139384747","0.009227882139384747"
"38415","0.009190776385366917","0.009190776385366917","0.009190776385366917"
"38423","0.009732653386890888","0.009732653386890888","0.009732653386890888"
"38430","0.008181795477867126","0.008181795477867126","0.008181795477867126"
"38436","0.008633970282971859","0.008633970282971859","0.008633970282971859"
"38441","0.010537735186517239","0.010537735186517239","0.010537735186517239"
"38445","0.010996060445904732","0.010996060445904732","0.010996060445904732"
"38453","0.009162106551229954","0.009162106551229954","0.009162106551229954"
"38473","0.011340942233800888","0.011340942233800888","0.011340942233800888"
"38476","0.008767078630626202","0.008767078630626202","0.008767078630626202"
"38480","0.01092155184596777","0.01092155184596777","0.01092155184596777"
"38504","0.009961413219571114","0.009961413219571114","0.009961413219571114"
"38516","0.010201258584856987","0.010201258584856987","0.010201258584856987"
"38517","0.007289999630302191","0.007289999630302191","0.007289999630302191"
"38526","0.009134131483733654","0.009134131483733654","0.009134131483733654"
"38534","0.009063010104000568","0.009063010104000568","0.009063010104000568"
"38553","0.009928718209266663","0.009928718209266663","0.009928718209266663"
"38557","0.008740531280636787","0.008740531280636787","0.008740531280636787"
"38578","0.011227120645344257","0.011227120645344257","0.011227120645344257"
"38581","0.006516282446682453","0.006516282446682453","0.006516282446682453"
"38582","0.008655165322124958","0.008655165322124958","0.008655165322124958"
"38588","0.007318626157939434","0.007318626157939434","0.007318626157939434"
"38589","0.0072794766165316105","0.0072794766165316105","0.0072794766165316105"
"38596","0.00789356417953968","0.00789356417953968","0.00789356417953968"
"38607","0.009855853393673897","0.009855853393673897","0.009855853393673897"
"38614","0.008181370794773102","0.008181370794773102","0.008181370794773102"
"38615","0.007075340952724218","0.007075340952724218","0.007075340952724218"
"38629","0.006822407711297274","0.006822407711297274","0.006822407711297274"
"38633","0.010021165013313293","0.010021165013313293","0.010021165013313293"
"38640","0.009292498230934143","0.009292498230934143","0.009292498230934143"
"38658","0.009901229292154312","0.009901229292154312","0.009901229292154312"
"38664","0.008851795457303524","0.008851795457303524","0.008851795457303524"
"38671","0.00902574509382248","0.00902574509382248","0.00902574509382248"
"38701","0.009189596399664879","0.009189596399664879","0.009189596399664879"
"38702","0.008867054246366024","0.008867054246366024","0.008867054246366024"
"38710","0.007720056921243668","0.007720056921243668","0.007720056921243668"
"38740","0.007748849224299192","0.007748849224299192","0.007748849224299192"
"38742","0.007715351413935423","0.007715351413935423","0.007715351413935423"
"38751","0.011190048418939114","0.011190048418939114","0.011190048418939114"
"38753","0.0072656129486858845","0.0072656129486858845","0.0072656129486858845"
"38758","0.007298358716070652","0.007298358716070652","0.007298358716070652"
"38783","0.008340560831129551","0.008340560831129551","0.008340560831129551"
"38784","0.0079489815980196","0.0079489815980196","0.0079489815980196"
"38785","0.009734396822750568","0.009734396822750568","0.009734396822750568"
"38786","0.009653990156948566","0.009653990156948566","0.009653990156948566"
"38792","0.008606471121311188","0.008606471121311188","0.008606471121311188"
"38799","0.0072091142646968365","0.0072091142646968365","0.0072091142646968365"
"38800","0.009440663270652294","0.009440663270652294","0.009440663270652294"
"38810","0.011793040670454502","0.011793040670454502","0.011793040670454502"
"38813","0.010562109760940075","0.010562109760940075","0.010562109760940075"
"38820","0.009955479763448238","0.009955479763448238","0.009955479763448238"
"38826","0.011715706437826157","0.011715706437826157","0.011715706437826157"
"38828","0.008036686107516289","0.008036686107516289","0.008036686107516289"
"38832","0.006492055486887693","0.006492055486887693","0.006492055486887693"
"38864","0.00967605784535408","0.00967605784535408","0.00967605784535408"
"38878","0.008279872126877308","0.008279872126877308","0.008279872126877308"
"38891","0.01007822621613741","0.01007822621613741","0.01007822621613741"
"38896","0.010495254769921303","0.010495254769921303","0.010495254769921303"
"38906","0.009866167791187763","0.009866167791187763","0.009866167791187763"
"38908","0.006894981488585472","0.006894981488585472","0.006894981488585472"
"38910","0.008990462869405746","0.008990462869405746","0.008990462869405746"
"38933","0.009655122645199299","0.009655122645199299","0.009655122645199299"
"38944","0.008121633902192116","0.008121633902192116","0.008121633902192116"
"38950","0.008665615692734718","0.008665615692734718","0.008665615692734718"
"38961","0.008043374866247177","0.008043374866247177","0.008043374866247177"
"38971","0.008515680208802223","0.008515680208802223","0.008515680208802223"
"38973","0.00677568418905139","0.00677568418905139","0.00677568418905139"
"38978","0.010095862671732903","0.010095862671732903","0.010095862671732903"
"38982","0.010685904882848263","0.010685904882848263","0.010685904882848263"
"38990","0.008816136047244072","0.008816136047244072","0.008816136047244072"
"38992","0.0113016776740551","0.0113016776740551","0.0113016776740551"
"38994","0.009348032996058464","0.009348032996058464","0.009348032996058464"
"39001","0.007323795929551125","0.007323795929551125","0.007323795929551125"
"39008","0.008449983783066273","0.008449983783066273","0.008449983783066273"
"39012","0.008251319639384747","0.008251319639384747","0.008251319639384747"
"39058","0.00879607256501913","0.00879607256501913","0.00879607256501913"
"39060","0.010540306568145752","0.010540306568145752","0.010540306568145752"
"39070","0.00803424883633852","0.00803424883633852","0.00803424883633852"
"39076","0.009673557244241238","0.009673557244241238","0.009673557244241238"
"39104","0.010214357636868954","0.010214357636868954","0.010214357636868954"
"39109","0.0060974913649261","0.0060974913649261","0.0060974913649261"
"39120","0.009129554033279419","0.009129554033279419","0.009129554033279419"
"39125","0.010434933938086033","0.010434933938086033","0.010434933938086033"
"39144","0.008596464991569519","0.008596464991569519","0.008596464991569519"
"39168","0.006824126932770014","0.006824126932770014","0.006824126932770014"
"39192","0.006079746875911951","0.006079746875911951","0.006079746875911951"
"39198","0.008253221400082111","0.008253221400082111","0.008253221400082111"
"39199","0.008121460676193237","0.008121460676193237","0.008121460676193237"
"39265","0.007126196287572384","0.007126196287572384","0.007126196287572384"
"39268","0.009104390628635883","0.009104390628635883","0.009104390628635883"
"39270","0.008511707186698914","0.008511707186698914","0.008511707186698914"
"39279","0.006801146548241377","0.006801146548241377","0.006801146548241377"
"39292","0.010628636926412582","0.010628636926412582","0.010628636926412582"
"39293","0.008585011586546898","0.008585011586546898","0.008585011586546898"
"39297","0.01072013657540083","0.01072013657540083","0.01072013657540083"
"39321","0.009223127737641335","0.009223127737641335","0.009223127737641335"
"39323","0.01032873522490263","0.01032873522490263","0.01032873522490263"
"39327","0.007253588642925024","0.007253588642925024","0.007253588642925024"
"39334","0.008816970512270927","0.008816970512270927","0.008816970512270927"
"39337","0.010501977987587452","0.010501977987587452","0.010501977987587452"
"39363","0.008888104930520058","0.008888104930520058","0.008888104930520058"
"39369","0.007422817870974541","0.007422817870974541","0.007422817870974541"
"39377","0.008751421235501766","0.008751421235501766","0.008751421235501766"
"39378","0.010386439971625805","0.010386439971625805","0.010386439971625805"
"39386","0.008586887270212173","0.008586887270212173","0.008586887270212173"
"39408","0.008221011608839035","0.008221011608839035","0.008221011608839035"
"39409","0.009602089412510395","0.009602089412510395","0.009602089412510395"
"39415","0.008695442229509354","0.008695442229509354","0.008695442229509354"
"39417","0.008625583723187447","0.008625583723187447","0.008625583723187447"
"39422","0.007287363987416029","0.007287363987416029","0.007287363987416029"
"39423","0.01042961236089468","0.01042961236089468","0.01042961236089468"
"39426","0.008354711346328259","0.008354711346328259","0.008354711346328259"
"39434","0.01009334996342659","0.01009334996342659","0.01009334996342659"
"39437","0.009130218997597694","0.009130218997597694","0.009130218997597694"
"39442","0.010252499021589756","0.010252499021589756","0.010252499021589756"
"39451","0.009555059485137463","0.009555059485137463","0.009555059485137463"
"39457","0.009763479232788086","0.009763479232788086","0.009763479232788086"
"39460","0.009940468706190586","0.009940468706190586","0.009940468706190586"
"39463","0.006384409498423338","0.006384409498423338","0.006384409498423338"
"39470","0.01096182968467474","0.01096182968467474","0.01096182968467474"
"39473","0.008916223421692848","0.008916223421692848","0.008916223421692848"
"39485","0.007831876166164875","0.007831876166164875","0.007831876166164875"
"39495","0.01135981921106577","0.01135981921106577","0.01135981921106577"
"39508","0.00855277106165886","0.00855277106165886","0.00855277106165886"
"39512","0.0068909102119505405","0.0068909102119505405","0.0068909102119505405"
"39522","0.0099294763058424","0.0099294763058424","0.0099294763058424"
"39545","0.009631211869418621","0.009631211869418621","0.009631211869418621"
"39548","0.009351460263133049","0.009351460263133049","0.009351460263133049"
"39560","0.007343501318246126","0.007343501318246126","0.007343501318246126"
"39571","0.008410428650677204","0.008410428650677204","0.008410428650677204"
"39592","0.0075474875047802925","0.0075474875047802925","0.0075474875047802925"
"39594","0.007212877739220858","0.007212877739220858","0.007212877739220858"
"39597","0.007392857223749161","0.007392857223749161","0.007392857223749161"
"39606","0.008337361738085747","0.008337361738085747","0.008337361738085747"
"39615","0.008649276569485664","0.008649276569485664","0.008649276569485664"
"39651","0.010037997737526894","0.010037997737526894","0.010037997737526894"
"39689","0.008995127864181995","0.008995127864181995","0.008995127864181995"
"39690","0.00803170446306467","0.00803170446306467","0.00803170446306467"
"39715","0.008834420703351498","0.008834420703351498","0.008834420703351498"
"39716","0.008578935638070107","0.008578935638070107","0.008578935638070107"
"39720","0.009169533848762512","0.009169533848762512","0.009169533848762512"
"39722","0.009295332245528698","0.009295332245528698","0.009295332245528698"
"39727","0.008781672455370426","0.008781672455370426","0.008781672455370426"
"39768","0.007827652618288994","0.007827652618288994","0.007827652618288994"
"39776","0.007844562642276287","0.007844562642276287","0.007844562642276287"
"39781","0.010501905344426632","0.010501905344426632","0.010501905344426632"
"39782","0.011194193735718727","0.011194193735718727","0.011194193735718727"
"39808","0.010331419296562672","0.010331419296562672","0.010331419296562672"
"39852","0.008813461288809776","0.008813461288809776","0.008813461288809776"
"39857","0.008216003887355328","0.008216003887355328","0.008216003887355328"
"39868","0.00966541189700365","0.00966541189700365","0.00966541189700365"
"39875","0.00985750462859869","0.00985750462859869","0.00985750462859869"
"39881","0.009828740730881691","0.009828740730881691","0.009828740730881691"
"39884","0.007444058544933796","0.007444058544933796","0.007444058544933796"
"39894","0.006894836667925119","0.006894836667925119","0.006894836667925119"
"39929","0.009302227757871151","0.009302227757871151","0.009302227757871151"
"39936","0.0069025130942463875","0.0069025130942463875","0.0069025130942463875"
"39937","0.007500923704355955","0.007500923704355955","0.007500923704355955"
"39946","0.009183928370475769","0.009183928370475769","0.009183928370475769"
"39950","0.009369991719722748","0.009369991719722748","0.009369991719722748"
"39959","0.007300676312297583","0.007300676312297583","0.007300676312297583"
"39963","0.00981170404702425","0.00981170404702425","0.00981170404702425"
"39970","0.007249257527291775","0.007249257527291775","0.007249257527291775"
"39987","0.010639913380146027","0.010639913380146027","0.010639913380146027"
"40007","0.007442562375217676","0.007442562375217676","0.007442562375217676"
"40023","0.008778784424066544","0.008778784424066544","0.008778784424066544"
"40036","0.008945646695792675","0.008945646695792675","0.008945646695792675"
"40044","0.007917657494544983","0.007917657494544983","0.007917657494544983"
"40068","0.00990272592753172","0.00990272592753172","0.00990272592753172"
"40070","0.008650625124573708","0.008650625124573708","0.008650625124573708"
"40091","0.008558131754398346","0.008558131754398346","0.008558131754398346"
"40106","0.008252880536019802","0.008252880536019802","0.008252880536019802"
"40114","0.01016820315271616","0.01016820315271616","0.01016820315271616"
"40115","0.008638177998363972","0.008638177998363972","0.008638177998363972"
"40146","0.01045252662152052","0.01045252662152052","0.01045252662152052"
"40148","0.008620616979897022","0.008620616979897022","0.008620616979897022"
"40155","0.01041555218398571","0.01041555218398571","0.01041555218398571"
"40159","0.008825438097119331","0.008825438097119331","0.008825438097119331"
"40164","0.008225833997130394","0.008225833997130394","0.008225833997130394"
"40167","0.010518929921090603","0.010518929921090603","0.010518929921090603"
"40188","0.009222723543643951","0.009222723543643951","0.009222723543643951"
"40190","0.007309786509722471","0.007309786509722471","0.007309786509722471"
"40192","0.010327495634555817","0.010327495634555817","0.010327495634555817"
"40201","0.008870056830346584","0.008870056830346584","0.008870056830346584"
"40206","0.007509002462029457","0.007509002462029457","0.007509002462029457"
"40240","0.008494602516293526","0.008494602516293526","0.008494602516293526"
"40243","0.00891481526196003","0.00891481526196003","0.00891481526196003"
"40258","0.006354119163006544","0.006354119163006544","0.006354119163006544"
"40261","0.0056302412413060665","0.0056302412413060665","0.0056302412413060665"
"40268","0.008190362714231014","0.008190362714231014","0.008190362714231014"
"40272","0.008560300804674625","0.008560300804674625","0.008560300804674625"
"40289","0.007840070873498917","0.007840070873498917","0.007840070873498917"
"40293","0.008642851375043392","0.008642851375043392","0.008642851375043392"
"40297","0.008075615391135216","0.008075615391135216","0.008075615391135216"
"40319","0.007285936735570431","0.007285936735570431","0.007285936735570431"
"40320","0.009192469529807568","0.009192469529807568","0.009192469529807568"
"40333","0.00817476212978363","0.00817476212978363","0.00817476212978363"
"40335","0.00963671412318945","0.00963671412318945","0.00963671412318945"
"40343","0.007023090496659279","0.007023090496659279","0.007023090496659279"
"40350","0.010092043317854404","0.010092043317854404","0.010092043317854404"
"40365","0.01001192070543766","0.01001192070543766","0.01001192070543766"
"40377","0.0120925921946764","0.0120925921946764","0.0120925921946764"
"40402","0.008553991094231606","0.008553991094231606","0.008553991094231606"
"40413","0.009735328145325184","0.009735328145325184","0.009735328145325184"
"40416","0.007601412013173103","0.007601412013173103","0.007601412013173103"
"40427","0.009502849541604519","0.009502849541604519","0.009502849541604519"
"40429","0.009899012744426727","0.009899012744426727","0.009899012744426727"
"40444","0.006948201917111874","0.006948201917111874","0.006948201917111874"
"40445","0.0085781654343009","0.0085781654343009","0.0085781654343009"
"40446","0.009909875690937042","0.009909875690937042","0.009909875690937042"
"40454","0.007742885500192642","0.007742885500192642","0.007742885500192642"
"40523","0.008441098034381866","0.008441098034381866","0.008441098034381866"
"40540","0.009241663850843906","0.009241663850843906","0.009241663850843906"
"40542","0.008661860600113869","0.008661860600113869","0.008661860600113869"
"40544","0.010197809897363186","0.010197809897363186","0.010197809897363186"
"40551","0.00890504289418459","0.00890504289418459","0.00890504289418459"
"40557","0.008528915233910084","0.008528915233910084","0.008528915233910084"
"40574","0.008629289455711842","0.008629289455711842","0.008629289455711842"
"40577","0.010330802761018276","0.010330802761018276","0.010330802761018276"
"40610","0.007893950678408146","0.007893950678408146","0.007893950678408146"
"40650","0.00675977673381567","0.00675977673381567","0.00675977673381567"
"40653","0.010663146153092384","0.010663146153092384","0.010663146153092384"
"40664","0.007041621953248978","0.007041621953248978","0.007041621953248978"
"40671","0.009995362721383572","0.009995362721383572","0.009995362721383572"
"40672","0.009360171854496002","0.009360171854496002","0.009360171854496002"
"40682","0.007510249502956867","0.007510249502956867","0.007510249502956867"
"40709","0.008960656821727753","0.008960656821727753","0.008960656821727753"
"40710","0.007839187048375607","0.007839187048375607","0.007839187048375607"
"40721","0.008521939627826214","0.008521939627826214","0.008521939627826214"
"40737","0.009925173595547676","0.009925173595547676","0.009925173595547676"
"40739","0.012952260673046112","0.012952260673046112","0.012952260673046112"
"40743","0.0093031395226717","0.0093031395226717","0.0093031395226717"
"40746","0.008353767916560173","0.008353767916560173","0.008353767916560173"
"40760","0.008186657913029194","0.008186657913029194","0.008186657913029194"
"40784","0.010211431421339512","0.010211431421339512","0.010211431421339512"
"40794","0.00797099806368351","0.00797099806368351","0.00797099806368351"
"40815","0.010036510415375233","0.010036510415375233","0.010036510415375233"
"40831","0.008553932420909405","0.008553932420909405","0.008553932420909405"
"40854","0.008265658281743526","0.008265658281743526","0.008265658281743526"
"40867","0.0076723950915038586","0.0076723950915038586","0.0076723950915038586"
"40887","0.009310982190072536","0.009310982190072536","0.009310982190072536"
"40922","0.010594609193503857","0.010594609193503857","0.010594609193503857"
"40939","0.008778463117778301","0.008778463117778301","0.008778463117778301"
"40966","0.007762304972857237","0.007762304972857237","0.007762304972857237"
"40970","0.00738421780988574","0.00738421780988574","0.00738421780988574"
"40985","0.006561072077602148","0.006561072077602148","0.006561072077602148"
"40990","0.009637630544602871","0.009637630544602871","0.009637630544602871"
"40991","0.007180994842201471","0.007180994842201471","0.007180994842201471"
"40992","0.010139151476323605","0.010139151476323605","0.010139151476323605"
"41018","0.0071987430565059185","0.0071987430565059185","0.0071987430565059185"
"41023","0.008500821888446808","0.008500821888446808","0.008500821888446808"
"41029","0.007912106812000275","0.007912106812000275","0.007912106812000275"
"41031","0.009108208119869232","0.009108208119869232","0.009108208119869232"
"41039","0.011392193846404552","0.011392193846404552","0.011392193846404552"
"41061","0.00821288675069809","0.00821288675069809","0.00821288675069809"
"41070","0.007490191143006086","0.007490191143006086","0.007490191143006086"
"41071","0.008883270435035229","0.008883270435035229","0.008883270435035229"
"41084","0.008664438501000404","0.008664438501000404","0.008664438501000404"
"41087","0.008280450478196144","0.008280450478196144","0.008280450478196144"
"41098","0.007615735754370689","0.007615735754370689","0.007615735754370689"
"41102","0.007166960276663303","0.007166960276663303","0.007166960276663303"
"41107","0.0075007472187280655","0.0075007472187280655","0.0075007472187280655"
"41116","0.009320493787527084","0.009320493787527084","0.009320493787527084"
"41118","0.008769381791353226","0.008769381791353226","0.008769381791353226"
"41140","0.008059385232627392","0.008059385232627392","0.008059385232627392"
"41144","0.008849670179188251","0.008849670179188251","0.008849670179188251"
"41158","0.009427111595869064","0.009427111595869064","0.009427111595869064"
"41171","0.007671251427382231","0.007671251427382231","0.007671251427382231"
"41172","0.007620726712048054","0.007620726712048054","0.007620726712048054"
"41176","0.009392039850354195","0.009392039850354195","0.009392039850354195"
"41180","0.00874907337129116","0.00874907337129116","0.00874907337129116"
"41190","0.009900623001158237","0.009900623001158237","0.009900623001158237"
"41191","0.009952855296432972","0.009952855296432972","0.009952855296432972"
"41215","0.008408745750784874","0.008408745750784874","0.008408745750784874"
"41232","0.008021977730095387","0.008021977730095387","0.008021977730095387"
"41254","0.009184029884636402","0.009184029884636402","0.009184029884636402"
"41260","0.011001926846802235","0.011001926846802235","0.011001926846802235"
"41295","0.00966675765812397","0.00966675765812397","0.00966675765812397"
"41300","0.011168786324560642","0.011168786324560642","0.011168786324560642"
"41301","0.009082143194973469","0.009082143194973469","0.009082143194973469"
"41303","0.00927386898547411","0.00927386898547411","0.00927386898547411"
"41304","0.011174993589520454","0.011174993589520454","0.011174993589520454"
"41308","0.009322144091129303","0.009322144091129303","0.009322144091129303"
"41315","0.00866160448640585","0.00866160448640585","0.00866160448640585"
"41350","0.00874637346714735","0.00874637346714735","0.00874637346714735"
"41364","0.009103760123252869","0.009103760123252869","0.009103760123252869"
"41370","0.008048981428146362","0.008048981428146362","0.008048981428146362"
"41377","0.009801273234188557","0.009801273234188557","0.009801273234188557"
"41432","0.009132402017712593","0.009132402017712593","0.009132402017712593"
"41435","0.010462509468197823","0.010462509468197823","0.010462509468197823"
"41476","0.010439293459057808","0.010439293459057808","0.010439293459057808"
"41483","0.008933710865676403","0.008933710865676403","0.008933710865676403"
"41488","0.008105878718197346","0.008105878718197346","0.008105878718197346"
"41495","0.010152237489819527","0.010152237489819527","0.010152237489819527"
"41528","0.010558821260929108","0.010558821260929108","0.010558821260929108"
"41548","0.012007467448711395","0.012007467448711395","0.012007467448711395"
"41560","0.01070445403456688","0.01070445403456688","0.01070445403456688"
"41562","0.008836268447339535","0.008836268447339535","0.008836268447339535"
"41570","0.007608695887029171","0.007608695887029171","0.007608695887029171"
"41580","0.009753410704433918","0.009753410704433918","0.009753410704433918"
"41593","0.009325151331722736","0.009325151331722736","0.009325151331722736"
"41609","0.005046303849667311","0.005046303849667311","0.005046303849667311"
"41620","0.00848668534308672","0.00848668534308672","0.00848668534308672"
"41623","0.010354189202189445","0.010354189202189445","0.010354189202189445"
"41627","0.00886719673871994","0.00886719673871994","0.00886719673871994"
"41679","0.008486607111990452","0.008486607111990452","0.008486607111990452"
"41681","0.009800209663808346","0.009800209663808346","0.009800209663808346"
"41692","0.009308706037700176","0.009308706037700176","0.009308706037700176"
"41701","0.0070152548141777515","0.0070152548141777515","0.0070152548141777515"
"41709","0.009799773804843426","0.009799773804843426","0.009799773804843426"
"41712","0.005853159353137016","0.005853159353137016","0.005853159353137016"
"41724","0.008052242919802666","0.008052242919802666","0.008052242919802666"
"41726","0.008971257135272026","0.008971257135272026","0.008971257135272026"
"41728","0.007831702008843422","0.007831702008843422","0.007831702008843422"
"41749","0.009289002977311611","0.009289002977311611","0.009289002977311611"
"41757","0.009693536907434464","0.009693536907434464","0.009693536907434464"
"41767","0.007009344641119242","0.007009344641119242","0.007009344641119242"
"41769","0.007369940169155598","0.007369940169155598","0.007369940169155598"
"41775","0.009019303135573864","0.009019303135573864","0.009019303135573864"
"41780","0.00791725143790245","0.00791725143790245","0.00791725143790245"
"41787","0.010771227069199085","0.010771227069199085","0.010771227069199085"
"41789","0.007272505201399326","0.007272505201399326","0.007272505201399326"
"41819","0.009995675645768642","0.009995675645768642","0.009995675645768642"
"41859","0.008391758427023888","0.008391758427023888","0.008391758427023888"
"41864","0.01066738273948431","0.01066738273948431","0.01066738273948431"
"41899","0.008572552353143692","0.008572552353143692","0.008572552353143692"
"41909","0.01153316255658865","0.01153316255658865","0.01153316255658865"
"41914","0.011030652560293674","0.011030652560293674","0.011030652560293674"
"41916","0.008743416517972946","0.008743416517972946","0.008743416517972946"
"41917","0.008466623723506927","0.008466623723506927","0.008466623723506927"
"41918","0.009020655415952206","0.009020655415952206","0.009020655415952206"
"41946","0.008133730851113796","0.008133730851113796","0.008133730851113796"
"41949","0.008524663746356964","0.008524663746356964","0.008524663746356964"
"41952","0.009513439610600471","0.009513439610600471","0.009513439610600471"
"41957","0.008650453761219978","0.008650453761219978","0.008650453761219978"
"41977","0.008074314333498478","0.008074314333498478","0.008074314333498478"
"41987","0.006877331528812647","0.006877331528812647","0.006877331528812647"
"41998","0.008525638841092587","0.008525638841092587","0.008525638841092587"
"42000","0.00708408560603857","0.00708408560603857","0.00708408560603857"
"42014","0.009862217120826244","0.009862217120826244","0.009862217120826244"
"42024","0.008613774552941322","0.008613774552941322","0.008613774552941322"
"42027","0.009647333063185215","0.009647333063185215","0.009647333063185215"
"42044","0.0069301244802773","0.0069301244802773","0.0069301244802773"
"42047","0.008084435947239399","0.008084435947239399","0.008084435947239399"
"42049","0.006092705763876438","0.006092705763876438","0.006092705763876438"
"42055","0.006088050547987223","0.006088050547987223","0.006088050547987223"
"42065","0.01021003257483244","0.01021003257483244","0.01021003257483244"
"42076","0.008831892162561417","0.008831892162561417","0.008831892162561417"
"42080","0.010180402547121048","0.010180402547121048","0.010180402547121048"
"42084","0.008027146570384502","0.008027146570384502","0.008027146570384502"
"42096","0.008615123108029366","0.008615123108029366","0.008615123108029366"
"42112","0.010493948124349117","0.010493948124349117","0.010493948124349117"
"42118","0.010170572437345982","0.010170572437345982","0.010170572437345982"
"42131","0.009259599260985851","0.009259599260985851","0.009259599260985851"
"42174","0.01000928319990635","0.01000928319990635","0.01000928319990635"
"42184","0.007748314179480076","0.007748314179480076","0.007748314179480076"
"42192","0.008219843730330467","0.008219843730330467","0.008219843730330467"
"42193","0.006649740971624851","0.006649740971624851","0.006649740971624851"
"42198","0.009953920729458332","0.009953920729458332","0.009953920729458332"
"42203","0.007495888043195009","0.007495888043195009","0.007495888043195009"
"42214","0.01007942296564579","0.01007942296564579","0.01007942296564579"
"42235","0.009059666655957699","0.009059666655957699","0.009059666655957699"
"42240","0.009558084420859814","0.009558084420859814","0.009558084420859814"
"42247","0.009159808047115803","0.009159808047115803","0.009159808047115803"
"42255","0.008233679458498955","0.008233679458498955","0.008233679458498955"
"42257","0.01072624046355486","0.01072624046355486","0.01072624046355486"
"42260","0.007804635912179947","0.007804635912179947","0.007804635912179947"
"42264","0.011003664694726467","0.011003664694726467","0.011003664694726467"
"42265","0.009740682318806648","0.009740682318806648","0.009740682318806648"
"42271","0.0069149332121014595","0.0069149332121014595","0.0069149332121014595"
"42297","0.011178821325302124","0.011178821325302124","0.011178821325302124"
"42300","0.01006173063069582","0.01006173063069582","0.01006173063069582"
"42301","0.010210053995251656","0.010210053995251656","0.010210053995251656"
"42310","0.010633762925863266","0.010633762925863266","0.010633762925863266"
"42317","0.007742281537503004","0.007742281537503004","0.007742281537503004"
"42320","0.009094123728573322","0.009094123728573322","0.009094123728573322"
"42323","0.010670866817235947","0.010670866817235947","0.010670866817235947"
"42335","0.008185590617358685","0.008185590617358685","0.008185590617358685"
"42336","0.011723957024514675","0.011723957024514675","0.011723957024514675"
"42347","0.00932916346937418","0.00932916346937418","0.00932916346937418"
"42372","0.011734788306057453","0.011734788306057453","0.011734788306057453"
"42379","0.007742798421531916","0.007742798421531916","0.007742798421531916"
"42388","0.010431766510009766","0.010431766510009766","0.010431766510009766"
"42396","0.00953678134828806","0.00953678134828806","0.00953678134828806"
"42401","0.008926985785365105","0.008926985785365105","0.008926985785365105"
"42409","0.007245275191962719","0.007245275191962719","0.007245275191962719"
"42410","0.009944586083292961","0.009944586083292961","0.009944586083292961"
"42413","0.009514272212982178","0.009514272212982178","0.009514272212982178"
"42426","0.010503100231289864","0.010503100231289864","0.010503100231289864"
"42436","0.008653725497424603","0.008653725497424603","0.008653725497424603"
"42439","0.008948216214776039","0.008948216214776039","0.008948216214776039"
"42450","0.008173773996531963","0.008173773996531963","0.008173773996531963"
"42460","0.009845209307968616","0.009845209307968616","0.009845209307968616"
"42470","0.008314311504364014","0.008314311504364014","0.008314311504364014"
"42478","0.010673383250832558","0.010673383250832558","0.010673383250832558"
"42507","0.009862169623374939","0.009862169623374939","0.009862169623374939"
"42515","0.009013967588543892","0.009013967588543892","0.009013967588543892"
"42521","0.009285736829042435","0.009285736829042435","0.009285736829042435"
"42537","0.007577825337648392","0.007577825337648392","0.007577825337648392"
"42539","0.009913699701428413","0.009913699701428413","0.009913699701428413"
"42553","0.008783536963164806","0.008783536963164806","0.008783536963164806"
"42559","0.008700722828507423","0.008700722828507423","0.008700722828507423"
"42561","0.006670924369245768","0.006670924369245768","0.006670924369245768"
"42567","0.008869033306837082","0.008869033306837082","0.008869033306837082"
"42572","0.009450002573430538","0.009450002573430538","0.009450002573430538"
"42574","0.0080516142770648","0.0080516142770648","0.0080516142770648"
"42576","0.007893456146121025","0.007893456146121025","0.007893456146121025"
"42578","0.008239438757300377","0.008239438757300377","0.008239438757300377"
"42592","0.009275845251977444","0.009275845251977444","0.009275845251977444"
"42601","0.008792777545750141","0.008792777545750141","0.008792777545750141"
"42602","0.008874469436705112","0.008874469436705112","0.008874469436705112"
"42609","0.007444762624800205","0.007444762624800205","0.007444762624800205"
"42614","0.010190854780375957","0.010190854780375957","0.010190854780375957"
"42616","0.007975788787007332","0.007975788787007332","0.007975788787007332"
"42617","0.010146169923245907","0.010146169923245907","0.010146169923245907"
"42618","0.00679944921284914","0.00679944921284914","0.00679944921284914"
"42621","0.007565150037407875","0.007565150037407875","0.007565150037407875"
"42632","0.009777672588825226","0.009777672588825226","0.009777672588825226"
"42633","0.00788853783160448","0.00788853783160448","0.00788853783160448"
"42637","0.009547220543026924","0.009547220543026924","0.009547220543026924"
"42653","0.008596831932663918","0.008596831932663918","0.008596831932663918"
"42684","0.008823568001389503","0.008823568001389503","0.008823568001389503"
"42688","0.007596931420266628","0.007596931420266628","0.007596931420266628"
"42694","0.006880622357130051","0.006880622357130051","0.006880622357130051"
"42696","0.00994007010012865","0.00994007010012865","0.00994007010012865"
"42699","0.009199525229632854","0.009199525229632854","0.009199525229632854"
"42702","0.009269542060792446","0.009269542060792446","0.009269542060792446"
"42709","0.007233948912471533","0.007233948912471533","0.007233948912471533"
"42718","0.009597201831638813","0.009597201831638813","0.009597201831638813"
"42744","0.00948482658714056","0.00948482658714056","0.00948482658714056"
"42766","0.007631890941411257","0.007631890941411257","0.007631890941411257"
"42809","0.007384912576526403","0.007384912576526403","0.007384912576526403"
"42828","0.006477427668869495","0.006477427668869495","0.006477427668869495"
"42832","0.007646084297448397","0.007646084297448397","0.007646084297448397"
"42841","0.006720894016325474","0.006720894016325474","0.006720894016325474"
"42854","0.00624070642516017","0.00624070642516017","0.00624070642516017"
"42855","0.00806026067584753","0.00806026067584753","0.00806026067584753"
"42873","0.00890455674380064","0.00890455674380064","0.00890455674380064"
"42884","0.008396678604185581","0.008396678604185581","0.008396678604185581"
"42896","0.0071670617908239365","0.0071670617908239365","0.0071670617908239365"
"42901","0.008900920860469341","0.008900920860469341","0.008900920860469341"
"42907","0.009213832207024097","0.009213832207024097","0.009213832207024097"
"42910","0.008488026447594166","0.008488026447594166","0.008488026447594166"
"42940","0.010884408839046955","0.010884408839046955","0.010884408839046955"
"42942","0.010115964338183403","0.010115964338183403","0.010115964338183403"
"42952","0.009769103489816189","0.009769103489816189","0.009769103489816189"
"42968","0.006073653232306242","0.006073653232306242","0.006073653232306242"
"42969","0.009919583797454834","0.009919583797454834","0.009919583797454834"
"43003","0.010313759557902813","0.010313759557902813","0.010313759557902813"
"43031","0.006817071698606014","0.006817071698606014","0.006817071698606014"
"43051","0.0071873655542731285","0.0071873655542731285","0.0071873655542731285"
"43082","0.007744182366877794","0.007744182366877794","0.007744182366877794"
"43084","0.007275436073541641","0.007275436073541641","0.007275436073541641"
"43090","0.007913355715572834","0.007913355715572834","0.007913355715572834"
"43100","0.00534615246579051","0.00534615246579051","0.00534615246579051"
"43106","0.0073267994448542595","0.0073267994448542595","0.0073267994448542595"
"43128","0.008885703049600124","0.008885703049600124","0.008885703049600124"
"43147","0.006976029369980097","0.006976029369980097","0.006976029369980097"
"43178","0.009699358604848385","0.009699358604848385","0.009699358604848385"
"43201","0.010382460430264473","0.010382460430264473","0.010382460430264473"
"43204","0.009064186364412308","0.009064186364412308","0.009064186364412308"
"43213","0.008395924232900143","0.008395924232900143","0.008395924232900143"
"43218","0.008232055231928825","0.008232055231928825","0.008232055231928825"
"43223","0.009289108216762543","0.009289108216762543","0.009289108216762543"
"43241","0.007560239639133215","0.007560239639133215","0.007560239639133215"
"43246","0.010161143727600574","0.010161143727600574","0.010161143727600574"
"43259","0.00835686456412077","0.00835686456412077","0.00835686456412077"
"43264","0.006877383217215538","0.006877383217215538","0.006877383217215538"
"43273","0.007977875880897045","0.007977875880897045","0.007977875880897045"
"43274","0.00858113169670105","0.00858113169670105","0.00858113169670105"
"43302","0.007784676272422075","0.007784676272422075","0.007784676272422075"
"43308","0.009333002381026745","0.009333002381026745","0.009333002381026745"
"43321","0.010815403424203396","0.010815403424203396","0.010815403424203396"
"43365","0.009644550271332264","0.009644550271332264","0.009644550271332264"
"43366","0.010051433928310871","0.010051433928310871","0.010051433928310871"
"43372","0.009052248671650887","0.009052248671650887","0.009052248671650887"
"43381","0.007167549803853035","0.007167549803853035","0.007167549803853035"
"43385","0.006428894586861134","0.006428894586861134","0.006428894586861134"
"43402","0.008466223254799843","0.008466223254799843","0.008466223254799843"
"43435","0.010873350314795971","0.010873350314795971","0.010873350314795971"
"43450","0.011077549308538437","0.011077549308538437","0.011077549308538437"
"43452","0.008971150033175945","0.008971150033175945","0.008971150033175945"
"43459","0.011122461408376694","0.011122461408376694","0.011122461408376694"
"43465","0.009661166928708553","0.009661166928708553","0.009661166928708553"
"43469","0.008337246254086494","0.008337246254086494","0.008337246254086494"
"43481","0.008628726936876774","0.008628726936876774","0.008628726936876774"
"43486","0.008943851105868816","0.008943851105868816","0.008943851105868816"
"43493","0.008231629617512226","0.008231629617512226","0.008231629617512226"
"43495","0.008817417547106743","0.008817417547106743","0.008817417547106743"
"43515","0.009545937180519104","0.009545937180519104","0.009545937180519104"
"43517","0.0075539834797382355","0.0075539834797382355","0.0075539834797382355"
"43564","0.008134712465107441","0.008134712465107441","0.008134712465107441"
"43587","0.008584234863519669","0.008584234863519669","0.008584234863519669"
"43614","0.008737589232623577","0.008737589232623577","0.008737589232623577"
"43622","0.009448328986763954","0.009448328986763954","0.009448328986763954"
"43626","0.0057046907022595406","0.0057046907022595406","0.0057046907022595406"
"43652","0.01001584343612194","0.01001584343612194","0.01001584343612194"
"43654","0.005955982953310013","0.005955982953310013","0.005955982953310013"
"43671","0.009300362318754196","0.009300362318754196","0.009300362318754196"
"43682","0.00911751575767994","0.00911751575767994","0.00911751575767994"
"43688","0.010533181950449944","0.010533181950449944","0.010533181950449944"
"43697","0.0091556953266263","0.0091556953266263","0.0091556953266263"
"43705","0.009035220369696617","0.009035220369696617","0.009035220369696617"
"43707","0.0069224839098751545","0.0069224839098751545","0.0069224839098751545"
"43709","0.008479593321681023","0.008479593321681023","0.008479593321681023"
"43769","0.011043024249374866","0.011043024249374866","0.011043024249374866"
"43771","0.01162344217300415","0.01162344217300415","0.01162344217300415"
"43799","0.008849007077515125","0.008849007077515125","0.008849007077515125"
"43800","0.009580998681485653","0.009580998681485653","0.009580998681485653"
"43805","0.007995953783392906","0.007995953783392906","0.007995953783392906"
"43829","0.00905018299818039","0.00905018299818039","0.00905018299818039"
"43837","0.008585977368056774","0.008585977368056774","0.008585977368056774"
"43841","0.006809935439378023","0.006809935439378023","0.006809935439378023"
"43847","0.005891990382224321","0.005891990382224321","0.005891990382224321"
"43851","0.007960704155266285","0.007960704155266285","0.007960704155266285"
"43852","0.011440965346992016","0.011440965346992016","0.011440965346992016"
"43867","0.009192368946969509","0.009192368946969509","0.009192368946969509"
"43875","0.008900333195924759","0.008900333195924759","0.008900333195924759"
"43893","0.010644487105309963","0.010644487105309963","0.010644487105309963"
"43898","0.007663919124752283","0.007663919124752283","0.007663919124752283"
"43903","0.007834584452211857","0.007834584452211857","0.007834584452211857"
"43924","0.01045181229710579","0.01045181229710579","0.01045181229710579"
"43929","0.009038232266902924","0.009038232266902924","0.009038232266902924"
"43931","0.0060656932182610035","0.0060656932182610035","0.0060656932182610035"
"43933","0.006457174196839333","0.006457174196839333","0.006457174196839333"
"43947","0.009175343438982964","0.009175343438982964","0.009175343438982964"
"43969","0.009142499417066574","0.009142499417066574","0.009142499417066574"
"43979","0.009504623711109161","0.009504623711109161","0.009504623711109161"
"43985","0.008814974687993526","0.008814974687993526","0.008814974687993526"
"43994","0.008575805462896824","0.008575805462896824","0.008575805462896824"
"43995","0.0087284492328763","0.0087284492328763","0.0087284492328763"
"44008","0.009073490276932716","0.009073490276932716","0.009073490276932716"
"44009","0.007209364790469408","0.007209364790469408","0.007209364790469408"
"44018","0.008928881026804447","0.008928881026804447","0.008928881026804447"
"44028","0.008937466889619827","0.008937466889619827","0.008937466889619827"
"44037","0.010382297448813915","0.010382297448813915","0.010382297448813915"
"44040","0.012245038524270058","0.012245038524270058","0.012245038524270058"
"44051","0.0062141804955899715","0.0062141804955899715","0.0062141804955899715"
"44055","0.01119858305901289","0.01119858305901289","0.01119858305901289"
"44058","0.009944180026650429","0.009944180026650429","0.009944180026650429"
"44094","0.007169521879404783","0.007169521879404783","0.007169521879404783"
"44121","0.007522102445363998","0.007522102445363998","0.007522102445363998"
"44150","0.0083592738956213","0.0083592738956213","0.0083592738956213"
"44152","0.008584506809711456","0.008584506809711456","0.008584506809711456"
"44187","0.010350053198635578","0.010350053198635578","0.010350053198635578"
"44198","0.008706673048436642","0.008706673048436642","0.008706673048436642"
"44209","0.0074103958904743195","0.0074103958904743195","0.0074103958904743195"
"44223","0.009600251913070679","0.009600251913070679","0.009600251913070679"
"44227","0.009356907568871975","0.009356907568871975","0.009356907568871975"
"44235","0.009508765302598476","0.009508765302598476","0.009508765302598476"
"44255","0.007457273080945015","0.007457273080945015","0.007457273080945015"
"44269","0.008086146786808968","0.008086146786808968","0.008086146786808968"
"44271","0.008715608157217503","0.008715608157217503","0.008715608157217503"
"44273","0.010207206010818481","0.010207206010818481","0.010207206010818481"
"44274","0.009977905079722404","0.009977905079722404","0.009977905079722404"
"44275","0.010264183394610882","0.010264183394610882","0.010264183394610882"
"44290","0.00940698105841875","0.00940698105841875","0.00940698105841875"
"44291","0.00899427942931652","0.00899427942931652","0.00899427942931652"
"44295","0.008841642178595066","0.008841642178595066","0.008841642178595066"
"44305","0.007665945217013359","0.007665945217013359","0.007665945217013359"
"44321","0.008795620873570442","0.008795620873570442","0.008795620873570442"
"44324","0.0074257864616811275","0.0074257864616811275","0.0074257864616811275"
"44342","0.00873836874961853","0.00873836874961853","0.00873836874961853"
"44343","0.00975721050053835","0.00975721050053835","0.00975721050053835"
"44348","0.008901767432689667","0.008901767432689667","0.008901767432689667"
"44352","0.007323507219552994","0.007323507219552994","0.007323507219552994"
"44359","0.007741012144833803","0.007741012144833803","0.007741012144833803"
"44367","0.007343901786953211","0.007343901786953211","0.007343901786953211"
"44381","0.009835979901254177","0.009835979901254177","0.009835979901254177"
"44383","0.0090450095012784","0.0090450095012784","0.0090450095012784"
"44401","0.010855981148779392","0.010855981148779392","0.010855981148779392"
"44404","0.009202239103615284","0.009202239103615284","0.009202239103615284"
"44419","0.009362723678350449","0.009362723678350449","0.009362723678350449"
"44433","0.008965673856437206","0.008965673856437206","0.008965673856437206"
"44438","0.006810616236180067","0.006810616236180067","0.006810616236180067"
"44444","0.0066414629109203815","0.0066414629109203815","0.0066414629109203815"
"44456","0.007981996983289719","0.007981996983289719","0.007981996983289719"
"44474","0.007177035789936781","0.007177035789936781","0.007177035789936781"
"44475","0.008024903014302254","0.008024903014302254","0.008024903014302254"
"44484","0.007726362440735102","0.007726362440735102","0.007726362440735102"
"44489","0.0071034920401871204","0.0071034920401871204","0.0071034920401871204"
"44506","0.01199910044670105","0.01199910044670105","0.01199910044670105"
"44516","0.007982536219060421","0.007982536219060421","0.007982536219060421"
"44521","0.00902447011321783","0.00902447011321783","0.00902447011321783"
"44525","0.00972216296941042","0.00972216296941042","0.00972216296941042"
"44540","0.008811358362436295","0.008811358362436295","0.008811358362436295"
"44549","0.009212025441229343","0.009212025441229343","0.009212025441229343"
"44553","0.008978039026260376","0.008978039026260376","0.008978039026260376"
"44556","0.007867255248129368","0.007867255248129368","0.007867255248129368"
"44563","0.00979583989828825","0.00979583989828825","0.00979583989828825"
"44577","0.01047795731574297","0.01047795731574297","0.01047795731574297"
"44585","0.008538912981748581","0.008538912981748581","0.008538912981748581"
"44597","0.009340165182948112","0.009340165182948112","0.009340165182948112"
"44603","0.007561755366623402","0.007561755366623402","0.007561755366623402"
"44626","0.009010298177599907","0.009010298177599907","0.009010298177599907"
"44635","0.007192682940512896","0.007192682940512896","0.007192682940512896"
"44650","0.006885849870741367","0.006885849870741367","0.006885849870741367"
"44680","0.009639518335461617","0.009639518335461617","0.009639518335461617"
"44688","0.009171558544039726","0.009171558544039726","0.009171558544039726"
"44691","0.004672210663557053","0.004672210663557053","0.004672210663557053"
"44695","0.011351661756634712","0.011351661756634712","0.011351661756634712"
"44701","0.009867613203823566","0.009867613203823566","0.009867613203823566"
"44745","0.009304567240178585","0.009304567240178585","0.009304567240178585"
"44752","0.00984145700931549","0.00984145700931549","0.00984145700931549"
"44754","0.007068213541060686","0.007068213541060686","0.007068213541060686"
"44762","0.011794614605605602","0.011794614605605602","0.011794614605605602"
"44777","0.009775190614163876","0.009775190614163876","0.009775190614163876"
"44813","0.0069198524579405785","0.0069198524579405785","0.0069198524579405785"
"44817","0.007476859726011753","0.007476859726011753","0.007476859726011753"
"44827","0.010815721936523914","0.010815721936523914","0.010815721936523914"
"44839","0.006417667958885431","0.006417667958885431","0.006417667958885431"
"44841","0.008577324450016022","0.008577324450016022","0.008577324450016022"
"44847","0.00971970148384571","0.00971970148384571","0.00971970148384571"
"44865","0.008263124153017998","0.008263124153017998","0.008263124153017998"
"44889","0.007351946551352739","0.007351946551352739","0.007351946551352739"
"44913","0.008697113953530788","0.008697113953530788","0.008697113953530788"
"44921","0.008381941355764866","0.008381941355764866","0.008381941355764866"
"44934","0.008394082076847553","0.008394082076847553","0.008394082076847553"
"44942","0.006766868755221367","0.006766868755221367","0.006766868755221367"
"44952","0.006377502344548702","0.006377502344548702","0.006377502344548702"
"45011","0.008665282279253006","0.008665282279253006","0.008665282279253006"
"45012","0.01169497985392809","0.01169497985392809","0.01169497985392809"
"45026","0.008613426238298416","0.008613426238298416","0.008613426238298416"
"45027","0.011407624930143356","0.011407624930143356","0.011407624930143356"
"45032","0.007783223874866962","0.007783223874866962","0.007783223874866962"
"45035","0.00897523295134306","0.00897523295134306","0.00897523295134306"
"45037","0.009187132120132446","0.009187132120132446","0.009187132120132446"
"45042","0.009086831472814083","0.009086831472814083","0.009086831472814083"
"45047","0.008350729010999203","0.008350729010999203","0.008350729010999203"
"45051","0.009463335387408733","0.009463335387408733","0.009463335387408733"
"45093","0.006772311870008707","0.006772311870008707","0.006772311870008707"
"45129","0.008221438154578209","0.008221438154578209","0.008221438154578209"
"45131","0.009770601987838745","0.009770601987838745","0.009770601987838745"
"45141","0.006662590429186821","0.006662590429186821","0.006662590429186821"
"45148","0.009842529892921448","0.009842529892921448","0.009842529892921448"
"45152","0.008544991724193096","0.008544991724193096","0.008544991724193096"
"45159","0.007183882873505354","0.007183882873505354","0.007183882873505354"
"45180","0.008372953161597252","0.008372953161597252","0.008372953161597252"
"45182","0.009505354799330235","0.009505354799330235","0.009505354799330235"
"45183","0.009032316505908966","0.009032316505908966","0.009032316505908966"
"45190","0.007914944551885128","0.007914944551885128","0.007914944551885128"
"45193","0.007986187934875488","0.007986187934875488","0.007986187934875488"
"45213","0.009904137812554836","0.009904137812554836","0.009904137812554836"
"45224","0.00975171197205782","0.00975171197205782","0.00975171197205782"
"45240","0.00749567523598671","0.00749567523598671","0.00749567523598671"
"45246","0.007732178550213575","0.007732178550213575","0.007732178550213575"
"45253","0.008809654973447323","0.008809654973447323","0.008809654973447323"
"45293","0.008144470863044262","0.008144470863044262","0.008144470863044262"
"45298","0.008631700649857521","0.008631700649857521","0.008631700649857521"
"45305","0.009485808201134205","0.009485808201134205","0.009485808201134205"
"45310","0.01050219964236021","0.01050219964236021","0.01050219964236021"
"45314","0.009259541518986225","0.009259541518986225","0.009259541518986225"
"45328","0.00864461064338684","0.00864461064338684","0.00864461064338684"
"45347","0.007642585784196854","0.007642585784196854","0.007642585784196854"
"45362","0.008403034880757332","0.008403034880757332","0.008403034880757332"
"45364","0.009810702875256538","0.009810702875256538","0.009810702875256538"
"45372","0.008953360840678215","0.008953360840678215","0.008953360840678215"
"45374","0.009766585193574429","0.009766585193574429","0.009766585193574429"
"45387","0.007772278040647507","0.007772278040647507","0.007772278040647507"
"45393","0.008397211320698261","0.008397211320698261","0.008397211320698261"
"45394","0.011331208050251007","0.011331208050251007","0.011331208050251007"
"45403","0.010146725922822952","0.010146725922822952","0.010146725922822952"
"45413","0.008867542259395123","0.008867542259395123","0.008867542259395123"
"45434","0.009111103601753712","0.009111103601753712","0.009111103601753712"
"45448","0.007482077460736036","0.007482077460736036","0.007482077460736036"
"45458","0.009939432144165039","0.009939432144165039","0.009939432144165039"
"45475","0.007830009795725346","0.007830009795725346","0.007830009795725346"
"45478","0.011545401066541672","0.011545401066541672","0.011545401066541672"
"45482","0.009804928675293922","0.009804928675293922","0.009804928675293922"
"45502","0.01028499286621809","0.01028499286621809","0.01028499286621809"
"45503","0.00836731493473053","0.00836731493473053","0.00836731493473053"
"45516","0.007008883636444807","0.007008883636444807","0.007008883636444807"
"45520","0.010501059703528881","0.010501059703528881","0.010501059703528881"
"45530","0.010139857418835163","0.010139857418835163","0.010139857418835163"
"45532","0.010275510139763355","0.010275510139763355","0.010275510139763355"
"45550","0.005954960361123085","0.005954960361123085","0.005954960361123085"
"45551","0.008741850033402443","0.008741850033402443","0.008741850033402443"
"45553","0.00943610817193985","0.00943610817193985","0.00943610817193985"
"45555","0.009259073995053768","0.009259073995053768","0.009259073995053768"
"45574","0.00738269230350852","0.00738269230350852","0.00738269230350852"
"45575","0.008170542307198048","0.008170542307198048","0.008170542307198048"
"45584","0.0075392164289951324","0.0075392164289951324","0.0075392164289951324"
"45592","0.008467989042401314","0.008467989042401314","0.008467989042401314"
"45594","0.010270941071212292","0.010270941071212292","0.010270941071212292"
"45597","0.00861367117613554","0.00861367117613554","0.00861367117613554"
"45616","0.009172961115837097","0.009172961115837097","0.009172961115837097"
"45635","0.010724492371082306","0.010724492371082306","0.010724492371082306"
"45645","0.007811251096427441","0.007811251096427441","0.007811251096427441"
"45648","0.0085990559309721","0.0085990559309721","0.0085990559309721"
"45664","0.010065965354442596","0.010065965354442596","0.010065965354442596"
"45670","0.007568459492176771","0.007568459492176771","0.007568459492176771"
"45683","0.008821846917271614","0.008821846917271614","0.008821846917271614"
"45704","0.010475541464984417","0.010475541464984417","0.010475541464984417"
"45734","0.007677591405808926","0.007677591405808926","0.007677591405808926"
"45738","0.008516926318407059","0.008516926318407059","0.008516926318407059"
"45741","0.008459452539682388","0.008459452539682388","0.008459452539682388"
"45743","0.008395925164222717","0.008395925164222717","0.008395925164222717"
"45767","0.0082742590457201","0.0082742590457201","0.0082742590457201"
"45768","0.007284784223884344","0.007284784223884344","0.007284784223884344"
"45779","0.01032575685530901","0.01032575685530901","0.01032575685530901"
"45780","0.008505735546350479","0.008505735546350479","0.008505735546350479"
"45800","0.008330616168677807","0.008330616168677807","0.008330616168677807"
"45815","0.00873374193906784","0.00873374193906784","0.00873374193906784"
"45826","0.010597988031804562","0.010597988031804562","0.010597988031804562"
"45830","0.008897053077816963","0.008897053077816963","0.008897053077816963"
"45833","0.00864491704851389","0.00864491704851389","0.00864491704851389"
"45873","0.006232015322893858","0.006232015322893858","0.006232015322893858"
"45882","0.008941826410591602","0.008941826410591602","0.008941826410591602"
"45908","0.009725235402584076","0.009725235402584076","0.009725235402584076"
"45909","0.010231221094727516","0.010231221094727516","0.010231221094727516"
"45910","0.010529988445341587","0.010529988445341587","0.010529988445341587"
"45914","0.0072274599224328995","0.0072274599224328995","0.0072274599224328995"
"45915","0.00995128694921732","0.00995128694921732","0.00995128694921732"
"45932","0.010422462597489357","0.010422462597489357","0.010422462597489357"
"45935","0.006837388966232538","0.006837388966232538","0.006837388966232538"
"45943","0.010565194301307201","0.010565194301307201","0.010565194301307201"
"45951","0.009725237265229225","0.009725237265229225","0.009725237265229225"
"45954","0.01120495144277811","0.01120495144277811","0.01120495144277811"
"45962","0.009027162566781044","0.009027162566781044","0.009027162566781044"
"45984","0.006774561945348978","0.006774561945348978","0.006774561945348978"
"45987","0.009691559709608555","0.009691559709608555","0.009691559709608555"
"46001","0.009192196652293205","0.009192196652293205","0.009192196652293205"
"46004","0.009936003014445305","0.009936003014445305","0.009936003014445305"
"46022","0.01123608835041523","0.01123608835041523","0.01123608835041523"
"46032","0.012507162988185883","0.012507162988185883","0.012507162988185883"
"46047","0.007608120329678059","0.007608120329678059","0.007608120329678059"
"46051","0.010472451336681843","0.010472451336681843","0.010472451336681843"
"46060","0.009340967051684856","0.009340967051684856","0.009340967051684856"
"46066","0.01027571503072977","0.01027571503072977","0.01027571503072977"
"46087","0.007533580996096134","0.007533580996096134","0.007533580996096134"
"46092","0.009834825992584229","0.009834825992584229","0.009834825992584229"
"46099","0.008311017416417599","0.008311017416417599","0.008311017416417599"
"46113","0.00934236403554678","0.00934236403554678","0.00934236403554678"
"46118","0.010904371738433838","0.010904371738433838","0.010904371738433838"
"46130","0.007505884859710932","0.007505884859710932","0.007505884859710932"
"46132","0.008490155450999737","0.008490155450999737","0.008490155450999737"
"46133","0.009393281303346157","0.009393281303346157","0.009393281303346157"
"46145","0.008554252795875072","0.008554252795875072","0.008554252795875072"
"46154","0.009284627623856068","0.009284627623856068","0.009284627623856068"
"46175","0.010802504606544971","0.010802504606544971","0.010802504606544971"
"46184","0.01136307418346405","0.01136307418346405","0.01136307418346405"
"46188","0.010920988395810127","0.010920988395810127","0.010920988395810127"
"46201","0.00919246207922697","0.00919246207922697","0.00919246207922697"
"46208","0.008482463657855988","0.008482463657855988","0.008482463657855988"
"46216","0.0063943080604076385","0.0063943080604076385","0.0063943080604076385"
"46220","0.008324136957526207","0.008324136957526207","0.008324136957526207"
"46223","0.008096630685031414","0.008096630685031414","0.008096630685031414"
"46256","0.011520735919475555","0.011520735919475555","0.011520735919475555"
"46258","0.008865229785442352","0.008865229785442352","0.008865229785442352"
"46259","0.010243730619549751","0.010243730619549751","0.010243730619549751"
"46264","0.008568191900849342","0.008568191900849342","0.008568191900849342"
"46272","0.009138735942542553","0.009138735942542553","0.009138735942542553"
"46277","0.006288318894803524","0.006288318894803524","0.006288318894803524"
"46306","0.007987734861671925","0.007987734861671925","0.007987734861671925"
"46327","0.010106801986694336","0.010106801986694336","0.010106801986694336"
"46329","0.008679774589836597","0.008679774589836597","0.008679774589836597"
"46335","0.007738776039332151","0.007738776039332151","0.007738776039332151"
"46342","0.009217634797096252","0.009217634797096252","0.009217634797096252"
"46350","0.008928603492677212","0.008928603492677212","0.008928603492677212"
"46367","0.008771651424467564","0.008771651424467564","0.008771651424467564"
"46368","0.008322706446051598","0.008322706446051598","0.008322706446051598"
"46401","0.007718027103692293","0.007718027103692293","0.007718027103692293"
"46410","0.008228292688727379","0.008228292688727379","0.008228292688727379"
"46414","0.00937592051923275","0.00937592051923275","0.00937592051923275"
"46429","0.007620135322213173","0.007620135322213173","0.007620135322213173"
"46433","0.010886816307902336","0.010886816307902336","0.010886816307902336"
"46441","0.007607972249388695","0.007607972249388695","0.007607972249388695"
"46459","0.009860813617706299","0.009860813617706299","0.009860813617706299"
"46461","0.009976486675441265","0.009976486675441265","0.009976486675441265"
"46501","0.006331906653940678","0.006331906653940678","0.006331906653940678"
"46514","0.006540697067975998","0.006540697067975998","0.006540697067975998"
"46519","0.010282489471137524","0.010282489471137524","0.010282489471137524"
"46525","0.009963887743651867","0.009963887743651867","0.009963887743651867"
"46536","0.007868300192058086","0.007868300192058086","0.007868300192058086"
"46555","0.008948374539613724","0.008948374539613724","0.008948374539613724"
"46565","0.00820517260581255","0.00820517260581255","0.00820517260581255"
"46567","0.00803488027304411","0.00803488027304411","0.00803488027304411"
"46568","0.00908275693655014","0.00908275693655014","0.00908275693655014"
"46586","0.008051784709095955","0.008051784709095955","0.008051784709095955"
"46605","0.007968120276927948","0.007968120276927948","0.007968120276927948"
"46618","0.008379342965781689","0.008379342965781689","0.008379342965781689"
"46630","0.00794319249689579","0.00794319249689579","0.00794319249689579"
"46635","0.009586283937096596","0.009586283937096596","0.009586283937096596"
"46656","0.010571924969553947","0.010571924969553947","0.010571924969553947"
"46658","0.010892482474446297","0.010892482474446297","0.010892482474446297"
"46664","0.011005326174199581","0.011005326174199581","0.011005326174199581"
"46694","0.0064186532981693745","0.0064186532981693745","0.0064186532981693745"
"46705","0.009081244468688965","0.009081244468688965","0.009081244468688965"
"46718","0.0052426839247345924","0.0052426839247345924","0.0052426839247345924"
"46758","0.007226153276860714","0.007226153276860714","0.007226153276860714"
"46766","0.008538209833204746","0.008538209833204746","0.008538209833204746"
"46773","0.00878520030528307","0.00878520030528307","0.00878520030528307"
"46776","0.00799885205924511","0.00799885205924511","0.00799885205924511"
"46799","0.007596984971314669","0.007596984971314669","0.007596984971314669"
"46826","0.005468891467899084","0.005468891467899084","0.005468891467899084"
"46827","0.00887291319668293","0.00887291319668293","0.00887291319668293"
"46830","0.008054737001657486","0.008054737001657486","0.008054737001657486"
"46839","0.007174294907599688","0.007174294907599688","0.007174294907599688"
"46852","0.00621240446344018","0.00621240446344018","0.00621240446344018"
"46869","0.008620254695415497","0.008620254695415497","0.008620254695415497"
"46888","0.0068101356737315655","0.0068101356737315655","0.0068101356737315655"
"46897","0.008777663111686707","0.008777663111686707","0.008777663111686707"
"46911","0.00833387952297926","0.00833387952297926","0.00833387952297926"
"46914","0.007677161134779453","0.007677161134779453","0.007677161134779453"
"46921","0.009421423077583313","0.009421423077583313","0.009421423077583313"
"46923","0.00919294636696577","0.00919294636696577","0.00919294636696577"
"46927","0.01009607594460249","0.01009607594460249","0.01009607594460249"
"46928","0.011893438175320625","0.011893438175320625","0.011893438175320625"
"46942","0.008175908587872982","0.008175908587872982","0.008175908587872982"
"46943","0.007852423004806042","0.007852423004806042","0.007852423004806042"
"46947","0.01014093030244112","0.01014093030244112","0.01014093030244112"
"46959","0.00791837740689516","0.00791837740689516","0.00791837740689516"
"46980","0.009176279418170452","0.009176279418170452","0.009176279418170452"
"46987","0.009635957889258862","0.009635957889258862","0.009635957889258862"
"46999","0.010934478603303432","0.010934478603303432","0.010934478603303432"
"47002","0.012493674643337727","0.012493674643337727","0.012493674643337727"
"47024","0.01041334867477417","0.01041334867477417","0.01041334867477417"
"47034","0.009357882663607597","0.009357882663607597","0.009357882663607597"
"47035","0.008481994271278381","0.008481994271278381","0.008481994271278381"
"47056","0.010698122903704643","0.010698122903704643","0.010698122903704643"
"47064","0.00967949628829956","0.00967949628829956","0.00967949628829956"
"47070","0.009721238166093826","0.009721238166093826","0.009721238166093826"
"47082","0.007633131463080645","0.007633131463080645","0.007633131463080645"
"47086","0.008425425738096237","0.008425425738096237","0.008425425738096237"
"47110","0.007468793075531721","0.007468793075531721","0.007468793075531721"
"47122","0.008901424705982208","0.008901424705982208","0.008901424705982208"
"47137","0.010391647927463055","0.010391647927463055","0.010391647927463055"
"47153","0.007650434505194426","0.007650434505194426","0.007650434505194426"
"47161","0.010590930469334126","0.010590930469334126","0.010590930469334126"
"47174","0.007359540089964867","0.007359540089964867","0.007359540089964867"
"47199","0.010088721290230751","0.010088721290230751","0.010088721290230751"
"47210","0.00791897438466549","0.00791897438466549","0.00791897438466549"
"47222","0.00844189990311861","0.00844189990311861","0.00844189990311861"
"47241","0.008167464286088943","0.008167464286088943","0.008167464286088943"
"47248","0.008113926276564598","0.008113926276564598","0.008113926276564598"
"47251","0.008872196078300476","0.008872196078300476","0.008872196078300476"
"47263","0.008138026110827923","0.008138026110827923","0.008138026110827923"
"47275","0.008400322869420052","0.008400322869420052","0.008400322869420052"
"47287","0.009808381088078022","0.009808381088078022","0.009808381088078022"
"47302","0.00870051421225071","0.00870051421225071","0.00870051421225071"
"47307","0.009979048743844032","0.009979048743844032","0.009979048743844032"
"47308","0.009179802611470222","0.009179802611470222","0.009179802611470222"
"47315","0.00915574375540018","0.00915574375540018","0.00915574375540018"
"47334","0.00804714672267437","0.00804714672267437","0.00804714672267437"
"47344","0.007869334891438484","0.007869334891438484","0.007869334891438484"
"47347","0.010298005305230618","0.010298005305230618","0.010298005305230618"
"47354","0.008692029863595963","0.008692029863595963","0.008692029863595963"
"47365","0.0089339604601264","0.0089339604601264","0.0089339604601264"
"47366","0.007776488550007343","0.007776488550007343","0.007776488550007343"
"47368","0.007262662518769503","0.007262662518769503","0.007262662518769503"
"47380","0.00842668954282999","0.00842668954282999","0.00842668954282999"
"47386","0.0077280704863369465","0.0077280704863369465","0.0077280704863369465"
"47393","0.007854903116822243","0.007854903116822243","0.007854903116822243"
"47403","0.008054428733885288","0.008054428733885288","0.008054428733885288"
"47408","0.008602929301559925","0.008602929301559925","0.008602929301559925"
"47435","0.007770557422190905","0.007770557422190905","0.007770557422190905"
"47437","0.010405455715954304","0.010405455715954304","0.010405455715954304"
"47442","0.008420147001743317","0.008420147001743317","0.008420147001743317"
"47447","0.009514478966593742","0.009514478966593742","0.009514478966593742"
"47461","0.010803686454892159","0.010803686454892159","0.010803686454892159"
"47466","0.009559942409396172","0.009559942409396172","0.009559942409396172"
"47479","0.005793231073766947","0.005793231073766947","0.005793231073766947"
"47485","0.007993074133992195","0.007993074133992195","0.007993074133992195"
"47497","0.010619542561471462","0.010619542561471462","0.010619542561471462"
"47500","0.008740836754441261","0.008740836754441261","0.008740836754441261"
"47512","0.007649489678442478","0.007649489678442478","0.007649489678442478"
"47515","0.008464539423584938","0.008464539423584938","0.008464539423584938"
"47524","0.008976200595498085","0.008976200595498085","0.008976200595498085"
"47541","0.011351242661476135","0.011351242661476135","0.011351242661476135"
"47544","0.008758703246712685","0.008758703246712685","0.008758703246712685"
"47573","0.009492317214608192","0.009492317214608192","0.009492317214608192"
"47580","0.006970573216676712","0.006970573216676712","0.006970573216676712"
"47593","0.009128828532993793","0.009128828532993793","0.009128828532993793"
"47600","0.010220476426184177","0.010220476426184177","0.010220476426184177"
"47604","0.0100480942055583","0.0100480942055583","0.0100480942055583"
"47610","0.008360604755580425","0.008360604755580425","0.008360604755580425"
"47616","0.00999369379132986","0.00999369379132986","0.00999369379132986"
"47642","0.008524921722710133","0.008524921722710133","0.008524921722710133"
"47647","0.00775455217808485","0.00775455217808485","0.00775455217808485"
"47658","0.009937318973243237","0.009937318973243237","0.009937318973243237"
"47661","0.006322512403130531","0.006322512403130531","0.006322512403130531"
"47668","0.008021620102226734","0.008021620102226734","0.008021620102226734"
"47674","0.005865553393959999","0.005865553393959999","0.005865553393959999"
"47675","0.007194154895842075","0.007194154895842075","0.007194154895842075"
"47677","0.006220884155482054","0.006220884155482054","0.006220884155482054"
"47679","0.0070275249890983105","0.0070275249890983105","0.0070275249890983105"
"47693","0.00681098410859704","0.00681098410859704","0.00681098410859704"
"47695","0.006546309217810631","0.006546309217810631","0.006546309217810631"
"47705","0.009753592312335968","0.009753592312335968","0.009753592312335968"
"47711","0.007945356890559196","0.007945356890559196","0.007945356890559196"
"47718","0.007100650109350681","0.007100650109350681","0.007100650109350681"
"47722","0.007684214040637016","0.007684214040637016","0.007684214040637016"
"47723","0.01031686645001173","0.01031686645001173","0.01031686645001173"
"47743","0.009906802326440811","0.009906802326440811","0.009906802326440811"
"47749","0.006801136769354343","0.006801136769354343","0.006801136769354343"
"47750","0.008583605289459229","0.008583605289459229","0.008583605289459229"
"47764","0.008420757949352264","0.008420757949352264","0.008420757949352264"
"47765","0.007476404774934053","0.007476404774934053","0.007476404774934053"
"47773","0.00812123529613018","0.00812123529613018","0.00812123529613018"
"47802","0.010606267489492893","0.010606267489492893","0.010606267489492893"
"47807","0.008399945683777332","0.008399945683777332","0.008399945683777332"
"47841","0.009314008988440037","0.009314008988440037","0.009314008988440037"
"47845","0.0078073469921946526","0.0078073469921946526","0.0078073469921946526"
"47847","0.010176587849855423","0.010176587849855423","0.010176587849855423"
"47885","0.011588075198233128","0.011588075198233128","0.011588075198233128"
"47905","0.008340716361999512","0.008340716361999512","0.008340716361999512"
"47910","0.008838840760290623","0.008838840760290623","0.008838840760290623"
"47931","0.01029263250529766","0.01029263250529766","0.01029263250529766"
"47932","0.008949789218604565","0.008949789218604565","0.008949789218604565"
"47933","0.007798782084137201","0.007798782084137201","0.007798782084137201"
"47934","0.007649849634617567","0.007649849634617567","0.007649849634617567"
"47937","0.01083638146519661","0.01083638146519661","0.01083638146519661"
"47960","0.007860606536269188","0.007860606536269188","0.007860606536269188"
"47977","0.007837840355932713","0.007837840355932713","0.007837840355932713"
"48014","0.008547864854335785","0.008547864854335785","0.008547864854335785"
"48023","0.010025166906416416","0.010025166906416416","0.010025166906416416"
"48028","0.008215782232582569","0.008215782232582569","0.008215782232582569"
"48031","0.008464698679745197","0.008464698679745197","0.008464698679745197"
"48033","0.007684127893298864","0.007684127893298864","0.007684127893298864"
"48046","0.009266152046620846","0.009266152046620846","0.009266152046620846"
"48058","0.008838193491101265","0.008838193491101265","0.008838193491101265"
"48085","0.008248596452176571","0.008248596452176571","0.008248596452176571"
"48086","0.008838202804327011","0.008838202804327011","0.008838202804327011"
"48088","0.007590750232338905","0.007590750232338905","0.007590750232338905"
"48095","0.010343958623707294","0.010343958623707294","0.010343958623707294"
"48108","0.011420127935707569","0.011420127935707569","0.011420127935707569"
"48111","0.010989024303853512","0.010989024303853512","0.010989024303853512"
"48120","0.008531579747796059","0.008531579747796059","0.008531579747796059"
"48125","0.01037594210356474","0.01037594210356474","0.01037594210356474"
"48126","0.00986562855541706","0.00986562855541706","0.00986562855541706"
"48127","0.00981123000383377","0.00981123000383377","0.00981123000383377"
"48131","0.009137772023677826","0.009137772023677826","0.009137772023677826"
"48137","0.009547297842800617","0.009547297842800617","0.009547297842800617"
"48140","0.00850380677729845","0.00850380677729845","0.00850380677729845"
"48143","0.007371804211288691","0.007371804211288691","0.007371804211288691"
"48144","0.00825071893632412","0.00825071893632412","0.00825071893632412"
"48145","0.009154289029538631","0.009154289029538631","0.009154289029538631"
"48157","0.009611852467060089","0.009611852467060089","0.009611852467060089"
"48167","0.007704991847276688","0.007704991847276688","0.007704991847276688"
"48168","0.009092136286199093","0.009092136286199093","0.009092136286199093"
"48174","0.009225870482623577","0.009225870482623577","0.009225870482623577"
"48181","0.00780107919126749","0.00780107919126749","0.00780107919126749"
"48194","0.010948403738439083","0.010948403738439083","0.010948403738439083"
"48195","0.007889720611274242","0.007889720611274242","0.007889720611274242"
"48207","0.00909810233861208","0.00909810233861208","0.00909810233861208"
"48264","0.007568924222141504","0.007568924222141504","0.007568924222141504"
"48267","0.006305052433162928","0.006305052433162928","0.006305052433162928"
"48269","0.009414452128112316","0.009414452128112316","0.009414452128112316"
"48290","0.009691162966191769","0.009691162966191769","0.009691162966191769"
"48295","0.00861186720430851","0.00861186720430851","0.00861186720430851"
"48309","0.010128466412425041","0.010128466412425041","0.010128466412425041"
"48312","0.0074853659607470036","0.0074853659607470036","0.0074853659607470036"
"48321","0.007253038696944714","0.007253038696944714","0.007253038696944714"
"48327","0.006252223625779152","0.006252223625779152","0.006252223625779152"
"48347","0.01053921040147543","0.01053921040147543","0.01053921040147543"
"48355","0.0085007818415761","0.0085007818415761","0.0085007818415761"
"48359","0.009727352298796177","0.009727352298796177","0.009727352298796177"
"48361","0.009366989135742188","0.009366989135742188","0.009366989135742188"
"48370","0.005432412028312683","0.005432412028312683","0.005432412028312683"
"48386","0.011921344324946404","0.011921344324946404","0.011921344324946404"
"48403","0.00992467813193798","0.00992467813193798","0.00992467813193798"
"48408","0.008733038790524006","0.008733038790524006","0.008733038790524006"
"48410","0.007421749643981457","0.007421749643981457","0.007421749643981457"
"48417","0.008550548925995827","0.008550548925995827","0.008550548925995827"
"48433","0.006806262768805027","0.006806262768805027","0.006806262768805027"
"48435","0.008821813389658928","0.008821813389658928","0.008821813389658928"
"48438","0.009352095425128937","0.009352095425128937","0.009352095425128937"
"48453","0.008068111725151539","0.008068111725151539","0.008068111725151539"
"48469","0.009855407290160656","0.009855407290160656","0.009855407290160656"
"48472","0.007355515845119953","0.007355515845119953","0.007355515845119953"
"48476","0.006319267675280571","0.006319267675280571","0.006319267675280571"
"48491","0.007249108981341124","0.007249108981341124","0.007249108981341124"
"48495","0.008233478292822838","0.008233478292822838","0.008233478292822838"
"48497","0.007335560396313667","0.007335560396313667","0.007335560396313667"
"48509","0.008162704296410084","0.008162704296410084","0.008162704296410084"
"48515","0.010542241856455803","0.010542241856455803","0.010542241856455803"
"48528","0.011073360219597816","0.011073360219597816","0.011073360219597816"
"48533","0.008063605055212975","0.008063605055212975","0.008063605055212975"
"48539","0.0064171855337917805","0.0064171855337917805","0.0064171855337917805"
"48553","0.007628625724464655","0.007628625724464655","0.007628625724464655"
"48564","0.008432920090854168","0.008432920090854168","0.008432920090854168"
"48571","0.009046385064721107","0.009046385064721107","0.009046385064721107"
"48577","0.007914396934211254","0.007914396934211254","0.007914396934211254"
"48578","0.00901899766176939","0.00901899766176939","0.00901899766176939"
"48581","0.009315422736108303","0.009315422736108303","0.009315422736108303"
"48599","0.008398258127272129","0.008398258127272129","0.008398258127272129"
"48603","0.007509722374379635","0.007509722374379635","0.007509722374379635"
"48604","0.011568145826458931","0.011568145826458931","0.011568145826458931"
"48610","0.008752799592912197","0.008752799592912197","0.008752799592912197"
"48613","0.008429566398262978","0.008429566398262978","0.008429566398262978"
"48646","0.009380429983139038","0.009380429983139038","0.009380429983139038"
"48650","0.010096094571053982","0.010096094571053982","0.010096094571053982"
"48673","0.011260359548032284","0.011260359548032284","0.011260359548032284"
"48678","0.009505917318165302","0.009505917318165302","0.009505917318165302"
"48686","0.008579019457101822","0.008579019457101822","0.008579019457101822"
"48702","0.008303125388920307","0.008303125388920307","0.008303125388920307"
"48710","0.010523810051381588","0.010523810051381588","0.010523810051381588"
"48715","0.009193009696900845","0.009193009696900845","0.009193009696900845"
"48724","0.008386394008994102","0.008386394008994102","0.008386394008994102"
"48731","0.008761824108660221","0.008761824108660221","0.008761824108660221"
"48733","0.008156376890838146","0.008156376890838146","0.008156376890838146"
"48734","0.008236750960350037","0.008236750960350037","0.008236750960350037"
"48745","0.01047978550195694","0.01047978550195694","0.01047978550195694"
"48777","0.010739419609308243","0.010739419609308243","0.010739419609308243"
"48780","0.009275593794882298","0.009275593794882298","0.009275593794882298"
"48794","0.010860673151910305","0.010860673151910305","0.010860673151910305"
"48798","0.00675947405397892","0.00675947405397892","0.00675947405397892"
"48834","0.008247986435890198","0.008247986435890198","0.008247986435890198"
"48839","0.009140041656792164","0.009140041656792164","0.009140041656792164"
"48863","0.006169671658426523","0.006169671658426523","0.006169671658426523"
"48868","0.008695091120898724","0.008695091120898724","0.008695091120898724"
"48871","0.011572827585041523","0.011572827585041523","0.011572827585041523"
"48878","0.01193966343998909","0.01193966343998909","0.01193966343998909"
"48882","0.007916594855487347","0.007916594855487347","0.007916594855487347"
"48890","0.0069147031754255295","0.0069147031754255295","0.0069147031754255295"
"48893","0.007442051079124212","0.007442051079124212","0.007442051079124212"
"48901","0.007796553894877434","0.007796553894877434","0.007796553894877434"
"48909","0.00921910535544157","0.00921910535544157","0.00921910535544157"
"48912","0.006740188226103783","0.006740188226103783","0.006740188226103783"
"48921","0.009430767968297005","0.009430767968297005","0.009430767968297005"
"48947","0.007284130435436964","0.007284130435436964","0.007284130435436964"
"48954","0.011643994599580765","0.011643994599580765","0.011643994599580765"
"48962","0.008269022218883038","0.008269022218883038","0.008269022218883038"
"48968","0.01024957001209259","0.01024957001209259","0.01024957001209259"
"48970","0.010282090865075588","0.010282090865075588","0.010282090865075588"
"48973","0.00804140605032444","0.00804140605032444","0.00804140605032444"
"48983","0.006774808745831251","0.006774808745831251","0.006774808745831251"
"48996","0.009365198202431202","0.009365198202431202","0.009365198202431202"
"49024","0.00935045350342989","0.00935045350342989","0.00935045350342989"
"49037","0.00794297270476818","0.00794297270476818","0.00794297270476818"
"49047","0.008604113943874836","0.008604113943874836","0.008604113943874836"
"49049","0.009660331532359123","0.009660331532359123","0.009660331532359123"
"49057","0.008239400573074818","0.008239400573074818","0.008239400573074818"
"49080","0.008096213452517986","0.008096213452517986","0.008096213452517986"
"49082","0.008693802170455456","0.008693802170455456","0.008693802170455456"
"49101","0.011486870236694813","0.011486870236694813","0.011486870236694813"
"49113","0.008260726928710938","0.008260726928710938","0.008260726928710938"
"49123","0.008963274769484997","0.008963274769484997","0.008963274769484997"
"49133","0.00717678340151906","0.00717678340151906","0.00717678340151906"
"49136","0.007635671645402908","0.007635671645402908","0.007635671645402908"
"49140","0.012331190519034863","0.012331190519034863","0.012331190519034863"
"49141","0.010338359512388706","0.010338359512388706","0.010338359512388706"
"49155","0.006247411947697401","0.006247411947697401","0.006247411947697401"
"49179","0.006910101510584354","0.006910101510584354","0.006910101510584354"
"49180","0.009014631621539593","0.009014631621539593","0.009014631621539593"
"49183","0.01068125106394291","0.01068125106394291","0.01068125106394291"
"49185","0.007688004057854414","0.007688004057854414","0.007688004057854414"
"49191","0.006905485410243273","0.006905485410243273","0.006905485410243273"
"49212","0.007730843499302864","0.007730843499302864","0.007730843499302864"
"49213","0.008563410490751266","0.008563410490751266","0.008563410490751266"
"49223","0.006637920625507832","0.006637920625507832","0.006637920625507832"
"49237","0.007596523966640234","0.007596523966640234","0.007596523966640234"
"49246","0.008305455558001995","0.008305455558001995","0.008305455558001995"
"49261","0.008798949420452118","0.008798949420452118","0.008798949420452118"
"49266","0.006707584951072931","0.006707584951072931","0.006707584951072931"
"49269","0.006838167551904917","0.006838167551904917","0.006838167551904917"
"49277","0.00797166395932436","0.00797166395932436","0.00797166395932436"
"49280","0.008027100935578346","0.008027100935578346","0.008027100935578346"
"49293","0.00956160668283701","0.00956160668283701","0.00956160668283701"
"49304","0.008160465396940708","0.008160465396940708","0.008160465396940708"
"49315","0.008652942255139351","0.008652942255139351","0.008652942255139351"
"49319","0.009980141185224056","0.009980141185224056","0.009980141185224056"
"49324","0.010245195589959621","0.010245195589959621","0.010245195589959621"
"49343","0.006972972769290209","0.006972972769290209","0.006972972769290209"
"49375","0.00781088974326849","0.00781088974326849","0.00781088974326849"
"49388","0.007622114382684231","0.007622114382684231","0.007622114382684231"
"49407","0.00740390457212925","0.00740390457212925","0.00740390457212925"
"49412","0.008877177722752094","0.008877177722752094","0.008877177722752094"
"49416","0.006880316883325577","0.006880316883325577","0.006880316883325577"
"49420","0.007540230639278889","0.007540230639278889","0.007540230639278889"
"49422","0.009053952060639858","0.009053952060639858","0.009053952060639858"
"49441","0.008275997824966908","0.008275997824966908","0.008275997824966908"
"49449","0.008377080783247948","0.008377080783247948","0.008377080783247948"
"49453","0.00842159055173397","0.00842159055173397","0.00842159055173397"
"49465","0.008386611007153988","0.008386611007153988","0.008386611007153988"
"49485","0.006085203494876623","0.006085203494876623","0.006085203494876623"
"49495","0.007731898687779903","0.007731898687779903","0.007731898687779903"
"49504","0.007892999798059464","0.007892999798059464","0.007892999798059464"
"49515","0.009480071254074574","0.009480071254074574","0.009480071254074574"
"49521","0.009615360759198666","0.009615360759198666","0.009615360759198666"
"49538","0.01233807485550642","0.01233807485550642","0.01233807485550642"
"49553","0.008471178822219372","0.008471178822219372","0.008471178822219372"
"49555","0.010575585998594761","0.010575585998594761","0.010575585998594761"
"49561","0.007258501835167408","0.007258501835167408","0.007258501835167408"
"49566","0.010999283753335476","0.010999283753335476","0.010999283753335476"
"49578","0.00797757226973772","0.00797757226973772","0.00797757226973772"
"49588","0.00784701481461525","0.00784701481461525","0.00784701481461525"
"49591","0.00855143740773201","0.00855143740773201","0.00855143740773201"
"49630","0.009946674108505249","0.009946674108505249","0.009946674108505249"
"49635","0.0074971322901546955","0.0074971322901546955","0.0074971322901546955"
"49640","0.010482294484972954","0.010482294484972954","0.010482294484972954"
"49647","0.00916972290724516","0.00916972290724516","0.00916972290724516"
"49650","0.011048534885048866","0.011048534885048866","0.011048534885048866"
"49660","0.009261050261557102","0.009261050261557102","0.009261050261557102"
"49670","0.008645662106573582","0.008645662106573582","0.008645662106573582"
"49675","0.006286927033215761","0.006286927033215761","0.006286927033215761"
"49680","0.010777998715639114","0.010777998715639114","0.010777998715639114"
"49693","0.008785183541476727","0.008785183541476727","0.008785183541476727"
"49698","0.008676828816533089","0.008676828816533089","0.008676828816533089"
"49705","0.00782787799835205","0.00782787799835205","0.00782787799835205"
"49708","0.0071510812267661095","0.0071510812267661095","0.0071510812267661095"
"49732","0.010319105349481106","0.010319105349481106","0.010319105349481106"
"49746","0.0072609419003129005","0.0072609419003129005","0.0072609419003129005"
"49747","0.00873898807913065","0.00873898807913065","0.00873898807913065"
"49760","0.008061947301030159","0.008061947301030159","0.008061947301030159"
"49761","0.00966652575880289","0.00966652575880289","0.00966652575880289"
"49775","0.007248039823025465","0.007248039823025465","0.007248039823025465"
"49776","0.01053678710013628","0.01053678710013628","0.01053678710013628"
"49780","0.006981097627431154","0.006981097627431154","0.006981097627431154"
"49809","0.00810407754033804","0.00810407754033804","0.00810407754033804"
"49814","0.007280013989657164","0.007280013989657164","0.007280013989657164"
"49817","0.007333874236792326","0.007333874236792326","0.007333874236792326"
"49827","0.008501947857439518","0.008501947857439518","0.008501947857439518"
"49829","0.008177874609827995","0.008177874609827995","0.008177874609827995"
"49837","0.008880416862666607","0.008880416862666607","0.008880416862666607"
"49843","0.008050559088587761","0.008050559088587761","0.008050559088587761"
"49869","0.010380280204117298","0.010380280204117298","0.010380280204117298"
"49879","0.00666609313338995","0.00666609313338995","0.00666609313338995"
"49880","0.007234400138258934","0.007234400138258934","0.007234400138258934"
"49900","0.007820277474820614","0.007820277474820614","0.007820277474820614"
"49907","0.007666171994060278","0.007666171994060278","0.007666171994060278"
"49916","0.006679302081465721","0.006679302081465721","0.006679302081465721"
"49947","0.008594309911131859","0.008594309911131859","0.008594309911131859"
"49963","0.008413853123784065","0.008413853123784065","0.008413853123784065"
"49966","0.0074479165486991405","0.0074479165486991405","0.0074479165486991405"
"49975","0.007136448286473751","0.007136448286473751","0.007136448286473751"
"49978","0.007288580760359764","0.007288580760359764","0.007288580760359764"
"49983","0.008105534128844738","0.008105534128844738","0.008105534128844738"
"49991","0.007494778838008642","0.007494778838008642","0.007494778838008642"
"49998","0.008402000181376934","0.008402000181376934","0.008402000181376934"
"50004","0.00915013998746872","0.00915013998746872","0.00915013998746872"
"50007","0.005943312309682369","0.005943312309682369","0.005943312309682369"
"50012","0.008768759667873383","0.008768759667873383","0.008768759667873383"
"50016","0.007027913816273212","0.007027913816273212","0.007027913816273212"
"50026","0.00875596422702074","0.00875596422702074","0.00875596422702074"
"50032","0.007108685094863176","0.007108685094863176","0.007108685094863176"
"50041","0.008067491464316845","0.008067491464316845","0.008067491464316845"
"50043","0.010506825521588326","0.010506825521588326","0.010506825521588326"
"50057","0.00911925733089447","0.00911925733089447","0.00911925733089447"
"50070","0.009737932123243809","0.009737932123243809","0.009737932123243809"
"50076","0.007836329750716686","0.007836329750716686","0.007836329750716686"
"50079","0.010413114912807941","0.010413114912807941","0.010413114912807941"
"50082","0.008161483332514763","0.008161483332514763","0.008161483332514763"
"50087","0.009745791554450989","0.009745791554450989","0.009745791554450989"
"50098","0.011272558942437172","0.011272558942437172","0.011272558942437172"
"50099","0.008427892811596394","0.008427892811596394","0.008427892811596394"
"50131","0.009019286371767521","0.009019286371767521","0.009019286371767521"
"50135","0.010047071613371372","0.010047071613371372","0.010047071613371372"
"50148","0.010184728540480137","0.010184728540480137","0.010184728540480137"
"50157","0.009133168496191502","0.009133168496191502","0.009133168496191502"
"50175","0.005131639074534178","0.005131639074534178","0.005131639074534178"
"50180","0.00932381022721529","0.00932381022721529","0.00932381022721529"
"50182","0.009405406191945076","0.009405406191945076","0.009405406191945076"
"50194","0.007751007564365864","0.007751007564365864","0.007751007564365864"
"50195","0.009214069694280624","0.009214069694280624","0.009214069694280624"
"50198","0.008850278332829475","0.008850278332829475","0.008850278332829475"
"50211","0.008325228467583656","0.008325228467583656","0.008325228467583656"
"50213","0.008419127203524113","0.008419127203524113","0.008419127203524113"
"50215","0.007580318488180637","0.007580318488180637","0.007580318488180637"
"50217","0.00847817212343216","0.00847817212343216","0.00847817212343216"
"50229","0.005554841365665197","0.005554841365665197","0.005554841365665197"
"50236","0.008973185904324055","0.008973185904324055","0.008973185904324055"
"50238","0.007096539717167616","0.007096539717167616","0.007096539717167616"
"50241","0.009434141218662262","0.009434141218662262","0.009434141218662262"
"50242","0.008014453575015068","0.008014453575015068","0.008014453575015068"
"50251","0.008073014207184315","0.008073014207184315","0.008073014207184315"
"50254","0.00943498220294714","0.00943498220294714","0.00943498220294714"
"50259","0.00786390621215105","0.00786390621215105","0.00786390621215105"
"50260","0.009130303747951984","0.009130303747951984","0.009130303747951984"
"50265","0.005779203027486801","0.005779203027486801","0.005779203027486801"
"50266","0.009903437457978725","0.009903437457978725","0.009903437457978725"
"50278","0.008306755684316158","0.008306755684316158","0.008306755684316158"
"50298","0.008666959591209888","0.008666959591209888","0.008666959591209888"
"50320","0.009578313678503036","0.009578313678503036","0.009578313678503036"
"50354","0.00891523715108633","0.00891523715108633","0.00891523715108633"
"50357","0.009015269577503204","0.009015269577503204","0.009015269577503204"
"50361","0.007463183719664812","0.007463183719664812","0.007463183719664812"
"50375","0.006495478097349405","0.006495478097349405","0.006495478097349405"
"50380","0.006557269487529993","0.006557269487529993","0.006557269487529993"
"50382","0.009743178263306618","0.009743178263306618","0.009743178263306618"
"50397","0.009764342568814754","0.009764342568814754","0.009764342568814754"
"50398","0.010713223367929459","0.010713223367929459","0.010713223367929459"
"50407","0.01024898886680603","0.01024898886680603","0.01024898886680603"
"50416","0.008856149390339851","0.008856149390339851","0.008856149390339851"
"50425","0.009018129669129848","0.009018129669129848","0.009018129669129848"
"50449","0.006943805608898401","0.006943805608898401","0.006943805608898401"
"50459","0.008755117654800415","0.008755117654800415","0.008755117654800415"
"50500","0.008448617532849312","0.008448617532849312","0.008448617532849312"
"50545","0.0072753592394292355","0.0072753592394292355","0.0072753592394292355"
"50548","0.008961260318756104","0.008961260318756104","0.008961260318756104"
"50552","0.0077223265543580055","0.0077223265543580055","0.0077223265543580055"
"50557","0.00828159786760807","0.00828159786760807","0.00828159786760807"
"50568","0.00863010622560978","0.00863010622560978","0.00863010622560978"
"50574","0.006213028449565172","0.006213028449565172","0.006213028449565172"
"50576","0.008582107722759247","0.008582107722759247","0.008582107722759247"
"50584","0.007883813232183456","0.007883813232183456","0.007883813232183456"
"50592","0.007647683843970299","0.007647683843970299","0.007647683843970299"
"50605","0.007590843364596367","0.007590843364596367","0.007590843364596367"
"50606","0.008097551763057709","0.008097551763057709","0.008097551763057709"
"50628","0.010960021987557411","0.010960021987557411","0.010960021987557411"
"50634","0.007296198513358831","0.007296198513358831","0.007296198513358831"
"50636","0.007511272095143795","0.007511272095143795","0.007511272095143795"
"50640","0.009526439011096954","0.009526439011096954","0.009526439011096954"
"50652","0.006292910780757666","0.006292910780757666","0.006292910780757666"
"50658","0.009804962202906609","0.009804962202906609","0.009804962202906609"
"50701","0.009198177605867386","0.009198177605867386","0.009198177605867386"
"50703","0.006895704194903374","0.006895704194903374","0.006895704194903374"
"50706","0.008354038000106812","0.008354038000106812","0.008354038000106812"
"50710","0.008311810903251171","0.008311810903251171","0.008311810903251171"
"50712","0.008700731210410595","0.008700731210410595","0.008700731210410595"
"50722","0.009399292059242725","0.009399292059242725","0.009399292059242725"
"50726","0.00924932211637497","0.00924932211637497","0.00924932211637497"
"50734","0.00641265232115984","0.00641265232115984","0.00641265232115984"
"50739","0.006597297266125679","0.006597297266125679","0.006597297266125679"
"50750","0.008680090308189392","0.008680090308189392","0.008680090308189392"
"50756","0.005023122765123844","0.005023122765123844","0.005023122765123844"
"50757","0.008688363246619701","0.008688363246619701","0.008688363246619701"
"50759","0.006891183089464903","0.006891183089464903","0.006891183089464903"
"50761","0.006730578374117613","0.006730578374117613","0.006730578374117613"
"50768","0.009962756186723709","0.009962756186723709","0.009962756186723709"
"50775","0.007308469619601965","0.007308469619601965","0.007308469619601965"
"50779","0.010910135693848133","0.010910135693848133","0.010910135693848133"
"50782","0.008124727755784988","0.008124727755784988","0.008124727755784988"
"50785","0.008227224461734295","0.008227224461734295","0.008227224461734295"
"50791","0.013094855472445488","0.013094855472445488","0.013094855472445488"
"50802","0.007493137381970882","0.007493137381970882","0.007493137381970882"
"50803","0.006851081270724535","0.006851081270724535","0.006851081270724535"
"50805","0.006920792628079653","0.006920792628079653","0.006920792628079653"
"50819","0.007581846788525581","0.007581846788525581","0.007581846788525581"
"50833","0.010620920918881893","0.010620920918881893","0.010620920918881893"
"50841","0.008634926751255989","0.008634926751255989","0.008634926751255989"
"50852","0.00728942733258009","0.00728942733258009","0.00728942733258009"
"50875","0.006970266345888376","0.006970266345888376","0.006970266345888376"
"50915","0.007391861639916897","0.007391861639916897","0.007391861639916897"
"50938","0.008094246499240398","0.008094246499240398","0.008094246499240398"
"50939","0.008263496682047844","0.008263496682047844","0.008263496682047844"
"50940","0.007720588240772486","0.007720588240772486","0.007720588240772486"
"50945","0.008394005708396435","0.008394005708396435","0.008394005708396435"
"50950","0.008766956627368927","0.008766956627368927","0.008766956627368927"
"50954","0.006319290492683649","0.006319290492683649","0.006319290492683649"
"50957","0.006784108001738787","0.006784108001738787","0.006784108001738787"
"50963","0.00584140419960022","0.00584140419960022","0.00584140419960022"
"50964","0.009075258858501911","0.009075258858501911","0.009075258858501911"
"50965","0.008406691253185272","0.008406691253185272","0.008406691253185272"
"50971","0.007346476893872023","0.007346476893872023","0.007346476893872023"
"50980","0.008763464167714119","0.008763464167714119","0.008763464167714119"
"50982","0.00856077205389738","0.00856077205389738","0.00856077205389738"
"51005","0.008818715810775757","0.008818715810775757","0.008818715810775757"
"51006","0.008466867730021477","0.008466867730021477","0.008466867730021477"
"51016","0.007242355030030012","0.007242355030030012","0.007242355030030012"
"51034","0.009006689302623272","0.009006689302623272","0.009006689302623272"
"51040","0.010233847424387932","0.010233847424387932","0.010233847424387932"
"51042","0.010550931096076965","0.010550931096076965","0.010550931096076965"
"51046","0.00621830765157938","0.00621830765157938","0.00621830765157938"
"51056","0.00957260187715292","0.00957260187715292","0.00957260187715292"
"51071","0.006906187627464533","0.006906187627464533","0.006906187627464533"
"51080","0.009287885390222073","0.009287885390222073","0.009287885390222073"
"51081","0.007698239758610725","0.007698239758610725","0.007698239758610725"
"51097","0.009925431571900845","0.009925431571900845","0.009925431571900845"
"51098","0.008477909490466118","0.008477909490466118","0.008477909490466118"
"51102","0.0062772356905043125","0.0062772356905043125","0.0062772356905043125"
"51115","0.0073927827179431915","0.0073927827179431915","0.0073927827179431915"
"51128","0.007482684217393398","0.007482684217393398","0.007482684217393398"
"51138","0.006579290609806776","0.006579290609806776","0.006579290609806776"
"51142","0.0091702314093709","0.0091702314093709","0.0091702314093709"
"51145","0.008456344716250896","0.008456344716250896","0.008456344716250896"
"51179","0.009406588040292263","0.009406588040292263","0.009406588040292263"
"51197","0.009306793101131916","0.009306793101131916","0.009306793101131916"
"51233","0.008490926586091518","0.008490926586091518","0.008490926586091518"
"51238","0.00751830218359828","0.00751830218359828","0.00751830218359828"
"51245","0.006911796052008867","0.006911796052008867","0.006911796052008867"
"51254","0.006651288829743862","0.006651288829743862","0.006651288829743862"
"51257","0.008489705622196198","0.008489705622196198","0.008489705622196198"
"51265","0.007887550629675388","0.007887550629675388","0.007887550629675388"
"51268","0.006203366443514824","0.006203366443514824","0.006203366443514824"
"51269","0.007667366415262222","0.007667366415262222","0.007667366415262222"
"51279","0.008948025293648243","0.008948025293648243","0.008948025293648243"
"51280","0.007118326146155596","0.007118326146155596","0.007118326146155596"
"51289","0.009220946580171585","0.009220946580171585","0.009220946580171585"
"51307","0.006927432492375374","0.006927432492375374","0.006927432492375374"
"51314","0.007788751740008593","0.007788751740008593","0.007788751740008593"
"51320","0.009635481052100658","0.009635481052100658","0.009635481052100658"
"51339","0.006336563266813755","0.006336563266813755","0.006336563266813755"
"51354","0.009697819128632545","0.009697819128632545","0.009697819128632545"
"51362","0.008242689073085785","0.008242689073085785","0.008242689073085785"
"51364","0.008257955312728882","0.008257955312728882","0.008257955312728882"
"51377","0.0089664775878191","0.0089664775878191","0.0089664775878191"
"51390","0.00631514098495245","0.00631514098495245","0.00631514098495245"
"51404","0.007725721690803766","0.007725721690803766","0.007725721690803766"
"51425","0.006232724990695715","0.006232724990695715","0.006232724990695715"
"51439","0.011249003931879997","0.011249003931879997","0.011249003931879997"
"51446","0.011286369524896145","0.011286369524896145","0.011286369524896145"
"51452","0.009007536806166172","0.009007536806166172","0.009007536806166172"
"51476","0.009878593496978283","0.009878593496978283","0.009878593496978283"
"51485","0.010700716637074947","0.010700716637074947","0.010700716637074947"
"51487","0.007492550648748875","0.007492550648748875","0.007492550648748875"
"51491","0.008847633376717567","0.008847633376717567","0.008847633376717567"
"51503","0.00771153811365366","0.00771153811365366","0.00771153811365366"
"51519","0.009211733937263489","0.009211733937263489","0.009211733937263489"
"51521","0.006875735241919756","0.006875735241919756","0.006875735241919756"
"51524","0.008328353054821491","0.008328353054821491","0.008328353054821491"
"51533","0.0075241802260279655","0.0075241802260279655","0.0075241802260279655"
"51544","0.009332800284028053","0.009332800284028053","0.009332800284028053"
"51550","0.010489814914762974","0.010489814914762974","0.010489814914762974"
"51553","0.008854294195771217","0.008854294195771217","0.008854294195771217"
"51556","0.00813486147671938","0.00813486147671938","0.00813486147671938"
"51557","0.009816772304475307","0.009816772304475307","0.009816772304475307"
"51564","0.007933366112411022","0.007933366112411022","0.007933366112411022"
"51576","0.007928562350571156","0.007928562350571156","0.007928562350571156"
"51588","0.007544990163296461","0.007544990163296461","0.007544990163296461"
"51592","0.009478992782533169","0.009478992782533169","0.009478992782533169"
"51595","0.007583460304886103","0.007583460304886103","0.007583460304886103"
"51597","0.009320293553173542","0.009320293553173542","0.009320293553173542"
"51630","0.006816113367676735","0.006816113367676735","0.006816113367676735"
"51633","0.008334878832101822","0.008334878832101822","0.008334878832101822"
"51636","0.007974846288561821","0.007974846288561821","0.007974846288561821"
"51657","0.007812794297933578","0.007812794297933578","0.007812794297933578"
"51673","0.008367945440113544","0.008367945440113544","0.008367945440113544"
"51693","0.010475464165210724","0.010475464165210724","0.010475464165210724"
"51701","0.00936499610543251","0.00936499610543251","0.00936499610543251"
"51724","0.008836211636662483","0.008836211636662483","0.008836211636662483"
"51763","0.009709849953651428","0.009709849953651428","0.009709849953651428"
"51773","0.004849457181990147","0.004849457181990147","0.004849457181990147"
"51774","0.00861777551472187","0.00861777551472187","0.00861777551472187"
"51776","0.00694253109395504","0.00694253109395504","0.00694253109395504"
"51853","0.00776601443067193","0.00776601443067193","0.00776601443067193"
"51869","0.008346294984221458","0.008346294984221458","0.008346294984221458"
"51877","0.008274299092590809","0.008274299092590809","0.008274299092590809"
"51879","0.007127062883228064","0.007127062883228064","0.007127062883228064"
"51881","0.007788137998431921","0.007788137998431921","0.007788137998431921"
"51884","0.006632411852478981","0.006632411852478981","0.006632411852478981"
"51899","0.008182692341506481","0.008182692341506481","0.008182692341506481"
"51900","0.008619251661002636","0.008619251661002636","0.008619251661002636"
"51901","0.008742235600948334","0.008742235600948334","0.008742235600948334"
"51903","0.007151981815695763","0.007151981815695763","0.007151981815695763"
"51912","0.008164974860846996","0.008164974860846996","0.008164974860846996"
"51917","0.008391527459025383","0.008391527459025383","0.008391527459025383"
"51929","0.007652951404452324","0.007652951404452324","0.007652951404452324"
"51933","0.010250951163470745","0.010250951163470745","0.010250951163470745"
"51936","0.007760580163449049","0.007760580163449049","0.007760580163449049"
"51937","0.008261161856353283","0.008261161856353283","0.008261161856353283"
"51940","0.010457772761583328","0.010457772761583328","0.010457772761583328"
"51949","0.007994258776307106","0.007994258776307106","0.007994258776307106"
"51953","0.007717828266322613","0.007717828266322613","0.007717828266322613"
"51958","0.0085314204916358","0.0085314204916358","0.0085314204916358"
"51978","0.009131448343396187","0.009131448343396187","0.009131448343396187"
"51993","0.007088262587785721","0.007088262587785721","0.007088262587785721"
"52006","0.006883580237627029","0.006883580237627029","0.006883580237627029"
"52036","0.008770539425313473","0.008770539425313473","0.008770539425313473"
"52060","0.008025133982300758","0.008025133982300758","0.008025133982300758"
"52069","0.008130205795168877","0.008130205795168877","0.008130205795168877"
"52086","0.008213181048631668","0.008213181048631668","0.008213181048631668"
"52088","0.0066881668753921986","0.0066881668753921986","0.0066881668753921986"
"52109","0.006370327435433865","0.006370327435433865","0.006370327435433865"
"52117","0.007583984173834324","0.007583984173834324","0.007583984173834324"
"52123","0.0071350024081766605","0.0071350024081766605","0.0071350024081766605"
"52130","0.010875551961362362","0.010875551961362362","0.010875551961362362"
"52132","0.008316067047417164","0.008316067047417164","0.008316067047417164"
"52139","0.006668551824986935","0.006668551824986935","0.006668551824986935"
"52155","0.009203572757542133","0.009203572757542133","0.009203572757542133"
"52171","0.007315204944461584","0.007315204944461584","0.007315204944461584"
"52184","0.008914504200220108","0.008914504200220108","0.008914504200220108"
"52190","0.005735686048865318","0.005735686048865318","0.005735686048865318"
"52225","0.009417200461030006","0.009417200461030006","0.009417200461030006"
"52226","0.009357464499771595","0.009357464499771595","0.009357464499771595"
"52234","0.01013830304145813","0.01013830304145813","0.01013830304145813"
"52243","0.009631817229092121","0.009631817229092121","0.009631817229092121"
"52247","0.008170774206519127","0.008170774206519127","0.008170774206519127"
"52261","0.007362291682511568","0.007362291682511568","0.007362291682511568"
"52279","0.010117320343852043","0.010117320343852043","0.010117320343852043"
"52294","0.009689672850072384","0.009689672850072384","0.009689672850072384"
"52296","0.0067006428726017475","0.0067006428726017475","0.0067006428726017475"
"52300","0.008656421676278114","0.008656421676278114","0.008656421676278114"
"52302","0.009474702179431915","0.009474702179431915","0.009474702179431915"
"52306","0.007487352471798658","0.007487352471798658","0.007487352471798658"
"52330","0.006343658547848463","0.006343658547848463","0.006343658547848463"
"52333","0.009955205023288727","0.009955205023288727","0.009955205023288727"
"52336","0.008756065741181374","0.008756065741181374","0.008756065741181374"
"52339","0.0087172482162714","0.0087172482162714","0.0087172482162714"
"52346","0.009008130989968777","0.009008130989968777","0.009008130989968777"
"52367","0.009385453537106514","0.009385453537106514","0.009385453537106514"
"52373","0.008298380300402641","0.008298380300402641","0.008298380300402641"
"52444","0.008564986288547516","0.008564986288547516","0.008564986288547516"
"52448","0.008375076577067375","0.008375076577067375","0.008375076577067375"
"52449","0.008479289710521698","0.008479289710521698","0.008479289710521698"
"52463","0.01023949682712555","0.01023949682712555","0.01023949682712555"
"52466","0.009577852673828602","0.009577852673828602","0.009577852673828602"
"52488","0.007534146774560213","0.007534146774560213","0.007534146774560213"
"52490","0.006964778993278742","0.006964778993278742","0.006964778993278742"
"52491","0.005939166527241468","0.005939166527241468","0.005939166527241468"
"52499","0.007374156732112169","0.007374156732112169","0.007374156732112169"
"52501","0.009170263074338436","0.009170263074338436","0.009170263074338436"
"52515","0.008533998392522335","0.008533998392522335","0.008533998392522335"
"52516","0.007118361070752144","0.007118361070752144","0.007118361070752144"
"52531","0.007843795232474804","0.007843795232474804","0.007843795232474804"
"52548","0.006639879662543535","0.006639879662543535","0.006639879662543535"
"52611","0.008877100422978401","0.008877100422978401","0.008877100422978401"
"52618","0.008666492998600006","0.008666492998600006","0.008666492998600006"
"52641","0.007670080754905939","0.007670080754905939","0.007670080754905939"
"52643","0.007321691606193781","0.007321691606193781","0.007321691606193781"
"52676","0.008213168010115623","0.008213168010115623","0.008213168010115623"
"52677","0.010234806686639786","0.010234806686639786","0.010234806686639786"
"52679","0.007925502955913544","0.007925502955913544","0.007925502955913544"
"52713","0.00947970524430275","0.00947970524430275","0.00947970524430275"
"52727","0.007999814115464687","0.007999814115464687","0.007999814115464687"
"52737","0.006399345584213734","0.006399345584213734","0.006399345584213734"
"52742","0.007222720887511969","0.007222720887511969","0.007222720887511969"
"52743","0.01116204634308815","0.01116204634308815","0.01116204634308815"
"52746","0.007467462215572596","0.007467462215572596","0.007467462215572596"
"52749","0.00944339670240879","0.00944339670240879","0.00944339670240879"
"52757","0.007839865982532501","0.007839865982532501","0.007839865982532501"
"52765","0.009827145375311375","0.009827145375311375","0.009827145375311375"
"52804","0.009448361583054066","0.009448361583054066","0.009448361583054066"
"52806","0.006666088011115789","0.006666088011115789","0.006666088011115789"
"52817","0.011854685842990875","0.011854685842990875","0.011854685842990875"
"52822","0.011079248040914536","0.011079248040914536","0.011079248040914536"
"52826","0.00888330489397049","0.00888330489397049","0.00888330489397049"
"52830","0.0068035367876291275","0.0068035367876291275","0.0068035367876291275"
"52839","0.00793412048369646","0.00793412048369646","0.00793412048369646"
"52843","0.006116488948464394","0.006116488948464394","0.006116488948464394"
"52847","0.010609162040054798","0.010609162040054798","0.010609162040054798"
"52848","0.010215409100055695","0.010215409100055695","0.010215409100055695"
"52864","0.010169737040996552","0.010169737040996552","0.010169737040996552"
"52879","0.009747916832566261","0.009747916832566261","0.009747916832566261"
"52885","0.006236058194190264","0.006236058194190264","0.006236058194190264"
"52889","0.0094142509624362","0.0094142509624362","0.0094142509624362"
"52904","0.0077418917790055275","0.0077418917790055275","0.0077418917790055275"
"52910","0.006521938368678093","0.006521938368678093","0.006521938368678093"
"52912","0.007999005727469921","0.007999005727469921","0.007999005727469921"
"52921","0.007971055805683136","0.007971055805683136","0.007971055805683136"
"52938","0.007970210164785385","0.007970210164785385","0.007970210164785385"
"52941","0.009251982904970646","0.009251982904970646","0.009251982904970646"
"52950","0.008495757356286049","0.008495757356286049","0.008495757356286049"
"52964","0.006918994709849358","0.006918994709849358","0.006918994709849358"
"52972","0.008519518189132214","0.008519518189132214","0.008519518189132214"
"52978","0.009155509993433952","0.009155509993433952","0.009155509993433952"
"52980","0.010257793590426445","0.010257793590426445","0.010257793590426445"
"53006","0.008769368752837181","0.008769368752837181","0.008769368752837181"
"53020","0.010026834905147552","0.010026834905147552","0.010026834905147552"
"53028","0.011539578437805176","0.011539578437805176","0.011539578437805176"
"53033","0.0098558459430933","0.0098558459430933","0.0098558459430933"
"53078","0.010597951710224152","0.010597951710224152","0.010597951710224152"
"53087","0.010402134619653225","0.010402134619653225","0.010402134619653225"
"53094","0.007364416029304266","0.007364416029304266","0.007364416029304266"
"53116","0.008052190765738487","0.008052190765738487","0.008052190765738487"
"53142","0.00841054692864418","0.00841054692864418","0.00841054692864418"
"53159","0.00920936930924654","0.00920936930924654","0.00920936930924654"
"53170","0.008704626932740211","0.008704626932740211","0.008704626932740211"
"53183","0.006694660987704992","0.006694660987704992","0.006694660987704992"
"53187","0.006473625544458628","0.006473625544458628","0.006473625544458628"
"53194","0.009549914859235287","0.009549914859235287","0.009549914859235287"
"53200","0.006851495709270239","0.006851495709270239","0.006851495709270239"
"53203","0.010137753561139107","0.010137753561139107","0.010137753561139107"
"53238","0.00887538492679596","0.00887538492679596","0.00887538492679596"
"53243","0.009025884792208672","0.009025884792208672","0.009025884792208672"
"53250","0.007054244168102741","0.007054244168102741","0.007054244168102741"
"53253","0.008971527218818665","0.008971527218818665","0.008971527218818665"
"53268","0.008528182283043861","0.008528182283043861","0.008528182283043861"
"53280","0.008269022218883038","0.008269022218883038","0.008269022218883038"
"53290","0.008938371203839779","0.008938371203839779","0.008938371203839779"
"53294","0.009759976528584957","0.009759976528584957","0.009759976528584957"
"53300","0.011392831802368164","0.011392831802368164","0.011392831802368164"
"53316","0.00982191413640976","0.00982191413640976","0.00982191413640976"
"53317","0.0056751202791929245","0.0056751202791929245","0.0056751202791929245"
"53329","0.00969834066927433","0.00969834066927433","0.00969834066927433"
"53331","0.011595181189477444","0.011595181189477444","0.011595181189477444"
"53332","0.008260322734713554","0.008260322734713554","0.008260322734713554"
"53333","0.00838665384799242","0.00838665384799242","0.00838665384799242"
"53340","0.00949851144105196","0.00949851144105196","0.00949851144105196"
"53362","0.010660078376531601","0.010660078376531601","0.010660078376531601"
"53373","0.008505049161612988","0.008505049161612988","0.008505049161612988"
"53378","0.008878175169229507","0.008878175169229507","0.008878175169229507"
"53405","0.007093162275850773","0.007093162275850773","0.007093162275850773"
"53411","0.008728993125259876","0.008728993125259876","0.008728993125259876"
"53412","0.009581483900547028","0.009581483900547028","0.009581483900547028"
"53416","0.009687514975667","0.009687514975667","0.009687514975667"
"53418","0.0074375043623149395","0.0074375043623149395","0.0074375043623149395"
"53422","0.010445374995470047","0.010445374995470047","0.010445374995470047"
"53446","0.00833854079246521","0.00833854079246521","0.00833854079246521"
"53462","0.00837152823805809","0.00837152823805809","0.00837152823805809"
"53466","0.009137316606938839","0.009137316606938839","0.009137316606938839"
"53470","0.009512120857834816","0.009512120857834816","0.009512120857834816"
"53507","0.007922852411866188","0.007922852411866188","0.007922852411866188"
"53512","0.008237211965024471","0.008237211965024471","0.008237211965024471"
"53523","0.00927441194653511","0.00927441194653511","0.00927441194653511"
"53541","0.007941397838294506","0.007941397838294506","0.007941397838294506"
"53552","0.008002991788089275","0.008002991788089275","0.008002991788089275"
"53557","0.008635730482637882","0.008635730482637882","0.008635730482637882"
"53580","0.009398465044796467","0.009398465044796467","0.009398465044796467"
"53583","0.008983026258647442","0.008983026258647442","0.008983026258647442"
"53584","0.0061421822756528854","0.0061421822756528854","0.0061421822756528854"
"53587","0.006943231914192438","0.006943231914192438","0.006943231914192438"
"53592","0.01015812810510397","0.01015812810510397","0.01015812810510397"
"53597","0.009484521113336086","0.009484521113336086","0.009484521113336086"
"53625","0.009017912670969963","0.009017912670969963","0.009017912670969963"
"53628","0.008089297451078892","0.008089297451078892","0.008089297451078892"
"53633","0.0076820384711027145","0.0076820384711027145","0.0076820384711027145"
"53638","0.008685496635735035","0.008685496635735035","0.008685496635735035"
"53655","0.006995962467044592","0.006995962467044592","0.006995962467044592"
"53666","0.007577475626021624","0.007577475626021624","0.007577475626021624"
"53678","0.007092075888067484","0.007092075888067484","0.007092075888067484"
"53685","0.009459245018661022","0.009459245018661022","0.009459245018661022"
"53687","0.008149423636496067","0.008149423636496067","0.008149423636496067"
"53701","0.005965577904134989","0.005965577904134989","0.005965577904134989"
"53702","0.004844422917813063","0.004844422917813063","0.004844422917813063"
"53712","0.010142984800040722","0.010142984800040722","0.010142984800040722"
"53719","0.008134343661367893","0.008134343661367893","0.008134343661367893"
"53734","0.006415659561753273","0.006415659561753273","0.006415659561753273"
"53736","0.0075206751935184","0.0075206751935184","0.0075206751935184"
"53759","0.007242968305945396","0.007242968305945396","0.007242968305945396"
"53765","0.009444271214306355","0.009444271214306355","0.009444271214306355"
"53773","0.008887072093784809","0.008887072093784809","0.008887072093784809"
"53796","0.004829119890928268","0.004829119890928268","0.004829119890928268"
"53808","0.008607939817011356","0.008607939817011356","0.008607939817011356"
"53811","0.008607858791947365","0.008607858791947365","0.008607858791947365"
"53821","0.008354462683200836","0.008354462683200836","0.008354462683200836"
"53855","0.008970922790467739","0.008970922790467739","0.008970922790467739"
"53858","0.008813946507871151","0.008813946507871151","0.008813946507871151"
"53859","0.009396799840033054","0.009396799840033054","0.009396799840033054"
"53892","0.007421480026096106","0.007421480026096106","0.007421480026096106"
"53893","0.008798119612038136","0.008798119612038136","0.008798119612038136"
"53894","0.00656671030446887","0.00656671030446887","0.00656671030446887"
"53899","0.009686521254479885","0.009686521254479885","0.009686521254479885"
"53925","0.007898692972958088","0.007898692972958088","0.007898692972958088"
"53935","0.006767305079847574","0.006767305079847574","0.006767305079847574"
"53942","0.00966190081089735","0.00966190081089735","0.00966190081089735"
"53954","0.00917463656514883","0.00917463656514883","0.00917463656514883"
"53955","0.0072194235399365425","0.0072194235399365425","0.0072194235399365425"
"53968","0.007115861866623163","0.007115861866623163","0.007115861866623163"
"53969","0.006421611178666353","0.006421611178666353","0.006421611178666353"
"53977","0.009554735384881496","0.009554735384881496","0.009554735384881496"
"53982","0.007792777847498655","0.007792777847498655","0.007792777847498655"
"53990","0.008431367576122284","0.008431367576122284","0.008431367576122284"
"53998","0.00809401459991932","0.00809401459991932","0.00809401459991932"
"54000","0.00807634461671114","0.00807634461671114","0.00807634461671114"
"54001","0.009977751411497593","0.009977751411497593","0.009977751411497593"
"54022","0.007368302438408136","0.007368302438408136","0.007368302438408136"
"54031","0.011160296387970448","0.011160296387970448","0.011160296387970448"
"54037","0.009984339587390423","0.009984339587390423","0.009984339587390423"
"54039","0.010624485090374947","0.010624485090374947","0.010624485090374947"
"54060","0.007760310545563698","0.007760310545563698","0.007760310545563698"
"54074","0.009950096718966961","0.009950096718966961","0.009950096718966961"
"54077","0.009439198300242424","0.009439198300242424","0.009439198300242424"
"54082","0.008064578287303448","0.008064578287303448","0.008064578287303448"
"54119","0.011071301996707916","0.011071301996707916","0.011071301996707916"
"54134","0.00969510804861784","0.00969510804861784","0.00969510804861784"
"54137","0.008502672426402569","0.008502672426402569","0.008502672426402569"
"54151","0.007116029504686594","0.007116029504686594","0.007116029504686594"
"54159","0.008337382227182388","0.008337382227182388","0.008337382227182388"
"54173","0.008939966559410095","0.008939966559410095","0.008939966559410095"
"54174","0.007228785194456577","0.007228785194456577","0.007228785194456577"
"54182","0.008511925116181374","0.008511925116181374","0.008511925116181374"
"54197","0.008119447156786919","0.008119447156786919","0.008119447156786919"
"54210","0.006458702962845564","0.006458702962845564","0.006458702962845564"
"54212","0.0070252008736133575","0.0070252008736133575","0.0070252008736133575"
"54213","0.008947734721004963","0.008947734721004963","0.008947734721004963"
"54225","0.0117815425619483","0.0117815425619483","0.0117815425619483"
"54226","0.007797114085406065","0.007797114085406065","0.007797114085406065"
"54236","0.008988229557871819","0.008988229557871819","0.008988229557871819"
"54243","0.010066253133118153","0.010066253133118153","0.010066253133118153"
"54254","0.007883096113801003","0.007883096113801003","0.007883096113801003"
"54259","0.009705954231321812","0.009705954231321812","0.009705954231321812"
"54264","0.008748212829232216","0.008748212829232216","0.008748212829232216"
"54288","0.010222370736300945","0.010222370736300945","0.010222370736300945"
"54296","0.006088316440582275","0.006088316440582275","0.006088316440582275"
"54337","0.011471307836472988","0.011471307836472988","0.011471307836472988"
"54345","0.009772375226020813","0.009772375226020813","0.009772375226020813"
"54346","0.007877431809902191","0.007877431809902191","0.007877431809902191"
"54364","0.007158377207815647","0.007158377207815647","0.007158377207815647"
"54367","0.009005514904856682","0.009005514904856682","0.009005514904856682"
"54380","0.006731471512466669","0.006731471512466669","0.006731471512466669"
"54393","0.005903034005314112","0.005903034005314112","0.005903034005314112"
"54399","0.006894469726830721","0.006894469726830721","0.006894469726830721"
"54428","0.009030436165630817","0.009030436165630817","0.009030436165630817"
"54434","0.007723027840256691","0.007723027840256691","0.007723027840256691"
"54435","0.006982138846069574","0.006982138846069574","0.006982138846069574"
"54456","0.007434728555381298","0.007434728555381298","0.007434728555381298"
"54464","0.009234219789505005","0.009234219789505005","0.009234219789505005"
"54467","0.008935598656535149","0.008935598656535149","0.008935598656535149"
"54479","0.008176528848707676","0.008176528848707676","0.008176528848707676"
"54486","0.009457968175411224","0.009457968175411224","0.009457968175411224"
"54507","0.007657109759747982","0.007657109759747982","0.007657109759747982"
"54513","0.008001366630196571","0.008001366630196571","0.008001366630196571"
"54517","0.006533097941428423","0.006533097941428423","0.006533097941428423"
"54523","0.008757717907428741","0.008757717907428741","0.008757717907428741"
"54536","0.007096199318766594","0.007096199318766594","0.007096199318766594"
"54542","0.007116774097084999","0.007116774097084999","0.007116774097084999"
"54551","0.006533797364681959","0.006533797364681959","0.006533797364681959"
"54565","0.008298374712467194","0.008298374712467194","0.008298374712467194"
"54577","0.010233798995614052","0.010233798995614052","0.010233798995614052"
"54597","0.008017532527446747","0.008017532527446747","0.008017532527446747"
"54620","0.007808539550751448","0.007808539550751448","0.007808539550751448"
"54634","0.006673429161310196","0.006673429161310196","0.006673429161310196"
"54641","0.006518057081848383","0.006518057081848383","0.006518057081848383"
"54653","0.005643286742269993","0.005643286742269993","0.005643286742269993"
"54677","0.00802493654191494","0.00802493654191494","0.00802493654191494"
"54689","0.009619968011975288","0.009619968011975288","0.009619968011975288"
"54700","0.008628054521977901","0.008628054521977901","0.008628054521977901"
"54703","0.0065400199964642525","0.0065400199964642525","0.0065400199964642525"
"54713","0.009954974055290222","0.009954974055290222","0.009954974055290222"
"54715","0.006472666282206774","0.006472666282206774","0.006472666282206774"
"54722","0.006289367098361254","0.006289367098361254","0.006289367098361254"
"54730","0.006538511719554663","0.006538511719554663","0.006538511719554663"
"54732","0.0069837127812206745","0.0069837127812206745","0.0069837127812206745"
"54766","0.007286527659744024","0.007286527659744024","0.007286527659744024"
"54773","0.00823383778333664","0.00823383778333664","0.00823383778333664"
"54774","0.006884003523737192","0.006884003523737192","0.006884003523737192"
"54777","0.006221011281013489","0.006221011281013489","0.006221011281013489"
"54785","0.007200453896075487","0.007200453896075487","0.007200453896075487"
"54786","0.008451159112155437","0.008451159112155437","0.008451159112155437"
"54794","0.009874150156974792","0.009874150156974792","0.009874150156974792"
"54795","0.008233328349888325","0.008233328349888325","0.008233328349888325"
"54800","0.010230788961052895","0.010230788961052895","0.010230788961052895"
"54803","0.009291181340813637","0.009291181340813637","0.009291181340813637"
"54826","0.005773864220827818","0.005773864220827818","0.005773864220827818"
"54837","0.00892656296491623","0.00892656296491623","0.00892656296491623"
"54863","0.0069863819517195225","0.0069863819517195225","0.0069863819517195225"
"54871","0.006841694004833698","0.006841694004833698","0.006841694004833698"
"54872","0.0100462781265378","0.0100462781265378","0.0100462781265378"
"54874","0.008305986411869526","0.008305986411869526","0.008305986411869526"
"54887","0.01157139241695404","0.01157139241695404","0.01157139241695404"
"54889","0.00988796167075634","0.00988796167075634","0.00988796167075634"
"54891","0.009012377820909023","0.009012377820909023","0.009012377820909023"
"54898","0.007803823333233595","0.007803823333233595","0.007803823333233595"
"54901","0.008116668090224266","0.008116668090224266","0.008116668090224266"
"54905","0.007546654436737299","0.007546654436737299","0.007546654436737299"
"54934","0.010590987280011177","0.010590987280011177","0.010590987280011177"
"54947","0.006003145128488541","0.006003145128488541","0.006003145128488541"
"54951","0.006836386397480965","0.006836386397480965","0.006836386397480965"
"54958","0.009242176078259945","0.009242176078259945","0.009242176078259945"
"54995","0.008272765204310417","0.008272765204310417","0.008272765204310417"
"55002","0.01050560548901558","0.01050560548901558","0.01050560548901558"
"55043","0.008900277316570282","0.008900277316570282","0.008900277316570282"
"55046","0.01044499035924673","0.01044499035924673","0.01044499035924673"
"55077","0.011070146225392818","0.011070146225392818","0.011070146225392818"
"55099","0.00789669156074524","0.00789669156074524","0.00789669156074524"
"55139","0.00870536733418703","0.00870536733418703","0.00870536733418703"
"55159","0.00963097158819437","0.00963097158819437","0.00963097158819437"
"55176","0.008224789053201675","0.008224789053201675","0.008224789053201675"
"55186","0.009236839599907398","0.009236839599907398","0.009236839599907398"
"55195","0.008656175807118416","0.008656175807118416","0.008656175807118416"
"55214","0.007263976149260998","0.007263976149260998","0.007263976149260998"
"55220","0.007294747047126293","0.007294747047126293","0.007294747047126293"
"55233","0.00946421641856432","0.00946421641856432","0.00946421641856432"
"55264","0.006888445001095533","0.006888445001095533","0.006888445001095533"
"55298","0.008578024804592133","0.008578024804592133","0.008578024804592133"
"55308","0.007907872088253498","0.007907872088253498","0.007907872088253498"
"55316","0.012323788367211819","0.012323788367211819","0.012323788367211819"
"55323","0.009187594056129456","0.009187594056129456","0.009187594056129456"
"55331","0.007178673055022955","0.007178673055022955","0.007178673055022955"
"55343","0.006437303498387337","0.006437303498387337","0.006437303498387337"
"55360","0.007411119062453508","0.007411119062453508","0.007411119062453508"
"55362","0.00811343640089035","0.00811343640089035","0.00811343640089035"
"55383","0.00959070585668087","0.00959070585668087","0.00959070585668087"
"55391","0.009069228544831276","0.009069228544831276","0.009069228544831276"
"55431","0.007199419662356377","0.007199419662356377","0.007199419662356377"
"55437","0.009314988739788532","0.009314988739788532","0.009314988739788532"
"55444","0.00824657827615738","0.00824657827615738","0.00824657827615738"
"55446","0.010179269127547741","0.010179269127547741","0.010179269127547741"
"55486","0.006492503918707371","0.006492503918707371","0.006492503918707371"
"55492","0.005914454348385334","0.005914454348385334","0.005914454348385334"
"55493","0.006545225623995066","0.006545225623995066","0.006545225623995066"
"55498","0.007683976553380489","0.007683976553380489","0.007683976553380489"
"55504","0.008824864402413368","0.008824864402413368","0.008824864402413368"
"55506","0.007571469526737928","0.007571469526737928","0.007571469526737928"
"55531","0.007821960374712944","0.007821960374712944","0.007821960374712944"
"55534","0.0058627440594136715","0.0058627440594136715","0.0058627440594136715"
"55547","0.00894822459667921","0.00894822459667921","0.00894822459667921"
"55557","0.00909815076738596","0.00909815076738596","0.00909815076738596"
"55565","0.008018063381314278","0.008018063381314278","0.008018063381314278"
"55566","0.00798407755792141","0.00798407755792141","0.00798407755792141"
"55572","0.008441586047410965","0.008441586047410965","0.008441586047410965"
"55597","0.009299668483436108","0.009299668483436108","0.009299668483436108"
"55610","0.007604900281876326","0.007604900281876326","0.007604900281876326"
"55629","0.00757133774459362","0.00757133774459362","0.00757133774459362"
"55646","0.00876368023455143","0.00876368023455143","0.00876368023455143"
"55649","0.008314520120620728","0.008314520120620728","0.008314520120620728"
"55652","0.009739558212459087","0.009739558212459087","0.009739558212459087"
"55654","0.00706623075529933","0.00706623075529933","0.00706623075529933"
"55655","0.007324703503400087","0.007324703503400087","0.007324703503400087"
"55658","0.008298961445689201","0.008298961445689201","0.008298961445689201"
"55669","0.007441434543579817","0.007441434543579817","0.007441434543579817"
"55707","0.00810642633587122","0.00810642633587122","0.00810642633587122"
"55722","0.00819271057844162","0.00819271057844162","0.00819271057844162"
"55724","0.009717755950987339","0.009717755950987339","0.009717755950987339"
"55740","0.005745238624513149","0.005745238624513149","0.005745238624513149"
"55770","0.008562053553760052","0.008562053553760052","0.008562053553760052"
"55787","0.009124089032411575","0.009124089032411575","0.009124089032411575"
"55798","0.008773875422775745","0.008773875422775745","0.008773875422775745"
"55801","0.007234261371195316","0.007234261371195316","0.007234261371195316"
"55819","0.006249012891203165","0.006249012891203165","0.006249012891203165"
"55823","0.008770853281021118","0.008770853281021118","0.008770853281021118"
"55847","0.007414284162223339","0.007414284162223339","0.007414284162223339"
"55850","0.008712389506399632","0.008712389506399632","0.008712389506399632"
"55864","0.00837614107877016","0.00837614107877016","0.00837614107877016"
"55867","0.009158039465546608","0.009158039465546608","0.009158039465546608"
"55874","0.009849756956100464","0.009849756956100464","0.009849756956100464"
"55880","0.00769996689632535","0.00769996689632535","0.00769996689632535"
"55912","0.007792004384100437","0.007792004384100437","0.007792004384100437"
"55915","0.01067779865115881","0.01067779865115881","0.01067779865115881"
"55936","0.010105562396347523","0.010105562396347523","0.010105562396347523"
"55937","0.006954977288842201","0.006954977288842201","0.006954977288842201"
"55953","0.00785801000893116","0.00785801000893116","0.00785801000893116"
"55958","0.008309497497975826","0.008309497497975826","0.008309497497975826"
"55969","0.009182991459965706","0.009182991459965706","0.009182991459965706"
"55977","0.007844209671020508","0.007844209671020508","0.007844209671020508"
"55980","0.009657306596636772","0.009657306596636772","0.009657306596636772"
"55987","0.006746097467839718","0.006746097467839718","0.006746097467839718"
"56009","0.009460074827075005","0.009460074827075005","0.009460074827075005"
"56013","0.010091589763760567","0.010091589763760567","0.010091589763760567"
"56020","0.007154478225857019","0.007154478225857019","0.007154478225857019"
"56022","0.009645789861679077","0.009645789861679077","0.009645789861679077"
"56023","0.009944071061909199","0.009944071061909199","0.009944071061909199"
"56036","0.007962402887642384","0.007962402887642384","0.007962402887642384"
"56037","0.007653301581740379","0.007653301581740379","0.007653301581740379"
"56042","0.007891500368714333","0.007891500368714333","0.007891500368714333"
"56051","0.007094932720065117","0.007094932720065117","0.007094932720065117"
"56061","0.007848230190575123","0.007848230190575123","0.007848230190575123"
"56064","0.009891497902572155","0.009891497902572155","0.009891497902572155"
"56068","0.011008592322468758","0.011008592322468758","0.011008592322468758"
"56078","0.009377719834446907","0.009377719834446907","0.009377719834446907"
"56099","0.009338685311377048","0.009338685311377048","0.009338685311377048"
"56102","0.008996836841106415","0.008996836841106415","0.008996836841106415"
"56105","0.006951536517590284","0.006951536517590284","0.006951536517590284"
"56163","0.008089793846011162","0.008089793846011162","0.008089793846011162"
"56180","0.007381129544228315","0.007381129544228315","0.007381129544228315"
"56196","0.0100163659080863","0.0100163659080863","0.0100163659080863"
"56212","0.0059157866053283215","0.0059157866053283215","0.0059157866053283215"
"56216","0.0071409945376217365","0.0071409945376217365","0.0071409945376217365"
"56220","0.006482170894742012","0.006482170894742012","0.006482170894742012"
"56226","0.009372691623866558","0.009372691623866558","0.009372691623866558"
"56229","0.007464490365236998","0.007464490365236998","0.007464490365236998"
"56233","0.009464538656175137","0.009464538656175137","0.009464538656175137"
"56245","0.00968503300100565","0.00968503300100565","0.00968503300100565"
"56263","0.008965963497757912","0.008965963497757912","0.008965963497757912"
"56264","0.006548745557665825","0.006548745557665825","0.006548745557665825"
"56290","0.008111720904707909","0.008111720904707909","0.008111720904707909"
"56350","0.008024096488952637","0.008024096488952637","0.008024096488952637"
"56355","0.008762317709624767","0.008762317709624767","0.008762317709624767"
"56356","0.005785858724266291","0.005785858724266291","0.005785858724266291"
"56366","0.0079715671017766","0.0079715671017766","0.0079715671017766"
"56371","0.008404752239584923","0.008404752239584923","0.008404752239584923"
"56374","0.0065648057498037815","0.0065648057498037815","0.0065648057498037815"
"56379","0.0070421271957457066","0.0070421271957457066","0.0070421271957457066"
"56383","0.006098245270550251","0.006098245270550251","0.006098245270550251"
"56396","0.009121217764914036","0.009121217764914036","0.009121217764914036"
"56400","0.00903551559895277","0.00903551559895277","0.00903551559895277"
"56405","0.0068427701480686665","0.0068427701480686665","0.0068427701480686665"
"56406","0.006504414603114128","0.006504414603114128","0.006504414603114128"
"56415","0.00924669485539198","0.00924669485539198","0.00924669485539198"
"56425","0.008917774073779583","0.008917774073779583","0.008917774073779583"
"56445","0.008494921028614044","0.008494921028614044","0.008494921028614044"
"56451","0.005857892334461212","0.005857892334461212","0.005857892334461212"
"56452","0.008632692508399487","0.008632692508399487","0.008632692508399487"
"56460","0.008430927991867065","0.008430927991867065","0.008430927991867065"
"56466","0.008691699244081974","0.008691699244081974","0.008691699244081974"
"56468","0.007968230172991753","0.007968230172991753","0.007968230172991753"
"56469","0.007244979031383991","0.007244979031383991","0.007244979031383991"
"56490","0.009567645378410816","0.009567645378410816","0.009567645378410816"
"56496","0.006966810207813978","0.006966810207813978","0.006966810207813978"
"56505","0.007048272993415594","0.007048272993415594","0.007048272993415594"
"56527","0.010288705118000507","0.010288705118000507","0.010288705118000507"
"56533","0.009369486011564732","0.009369486011564732","0.009369486011564732"
"56541","0.008763386867940426","0.008763386867940426","0.008763386867940426"
"56570","0.007207526359707117","0.007207526359707117","0.007207526359707117"
"56576","0.00687585212290287","0.00687585212290287","0.00687585212290287"
"56598","0.011162299662828445","0.011162299662828445","0.011162299662828445"
"56612","0.006744710728526115","0.006744710728526115","0.006744710728526115"
"56637","0.008483692072331905","0.008483692072331905","0.008483692072331905"
"56638","0.006031102500855923","0.006031102500855923","0.006031102500855923"
"56645","0.006473651621490717","0.006473651621490717","0.006473651621490717"
"56653","0.00873694010078907","0.00873694010078907","0.00873694010078907"
"56662","0.010963224805891514","0.010963224805891514","0.010963224805891514"
"56666","0.00905604101717472","0.00905604101717472","0.00905604101717472"
"56715","0.008052890188992023","0.008052890188992023","0.008052890188992023"
"56717","0.0067515443079173565","0.0067515443079173565","0.0067515443079173565"
"56720","0.007536633871495724","0.007536633871495724","0.007536633871495724"
"56732","0.009404158219695091","0.009404158219695091","0.009404158219695091"
"56733","0.009944691322743893","0.009944691322743893","0.009944691322743893"
"56734","0.00565255107358098","0.00565255107358098","0.00565255107358098"
"56739","0.008752831257879734","0.008752831257879734","0.008752831257879734"
"56754","0.008565743453800678","0.008565743453800678","0.008565743453800678"
"56757","0.008703062310814857","0.008703062310814857","0.008703062310814857"
"56770","0.008549189195036888","0.008549189195036888","0.008549189195036888"
"56779","0.007180216256529093","0.007180216256529093","0.007180216256529093"
"56806","0.00991970207542181","0.00991970207542181","0.00991970207542181"
"56807","0.007201658096164465","0.007201658096164465","0.007201658096164465"
"56816","0.007950130850076675","0.007950130850076675","0.007950130850076675"
"56820","0.007440707180649042","0.007440707180649042","0.007440707180649042"
"56845","0.008414492942392826","0.008414492942392826","0.008414492942392826"
"56874","0.008183675818145275","0.008183675818145275","0.008183675818145275"
"56878","0.009001540951430798","0.009001540951430798","0.009001540951430798"
"56890","0.008378257043659687","0.008378257043659687","0.008378257043659687"
"56894","0.006625174544751644","0.006625174544751644","0.006625174544751644"
"56902","0.00920352153480053","0.00920352153480053","0.00920352153480053"
"56905","0.00932137481868267","0.00932137481868267","0.00932137481868267"
"56930","0.009752817451953888","0.009752817451953888","0.009752817451953888"
"56945","0.008066060952842236","0.008066060952842236","0.008066060952842236"
"56961","0.007194034289568663","0.007194034289568663","0.007194034289568663"
"56988","0.008189136162400246","0.008189136162400246","0.008189136162400246"
"56991","0.007078010123223066","0.007078010123223066","0.007078010123223066"
"57015","0.00886601209640503","0.00886601209640503","0.00886601209640503"
"57017","0.008622287772595882","0.008622287772595882","0.008622287772595882"
"57040","0.008982210420072079","0.008982210420072079","0.008982210420072079"
"57060","0.007017741445451975","0.007017741445451975","0.007017741445451975"
"57068","0.009375347755849361","0.009375347755849361","0.009375347755849361"
"57072","0.00950092077255249","0.00950092077255249","0.00950092077255249"
"57082","0.007666430436074734","0.007666430436074734","0.007666430436074734"
"57112","0.00789891742169857","0.00789891742169857","0.00789891742169857"
"57119","0.009183287620544434","0.009183287620544434","0.009183287620544434"
"57134","0.008879988454282284","0.008879988454282284","0.008879988454282284"
"57135","0.007935446687042713","0.007935446687042713","0.007935446687042713"
"57138","0.009206232614815235","0.009206232614815235","0.009206232614815235"
"57147","0.008271309547126293","0.008271309547126293","0.008271309547126293"
"57148","0.009499420411884785","0.009499420411884785","0.009499420411884785"
"57155","0.0063654575496912","0.0063654575496912","0.0063654575496912"
"57157","0.006864452268928289","0.006864452268928289","0.006864452268928289"
"57173","0.006550468038767576","0.006550468038767576","0.006550468038767576"
"57174","0.010069315321743488","0.010069315321743488","0.010069315321743488"
"57186","0.007989127188920975","0.007989127188920975","0.007989127188920975"
"57190","0.010452503338456154","0.010452503338456154","0.010452503338456154"
"57203","0.006497854366898537","0.006497854366898537","0.006497854366898537"
"57206","0.008823767304420471","0.008823767304420471","0.008823767304420471"
"57210","0.008765876293182373","0.008765876293182373","0.008765876293182373"
"57218","0.010060693137347698","0.010060693137347698","0.010060693137347698"
"57245","0.0063503216952085495","0.0063503216952085495","0.0063503216952085495"
"57248","0.011470628902316093","0.011470628902316093","0.011470628902316093"
"57252","0.010660916566848755","0.010660916566848755","0.010660916566848755"
"57261","0.008916251361370087","0.008916251361370087","0.008916251361370087"
"57266","0.010425816290080547","0.010425816290080547","0.010425816290080547"
"57274","0.008651535026729107","0.008651535026729107","0.008651535026729107"
"57275","0.007603377569466829","0.007603377569466829","0.007603377569466829"
"57283","0.0064612990245223045","0.0064612990245223045","0.0064612990245223045"
"57288","0.007634378038346767","0.007634378038346767","0.007634378038346767"
"57296","0.008970070630311966","0.008970070630311966","0.008970070630311966"
"57315","0.008684494532644749","0.008684494532644749","0.008684494532644749"
"57320","0.005849335342645645","0.005849335342645645","0.005849335342645645"
"57329","0.006490453612059355","0.006490453612059355","0.006490453612059355"
"57365","0.006575881969183683","0.006575881969183683","0.006575881969183683"
"57378","0.00627983920276165","0.00627983920276165","0.00627983920276165"
"57382","0.005607291590422392","0.005607291590422392","0.005607291590422392"
"57402","0.008307503536343575","0.008307503536343575","0.008307503536343575"
"57414","0.009777475148439407","0.009777475148439407","0.009777475148439407"
"57432","0.0073652248829603195","0.0073652248829603195","0.0073652248829603195"
"57441","0.009871474467217922","0.009871474467217922","0.009871474467217922"
"57448","0.007206677459180355","0.007206677459180355","0.007206677459180355"
"57453","0.010191750712692738","0.010191750712692738","0.010191750712692738"
"57456","0.0064049456268548965","0.0064049456268548965","0.0064049456268548965"
"57470","0.006098335608839989","0.006098335608839989","0.006098335608839989"
"57480","0.006094799842685461","0.006094799842685461","0.006094799842685461"
"57482","0.005721319932490587","0.005721319932490587","0.005721319932490587"
"57500","0.007883978076279163","0.007883978076279163","0.007883978076279163"
"57506","0.009808169677853584","0.009808169677853584","0.009808169677853584"
"57509","0.009087770245969296","0.009087770245969296","0.009087770245969296"
"57571","0.008392440155148506","0.008392440155148506","0.008392440155148506"
"57621","0.006605589762330055","0.006605589762330055","0.006605589762330055"
"57624","0.007870947942137718","0.007870947942137718","0.007870947942137718"
"57625","0.008268048986792564","0.008268048986792564","0.008268048986792564"
"57628","0.00667787017300725","0.00667787017300725","0.00667787017300725"
"57632","0.007954764179885387","0.007954764179885387","0.007954764179885387"
"57634","0.008413094095885754","0.008413094095885754","0.008413094095885754"
"57640","0.010188298299908638","0.010188298299908638","0.010188298299908638"
"57650","0.007257390767335892","0.007257390767335892","0.007257390767335892"
"57657","0.008379940874874592","0.008379940874874592","0.008379940874874592"
"57673","0.00825347751379013","0.00825347751379013","0.00825347751379013"
"57689","0.00819120742380619","0.00819120742380619","0.00819120742380619"
"57742","0.007650364190340042","0.007650364190340042","0.007650364190340042"
"57783","0.008372538723051548","0.008372538723051548","0.008372538723051548"
"57784","0.010543768294155598","0.010543768294155598","0.010543768294155598"
"57816","0.00917749758809805","0.00917749758809805","0.00917749758809805"
"57827","0.006247378420084715","0.006247378420084715","0.006247378420084715"
"57830","0.008908567018806934","0.008908567018806934","0.008908567018806934"
"57839","0.008629875257611275","0.008629875257611275","0.008629875257611275"
"57854","0.00804213061928749","0.00804213061928749","0.00804213061928749"
"57858","0.007961937226355076","0.007961937226355076","0.007961937226355076"
"57862","0.008664223365485668","0.008664223365485668","0.008664223365485668"
"57889","0.009139316156506538","0.009139316156506538","0.009139316156506538"
"57911","0.008745093829929829","0.008745093829929829","0.008745093829929829"
"57931","0.0068867746740579605","0.0068867746740579605","0.0068867746740579605"
"57943","0.00886210985481739","0.00886210985481739","0.00886210985481739"
"57959","0.006724230013787746","0.006724230013787746","0.006724230013787746"
"57971","0.007646786980330944","0.007646786980330944","0.007646786980330944"
"57986","0.0063394769094884396","0.0063394769094884396","0.0063394769094884396"
"58007","0.01077905111014843","0.01077905111014843","0.01077905111014843"
"58014","0.008710135705769062","0.008710135705769062","0.008710135705769062"
"58025","0.006717340555042028","0.006717340555042028","0.006717340555042028"
"58032","0.006017451174557209","0.006017451174557209","0.006017451174557209"
"58035","0.0083107128739357","0.0083107128739357","0.0083107128739357"
"58045","0.01045247446745634","0.01045247446745634","0.01045247446745634"
"58052","0.007892546243965626","0.007892546243965626","0.007892546243965626"
"58054","0.00729945907369256","0.00729945907369256","0.00729945907369256"
"58057","0.008627541363239288","0.008627541363239288","0.008627541363239288"
"58060","0.009840846061706543","0.009840846061706543","0.009840846061706543"
"58065","0.00879079569131136","0.00879079569131136","0.00879079569131136"
"58083","0.00692865950986743","0.00692865950986743","0.00692865950986743"
"58095","0.008771228604018688","0.008771228604018688","0.008771228604018688"
"58127","0.006754725240170956","0.006754725240170956","0.006754725240170956"
"58135","0.0073139863088727","0.0073139863088727","0.0073139863088727"
"58148","0.006728806532919407","0.006728806532919407","0.006728806532919407"
"58160","0.010611582547426224","0.010611582547426224","0.010611582547426224"
"58161","0.007444779854267836","0.007444779854267836","0.007444779854267836"
"58171","0.013197840191423893","0.013197840191423893","0.013197840191423893"
"58180","0.008065476082265377","0.008065476082265377","0.008065476082265377"
"58202","0.009571635164320469","0.009571635164320469","0.009571635164320469"
"58206","0.009030074812471867","0.009030074812471867","0.009030074812471867"
"58211","0.010764475911855698","0.010764475911855698","0.010764475911855698"
"58220","0.009170602075755596","0.009170602075755596","0.009170602075755596"
"58230","0.008425193838775158","0.008425193838775158","0.008425193838775158"
"58237","0.011258527636528015","0.011258527636528015","0.011258527636528015"
"58244","0.0076980250887572765","0.0076980250887572765","0.0076980250887572765"
"58250","0.011251116171479225","0.011251116171479225","0.011251116171479225"
"58253","0.008236025460064411","0.008236025460064411","0.008236025460064411"
"58263","0.008449772372841835","0.008449772372841835","0.008449772372841835"
"58269","0.007477391045540571","0.007477391045540571","0.007477391045540571"
"58273","0.010141774080693722","0.010141774080693722","0.010141774080693722"
"58274","0.010023333132266998","0.010023333132266998","0.010023333132266998"
"58276","0.00951398815959692","0.00951398815959692","0.00951398815959692"
"58280","0.00812038965523243","0.00812038965523243","0.00812038965523243"
"58282","0.009327431209385395","0.009327431209385395","0.009327431209385395"
"58283","0.009044501930475235","0.009044501930475235","0.009044501930475235"
"58292","0.00880886148661375","0.00880886148661375","0.00880886148661375"
"58296","0.009840256534516811","0.009840256534516811","0.009840256534516811"
"58321","0.005677669774740934","0.005677669774740934","0.005677669774740934"
"58340","0.008561809547245502","0.008561809547245502","0.008561809547245502"
"58358","0.009572467766702175","0.009572467766702175","0.009572467766702175"
"58391","0.00696189608424902","0.00696189608424902","0.00696189608424902"
"58398","0.008645474910736084","0.008645474910736084","0.008645474910736084"
"58406","0.010016776621341705","0.010016776621341705","0.010016776621341705"
"58407","0.007494557648897171","0.007494557648897171","0.007494557648897171"
"58410","0.008133155293762684","0.008133155293762684","0.008133155293762684"
"58422","0.010915420018136501","0.010915420018136501","0.010915420018136501"
"58425","0.007167214527726173","0.007167214527726173","0.007167214527726173"
"58431","0.011359415017068386","0.011359415017068386","0.011359415017068386"
"58444","0.008240547962486744","0.008240547962486744","0.008240547962486744"
"58445","0.010242480784654617","0.010242480784654617","0.010242480784654617"
"58447","0.007733667269349098","0.007733667269349098","0.007733667269349098"
"58449","0.008541299030184746","0.008541299030184746","0.008541299030184746"
"58458","0.010234585963189602","0.010234585963189602","0.010234585963189602"
"58468","0.009823767468333244","0.009823767468333244","0.009823767468333244"
"58477","0.009225180372595787","0.009225180372595787","0.009225180372595787"
"58479","0.008433448150753975","0.008433448150753975","0.008433448150753975"
"58485","0.006822584662586451","0.006822584662586451","0.006822584662586451"
"58487","0.007920718751847744","0.007920718751847744","0.007920718751847744"
"58501","0.009216904640197754","0.009216904640197754","0.009216904640197754"
"58502","0.006292732898145914","0.006292732898145914","0.006292732898145914"
"58503","0.009724720381200314","0.009724720381200314","0.009724720381200314"
"58510","0.00617644377052784","0.00617644377052784","0.00617644377052784"
"58532","0.006531999912112951","0.006531999912112951","0.006531999912112951"
"58544","0.00750109925866127","0.00750109925866127","0.00750109925866127"
"58550","0.006636429578065872","0.006636429578065872","0.006636429578065872"
"58562","0.008931095711886883","0.008931095711886883","0.008931095711886883"
"58564","0.009285841137170792","0.009285841137170792","0.009285841137170792"
"58582","0.00797426700592041","0.00797426700592041","0.00797426700592041"
"58583","0.007381074596196413","0.007381074596196413","0.007381074596196413"
"58587","0.008776026777923107","0.008776026777923107","0.008776026777923107"
"58590","0.006647133734077215","0.006647133734077215","0.006647133734077215"
"58595","0.005765481386333704","0.005765481386333704","0.005765481386333704"
"58609","0.008747950196266174","0.008747950196266174","0.008747950196266174"
"58620","0.007030819077044725","0.007030819077044725","0.007030819077044725"
"58641","0.006604913622140884","0.006604913622140884","0.006604913622140884"
"58655","0.007708562538027763","0.007708562538027763","0.007708562538027763"
"58659","0.009535816498100758","0.009535816498100758","0.009535816498100758"
"58660","0.0059228879399597645","0.0059228879399597645","0.0059228879399597645"
"58664","0.00887216068804264","0.00887216068804264","0.00887216068804264"
"58665","0.00916842557489872","0.00916842557489872","0.00916842557489872"
"58681","0.006636130157858133","0.006636130157858133","0.006636130157858133"
"58707","0.009938592091202736","0.009938592091202736","0.009938592091202736"
"58711","0.008871249854564667","0.008871249854564667","0.008871249854564667"
"58712","0.008755668997764587","0.008755668997764587","0.008755668997764587"
"58717","0.006464547943323851","0.006464547943323851","0.006464547943323851"
"58734","0.007843990810215473","0.007843990810215473","0.007843990810215473"
"58738","0.006930924486368895","0.006930924486368895","0.006930924486368895"
"58765","0.010967378504574299","0.010967378504574299","0.010967378504574299"
"58768","0.009643612429499626","0.009643612429499626","0.009643612429499626"
"58777","0.006327414885163307","0.006327414885163307","0.006327414885163307"
"58783","0.007406380958855152","0.007406380958855152","0.007406380958855152"
"58785","0.005855815950781107","0.005855815950781107","0.005855815950781107"
"58793","0.00789426639676094","0.00789426639676094","0.00789426639676094"
"58794","0.006643751170486212","0.006643751170486212","0.006643751170486212"
"58810","0.008707180619239807","0.008707180619239807","0.008707180619239807"
"58812","0.008799283765256405","0.008799283765256405","0.008799283765256405"
"58823","0.007218020968139172","0.007218020968139172","0.007218020968139172"
"58850","0.00747629813849926","0.00747629813849926","0.00747629813849926"
"58859","0.007930769585072994","0.007930769585072994","0.007930769585072994"
"58874","0.007897903211414814","0.007897903211414814","0.007897903211414814"
"58877","0.008744952268898487","0.008744952268898487","0.008744952268898487"
"58884","0.008685543201863766","0.008685543201863766","0.008685543201863766"
"58885","0.010348357260227203","0.010348357260227203","0.010348357260227203"
"58894","0.00923234410583973","0.00923234410583973","0.00923234410583973"
"58895","0.007714949082583189","0.007714949082583189","0.007714949082583189"
"58899","0.010348199866712093","0.010348199866712093","0.010348199866712093"
"58902","0.011382991448044777","0.011382991448044777","0.011382991448044777"
"58906","0.007080132607370615","0.007080132607370615","0.007080132607370615"
"58953","0.009213447570800781","0.009213447570800781","0.009213447570800781"
"58959","0.01207501906901598","0.01207501906901598","0.01207501906901598"
"58963","0.007624939549714327","0.007624939549714327","0.007624939549714327"
"58973","0.0068333204835653305","0.0068333204835653305","0.0068333204835653305"
"58978","0.007391531951725483","0.007391531951725483","0.007391531951725483"
"59004","0.009843497537076473","0.009843497537076473","0.009843497537076473"
"59012","0.007963587529957294","0.007963587529957294","0.007963587529957294"
"59018","0.009671930223703384","0.009671930223703384","0.009671930223703384"
"59022","0.007370358798652887","0.007370358798652887","0.007370358798652887"
"59023","0.007226514630019665","0.007226514630019665","0.007226514630019665"
"59051","0.008203243836760521","0.008203243836760521","0.008203243836760521"
"59059","0.007993514649569988","0.007993514649569988","0.007993514649569988"
"59082","0.009480942040681839","0.009480942040681839","0.009480942040681839"
"59099","0.0062272814102470875","0.0062272814102470875","0.0062272814102470875"
"59113","0.008586587384343147","0.008586587384343147","0.008586587384343147"
"59133","0.007633401546627283","0.007633401546627283","0.007633401546627283"
"59139","0.010147005319595337","0.010147005319595337","0.010147005319595337"
"59146","0.008016625419259071","0.008016625419259071","0.008016625419259071"
"59175","0.006566652562469244","0.006566652562469244","0.006566652562469244"
"59201","0.00821113120764494","0.00821113120764494","0.00821113120764494"
"59208","0.008838496170938015","0.008838496170938015","0.008838496170938015"
"59220","0.0088276918977499","0.0088276918977499","0.0088276918977499"
"59223","0.009380951523780823","0.009380951523780823","0.009380951523780823"
"59225","0.007433354388922453","0.007433354388922453","0.007433354388922453"
"59247","0.007253075018525124","0.007253075018525124","0.007253075018525124"
"59255","0.006233325693756342","0.006233325693756342","0.006233325693756342"
"59266","0.007041256409138441","0.007041256409138441","0.007041256409138441"
"59283","0.006008450407534838","0.006008450407534838","0.006008450407534838"
"59292","0.009472440928220749","0.009472440928220749","0.009472440928220749"
"59300","0.010272077284753323","0.010272077284753323","0.010272077284753323"
"59311","0.009657325223088264","0.009657325223088264","0.009657325223088264"
"59343","0.007637637667357922","0.007637637667357922","0.007637637667357922"
"59352","0.008352197706699371","0.008352197706699371","0.008352197706699371"
"59354","0.0076968129724264145","0.0076968129724264145","0.0076968129724264145"
"59378","0.007817506790161133","0.007817506790161133","0.007817506790161133"
"59393","0.009692429564893246","0.009692429564893246","0.009692429564893246"
"59394","0.008499064482748508","0.008499064482748508","0.008499064482748508"
"59407","0.008542126975953579","0.008542126975953579","0.008542126975953579"
"59409","0.008768579922616482","0.008768579922616482","0.008768579922616482"
"59410","0.010152841918170452","0.010152841918170452","0.010152841918170452"
"59412","0.007757128681987524","0.007757128681987524","0.007757128681987524"
"59413","0.009897686541080475","0.009897686541080475","0.009897686541080475"
"59415","0.008692610077559948","0.008692610077559948","0.008692610077559948"
"59427","0.007049058564007282","0.007049058564007282","0.007049058564007282"
"59470","0.0070197624154388905","0.0070197624154388905","0.0070197624154388905"
"59482","0.011004381813108921","0.011004381813108921","0.011004381813108921"
"59491","0.008486129343509674","0.008486129343509674","0.008486129343509674"
"59494","0.008251812309026718","0.008251812309026718","0.008251812309026718"
"59500","0.007463972549885511","0.007463972549885511","0.007463972549885511"
"59505","0.009679797105491161","0.009679797105491161","0.009679797105491161"
"59530","0.009956032037734985","0.009956032037734985","0.009956032037734985"
"59565","0.0072916592471301556","0.0072916592471301556","0.0072916592471301556"
"59569","0.00841180607676506","0.00841180607676506","0.00841180607676506"
"59589","0.00770325493067503","0.00770325493067503","0.00770325493067503"
"59604","0.008843299932777882","0.008843299932777882","0.008843299932777882"
"59605","0.00865077879279852","0.00865077879279852","0.00865077879279852"
"59610","0.009878660552203655","0.009878660552203655","0.009878660552203655"
"59623","0.00909008551388979","0.00909008551388979","0.00909008551388979"
"59626","0.00811762735247612","0.00811762735247612","0.00811762735247612"
"59633","0.012429634109139442","0.012429634109139442","0.012429634109139442"
"59634","0.008587270975112915","0.008587270975112915","0.008587270975112915"
"59639","0.009968854486942291","0.009968854486942291","0.009968854486942291"
"59640","0.01017383486032486","0.01017383486032486","0.01017383486032486"
"59646","0.0072054085321724415","0.0072054085321724415","0.0072054085321724415"
"59653","0.010737662203609943","0.010737662203609943","0.010737662203609943"
"59659","0.010441172868013382","0.010441172868013382","0.010441172868013382"
"59675","0.00814791489392519","0.00814791489392519","0.00814791489392519"
"59676","0.009568482637405396","0.009568482637405396","0.009568482637405396"
"59692","0.010540994815528393","0.010540994815528393","0.010540994815528393"
"59693","0.008779564872384071","0.008779564872384071","0.008779564872384071"
"59708","0.006931838113814592","0.006931838113814592","0.006931838113814592"
"59722","0.007024130783975124","0.007024130783975124","0.007024130783975124"
"59758","0.007918487302958965","0.007918487302958965","0.007918487302958965"
"59762","0.00980770867317915","0.00980770867317915","0.00980770867317915"
"59766","0.008104685693979263","0.008104685693979263","0.008104685693979263"
"59778","0.006071015261113644","0.006071015261113644","0.006071015261113644"
"59784","0.0077644032426178455","0.0077644032426178455","0.0077644032426178455"
"59801","0.007957630790770054","0.007957630790770054","0.007957630790770054"
"59804","0.008986045606434345","0.008986045606434345","0.008986045606434345"
"59817","0.008617458865046501","0.008617458865046501","0.008617458865046501"
"59820","0.007997596636414528","0.007997596636414528","0.007997596636414528"
"59830","0.008254422806203365","0.008254422806203365","0.008254422806203365"
"59837","0.009439024142920971","0.009439024142920971","0.009439024142920971"
"59840","0.00908952858299017","0.00908952858299017","0.00908952858299017"
"59843","0.008790737949311733","0.008790737949311733","0.008790737949311733"
"59847","0.00969360489398241","0.00969360489398241","0.00969360489398241"
"59851","0.00827968493103981","0.00827968493103981","0.00827968493103981"
"59858","0.007487161085009575","0.007487161085009575","0.007487161085009575"
"59859","0.00793987512588501","0.00793987512588501","0.00793987512588501"
"59876","0.009241144172847271","0.009241144172847271","0.009241144172847271"
"59898","0.008211208507418633","0.008211208507418633","0.008211208507418633"
"59913","0.00962561834603548","0.00962561834603548","0.00962561834603548"
"59915","0.006564558949321508","0.006564558949321508","0.006564558949321508"
"59925","0.010730849578976631","0.010730849578976631","0.010730849578976631"
"59955","0.009858548641204834","0.009858548641204834","0.009858548641204834"
"59959","0.008615885861217976","0.008615885861217976","0.008615885861217976"
"59961","0.009125782176852226","0.009125782176852226","0.009125782176852226"
"59966","0.008352458477020264","0.008352458477020264","0.008352458477020264"
"59968","0.006028901319950819","0.006028901319950819","0.006028901319950819"
"59987","0.007335221394896507","0.007335221394896507","0.007335221394896507"
"60019","0.005964841227978468","0.005964841227978468","0.005964841227978468"
"60039","0.006236273795366287","0.006236273795366287","0.006236273795366287"
"60040","0.007799981627613306","0.007799981627613306","0.007799981627613306"
"60058","0.00836376566439867","0.00836376566439867","0.00836376566439867"
"60066","0.008389418013393879","0.008389418013393879","0.008389418013393879"
"60076","0.008631536737084389","0.008631536737084389","0.008631536737084389"
"60079","0.0068699754774570465","0.0068699754774570465","0.0068699754774570465"
"60093","0.00834827683866024","0.00834827683866024","0.00834827683866024"
"60100","0.007035338785499334","0.007035338785499334","0.007035338785499334"
"60144","0.010476869530975819","0.010476869530975819","0.010476869530975819"
"60145","0.009109953418374062","0.009109953418374062","0.009109953418374062"
"60150","0.008733726106584072","0.008733726106584072","0.008733726106584072"
"60157","0.009418157860636711","0.009418157860636711","0.009418157860636711"
"60167","0.00948408991098404","0.00948408991098404","0.00948408991098404"
"60189","0.00901149120181799","0.00901149120181799","0.00901149120181799"
"60215","0.00825270265340805","0.00825270265340805","0.00825270265340805"
"60227","0.009877505712211132","0.009877505712211132","0.009877505712211132"
"60229","0.0083932401612401","0.0083932401612401","0.0083932401612401"
"60232","0.006800439674407244","0.006800439674407244","0.006800439674407244"
"60240","0.009144986979663372","0.009144986979663372","0.009144986979663372"
"60245","0.00972178764641285","0.00972178764641285","0.00972178764641285"
"60257","0.009562082588672638","0.009562082588672638","0.009562082588672638"
"60259","0.008212410844862461","0.008212410844862461","0.008212410844862461"
"60262","0.009310497902333736","0.009310497902333736","0.009310497902333736"
"60263","0.007198917213827372","0.007198917213827372","0.007198917213827372"
"60275","0.010424502193927765","0.010424502193927765","0.010424502193927765"
"60281","0.007221153471618891","0.007221153471618891","0.007221153471618891"
"60293","0.0095634451135993","0.0095634451135993","0.0095634451135993"
"60313","0.008193864487111568","0.008193864487111568","0.008193864487111568"
"60337","0.009564940817654133","0.009564940817654133","0.009564940817654133"
"60340","0.00623069703578949","0.00623069703578949","0.00623069703578949"
"60368","0.006671274080872536","0.006671274080872536","0.006671274080872536"
"60372","0.007475437130779028","0.007475437130779028","0.007475437130779028"
"60401","0.0069322120398283005","0.0069322120398283005","0.0069322120398283005"
"60410","0.009055073373019695","0.009055073373019695","0.009055073373019695"
"60416","0.006620332133024931","0.006620332133024931","0.006620332133024931"
"60419","0.005798031575977802","0.005798031575977802","0.005798031575977802"
"60426","0.009152938611805439","0.009152938611805439","0.009152938611805439"
"60455","0.009189966134727001","0.009189966134727001","0.009189966134727001"
"60459","0.006354979705065489","0.006354979705065489","0.006354979705065489"
"60477","0.005885259248316288","0.005885259248316288","0.005885259248316288"
"60490","0.00868522934615612","0.00868522934615612","0.00868522934615612"
"60529","0.008882216177880764","0.008882216177880764","0.008882216177880764"
"60548","0.010119397193193436","0.010119397193193436","0.010119397193193436"
"60598","0.008558342233300209","0.008558342233300209","0.008558342233300209"
"60610","0.008231326006352901","0.008231326006352901","0.008231326006352901"
"60625","0.008917241357266903","0.008917241357266903","0.008917241357266903"
"60647","0.008912471123039722","0.008912471123039722","0.008912471123039722"
"60649","0.009814344346523285","0.009814344346523285","0.009814344346523285"
"60670","0.008337803184986115","0.008337803184986115","0.008337803184986115"
"60671","0.00525198457762599","0.00525198457762599","0.00525198457762599"
"60678","0.007535040844231844","0.007535040844231844","0.007535040844231844"
"60705","0.008793606422841549","0.008793606422841549","0.008793606422841549"
"60718","0.00843101553618908","0.00843101553618908","0.00843101553618908"
"60721","0.007550335023552179","0.007550335023552179","0.007550335023552179"
"60735","0.009810511954128742","0.009810511954128742","0.009810511954128742"
"60748","0.008009713143110275","0.008009713143110275","0.008009713143110275"
"60755","0.009660916402935982","0.009660916402935982","0.009660916402935982"
"60776","0.008364499546587467","0.008364499546587467","0.008364499546587467"
"60788","0.008824162185192108","0.008824162185192108","0.008824162185192108"
"60792","0.009394140914082527","0.009394140914082527","0.009394140914082527"
"60800","0.00893867202103138","0.00893867202103138","0.00893867202103138"
"60801","0.008113210089504719","0.008113210089504719","0.008113210089504719"
"60831","0.008943428285419941","0.008943428285419941","0.008943428285419941"
"60833","0.00967357773333788","0.00967357773333788","0.00967357773333788"
"60847","0.006965406704694033","0.006965406704694033","0.006965406704694033"
"60855","0.00830282922834158","0.00830282922834158","0.00830282922834158"
"60857","0.007325274869799614","0.007325274869799614","0.007325274869799614"
"60863","0.008203839883208275","0.008203839883208275","0.008203839883208275"
"60887","0.007331372704356909","0.007331372704356909","0.007331372704356909"
"60896","0.007517731282860041","0.007517731282860041","0.007517731282860041"
"60897","0.007475464604794979","0.007475464604794979","0.007475464604794979"
"60908","0.008926087990403175","0.008926087990403175","0.008926087990403175"
"60940","0.008548974059522152","0.008548974059522152","0.008548974059522152"
"60963","0.00932521652430296","0.00932521652430296","0.00932521652430296"
"60973","0.00781176658347249","0.00781176658347249","0.00781176658347249"
"60979","0.008400626480579376","0.008400626480579376","0.008400626480579376"
"60984","0.007548097521066666","0.007548097521066666","0.007548097521066666"
"61000","0.0068405973725020885","0.0068405973725020885","0.0068405973725020885"
"61009","0.00451270118355751","0.00451270118355751","0.00451270118355751"
"61014","0.006764272227883339","0.006764272227883339","0.006764272227883339"
"61034","0.01136146392673254","0.01136146392673254","0.01136146392673254"
"61057","0.006046619266271591","0.006046619266271591","0.006046619266271591"
"61066","0.006364017259329557","0.006364017259329557","0.006364017259329557"
"61080","0.006120251026004553","0.006120251026004553","0.006120251026004553"
"61081","0.006745364051312208","0.006745364051312208","0.006745364051312208"
"61085","0.005251448135823011","0.005251448135823011","0.005251448135823011"
"61086","0.009455022402107716","0.009455022402107716","0.009455022402107716"
"61090","0.008723760023713112","0.008723760023713112","0.008723760023713112"
"61092","0.008427340537309647","0.008427340537309647","0.008427340537309647"
"61094","0.005844473838806152","0.005844473838806152","0.005844473838806152"
"61098","0.00787737499922514","0.00787737499922514","0.00787737499922514"
"61112","0.008655069395899773","0.008655069395899773","0.008655069395899773"
"61115","0.00727626821026206","0.00727626821026206","0.00727626821026206"
"61117","0.010085095651447773","0.010085095651447773","0.010085095651447773"
"61126","0.006454710848629475","0.006454710848629475","0.006454710848629475"
"61127","0.00850314274430275","0.00850314274430275","0.00850314274430275"
"61167","0.007748201955109835","0.007748201955109835","0.007748201955109835"
"61175","0.008366305381059647","0.008366305381059647","0.008366305381059647"
"61177","0.00792017113417387","0.00792017113417387","0.00792017113417387"
"61182","0.008838494308292866","0.008838494308292866","0.008838494308292866"
"61193","0.007269289810210466","0.007269289810210466","0.007269289810210466"
"61205","0.008560294285416603","0.008560294285416603","0.008560294285416603"
"61209","0.008604730479419231","0.008604730479419231","0.008604730479419231"
"61222","0.010590634308755398","0.010590634308755398","0.010590634308755398"
"61235","0.007799313869327307","0.007799313869327307","0.007799313869327307"
"61239","0.008940421044826508","0.008940421044826508","0.008940421044826508"
"61254","0.009061583317816257","0.009061583317816257","0.009061583317816257"
"61265","0.006548841018229723","0.006548841018229723","0.006548841018229723"
"61295","0.008117138408124447","0.008117138408124447","0.008117138408124447"
"61299","0.009407209232449532","0.009407209232449532","0.009407209232449532"
"61302","0.009663509204983711","0.009663509204983711","0.009663509204983711"
"61304","0.008657800033688545","0.008657800033688545","0.008657800033688545"
"61309","0.009694192558526993","0.009694192558526993","0.009694192558526993"
"61311","0.006877876352518797","0.006877876352518797","0.006877876352518797"
"61323","0.009625661186873913","0.009625661186873913","0.009625661186873913"
"61329","0.008974719792604446","0.008974719792604446","0.008974719792604446"
"61336","0.010807398706674576","0.010807398706674576","0.010807398706674576"
"61348","0.010526878759264946","0.010526878759264946","0.010526878759264946"
"61351","0.006054380908608437","0.006054380908608437","0.006054380908608437"
"61368","0.009927470237016678","0.009927470237016678","0.009927470237016678"
"61372","0.007810089737176895","0.007810089737176895","0.007810089737176895"
"61389","0.008932100608944893","0.008932100608944893","0.008932100608944893"
"61401","0.009812213480472565","0.009812213480472565","0.009812213480472565"
"61404","0.00876624882221222","0.00876624882221222","0.00876624882221222"
"61413","0.00961576122790575","0.00961576122790575","0.00961576122790575"
"61416","0.006970569957047701","0.006970569957047701","0.006970569957047701"
"61429","0.009730009362101555","0.009730009362101555","0.009730009362101555"
"61433","0.0071563092060387135","0.0071563092060387135","0.0071563092060387135"
"61451","0.011503561399877071","0.011503561399877071","0.011503561399877071"
"61453","0.005779054947197437","0.005779054947197437","0.005779054947197437"
"61459","0.0072581954300403595","0.0072581954300403595","0.0072581954300403595"
"61470","0.008871376514434814","0.008871376514434814","0.008871376514434814"
"61474","0.008988985791802406","0.008988985791802406","0.008988985791802406"
"61477","0.0076483129523694515","0.0076483129523694515","0.0076483129523694515"
"61503","0.007172698155045509","0.007172698155045509","0.007172698155045509"
"61504","0.008996418677270412","0.008996418677270412","0.008996418677270412"
"61535","0.006538106128573418","0.006538106128573418","0.006538106128573418"
"61548","0.007651466876268387","0.007651466876268387","0.007651466876268387"
"61550","0.0076240417547523975","0.0076240417547523975","0.0076240417547523975"
"61558","0.010968456044793129","0.010968456044793129","0.010968456044793129"
"61561","0.007503260858356953","0.007503260858356953","0.007503260858356953"
"61587","0.008462611585855484","0.008462611585855484","0.008462611585855484"
"61598","0.007426025345921516","0.007426025345921516","0.007426025345921516"
"61606","0.006833575200289488","0.006833575200289488","0.006833575200289488"
"61616","0.009478780440986156","0.009478780440986156","0.009478780440986156"
"61619","0.008523151278495789","0.008523151278495789","0.008523151278495789"
"61624","0.0066749341785907745","0.0066749341785907745","0.0066749341785907745"
"61625","0.008447393774986267","0.008447393774986267","0.008447393774986267"
"61638","0.00714240362867713","0.00714240362867713","0.00714240362867713"
"61643","0.008424998261034489","0.008424998261034489","0.008424998261034489"
"61653","0.010364023968577385","0.010364023968577385","0.010364023968577385"
"61669","0.00700997281819582","0.00700997281819582","0.00700997281819582"
"61672","0.008961784653365612","0.008961784653365612","0.008961784653365612"
"61681","0.010096323676407337","0.010096323676407337","0.010096323676407337"
"61686","0.008025581948459148","0.008025581948459148","0.008025581948459148"
"61718","0.007946480996906757","0.007946480996906757","0.007946480996906757"
"61727","0.008314372971653938","0.008314372971653938","0.008314372971653938"
"61731","0.007762725930660963","0.007762725930660963","0.007762725930660963"
"61734","0.009440061636269093","0.009440061636269093","0.009440061636269093"
"61773","0.00786813534796238","0.00786813534796238","0.00786813534796238"
"61798","0.007326000835746527","0.007326000835746527","0.007326000835746527"
"61821","0.007547379471361637","0.007547379471361637","0.007547379471361637"
"61827","0.008222118020057678","0.008222118020057678","0.008222118020057678"
"61828","0.009225944057106972","0.009225944057106972","0.009225944057106972"
"61836","0.007792351767420769","0.007792351767420769","0.007792351767420769"
"61842","0.006987761240452528","0.006987761240452528","0.006987761240452528"
"61843","0.006628924980759621","0.006628924980759621","0.006628924980759621"
"61847","0.006874323356896639","0.006874323356896639","0.006874323356896639"
"61849","0.007022098172456026","0.007022098172456026","0.007022098172456026"
"61851","0.008175802417099476","0.008175802417099476","0.008175802417099476"
"61853","0.008583436720073223","0.008583436720073223","0.008583436720073223"
"61863","0.009448076598346233","0.009448076598346233","0.009448076598346233"
"61865","0.007062016520649195","0.007062016520649195","0.007062016520649195"
"61884","0.007493201643228531","0.007493201643228531","0.007493201643228531"
"61888","0.0066626109182834625","0.0066626109182834625","0.0066626109182834625"
"61933","0.00944086816161871","0.00944086816161871","0.00944086816161871"
"61938","0.007741694338619709","0.007741694338619709","0.007741694338619709"
"61987","0.008235326036810875","0.008235326036810875","0.008235326036810875"
"61997","0.010100125335156918","0.010100125335156918","0.010100125335156918"
"62021","0.010034510865807533","0.010034510865807533","0.010034510865807533"
"62026","0.009774068370461464","0.009774068370461464","0.009774068370461464"
"62028","0.009286570362746716","0.009286570362746716","0.009286570362746716"
"62044","0.010119461454451084","0.010119461454451084","0.010119461454451084"
"62045","0.009839598089456558","0.009839598089456558","0.009839598089456558"
"62059","0.010725077241659164","0.010725077241659164","0.010725077241659164"
"62062","0.00938984751701355","0.00938984751701355","0.00938984751701355"
"62068","0.009173833765089512","0.009173833765089512","0.009173833765089512"
"62072","0.009548838250339031","0.009548838250339031","0.009548838250339031"
"62109","0.00655928160995245","0.00655928160995245","0.00655928160995245"
"62110","0.00980958342552185","0.00980958342552185","0.00980958342552185"
"62120","0.009135446511209011","0.009135446511209011","0.009135446511209011"
"62129","0.009310850873589516","0.009310850873589516","0.009310850873589516"
"62135","0.009062967263162136","0.009062967263162136","0.009062967263162136"
"62137","0.007634435780346394","0.007634435780346394","0.007634435780346394"
"62144","0.006929600611329079","0.006929600611329079","0.006929600611329079"
"62150","0.009732448495924473","0.009732448495924473","0.009732448495924473"
"62153","0.008367720060050488","0.008367720060050488","0.008367720060050488"
"62155","0.008687639608979225","0.008687639608979225","0.008687639608979225"
"62161","0.007635327987372875","0.007635327987372875","0.007635327987372875"
"62182","0.008985647931694984","0.008985647931694984","0.008985647931694984"
"62207","0.005099607165902853","0.005099607165902853","0.005099607165902853"
"62225","0.0055202641524374485","0.0055202641524374485","0.0055202641524374485"
"62256","0.007719122804701328","0.007719122804701328","0.007719122804701328"
"62263","0.00799446739256382","0.00799446739256382","0.00799446739256382"
"62264","0.006652659736573696","0.006652659736573696","0.006652659736573696"
"62271","0.007644339930266142","0.007644339930266142","0.007644339930266142"
"62272","0.00763380853459239","0.00763380853459239","0.00763380853459239"
"62275","0.007033098954707384","0.007033098954707384","0.007033098954707384"
"62278","0.009194863960146904","0.009194863960146904","0.009194863960146904"
"62300","0.008099989965558052","0.008099989965558052","0.008099989965558052"
"62319","0.008457468822598457","0.008457468822598457","0.008457468822598457"
"62326","0.006974517367780209","0.006974517367780209","0.006974517367780209"
"62328","0.009015326388180256","0.009015326388180256","0.009015326388180256"
"62334","0.008533695712685585","0.008533695712685585","0.008533695712685585"
"62336","0.006816798821091652","0.006816798821091652","0.006816798821091652"
"62348","0.0061350432224571705","0.0061350432224571705","0.0061350432224571705"
"62364","0.00877226423472166","0.00877226423472166","0.00877226423472166"
"62369","0.008777310140430927","0.008777310140430927","0.008777310140430927"
"62372","0.004884263966232538","0.004884263966232538","0.004884263966232538"
"62374","0.00855468213558197","0.00855468213558197","0.00855468213558197"
"62393","0.010973342694342136","0.010973342694342136","0.010973342694342136"
"62394","0.010137675330042839","0.010137675330042839","0.010137675330042839"
"62424","0.00902229081839323","0.00902229081839323","0.00902229081839323"
"62432","0.00908986572176218","0.00908986572176218","0.00908986572176218"
"62440","0.00759633956477046","0.00759633956477046","0.00759633956477046"
"62449","0.008056382648646832","0.008056382648646832","0.008056382648646832"
"62466","0.008749035187065601","0.008749035187065601","0.008749035187065601"
"62486","0.0072649274952709675","0.0072649274952709675","0.0072649274952709675"
"62494","0.0066969250328838825","0.0066969250328838825","0.0066969250328838825"
"62502","0.01007622480392456","0.01007622480392456","0.01007622480392456"
"62565","0.010104809887707233","0.010104809887707233","0.010104809887707233"
"62577","0.009233899414539337","0.009233899414539337","0.009233899414539337"
"62583","0.010546399280428886","0.010546399280428886","0.010546399280428886"
"62603","0.007173982448875904","0.007173982448875904","0.007173982448875904"
"62608","0.006838199216872454","0.006838199216872454","0.006838199216872454"
"62628","0.00880125816911459","0.00880125816911459","0.00880125816911459"
"62638","0.008722231723368168","0.008722231723368168","0.008722231723368168"
"62662","0.010643135756254196","0.010643135756254196","0.010643135756254196"
"62674","0.007341994903981686","0.007341994903981686","0.007341994903981686"
"62698","0.008603068999946117","0.008603068999946117","0.008603068999946117"
"62704","0.0060882847756147385","0.0060882847756147385","0.0060882847756147385"
"62708","0.008080195635557175","0.008080195635557175","0.008080195635557175"
"62709","0.00703451968729496","0.00703451968729496","0.00703451968729496"
"62721","0.00682044168934226","0.00682044168934226","0.00682044168934226"
"62731","0.0053193699568510056","0.0053193699568510056","0.0053193699568510056"
"62751","0.008224375545978546","0.008224375545978546","0.008224375545978546"
"62764","0.008359508588910103","0.008359508588910103","0.008359508588910103"
"62773","0.007116901222616434","0.007116901222616434","0.007116901222616434"
"62783","0.008293606340885162","0.008293606340885162","0.008293606340885162"
"62785","0.007488132920116186","0.007488132920116186","0.007488132920116186"
"62797","0.008570095524191856","0.008570095524191856","0.008570095524191856"
"62799","0.007412370294332504","0.007412370294332504","0.007412370294332504"
"62812","0.007819107733666897","0.007819107733666897","0.007819107733666897"
"62829","0.007775675971060991","0.007775675971060991","0.007775675971060991"
"62833","0.009018706157803535","0.009018706157803535","0.009018706157803535"
"62834","0.007625951897352934","0.007625951897352934","0.007625951897352934"
"62852","0.00780970323830843","0.00780970323830843","0.00780970323830843"
"62870","0.008780221454799175","0.008780221454799175","0.008780221454799175"
"62886","0.00758946081623435","0.00758946081623435","0.00758946081623435"
"62914","0.005254983901977539","0.005254983901977539","0.005254983901977539"
"62915","0.006147289648652077","0.006147289648652077","0.006147289648652077"
"62916","0.007500979118049145","0.007500979118049145","0.007500979118049145"
"62928","0.007300644181668758","0.007300644181668758","0.007300644181668758"
"62932","0.006552547682076693","0.006552547682076693","0.006552547682076693"
"62934","0.009496294893324375","0.009496294893324375","0.009496294893324375"
"62939","0.008888850919902325","0.008888850919902325","0.008888850919902325"
"62940","0.008156108669936657","0.008156108669936657","0.008156108669936657"
"62948","0.008495820686221123","0.008495820686221123","0.008495820686221123"
"62949","0.008708628825843334","0.008708628825843334","0.008708628825843334"
"62951","0.009285482577979565","0.009285482577979565","0.009285482577979565"
"62963","0.006901929154992104","0.006901929154992104","0.006901929154992104"
"62980","0.01047926489263773","0.01047926489263773","0.01047926489263773"
"63001","0.008377979509532452","0.008377979509532452","0.008377979509532452"
"63004","0.008217057213187218","0.008217057213187218","0.008217057213187218"
"63007","0.008041471242904663","0.008041471242904663","0.008041471242904663"
"63016","0.009371817111968994","0.009371817111968994","0.009371817111968994"
"63020","0.007816692814230919","0.007816692814230919","0.007816692814230919"
"63042","0.008492899127304554","0.008492899127304554","0.008492899127304554"
"63045","0.010162541642785072","0.010162541642785072","0.010162541642785072"
"63047","0.009294481948018074","0.009294481948018074","0.009294481948018074"
"63050","0.010023616254329681","0.010023616254329681","0.010023616254329681"
"63053","0.007921624928712845","0.007921624928712845","0.007921624928712845"
"63072","0.005773661658167839","0.005773661658167839","0.005773661658167839"
"63106","0.009848241694271564","0.009848241694271564","0.009848241694271564"
"63112","0.00900802668184042","0.00900802668184042","0.00900802668184042"
"63122","0.006719901692122221","0.006719901692122221","0.006719901692122221"
"63127","0.009354198351502419","0.009354198351502419","0.009354198351502419"
"63139","0.0067923059687018394","0.0067923059687018394","0.0067923059687018394"
"63145","0.005742408335208893","0.005742408335208893","0.005742408335208893"
"63146","0.010139444842934608","0.010139444842934608","0.010139444842934608"
"63151","0.007556546479463577","0.007556546479463577","0.007556546479463577"
"63165","0.010875013656914234","0.010875013656914234","0.010875013656914234"
"63166","0.007126868236809969","0.007126868236809969","0.007126868236809969"
"63182","0.006922293454408646","0.006922293454408646","0.006922293454408646"
"63184","0.008246573619544506","0.008246573619544506","0.008246573619544506"
"63203","0.0058414326049387455","0.0058414326049387455","0.0058414326049387455"
"63221","0.007838355377316475","0.007838355377316475","0.007838355377316475"
"63224","0.007790389470756054","0.007790389470756054","0.007790389470756054"
"63228","0.009007218293845654","0.009007218293845654","0.009007218293845654"
"63242","0.009745773859322071","0.009745773859322071","0.009745773859322071"
"63254","0.0044611115008592606","0.0044611115008592606","0.0044611115008592606"
"63263","0.009067920036613941","0.009067920036613941","0.009067920036613941"
"63285","0.006999791134148836","0.006999791134148836","0.006999791134148836"
"63303","0.008209304884076118","0.008209304884076118","0.008209304884076118"
"63307","0.008505040779709816","0.008505040779709816","0.008505040779709816"
"63315","0.006283036433160305","0.006283036433160305","0.006283036433160305"
"63325","0.008205761201679707","0.008205761201679707","0.008205761201679707"
"63337","0.007639764808118343","0.007639764808118343","0.007639764808118343"
"63338","0.00981567520648241","0.00981567520648241","0.00981567520648241"
"63361","0.00821714662015438","0.00821714662015438","0.00821714662015438"
"63367","0.008485128171741962","0.008485128171741962","0.008485128171741962"
"63368","0.009078515693545341","0.009078515693545341","0.009078515693545341"
"63369","0.00838360283523798","0.00838360283523798","0.00838360283523798"
"63371","0.009466210380196571","0.009466210380196571","0.009466210380196571"
"63372","0.00837631244212389","0.00837631244212389","0.00837631244212389"
"63389","0.00817147083580494","0.00817147083580494","0.00817147083580494"
"63396","0.005181004758924246","0.005181004758924246","0.005181004758924246"
"63449","0.009184129536151886","0.009184129536151886","0.009184129536151886"
"63471","0.009171782992780209","0.009171782992780209","0.009171782992780209"
"63482","0.008892003446817398","0.008892003446817398","0.008892003446817398"
"63503","0.009730570949614048","0.009730570949614048","0.009730570949614048"
"63528","0.008450415916740894","0.008450415916740894","0.008450415916740894"
"63529","0.005762755870819092","0.005762755870819092","0.005762755870819092"
"63533","0.007680785376578569","0.007680785376578569","0.007680785376578569"
"63553","0.008460142649710178","0.008460142649710178","0.008460142649710178"
"63556","0.008422883227467537","0.008422883227467537","0.008422883227467537"
"63593","0.007630034815520048","0.007630034815520048","0.007630034815520048"
"63611","0.009237194433808327","0.009237194433808327","0.009237194433808327"
"63615","0.010564791038632393","0.010564791038632393","0.010564791038632393"
"63617","0.008092788979411125","0.008092788979411125","0.008092788979411125"
"63623","0.009940884076058865","0.009940884076058865","0.009940884076058865"
"63642","0.010400780476629734","0.010400780476629734","0.010400780476629734"
"63644","0.007383884862065315","0.007383884862065315","0.007383884862065315"
"63655","0.009441514499485493","0.009441514499485493","0.009441514499485493"
"63692","0.005717192776501179","0.005717192776501179","0.005717192776501179"
"63695","0.010129738599061966","0.010129738599061966","0.010129738599061966"
"63700","0.007661717943847179","0.007661717943847179","0.007661717943847179"
"63701","0.008121426217257977","0.008121426217257977","0.008121426217257977"
"63707","0.008626602590084076","0.008626602590084076","0.008626602590084076"
"63725","0.0074355932883918285","0.0074355932883918285","0.0074355932883918285"
"63751","0.006374172400683165","0.006374172400683165","0.006374172400683165"
"63788","0.006982598453760147","0.006982598453760147","0.006982598453760147"
"63799","0.01022065058350563","0.01022065058350563","0.01022065058350563"
"63816","0.007819490507245064","0.007819490507245064","0.007819490507245064"
"63821","0.010039119981229305","0.010039119981229305","0.010039119981229305"
"63824","0.008234726265072823","0.008234726265072823","0.008234726265072823"
"63826","0.009819361381232738","0.009819361381232738","0.009819361381232738"
"63844","0.0069904569536447525","0.0069904569536447525","0.0069904569536447525"
"63850","0.010025803931057453","0.010025803931057453","0.010025803931057453"
"63860","0.007535530719906092","0.007535530719906092","0.007535530719906092"
"63876","0.008366260677576065","0.008366260677576065","0.008366260677576065"
"63889","0.00999477505683899","0.00999477505683899","0.00999477505683899"
"63898","0.007301887962967157","0.007301887962967157","0.007301887962967157"
"63899","0.008743586018681526","0.008743586018681526","0.008743586018681526"
"63900","0.008059482090175152","0.008059482090175152","0.008059482090175152"
"63912","0.006022329907864332","0.006022329907864332","0.006022329907864332"
"63924","0.008161157369613647","0.008161157369613647","0.008161157369613647"
"63937","0.00704697472974658","0.00704697472974658","0.00704697472974658"
"63941","0.008924372494220734","0.008924372494220734","0.008924372494220734"
"63958","0.00835503451526165","0.00835503451526165","0.00835503451526165"
"63960","0.009696967899799347","0.009696967899799347","0.009696967899799347"
"63972","0.007797209545969963","0.007797209545969963","0.007797209545969963"
"63979","0.007788172457367182","0.007788172457367182","0.007788172457367182"
"63993","0.008163494989275932","0.008163494989275932","0.008163494989275932"
"64016","0.008822343312203884","0.008822343312203884","0.008822343312203884"
"64018","0.008859320543706417","0.008859320543706417","0.008859320543706417"
"64027","0.007608271669596434","0.007608271669596434","0.007608271669596434"
"64046","0.011283110827207565","0.011283110827207565","0.011283110827207565"
"64055","0.009885922074317932","0.009885922074317932","0.009885922074317932"
"64057","0.011895261704921722","0.011895261704921722","0.011895261704921722"
"64061","0.010149429552257061","0.010149429552257061","0.010149429552257061"
"64069","0.007783578243106604","0.007783578243106604","0.007783578243106604"
"64074","0.01004786230623722","0.01004786230623722","0.01004786230623722"
"64079","0.005813396070152521","0.005813396070152521","0.005813396070152521"
"64086","0.008936910890042782","0.008936910890042782","0.008936910890042782"
"64090","0.011633026413619518","0.011633026413619518","0.011633026413619518"
"64100","0.010375171899795532","0.010375171899795532","0.010375171899795532"
"64113","0.007947553880512714","0.007947553880512714","0.007947553880512714"
"64130","0.00903534609824419","0.00903534609824419","0.00903534609824419"
"64139","0.008073749020695686","0.008073749020695686","0.008073749020695686"
"64143","0.006221288349479437","0.006221288349479437","0.006221288349479437"
"64146","0.006611214019358158","0.006611214019358158","0.006611214019358158"
"64165","0.005659278482198715","0.005659278482198715","0.005659278482198715"
"64179","0.006532903295010328","0.006532903295010328","0.006532903295010328"
"64181","0.006451107095927","0.006451107095927","0.006451107095927"
"64202","0.008229018189013004","0.008229018189013004","0.008229018189013004"
"64223","0.009252279996871948","0.009252279996871948","0.009252279996871948"
"64247","0.008300346322357655","0.008300346322357655","0.008300346322357655"
"64256","0.009481615386903286","0.009481615386903286","0.009481615386903286"
"64276","0.007143824361264706","0.007143824361264706","0.007143824361264706"
"64280","0.008473695255815983","0.008473695255815983","0.008473695255815983"
"64284","0.007197478320449591","0.007197478320449591","0.007197478320449591"
"64323","0.00926150195300579","0.00926150195300579","0.00926150195300579"
"64350","0.006860522553324699","0.006860522553324699","0.006860522553324699"
"64370","0.010585654526948929","0.010585654526948929","0.010585654526948929"
"64371","0.010193975642323494","0.010193975642323494","0.010193975642323494"
"64372","0.007631918881088495","0.007631918881088495","0.007631918881088495"
"64376","0.00743937399238348","0.00743937399238348","0.00743937399238348"
"64380","0.009218250401318073","0.009218250401318073","0.009218250401318073"
"64433","0.006798563990741968","0.006798563990741968","0.006798563990741968"
"64459","0.010040609166026115","0.010040609166026115","0.010040609166026115"
"64479","0.00803935807198286","0.00803935807198286","0.00803935807198286"
"64481","0.009375981986522675","0.009375981986522675","0.009375981986522675"
"64485","0.008335399441421032","0.008335399441421032","0.008335399441421032"
"64488","0.007774151396006346","0.007774151396006346","0.007774151396006346"
"64497","0.007033998612314463","0.007033998612314463","0.007033998612314463"
"64533","0.00769358454272151","0.00769358454272151","0.00769358454272151"
"64541","0.009767629206180573","0.009767629206180573","0.009767629206180573"
"64542","0.008592667989432812","0.008592667989432812","0.008592667989432812"
"64558","0.006543524097651243","0.006543524097651243","0.006543524097651243"
"64561","0.009049718268215656","0.009049718268215656","0.009049718268215656"
"64579","0.003844963386654854","0.003844963386654854","0.003844963386654854"
"64582","0.0089097386226058","0.0089097386226058","0.0089097386226058"
"64591","0.006459352094680071","0.006459352094680071","0.006459352094680071"
"64593","0.008280649781227112","0.008280649781227112","0.008280649781227112"
"64601","0.00925497431308031","0.00925497431308031","0.00925497431308031"
"64606","0.007823672145605087","0.007823672145605087","0.007823672145605087"
"64616","0.008529359474778175","0.008529359474778175","0.008529359474778175"
"64622","0.008769912645220757","0.008769912645220757","0.008769912645220757"
"64630","0.0074453274719417095","0.0074453274719417095","0.0074453274719417095"
"64631","0.007088450714945793","0.007088450714945793","0.007088450714945793"
"64643","0.009839161299169064","0.009839161299169064","0.009839161299169064"
"64644","0.00997739564627409","0.00997739564627409","0.00997739564627409"
"64655","0.007359540555626154","0.007359540555626154","0.007359540555626154"
"64658","0.00999501533806324","0.00999501533806324","0.00999501533806324"
"64665","0.008234781213104725","0.008234781213104725","0.008234781213104725"
"64668","0.00938522256910801","0.00938522256910801","0.00938522256910801"
"64673","0.007767054717987776","0.007767054717987776","0.007767054717987776"
"64694","0.007749951910227537","0.007749951910227537","0.007749951910227537"
"64701","0.005113535560667515","0.005113535560667515","0.005113535560667515"
"64704","0.007014117669314146","0.007014117669314146","0.007014117669314146"
"64725","0.009309367276728153","0.009309367276728153","0.009309367276728153"
"64734","0.009406210854649544","0.009406210854649544","0.009406210854649544"
"64743","0.008829404599964619","0.008829404599964619","0.008829404599964619"
"64744","0.00956164300441742","0.00956164300441742","0.00956164300441742"
"64752","0.009620985947549343","0.009620985947549343","0.009620985947549343"
"64773","0.008754529058933258","0.008754529058933258","0.008754529058933258"
"64780","0.007110058329999447","0.007110058329999447","0.007110058329999447"
"64793","0.008884347975254059","0.008884347975254059","0.008884347975254059"
"64799","0.009726671501994133","0.009726671501994133","0.009726671501994133"
"64804","0.008257879875600338","0.008257879875600338","0.008257879875600338"
"64813","0.010974987410008907","0.010974987410008907","0.010974987410008907"
"64856","0.00982479564845562","0.00982479564845562","0.00982479564845562"
"64879","0.00869335513561964","0.00869335513561964","0.00869335513561964"
"64886","0.007927258498966694","0.007927258498966694","0.007927258498966694"
"64888","0.009819839149713516","0.009819839149713516","0.009819839149713516"
"64912","0.008155828341841698","0.008155828341841698","0.008155828341841698"
"64923","0.0068844398483633995","0.0068844398483633995","0.0068844398483633995"
"64933","0.007502314168959856","0.007502314168959856","0.007502314168959856"
"64941","0.009160682559013367","0.009160682559013367","0.009160682559013367"
"64964","0.0070130592212080956","0.0070130592212080956","0.0070130592212080956"
"64969","0.007060223259031773","0.007060223259031773","0.007060223259031773"
"64973","0.008119871839880943","0.008119871839880943","0.008119871839880943"
"64980","0.007239511702209711","0.007239511702209711","0.007239511702209711"
"65018","0.010828716680407524","0.010828716680407524","0.010828716680407524"
"65027","0.006967089604586363","0.006967089604586363","0.006967089604586363"
"65040","0.007086395286023617","0.007086395286023617","0.007086395286023617"
"65061","0.009588685818016529","0.009588685818016529","0.009588685818016529"
"65072","0.00897572748363018","0.00897572748363018","0.00897572748363018"
"65073","0.005969105754047632","0.005969105754047632","0.005969105754047632"
"65074","0.008229270577430725","0.008229270577430725","0.008229270577430725"
"65084","0.008464314043521881","0.008464314043521881","0.008464314043521881"
"65086","0.008107014000415802","0.008107014000415802","0.008107014000415802"
"65122","0.008208912797272205","0.008208912797272205","0.008208912797272205"
"65132","0.008004603907465935","0.008004603907465935","0.008004603907465935"
"65142","0.009204549714922905","0.009204549714922905","0.009204549714922905"
"65146","0.00781512912362814","0.00781512912362814","0.00781512912362814"
"65151","0.006976532284170389","0.006976532284170389","0.006976532284170389"
"65160","0.008818835020065308","0.008818835020065308","0.008818835020065308"
"65162","0.007499549072235823","0.007499549072235823","0.007499549072235823"
"65181","0.0066282362677156925","0.0066282362677156925","0.0066282362677156925"
"65186","0.007301324978470802","0.007301324978470802","0.007301324978470802"
"65188","0.008067209273576736","0.008067209273576736","0.008067209273576736"
"65195","0.008828072808682919","0.008828072808682919","0.008828072808682919"
"65203","0.00908961147069931","0.00908961147069931","0.00908961147069931"
"65214","0.005839899182319641","0.005839899182319641","0.005839899182319641"
"65223","0.010664482600986958","0.010664482600986958","0.010664482600986958"
"65225","0.007206133101135492","0.007206133101135492","0.007206133101135492"
"65242","0.008683682419359684","0.008683682419359684","0.008683682419359684"
"65260","0.006261877249926329","0.006261877249926329","0.006261877249926329"
"65278","0.009619493968784809","0.009619493968784809","0.009619493968784809"
"65292","0.008059744723141193","0.008059744723141193","0.008059744723141193"
"65301","0.008004608564078808","0.008004608564078808","0.008004608564078808"
"65312","0.006314421072602272","0.006314421072602272","0.006314421072602272"
"65329","0.0076995897106826305","0.0076995897106826305","0.0076995897106826305"
"65336","0.005412329453974962","0.005412329453974962","0.005412329453974962"
"65341","0.010435106232762337","0.010435106232762337","0.010435106232762337"
"65343","0.006281034555286169","0.006281034555286169","0.006281034555286169"
"65345","0.008586874231696129","0.008586874231696129","0.008586874231696129"
"65349","0.006536198779940605","0.006536198779940605","0.006536198779940605"
"65367","0.008232176303863525","0.008232176303863525","0.008232176303863525"
"65374","0.009168337099254131","0.009168337099254131","0.009168337099254131"
"65378","0.008015336468815804","0.008015336468815804","0.008015336468815804"
"65383","0.007684599608182907","0.007684599608182907","0.007684599608182907"
"65391","0.00801230501383543","0.00801230501383543","0.00801230501383543"
"65397","0.008496319875121117","0.008496319875121117","0.008496319875121117"
"65405","0.007453471887856722","0.007453471887856722","0.007453471887856722"
"65411","0.009086602367460728","0.009086602367460728","0.009086602367460728"
"65429","0.006039728410542011","0.006039728410542011","0.006039728410542011"
"65431","0.008662808686494827","0.008662808686494827","0.008662808686494827"
"65435","0.007907271385192871","0.007907271385192871","0.007907271385192871"
"65439","0.007542460225522518","0.007542460225522518","0.007542460225522518"
"65457","0.006495282519608736","0.006495282519608736","0.006495282519608736"
"65465","0.006638774648308754","0.006638774648308754","0.006638774648308754"
"65483","0.0081480722874403","0.0081480722874403","0.0081480722874403"
"65484","0.010400836355984211","0.010400836355984211","0.010400836355984211"
"65489","0.005922023206949234","0.005922023206949234","0.005922023206949234"
"65504","0.009536556899547577","0.009536556899547577","0.009536556899547577"
"65506","0.00821754802018404","0.00821754802018404","0.00821754802018404"
"65508","0.008701312355697155","0.008701312355697155","0.008701312355697155"
"65515","0.007652160245925188","0.007652160245925188","0.007652160245925188"
"65525","0.008493076078593731","0.008493076078593731","0.008493076078593731"
"65530","0.008466137573122978","0.008466137573122978","0.008466137573122978"
"65542","0.007959035225212574","0.007959035225212574","0.007959035225212574"
"65543","0.007311392575502396","0.007311392575502396","0.007311392575502396"
"65547","0.008540255948901176","0.008540255948901176","0.008540255948901176"
"65548","0.008307098411023617","0.008307098411023617","0.008307098411023617"
"65551","0.007823222316801548","0.007823222316801548","0.007823222316801548"
"65582","0.006872578989714384","0.006872578989714384","0.006872578989714384"
"65598","0.007164460141211748","0.007164460141211748","0.007164460141211748"
"65609","0.009692302905023098","0.009692302905023098","0.009692302905023098"
"65613","0.007769769057631493","0.007769769057631493","0.007769769057631493"
"65621","0.00841989554464817","0.00841989554464817","0.00841989554464817"
"65635","0.007824062369763851","0.007824062369763851","0.007824062369763851"
"65636","0.008310116827487946","0.008310116827487946","0.008310116827487946"
"65643","0.008757144212722778","0.008757144212722778","0.008757144212722778"
"65658","0.00706910528242588","0.00706910528242588","0.00706910528242588"
"65663","0.007690642029047012","0.007690642029047012","0.007690642029047012"
"65664","0.008973700925707817","0.008973700925707817","0.008973700925707817"
"65697","0.005861326120793819","0.005861326120793819","0.005861326120793819"
"65719","0.009039206430315971","0.009039206430315971","0.009039206430315971"
"65722","0.00852925144135952","0.00852925144135952","0.00852925144135952"
"65737","0.008717714808881283","0.008717714808881283","0.008717714808881283"
"65778","0.008851692080497742","0.008851692080497742","0.008851692080497742"
"65830","0.00898762047290802","0.00898762047290802","0.00898762047290802"
"65836","0.007992077618837357","0.007992077618837357","0.007992077618837357"
"65856","0.007076191250234842","0.007076191250234842","0.007076191250234842"
"65861","0.01001747976988554","0.01001747976988554","0.01001747976988554"
"65868","0.008731297217309475","0.008731297217309475","0.008731297217309475"
"65882","0.007719964254647493","0.007719964254647493","0.007719964254647493"
"65885","0.0059260958805680275","0.0059260958805680275","0.0059260958805680275"
"65886","0.005917441099882126","0.005917441099882126","0.005917441099882126"
"65887","0.00960283912718296","0.00960283912718296","0.00960283912718296"
"65897","0.009143062867224216","0.009143062867224216","0.009143062867224216"
"65901","0.007718806155025959","0.007718806155025959","0.007718806155025959"
"65919","0.00655124057084322","0.00655124057084322","0.00655124057084322"
"65923","0.007828161120414734","0.007828161120414734","0.007828161120414734"
"65929","0.0089668408036232","0.0089668408036232","0.0089668408036232"
"65942","0.010196768678724766","0.010196768678724766","0.010196768678724766"
"65946","0.0076207611709833145","0.0076207611709833145","0.0076207611709833145"
"65953","0.00841820053756237","0.00841820053756237","0.00841820053756237"
"65962","0.011504488065838814","0.011504488065838814","0.011504488065838814"
"65967","0.009402366355061531","0.009402366355061531","0.009402366355061531"
"65968","0.008310939185321331","0.008310939185321331","0.008310939185321331"
"65989","0.008330071344971657","0.008330071344971657","0.008330071344971657"
"66006","0.010985849425196648","0.010985849425196648","0.010985849425196648"
"66014","0.008451983332633972","0.008451983332633972","0.008451983332633972"
"66019","0.007416993845254183","0.007416993845254183","0.007416993845254183"
"66052","0.0066542066633701324","0.0066542066633701324","0.0066542066633701324"
"66055","0.009152415208518505","0.009152415208518505","0.009152415208518505"
"66061","0.007985448464751244","0.007985448464751244","0.007985448464751244"
"66064","0.009266667068004608","0.009266667068004608","0.009266667068004608"
"66070","0.010874920524656773","0.010874920524656773","0.010874920524656773"
"66099","0.0071872081607580185","0.0071872081607580185","0.0071872081607580185"
"66100","0.0098803685978055","0.0098803685978055","0.0098803685978055"
"66139","0.008033990859985352","0.008033990859985352","0.008033990859985352"
"66142","0.010483736172318459","0.010483736172318459","0.010483736172318459"
"66151","0.008620533160865307","0.008620533160865307","0.008620533160865307"
"66155","0.008698436431586742","0.008698436431586742","0.008698436431586742"
"66162","0.010010764002799988","0.010010764002799988","0.010010764002799988"
"66165","0.009845337830483913","0.009845337830483913","0.009845337830483913"
"66172","0.005566563922911882","0.005566563922911882","0.005566563922911882"
"66178","0.008625658228993416","0.008625658228993416","0.008625658228993416"
"66189","0.008656247518956661","0.008656247518956661","0.008656247518956661"
"66197","0.009411195293068886","0.009411195293068886","0.009411195293068886"
"66205","0.009646794758737087","0.009646794758737087","0.009646794758737087"
"66239","0.009061385877430439","0.009061385877430439","0.009061385877430439"
"66243","0.0086479801684618","0.0086479801684618","0.0086479801684618"
"66251","0.0082587581127882","0.0082587581127882","0.0082587581127882"
"66270","0.006729274056851864","0.006729274056851864","0.006729274056851864"
"66273","0.008757883682847023","0.008757883682847023","0.008757883682847023"
"66276","0.009695082902908325","0.009695082902908325","0.009695082902908325"
"66287","0.00873851589858532","0.00873851589858532","0.00873851589858532"
"66301","0.00831279344856739","0.00831279344856739","0.00831279344856739"
"66302","0.006864097900688648","0.006864097900688648","0.006864097900688648"
"66317","0.009502974338829517","0.009502974338829517","0.009502974338829517"
"66318","0.01029562670737505","0.01029562670737505","0.01029562670737505"
"66322","0.009832586161792278","0.009832586161792278","0.009832586161792278"
"66330","0.00509890029206872","0.00509890029206872","0.00509890029206872"
"66359","0.00826411135494709","0.00826411135494709","0.00826411135494709"
"66362","0.008322052657604218","0.008322052657604218","0.008322052657604218"
"66367","0.006586954463273287","0.006586954463273287","0.006586954463273287"
"66373","0.008026128634810448","0.008026128634810448","0.008026128634810448"
"66378","0.009411162696778774","0.009411162696778774","0.009411162696778774"
"66382","0.008757769130170345","0.008757769130170345","0.008757769130170345"
"66392","0.009071063250303268","0.009071063250303268","0.009071063250303268"
"66407","0.00790840107947588","0.00790840107947588","0.00790840107947588"
"66428","0.008883758448064327","0.008883758448064327","0.008883758448064327"
"66436","0.010175042785704136","0.010175042785704136","0.010175042785704136"
"66445","0.006941350642591715","0.006941350642591715","0.006941350642591715"
"66454","0.008155773393809795","0.008155773393809795","0.008155773393809795"
"66459","0.007572051603347063","0.007572051603347063","0.007572051603347063"
"66461","0.0072884270921349525","0.0072884270921349525","0.0072884270921349525"
"66472","0.009926030412316322","0.009926030412316322","0.009926030412316322"
"66486","0.006598716601729393","0.006598716601729393","0.006598716601729393"
"66499","0.00958438590168953","0.00958438590168953","0.00958438590168953"
"66503","0.008478502742946148","0.008478502742946148","0.008478502742946148"
"66514","0.00805519986897707","0.00805519986897707","0.00805519986897707"
"66539","0.009865162894129753","0.009865162894129753","0.009865162894129753"
"66542","0.005168468691408634","0.005168468691408634","0.005168468691408634"
"66562","0.007236335426568985","0.007236335426568985","0.007236335426568985"
"66563","0.0056594545021653175","0.0056594545021653175","0.0056594545021653175"
"66573","0.008313044905662537","0.008313044905662537","0.008313044905662537"
"66594","0.008935593999922276","0.008935593999922276","0.008935593999922276"
"66600","0.005630202125757933","0.005630202125757933","0.005630202125757933"
"66604","0.009320194832980633","0.009320194832980633","0.009320194832980633"
"66626","0.008434845134615898","0.008434845134615898","0.008434845134615898"
"66641","0.008476446382701397","0.008476446382701397","0.008476446382701397"
"66651","0.008140440098941326","0.008140440098941326","0.008140440098941326"
"66654","0.007936017587780952","0.007936017587780952","0.007936017587780952"
"66678","0.007982437498867512","0.007982437498867512","0.007982437498867512"
"66693","0.00730262091383338","0.00730262091383338","0.00730262091383338"
"66729","0.009960605762898922","0.009960605762898922","0.009960605762898922"
"66730","0.006955498829483986","0.006955498829483986","0.006955498829483986"
"66731","0.008786849677562714","0.008786849677562714","0.008786849677562714"
"66734","0.008101935498416424","0.008101935498416424","0.008101935498416424"
"66739","0.00851306039839983","0.00851306039839983","0.00851306039839983"
"66743","0.007609405554831028","0.007609405554831028","0.007609405554831028"
"66749","0.008493157103657722","0.008493157103657722","0.008493157103657722"
"66753","0.007154179736971855","0.007154179736971855","0.007154179736971855"
"66754","0.008286317810416222","0.008286317810416222","0.008286317810416222"
"66778","0.009162927977740765","0.009162927977740765","0.009162927977740765"
"66786","0.00872827973216772","0.00872827973216772","0.00872827973216772"
"66797","0.007853914052248001","0.007853914052248001","0.007853914052248001"
"66800","0.010696986690163612","0.010696986690163612","0.010696986690163612"
"66803","0.00974523276090622","0.00974523276090622","0.00974523276090622"
"66814","0.008671111427247524","0.008671111427247524","0.008671111427247524"
"66817","0.007922682911157608","0.007922682911157608","0.007922682911157608"
"66819","0.0071105570532381535","0.0071105570532381535","0.0071105570532381535"
"66823","0.008614609949290752","0.008614609949290752","0.008614609949290752"
"66837","0.008885353803634644","0.008885353803634644","0.008885353803634644"
"66866","0.007754205726087093","0.007754205726087093","0.007754205726087093"
"66887","0.008005072362720966","0.008005072362720966","0.008005072362720966"
"66935","0.006792440079152584","0.006792440079152584","0.006792440079152584"
"66936","0.008291058242321014","0.008291058242321014","0.008291058242321014"
"66950","0.008634745143353939","0.008634745143353939","0.008634745143353939"
"66961","0.00917179323732853","0.00917179323732853","0.00917179323732853"
"66962","0.010310366749763489","0.010310366749763489","0.010310366749763489"
"66973","0.008623351342976093","0.008623351342976093","0.008623351342976093"
"66993","0.007020632270723581","0.007020632270723581","0.007020632270723581"
"67015","0.007575101684778929","0.007575101684778929","0.007575101684778929"
"67032","0.007808569353073835","0.007808569353073835","0.007808569353073835"
"67038","0.007986662909388542","0.007986662909388542","0.007986662909388542"
"67072","0.009721217676997185","0.009721217676997185","0.009721217676997185"
"67080","0.00579734705388546","0.00579734705388546","0.00579734705388546"
"67082","0.007674077060073614","0.007674077060073614","0.007674077060073614"
"67083","0.007683595642447472","0.007683595642447472","0.007683595642447472"
"67088","0.006889751181006432","0.006889751181006432","0.006889751181006432"
"67091","0.008163291960954666","0.008163291960954666","0.008163291960954666"
"67116","0.0077389078214764595","0.0077389078214764595","0.0077389078214764595"
"67117","0.009217343293130398","0.009217343293130398","0.009217343293130398"
"67128","0.00729876384139061","0.00729876384139061","0.00729876384139061"
"67144","0.007870474830269814","0.007870474830269814","0.007870474830269814"
"67150","0.007488034199923277","0.007488034199923277","0.007488034199923277"
"67152","0.009060867130756378","0.009060867130756378","0.009060867130756378"
"67157","0.008714939467608929","0.008714939467608929","0.008714939467608929"
"67164","0.008782046847045422","0.008782046847045422","0.008782046847045422"
"67174","0.008009308949112892","0.008009308949112892","0.008009308949112892"
"67179","0.008242902345955372","0.008242902345955372","0.008242902345955372"
"67181","0.00952200312167406","0.00952200312167406","0.00952200312167406"
"67184","0.009507075883448124","0.009507075883448124","0.009507075883448124"
"67202","0.008421212434768677","0.008421212434768677","0.008421212434768677"
"67204","0.008108926936984062","0.008108926936984062","0.008108926936984062"
"67210","0.009037594310939312","0.009037594310939312","0.009037594310939312"
"67234","0.012011639773845673","0.012011639773845673","0.012011639773845673"
"67238","0.010561189614236355","0.010561189614236355","0.010561189614236355"
"67245","0.008807405829429626","0.008807405829429626","0.008807405829429626"
"67248","0.009395390748977661","0.009395390748977661","0.009395390748977661"
"67257","0.010879792273044586","0.010879792273044586","0.010879792273044586"
"67259","0.009145522490143776","0.009145522490143776","0.009145522490143776"
"67261","0.009447947144508362","0.009447947144508362","0.009447947144508362"
"67271","0.008751877583563328","0.008751877583563328","0.008751877583563328"
"67295","0.0075919791124761105","0.0075919791124761105","0.0075919791124761105"
"67308","0.007323434576392174","0.007323434576392174","0.007323434576392174"
"67336","0.009558368474245071","0.009558368474245071","0.009558368474245071"
"67340","0.007727906573563814","0.007727906573563814","0.007727906573563814"
"67341","0.00823843665421009","0.00823843665421009","0.00823843665421009"
"67360","0.005094831343740225","0.005094831343740225","0.005094831343740225"
"67376","0.009020729921758175","0.009020729921758175","0.009020729921758175"
"67388","0.008937257342040539","0.008937257342040539","0.008937257342040539"
"67391","0.0064894515089690685","0.0064894515089690685","0.0064894515089690685"
"67425","0.006830848287791014","0.006830848287791014","0.006830848287791014"
"67434","0.00699254684150219","0.00699254684150219","0.00699254684150219"
"67469","0.006910365074872971","0.006910365074872971","0.006910365074872971"
"67473","0.00902503076940775","0.00902503076940775","0.00902503076940775"
"67475","0.00809565931558609","0.00809565931558609","0.00809565931558609"
"67502","0.009052622132003307","0.009052622132003307","0.009052622132003307"
"67526","0.006588651333004236","0.006588651333004236","0.006588651333004236"
"67529","0.00788937509059906","0.00788937509059906","0.00788937509059906"
"67542","0.009332953952252865","0.009332953952252865","0.009332953952252865"
"67552","0.006110645830631256","0.006110645830631256","0.006110645830631256"
"67568","0.008266611956059933","0.008266611956059933","0.008266611956059933"
"67588","0.008733667433261871","0.008733667433261871","0.008733667433261871"
"67595","0.007551838178187609","0.007551838178187609","0.007551838178187609"
"67601","0.0093237841501832","0.0093237841501832","0.0093237841501832"
"67613","0.009452730417251587","0.009452730417251587","0.009452730417251587"
"67622","0.007773173972964287","0.007773173972964287","0.007773173972964287"
"67624","0.008107068948447704","0.008107068948447704","0.008107068948447704"
"67637","0.007831498980522156","0.007831498980522156","0.007831498980522156"
"67641","0.007728721480816603","0.007728721480816603","0.007728721480816603"
"67645","0.008679813705384731","0.008679813705384731","0.008679813705384731"
"67673","0.010835963301360607","0.010835963301360607","0.010835963301360607"
"67680","0.009275170974433422","0.009275170974433422","0.009275170974433422"
"67695","0.010306213982403278","0.010306213982403278","0.010306213982403278"
"67705","0.009241961874067783","0.009241961874067783","0.009241961874067783"
"67713","0.0073496135883033276","0.0073496135883033276","0.0073496135883033276"
"67718","0.005707861389964819","0.005707861389964819","0.005707861389964819"
"67728","0.006780966185033321","0.006780966185033321","0.006780966185033321"
"67733","0.0078198853880167","0.0078198853880167","0.0078198853880167"
"67734","0.008221765980124474","0.008221765980124474","0.008221765980124474"
"67736","0.010208806954324245","0.010208806954324245","0.010208806954324245"
"67739","0.009217268787324429","0.009217268787324429","0.009217268787324429"
"67748","0.007799065206199884","0.007799065206199884","0.007799065206199884"
"67768","0.007186430040746927","0.007186430040746927","0.007186430040746927"
"67788","0.007805063389241695","0.007805063389241695","0.007805063389241695"
"67807","0.008095601573586464","0.008095601573586464","0.008095601573586464"
"67812","0.008211284875869751","0.008211284875869751","0.008211284875869751"
"67821","0.007276378106325865","0.007276378106325865","0.007276378106325865"
"67828","0.006003277841955423","0.006003277841955423","0.006003277841955423"
"67837","0.007150465156883001","0.007150465156883001","0.007150465156883001"
"67847","0.006812398321926594","0.006812398321926594","0.006812398321926594"
"67849","0.008859880268573761","0.008859880268573761","0.008859880268573761"
"67855","0.00854943972080946","0.00854943972080946","0.00854943972080946"
"67859","0.004645110573619604","0.004645110573619604","0.004645110573619604"
"67876","0.007773790042847395","0.007773790042847395","0.007773790042847395"
"67889","0.007313450798392296","0.007313450798392296","0.007313450798392296"
"67896","0.009792933240532875","0.009792933240532875","0.009792933240532875"
"67898","0.007443628739565611","0.007443628739565611","0.007443628739565611"
"67918","0.006107476074248552","0.006107476074248552","0.006107476074248552"
"67923","0.006321516819298267","0.006321516819298267","0.006321516819298267"
"67927","0.008120482787489891","0.008120482787489891","0.008120482787489891"
"67928","0.008294488303363323","0.008294488303363323","0.008294488303363323"
"67935","0.006363904569298029","0.006363904569298029","0.006363904569298029"
"67936","0.008366295136511326","0.008366295136511326","0.008366295136511326"
"67939","0.0082293301820755","0.0082293301820755","0.0082293301820755"
"67943","0.0078888526186347","0.0078888526186347","0.0078888526186347"
"67945","0.0068314881063997746","0.0068314881063997746","0.0068314881063997746"
"67947","0.007631688378751278","0.007631688378751278","0.007631688378751278"
"67951","0.00652182986959815","0.00652182986959815","0.00652182986959815"
"67957","0.008138526231050491","0.008138526231050491","0.008138526231050491"
"67965","0.009583577513694763","0.009583577513694763","0.009583577513694763"
"67966","0.00864657573401928","0.00864657573401928","0.00864657573401928"
"67968","0.007262737490236759","0.007262737490236759","0.007262737490236759"
"67973","0.00875448901206255","0.00875448901206255","0.00875448901206255"
"67983","0.00681511964648962","0.00681511964648962","0.00681511964648962"
"67990","0.009152233600616455","0.009152233600616455","0.009152233600616455"
"67991","0.00781728234142065","0.00781728234142065","0.00781728234142065"
"68010","0.009625332430005074","0.009625332430005074","0.009625332430005074"
"68017","0.006304868496954441","0.006304868496954441","0.006304868496954441"
"68018","0.007411064114421606","0.007411064114421606","0.007411064114421606"
"68034","0.008007796481251717","0.008007796481251717","0.008007796481251717"
"68041","0.00801876187324524","0.00801876187324524","0.00801876187324524"
"68042","0.008637761697173119","0.008637761697173119","0.008637761697173119"
"68045","0.006174811162054539","0.006174811162054539","0.006174811162054539"
"68069","0.006355942226946354","0.006355942226946354","0.006355942226946354"
"68089","0.009164223447442055","0.009164223447442055","0.009164223447442055"
"68094","0.007652529515326023","0.007652529515326023","0.007652529515326023"
"68126","0.007392253261059523","0.007392253261059523","0.007392253261059523"
"68134","0.0076605211943387985","0.0076605211943387985","0.0076605211943387985"
"68136","0.008225548081099987","0.008225548081099987","0.008225548081099987"
"68148","0.009809277020394802","0.009809277020394802","0.009809277020394802"
"68200","0.009730967693030834","0.009730967693030834","0.009730967693030834"
"68204","0.00866582989692688","0.00866582989692688","0.00866582989692688"
"68219","0.008632699958980083","0.008632699958980083","0.008632699958980083"
"68223","0.008770192973315716","0.008770192973315716","0.008770192973315716"
"68226","0.008815113455057144","0.008815113455057144","0.008815113455057144"
"68236","0.0072617195546627045","0.0072617195546627045","0.0072617195546627045"
"68238","0.007900555618107319","0.007900555618107319","0.007900555618107319"
"68243","0.01095461007207632","0.01095461007207632","0.01095461007207632"
"68245","0.009220898151397705","0.009220898151397705","0.009220898151397705"
"68249","0.008575228042900562","0.008575228042900562","0.008575228042900562"
"68250","0.005847473628818989","0.005847473628818989","0.005847473628818989"
"68261","0.00653074262663722","0.00653074262663722","0.00653074262663722"
"68270","0.007042377255856991","0.007042377255856991","0.007042377255856991"
"68272","0.007158199790865183","0.007158199790865183","0.007158199790865183"
"68274","0.0060233683325350285","0.0060233683325350285","0.0060233683325350285"
"68277","0.008233739994466305","0.008233739994466305","0.008233739994466305"
"68289","0.009632335975766182","0.009632335975766182","0.009632335975766182"
"68295","0.008133339695632458","0.008133339695632458","0.008133339695632458"
"68315","0.00945250503718853","0.00945250503718853","0.00945250503718853"
"68330","0.008894122205674648","0.008894122205674648","0.008894122205674648"
"68351","0.006672256160527468","0.006672256160527468","0.006672256160527468"
"68369","0.008565353229641914","0.008565353229641914","0.008565353229641914"
"68380","0.007822851650416851","0.007822851650416851","0.007822851650416851"
"68396","0.007764468900859356","0.007764468900859356","0.007764468900859356"
"68411","0.009049804881215096","0.009049804881215096","0.009049804881215096"
"68413","0.009788649156689644","0.009788649156689644","0.009788649156689644"
"68432","0.007790078409016132","0.007790078409016132","0.007790078409016132"
"68436","0.00833054818212986","0.00833054818212986","0.00833054818212986"
"68446","0.006365539971739054","0.006365539971739054","0.006365539971739054"
"68448","0.00744054839015007","0.00744054839015007","0.00744054839015007"
"68457","0.00996287539601326","0.00996287539601326","0.00996287539601326"
"68458","0.008413796313107014","0.008413796313107014","0.008413796313107014"
"68477","0.006985540967434645","0.006985540967434645","0.006985540967434645"
"68485","0.007864599116146564","0.007864599116146564","0.007864599116146564"
"68488","0.006348484195768833","0.006348484195768833","0.006348484195768833"
"68492","0.008623618632555008","0.008623618632555008","0.008623618632555008"
"68494","0.00796289648860693","0.00796289648860693","0.00796289648860693"
"68495","0.007634189445525408","0.007634189445525408","0.007634189445525408"
"68510","0.0068705943413078785","0.0068705943413078785","0.0068705943413078785"
"68513","0.011452964507043362","0.011452964507043362","0.011452964507043362"
"68524","0.006552503444254398","0.006552503444254398","0.006552503444254398"
"68550","0.01002019364386797","0.01002019364386797","0.01002019364386797"
"68556","0.007888782769441605","0.007888782769441605","0.007888782769441605"
"68558","0.007058949209749699","0.007058949209749699","0.007058949209749699"
"68577","0.00957286823540926","0.00957286823540926","0.00957286823540926"
"68583","0.0067540500313043594","0.0067540500313043594","0.0067540500313043594"
"68591","0.006977124605327845","0.006977124605327845","0.006977124605327845"
"68593","0.009041912853717804","0.009041912853717804","0.009041912853717804"
"68600","0.00868829246610403","0.00868829246610403","0.00868829246610403"
"68603","0.007898755371570587","0.007898755371570587","0.007898755371570587"
"68605","0.008828157559037209","0.008828157559037209","0.008828157559037209"
"68606","0.0074117714539170265","0.0074117714539170265","0.0074117714539170265"
"68630","0.008917011320590973","0.008917011320590973","0.008917011320590973"
"68634","0.00784763041883707","0.00784763041883707","0.00784763041883707"
"68637","0.006108544301241636","0.006108544301241636","0.006108544301241636"
"68659","0.007396023254841566","0.007396023254841566","0.007396023254841566"
"68685","0.007245187181979418","0.007245187181979418","0.007245187181979418"
"68699","0.010100397281348705","0.010100397281348705","0.010100397281348705"
"68715","0.00679495045915246","0.00679495045915246","0.00679495045915246"
"68720","0.007101589348167181","0.007101589348167181","0.007101589348167181"
"68730","0.008350437507033348","0.008350437507033348","0.008350437507033348"
"68736","0.006947159301489592","0.006947159301489592","0.006947159301489592"
"68756","0.008729172870516777","0.008729172870516777","0.008729172870516777"
"68757","0.008289070799946785","0.008289070799946785","0.008289070799946785"
"68767","0.006521784700453281","0.006521784700453281","0.006521784700453281"
"68776","0.00832333043217659","0.00832333043217659","0.00832333043217659"
"68781","0.00942960474640131","0.00942960474640131","0.00942960474640131"
"68785","0.009503655135631561","0.009503655135631561","0.009503655135631561"
"68796","0.007504151668399572","0.007504151668399572","0.007504151668399572"
"68797","0.007936002686619759","0.007936002686619759","0.007936002686619759"
"68804","0.0076752640306949615","0.0076752640306949615","0.0076752640306949615"
"68807","0.009394810535013676","0.009394810535013676","0.009394810535013676"
"68814","0.006765933707356453","0.006765933707356453","0.006765933707356453"
"68817","0.007640966679900885","0.007640966679900885","0.007640966679900885"
"68843","0.0084572434425354","0.0084572434425354","0.0084572434425354"
"68848","0.00835389457643032","0.00835389457643032","0.00835389457643032"
"68863","0.008037480525672436","0.008037480525672436","0.008037480525672436"
"68873","0.008346783928573132","0.008346783928573132","0.008346783928573132"
"68879","0.008501811884343624","0.008501811884343624","0.008501811884343624"
"68892","0.009874829091131687","0.009874829091131687","0.009874829091131687"
"68897","0.007112359628081322","0.007112359628081322","0.007112359628081322"
"68918","0.007240180857479572","0.007240180857479572","0.007240180857479572"
"68929","0.009442615322768688","0.009442615322768688","0.009442615322768688"
"68941","0.009070237167179585","0.009070237167179585","0.009070237167179585"
"68945","0.0093013821169734","0.0093013821169734","0.0093013821169734"
"68946","0.00820517260581255","0.00820517260581255","0.00820517260581255"
"68947","0.009609544649720192","0.009609544649720192","0.009609544649720192"
"68972","0.007003291044384241","0.007003291044384241","0.007003291044384241"
"68987","0.007453084923326969","0.007453084923326969","0.007453084923326969"
"68993","0.008278676308691502","0.008278676308691502","0.008278676308691502"
"68997","0.0059062158688902855","0.0059062158688902855","0.0059062158688902855"
"68998","0.007579464931041002","0.007579464931041002","0.007579464931041002"
"69006","0.00814460776746273","0.00814460776746273","0.00814460776746273"
"69024","0.008375920355319977","0.008375920355319977","0.008375920355319977"
"69041","0.009393255226314068","0.009393255226314068","0.009393255226314068"
"69042","0.010389933362603188","0.010389933362603188","0.010389933362603188"
"69054","0.00980477873235941","0.00980477873235941","0.00980477873235941"
"69055","0.006388412788510323","0.006388412788510323","0.006388412788510323"
"69056","0.007359207607805729","0.007359207607805729","0.007359207607805729"
"69067","0.006307264789938927","0.006307264789938927","0.006307264789938927"
"69080","0.00722089596092701","0.00722089596092701","0.00722089596092701"
"69087","0.008573305793106556","0.008573305793106556","0.008573305793106556"
"69090","0.009491068311035633","0.009491068311035633","0.009491068311035633"
"69092","0.007713920436799526","0.007713920436799526","0.007713920436799526"
"69093","0.008260210044682026","0.008260210044682026","0.008260210044682026"
"69112","0.008233962580561638","0.008233962580561638","0.008233962580561638"
"69121","0.007663673721253872","0.007663673721253872","0.007663673721253872"
"69143","0.008496862836182117","0.008496862836182117","0.008496862836182117"
"69160","0.009376542642712593","0.009376542642712593","0.009376542642712593"
"69174","0.009890641085803509","0.009890641085803509","0.009890641085803509"
"69182","0.009275493212044239","0.009275493212044239","0.009275493212044239"
"69183","0.007268484216183424","0.007268484216183424","0.007268484216183424"
"69185","0.009282129816710949","0.009282129816710949","0.009282129816710949"
"69257","0.008512616157531738","0.008512616157531738","0.008512616157531738"
"69262","0.008231351152062416","0.008231351152062416","0.008231351152062416"
"69271","0.009089155122637749","0.009089155122637749","0.009089155122637749"
"69286","0.009047681465744972","0.009047681465744972","0.009047681465744972"
"69292","0.007189003750681877","0.007189003750681877","0.007189003750681877"
"69294","0.00569648202508688","0.00569648202508688","0.00569648202508688"
"69297","0.007275523617863655","0.007275523617863655","0.007275523617863655"
"69352","0.011234107427299023","0.011234107427299023","0.011234107427299023"
"69360","0.008669237606227398","0.008669237606227398","0.008669237606227398"
"69366","0.008442655205726624","0.008442655205726624","0.008442655205726624"
"69370","0.005650033243000507","0.005650033243000507","0.005650033243000507"
"69376","0.008882323279976845","0.008882323279976845","0.008882323279976845"
"69379","0.007492071017622948","0.007492071017622948","0.007492071017622948"
"69383","0.010463416576385498","0.010463416576385498","0.010463416576385498"
"69403","0.007640250958502293","0.007640250958502293","0.007640250958502293"
"69404","0.009365624748170376","0.009365624748170376","0.009365624748170376"
"69407","0.0056526921689510345","0.0056526921689510345","0.0056526921689510345"
"69410","0.01039143931120634","0.01039143931120634","0.01039143931120634"
"69426","0.006056856829673052","0.006056856829673052","0.006056856829673052"
"69428","0.0068574571050703526","0.0068574571050703526","0.0068574571050703526"
"69446","0.007189573720097542","0.007189573720097542","0.007189573720097542"
"69454","0.009115527383983135","0.009115527383983135","0.009115527383983135"
"69456","0.008035226725041866","0.008035226725041866","0.008035226725041866"
"69462","0.009317309595644474","0.009317309595644474","0.009317309595644474"
"69466","0.010113558731973171","0.010113558731973171","0.010113558731973171"
"69470","0.00830233097076416","0.00830233097076416","0.00830233097076416"
"69472","0.00677094329148531","0.00677094329148531","0.00677094329148531"
"69482","0.007943520322442055","0.007943520322442055","0.007943520322442055"
"69486","0.00806302297860384","0.00806302297860384","0.00806302297860384"
"69515","0.008192496374249458","0.008192496374249458","0.008192496374249458"
"69526","0.008611753582954407","0.008611753582954407","0.008611753582954407"
"69540","0.007324692793190479","0.007324692793190479","0.007324692793190479"
"69547","0.006232415325939655","0.006232415325939655","0.006232415325939655"
"69573","0.006403216160833836","0.006403216160833836","0.006403216160833836"
"69580","0.009492937475442886","0.009492937475442886","0.009492937475442886"
"69584","0.009895728901028633","0.009895728901028633","0.009895728901028633"
"69617","0.0069419327192008495","0.0069419327192008495","0.0069419327192008495"
"69627","0.008991009555757046","0.008991009555757046","0.008991009555757046"
"69636","0.00808072742074728","0.00808072742074728","0.00808072742074728"
"69647","0.005659584421664476","0.005659584421664476","0.005659584421664476"
"69648","0.008970491588115692","0.008970491588115692","0.008970491588115692"
"69664","0.00787814799696207","0.00787814799696207","0.00787814799696207"
"69671","0.010172816924750805","0.010172816924750805","0.010172816924750805"
"69673","0.00862928107380867","0.00862928107380867","0.00862928107380867"
"69678","0.007309990935027599","0.007309990935027599","0.007309990935027599"
"69685","0.007359768729656935","0.007359768729656935","0.007359768729656935"
"69690","0.011139963753521442","0.011139963753521442","0.011139963753521442"
"69712","0.006738352123647928","0.006738352123647928","0.006738352123647928"
"69728","0.009096551686525345","0.009096551686525345","0.009096551686525345"
"69731","0.006511332932859659","0.006511332932859659","0.006511332932859659"
"69737","0.006124140229076147","0.006124140229076147","0.006124140229076147"
"69739","0.006190276704728603","0.006190276704728603","0.006190276704728603"
"69740","0.00879934336990118","0.00879934336990118","0.00879934336990118"
"69744","0.007101376540958881","0.007101376540958881","0.007101376540958881"
"69760","0.008336832746863365","0.008336832746863365","0.008336832746863365"
"69778","0.005386628210544586","0.005386628210544586","0.005386628210544586"
"69780","0.008610591292381287","0.008610591292381287","0.008610591292381287"
"69803","0.008378967642784119","0.008378967642784119","0.008378967642784119"
"69824","0.00993210356682539","0.00993210356682539","0.00993210356682539"
"69836","0.009121550247073174","0.009121550247073174","0.009121550247073174"
"69845","0.0073464857414364815","0.0073464857414364815","0.0073464857414364815"
"69848","0.007277804426848888","0.007277804426848888","0.007277804426848888"
"69855","0.009684118442237377","0.009684118442237377","0.009684118442237377"
"69875","0.007239972241222858","0.007239972241222858","0.007239972241222858"
"69876","0.0077807423658668995","0.0077807423658668995","0.0077807423658668995"
"69880","0.00932838674634695","0.00932838674634695","0.00932838674634695"
"69898","0.008290239609777927","0.008290239609777927","0.008290239609777927"
"69905","0.0053064837120473385","0.0053064837120473385","0.0053064837120473385"
"69916","0.007601250894367695","0.007601250894367695","0.007601250894367695"
"69919","0.006646221969276667","0.006646221969276667","0.006646221969276667"
"69930","0.006219453644007444","0.006219453644007444","0.006219453644007444"
"69948","0.008601720444858074","0.008601720444858074","0.008601720444858074"
"69953","0.008461606688797474","0.008461606688797474","0.008461606688797474"
"69967","0.007201708387583494","0.007201708387583494","0.007201708387583494"
"69973","0.00852126069366932","0.00852126069366932","0.00852126069366932"
"69982","0.0077433595433831215","0.0077433595433831215","0.0077433595433831215"
"69986","0.007299243472516537","0.007299243472516537","0.007299243472516537"
"70001","0.009586085565388203","0.009586085565388203","0.009586085565388203"
"70006","0.008693821728229523","0.008693821728229523","0.008693821728229523"
"70020","0.01044374518096447","0.01044374518096447","0.01044374518096447"
"70023","0.00988463032990694","0.00988463032990694","0.00988463032990694"
"70038","0.0076088691130280495","0.0076088691130280495","0.0076088691130280495"
"70053","0.009117589332163334","0.009117589332163334","0.009117589332163334"
"70057","0.008481795899569988","0.008481795899569988","0.008481795899569988"
"70067","0.008222309872508049","0.008222309872508049","0.008222309872508049"
"70070","0.00800471194088459","0.00800471194088459","0.00800471194088459"
"70075","0.011078275740146637","0.011078275740146637","0.011078275740146637"
"70078","0.008833353407680988","0.008833353407680988","0.008833353407680988"
"70080","0.009392688050866127","0.009392688050866127","0.009392688050866127"
"70087","0.00634865602478385","0.00634865602478385","0.00634865602478385"
"70095","0.005783091764897108","0.005783091764897108","0.005783091764897108"
"70096","0.0060965027660131454","0.0060965027660131454","0.0060965027660131454"
"70105","0.00859301071614027","0.00859301071614027","0.00859301071614027"
"70106","0.008709467947483063","0.008709467947483063","0.008709467947483063"
"70141","0.007535662967711687","0.007535662967711687","0.007535662967711687"
"70146","0.008367909118533134","0.008367909118533134","0.008367909118533134"
"70154","0.005282108671963215","0.005282108671963215","0.005282108671963215"
"70173","0.008002025075256824","0.008002025075256824","0.008002025075256824"
"70189","0.006666846107691526","0.006666846107691526","0.006666846107691526"
"70192","0.007468547206372023","0.007468547206372023","0.007468547206372023"
"70194","0.007013319525867701","0.007013319525867701","0.007013319525867701"
"70199","0.008645816706120968","0.008645816706120968","0.008645816706120968"
"70208","0.00894622877240181","0.00894622877240181","0.00894622877240181"
"70214","0.010280187241733074","0.010280187241733074","0.010280187241733074"
"70225","0.008932209573686123","0.008932209573686123","0.008932209573686123"
"70229","0.00821150653064251","0.00821150653064251","0.00821150653064251"
"70232","0.006428232416510582","0.006428232416510582","0.006428232416510582"
"70241","0.009892851114273071","0.009892851114273071","0.009892851114273071"
"70242","0.008129685185849667","0.008129685185849667","0.008129685185849667"
"70252","0.00681724026799202","0.00681724026799202","0.00681724026799202"
"70258","0.00846402533352375","0.00846402533352375","0.00846402533352375"
"70260","0.007815462537109852","0.007815462537109852","0.007815462537109852"
"70263","0.00902830995619297","0.00902830995619297","0.00902830995619297"
"70299","0.009392518550157547","0.009392518550157547","0.009392518550157547"
"70311","0.006224262062460184","0.006224262062460184","0.006224262062460184"
"70312","0.007984638214111328","0.007984638214111328","0.007984638214111328"
"70327","0.009058813564479351","0.009058813564479351","0.009058813564479351"
"70334","0.005894032306969166","0.005894032306969166","0.005894032306969166"
"70356","0.0061800517141819","0.0061800517141819","0.0061800517141819"
"70372","0.008172208443284035","0.008172208443284035","0.008172208443284035"
"70377","0.007130827289074659","0.007130827289074659","0.007130827289074659"
"70419","0.006901444401592016","0.006901444401592016","0.006901444401592016"
"70432","0.012531973421573639","0.012531973421573639","0.012531973421573639"
"70436","0.010076536796987057","0.010076536796987057","0.010076536796987057"
"70437","0.008004588074982166","0.008004588074982166","0.008004588074982166"
"70440","0.00850675255060196","0.00850675255060196","0.00850675255060196"
"70449","0.007424018811434507","0.007424018811434507","0.007424018811434507"
"70466","0.00889222789555788","0.00889222789555788","0.00889222789555788"
"70479","0.009605498984456062","0.009605498984456062","0.009605498984456062"
"70488","0.006595474202185869","0.006595474202185869","0.006595474202185869"
"70493","0.00768294045701623","0.00768294045701623","0.00768294045701623"
"70512","0.007891224697232246","0.007891224697232246","0.007891224697232246"
"70519","0.011299507692456245","0.011299507692456245","0.011299507692456245"
"70535","0.00860739964991808","0.00860739964991808","0.00860739964991808"
"70545","0.008304707705974579","0.008304707705974579","0.008304707705974579"
"70549","0.007345160469412804","0.007345160469412804","0.007345160469412804"
"70555","0.008064426481723785","0.008064426481723785","0.008064426481723785"
"70582","0.008115666918456554","0.008115666918456554","0.008115666918456554"
"70587","0.008086887188255787","0.008086887188255787","0.008086887188255787"
"70589","0.009695165790617466","0.009695165790617466","0.009695165790617466"
"70594","0.007704177871346474","0.007704177871346474","0.007704177871346474"
"70598","0.005795229226350784","0.005795229226350784","0.005795229226350784"
"70622","0.007655036635696888","0.007655036635696888","0.007655036635696888"
"70633","0.008889968506991863","0.008889968506991863","0.008889968506991863"
"70635","0.00786608923226595","0.00786608923226595","0.00786608923226595"
"70638","0.00861603394150734","0.00861603394150734","0.00861603394150734"
"70641","0.008026288822293282","0.008026288822293282","0.008026288822293282"
"70652","0.007354012690484524","0.007354012690484524","0.007354012690484524"
"70653","0.008504126220941544","0.008504126220941544","0.008504126220941544"
"70672","0.007270968984812498","0.007270968984812498","0.007270968984812498"
"70673","0.008421102538704872","0.008421102538704872","0.008421102538704872"
"70674","0.008194017224013805","0.008194017224013805","0.008194017224013805"
"70681","0.008436017669737339","0.008436017669737339","0.008436017669737339"
"70709","0.007421344984322786","0.007421344984322786","0.007421344984322786"
"70725","0.00775849400088191","0.00775849400088191","0.00775849400088191"
"70748","0.007692511193454266","0.007692511193454266","0.007692511193454266"
"70751","0.008240828290581703","0.008240828290581703","0.008240828290581703"
"70756","0.008154327049851418","0.008154327049851418","0.008154327049851418"
"70787","0.009705579839646816","0.009705579839646816","0.009705579839646816"
"70794","0.005714752711355686","0.005714752711355686","0.005714752711355686"
"70795","0.00925941951572895","0.00925941951572895","0.00925941951572895"
"70817","0.009081549011170864","0.009081549011170864","0.009081549011170864"
"70821","0.0098634734749794","0.0098634734749794","0.0098634734749794"
"70831","0.0073735821060836315","0.0073735821060836315","0.0073735821060836315"
"70833","0.006753823254257441","0.006753823254257441","0.006753823254257441"
"70852","0.009358459152281284","0.009358459152281284","0.009358459152281284"
"70856","0.009136217646300793","0.009136217646300793","0.009136217646300793"
"70888","0.0071245948784053326","0.0071245948784053326","0.0071245948784053326"
"70914","0.007048652973026037","0.007048652973026037","0.007048652973026037"
"70929","0.008024854585528374","0.008024854585528374","0.008024854585528374"
"70949","0.010141104459762573","0.010141104459762573","0.010141104459762573"
"70958","0.0070259179919958115","0.0070259179919958115","0.0070259179919958115"
"70962","0.006923499051481485","0.006923499051481485","0.006923499051481485"
"70964","0.006443156395107508","0.006443156395107508","0.006443156395107508"
"70970","0.00707849208265543","0.00707849208265543","0.00707849208265543"
"70978","0.009551038034260273","0.009551038034260273","0.009551038034260273"
"70984","0.009674526751041412","0.009674526751041412","0.009674526751041412"
"70985","0.006634199526160955","0.006634199526160955","0.006634199526160955"
"70990","0.007502331398427486","0.007502331398427486","0.007502331398427486"
"70994","0.008263451047241688","0.008263451047241688","0.008263451047241688"
"70996","0.007878925651311874","0.007878925651311874","0.007878925651311874"
"70997","0.006485727149993181","0.006485727149993181","0.006485727149993181"
"71058","0.007004464510828257","0.007004464510828257","0.007004464510828257"
"71059","0.007648346945643425","0.007648346945643425","0.007648346945643425"
"71069","0.006637852638959885","0.006637852638959885","0.006637852638959885"
"71082","0.008749938569962978","0.008749938569962978","0.008749938569962978"
"71105","0.009375710040330887","0.009375710040330887","0.009375710040330887"
"71124","0.006533884443342686","0.006533884443342686","0.006533884443342686"
"71127","0.007879079319536686","0.007879079319536686","0.007879079319536686"
"71155","0.0071091195568442345","0.0071091195568442345","0.0071091195568442345"
"71167","0.010656498372554779","0.010656498372554779","0.010656498372554779"
"71178","0.009879112243652344","0.009879112243652344","0.009879112243652344"
"71187","0.006988458801060915","0.006988458801060915","0.006988458801060915"
"71196","0.0075350916013121605","0.0075350916013121605","0.0075350916013121605"
"71197","0.009508611634373665","0.009508611634373665","0.009508611634373665"
"71207","0.006361597217619419","0.006361597217619419","0.006361597217619419"
"71223","0.008721034973859787","0.008721034973859787","0.008721034973859787"
"71232","0.007032595109194517","0.007032595109194517","0.007032595109194517"
"71246","0.0076811956241726875","0.0076811956241726875","0.0076811956241726875"
"71258","0.008724227547645569","0.008724227547645569","0.008724227547645569"
"71279","0.00881961639970541","0.00881961639970541","0.00881961639970541"
"71293","0.009640181437134743","0.009640181437134743","0.009640181437134743"
"71298","0.006005851551890373","0.006005851551890373","0.006005851551890373"
"71322","0.007565484382212162","0.007565484382212162","0.007565484382212162"
"71326","0.008599805645644665","0.008599805645644665","0.008599805645644665"
"71344","0.009966043755412102","0.009966043755412102","0.009966043755412102"
"71345","0.00800936296582222","0.00800936296582222","0.00800936296582222"
"71348","0.009742331691086292","0.009742331691086292","0.009742331691086292"
"71350","0.006278996355831623","0.006278996355831623","0.006278996355831623"
"71363","0.006166934035718441","0.006166934035718441","0.006166934035718441"
"71364","0.007059975061565638","0.007059975061565638","0.007059975061565638"
"71378","0.006616728845983744","0.006616728845983744","0.006616728845983744"
"71395","0.008181767538189888","0.008181767538189888","0.008181767538189888"
"71396","0.007678702007979155","0.007678702007979155","0.007678702007979155"
"71405","0.008695648983120918","0.008695648983120918","0.008695648983120918"
"71408","0.010267764329910278","0.010267764329910278","0.010267764329910278"
"71433","0.00846980419009924","0.00846980419009924","0.00846980419009924"
"71435","0.008326753042638302","0.008326753042638302","0.008326753042638302"
"71439","0.011631795205175877","0.011631795205175877","0.011631795205175877"
"71445","0.009213603101670742","0.009213603101670742","0.009213603101670742"
"71451","0.007827351801097393","0.007827351801097393","0.007827351801097393"
"71453","0.008251238614320755","0.008251238614320755","0.008251238614320755"
"71466","0.00958812702447176","0.00958812702447176","0.00958812702447176"
"71471","0.008762838318943977","0.008762838318943977","0.008762838318943977"
"71479","0.006180667318403721","0.006180667318403721","0.006180667318403721"
"71489","0.006367072928696871","0.006367072928696871","0.006367072928696871"
"71514","0.007741645444184542","0.007741645444184542","0.007741645444184542"
"71521","0.008009446784853935","0.008009446784853935","0.008009446784853935"
"71537","0.009122294373810291","0.009122294373810291","0.009122294373810291"
"71538","0.008698597550392151","0.008698597550392151","0.008698597550392151"
"71541","0.008277274668216705","0.008277274668216705","0.008277274668216705"
"71562","0.007981846109032631","0.007981846109032631","0.007981846109032631"
"71565","0.007814009673893452","0.007814009673893452","0.007814009673893452"
"71583","0.00700507964938879","0.00700507964938879","0.00700507964938879"
"71588","0.0067504881881177425","0.0067504881881177425","0.0067504881881177425"
"71603","0.008180133998394012","0.008180133998394012","0.008180133998394012"
"71617","0.009246480651199818","0.009246480651199818","0.009246480651199818"
"71619","0.007031731773167849","0.007031731773167849","0.007031731773167849"
"71624","0.010363832116127014","0.010363832116127014","0.010363832116127014"
"71630","0.006012077908962965","0.006012077908962965","0.006012077908962965"
"71641","0.008739148266613483","0.008739148266613483","0.008739148266613483"
"71648","0.009721048176288605","0.009721048176288605","0.009721048176288605"
"71660","0.007456514053046703","0.007456514053046703","0.007456514053046703"
"71662","0.009345805272459984","0.009345805272459984","0.009345805272459984"
"71666","0.008052033372223377","0.008052033372223377","0.008052033372223377"
"71681","0.009465852752327919","0.009465852752327919","0.009465852752327919"
"71686","0.006435586139559746","0.006435586139559746","0.006435586139559746"
"71689","0.007652661297470331","0.007652661297470331","0.007652661297470331"
"71698","0.009014754556119442","0.009014754556119442","0.009014754556119442"
"71705","0.007813665084540844","0.007813665084540844","0.007813665084540844"
"71707","0.007588017266243696","0.007588017266243696","0.007588017266243696"
"71710","0.007089404854923487","0.007089404854923487","0.007089404854923487"
"71740","0.008026422932744026","0.008026422932744026","0.008026422932744026"
"71741","0.009682023897767067","0.009682023897767067","0.009682023897767067"
"71746","0.010028321295976639","0.010028321295976639","0.010028321295976639"
"71759","0.007834456861019135","0.007834456861019135","0.007834456861019135"
"71760","0.007887173444032669","0.007887173444032669","0.007887173444032669"
"71766","0.010457810945808887","0.010457810945808887","0.010457810945808887"
"71767","0.007474827580153942","0.007474827580153942","0.007474827580153942"
"71768","0.006721424404531717","0.006721424404531717","0.006721424404531717"
"71775","0.008885802701115608","0.008885802701115608","0.008885802701115608"
"71794","0.008248954080045223","0.008248954080045223","0.008248954080045223"
"71795","0.007783558685332537","0.007783558685332537","0.007783558685332537"
"71797","0.00824001245200634","0.00824001245200634","0.00824001245200634"
"71798","0.005181758664548397","0.005181758664548397","0.005181758664548397"
"71799","0.006241831462830305","0.006241831462830305","0.006241831462830305"
"71807","0.006051403004676104","0.006051403004676104","0.006051403004676104"
"71808","0.011301608756184578","0.011301608756184578","0.011301608756184578"
"71817","0.006686156615614891","0.006686156615614891","0.006686156615614891"
"71824","0.007629828527569771","0.007629828527569771","0.007629828527569771"
"71836","0.0075515867210924625","0.0075515867210924625","0.0075515867210924625"
"71846","0.006733605172485113","0.006733605172485113","0.006733605172485113"
"71855","0.006845077965408564","0.006845077965408564","0.006845077965408564"
"71867","0.010052612982690334","0.010052612982690334","0.010052612982690334"
"71870","0.005787498317658901","0.005787498317658901","0.005787498317658901"
"71903","0.009467297233641148","0.009467297233641148","0.009467297233641148"
"71906","0.00833295937627554","0.00833295937627554","0.00833295937627554"
"71931","0.007434023544192314","0.007434023544192314","0.007434023544192314"
"71935","0.008935602381825447","0.008935602381825447","0.008935602381825447"
"71947","0.007169988472014666","0.007169988472014666","0.007169988472014666"
"71965","0.006428941618651152","0.006428941618651152","0.006428941618651152"
"71966","0.010303008370101452","0.010303008370101452","0.010303008370101452"
"71989","0.007377012632787228","0.007377012632787228","0.007377012632787228"
"71991","0.009217641316354275","0.009217641316354275","0.009217641316354275"
"72056","0.007307304069399834","0.007307304069399834","0.007307304069399834"
"72062","0.009769725613296032","0.009769725613296032","0.009769725613296032"
"72086","0.008324447087943554","0.008324447087943554","0.008324447087943554"
"72096","0.010531553998589516","0.010531553998589516","0.010531553998589516"
"72097","0.0061194258742034435","0.0061194258742034435","0.0061194258742034435"
"72098","0.009054980240762234","0.009054980240762234","0.009054980240762234"
"72111","0.009198338724672794","0.009198338724672794","0.009198338724672794"
"72142","0.006634948775172234","0.006634948775172234","0.006634948775172234"
"72157","0.009497862309217453","0.009497862309217453","0.009497862309217453"
"72167","0.006347058340907097","0.006347058340907097","0.006347058340907097"
"72178","0.0087973577901721","0.0087973577901721","0.0087973577901721"
"72180","0.008742621168494225","0.008742621168494225","0.008742621168494225"
"72195","0.007490765769034624","0.007490765769034624","0.007490765769034624"
"72197","0.006341892760246992","0.006341892760246992","0.006341892760246992"
"72201","0.007546065375208855","0.007546065375208855","0.007546065375208855"
"72210","0.006463016849011183","0.006463016849011183","0.006463016849011183"
"72232","0.009091493673622608","0.009091493673622608","0.009091493673622608"
"72237","0.006757528055459261","0.006757528055459261","0.006757528055459261"
"72241","0.0065568131394684315","0.0065568131394684315","0.0065568131394684315"
"72258","0.010123188607394695","0.010123188607394695","0.010123188607394695"
"72281","0.008268134668469429","0.008268134668469429","0.008268134668469429"
"72287","0.007534736767411232","0.007534736767411232","0.007534736767411232"
"72293","0.008209451101720333","0.008209451101720333","0.008209451101720333"
"72342","0.00880895834416151","0.00880895834416151","0.00880895834416151"
"72346","0.010237242095172405","0.010237242095172405","0.010237242095172405"
"72350","0.009967483580112457","0.009967483580112457","0.009967483580112457"
"72367","0.005807597190141678","0.005807597190141678","0.005807597190141678"
"72380","0.009196500293910503","0.009196500293910503","0.009196500293910503"
"72393","0.008810917846858501","0.008810917846858501","0.008810917846858501"
"72409","0.006912143435329199","0.006912143435329199","0.006912143435329199"
"72423","0.007698057219386101","0.007698057219386101","0.007698057219386101"
"72428","0.007847371511161327","0.007847371511161327","0.007847371511161327"
"72435","0.009338200092315674","0.009338200092315674","0.009338200092315674"
"72436","0.007654179818928242","0.007654179818928242","0.007654179818928242"
"72438","0.008465612307190895","0.008465612307190895","0.008465612307190895"
"72445","0.008507223799824715","0.008507223799824715","0.008507223799824715"
"72459","0.008920698426663876","0.008920698426663876","0.008920698426663876"
"72461","0.0074222455732524395","0.0074222455732524395","0.0074222455732524395"
"72469","0.005937541369348764","0.005937541369348764","0.005937541369348764"
"72486","0.007285782136023045","0.007285782136023045","0.007285782136023045"
"72490","0.010683087632060051","0.010683087632060051","0.010683087632060051"
"72493","0.010640625841915607","0.010640625841915607","0.010640625841915607"
"72500","0.008012651465833187","0.008012651465833187","0.008012651465833187"
"72515","0.011394682340323925","0.011394682340323925","0.011394682340323925"
"72517","0.008551890030503273","0.008551890030503273","0.008551890030503273"
"72519","0.009514112956821918","0.009514112956821918","0.009514112956821918"
"72531","0.010118692182004452","0.010118692182004452","0.010118692182004452"
"72532","0.008194704540073872","0.008194704540073872","0.008194704540073872"
"72541","0.009246292524039745","0.009246292524039745","0.009246292524039745"
"72551","0.007899915799498558","0.007899915799498558","0.007899915799498558"
"72584","0.008476290851831436","0.008476290851831436","0.008476290851831436"
"72585","0.005877871066331863","0.005877871066331863","0.005877871066331863"
"72611","0.008915440179407597","0.008915440179407597","0.008915440179407597"
"72627","0.006189934443682432","0.006189934443682432","0.006189934443682432"
"72629","0.008805411867797375","0.008805411867797375","0.008805411867797375"
"72644","0.009700478985905647","0.009700478985905647","0.009700478985905647"
"72646","0.009350971318781376","0.009350971318781376","0.009350971318781376"
"72655","0.009615268558263779","0.009615268558263779","0.009615268558263779"
"72660","0.007510376162827015","0.007510376162827015","0.007510376162827015"
"72670","0.00777218583971262","0.00777218583971262","0.00777218583971262"
"72676","0.006856187246739864","0.006856187246739864","0.006856187246739864"
"72679","0.006732625886797905","0.006732625886797905","0.006732625886797905"
"72702","0.008840767666697502","0.008840767666697502","0.008840767666697502"
"72718","0.010714776813983917","0.010714776813983917","0.010714776813983917"
"72729","0.008830251172184944","0.008830251172184944","0.008830251172184944"
"72741","0.009162919595837593","0.009162919595837593","0.009162919595837593"
"72747","0.010044115595519543","0.010044115595519543","0.010044115595519543"
"72784","0.007077754940837622","0.007077754940837622","0.007077754940837622"
"72789","0.00951242633163929","0.00951242633163929","0.00951242633163929"
"72800","0.009225171059370041","0.009225171059370041","0.009225171059370041"
"72803","0.009654712863266468","0.009654712863266468","0.009654712863266468"
"72812","0.005255172494798899","0.005255172494798899","0.005255172494798899"
"72818","0.007589353248476982","0.007589353248476982","0.007589353248476982"
"72826","0.008926913142204285","0.008926913142204285","0.008926913142204285"
"72836","0.008553577587008476","0.008553577587008476","0.008553577587008476"
"72840","0.00896369107067585","0.00896369107067585","0.00896369107067585"
"72847","0.008828731253743172","0.008828731253743172","0.008828731253743172"
"72850","0.0076103415340185165","0.0076103415340185165","0.0076103415340185165"
"72856","0.009004160761833191","0.009004160761833191","0.009004160761833191"
"72857","0.008977093733847141","0.008977093733847141","0.008977093733847141"
"72877","0.008673332631587982","0.008673332631587982","0.008673332631587982"
"72881","0.010132238268852234","0.010132238268852234","0.010132238268852234"
"72887","0.0067731523886322975","0.0067731523886322975","0.0067731523886322975"
"72892","0.008564582094550133","0.008564582094550133","0.008564582094550133"
"72897","0.009404628537595272","0.009404628537595272","0.009404628537595272"
"72904","0.007635415066033602","0.007635415066033602","0.007635415066033602"
"72930","0.010495223104953766","0.010495223104953766","0.010495223104953766"
"72943","0.00838069524616003","0.00838069524616003","0.00838069524616003"
"72948","0.006016441620886326","0.006016441620886326","0.006016441620886326"
"72952","0.008232928812503815","0.008232928812503815","0.008232928812503815"
"72954","0.008057761006057262","0.008057761006057262","0.008057761006057262"
"72980","0.007868895307183266","0.007868895307183266","0.007868895307183266"
"72984","0.010549157857894897","0.010549157857894897","0.010549157857894897"
"72987","0.007888293825089931","0.007888293825089931","0.007888293825089931"
"72988","0.009224052540957928","0.009224052540957928","0.009224052540957928"
"72999","0.009361939504742622","0.009361939504742622","0.009361939504742622"
"73013","0.01020164042711258","0.01020164042711258","0.01020164042711258"
"73015","0.008921237662434578","0.008921237662434578","0.008921237662434578"
"73029","0.008419119752943516","0.008419119752943516","0.008419119752943516"
"73040","0.007597025018185377","0.007597025018185377","0.007597025018185377"
"73045","0.008597850799560547","0.008597850799560547","0.008597850799560547"
"73046","0.0071760681457817554","0.0071760681457817554","0.0071760681457817554"
"73052","0.009621361270546913","0.009621361270546913","0.009621361270546913"
"73058","0.006679653190076351","0.006679653190076351","0.006679653190076351"
"73059","0.005556849762797356","0.005556849762797356","0.005556849762797356"
"73070","0.008368372917175293","0.008368372917175293","0.008368372917175293"
"73089","0.007198262959718704","0.007198262959718704","0.007198262959718704"
"73090","0.008127116598188877","0.008127116598188877","0.008127116598188877"
"73163","0.008175392635166645","0.008175392635166645","0.008175392635166645"
"73186","0.008846122771501541","0.008846122771501541","0.008846122771501541"
"73193","0.008070702664554119","0.008070702664554119","0.008070702664554119"
"73197","0.006441375240683556","0.006441375240683556","0.006441375240683556"
"73199","0.007978756912052631","0.007978756912052631","0.007978756912052631"
"73205","0.010050117038190365","0.010050117038190365","0.010050117038190365"
"73231","0.0076415506191551685","0.0076415506191551685","0.0076415506191551685"
"73242","0.008827412500977516","0.008827412500977516","0.008827412500977516"
"73244","0.007179224863648415","0.007179224863648415","0.007179224863648415"
"73261","0.010172106325626373","0.010172106325626373","0.010172106325626373"
"73264","0.01076169591397047","0.01076169591397047","0.01076169591397047"
"73269","0.009428603574633598","0.009428603574633598","0.009428603574633598"
"73279","0.006963155698031187","0.006963155698031187","0.006963155698031187"
"73285","0.00959830079227686","0.00959830079227686","0.00959830079227686"
"73290","0.010003656148910522","0.010003656148910522","0.010003656148910522"
"73304","0.007782386615872383","0.007782386615872383","0.007782386615872383"
"73324","0.009684932418167591","0.009684932418167591","0.009684932418167591"
"73332","0.008918988518416882","0.008918988518416882","0.008918988518416882"
"73333","0.008356134407222271","0.008356134407222271","0.008356134407222271"
"73335","0.007066106423735619","0.007066106423735619","0.007066106423735619"
"73345","0.010797672905027866","0.010797672905027866","0.010797672905027866"
"73346","0.008122294209897518","0.008122294209897518","0.008122294209897518"
"73348","0.008132611401379108","0.008132611401379108","0.008132611401379108"
"73366","0.005487113259732723","0.005487113259732723","0.005487113259732723"
"73372","0.009424842894077301","0.009424842894077301","0.009424842894077301"
"73386","0.008783365599811077","0.008783365599811077","0.008783365599811077"
"73399","0.008762137964367867","0.008762137964367867","0.008762137964367867"
"73445","0.007306122221052647","0.007306122221052647","0.007306122221052647"
"73446","0.009267527610063553","0.009267527610063553","0.009267527610063553"
"73449","0.007347061298787594","0.007347061298787594","0.007347061298787594"
"73450","0.009301929734647274","0.009301929734647274","0.009301929734647274"
"73455","0.008410084992647171","0.008410084992647171","0.008410084992647171"
"73464","0.01146784145385027","0.01146784145385027","0.01146784145385027"
"73480","0.00750424899160862","0.00750424899160862","0.00750424899160862"
"73498","0.007122463546693325","0.007122463546693325","0.007122463546693325"
"73507","0.007809824775904417","0.007809824775904417","0.007809824775904417"
"73508","0.009233299642801285","0.009233299642801285","0.009233299642801285"
"73509","0.008586573414504528","0.008586573414504528","0.008586573414504528"
"73510","0.00909982156008482","0.00909982156008482","0.00909982156008482"
"73511","0.007744917180389166","0.007744917180389166","0.007744917180389166"
"73514","0.007692283950746059","0.007692283950746059","0.007692283950746059"
"73519","0.008975382894277573","0.008975382894277573","0.008975382894277573"
"73521","0.009140826761722565","0.009140826761722565","0.009140826761722565"
"73530","0.009057961404323578","0.009057961404323578","0.009057961404323578"
"73554","0.006471100728958845","0.006471100728958845","0.006471100728958845"
"73555","0.006838928442448378","0.006838928442448378","0.006838928442448378"
"73558","0.006174102425575256","0.006174102425575256","0.006174102425575256"
"73559","0.006573284510523081","0.006573284510523081","0.006573284510523081"
"73581","0.007977643050253391","0.007977643050253391","0.007977643050253391"
"73588","0.00854368694126606","0.00854368694126606","0.00854368694126606"
"73603","0.008403299376368523","0.008403299376368523","0.008403299376368523"
"73609","0.008550518192350864","0.008550518192350864","0.008550518192350864"
"73633","0.006965788081288338","0.006965788081288338","0.006965788081288338"
"73637","0.008016156032681465","0.008016156032681465","0.008016156032681465"
"73639","0.007421362679451704","0.007421362679451704","0.007421362679451704"
"73650","0.007138460408896208","0.007138460408896208","0.007138460408896208"
"73672","0.006653874181210995","0.006653874181210995","0.006653874181210995"
"73675","0.006685777101665735","0.006685777101665735","0.006685777101665735"
"73679","0.005949314683675766","0.005949314683675766","0.005949314683675766"
"73681","0.0055122971534729","0.0055122971534729","0.0055122971534729"
"73684","0.009387964382767677","0.009387964382767677","0.009387964382767677"
"73690","0.007609895896166563","0.007609895896166563","0.007609895896166563"
"73695","0.009052226319909096","0.009052226319909096","0.009052226319909096"
"73698","0.006587094161659479","0.006587094161659479","0.006587094161659479"
"73712","0.00809805653989315","0.00809805653989315","0.00809805653989315"
"73716","0.0071841576136648655","0.0071841576136648655","0.0071841576136648655"
"73747","0.005968310870230198","0.005968310870230198","0.005968310870230198"
"73762","0.004688976798206568","0.004688976798206568","0.004688976798206568"
"73766","0.008687848225235939","0.008687848225235939","0.008687848225235939"
"73778","0.009575032629072666","0.009575032629072666","0.009575032629072666"
"73799","0.009564719162881374","0.009564719162881374","0.009564719162881374"
"73803","0.007441049907356501","0.007441049907356501","0.007441049907356501"
"73844","0.008865046314895153","0.008865046314895153","0.008865046314895153"
"73847","0.007648560684174299","0.007648560684174299","0.007648560684174299"
"73857","0.008984463289380074","0.008984463289380074","0.008984463289380074"
"73873","0.0048194751143455505","0.0048194751143455505","0.0048194751143455505"
"73896","0.010017497465014458","0.010017497465014458","0.010017497465014458"
"73911","0.007532190065830946","0.007532190065830946","0.007532190065830946"
"73919","0.00910662580281496","0.00910662580281496","0.00910662580281496"
"73921","0.006099405232816935","0.006099405232816935","0.006099405232816935"
"73959","0.009320035576820374","0.009320035576820374","0.009320035576820374"
"73968","0.006063052453100681","0.006063052453100681","0.006063052453100681"
"73975","0.008662275038659573","0.008662275038659573","0.008662275038659573"
"73984","0.006765133701264858","0.006765133701264858","0.006765133701264858"
"74013","0.007454377599060535","0.007454377599060535","0.007454377599060535"
"74029","0.009110561572015285","0.009110561572015285","0.009110561572015285"
"74030","0.007972197607159615","0.007972197607159615","0.007972197607159615"
"74043","0.008375030942261219","0.008375030942261219","0.008375030942261219"
"74050","0.007055043242871761","0.007055043242871761","0.007055043242871761"
"74062","0.00862954556941986","0.00862954556941986","0.00862954556941986"
"74067","0.00679172296077013","0.00679172296077013","0.00679172296077013"
"74078","0.010852765291929245","0.010852765291929245","0.010852765291929245"
"74087","0.009167713113129139","0.009167713113129139","0.009167713113129139"
"74113","0.009622873738408089","0.009622873738408089","0.009622873738408089"
"74116","0.008107725530862808","0.008107725530862808","0.008107725530862808"
"74126","0.005488429218530655","0.005488429218530655","0.005488429218530655"
"74136","0.00523467967286706","0.00523467967286706","0.00523467967286706"
"74145","0.006984757259488106","0.006984757259488106","0.006984757259488106"
"74153","0.00766051234677434","0.00766051234677434","0.00766051234677434"
"74155","0.006405230611562729","0.006405230611562729","0.006405230611562729"
"74156","0.007756161503493786","0.007756161503493786","0.007756161503493786"
"74174","0.010127668268978596","0.010127668268978596","0.010127668268978596"
"74183","0.009009169414639473","0.009009169414639473","0.009009169414639473"
"74190","0.00913915317505598","0.00913915317505598","0.00913915317505598"
"74203","0.008134076371788979","0.008134076371788979","0.008134076371788979"
"74228","0.0084763802587986","0.0084763802587986","0.0084763802587986"
"74229","0.009371696040034294","0.009371696040034294","0.009371696040034294"
"74232","0.007677961606532335","0.007677961606532335","0.007677961606532335"
"74235","0.00894367415457964","0.00894367415457964","0.00894367415457964"
"74242","0.010516418144106865","0.010516418144106865","0.010516418144106865"
"74259","0.005349250975996256","0.005349250975996256","0.005349250975996256"
"74279","0.006602005567401648","0.006602005567401648","0.006602005567401648"
"74303","0.007726720068603754","0.007726720068603754","0.007726720068603754"
"74304","0.009879101067781448","0.009879101067781448","0.009879101067781448"
"74314","0.009724750183522701","0.009724750183522701","0.009724750183522701"
"74318","0.01027340441942215","0.01027340441942215","0.01027340441942215"
"74333","0.009321498684585094","0.009321498684585094","0.009321498684585094"
"74335","0.008928298950195312","0.008928298950195312","0.008928298950195312"
"74345","0.00828747171908617","0.00828747171908617","0.00828747171908617"
"74356","0.00876314751803875","0.00876314751803875","0.00876314751803875"
"74368","0.007446402683854103","0.007446402683854103","0.007446402683854103"
"74373","0.009329790249466896","0.009329790249466896","0.009329790249466896"
"74390","0.008221094496548176","0.008221094496548176","0.008221094496548176"
"74391","0.009491213597357273","0.009491213597357273","0.009491213597357273"
"74408","0.008970490656793118","0.008970490656793118","0.008970490656793118"
"74424","0.008371137082576752","0.008371137082576752","0.008371137082576752"
"74425","0.007049991749227047","0.007049991749227047","0.007049991749227047"
"74435","0.004999814089387655","0.004999814089387655","0.004999814089387655"
"74448","0.006277882494032383","0.006277882494032383","0.006277882494032383"
"74481","0.009541329927742481","0.009541329927742481","0.009541329927742481"
"74505","0.009259860031306744","0.009259860031306744","0.009259860031306744"
"74508","0.006290620658546686","0.006290620658546686","0.006290620658546686"
"74541","0.009245623834431171","0.009245623834431171","0.009245623834431171"
"74542","0.006947876885533333","0.006947876885533333","0.006947876885533333"
"74548","0.006561650894582272","0.006561650894582272","0.006561650894582272"
"74550","0.00925348699092865","0.00925348699092865","0.00925348699092865"
"74573","0.007081224117428064","0.007081224117428064","0.007081224117428064"
"74580","0.00941589754074812","0.00941589754074812","0.00941589754074812"
"74581","0.007190713658928871","0.007190713658928871","0.007190713658928871"
"74591","0.007327829487621784","0.007327829487621784","0.007327829487621784"
"74594","0.00964886974543333","0.00964886974543333","0.00964886974543333"
"74608","0.007146891206502914","0.007146891206502914","0.007146891206502914"
"74612","0.006958413869142532","0.006958413869142532","0.006958413869142532"
"74618","0.006200158968567848","0.006200158968567848","0.006200158968567848"
"74621","0.0061048539355397224","0.0061048539355397224","0.0061048539355397224"
"74626","0.006732011679559946","0.006732011679559946","0.006732011679559946"
"74637","0.00849992036819458","0.00849992036819458","0.00849992036819458"
"74643","0.007902726531028748","0.007902726531028748","0.007902726531028748"
"74661","0.009064414538443089","0.009064414538443089","0.009064414538443089"
"74691","0.009788877330720425","0.009788877330720425","0.009788877330720425"
"74699","0.007407923229038715","0.007407923229038715","0.007407923229038715"
"74701","0.008215227164328098","0.008215227164328098","0.008215227164328098"
"74703","0.00763743557035923","0.00763743557035923","0.00763743557035923"
"74706","0.007506839465349913","0.007506839465349913","0.007506839465349913"
"74720","0.005809340626001358","0.005809340626001358","0.005809340626001358"
"74721","0.008629652671515942","0.008629652671515942","0.008629652671515942"
"74722","0.008530219085514545","0.008530219085514545","0.008530219085514545"
"74742","0.008050365373492241","0.008050365373492241","0.008050365373492241"
"74748","0.006672723218798637","0.006672723218798637","0.006672723218798637"
"74749","0.006379975937306881","0.006379975937306881","0.006379975937306881"
"74773","0.008345410227775574","0.008345410227775574","0.008345410227775574"
"74774","0.007947864942252636","0.007947864942252636","0.007947864942252636"
"74784","0.007472351659089327","0.007472351659089327","0.007472351659089327"
"74787","0.006361714098602533","0.006361714098602533","0.006361714098602533"
"74792","0.007579804863780737","0.007579804863780737","0.007579804863780737"
"74811","0.007901972159743309","0.007901972159743309","0.007901972159743309"
"74815","0.008885696530342102","0.008885696530342102","0.008885696530342102"
"74818","0.009884698316454887","0.009884698316454887","0.009884698316454887"
"74825","0.00885624997317791","0.00885624997317791","0.00885624997317791"
"74852","0.006403380073606968","0.006403380073606968","0.006403380073606968"
"74854","0.008207384496927261","0.008207384496927261","0.008207384496927261"
"74865","0.008360174484550953","0.008360174484550953","0.008360174484550953"
"74876","0.007753167301416397","0.007753167301416397","0.007753167301416397"
"74879","0.008065898902714252","0.008065898902714252","0.008065898902714252"
"74882","0.008667844347655773","0.008667844347655773","0.008667844347655773"
"74892","0.007841235026717186","0.007841235026717186","0.007841235026717186"
"74908","0.006962238810956478","0.006962238810956478","0.006962238810956478"
"74913","0.008255554363131523","0.008255554363131523","0.008255554363131523"
"74921","0.0088474340736866","0.0088474340736866","0.0088474340736866"
"74922","0.0069992695935070515","0.0069992695935070515","0.0069992695935070515"
"74941","0.008533410727977753","0.008533410727977753","0.008533410727977753"
"74974","0.00962715595960617","0.00962715595960617","0.00962715595960617"
"74976","0.00906903762370348","0.00906903762370348","0.00906903762370348"
"74984","0.009200497530400753","0.009200497530400753","0.009200497530400753"
"74990","0.010003404691815376","0.010003404691815376","0.010003404691815376"
"75011","0.0078099980019032955","0.0078099980019032955","0.0078099980019032955"
"75019","0.008041499182581902","0.008041499182581902","0.008041499182581902"
"75026","0.007577582262456417","0.007577582262456417","0.007577582262456417"
"75036","0.008250510320067406","0.008250510320067406","0.008250510320067406"
"75047","0.005658437497913837","0.005658437497913837","0.005658437497913837"
"75049","0.010065552778542042","0.010065552778542042","0.010065552778542042"
"75065","0.008753636851906776","0.008753636851906776","0.008753636851906776"
"75082","0.007020383141934872","0.007020383141934872","0.007020383141934872"
"75084","0.006923428270965815","0.006923428270965815","0.006923428270965815"
"75125","0.010706511326134205","0.010706511326134205","0.010706511326134205"
"75141","0.010041574947535992","0.010041574947535992","0.010041574947535992"
"75169","0.006883401423692703","0.006883401423692703","0.006883401423692703"
"75172","0.007743851747363806","0.007743851747363806","0.007743851747363806"
"75194","0.005854351446032524","0.005854351446032524","0.005854351446032524"
"75208","0.0069079892709851265","0.0069079892709851265","0.0069079892709851265"
"75233","0.008561983704566956","0.008561983704566956","0.008561983704566956"
"75237","0.006800827104598284","0.006800827104598284","0.006800827104598284"
"75242","0.006972936913371086","0.006972936913371086","0.006972936913371086"
"75256","0.007876168936491013","0.007876168936491013","0.007876168936491013"
"75286","0.010140398517251015","0.010140398517251015","0.010140398517251015"
"75289","0.008477563969790936","0.008477563969790936","0.008477563969790936"
"75296","0.007179437670856714","0.007179437670856714","0.007179437670856714"
"75314","0.00816047191619873","0.00816047191619873","0.00816047191619873"
"75316","0.01130271703004837","0.01130271703004837","0.01130271703004837"
"75318","0.008997941389679909","0.008997941389679909","0.008997941389679909"
"75323","0.00903808232396841","0.00903808232396841","0.00903808232396841"
"75329","0.009182517416775227","0.009182517416775227","0.009182517416775227"
"75332","0.008037582039833069","0.008037582039833069","0.008037582039833069"
"75338","0.007347858976572752","0.007347858976572752","0.007347858976572752"
"75340","0.0072112311609089375","0.0072112311609089375","0.0072112311609089375"
"75359","0.007249369751662016","0.007249369751662016","0.007249369751662016"
"75363","0.005047166720032692","0.005047166720032692","0.005047166720032692"
"75365","0.007647162303328514","0.007647162303328514","0.007647162303328514"
"75366","0.008580845780670643","0.008580845780670643","0.008580845780670643"
"75367","0.008749793283641338","0.008749793283641338","0.008749793283641338"
"75372","0.008630622178316116","0.008630622178316116","0.008630622178316116"
"75385","0.007103803101927042","0.007103803101927042","0.007103803101927042"
"75409","0.0073532406240701675","0.0073532406240701675","0.0073532406240701675"
"75417","0.007387327961623669","0.007387327961623669","0.007387327961623669"
"75419","0.008482396602630615","0.008482396602630615","0.008482396602630615"
"75421","0.008086436428129673","0.008086436428129673","0.008086436428129673"
"75431","0.007005823776125908","0.007005823776125908","0.007005823776125908"
"75446","0.006177185103297234","0.006177185103297234","0.006177185103297234"
"75452","0.008823445998132229","0.008823445998132229","0.008823445998132229"
"75454","0.007683915086090565","0.007683915086090565","0.007683915086090565"
"75461","0.010703373700380325","0.010703373700380325","0.010703373700380325"
"75465","0.008797054179012775","0.008797054179012775","0.008797054179012775"
"75475","0.008563132025301456","0.008563132025301456","0.008563132025301456"
"75476","0.008300699293613434","0.008300699293613434","0.008300699293613434"
"75482","0.008315706625580788","0.008315706625580788","0.008315706625580788"
"75484","0.00882044155150652","0.00882044155150652","0.00882044155150652"
"75496","0.008022242225706577","0.008022242225706577","0.008022242225706577"
"75511","0.007078651338815689","0.007078651338815689","0.007078651338815689"
"75516","0.008770299144089222","0.008770299144089222","0.008770299144089222"
"75517","0.010936844162642956","0.010936844162642956","0.010936844162642956"
"75536","0.009383460506796837","0.009383460506796837","0.009383460506796837"
"75541","0.0074774958193302155","0.0074774958193302155","0.0074774958193302155"
"75576","0.006812559440732002","0.006812559440732002","0.006812559440732002"
"75583","0.009728021919727325","0.009728021919727325","0.009728021919727325"
"75585","0.010172445327043533","0.010172445327043533","0.010172445327043533"
"75591","0.009916085749864578","0.009916085749864578","0.009916085749864578"
"75596","0.00790804997086525","0.00790804997086525","0.00790804997086525"
"75599","0.009394085966050625","0.009394085966050625","0.009394085966050625"
"75607","0.008076513186097145","0.008076513186097145","0.008076513186097145"
"75610","0.009097977541387081","0.009097977541387081","0.009097977541387081"
"75612","0.007806164212524891","0.007806164212524891","0.007806164212524891"
"75615","0.00852928590029478","0.00852928590029478","0.00852928590029478"
"75622","0.010074366815388203","0.010074366815388203","0.010074366815388203"
"75634","0.008561615832149982","0.008561615832149982","0.008561615832149982"
"75635","0.007143406197428703","0.007143406197428703","0.007143406197428703"
"75640","0.007747130002826452","0.007747130002826452","0.007747130002826452"
"75664","0.006210129242390394","0.006210129242390394","0.006210129242390394"
"75677","0.006002160254865885","0.006002160254865885","0.006002160254865885"
"75708","0.00711437501013279","0.00711437501013279","0.00711437501013279"
"75709","0.008657995611429214","0.008657995611429214","0.008657995611429214"
"75713","0.010633472353219986","0.010633472353219986","0.010633472353219986"
"75724","0.008513350039720535","0.008513350039720535","0.008513350039720535"
"75731","0.00881750788539648","0.00881750788539648","0.00881750788539648"
"75749","0.008821237832307816","0.008821237832307816","0.008821237832307816"
"75760","0.00726641621440649","0.00726641621440649","0.00726641621440649"
"75795","0.00811018142849207","0.00811018142849207","0.00811018142849207"
"75816","0.008922941982746124","0.008922941982746124","0.008922941982746124"
"75835","0.006287173833698034","0.006287173833698034","0.006287173833698034"
"75838","0.00661142822355032","0.00661142822355032","0.00661142822355032"
"75841","0.008131956681609154","0.008131956681609154","0.008131956681609154"
"75842","0.008101051673293114","0.008101051673293114","0.008101051673293114"
"75888","0.007808540016412735","0.007808540016412735","0.007808540016412735"
"75892","0.005167542956769466","0.005167542956769466","0.005167542956769466"
"75896","0.008192879147827625","0.008192879147827625","0.008192879147827625"
"75922","0.007888306863605976","0.007888306863605976","0.007888306863605976"
"75936","0.007278570905327797","0.007278570905327797","0.007278570905327797"
"75946","0.008396198973059654","0.008396198973059654","0.008396198973059654"
"75955","0.008243451826274395","0.008243451826274395","0.008243451826274395"
"75957","0.007842843420803547","0.007842843420803547","0.007842843420803547"
"75958","0.007109197322279215","0.007109197322279215","0.007109197322279215"
"75959","0.005650960840284824","0.005650960840284824","0.005650960840284824"
"75975","0.0057240622118115425","0.0057240622118115425","0.0057240622118115425"
"75994","0.006434277165681124","0.006434277165681124","0.006434277165681124"
"75997","0.00856449268758297","0.00856449268758297","0.00856449268758297"
"76008","0.009878385812044144","0.009878385812044144","0.009878385812044144"
"76012","0.008121389895677567","0.008121389895677567","0.008121389895677567"
"76014","0.008312629535794258","0.008312629535794258","0.008312629535794258"
"76040","0.006338717881590128","0.006338717881590128","0.006338717881590128"
"76044","0.0077426438219845295","0.0077426438219845295","0.0077426438219845295"
"76047","0.009301891550421715","0.009301891550421715","0.009301891550421715"
"76059","0.009722886607050896","0.009722886607050896","0.009722886607050896"
"76068","0.009828755632042885","0.009828755632042885","0.009828755632042885"
"76089","0.007866740226745605","0.007866740226745605","0.007866740226745605"
"76099","0.006988581269979477","0.006988581269979477","0.006988581269979477"
"76101","0.00611806521192193","0.00611806521192193","0.00611806521192193"
"76107","0.008738832548260689","0.008738832548260689","0.008738832548260689"
"76111","0.007383704651147127","0.007383704651147127","0.007383704651147127"
"76112","0.008412608876824379","0.008412608876824379","0.008412608876824379"
"76117","0.007770854979753494","0.007770854979753494","0.007770854979753494"
"76123","0.00862565916031599","0.00862565916031599","0.00862565916031599"
"76130","0.009813772514462471","0.009813772514462471","0.009813772514462471"
"76133","0.007338755764067173","0.007338755764067173","0.007338755764067173"
"76135","0.008657442405819893","0.008657442405819893","0.008657442405819893"
"76154","0.007621161174029112","0.007621161174029112","0.007621161174029112"
"76156","0.008882018737494946","0.008882018737494946","0.008882018737494946"
"76161","0.007519301492720842","0.007519301492720842","0.007519301492720842"
"76201","0.00700703589245677","0.00700703589245677","0.00700703589245677"
"76216","0.00758138345554471","0.00758138345554471","0.00758138345554471"
"76218","0.006709594279527664","0.006709594279527664","0.006709594279527664"
"76224","0.008405378088355064","0.008405378088355064","0.008405378088355064"
"76236","0.007019526325166225","0.007019526325166225","0.007019526325166225"
"76243","0.005778037942945957","0.005778037942945957","0.005778037942945957"
"76254","0.007065806072205305","0.007065806072205305","0.007065806072205305"
"76274","0.008661719970405102","0.008661719970405102","0.008661719970405102"
"76292","0.007990701124072075","0.007990701124072075","0.007990701124072075"
"76303","0.006461204495280981","0.006461204495280981","0.006461204495280981"
"76305","0.008252901025116444","0.008252901025116444","0.008252901025116444"
"76317","0.007990015670657158","0.007990015670657158","0.007990015670657158"
"76318","0.006408569402992725","0.006408569402992725","0.006408569402992725"
"76323","0.008169245906174183","0.008169245906174183","0.008169245906174183"
"76341","0.008249391801655293","0.008249391801655293","0.008249391801655293"
"76360","0.010638870298862457","0.010638870298862457","0.010638870298862457"
"76366","0.006832538638263941","0.006832538638263941","0.006832538638263941"
"76374","0.009774554520845413","0.009774554520845413","0.009774554520845413"
"76376","0.0075719221495091915","0.0075719221495091915","0.0075719221495091915"
"76386","0.006954264361411333","0.006954264361411333","0.006954264361411333"
"76393","0.008096043951809406","0.008096043951809406","0.008096043951809406"
"76395","0.009755127131938934","0.009755127131938934","0.009755127131938934"
"76402","0.00791910756379366","0.00791910756379366","0.00791910756379366"
"76409","0.00896657258272171","0.00896657258272171","0.00896657258272171"
"76425","0.008861037902534008","0.008861037902534008","0.008861037902534008"
"76432","0.006847660522907972","0.006847660522907972","0.006847660522907972"
"76441","0.008160308003425598","0.008160308003425598","0.008160308003425598"
"76447","0.007987909950315952","0.007987909950315952","0.007987909950315952"
"76456","0.0070503042079508305","0.0070503042079508305","0.0070503042079508305"
"76481","0.01049836352467537","0.01049836352467537","0.01049836352467537"
"76494","0.007801991421729326","0.007801991421729326","0.007801991421729326"
"76501","0.008659815415740013","0.008659815415740013","0.008659815415740013"
"76515","0.010367084294557571","0.010367084294557571","0.010367084294557571"
"76516","0.005394158884882927","0.005394158884882927","0.005394158884882927"
"76565","0.007312404923141003","0.007312404923141003","0.007312404923141003"
"76574","0.007372454274445772","0.007372454274445772","0.007372454274445772"
"76576","0.006721927784383297","0.006721927784383297","0.006721927784383297"
"76593","0.007032529450953007","0.007032529450953007","0.007032529450953007"
"76595","0.008593622595071793","0.008593622595071793","0.008593622595071793"
"76604","0.009081825613975525","0.009081825613975525","0.009081825613975525"
"76607","0.007524820044636726","0.007524820044636726","0.007524820044636726"
"76614","0.007002027705311775","0.007002027705311775","0.007002027705311775"
"76619","0.008218544535338879","0.008218544535338879","0.008218544535338879"
"76622","0.008087879046797752","0.008087879046797752","0.008087879046797752"
"76623","0.008752129971981049","0.008752129971981049","0.008752129971981049"
"76636","0.007954200729727745","0.007954200729727745","0.007954200729727745"
"76638","0.007482388988137245","0.007482388988137245","0.007482388988137245"
"76640","0.00843986589461565","0.00843986589461565","0.00843986589461565"
"76648","0.007995163090527058","0.007995163090527058","0.007995163090527058"
"76650","0.00783403217792511","0.00783403217792511","0.00783403217792511"
"76664","0.008133359253406525","0.008133359253406525","0.008133359253406525"
"76665","0.006681355182081461","0.006681355182081461","0.006681355182081461"
"76672","0.00669571477919817","0.00669571477919817","0.00669571477919817"
"76690","0.011037694290280342","0.011037694290280342","0.011037694290280342"
"76691","0.009391821920871735","0.009391821920871735","0.009391821920871735"
"76694","0.008362757042050362","0.008362757042050362","0.008362757042050362"
"76696","0.007500560488551855","0.007500560488551855","0.007500560488551855"
"76702","0.00814557820558548","0.00814557820558548","0.00814557820558548"
"76703","0.006986398249864578","0.006986398249864578","0.006986398249864578"
"76705","0.006970590446144342","0.006970590446144342","0.006970590446144342"
"76718","0.009140855632722378","0.009140855632722378","0.009140855632722378"
"76733","0.008336784318089485","0.008336784318089485","0.008336784318089485"
"76740","0.007828040979802608","0.007828040979802608","0.007828040979802608"
"76745","0.004584696609526873","0.004584696609526873","0.004584696609526873"
"76747","0.008317681029438972","0.008317681029438972","0.008317681029438972"
"76758","0.006677877623587847","0.006677877623587847","0.006677877623587847"
"76759","0.009899127297103405","0.009899127297103405","0.009899127297103405"
"76762","0.008095033466815948","0.008095033466815948","0.008095033466815948"
"76765","0.009129459038376808","0.009129459038376808","0.009129459038376808"
"76770","0.008392761461436749","0.008392761461436749","0.008392761461436749"
"76775","0.007095867767930031","0.007095867767930031","0.007095867767930031"
"76788","0.008412347175180912","0.008412347175180912","0.008412347175180912"
"76808","0.007427833508700132","0.007427833508700132","0.007427833508700132"
"76815","0.007856324315071106","0.007856324315071106","0.007856324315071106"
"76821","0.006775343790650368","0.006775343790650368","0.006775343790650368"
"76846","0.008810299448668957","0.008810299448668957","0.008810299448668957"
"76856","0.008214227855205536","0.008214227855205536","0.008214227855205536"
"76872","0.008324120193719864","0.008324120193719864","0.008324120193719864"
"76898","0.006651582662016153","0.006651582662016153","0.006651582662016153"
"76901","0.006126996595412493","0.006126996595412493","0.006126996595412493"
"76919","0.007851310074329376","0.007851310074329376","0.007851310074329376"
"76936","0.00937314797192812","0.00937314797192812","0.00937314797192812"
"76939","0.007809654343873262","0.007809654343873262","0.007809654343873262"
"76941","0.008901392109692097","0.008901392109692097","0.008901392109692097"
"76944","0.0074460175819695","0.0074460175819695","0.0074460175819695"
"76959","0.007585476618260145","0.007585476618260145","0.007585476618260145"
"76992","0.009446797892451286","0.009446797892451286","0.009446797892451286"
"76999","0.010873249731957912","0.010873249731957912","0.010873249731957912"
"77031","0.008435243740677834","0.008435243740677834","0.008435243740677834"
"77038","0.00724915973842144","0.00724915973842144","0.00724915973842144"
"77040","0.007769141811877489","0.007769141811877489","0.007769141811877489"
"77042","0.007483671884983778","0.007483671884983778","0.007483671884983778"
"77043","0.006704600527882576","0.006704600527882576","0.006704600527882576"
"77068","0.007431815844029188","0.007431815844029188","0.007431815844029188"
"77072","0.00763339176774025","0.00763339176774025","0.00763339176774025"
"77083","0.008555817417800426","0.008555817417800426","0.008555817417800426"
"77090","0.010864936746656895","0.010864936746656895","0.010864936746656895"
"77092","0.009134838357567787","0.009134838357567787","0.009134838357567787"
"77094","0.010540679097175598","0.010540679097175598","0.010540679097175598"
"77100","0.008927197195589542","0.008927197195589542","0.008927197195589542"
"77105","0.008377463556826115","0.008377463556826115","0.008377463556826115"
"77109","0.00747743621468544","0.00747743621468544","0.00747743621468544"
"77112","0.007278783246874809","0.007278783246874809","0.007278783246874809"
"77116","0.008804493583738804","0.008804493583738804","0.008804493583738804"
"77122","0.008940163999795914","0.008940163999795914","0.008940163999795914"
"77123","0.007104084361344576","0.007104084361344576","0.007104084361344576"
"77131","0.00801052711904049","0.00801052711904049","0.00801052711904049"
"77140","0.00926410872489214","0.00926410872489214","0.00926410872489214"
"77149","0.010135595686733723","0.010135595686733723","0.010135595686733723"
"77161","0.008667806163430214","0.008667806163430214","0.008667806163430214"
"77171","0.00842250045388937","0.00842250045388937","0.00842250045388937"
"77196","0.006278351414948702","0.006278351414948702","0.006278351414948702"
"77198","0.009879750199615955","0.009879750199615955","0.009879750199615955"
"77202","0.006442734971642494","0.006442734971642494","0.006442734971642494"
"77208","0.007893018424510956","0.007893018424510956","0.007893018424510956"
"77211","0.007205890491604805","0.007205890491604805","0.007205890491604805"
"77224","0.00921734981238842","0.00921734981238842","0.00921734981238842"
"77235","0.008742387406527996","0.008742387406527996","0.008742387406527996"
"77239","0.007102327886968851","0.007102327886968851","0.007102327886968851"
"77251","0.009559479542076588","0.009559479542076588","0.009559479542076588"
"77266","0.008958316408097744","0.008958316408097744","0.008958316408097744"
"77278","0.006866980344057083","0.006866980344057083","0.006866980344057083"
"77280","0.00807311199605465","0.00807311199605465","0.00807311199605465"
"77293","0.006636402104049921","0.006636402104049921","0.006636402104049921"
"77297","0.00972801260650158","0.00972801260650158","0.00972801260650158"
"77299","0.007817148230969906","0.007817148230969906","0.007817148230969906"
"77317","0.004850275348871946","0.004850275348871946","0.004850275348871946"
"77323","0.006017966195940971","0.006017966195940971","0.006017966195940971"
"77325","0.009971598163247108","0.009971598163247108","0.009971598163247108"
"77328","0.007763796020299196","0.007763796020299196","0.007763796020299196"
"77356","0.009336079470813274","0.009336079470813274","0.009336079470813274"
"77364","0.009134056977927685","0.009134056977927685","0.009134056977927685"
"77372","0.007156351115554571","0.007156351115554571","0.007156351115554571"
"77373","0.007766225840896368","0.007766225840896368","0.007766225840896368"
"77381","0.009629734791815281","0.009629734791815281","0.009629734791815281"
"77384","0.009634998627007008","0.009634998627007008","0.009634998627007008"
"77388","0.005850639659911394","0.005850639659911394","0.005850639659911394"
"77422","0.008940550498664379","0.008940550498664379","0.008940550498664379"
"77423","0.010428261943161488","0.010428261943161488","0.010428261943161488"
"77434","0.00812786165624857","0.00812786165624857","0.00812786165624857"
"77440","0.00946740247309208","0.00946740247309208","0.00946740247309208"
"77461","0.0076538859866559505","0.0076538859866559505","0.0076538859866559505"
"77466","0.009206566028296947","0.009206566028296947","0.009206566028296947"
"77470","0.006870912853628397","0.006870912853628397","0.006870912853628397"
"77476","0.00901465117931366","0.00901465117931366","0.00901465117931366"
"77483","0.008918116800487041","0.008918116800487041","0.008918116800487041"
"77484","0.007887418381869793","0.007887418381869793","0.007887418381869793"
"77485","0.009714871644973755","0.009714871644973755","0.009714871644973755"
"77503","0.008096173405647278","0.008096173405647278","0.008096173405647278"
"77517","0.009814396500587463","0.009814396500587463","0.009814396500587463"
"77544","0.00690786587074399","0.00690786587074399","0.00690786587074399"
"77556","0.0051149106584489346","0.0051149106584489346","0.0051149106584489346"
"77559","0.009019519202411175","0.009019519202411175","0.009019519202411175"
"77566","0.007100305985659361","0.007100305985659361","0.007100305985659361"
"77568","0.007380559109151363","0.007380559109151363","0.007380559109151363"
"77569","0.007942095398902893","0.007942095398902893","0.007942095398902893"
"77588","0.008360776118934155","0.008360776118934155","0.008360776118934155"
"77601","0.006930072791874409","0.006930072791874409","0.006930072791874409"
"77611","0.00810623075813055","0.00810623075813055","0.00810623075813055"
"77612","0.007483982481062412","0.007483982481062412","0.007483982481062412"
"77613","0.008085363544523716","0.008085363544523716","0.008085363544523716"
"77616","0.00806152168661356","0.00806152168661356","0.00806152168661356"
"77623","0.009536913596093655","0.009536913596093655","0.009536913596093655"
"77647","0.007529141381382942","0.007529141381382942","0.007529141381382942"
"77655","0.006135838106274605","0.006135838106274605","0.006135838106274605"
"77656","0.007550559472292662","0.007550559472292662","0.007550559472292662"
"77661","0.006532002706080675","0.006532002706080675","0.006532002706080675"
"77675","0.008450192399322987","0.008450192399322987","0.008450192399322987"
"77676","0.0089553939178586","0.0089553939178586","0.0089553939178586"
"77724","0.007504421751946211","0.007504421751946211","0.007504421751946211"
"77730","0.008124122396111488","0.008124122396111488","0.008124122396111488"
"77759","0.006642994005233049","0.006642994005233049","0.006642994005233049"
"77776","0.007506862748414278","0.007506862748414278","0.007506862748414278"
"77785","0.00950471218675375","0.00950471218675375","0.00950471218675375"
"77789","0.008383937180042267","0.008383937180042267","0.008383937180042267"
"77817","0.008518723770976067","0.008518723770976067","0.008518723770976067"
"77858","0.00869340542703867","0.00869340542703867","0.00869340542703867"
"77862","0.006488182116299868","0.006488182116299868","0.006488182116299868"
"77896","0.008801000192761421","0.008801000192761421","0.008801000192761421"
"77902","0.007394568063318729","0.007394568063318729","0.007394568063318729"
"77927","0.008502672426402569","0.008502672426402569","0.008502672426402569"
"77928","0.008176936767995358","0.008176936767995358","0.008176936767995358"
"77939","0.006458246149122715","0.006458246149122715","0.006458246149122715"
"77956","0.007892712950706482","0.007892712950706482","0.007892712950706482"
"77964","0.006209190469235182","0.006209190469235182","0.006209190469235182"
"77965","0.006812117528170347","0.006812117528170347","0.006812117528170347"
"78000","0.009070472791790962","0.009070472791790962","0.009070472791790962"
"78002","0.006836128421127796","0.006836128421127796","0.006836128421127796"
"78007","0.007513697724789381","0.007513697724789381","0.007513697724789381"
"78024","0.006372517440468073","0.006372517440468073","0.006372517440468073"
"78032","0.009170297533273697","0.009170297533273697","0.009170297533273697"
"78072","0.009362766519188881","0.009362766519188881","0.009362766519188881"
"78082","0.010145374573767185","0.010145374573767185","0.010145374573767185"
"78091","0.005249525886029005","0.005249525886029005","0.005249525886029005"
"78092","0.010624679736793041","0.010624679736793041","0.010624679736793041"
"78094","0.008889440447092056","0.008889440447092056","0.008889440447092056"
"78097","0.006142061669379473","0.006142061669379473","0.006142061669379473"
"78107","0.008607170544564724","0.008607170544564724","0.008607170544564724"
"78108","0.00708932988345623","0.00708932988345623","0.00708932988345623"
"78125","0.007211093790829182","0.007211093790829182","0.007211093790829182"
"78138","0.010030120611190796","0.010030120611190796","0.010030120611190796"
"78147","0.006775578483939171","0.006775578483939171","0.006775578483939171"
"78148","0.008695565164089203","0.008695565164089203","0.008695565164089203"
"78162","0.009525896050035954","0.009525896050035954","0.009525896050035954"
"78178","0.007641199976205826","0.007641199976205826","0.007641199976205826"
"78186","0.006039242725819349","0.006039242725819349","0.006039242725819349"
"78206","0.007296981289982796","0.007296981289982796","0.007296981289982796"
"78212","0.008875374682247639","0.008875374682247639","0.008875374682247639"
"78237","0.005066622979938984","0.005066622979938984","0.005066622979938984"
"78238","0.008491395972669125","0.008491395972669125","0.008491395972669125"
"78241","0.007286257576197386","0.007286257576197386","0.007286257576197386"
"78244","0.00786376278847456","0.00786376278847456","0.00786376278847456"
"78246","0.006871503312140703","0.006871503312140703","0.006871503312140703"
"78252","0.010125442408025265","0.010125442408025265","0.010125442408025265"
"78254","0.00902483519166708","0.00902483519166708","0.00902483519166708"
"78259","0.009499408304691315","0.009499408304691315","0.009499408304691315"
"78275","0.006862868554890156","0.006862868554890156","0.006862868554890156"
"78281","0.008303191512823105","0.008303191512823105","0.008303191512823105"
"78283","0.008932845667004585","0.008932845667004585","0.008932845667004585"
"78286","0.00843910314142704","0.00843910314142704","0.00843910314142704"
"78311","0.007176461163908243","0.007176461163908243","0.007176461163908243"
"78313","0.007232568692415953","0.007232568692415953","0.007232568692415953"
"78314","0.009735452011227608","0.009735452011227608","0.009735452011227608"
"78316","0.012335690669715405","0.012335690669715405","0.012335690669715405"
"78320","0.010029101744294167","0.010029101744294167","0.010029101744294167"
"78327","0.00840424932539463","0.00840424932539463","0.00840424932539463"
"78333","0.007820773869752884","0.007820773869752884","0.007820773869752884"
"78377","0.007304443512111902","0.007304443512111902","0.007304443512111902"
"78386","0.01108138170093298","0.01108138170093298","0.01108138170093298"
"78390","0.006360020954161882","0.006360020954161882","0.006360020954161882"
"78397","0.010141472332179546","0.010141472332179546","0.010141472332179546"
"78405","0.007256770506501198","0.007256770506501198","0.007256770506501198"
"78411","0.006902012508362532","0.006902012508362532","0.006902012508362532"
"78420","0.007716115098446608","0.007716115098446608","0.007716115098446608"
"78429","0.009522656910121441","0.009522656910121441","0.009522656910121441"
"78436","0.007947444915771484","0.007947444915771484","0.007947444915771484"
"78439","0.007461775094270706","0.007461775094270706","0.007461775094270706"
"78441","0.009423641487956047","0.009423641487956047","0.009423641487956047"
"78453","0.008543807081878185","0.008543807081878185","0.008543807081878185"
"78455","0.009385448880493641","0.009385448880493641","0.009385448880493641"
"78480","0.008101262152194977","0.008101262152194977","0.008101262152194977"
"78481","0.006341836880892515","0.006341836880892515","0.006341836880892515"
"78489","0.008207353763282299","0.008207353763282299","0.008207353763282299"
"78491","0.009007006883621216","0.009007006883621216","0.009007006883621216"
"78510","0.008219215087592602","0.008219215087592602","0.008219215087592602"
"78520","0.007230347488075495","0.007230347488075495","0.007230347488075495"
"78548","0.004967531654983759","0.004967531654983759","0.004967531654983759"
"78549","0.007434607017785311","0.007434607017785311","0.007434607017785311"
"78553","0.007590688299387693","0.007590688299387693","0.007590688299387693"
"78557","0.006642935797572136","0.006642935797572136","0.006642935797572136"
"78562","0.008945669047534466","0.008945669047534466","0.008945669047534466"
"78577","0.008618578314781189","0.008618578314781189","0.008618578314781189"
"78588","0.007427247241139412","0.007427247241139412","0.007427247241139412"
"78594","0.009965239092707634","0.009965239092707634","0.009965239092707634"
"78608","0.005341387819498777","0.005341387819498777","0.005341387819498777"
"78615","0.007730079814791679","0.007730079814791679","0.007730079814791679"
"78621","0.011494860053062439","0.011494860053062439","0.011494860053062439"
"78624","0.008629446849226952","0.008629446849226952","0.008629446849226952"
"78628","0.007178474683314562","0.007178474683314562","0.007178474683314562"
"78645","0.009459959343075752","0.009459959343075752","0.009459959343075752"
"78647","0.00795718003064394","0.00795718003064394","0.00795718003064394"
"78659","0.009021526202559471","0.009021526202559471","0.009021526202559471"
"78670","0.006792764645069838","0.006792764645069838","0.006792764645069838"
"78679","0.010229416191577911","0.010229416191577911","0.010229416191577911"
"78701","0.006199217401444912","0.006199217401444912","0.006199217401444912"
"78710","0.007762300781905651","0.007762300781905651","0.007762300781905651"
"78739","0.008159143850207329","0.008159143850207329","0.008159143850207329"
"78740","0.009833191521465778","0.009833191521465778","0.009833191521465778"
"78744","0.01057004276663065","0.01057004276663065","0.01057004276663065"
"78759","0.00983419455587864","0.00983419455587864","0.00983419455587864"
"78760","0.007222991902381182","0.007222991902381182","0.007222991902381182"
"78767","0.008611093275249004","0.008611093275249004","0.008611093275249004"
"78770","0.007651225198060274","0.007651225198060274","0.007651225198060274"
"78781","0.009758834727108479","0.009758834727108479","0.009758834727108479"
"78783","0.009643936529755592","0.009643936529755592","0.009643936529755592"
"78791","0.009296528995037079","0.009296528995037079","0.009296528995037079"
"78795","0.008152579888701439","0.008152579888701439","0.008152579888701439"
"78810","0.008930621668696404","0.008930621668696404","0.008930621668696404"
"78816","0.008995912969112396","0.008995912969112396","0.008995912969112396"
"78817","0.008029735647141933","0.008029735647141933","0.008029735647141933"
"78830","0.009993528015911579","0.009993528015911579","0.009993528015911579"
"78841","0.008662921376526356","0.008662921376526356","0.008662921376526356"
"78843","0.008525608107447624","0.008525608107447624","0.008525608107447624"
"78860","0.007288712076842785","0.007288712076842785","0.007288712076842785"
"78869","0.008420233614742756","0.008420233614742756","0.008420233614742756"
"78872","0.007653267588466406","0.007653267588466406","0.007653267588466406"
"78873","0.008356541395187378","0.008356541395187378","0.008356541395187378"
"78890","0.005001577083021402","0.005001577083021402","0.005001577083021402"
"78898","0.0072838012129068375","0.0072838012129068375","0.0072838012129068375"
"78918","0.007562144193798304","0.007562144193798304","0.007562144193798304"
"78937","0.009293277747929096","0.009293277747929096","0.009293277747929096"
"78984","0.0124411815777421","0.0124411815777421","0.0124411815777421"
"78986","0.008305691182613373","0.008305691182613373","0.008305691182613373"
"78999","0.0077970619313418865","0.0077970619313418865","0.0077970619313418865"
"79000","0.007755101192742586","0.007755101192742586","0.007755101192742586"
"79001","0.00573885440826416","0.00573885440826416","0.00573885440826416"
"79026","0.00692682433873415","0.00692682433873415","0.00692682433873415"
"79031","0.01034865714609623","0.01034865714609623","0.01034865714609623"
"79035","0.007597184740006924","0.007597184740006924","0.007597184740006924"
"79044","0.006403667852282524","0.006403667852282524","0.006403667852282524"
"79047","0.008582142181694508","0.008582142181694508","0.008582142181694508"
"79066","0.00878214556723833","0.00878214556723833","0.00878214556723833"
"79091","0.007812264375388622","0.007812264375388622","0.007812264375388622"
"79097","0.007197743747383356","0.007197743747383356","0.007197743747383356"
"79118","0.007834676653146744","0.007834676653146744","0.007834676653146744"
"79138","0.008467474021017551","0.008467474021017551","0.008467474021017551"
"79153","0.00650634802877903","0.00650634802877903","0.00650634802877903"
"79163","0.007262607105076313","0.007262607105076313","0.007262607105076313"
"79165","0.009009639732539654","0.009009639732539654","0.009009639732539654"
"79167","0.009100758470594883","0.009100758470594883","0.009100758470594883"
"79174","0.007863486185669899","0.007863486185669899","0.007863486185669899"
"79197","0.008244933560490608","0.008244933560490608","0.008244933560490608"
"79218","0.009586308151483536","0.009586308151483536","0.009586308151483536"
"79234","0.005981022492051125","0.005981022492051125","0.005981022492051125"
"79235","0.009466158226132393","0.009466158226132393","0.009466158226132393"
"79242","0.008290030993521214","0.008290030993521214","0.008290030993521214"
"79248","0.007841804064810276","0.007841804064810276","0.007841804064810276"
"79249","0.009149391204118729","0.009149391204118729","0.009149391204118729"
"79261","0.008281807415187359","0.008281807415187359","0.008281807415187359"
"79275","0.007349098101258278","0.007349098101258278","0.007349098101258278"
"79280","0.008021681569516659","0.008021681569516659","0.008021681569516659"
"79289","0.010878823697566986","0.010878823697566986","0.010878823697566986"
"79300","0.008651801384985447","0.008651801384985447","0.008651801384985447"
"79303","0.00787137821316719","0.00787137821316719","0.00787137821316719"
"79306","0.009090512990951538","0.009090512990951538","0.009090512990951538"
"79339","0.008924930356442928","0.008924930356442928","0.008924930356442928"
"79340","0.007532362826168537","0.007532362826168537","0.007532362826168537"
"79345","0.009394817985594273","0.009394817985594273","0.009394817985594273"
"79349","0.008234156295657158","0.008234156295657158","0.008234156295657158"
"79373","0.008904076181352139","0.008904076181352139","0.008904076181352139"
"79387","0.007782679982483387","0.007782679982483387","0.007782679982483387"
"79395","0.010623945854604244","0.010623945854604244","0.010623945854604244"
"79404","0.008564488030970097","0.008564488030970097","0.008564488030970097"
"79415","0.008884463459253311","0.008884463459253311","0.008884463459253311"
"79416","0.00789813231676817","0.00789813231676817","0.00789813231676817"
"79433","0.008020276203751564","0.008020276203751564","0.008020276203751564"
"79467","0.008110566064715385","0.008110566064715385","0.008110566064715385"
"79475","0.006158581469208002","0.006158581469208002","0.006158581469208002"
"79479","0.00990274827927351","0.00990274827927351","0.00990274827927351"
"79486","0.008694651536643505","0.008694651536643505","0.008694651536643505"
"79520","0.008510734885931015","0.008510734885931015","0.008510734885931015"
"79525","0.011020271107554436","0.011020271107554436","0.011020271107554436"
"79553","0.008134812116622925","0.008134812116622925","0.008134812116622925"
"79574","0.01087530143558979","0.01087530143558979","0.01087530143558979"
"79577","0.008615854196250439","0.008615854196250439","0.008615854196250439"
"79593","0.009366041049361229","0.009366041049361229","0.009366041049361229"
"79594","0.005508581176400185","0.005508581176400185","0.005508581176400185"
"79602","0.006145818624645472","0.006145818624645472","0.006145818624645472"
"79608","0.007632281165570021","0.007632281165570021","0.007632281165570021"
"79611","0.008274066261947155","0.008274066261947155","0.008274066261947155"
"79612","0.008070592768490314","0.008070592768490314","0.008070592768490314"
"79618","0.009244609624147415","0.009244609624147415","0.009244609624147415"
"79622","0.0048302034847438335","0.0048302034847438335","0.0048302034847438335"
"79628","0.008016340434551239","0.008016340434551239","0.008016340434551239"
"79636","0.00592616805806756","0.00592616805806756","0.00592616805806756"
"79639","0.007095057051628828","0.007095057051628828","0.007095057051628828"
"79642","0.008164254017174244","0.008164254017174244","0.008164254017174244"
"79650","0.006489087361842394","0.006489087361842394","0.006489087361842394"
"79662","0.00972407590597868","0.00972407590597868","0.00972407590597868"
"79669","0.006644201464951038","0.006644201464951038","0.006644201464951038"
"79679","0.011412637308239937","0.011412637308239937","0.011412637308239937"
"79683","0.008963589556515217","0.008963589556515217","0.008963589556515217"
"79711","0.010682206600904465","0.010682206600904465","0.010682206600904465"
"79722","0.00907841045409441","0.00907841045409441","0.00907841045409441"
"79725","0.006608162075281143","0.006608162075281143","0.006608162075281143"
"79741","0.009002960287034512","0.009002960287034512","0.009002960287034512"
"79771","0.007799827493727207","0.007799827493727207","0.007799827493727207"
"79775","0.008177869953215122","0.008177869953215122","0.008177869953215122"
"79777","0.008582626469433308","0.008582626469433308","0.008582626469433308"
"79784","0.006817163433879614","0.006817163433879614","0.006817163433879614"
"79801","0.004806179087609053","0.004806179087609053","0.004806179087609053"
"79803","0.005655456334352493","0.005655456334352493","0.005655456334352493"
"79805","0.00974188931286335","0.00974188931286335","0.00974188931286335"
"79812","0.009059789590537548","0.009059789590537548","0.009059789590537548"
"79814","0.008712727576494217","0.008712727576494217","0.008712727576494217"
"79824","0.007723400369286537","0.007723400369286537","0.007723400369286537"
"79830","0.005668380297720432","0.005668380297720432","0.005668380297720432"
"79834","0.00865381583571434","0.00865381583571434","0.00865381583571434"
"79838","0.008975292555987835","0.008975292555987835","0.008975292555987835"
"79843","0.009369953535497189","0.009369953535497189","0.009369953535497189"
"79845","0.007693272549659014","0.007693272549659014","0.007693272549659014"
"79857","0.0064285690896213055","0.0064285690896213055","0.0064285690896213055"
"79866","0.007764346431940794","0.007764346431940794","0.007764346431940794"
"79867","0.009512381628155708","0.009512381628155708","0.009512381628155708"
"79882","0.009843114763498306","0.009843114763498306","0.009843114763498306"
"79886","0.009362033568322659","0.009362033568322659","0.009362033568322659"
"79902","0.008263923227787018","0.008263923227787018","0.008263923227787018"
"79912","0.011156411841511726","0.011156411841511726","0.011156411841511726"
"79922","0.005918154027312994","0.005918154027312994","0.005918154027312994"
"79957","0.008672283962368965","0.008672283962368965","0.008672283962368965"
"79962","0.008024083450436592","0.008024083450436592","0.008024083450436592"
"79965","0.007274269592016935","0.007274269592016935","0.007274269592016935"
"79972","0.009656081907451153","0.009656081907451153","0.009656081907451153"
"79975","0.0075212400406599045","0.0075212400406599045","0.0075212400406599045"
"79992","0.008014237508177757","0.008014237508177757","0.008014237508177757"
"79998","0.007915278896689415","0.007915278896689415","0.007915278896689415"
"80015","0.00848027877509594","0.00848027877509594","0.00848027877509594"
"80029","0.0077994149178266525","0.0077994149178266525","0.0077994149178266525"
"80052","0.008691460825502872","0.008691460825502872","0.008691460825502872"
"80062","0.007246867287904024","0.007246867287904024","0.007246867287904024"
"80070","0.007713421247899532","0.007713421247899532","0.007713421247899532"
"80093","0.006895267870277166","0.006895267870277166","0.006895267870277166"
"80099","0.008989408612251282","0.008989408612251282","0.008989408612251282"
"80124","0.010308864526450634","0.010308864526450634","0.010308864526450634"
"80139","0.009520879946649075","0.009520879946649075","0.009520879946649075"
"80147","0.008272490464150906","0.008272490464150906","0.008272490464150906"
"80175","0.010862412862479687","0.010862412862479687","0.010862412862479687"
"80177","0.012141012586653233","0.012141012586653233","0.012141012586653233"
"80185","0.009236485697329044","0.009236485697329044","0.009236485697329044"
"80187","0.008144321851432323","0.008144321851432323","0.008144321851432323"
"80198","0.00841832347214222","0.00841832347214222","0.00841832347214222"
"80204","0.008097589015960693","0.008097589015960693","0.008097589015960693"
"80205","0.008956204168498516","0.008956204168498516","0.008956204168498516"
"80211","0.006506811361759901","0.006506811361759901","0.006506811361759901"
"80212","0.006328884977847338","0.006328884977847338","0.006328884977847338"
"80213","0.009197997860610485","0.009197997860610485","0.009197997860610485"
"80225","0.009990370832383633","0.009990370832383633","0.009990370832383633"
"80238","0.0045764511451125145","0.0045764511451125145","0.0045764511451125145"
"80276","0.009832657873630524","0.009832657873630524","0.009832657873630524"
"80283","0.008818840608000755","0.008818840608000755","0.008818840608000755"
"80285","0.007056361064314842","0.007056361064314842","0.007056361064314842"
"80291","0.007475183345377445","0.007475183345377445","0.007475183345377445"
"80297","0.008307414129376411","0.008307414129376411","0.008307414129376411"
"80306","0.01018214225769043","0.01018214225769043","0.01018214225769043"
"80307","0.007589337415993214","0.007589337415993214","0.007589337415993214"
"80314","0.007181400433182716","0.007181400433182716","0.007181400433182716"
"80319","0.008953786455094814","0.008953786455094814","0.008953786455094814"
"80326","0.009279736317694187","0.009279736317694187","0.009279736317694187"
"80341","0.0065250033512711525","0.0065250033512711525","0.0065250033512711525"
"80366","0.007886444218456745","0.007886444218456745","0.007886444218456745"
"80379","0.01062134187668562","0.01062134187668562","0.01062134187668562"
"80383","0.006838112138211727","0.006838112138211727","0.006838112138211727"
"80388","0.009734642691910267","0.009734642691910267","0.009734642691910267"
"80401","0.00696049677208066","0.00696049677208066","0.00696049677208066"
"80419","0.008391845040023327","0.008391845040023327","0.008391845040023327"
"80423","0.007165097631514072","0.007165097631514072","0.007165097631514072"
"80430","0.008272528648376465","0.008272528648376465","0.008272528648376465"
"80436","0.0064565748907625675","0.0064565748907625675","0.0064565748907625675"
"80441","0.00846373476088047","0.00846373476088047","0.00846373476088047"
"80452","0.008410049602389336","0.008410049602389336","0.008410049602389336"
"80458","0.0083629060536623","0.0083629060536623","0.0083629060536623"
"80480","0.007676196284592152","0.007676196284592152","0.007676196284592152"
"80487","0.007800555322319269","0.007800555322319269","0.007800555322319269"
"80497","0.007945637218654156","0.007945637218654156","0.007945637218654156"
"80501","0.008702196180820465","0.008702196180820465","0.008702196180820465"
"80503","0.008127334527671337","0.008127334527671337","0.008127334527671337"
"80511","0.007082667667418718","0.007082667667418718","0.007082667667418718"
"80514","0.006769636645913124","0.006769636645913124","0.006769636645913124"
"80515","0.007905453443527222","0.007905453443527222","0.007905453443527222"
"80532","0.008764994330704212","0.008764994330704212","0.008764994330704212"
"80533","0.008629955351352692","0.008629955351352692","0.008629955351352692"
"80535","0.01002049446105957","0.01002049446105957","0.01002049446105957"
"80548","0.008724686689674854","0.008724686689674854","0.008724686689674854"
"80562","0.008073540404438972","0.008073540404438972","0.008073540404438972"
"80565","0.009147685952484608","0.009147685952484608","0.009147685952484608"
"80573","0.005799422040581703","0.005799422040581703","0.005799422040581703"
"80583","0.009653943590819836","0.009653943590819836","0.009653943590819836"
"80604","0.00878098700195551","0.00878098700195551","0.00878098700195551"
"80606","0.008107422851026058","0.008107422851026058","0.008107422851026058"
"80610","0.007645023055374622","0.007645023055374622","0.007645023055374622"
"80615","0.008268351666629314","0.008268351666629314","0.008268351666629314"
"80621","0.007890610024333","0.007890610024333","0.007890610024333"
"80622","0.007349731400609016","0.007349731400609016","0.007349731400609016"
"80645","0.007598010823130608","0.007598010823130608","0.007598010823130608"
"80649","0.010263174772262573","0.010263174772262573","0.010263174772262573"
"80658","0.011040362529456615","0.011040362529456615","0.011040362529456615"
"80669","0.007453981786966324","0.007453981786966324","0.007453981786966324"
"80673","0.006333350203931332","0.006333350203931332","0.006333350203931332"
"80683","0.006228877697139978","0.006228877697139978","0.006228877697139978"
"80707","0.008215431123971939","0.008215431123971939","0.008215431123971939"
"80723","0.008325272239744663","0.008325272239744663","0.008325272239744663"
"80751","0.00672163674607873","0.00672163674607873","0.00672163674607873"
"80765","0.009363017044961452","0.009363017044961452","0.009363017044961452"
"80772","0.007329805754125118","0.007329805754125118","0.007329805754125118"
"80780","0.0072343540377914906","0.0072343540377914906","0.0072343540377914906"
"80792","0.004872561432421207","0.004872561432421207","0.004872561432421207"
"80795","0.007943451404571533","0.007943451404571533","0.007943451404571533"
"80811","0.00778429489582777","0.00778429489582777","0.00778429489582777"
"80815","0.010149180889129639","0.010149180889129639","0.010149180889129639"
"80840","0.00934871006757021","0.00934871006757021","0.00934871006757021"
"80849","0.006711782421916723","0.006711782421916723","0.006711782421916723"
"80851","0.009308377280831337","0.009308377280831337","0.009308377280831337"
"80852","0.007632080465555191","0.007632080465555191","0.007632080465555191"
"80853","0.00777485640719533","0.00777485640719533","0.00777485640719533"
"80869","0.007721190340816975","0.007721190340816975","0.007721190340816975"
"80882","0.007744629867374897","0.007744629867374897","0.007744629867374897"
"80885","0.009059160016477108","0.009059160016477108","0.009059160016477108"
"80904","0.00617996696382761","0.00617996696382761","0.00617996696382761"
"80908","0.007093184627592564","0.007093184627592564","0.007093184627592564"
"80911","0.007733979262411594","0.007733979262411594","0.007733979262411594"
"80919","0.00654294528067112","0.00654294528067112","0.00654294528067112"
"80942","0.005141127854585648","0.005141127854585648","0.005141127854585648"
"80943","0.006777042057365179","0.006777042057365179","0.006777042057365179"
"80947","0.007637526374310255","0.007637526374310255","0.007637526374310255"
"80950","0.008149978704750538","0.008149978704750538","0.008149978704750538"
"80952","0.008840033784508705","0.008840033784508705","0.008840033784508705"
"80959","0.008672172203660011","0.008672172203660011","0.008672172203660011"
"80981","0.005996800493448973","0.005996800493448973","0.005996800493448973"
"80997","0.008840969763696194","0.008840969763696194","0.008840969763696194"
"81029","0.007595862727612257","0.007595862727612257","0.007595862727612257"
"81030","0.008725144900381565","0.008725144900381565","0.008725144900381565"
"81044","0.008591873571276665","0.008591873571276665","0.008591873571276665"
"81048","0.006158552598208189","0.006158552598208189","0.006158552598208189"
"81056","0.008122894912958145","0.008122894912958145","0.008122894912958145"
"81076","0.00923884753137827","0.00923884753137827","0.00923884753137827"
"81079","0.00599306495860219","0.00599306495860219","0.00599306495860219"
"81084","0.008235301822423935","0.008235301822423935","0.008235301822423935"
"81096","0.00634335819631815","0.00634335819631815","0.00634335819631815"
"81101","0.005105036776512861","0.005105036776512861","0.005105036776512861"
"81104","0.0072052571922540665","0.0072052571922540665","0.0072052571922540665"
"81122","0.008774793706834316","0.008774793706834316","0.008774793706834316"
"81128","0.007779779843986034","0.007779779843986034","0.007779779843986034"
"81134","0.006718319375067949","0.006718319375067949","0.006718319375067949"
"81136","0.00806697178632021","0.00806697178632021","0.00806697178632021"
"81137","0.007468061055988073","0.007468061055988073","0.007468061055988073"
"81211","0.010081512853503227","0.010081512853503227","0.010081512853503227"
"81214","0.007085292600095272","0.007085292600095272","0.007085292600095272"
"81243","0.009829237125813961","0.009829237125813961","0.009829237125813961"
"81244","0.007610771339386702","0.007610771339386702","0.007610771339386702"
"81287","0.008249384351074696","0.008249384351074696","0.008249384351074696"
"81299","0.0073026809841394424","0.0073026809841394424","0.0073026809841394424"
"81302","0.008755557239055634","0.008755557239055634","0.008755557239055634"
"81336","0.008822018280625343","0.008822018280625343","0.008822018280625343"
"81361","0.007404276169836521","0.007404276169836521","0.007404276169836521"
"81380","0.007217432837933302","0.007217432837933302","0.007217432837933302"
"81406","0.007274728734046221","0.007274728734046221","0.007274728734046221"
"81407","0.008374564349651337","0.008374564349651337","0.008374564349651337"
"81410","0.007466621231287718","0.007466621231287718","0.007466621231287718"
"81431","0.006651716772466898","0.006651716772466898","0.006651716772466898"
"81432","0.0062358081340789795","0.0062358081340789795","0.0062358081340789795"
"81441","0.008147903718054295","0.008147903718054295","0.008147903718054295"
"81443","0.005766004323959351","0.005766004323959351","0.005766004323959351"
"81452","0.006390887778252363","0.006390887778252363","0.006390887778252363"
"81459","0.009682878851890564","0.009682878851890564","0.009682878851890564"
"81466","0.0073217363096773624","0.0073217363096773624","0.0073217363096773624"
"81476","0.00893319956958294","0.00893319956958294","0.00893319956958294"
"81482","0.007152675651013851","0.007152675651013851","0.007152675651013851"
"81483","0.006505129858851433","0.006505129858851433","0.006505129858851433"
"81485","0.009084252640604973","0.009084252640604973","0.009084252640604973"
"81493","0.005623113829642534","0.005623113829642534","0.005623113829642534"
"81498","0.005717751104384661","0.005717751104384661","0.005717751104384661"
"81502","0.007275103125721216","0.007275103125721216","0.007275103125721216"
"81507","0.008743374608457088","0.008743374608457088","0.008743374608457088"
"81516","0.008751407265663147","0.008751407265663147","0.008751407265663147"
"81522","0.008413026109337807","0.008413026109337807","0.008413026109337807"
"81537","0.007462291978299618","0.007462291978299618","0.007462291978299618"
"81538","0.005935817491263151","0.005935817491263151","0.005935817491263151"
"81542","0.01035348791629076","0.01035348791629076","0.01035348791629076"
"81586","0.00696372427046299","0.00696372427046299","0.00696372427046299"
"81606","0.007866674102842808","0.007866674102842808","0.007866674102842808"
"81628","0.008081826381385326","0.008081826381385326","0.008081826381385326"
"81642","0.005102676805108786","0.005102676805108786","0.005102676805108786"
"81643","0.007017616648226976","0.007017616648226976","0.007017616648226976"
"81659","0.0071560777723789215","0.0071560777723789215","0.0071560777723789215"
"81666","0.00880926288664341","0.00880926288664341","0.00880926288664341"
"81668","0.009245483204722404","0.009245483204722404","0.009245483204722404"
"81684","0.008271833881735802","0.008271833881735802","0.008271833881735802"
"81696","0.007286406587809324","0.007286406587809324","0.007286406587809324"
"81700","0.008037889376282692","0.008037889376282692","0.008037889376282692"
"81720","0.009491950273513794","0.009491950273513794","0.009491950273513794"
"81732","0.007173388265073299","0.007173388265073299","0.007173388265073299"
"81751","0.008225882425904274","0.008225882425904274","0.008225882425904274"
"81763","0.00877553503960371","0.00877553503960371","0.00877553503960371"
"81768","0.005704119801521301","0.005704119801521301","0.005704119801521301"
"81778","0.005794076714664698","0.005794076714664698","0.005794076714664698"
"81783","0.007005680818110704","0.007005680818110704","0.007005680818110704"
"81793","0.008954877965152264","0.008954877965152264","0.008954877965152264"
"81794","0.008082018233835697","0.008082018233835697","0.008082018233835697"
"81817","0.007440387737005949","0.007440387737005949","0.007440387737005949"
"81823","0.008233867585659027","0.008233867585659027","0.008233867585659027"
"81838","0.007671809755265713","0.007671809755265713","0.007671809755265713"
"81848","0.007867403328418732","0.007867403328418732","0.007867403328418732"
"81855","0.007901106961071491","0.007901106961071491","0.007901106961071491"
"81877","0.007909322157502174","0.007909322157502174","0.007909322157502174"
"81880","0.006642529740929604","0.006642529740929604","0.006642529740929604"
"81892","0.009230936877429485","0.009230936877429485","0.009230936877429485"
"81908","0.006973464973270893","0.006973464973270893","0.006973464973270893"
"81926","0.008880292065441608","0.008880292065441608","0.008880292065441608"
"81929","0.0074083213694393635","0.0074083213694393635","0.0074083213694393635"
"81943","0.009021424688398838","0.009021424688398838","0.009021424688398838"
"81948","0.007769490592181683","0.007769490592181683","0.007769490592181683"
"81966","0.010704069398343563","0.010704069398343563","0.010704069398343563"
"81974","0.008345970883965492","0.008345970883965492","0.008345970883965492"
"81986","0.00652356119826436","0.00652356119826436","0.00652356119826436"
"81990","0.009318411350250244","0.009318411350250244","0.009318411350250244"
"82005","0.008339101448655128","0.008339101448655128","0.008339101448655128"
"82008","0.00928026344627142","0.00928026344627142","0.00928026344627142"
"82038","0.011045568622648716","0.011045568622648716","0.011045568622648716"
"82053","0.006588726304471493","0.006588726304471493","0.006588726304471493"
"82059","0.005791662726551294","0.005791662726551294","0.005791662726551294"
"82075","0.008925478905439377","0.008925478905439377","0.008925478905439377"
"82095","0.0064397891983389854","0.0064397891983389854","0.0064397891983389854"
"82101","0.008767539635300636","0.008767539635300636","0.008767539635300636"
"82108","0.00930775236338377","0.00930775236338377","0.00930775236338377"
"82109","0.007179103326052427","0.007179103326052427","0.007179103326052427"
"82113","0.004989162087440491","0.004989162087440491","0.004989162087440491"
"82124","0.006233095191419125","0.006233095191419125","0.006233095191419125"
"82132","0.008200489915907383","0.008200489915907383","0.008200489915907383"
"82153","0.007890523411333561","0.007890523411333561","0.007890523411333561"
"82175","0.00983519572764635","0.00983519572764635","0.00983519572764635"
"82180","0.006966320797801018","0.006966320797801018","0.006966320797801018"
"82218","0.007446778938174248","0.007446778938174248","0.007446778938174248"
"82226","0.009573685936629772","0.009573685936629772","0.009573685936629772"
"82273","0.00791354849934578","0.00791354849934578","0.00791354849934578"
"82274","0.006976736709475517","0.006976736709475517","0.006976736709475517"
"82299","0.006695468910038471","0.006695468910038471","0.006695468910038471"
"82302","0.008355969563126564","0.008355969563126564","0.008355969563126564"
"82303","0.006778144743293524","0.006778144743293524","0.006778144743293524"
"82332","0.00899092573672533","0.00899092573672533","0.00899092573672533"
"82341","0.007628903724253178","0.007628903724253178","0.007628903724253178"
"82348","0.008278237655758858","0.008278237655758858","0.008278237655758858"
"82355","0.006448839791119099","0.006448839791119099","0.006448839791119099"
"82356","0.005969203542917967","0.005969203542917967","0.005969203542917967"
"82366","0.009595886804163456","0.009595886804163456","0.009595886804163456"
"82367","0.006533272098749876","0.006533272098749876","0.006533272098749876"
"82376","0.00950013566762209","0.00950013566762209","0.00950013566762209"
"82378","0.007283785380423069","0.007283785380423069","0.007283785380423069"
"82380","0.008137923665344715","0.008137923665344715","0.008137923665344715"
"82387","0.0086622703820467","0.0086622703820467","0.0086622703820467"
"82406","0.007430434692651033","0.007430434692651033","0.007430434692651033"
"82416","0.007761800661683083","0.007761800661683083","0.007761800661683083"
"82418","0.00840331893414259","0.00840331893414259","0.00840331893414259"
"82421","0.007414107210934162","0.007414107210934162","0.007414107210934162"
"82433","0.0074482266791164875","0.0074482266791164875","0.0074482266791164875"
"82434","0.009132962673902512","0.009132962673902512","0.009132962673902512"
"82448","0.007342964876443148","0.007342964876443148","0.007342964876443148"
"82450","0.009858229197561741","0.009858229197561741","0.009858229197561741"
"82455","0.00921394769102335","0.00921394769102335","0.00921394769102335"
"82457","0.00907573290169239","0.00907573290169239","0.00907573290169239"
"82462","0.007892599329352379","0.007892599329352379","0.007892599329352379"
"82478","0.00879379827529192","0.00879379827529192","0.00879379827529192"
"82480","0.0053398082964122295","0.0053398082964122295","0.0053398082964122295"
"82483","0.007940691895782948","0.007940691895782948","0.007940691895782948"
"82508","0.008307083509862423","0.008307083509862423","0.008307083509862423"
"82514","0.008019035682082176","0.008019035682082176","0.008019035682082176"
"82520","0.009561683051288128","0.009561683051288128","0.009561683051288128"
"82524","0.010001951828598976","0.010001951828598976","0.010001951828598976"
"82525","0.005752172786742449","0.005752172786742449","0.005752172786742449"
"82526","0.008256103843450546","0.008256103843450546","0.008256103843450546"
"82552","0.007827801629900932","0.007827801629900932","0.007827801629900932"
"82554","0.00651701120659709","0.00651701120659709","0.00651701120659709"
"82559","0.006940072868019342","0.006940072868019342","0.006940072868019342"
"82563","0.010310277342796326","0.010310277342796326","0.010310277342796326"
"82568","0.008382228203117847","0.008382228203117847","0.008382228203117847"
"82587","0.00981568731367588","0.00981568731367588","0.00981568731367588"
"82589","0.007246498484164476","0.007246498484164476","0.007246498484164476"
"82591","0.008309751749038696","0.008309751749038696","0.008309751749038696"
"82603","0.007011360488831997","0.007011360488831997","0.007011360488831997"
"82608","0.00844372808933258","0.00844372808933258","0.00844372808933258"
"82618","0.009213181212544441","0.009213181212544441","0.009213181212544441"
"82621","0.007089575752615929","0.007089575752615929","0.007089575752615929"
"82638","0.006945378612726927","0.006945378612726927","0.006945378612726927"
"82645","0.006002576556056738","0.006002576556056738","0.006002576556056738"
"82663","0.005322549492120743","0.005322549492120743","0.005322549492120743"
"82670","0.006446321494877338","0.006446321494877338","0.006446321494877338"
"82680","0.008667715825140476","0.008667715825140476","0.008667715825140476"
"82700","0.008149655535817146","0.008149655535817146","0.008149655535817146"
"82704","0.007084139157086611","0.007084139157086611","0.007084139157086611"
"82719","0.008851021528244019","0.008851021528244019","0.008851021528244019"
"82720","0.008638751693069935","0.008638751693069935","0.008638751693069935"
"82725","0.010109592229127884","0.010109592229127884","0.010109592229127884"
"82729","0.005620344541966915","0.005620344541966915","0.005620344541966915"
"82755","0.010270336642861366","0.010270336642861366","0.010270336642861366"
"82779","0.007481384556740522","0.007481384556740522","0.007481384556740522"
"82784","0.00719900568947196","0.00719900568947196","0.00719900568947196"
"82787","0.00907905399799347","0.00907905399799347","0.00907905399799347"
"82794","0.007159538101404905","0.007159538101404905","0.007159538101404905"
"82796","0.008017364889383316","0.008017364889383316","0.008017364889383316"
"82797","0.006277830805629492","0.006277830805629492","0.006277830805629492"
"82802","0.006010541692376137","0.006010541692376137","0.006010541692376137"
"82809","0.009766685776412487","0.009766685776412487","0.009766685776412487"
"82825","0.007403785362839699","0.007403785362839699","0.007403785362839699"
"82833","0.00851878710091114","0.00851878710091114","0.00851878710091114"
"82834","0.009586538188159466","0.009586538188159466","0.009586538188159466"
"82855","0.00898240227252245","0.00898240227252245","0.00898240227252245"
"82857","0.006255225744098425","0.006255225744098425","0.006255225744098425"
"82884","0.007058719173073769","0.007058719173073769","0.007058719173073769"
"82892","0.009492436423897743","0.009492436423897743","0.009492436423897743"
"82907","0.007632266264408827","0.007632266264408827","0.007632266264408827"
"82911","0.009889023378491402","0.009889023378491402","0.009889023378491402"
"82914","0.008168300613760948","0.008168300613760948","0.008168300613760948"
"82931","0.008955750614404678","0.008955750614404678","0.008955750614404678"
"82933","0.00747379707172513","0.00747379707172513","0.00747379707172513"
"82934","0.0060997167602181435","0.0060997167602181435","0.0060997167602181435"
"82945","0.00972008053213358","0.00972008053213358","0.00972008053213358"
"82967","0.007691222243010998","0.007691222243010998","0.007691222243010998"
"82989","0.01039925217628479","0.01039925217628479","0.01039925217628479"
"83013","0.010079077444970608","0.010079077444970608","0.010079077444970608"
"83021","0.008352378383278847","0.008352378383278847","0.008352378383278847"
"83053","0.010022945702075958","0.010022945702075958","0.010022945702075958"
"83083","0.008239492774009705","0.008239492774009705","0.008239492774009705"
"83086","0.008062414824962616","0.008062414824962616","0.008062414824962616"
"83098","0.009750629775226116","0.009750629775226116","0.009750629775226116"
"83117","0.007944760844111443","0.007944760844111443","0.007944760844111443"
"83128","0.004452136345207691","0.004452136345207691","0.004452136345207691"
"83145","0.007791830226778984","0.007791830226778984","0.007791830226778984"
"83154","0.008469749242067337","0.008469749242067337","0.008469749242067337"
"83169","0.009491277858614922","0.009491277858614922","0.009491277858614922"
"83170","0.0061757611110806465","0.0061757611110806465","0.0061757611110806465"
"83183","0.007100920658558607","0.007100920658558607","0.007100920658558607"
"83188","0.005966244265437126","0.005966244265437126","0.005966244265437126"
"83197","0.007440882734954357","0.007440882734954357","0.007440882734954357"
"83199","0.006850528065115213","0.006850528065115213","0.006850528065115213"
"83208","0.008735348470509052","0.008735348470509052","0.008735348470509052"
"83210","0.008623158559203148","0.008623158559203148","0.008623158559203148"
"83229","0.005845354404300451","0.005845354404300451","0.005845354404300451"
"83230","0.007959768176078796","0.007959768176078796","0.007959768176078796"
"83236","0.007665372919291258","0.007665372919291258","0.007665372919291258"
"83273","0.007518856320530176","0.007518856320530176","0.007518856320530176"
"83283","0.010094267316162586","0.010094267316162586","0.010094267316162586"
"83296","0.010590532794594765","0.010590532794594765","0.010590532794594765"
"83314","0.00801418162882328","0.00801418162882328","0.00801418162882328"
"83327","0.008105030283331871","0.008105030283331871","0.008105030283331871"
"83329","0.007155933417379856","0.007155933417379856","0.007155933417379856"
"83352","0.007620904594659805","0.007620904594659805","0.007620904594659805"
"83355","0.006652440410107374","0.006652440410107374","0.006652440410107374"
"83361","0.008474270813167095","0.008474270813167095","0.008474270813167095"
"83369","0.00835617445409298","0.00835617445409298","0.00835617445409298"
"83377","0.007099453825503588","0.007099453825503588","0.007099453825503588"
"83391","0.007924811914563179","0.007924811914563179","0.007924811914563179"
"83394","0.008904333226382732","0.008904333226382732","0.008904333226382732"
"83397","0.010350084863603115","0.010350084863603115","0.010350084863603115"
"83407","0.009523901157081127","0.009523901157081127","0.009523901157081127"
"83413","0.010419964790344238","0.010419964790344238","0.010419964790344238"
"83417","0.009845095686614513","0.009845095686614513","0.009845095686614513"
"83420","0.00915190577507019","0.00915190577507019","0.00915190577507019"
"83422","0.009671667590737343","0.009671667590737343","0.009671667590737343"
"83447","0.008655927143990993","0.008655927143990993","0.008655927143990993"
"83450","0.0066406759433448315","0.0066406759433448315","0.0066406759433448315"
"83455","0.006538126617670059","0.006538126617670059","0.006538126617670059"
"83462","0.00811573676764965","0.00811573676764965","0.00811573676764965"
"83475","0.006255814805626869","0.006255814805626869","0.006255814805626869"
"83495","0.007291861809790134","0.007291861809790134","0.007291861809790134"
"83504","0.00858636386692524","0.00858636386692524","0.00858636386692524"
"83508","0.008266079239547253","0.008266079239547253","0.008266079239547253"
"83512","0.007298909593373537","0.007298909593373537","0.007298909593373537"
"83538","0.009403606876730919","0.009403606876730919","0.009403606876730919"
"83541","0.007835851982235909","0.007835851982235909","0.007835851982235909"
"83545","0.007669701240956783","0.007669701240956783","0.007669701240956783"
"83547","0.008839485235512257","0.008839485235512257","0.008839485235512257"
"83559","0.005427023861557245","0.005427023861557245","0.005427023861557245"
"83572","0.008698172867298126","0.008698172867298126","0.008698172867298126"
"83586","0.008609719574451447","0.008609719574451447","0.008609719574451447"
"83600","0.008587070740759373","0.008587070740759373","0.008587070740759373"
"83622","0.007942493073642254","0.007942493073642254","0.007942493073642254"
"83635","0.006435845047235489","0.006435845047235489","0.006435845047235489"
"83639","0.007978921756148338","0.007978921756148338","0.007978921756148338"
"83649","0.009222512133419514","0.009222512133419514","0.009222512133419514"
"83657","0.008204006589949131","0.008204006589949131","0.008204006589949131"
"83663","0.007861523889005184","0.007861523889005184","0.007861523889005184"
"83671","0.007214421406388283","0.007214421406388283","0.007214421406388283"
"83677","0.006239285692572594","0.006239285692572594","0.006239285692572594"
"83684","0.007139882538467646","0.007139882538467646","0.007139882538467646"
"83689","0.008677110075950623","0.008677110075950623","0.008677110075950623"
"83699","0.007823184132575989","0.007823184132575989","0.007823184132575989"
"83706","0.00724461255595088","0.00724461255595088","0.00724461255595088"
"83709","0.008895219303667545","0.008895219303667545","0.008895219303667545"
"83733","0.00816288124769926","0.00816288124769926","0.00816288124769926"
"83734","0.006823475938290358","0.006823475938290358","0.006823475938290358"
"83742","0.007067637983709574","0.007067637983709574","0.007067637983709574"
"83745","0.00984710268676281","0.00984710268676281","0.00984710268676281"
"83767","0.008762229233980179","0.008762229233980179","0.008762229233980179"
"83777","0.008640322834253311","0.008640322834253311","0.008640322834253311"
"83779","0.00666034547612071","0.00666034547612071","0.00666034547612071"
"83785","0.006609960459172726","0.006609960459172726","0.006609960459172726"
"83787","0.008270454593002796","0.008270454593002796","0.008270454593002796"
"83793","0.005890525411814451","0.005890525411814451","0.005890525411814451"
"83801","0.009012102149426937","0.009012102149426937","0.009012102149426937"
"83804","0.006871018558740616","0.006871018558740616","0.006871018558740616"
"83833","0.00809147022664547","0.00809147022664547","0.00809147022664547"
"83842","0.00826825387775898","0.00826825387775898","0.00826825387775898"
"83851","0.00598803861066699","0.00598803861066699","0.00598803861066699"
"83852","0.008837094530463219","0.008837094530463219","0.008837094530463219"
"83855","0.00655979011207819","0.00655979011207819","0.00655979011207819"
"83864","0.006150553002953529","0.006150553002953529","0.006150553002953529"
"83867","0.009320943616330624","0.009320943616330624","0.009320943616330624"
"83870","0.00783793069422245","0.00783793069422245","0.00783793069422245"
"83881","0.006734864786267281","0.006734864786267281","0.006734864786267281"
"83888","0.006681706290692091","0.006681706290692091","0.006681706290692091"
"83890","0.011141483671963215","0.011141483671963215","0.011141483671963215"
"83893","0.00706216087564826","0.00706216087564826","0.00706216087564826"
"83908","0.007077519781887531","0.007077519781887531","0.007077519781887531"
"83926","0.005860358476638794","0.005860358476638794","0.005860358476638794"
"83927","0.0069666472263634205","0.0069666472263634205","0.0069666472263634205"
"83931","0.0058044851757586","0.0058044851757586","0.0058044851757586"
"83935","0.006595206446945667","0.006595206446945667","0.006595206446945667"
"83936","0.008180396631360054","0.008180396631360054","0.008180396631360054"
"83942","0.01092335395514965","0.01092335395514965","0.01092335395514965"
"83952","0.007844061590731144","0.007844061590731144","0.007844061590731144"
"83971","0.007301753852516413","0.007301753852516413","0.007301753852516413"
"83972","0.008290047757327557","0.008290047757327557","0.008290047757327557"
"83975","0.006863031070679426","0.006863031070679426","0.006863031070679426"
"83983","0.006623395252972841","0.006623395252972841","0.006623395252972841"
"83994","0.009200938045978546","0.009200938045978546","0.009200938045978546"
"84002","0.007763976231217384","0.007763976231217384","0.007763976231217384"
"84010","0.008312140591442585","0.008312140591442585","0.008312140591442585"
"84014","0.006011016666889191","0.006011016666889191","0.006011016666889191"
"84015","0.008741124533116817","0.008741124533116817","0.008741124533116817"
"84021","0.007838835008442402","0.007838835008442402","0.007838835008442402"
"84061","0.006774543784558773","0.006774543784558773","0.006774543784558773"
"84093","0.008190148510038853","0.008190148510038853","0.008190148510038853"
"84108","0.011348048225045204","0.011348048225045204","0.011348048225045204"
"84119","0.009034018032252789","0.009034018032252789","0.009034018032252789"
"84127","0.010295410640537739","0.010295410640537739","0.010295410640537739"
"84135","0.006171254441142082","0.006171254441142082","0.006171254441142082"
"84138","0.008817915804684162","0.008817915804684162","0.008817915804684162"
"84145","0.00538139883428812","0.00538139883428812","0.00538139883428812"
"84149","0.009290440939366817","0.009290440939366817","0.009290440939366817"
"84150","0.007919777184724808","0.007919777184724808","0.007919777184724808"
"84212","0.008863650262355804","0.008863650262355804","0.008863650262355804"
"84237","0.0061873141676187515","0.0061873141676187515","0.0061873141676187515"
"84240","0.007063348777592182","0.007063348777592182","0.007063348777592182"
"84245","0.006497721653431654","0.006497721653431654","0.006497721653431654"
"84247","0.007453609723597765","0.007453609723597765","0.007453609723597765"
"84256","0.0062399874441325665","0.0062399874441325665","0.0062399874441325665"
"84270","0.007531849667429924","0.007531849667429924","0.007531849667429924"
"84271","0.007581681478768587","0.007581681478768587","0.007581681478768587"
"84287","0.008635026402771473","0.008635026402771473","0.008635026402771473"
"84310","0.0076080868020653725","0.0076080868020653725","0.0076080868020653725"
"84318","0.008331375196576118","0.008331375196576118","0.008331375196576118"
"84358","0.007053242530673742","0.007053242530673742","0.007053242530673742"
"84365","0.008286254480481148","0.008286254480481148","0.008286254480481148"
"84395","0.010406993329524994","0.010406993329524994","0.010406993329524994"
"84420","0.007670432794839144","0.007670432794839144","0.007670432794839144"
"84425","0.007796152960509062","0.007796152960509062","0.007796152960509062"
"84433","0.007239153608679771","0.007239153608679771","0.007239153608679771"
"84452","0.009229873307049274","0.009229873307049274","0.009229873307049274"
"84461","0.007161017507314682","0.007161017507314682","0.007161017507314682"
"84462","0.007437776308506727","0.007437776308506727","0.007437776308506727"
"84477","0.008572408929467201","0.008572408929467201","0.008572408929467201"
"84481","0.009073715656995773","0.009073715656995773","0.009073715656995773"
"84482","0.008457757532596588","0.008457757532596588","0.008457757532596588"
"84488","0.007835031487047672","0.007835031487047672","0.007835031487047672"
"84489","0.007398711051791906","0.007398711051791906","0.007398711051791906"
"84491","0.0068845744244754314","0.0068845744244754314","0.0068845744244754314"
"84501","0.006378699094057083","0.006378699094057083","0.006378699094057083"
"84503","0.007834398187696934","0.007834398187696934","0.007834398187696934"
"84509","0.007054661400616169","0.007054661400616169","0.007054661400616169"
"84512","0.006264983676373959","0.006264983676373959","0.006264983676373959"
"84534","0.00758463516831398","0.00758463516831398","0.00758463516831398"
"84547","0.007891752757132053","0.007891752757132053","0.007891752757132053"
"84548","0.00855752732604742","0.00855752732604742","0.00855752732604742"
"84555","0.009066980332136154","0.009066980332136154","0.009066980332136154"
"84566","0.005275519099086523","0.005275519099086523","0.005275519099086523"
"84573","0.006616232916712761","0.006616232916712761","0.006616232916712761"
"84581","0.00642553111538291","0.00642553111538291","0.00642553111538291"
"84586","0.0075193410739302635","0.0075193410739302635","0.0075193410739302635"
"84612","0.00756848556920886","0.00756848556920886","0.00756848556920886"
"84613","0.008381186984479427","0.008381186984479427","0.008381186984479427"
"84619","0.005549218039959669","0.005549218039959669","0.005549218039959669"
"84637","0.00748412124812603","0.00748412124812603","0.00748412124812603"
"84641","0.007946887984871864","0.007946887984871864","0.007946887984871864"
"84643","0.008140319027006626","0.008140319027006626","0.008140319027006626"
"84654","0.008125093765556812","0.008125093765556812","0.008125093765556812"
"84657","0.006866664160043001","0.006866664160043001","0.006866664160043001"
"84689","0.00840830709785223","0.00840830709785223","0.00840830709785223"
"84692","0.009210832417011261","0.009210832417011261","0.009210832417011261"
"84704","0.008291779085993767","0.008291779085993767","0.008291779085993767"
"84709","0.008961055427789688","0.008961055427789688","0.008961055427789688"
"84740","0.00825958140194416","0.00825958140194416","0.00825958140194416"
"84745","0.010346099734306335","0.010346099734306335","0.010346099734306335"
"84753","0.008584928698837757","0.008584928698837757","0.008584928698837757"
"84754","0.008081492967903614","0.008081492967903614","0.008081492967903614"
"84757","0.008043509908020496","0.008043509908020496","0.008043509908020496"
"84758","0.008119074627757072","0.008119074627757072","0.008119074627757072"
"84767","0.008404046297073364","0.008404046297073364","0.008404046297073364"
"84781","0.008105652406811714","0.008105652406811714","0.008105652406811714"
"84792","0.008978447876870632","0.008978447876870632","0.008978447876870632"
"84799","0.007506255526095629","0.007506255526095629","0.007506255526095629"
"84819","0.009884766303002834","0.009884766303002834","0.009884766303002834"
"84825","0.0043542636558413506","0.0043542636558413506","0.0043542636558413506"
"84827","0.0074530430138111115","0.0074530430138111115","0.0074530430138111115"
"84845","0.007626539561897516","0.007626539561897516","0.007626539561897516"
"84854","0.007799232378602028","0.007799232378602028","0.007799232378602028"
"84864","0.006181345786899328","0.006181345786899328","0.006181345786899328"
"84874","0.007112668827176094","0.007112668827176094","0.007112668827176094"
"84877","0.008103467524051666","0.008103467524051666","0.008103467524051666"
"84900","0.006659896578639746","0.006659896578639746","0.006659896578639746"
"84903","0.008986181579530239","0.008986181579530239","0.008986181579530239"
"84931","0.007315206341445446","0.007315206341445446","0.007315206341445446"
"84949","0.007386426907032728","0.007386426907032728","0.007386426907032728"
"84950","0.007989518344402313","0.007989518344402313","0.007989518344402313"
"84956","0.007651702035218477","0.007651702035218477","0.007651702035218477"
"84963","0.006286073476076126","0.006286073476076126","0.006286073476076126"
"84986","0.006573051679879427","0.006573051679879427","0.006573051679879427"
"84997","0.011494790203869343","0.011494790203869343","0.011494790203869343"
"85023","0.0056751929223537445","0.0056751929223537445","0.0056751929223537445"
"85029","0.007781965658068657","0.007781965658068657","0.007781965658068657"
"85036","0.008047565817832947","0.008047565817832947","0.008047565817832947"
"85039","0.009375734254717827","0.009375734254717827","0.009375734254717827"
"85066","0.008133310824632645","0.008133310824632645","0.008133310824632645"
"85069","0.008349376730620861","0.008349376730620861","0.008349376730620861"
"85106","0.005689960904419422","0.005689960904419422","0.005689960904419422"
"85129","0.011102063581347466","0.011102063581347466","0.011102063581347466"
"85152","0.008239789865911007","0.008239789865911007","0.008239789865911007"
"85173","0.00734386220574379","0.00734386220574379","0.00734386220574379"
"85174","0.008326509967446327","0.008326509967446327","0.008326509967446327"
"85191","0.005177156068384647","0.005177156068384647","0.005177156068384647"
"85219","0.006635785568505526","0.006635785568505526","0.006635785568505526"
"85224","0.006565070245414972","0.006565070245414972","0.006565070245414972"
"85225","0.00738360034301877","0.00738360034301877","0.00738360034301877"
"85242","0.007889971137046814","0.007889971137046814","0.007889971137046814"
"85246","0.005790351890027523","0.005790351890027523","0.005790351890027523"
"85258","0.005074813961982727","0.005074813961982727","0.005074813961982727"
"85274","0.008186348713934422","0.008186348713934422","0.008186348713934422"
"85278","0.007349018938839436","0.007349018938839436","0.007349018938839436"
"85289","0.00770230870693922","0.00770230870693922","0.00770230870693922"
"85304","0.009814709424972534","0.009814709424972534","0.009814709424972534"
"85307","0.008911763317883015","0.008911763317883015","0.008911763317883015"
"85321","0.00978751853108406","0.00978751853108406","0.00978751853108406"
"85322","0.007924454286694527","0.007924454286694527","0.007924454286694527"
"85329","0.010402966290712357","0.010402966290712357","0.010402966290712357"
"85343","0.006131838541477919","0.006131838541477919","0.006131838541477919"
"85351","0.0055594309233129025","0.0055594309233129025","0.0055594309233129025"
"85355","0.00619887001812458","0.00619887001812458","0.00619887001812458"
"85356","0.009006327949464321","0.009006327949464321","0.009006327949464321"
"85373","0.007045864127576351","0.007045864127576351","0.007045864127576351"
"85384","0.011322809383273125","0.011322809383273125","0.011322809383273125"
"85385","0.009408331476151943","0.009408331476151943","0.009408331476151943"
"85409","0.007893399335443974","0.007893399335443974","0.007893399335443974"
"85415","0.008982307277619839","0.008982307277619839","0.008982307277619839"
"85419","0.010017262771725655","0.010017262771725655","0.010017262771725655"
"85422","0.009319762699306011","0.009319762699306011","0.009319762699306011"
"85423","0.007994766347110271","0.007994766347110271","0.007994766347110271"
"85436","0.007681813556700945","0.007681813556700945","0.007681813556700945"
"85449","0.009397150948643684","0.009397150948643684","0.009397150948643684"
"85453","0.010656825266778469","0.010656825266778469","0.010656825266778469"
"85461","0.007118908688426018","0.007118908688426018","0.007118908688426018"
"85462","0.008049269206821918","0.008049269206821918","0.008049269206821918"
"85492","0.005650671664625406","0.005650671664625406","0.005650671664625406"
"85499","0.008716476149857044","0.008716476149857044","0.008716476149857044"
"85500","0.008345641195774078","0.008345641195774078","0.008345641195774078"
"85509","0.007648936938494444","0.007648936938494444","0.007648936938494444"
"85527","0.010516983456909657","0.010516983456909657","0.010516983456909657"
"85536","0.007551015354692936","0.007551015354692936","0.007551015354692936"
"85538","0.011371670290827751","0.011371670290827751","0.011371670290827751"
"85544","0.0075905295088887215","0.0075905295088887215","0.0075905295088887215"
"85555","0.007074879016727209","0.007074879016727209","0.007074879016727209"
"85559","0.008630839176476002","0.008630839176476002","0.008630839176476002"
"85588","0.009280147962272167","0.009280147962272167","0.009280147962272167"
"85593","0.008555380627512932","0.008555380627512932","0.008555380627512932"
"85599","0.009385419078171253","0.009385419078171253","0.009385419078171253"
"85601","0.008493724279105663","0.008493724279105663","0.008493724279105663"
"85604","0.009376302361488342","0.009376302361488342","0.009376302361488342"
"85609","0.007573356851935387","0.007573356851935387","0.007573356851935387"
"85610","0.008119349367916584","0.008119349367916584","0.008119349367916584"
"85612","0.007039665710180998","0.007039665710180998","0.007039665710180998"
"85634","0.008154227398335934","0.008154227398335934","0.008154227398335934"
"85645","0.007698036264628172","0.007698036264628172","0.007698036264628172"
"85651","0.009249896742403507","0.009249896742403507","0.009249896742403507"
"85652","0.005576103460043669","0.005576103460043669","0.005576103460043669"
"85660","0.006018035113811493","0.006018035113811493","0.006018035113811493"
"85671","0.00691611971706152","0.00691611971706152","0.00691611971706152"
"85673","0.005890859290957451","0.005890859290957451","0.005890859290957451"
"85679","0.0070202830247581005","0.0070202830247581005","0.0070202830247581005"
"85706","0.010326573625206947","0.010326573625206947","0.010326573625206947"
"85711","0.00855730939656496","0.00855730939656496","0.00855730939656496"
"85712","0.00825521070510149","0.00825521070510149","0.00825521070510149"
"85729","0.009037196636199951","0.009037196636199951","0.009037196636199951"
"85740","0.007694945205003023","0.007694945205003023","0.007694945205003023"
"85749","0.00610970426350832","0.00610970426350832","0.00610970426350832"
"85766","0.008762548677623272","0.008762548677623272","0.008762548677623272"
"85767","0.009432815946638584","0.009432815946638584","0.009432815946638584"
"85770","0.009492666460573673","0.009492666460573673","0.009492666460573673"
"85771","0.008561083115637302","0.008561083115637302","0.008561083115637302"
"85778","0.008501533418893814","0.008501533418893814","0.008501533418893814"
"85808","0.005415938328951597","0.005415938328951597","0.005415938328951597"
"85812","0.007981737144291401","0.007981737144291401","0.007981737144291401"
"85839","0.008268061093986034","0.008268061093986034","0.008268061093986034"
"85841","0.0046090781688690186","0.0046090781688690186","0.0046090781688690186"
"85849","0.011426118202507496","0.011426118202507496","0.011426118202507496"
"85860","0.007893328554928303","0.007893328554928303","0.007893328554928303"
"85863","0.009385799057781696","0.009385799057781696","0.009385799057781696"
"85866","0.005201475229114294","0.005201475229114294","0.005201475229114294"
"85880","0.008945653215050697","0.008945653215050697","0.008945653215050697"
"85891","0.0081950007006526","0.0081950007006526","0.0081950007006526"
"85901","0.007022493053227663","0.007022493053227663","0.007022493053227663"
"85904","0.008721400052309036","0.008721400052309036","0.008721400052309036"
"85909","0.007281038910150528","0.007281038910150528","0.007281038910150528"
"85925","0.010044978931546211","0.010044978931546211","0.010044978931546211"
"85937","0.00843771267682314","0.00843771267682314","0.00843771267682314"
"85948","0.008327515795826912","0.008327515795826912","0.008327515795826912"
"85959","0.006287674885243177","0.006287674885243177","0.006287674885243177"
"85965","0.007487792056053877","0.007487792056053877","0.007487792056053877"
"85980","0.006440254393965006","0.006440254393965006","0.006440254393965006"
"85983","0.008748806081712246","0.008748806081712246","0.008748806081712246"
"85999","0.008549344725906849","0.008549344725906849","0.008549344725906849"
"86006","0.010997517965734005","0.010997517965734005","0.010997517965734005"
"86021","0.005987605545669794","0.005987605545669794","0.005987605545669794"
"86031","0.009762078523635864","0.009762078523635864","0.009762078523635864"
"86055","0.006822803057730198","0.006822803057730198","0.006822803057730198"
"86059","0.008801877498626709","0.008801877498626709","0.008801877498626709"
"86067","0.007789063733071089","0.007789063733071089","0.007789063733071089"
"86070","0.0072005633264780045","0.0072005633264780045","0.0072005633264780045"
"86072","0.009320959448814392","0.009320959448814392","0.009320959448814392"
"86075","0.009012877009809017","0.009012877009809017","0.009012877009809017"
"86086","0.008897769264876842","0.008897769264876842","0.008897769264876842"
"86098","0.006938654463738203","0.006938654463738203","0.006938654463738203"
"86099","0.009010066278278828","0.009010066278278828","0.009010066278278828"
"86116","0.00791014265269041","0.00791014265269041","0.00791014265269041"
"86121","0.005797456484287977","0.005797456484287977","0.005797456484287977"
"86123","0.008764917962253094","0.008764917962253094","0.008764917962253094"
"86131","0.006979903671890497","0.006979903671890497","0.006979903671890497"
"86172","0.00820263009518385","0.00820263009518385","0.00820263009518385"
"86205","0.007602332159876823","0.007602332159876823","0.007602332159876823"
"86232","0.009043916128575802","0.009043916128575802","0.009043916128575802"
"86237","0.0076482403092086315","0.0076482403092086315","0.0076482403092086315"
"86248","0.0073067606426775455","0.0073067606426775455","0.0073067606426775455"
"86250","0.007058371789753437","0.007058371789753437","0.007058371789753437"
"86254","0.007834508083760738","0.007834508083760738","0.007834508083760738"
"86260","0.005556779447942972","0.005556779447942972","0.005556779447942972"
"86277","0.0064725251868367195","0.0064725251868367195","0.0064725251868367195"
"86283","0.009689071215689182","0.009689071215689182","0.009689071215689182"
"86286","0.010147402994334698","0.010147402994334698","0.010147402994334698"
"86297","0.010066798888146877","0.010066798888146877","0.010066798888146877"
"86301","0.008532954379916191","0.008532954379916191","0.008532954379916191"
"86303","0.006602830719202757","0.006602830719202757","0.006602830719202757"
"86306","0.006841445341706276","0.006841445341706276","0.006841445341706276"
"86313","0.006579067092388868","0.006579067092388868","0.006579067092388868"
"86325","0.006236447487026453","0.006236447487026453","0.006236447487026453"
"86331","0.00626376923173666","0.00626376923173666","0.00626376923173666"
"86344","0.0074791316874325275","0.0074791316874325275","0.0074791316874325275"
"86371","0.009515571407973766","0.009515571407973766","0.009515571407973766"
"86378","0.00854688324034214","0.00854688324034214","0.00854688324034214"
"86387","0.006221116986125708","0.006221116986125708","0.006221116986125708"
"86399","0.007738358806818724","0.007738358806818724","0.007738358806818724"
"86413","0.00796774122864008","0.00796774122864008","0.00796774122864008"
"86414","0.0083824647590518","0.0083824647590518","0.0083824647590518"
"86415","0.008564192801713943","0.008564192801713943","0.008564192801713943"
"86426","0.010770385153591633","0.010770385153591633","0.010770385153591633"
"86433","0.00688686640933156","0.00688686640933156","0.00688686640933156"
"86434","0.007264017127454281","0.007264017127454281","0.007264017127454281"
"86448","0.007643686141818762","0.007643686141818762","0.007643686141818762"
"86463","0.00867383275181055","0.00867383275181055","0.00867383275181055"
"86464","0.00962262786924839","0.00962262786924839","0.00962262786924839"
"86466","0.007811929099261761","0.007811929099261761","0.007811929099261761"
"86468","0.008324094116687775","0.008324094116687775","0.008324094116687775"
"86477","0.005720238666981459","0.005720238666981459","0.005720238666981459"
"86492","0.009751865640282631","0.009751865640282631","0.009751865640282631"
"86497","0.007630352396517992","0.007630352396517992","0.007630352396517992"
"86511","0.007484066300094128","0.007484066300094128","0.007484066300094128"
"86518","0.010616490617394447","0.010616490617394447","0.010616490617394447"
"86531","0.009533320553600788","0.009533320553600788","0.009533320553600788"
"86538","0.01021528523415327","0.01021528523415327","0.01021528523415327"
"86554","0.007505656685680151","0.007505656685680151","0.007505656685680151"
"86580","0.010266645811498165","0.010266645811498165","0.010266645811498165"
"86581","0.008378946222364902","0.008378946222364902","0.008378946222364902"
"86583","0.005554537754505873","0.005554537754505873","0.005554537754505873"
"86591","0.008003096096217632","0.008003096096217632","0.008003096096217632"
"86593","0.0060131908394396305","0.0060131908394396305","0.0060131908394396305"
"86633","0.00798928551375866","0.00798928551375866","0.00798928551375866"
"86634","0.008362125605344772","0.008362125605344772","0.008362125605344772"
"86638","0.00782399345189333","0.00782399345189333","0.00782399345189333"
"86645","0.009285575710237026","0.009285575710237026","0.009285575710237026"
"86650","0.009542365558445454","0.009542365558445454","0.009542365558445454"
"86674","0.0064197503961622715","0.0064197503961622715","0.0064197503961622715"
"86707","0.008194846101105213","0.008194846101105213","0.008194846101105213"
"86726","0.005706910975277424","0.005706910975277424","0.005706910975277424"
"86727","0.0071044545620679855","0.0071044545620679855","0.0071044545620679855"
"86729","0.010651547461748123","0.010651547461748123","0.010651547461748123"
"86736","0.010832500644028187","0.010832500644028187","0.010832500644028187"
"86748","0.0074785929173231125","0.0074785929173231125","0.0074785929173231125"
"86750","0.008301638066768646","0.008301638066768646","0.008301638066768646"
"86773","0.007704353891313076","0.007704353891313076","0.007704353891313076"
"86793","0.007015522103756666","0.007015522103756666","0.007015522103756666"
"86814","0.007014054339379072","0.007014054339379072","0.007014054339379072"
"86819","0.007372405845671892","0.007372405845671892","0.007372405845671892"
"86823","0.00880252756178379","0.00880252756178379","0.00880252756178379"
"86827","0.008974445052444935","0.008974445052444935","0.008974445052444935"
"86831","0.007821816019713879","0.007821816019713879","0.007821816019713879"
"86835","0.007683836854994297","0.007683836854994297","0.007683836854994297"
"86836","0.005435972474515438","0.005435972474515438","0.005435972474515438"
"86842","0.006533482111990452","0.006533482111990452","0.006533482111990452"
"86862","0.009398615919053555","0.009398615919053555","0.009398615919053555"
"86876","0.006852191407233477","0.006852191407233477","0.006852191407233477"
"86877","0.00858092401176691","0.00858092401176691","0.00858092401176691"
"86891","0.007865686900913715","0.007865686900913715","0.007865686900913715"
"86900","0.008538362570106983","0.008538362570106983","0.008538362570106983"
"86914","0.008106594905257225","0.008106594905257225","0.008106594905257225"
"86917","0.009082804434001446","0.009082804434001446","0.009082804434001446"
"86923","0.008765680715441704","0.008765680715441704","0.008765680715441704"
"86946","0.008098935708403587","0.008098935708403587","0.008098935708403587"
"86947","0.007782994769513607","0.007782994769513607","0.007782994769513607"
"86948","0.007829204201698303","0.007829204201698303","0.007829204201698303"
"86955","0.0066516343504190445","0.0066516343504190445","0.0066516343504190445"
"86958","0.006353401578962803","0.006353401578962803","0.006353401578962803"
"86967","0.007453445345163345","0.007453445345163345","0.007453445345163345"
"86989","0.010456917807459831","0.010456917807459831","0.010456917807459831"
"87025","0.00895700789988041","0.00895700789988041","0.00895700789988041"
"87026","0.009973008185625076","0.009973008185625076","0.009973008185625076"
"87031","0.008031020872294903","0.008031020872294903","0.008031020872294903"
"87047","0.010227961465716362","0.010227961465716362","0.010227961465716362"
"87100","0.006599134299904108","0.006599134299904108","0.006599134299904108"
"87107","0.005601647775620222","0.005601647775620222","0.005601647775620222"
"87135","0.007846767082810402","0.007846767082810402","0.007846767082810402"
"87139","0.01003313809633255","0.01003313809633255","0.01003313809633255"
"87169","0.010496987961232662","0.010496987961232662","0.010496987961232662"
"87200","0.007972903549671173","0.007972903549671173","0.007972903549671173"
"87210","0.006737070623785257","0.006737070623785257","0.006737070623785257"
"87217","0.008464545011520386","0.008464545011520386","0.008464545011520386"
"87241","0.008483859710395336","0.008483859710395336","0.008483859710395336"
"87242","0.009358316659927368","0.009358316659927368","0.009358316659927368"
"87251","0.00774321798235178","0.00774321798235178","0.00774321798235178"
"87258","0.008036205545067787","0.008036205545067787","0.008036205545067787"
"87259","0.00833228137344122","0.00833228137344122","0.00833228137344122"
"87261","0.007007374428212643","0.007007374428212643","0.007007374428212643"
"87275","0.01007981039583683","0.01007981039583683","0.01007981039583683"
"87281","0.008641788735985756","0.008641788735985756","0.008641788735985756"
"87286","0.008496141992509365","0.008496141992509365","0.008496141992509365"
"87292","0.00816030241549015","0.00816030241549015","0.00816030241549015"
"87295","0.008367981761693954","0.008367981761693954","0.008367981761693954"
"87307","0.007279611192643642","0.007279611192643642","0.007279611192643642"
"87316","0.007901206612586975","0.007901206612586975","0.007901206612586975"
"87321","0.00770494993776083","0.00770494993776083","0.00770494993776083"
"87339","0.008864582516252995","0.008864582516252995","0.008864582516252995"
"87351","0.007855191826820374","0.007855191826820374","0.007855191826820374"
"87354","0.007088326849043369","0.007088326849043369","0.007088326849043369"
"87358","0.009296019561588764","0.009296019561588764","0.009296019561588764"
"87368","0.00677650747820735","0.00677650747820735","0.00677650747820735"
"87388","0.006464698351919651","0.006464698351919651","0.006464698351919651"
"87409","0.005673029460012913","0.005673029460012913","0.005673029460012913"
"87415","0.010612798854708672","0.010612798854708672","0.010612798854708672"
"87426","0.00771377794444561","0.00771377794444561","0.00771377794444561"
"87429","0.005725319031625986","0.005725319031625986","0.005725319031625986"
"87439","0.00453610485419631","0.00453610485419631","0.00453610485419631"
"87450","0.008291332051157951","0.008291332051157951","0.008291332051157951"
"87463","0.006926069036126137","0.006926069036126137","0.006926069036126137"
"87467","0.007153513375669718","0.007153513375669718","0.007153513375669718"
"87485","0.008917971514165401","0.008917971514165401","0.008917971514165401"
"87495","0.009505336172878742","0.009505336172878742","0.009505336172878742"
"87501","0.007456115446984768","0.007456115446984768","0.007456115446984768"
"87505","0.008829458616673946","0.008829458616673946","0.008829458616673946"
"87510","0.008515799418091774","0.008515799418091774","0.008515799418091774"
"87511","0.009748149663209915","0.009748149663209915","0.009748149663209915"
"87516","0.008074197918176651","0.008074197918176651","0.008074197918176651"
"87517","0.006433989852666855","0.006433989852666855","0.006433989852666855"
"87528","0.008536428213119507","0.008536428213119507","0.008536428213119507"
"87534","0.008700573816895485","0.008700573816895485","0.008700573816895485"
"87545","0.006256581749767065","0.006256581749767065","0.006256581749767065"
"87550","0.007200455293059349","0.007200455293059349","0.007200455293059349"
"87575","0.010022099129855633","0.010022099129855633","0.010022099129855633"
"87593","0.0072235846891999245","0.0072235846891999245","0.0072235846891999245"
"87594","0.004983840044587851","0.004983840044587851","0.004983840044587851"
"87604","0.009477156214416027","0.009477156214416027","0.009477156214416027"
"87606","0.005968047305941582","0.005968047305941582","0.005968047305941582"
"87611","0.007525373250246048","0.007525373250246048","0.007525373250246048"
"87619","0.0070134541019797325","0.0070134541019797325","0.0070134541019797325"
"87624","0.007260110694915056","0.007260110694915056","0.007260110694915056"
"87639","0.011484203860163689","0.011484203860163689","0.011484203860163689"
"87640","0.009992786683142185","0.009992786683142185","0.009992786683142185"
"87649","0.009483772329986095","0.009483772329986095","0.009483772329986095"
"87651","0.0077161178924143314","0.0077161178924143314","0.0077161178924143314"
"87679","0.005634423810988665","0.005634423810988665","0.005634423810988665"
"87687","0.0065128686837852","0.0065128686837852","0.0065128686837852"
"87689","0.006915269885212183","0.006915269885212183","0.006915269885212183"
"87693","0.006833736784756184","0.006833736784756184","0.006833736784756184"
"87701","0.009213962592184544","0.009213962592184544","0.009213962592184544"
"87706","0.01043205987662077","0.01043205987662077","0.01043205987662077"
"87710","0.008258608169853687","0.008258608169853687","0.008258608169853687"
"87712","0.010319049470126629","0.010319049470126629","0.010319049470126629"
"87731","0.008208674378693104","0.008208674378693104","0.008208674378693104"
"87733","0.010282063856720924","0.010282063856720924","0.010282063856720924"
"87753","0.005995866376906633","0.005995866376906633","0.005995866376906633"
"87759","0.008556647226214409","0.008556647226214409","0.008556647226214409"
"87789","0.007624626625329256","0.007624626625329256","0.007624626625329256"
"87797","0.007510541006922722","0.007510541006922722","0.007510541006922722"
"87801","0.005755241494625807","0.005755241494625807","0.005755241494625807"
"87802","0.0075920214876532555","0.0075920214876532555","0.0075920214876532555"
"87804","0.008922949433326721","0.008922949433326721","0.008922949433326721"
"87805","0.007038944400846958","0.007038944400846958","0.007038944400846958"
"87814","0.0068195355124771595","0.0068195355124771595","0.0068195355124771595"
"87819","0.008673237636685371","0.008673237636685371","0.008673237636685371"
"87821","0.006889468524605036","0.006889468524605036","0.006889468524605036"
"87822","0.009911554865539074","0.009911554865539074","0.009911554865539074"
"87824","0.007945225574076176","0.007945225574076176","0.007945225574076176"
"87825","0.007353232707828283","0.007353232707828283","0.007353232707828283"
"87826","0.005308821331709623","0.005308821331709623","0.005308821331709623"
"87827","0.005124844145029783","0.005124844145029783","0.005124844145029783"
"87829","0.005074211396276951","0.005074211396276951","0.005074211396276951"
"87836","0.00917829480022192","0.00917829480022192","0.00917829480022192"
"87842","0.005983142647892237","0.005983142647892237","0.005983142647892237"
"87850","0.009481283836066723","0.009481283836066723","0.009481283836066723"
"87862","0.006078575737774372","0.006078575737774372","0.006078575737774372"
"87866","0.00856268871575594","0.00856268871575594","0.00856268871575594"
"87870","0.0076533169485628605","0.0076533169485628605","0.0076533169485628605"
"87873","0.007026390638202429","0.007026390638202429","0.007026390638202429"
"87879","0.009980956092476845","0.009980956092476845","0.009980956092476845"
"87895","0.00915442779660225","0.00915442779660225","0.00915442779660225"
"87902","0.008597567677497864","0.008597567677497864","0.008597567677497864"
"87903","0.007572473026812077","0.007572473026812077","0.007572473026812077"
"87910","0.007667683996260166","0.007667683996260166","0.007667683996260166"
"87914","0.00864196103066206","0.00864196103066206","0.00864196103066206"
"87916","0.00526866689324379","0.00526866689324379","0.00526866689324379"
"87917","0.010741968639194965","0.010741968639194965","0.010741968639194965"
"87937","0.008051932789385319","0.008051932789385319","0.008051932789385319"
"87939","0.008568470366299152","0.008568470366299152","0.008568470366299152"
"87943","0.006570872385054827","0.006570872385054827","0.006570872385054827"
"87955","0.0064398907124996185","0.0064398907124996185","0.0064398907124996185"
"87956","0.0058293333277106285","0.0058293333277106285","0.0058293333277106285"
"87982","0.008065082132816315","0.008065082132816315","0.008065082132816315"
"87987","0.00728911766782403","0.00728911766782403","0.00728911766782403"
"87991","0.007377490866929293","0.007377490866929293","0.007377490866929293"
"87997","0.008395294658839703","0.008395294658839703","0.008395294658839703"
"87998","0.007651469204574823","0.007651469204574823","0.007651469204574823"
"88000","0.008955517783761024","0.008955517783761024","0.008955517783761024"
"88003","0.005214369855821133","0.005214369855821133","0.005214369855821133"
"88010","0.009499069303274155","0.009499069303274155","0.009499069303274155"
"88019","0.007789538241922855","0.007789538241922855","0.007789538241922855"
"88030","0.007725836243480444","0.007725836243480444","0.007725836243480444"
"88043","0.006831326521933079","0.006831326521933079","0.006831326521933079"
"88058","0.008051985874772072","0.008051985874772072","0.008051985874772072"
"88067","0.008409518748521805","0.008409518748521805","0.008409518748521805"
"88069","0.0065494077280163765","0.0065494077280163765","0.0065494077280163765"
"88080","0.008153153583407402","0.008153153583407402","0.008153153583407402"
"88097","0.009018756449222565","0.009018756449222565","0.009018756449222565"
"88110","0.007731926161795855","0.007731926161795855","0.007731926161795855"
"88114","0.008565636351704597","0.008565636351704597","0.008565636351704597"
"88115","0.008913141675293446","0.008913141675293446","0.008913141675293446"
"88121","0.011212063953280449","0.011212063953280449","0.011212063953280449"
"88182","0.009889567270874977","0.009889567270874977","0.009889567270874977"
"88190","0.008473055437207222","0.008473055437207222","0.008473055437207222"
"88203","0.007782460190355778","0.007782460190355778","0.007782460190355778"
"88251","0.01088337879627943","0.01088337879627943","0.01088337879627943"
"88306","0.00882719922810793","0.00882719922810793","0.00882719922810793"
"88307","0.008786089718341827","0.008786089718341827","0.008786089718341827"
"88326","0.007993930019438267","0.007993930019438267","0.007993930019438267"
"88331","0.007393539417535067","0.007393539417535067","0.007393539417535067"
"88336","0.006776146125048399","0.006776146125048399","0.006776146125048399"
"88338","0.007130839396268129","0.007130839396268129","0.007130839396268129"
"88339","0.005808487068861723","0.005808487068861723","0.005808487068861723"
"88340","0.004825479816645384","0.004825479816645384","0.004825479816645384"
"88345","0.007753053214401007","0.007753053214401007","0.007753053214401007"
"88348","0.008706243708729744","0.008706243708729744","0.008706243708729744"
"88356","0.006897105369716883","0.006897105369716883","0.006897105369716883"
"88410","0.007747401483356953","0.007747401483356953","0.007747401483356953"
"88426","0.006386993452906609","0.006386993452906609","0.006386993452906609"
"88431","0.010216421447694302","0.010216421447694302","0.010216421447694302"
"88435","0.006846684962511063","0.006846684962511063","0.006846684962511063"
"88458","0.006822089198976755","0.006822089198976755","0.006822089198976755"
"88464","0.00836646556854248","0.00836646556854248","0.00836646556854248"
"88474","0.009458423592150211","0.009458423592150211","0.009458423592150211"
"88479","0.007466940674930811","0.007466940674930811","0.007466940674930811"
"88501","0.004714944399893284","0.004714944399893284","0.004714944399893284"
"88507","0.008308015763759613","0.008308015763759613","0.008308015763759613"
"88518","0.007244084030389786","0.007244084030389786","0.007244084030389786"
"88520","0.008190962485969067","0.008190962485969067","0.008190962485969067"
"88526","0.00954139418900013","0.00954139418900013","0.00954139418900013"
"88576","0.009231324307620525","0.009231324307620525","0.009231324307620525"
"88578","0.0060430364683270454","0.0060430364683270454","0.0060430364683270454"
"88580","0.008369408547878265","0.008369408547878265","0.008369408547878265"
"88585","0.005405029747635126","0.005405029747635126","0.005405029747635126"
"88586","0.008365821093320847","0.008365821093320847","0.008365821093320847"
"88598","0.006512172054499388","0.006512172054499388","0.006512172054499388"
"88612","0.007096774410456419","0.007096774410456419","0.007096774410456419"
"88635","0.005983560811728239","0.005983560811728239","0.005983560811728239"
"88649","0.006173924542963505","0.006173924542963505","0.006173924542963505"
"88656","0.008872170932590961","0.008872170932590961","0.008872170932590961"
"88670","0.005684988107532263","0.005684988107532263","0.005684988107532263"
"88672","0.010003306902945042","0.010003306902945042","0.010003306902945042"
"88681","0.010248590260744095","0.010248590260744095","0.010248590260744095"
"88700","0.007305328734219074","0.007305328734219074","0.007305328734219074"
"88703","0.007065220735967159","0.007065220735967159","0.007065220735967159"
"88717","0.008332515135407448","0.008332515135407448","0.008332515135407448"
"88722","0.008382786996662617","0.008382786996662617","0.008382786996662617"
"88730","0.0077158124186098576","0.0077158124186098576","0.0077158124186098576"
"88745","0.008271153084933758","0.008271153084933758","0.008271153084933758"
"88748","0.006824360694736242","0.006824360694736242","0.006824360694736242"
"88749","0.007438663858920336","0.007438663858920336","0.007438663858920336"
"88750","0.007855193689465523","0.007855193689465523","0.007855193689465523"
"88754","0.007200280670076609","0.007200280670076609","0.007200280670076609"
"88756","0.008962435647845268","0.008962435647845268","0.008962435647845268"
"88764","0.007917806506156921","0.007917806506156921","0.007917806506156921"
"88769","0.007258498575538397","0.007258498575538397","0.007258498575538397"
"88782","0.007350490428507328","0.007350490428507328","0.007350490428507328"
"88784","0.011202049441635609","0.011202049441635609","0.011202049441635609"
"88787","0.006175056099891663","0.006175056099891663","0.006175056099891663"
"88806","0.007061668671667576","0.007061668671667576","0.007061668671667576"
"88819","0.008081474341452122","0.008081474341452122","0.008081474341452122"
"88825","0.005855115130543709","0.005855115130543709","0.005855115130543709"
"88826","0.006774987559765577","0.006774987559765577","0.006774987559765577"
"88831","0.00750845717266202","0.00750845717266202","0.00750845717266202"
"88843","0.00827778596431017","0.00827778596431017","0.00827778596431017"
"88846","0.004462708719074726","0.004462708719074726","0.004462708719074726"
"88848","0.006369675975292921","0.006369675975292921","0.006369675975292921"
"88854","0.010133649222552776","0.010133649222552776","0.010133649222552776"
"88856","0.011159239336848259","0.011159239336848259","0.011159239336848259"
"88866","0.009330597706139088","0.009330597706139088","0.009330597706139088"
"88875","0.010634145699441433","0.010634145699441433","0.010634145699441433"
"88879","0.00818667933344841","0.00818667933344841","0.00818667933344841"
"88892","0.007977908477187157","0.007977908477187157","0.007977908477187157"
"88923","0.008473954163491726","0.008473954163491726","0.008473954163491726"
"88949","0.010311287827789783","0.010311287827789783","0.010311287827789783"
"88952","0.00985702034085989","0.00985702034085989","0.00985702034085989"
"88954","0.00805091392248869","0.00805091392248869","0.00805091392248869"
"88959","0.008355723693966866","0.008355723693966866","0.008355723693966866"
"88967","0.009163583628833294","0.009163583628833294","0.009163583628833294"
"88980","0.008660182356834412","0.008660182356834412","0.008660182356834412"
"89003","0.008648292161524296","0.008648292161524296","0.008648292161524296"
"89004","0.008207771927118301","0.008207771927118301","0.008207771927118301"
"89031","0.008696872740983963","0.008696872740983963","0.008696872740983963"
"89033","0.007907111197710037","0.007907111197710037","0.007907111197710037"
"89034","0.009648798033595085","0.009648798033595085","0.009648798033595085"
"89043","0.005873406305909157","0.005873406305909157","0.005873406305909157"
"89052","0.007145085372030735","0.007145085372030735","0.007145085372030735"
"89083","0.006845842581242323","0.006845842581242323","0.006845842581242323"
"89084","0.008415083400905132","0.008415083400905132","0.008415083400905132"
"89085","0.007400404196232557","0.007400404196232557","0.007400404196232557"
"89087","0.006562014110386372","0.006562014110386372","0.006562014110386372"
"89095","0.007704145275056362","0.007704145275056362","0.007704145275056362"
"89111","0.009751333855092525","0.009751333855092525","0.009751333855092525"
"89114","0.007980520837008953","0.007980520837008953","0.007980520837008953"
"89116","0.007483274210244417","0.007483274210244417","0.007483274210244417"
"89120","0.007291166111826897","0.007291166111826897","0.007291166111826897"
"89137","0.009233066812157631","0.009233066812157631","0.009233066812157631"
"89147","0.010110769420862198","0.010110769420862198","0.010110769420862198"
"89149","0.007155036553740501","0.007155036553740501","0.007155036553740501"
"89161","0.007003290578722954","0.007003290578722954","0.007003290578722954"
"89178","0.007018118631094694","0.007018118631094694","0.007018118631094694"
"89180","0.009093142114579678","0.009093142114579678","0.009093142114579678"
"89193","0.007070957683026791","0.007070957683026791","0.007070957683026791"
"89203","0.010306882672011852","0.010306882672011852","0.010306882672011852"
"89228","0.006605767644941807","0.006605767644941807","0.006605767644941807"
"89233","0.006587345153093338","0.006587345153093338","0.006587345153093338"
"89253","0.00713026337325573","0.00713026337325573","0.00713026337325573"
"89295","0.006254279054701328","0.006254279054701328","0.006254279054701328"
"89296","0.008813541382551193","0.008813541382551193","0.008813541382551193"
"89298","0.0071683721616864204","0.0071683721616864204","0.0071683721616864204"
"89303","0.010130605660378933","0.010130605660378933","0.010130605660378933"
"89304","0.009835920296609402","0.009835920296609402","0.009835920296609402"
"89311","0.007597052026540041","0.007597052026540041","0.007597052026540041"
"89320","0.010525194928050041","0.010525194928050041","0.010525194928050041"
"89342","0.007687170058488846","0.007687170058488846","0.007687170058488846"
"89348","0.007678900845348835","0.007678900845348835","0.007678900845348835"
"89382","0.011466443538665771","0.011466443538665771","0.011466443538665771"
"89409","0.007835774682462215","0.007835774682462215","0.007835774682462215"
"89421","0.008653935976326466","0.008653935976326466","0.008653935976326466"
"89422","0.010244023986160755","0.010244023986160755","0.010244023986160755"
"89424","0.00820921827107668","0.00820921827107668","0.00820921827107668"
"89429","0.008580814115703106","0.008580814115703106","0.008580814115703106"
"89431","0.004397795535624027","0.004397795535624027","0.004397795535624027"
"89437","0.008620920591056347","0.008620920591056347","0.008620920591056347"
"89439","0.007072878070175648","0.007072878070175648","0.007072878070175648"
"89444","0.008716787211596966","0.008716787211596966","0.008716787211596966"
"89447","0.008213300257921219","0.008213300257921219","0.008213300257921219"
"89448","0.008474969305098057","0.008474969305098057","0.008474969305098057"
"89453","0.009327991865575314","0.009327991865575314","0.009327991865575314"
"89455","0.006878051441162825","0.006878051441162825","0.006878051441162825"
"89458","0.008361591026186943","0.008361591026186943","0.008361591026186943"
"89473","0.007663492113351822","0.007663492113351822","0.007663492113351822"
"89477","0.008582432754337788","0.008582432754337788","0.008582432754337788"
"89481","0.009593827649950981","0.009593827649950981","0.009593827649950981"
"89482","0.008197670802474022","0.008197670802474022","0.008197670802474022"
"89488","0.0056657311506569386","0.0056657311506569386","0.0056657311506569386"
"89506","0.010070539079606533","0.010070539079606533","0.010070539079606533"
"89509","0.007387877907603979","0.007387877907603979","0.007387877907603979"
"89510","0.0072262524627149105","0.0072262524627149105","0.0072262524627149105"
"89537","0.008782897144556046","0.008782897144556046","0.008782897144556046"
"89541","0.006971503142267466","0.006971503142267466","0.006971503142267466"
"89542","0.00827270932495594","0.00827270932495594","0.00827270932495594"
"89544","0.008937499485909939","0.008937499485909939","0.008937499485909939"
"89558","0.008702313527464867","0.008702313527464867","0.008702313527464867"
"89580","0.006878640037029982","0.006878640037029982","0.006878640037029982"
"89596","0.00910276360809803","0.00910276360809803","0.00910276360809803"
"89610","0.010668410919606686","0.010668410919606686","0.010668410919606686"
"89630","0.007363058160990477","0.007363058160990477","0.007363058160990477"
"89640","0.007750122807919979","0.007750122807919979","0.007750122807919979"
"89648","0.008452224545180798","0.008452224545180798","0.008452224545180798"
"89675","0.006566943135112524","0.006566943135112524","0.006566943135112524"
"89679","0.010224731639027596","0.010224731639027596","0.010224731639027596"
"89711","0.007848366163671017","0.007848366163671017","0.007848366163671017"
"89713","0.007743077352643013","0.007743077352643013","0.007743077352643013"
"89729","0.00606628879904747","0.00606628879904747","0.00606628879904747"
"89733","0.007753139827400446","0.007753139827400446","0.007753139827400446"
"89737","0.007258974947035313","0.007258974947035313","0.007258974947035313"
"89738","0.0059503186494112015","0.0059503186494112015","0.0059503186494112015"
"89742","0.00671895919367671","0.00671895919367671","0.00671895919367671"
"89763","0.009220266714692116","0.009220266714692116","0.009220266714692116"
"89768","0.006594274193048477","0.006594274193048477","0.006594274193048477"
"89769","0.00769484369084239","0.00769484369084239","0.00769484369084239"
"89780","0.005299543030560017","0.005299543030560017","0.005299543030560017"
"89784","0.007437556050717831","0.007437556050717831","0.007437556050717831"
"89791","0.0072371079586446285","0.0072371079586446285","0.0072371079586446285"
"89817","0.007768229115754366","0.007768229115754366","0.007768229115754366"
"89869","0.005772946868091822","0.005772946868091822","0.005772946868091822"
"89872","0.007196963764727116","0.007196963764727116","0.007196963764727116"
"89874","0.007630458567291498","0.007630458567291498","0.007630458567291498"
"89876","0.007216454483568668","0.007216454483568668","0.007216454483568668"
"89885","0.009319170378148556","0.009319170378148556","0.009319170378148556"
"89891","0.007892528548836708","0.007892528548836708","0.007892528548836708"
"89896","0.0089556984603405","0.0089556984603405","0.0089556984603405"
"89899","0.008691476657986641","0.008691476657986641","0.008691476657986641"
"89900","0.005718749947845936","0.005718749947845936","0.005718749947845936"
"89903","0.006498838309198618","0.006498838309198618","0.006498838309198618"
"89904","0.005361136514693499","0.005361136514693499","0.005361136514693499"
"89914","0.00889713317155838","0.00889713317155838","0.00889713317155838"
"89937","0.006563257426023483","0.006563257426023483","0.006563257426023483"
"89949","0.006991191767156124","0.006991191767156124","0.006991191767156124"
"89967","0.007966440171003342","0.007966440171003342","0.007966440171003342"
"89974","0.007757276762276888","0.007757276762276888","0.007757276762276888"
"89990","0.007881483063101768","0.007881483063101768","0.007881483063101768"
"89993","0.005920119117945433","0.005920119117945433","0.005920119117945433"
"89995","0.006236538290977478","0.006236538290977478","0.006236538290977478"
"90019","0.008235884830355644","0.008235884830355644","0.008235884830355644"
"90022","0.010341300629079342","0.010341300629079342","0.010341300629079342"
"90034","0.007340690121054649","0.007340690121054649","0.007340690121054649"
"90051","0.009554611518979073","0.009554611518979073","0.009554611518979073"
"90056","0.006985217798501253","0.006985217798501253","0.006985217798501253"
"90065","0.010531713254749775","0.010531713254749775","0.010531713254749775"
"90071","0.007613281719386578","0.007613281719386578","0.007613281719386578"
"90081","0.0063090017065405846","0.0063090017065405846","0.0063090017065405846"
"90112","0.004983536433428526","0.004983536433428526","0.004983536433428526"
"90116","0.007108844351023436","0.007108844351023436","0.007108844351023436"
"90133","0.010023149661719799","0.010023149661719799","0.010023149661719799"
"90142","0.008050063624978065","0.008050063624978065","0.008050063624978065"
"90144","0.006323135923594236","0.006323135923594236","0.006323135923594236"
"90152","0.007555908523499966","0.007555908523499966","0.007555908523499966"
"90164","0.007386521901935339","0.007386521901935339","0.007386521901935339"
"90173","0.006995950825512409","0.006995950825512409","0.006995950825512409"
"90176","0.007754639256745577","0.007754639256745577","0.007754639256745577"
"90177","0.009701885282993317","0.009701885282993317","0.009701885282993317"
"90181","0.008881128393113613","0.008881128393113613","0.008881128393113613"
"90193","0.008723472245037556","0.008723472245037556","0.008723472245037556"
"90196","0.008478164672851562","0.008478164672851562","0.008478164672851562"
"90197","0.007240135222673416","0.007240135222673416","0.007240135222673416"
"90225","0.009996735490858555","0.009996735490858555","0.009996735490858555"
"90229","0.0071476781740784645","0.0071476781740784645","0.0071476781740784645"
"90232","0.007941084913909435","0.007941084913909435","0.007941084913909435"
"90251","0.008228706195950508","0.008228706195950508","0.008228706195950508"
"90253","0.009845755062997341","0.009845755062997341","0.009845755062997341"
"90259","0.010277620516717434","0.010277620516717434","0.010277620516717434"
"90264","0.007033478934317827","0.007033478934317827","0.007033478934317827"
"90265","0.008462747558951378","0.008462747558951378","0.008462747558951378"
"90277","0.007923409342765808","0.007923409342765808","0.007923409342765808"
"90282","0.005940965376794338","0.005940965376794338","0.005940965376794338"
"90291","0.008371824398636818","0.008371824398636818","0.008371824398636818"
"90292","0.005636568646878004","0.005636568646878004","0.005636568646878004"
"90299","0.007428918033838272","0.007428918033838272","0.007428918033838272"
"90307","0.007066355552524328","0.007066355552524328","0.007066355552524328"
"90323","0.007606062106788158","0.007606062106788158","0.007606062106788158"
"90327","0.007727939635515213","0.007727939635515213","0.007727939635515213"
"90350","0.008596815168857574","0.008596815168857574","0.008596815168857574"
"90371","0.0087051372975111","0.0087051372975111","0.0087051372975111"
"90397","0.006672396790236235","0.006672396790236235","0.006672396790236235"
"90403","0.010300719179213047","0.010300719179213047","0.010300719179213047"
"90418","0.006126065272837877","0.006126065272837877","0.006126065272837877"
"90425","0.00729835731908679","0.00729835731908679","0.00729835731908679"
"90440","0.010107032023370266","0.010107032023370266","0.010107032023370266"
"90452","0.006185935344547033","0.006185935344547033","0.006185935344547033"
"90461","0.006427324842661619","0.006427324842661619","0.006427324842661619"
"90487","0.007691734470427036","0.007691734470427036","0.007691734470427036"
"90507","0.007908490486443043","0.007908490486443043","0.007908490486443043"
"90510","0.007408763747662306","0.007408763747662306","0.007408763747662306"
"90514","0.005214099772274494","0.005214099772274494","0.005214099772274494"
"90516","0.009177988395094872","0.009177988395094872","0.009177988395094872"
"90532","0.008427168242633343","0.008427168242633343","0.008427168242633343"
"90536","0.008779969997704029","0.008779969997704029","0.008779969997704029"
"90539","0.006416808348149061","0.006416808348149061","0.006416808348149061"
"90544","0.009367731399834156","0.009367731399834156","0.009367731399834156"
"90551","0.007763399742543697","0.007763399742543697","0.007763399742543697"
"90555","0.005474010482430458","0.005474010482430458","0.005474010482430458"
"90561","0.005916585214436054","0.005916585214436054","0.005916585214436054"
"90566","0.007319401018321514","0.007319401018321514","0.007319401018321514"
"90567","0.0075645060278475285","0.0075645060278475285","0.0075645060278475285"
"90570","0.0070325229316949844","0.0070325229316949844","0.0070325229316949844"
"90577","0.007833346724510193","0.007833346724510193","0.007833346724510193"
"90619","0.008882411755621433","0.008882411755621433","0.008882411755621433"
"90632","0.008923714980483055","0.008923714980483055","0.008923714980483055"
"90643","0.008619938977062702","0.008619938977062702","0.008619938977062702"
"90662","0.008417216129601002","0.008417216129601002","0.008417216129601002"
"90668","0.0067177992314100266","0.0067177992314100266","0.0067177992314100266"
"90694","0.008006880059838295","0.008006880059838295","0.008006880059838295"
"90699","0.00796083640307188","0.00796083640307188","0.00796083640307188"
"90706","0.006777332630008459","0.006777332630008459","0.006777332630008459"
"90720","0.008985118009150028","0.008985118009150028","0.008985118009150028"
"90726","0.007713732309639454","0.007713732309639454","0.007713732309639454"
"90737","0.00707573676481843","0.00707573676481843","0.00707573676481843"
"90740","0.0067648980766534805","0.0067648980766534805","0.0067648980766534805"
"90748","0.004874867852777243","0.004874867852777243","0.004874867852777243"
"90764","0.00843992829322815","0.00843992829322815","0.00843992829322815"
"90769","0.007627194747328758","0.007627194747328758","0.007627194747328758"
"90788","0.007392070721834898","0.007392070721834898","0.007392070721834898"
"90793","0.006935288198292255","0.006935288198292255","0.006935288198292255"
"90795","0.007639280986040831","0.007639280986040831","0.007639280986040831"
"90798","0.006637688260525465","0.006637688260525465","0.006637688260525465"
"90802","0.008518720045685768","0.008518720045685768","0.008518720045685768"
"90808","0.007768635638058186","0.007768635638058186","0.007768635638058186"
"90817","0.007100577931851149","0.007100577931851149","0.007100577931851149"
"90818","0.010299227200448513","0.010299227200448513","0.010299227200448513"
"90833","0.010023817420005798","0.010023817420005798","0.010023817420005798"
"90838","0.010088537819683552","0.010088537819683552","0.010088537819683552"
"90851","0.006845302414149046","0.006845302414149046","0.006845302414149046"
"90880","0.009561866521835327","0.009561866521835327","0.009561866521835327"
"90886","0.00773963937535882","0.00773963937535882","0.00773963937535882"
"90900","0.007894798181951046","0.007894798181951046","0.007894798181951046"
"90944","0.01073495950549841","0.01073495950549841","0.01073495950549841"
"90948","0.007672788109630346","0.007672788109630346","0.007672788109630346"
"90954","0.008020908571779728","0.008020908571779728","0.008020908571779728"
"90975","0.008381601423025131","0.008381601423025131","0.008381601423025131"
"90991","0.0059136319905519485","0.0059136319905519485","0.0059136319905519485"
"90992","0.007045001722872257","0.007045001722872257","0.007045001722872257"
"91001","0.0076315635815262794","0.0076315635815262794","0.0076315635815262794"
"91003","0.0096406489610672","0.0096406489610672","0.0096406489610672"
"91019","0.009109415113925934","0.009109415113925934","0.009109415113925934"
"91023","0.005386970937252045","0.005386970937252045","0.005386970937252045"
"91032","0.009397819638252258","0.009397819638252258","0.009397819638252258"
"91046","0.008524047210812569","0.008524047210812569","0.008524047210812569"
"91049","0.00785774365067482","0.00785774365067482","0.00785774365067482"
"91054","0.006996616255491972","0.006996616255491972","0.006996616255491972"
"91065","0.005417464300990105","0.005417464300990105","0.005417464300990105"
"91111","0.009380134753882885","0.009380134753882885","0.009380134753882885"
"91113","0.009404023177921772","0.009404023177921772","0.009404023177921772"
"91117","0.007353389635682106","0.007353389635682106","0.007353389635682106"
"91139","0.006878047250211239","0.006878047250211239","0.006878047250211239"
"91171","0.00761361513286829","0.00761361513286829","0.00761361513286829"
"91186","0.008336315862834454","0.008336315862834454","0.008336315862834454"
"91188","0.007950927130877972","0.007950927130877972","0.007950927130877972"
"91195","0.006010308861732483","0.006010308861732483","0.006010308861732483"
"91199","0.010351710952818394","0.010351710952818394","0.010351710952818394"
"91220","0.008766953833401203","0.008766953833401203","0.008766953833401203"
"91224","0.00814004149287939","0.00814004149287939","0.00814004149287939"
"91226","0.008411859162151814","0.008411859162151814","0.008411859162151814"
"91229","0.008233977481722832","0.008233977481722832","0.008233977481722832"
"91239","0.008904265239834785","0.008904265239834785","0.008904265239834785"
"91242","0.006939075421541929","0.006939075421541929","0.006939075421541929"
"91278","0.009597367607057095","0.009597367607057095","0.009597367607057095"
"91289","0.010073731653392315","0.010073731653392315","0.010073731653392315"
"91302","0.00830051302909851","0.00830051302909851","0.00830051302909851"
"91314","0.008944976143538952","0.008944976143538952","0.008944976143538952"
"91334","0.008147800341248512","0.008147800341248512","0.008147800341248512"
"91359","0.005573793314397335","0.005573793314397335","0.005573793314397335"
"91364","0.01039042230695486","0.01039042230695486","0.01039042230695486"
"91365","0.007573869079351425","0.007573869079351425","0.007573869079351425"
"91366","0.008040997199714184","0.008040997199714184","0.008040997199714184"
"91367","0.005549425259232521","0.005549425259232521","0.005549425259232521"
"91377","0.008449306711554527","0.008449306711554527","0.008449306711554527"
"91380","0.007282576989382505","0.007282576989382505","0.007282576989382505"
"91385","0.006987135857343674","0.006987135857343674","0.006987135857343674"
"91389","0.00751686654984951","0.00751686654984951","0.00751686654984951"
"91395","0.006624539382755756","0.006624539382755756","0.006624539382755756"
"91396","0.010617230087518692","0.010617230087518692","0.010617230087518692"
"91400","0.010751573368906975","0.010751573368906975","0.010751573368906975"
"91404","0.007765781134366989","0.007765781134366989","0.007765781134366989"
"91409","0.009206905961036682","0.009206905961036682","0.009206905961036682"
"91411","0.007701341062784195","0.007701341062784195","0.007701341062784195"
"91425","0.005878685042262077","0.005878685042262077","0.005878685042262077"
"91428","0.008965074084699154","0.008965074084699154","0.008965074084699154"
"91437","0.007368403486907482","0.007368403486907482","0.007368403486907482"
"91480","0.008764649741351604","0.008764649741351604","0.008764649741351604"
"91492","0.007205213885754347","0.007205213885754347","0.007205213885754347"
"91502","0.0063879829831421375","0.0063879829831421375","0.0063879829831421375"
"91509","0.008112343959510326","0.008112343959510326","0.008112343959510326"
"91530","0.0073617552407085896","0.0073617552407085896","0.0073617552407085896"
"91532","0.005587053019553423","0.005587053019553423","0.005587053019553423"
"91545","0.006698413752019405","0.006698413752019405","0.006698413752019405"
"91562","0.00931128952652216","0.00931128952652216","0.00931128952652216"
"91588","0.006560196168720722","0.006560196168720722","0.006560196168720722"
"91604","0.004858621396124363","0.004858621396124363","0.004858621396124363"
"91620","0.007623494137078524","0.007623494137078524","0.007623494137078524"
"91653","0.009953987784683704","0.009953987784683704","0.009953987784683704"
"91679","0.007603529840707779","0.007603529840707779","0.007603529840707779"
"91680","0.007732085417956114","0.007732085417956114","0.007732085417956114"
"91695","0.009789648465812206","0.009789648465812206","0.009789648465812206"
"91698","0.008106398396193981","0.008106398396193981","0.008106398396193981"
"91700","0.005257014650851488","0.005257014650851488","0.005257014650851488"
"91724","0.007459483575075865","0.007459483575075865","0.007459483575075865"
"91738","0.010717188008129597","0.010717188008129597","0.010717188008129597"
"91745","0.008716627024114132","0.008716627024114132","0.008716627024114132"
"91756","0.0076609463430941105","0.0076609463430941105","0.0076609463430941105"
"91777","0.009657691232860088","0.009657691232860088","0.009657691232860088"
"91792","0.006418249104171991","0.006418249104171991","0.006418249104171991"
"91798","0.009198510088026524","0.009198510088026524","0.009198510088026524"
"91812","0.010703865438699722","0.010703865438699722","0.010703865438699722"
"91813","0.011118331924080849","0.011118331924080849","0.011118331924080849"
"91819","0.008559047244489193","0.008559047244489193","0.008559047244489193"
"91836","0.009251159615814686","0.009251159615814686","0.009251159615814686"
"91839","0.00821445882320404","0.00821445882320404","0.00821445882320404"
"91840","0.007224361412227154","0.007224361412227154","0.007224361412227154"
"91850","0.006123593542724848","0.006123593542724848","0.006123593542724848"
"91852","0.00802372395992279","0.00802372395992279","0.00802372395992279"
"91875","0.008314578793942928","0.008314578793942928","0.008314578793942928"
"91882","0.005912333726882935","0.005912333726882935","0.005912333726882935"
"91887","0.007816311903297901","0.007816311903297901","0.007816311903297901"
"91892","0.007202227134257555","0.007202227134257555","0.007202227134257555"
"91899","0.008249616250395775","0.008249616250395775","0.008249616250395775"
"91918","0.005585473496466875","0.005585473496466875","0.005585473496466875"
"91923","0.007729640696197748","0.007729640696197748","0.007729640696197748"
"91932","0.008968528360128403","0.008968528360128403","0.008968528360128403"
"91939","0.007677708752453327","0.007677708752453327","0.007677708752453327"
"91942","0.01075681671500206","0.01075681671500206","0.01075681671500206"
"91944","0.006030948366969824","0.006030948366969824","0.006030948366969824"
"91963","0.007318508345633745","0.007318508345633745","0.007318508345633745"
"91968","0.007499903906136751","0.007499903906136751","0.007499903906136751"
"92003","0.006977621465921402","0.006977621465921402","0.006977621465921402"
"92011","0.00679051922634244","0.00679051922634244","0.00679051922634244"
"92022","0.0072482433170080185","0.0072482433170080185","0.0072482433170080185"
"92034","0.00922530610114336","0.00922530610114336","0.00922530610114336"
"92036","0.00821706373244524","0.00821706373244524","0.00821706373244524"
"92046","0.008562315255403519","0.008562315255403519","0.008562315255403519"
"92062","0.008807354606688023","0.008807354606688023","0.008807354606688023"
"92075","0.0065889302641153336","0.0065889302641153336","0.0065889302641153336"
"92087","0.007487856317311525","0.007487856317311525","0.007487856317311525"
"92093","0.008169646374881268","0.008169646374881268","0.008169646374881268"
"92095","0.008818301372230053","0.008818301372230053","0.008818301372230053"
"92114","0.006691065151244402","0.006691065151244402","0.006691065151244402"
"92129","0.01015867106616497","0.01015867106616497","0.01015867106616497"
"92150","0.007551437709480524","0.007551437709480524","0.007551437709480524"
"92151","0.0067620170302689075","0.0067620170302689075","0.0067620170302689075"
"92156","0.007733775768429041","0.007733775768429041","0.007733775768429041"
"92157","0.00852249562740326","0.00852249562740326","0.00852249562740326"
"92166","0.006521393079310656","0.006521393079310656","0.006521393079310656"
"92178","0.009600318968296051","0.009600318968296051","0.009600318968296051"
"92179","0.007252291310578585","0.007252291310578585","0.007252291310578585"
"92196","0.008159901015460491","0.008159901015460491","0.008159901015460491"
"92205","0.007708139251917601","0.007708139251917601","0.007708139251917601"
"92206","0.005037603434175253","0.005037603434175253","0.005037603434175253"
"92208","0.0058509656228125095","0.0058509656228125095","0.0058509656228125095"
"92210","0.007226297631859779","0.007226297631859779","0.007226297631859779"
"92223","0.006836974993348122","0.006836974993348122","0.006836974993348122"
"92227","0.008448630571365356","0.008448630571365356","0.008448630571365356"
"92230","0.009226644411683083","0.009226644411683083","0.009226644411683083"
"92237","0.00644701300188899","0.00644701300188899","0.00644701300188899"
"92242","0.007924957200884819","0.007924957200884819","0.007924957200884819"
"92245","0.011241641826927662","0.011241641826927662","0.011241641826927662"
"92247","0.00879692006856203","0.00879692006856203","0.00879692006856203"
"92248","0.008093470707535744","0.008093470707535744","0.008093470707535744"
"92257","0.006343217566609383","0.006343217566609383","0.006343217566609383"
"92258","0.008683395572006702","0.008683395572006702","0.008683395572006702"
"92260","0.008055639453232288","0.008055639453232288","0.008055639453232288"
"92265","0.006167756859213114","0.006167756859213114","0.006167756859213114"
"92284","0.00951483752578497","0.00951483752578497","0.00951483752578497"
"92293","0.008416274562478065","0.008416274562478065","0.008416274562478065"
"92297","0.00764593156054616","0.00764593156054616","0.00764593156054616"
"92300","0.007033316418528557","0.007033316418528557","0.007033316418528557"
"92309","0.007876467891037464","0.007876467891037464","0.007876467891037464"
"92318","0.009062494151294231","0.009062494151294231","0.009062494151294231"
"92325","0.007310814224183559","0.007310814224183559","0.007310814224183559"
"92326","0.00915425643324852","0.00915425643324852","0.00915425643324852"
"92335","0.007559819146990776","0.007559819146990776","0.007559819146990776"
"92347","0.00694908807054162","0.00694908807054162","0.00694908807054162"
"92356","0.008169202134013176","0.008169202134013176","0.008169202134013176"
"92360","0.008271398022770882","0.008271398022770882","0.008271398022770882"
"92371","0.011730377562344074","0.011730377562344074","0.011730377562344074"
"92373","0.008116859011352062","0.008116859011352062","0.008116859011352062"
"92380","0.008846045471727848","0.008846045471727848","0.008846045471727848"
"92397","0.008772392757236958","0.008772392757236958","0.008772392757236958"
"92417","0.006127391010522842","0.006127391010522842","0.006127391010522842"
"92421","0.008015955798327923","0.008015955798327923","0.008015955798327923"
"92424","0.006547055672854185","0.006547055672854185","0.006547055672854185"
"92429","0.006736217066645622","0.006736217066645622","0.006736217066645622"
"92438","0.00769097451120615","0.00769097451120615","0.00769097451120615"
"92442","0.007409508340060711","0.007409508340060711","0.007409508340060711"
"92456","0.009345156140625477","0.009345156140625477","0.009345156140625477"
"92465","0.007832787930965424","0.007832787930965424","0.007832787930965424"
"92479","0.00899577047675848","0.00899577047675848","0.00899577047675848"
"92493","0.008164588361978531","0.008164588361978531","0.008164588361978531"
"92498","0.008423330262303352","0.008423330262303352","0.008423330262303352"
"92513","0.006336633116006851","0.006336633116006851","0.006336633116006851"
"92530","0.005842185579240322","0.005842185579240322","0.005842185579240322"
"92534","0.008904032409191132","0.008904032409191132","0.008904032409191132"
"92556","0.00788318831473589","0.00788318831473589","0.00788318831473589"
"92557","0.00825654435902834","0.00825654435902834","0.00825654435902834"
"92559","0.008093424141407013","0.008093424141407013","0.008093424141407013"
"92561","0.008664828725159168","0.008664828725159168","0.008664828725159168"
"92567","0.005845875479280949","0.005845875479280949","0.005845875479280949"
"92577","0.0057792505249381065","0.0057792505249381065","0.0057792505249381065"
"92584","0.006636948324739933","0.006636948324739933","0.006636948324739933"
"92590","0.010932765901088715","0.010932765901088715","0.010932765901088715"
"92610","0.0074831824749708176","0.0074831824749708176","0.0074831824749708176"
"92614","0.00866171158850193","0.00866171158850193","0.00866171158850193"
"92620","0.007696888875216246","0.007696888875216246","0.007696888875216246"
"92627","0.008365047164261341","0.008365047164261341","0.008365047164261341"
"92630","0.00984274223446846","0.00984274223446846","0.00984274223446846"
"92635","0.008657658472657204","0.008657658472657204","0.008657658472657204"
"92639","0.0070915864780545235","0.0070915864780545235","0.0070915864780545235"
"92654","0.008629951626062393","0.008629951626062393","0.008629951626062393"
"92661","0.008047759532928467","0.008047759532928467","0.008047759532928467"
"92670","0.007809850387275219","0.007809850387275219","0.007809850387275219"
"92685","0.008584692142903805","0.008584692142903805","0.008584692142903805"
"92687","0.007227814290672541","0.007227814290672541","0.007227814290672541"
"92707","0.006754299625754356","0.006754299625754356","0.006754299625754356"
"92717","0.006451283115893602","0.006451283115893602","0.006451283115893602"
"92733","0.007686513941735029","0.007686513941735029","0.007686513941735029"
"92737","0.006276401225477457","0.006276401225477457","0.006276401225477457"
"92751","0.009973560459911823","0.009973560459911823","0.009973560459911823"
"92792","0.006821237038820982","0.006821237038820982","0.006821237038820982"
"92794","0.006100086495280266","0.006100086495280266","0.006100086495280266"
"92801","0.0064583709463477135","0.0064583709463477135","0.0064583709463477135"
"92819","0.007354578468948603","0.007354578468948603","0.007354578468948603"
"92824","0.007209767587482929","0.007209767587482929","0.007209767587482929"
"92846","0.0068627470172941685","0.0068627470172941685","0.0068627470172941685"
"92852","0.007695951499044895","0.007695951499044895","0.007695951499044895"
"92853","0.007757575251162052","0.007757575251162052","0.007757575251162052"
"92872","0.00840407982468605","0.00840407982468605","0.00840407982468605"
"92904","0.0071737803518772125","0.0071737803518772125","0.0071737803518772125"
"92924","0.007515797391533852","0.007515797391533852","0.007515797391533852"
"92932","0.0070027862675487995","0.0070027862675487995","0.0070027862675487995"
"92938","0.005610680673271418","0.005610680673271418","0.005610680673271418"
"92952","0.005954409018158913","0.005954409018158913","0.005954409018158913"
"92955","0.009675808250904083","0.009675808250904083","0.009675808250904083"
"92957","0.00611046701669693","0.00611046701669693","0.00611046701669693"
"92958","0.007916675880551338","0.007916675880551338","0.007916675880551338"
"92969","0.005508676171302795","0.005508676171302795","0.005508676171302795"
"92974","0.009669611230492592","0.009669611230492592","0.009669611230492592"
"92977","0.007800688035786152","0.007800688035786152","0.007800688035786152"
"92983","0.008019673638045788","0.008019673638045788","0.008019673638045788"
"92992","0.00879634078592062","0.00879634078592062","0.00879634078592062"
"93016","0.008236795663833618","0.008236795663833618","0.008236795663833618"
"93021","0.00884256511926651","0.00884256511926651","0.00884256511926651"
"93029","0.006774193607270718","0.006774193607270718","0.006774193607270718"
"93037","0.010620822198688984","0.010620822198688984","0.010620822198688984"
"93038","0.007881084457039833","0.007881084457039833","0.007881084457039833"
"93061","0.008116106502711773","0.008116106502711773","0.008116106502711773"
"93078","0.006638772320002317","0.006638772320002317","0.006638772320002317"
"93104","0.0062408894300460815","0.0062408894300460815","0.0062408894300460815"
"93113","0.006633645389229059","0.006633645389229059","0.006633645389229059"
"93132","0.0073297531343996525","0.0073297531343996525","0.0073297531343996525"
"93140","0.006091179326176643","0.006091179326176643","0.006091179326176643"
"93142","0.008014264516532421","0.008014264516532421","0.008014264516532421"
"93146","0.008700517937541008","0.008700517937541008","0.008700517937541008"
"93176","0.0078007252886891365","0.0078007252886891365","0.0078007252886891365"
"93191","0.005724871531128883","0.005724871531128883","0.005724871531128883"
"93192","0.005806388799101114","0.005806388799101114","0.005806388799101114"
"93193","0.009724695235490799","0.009724695235490799","0.009724695235490799"
"93217","0.007250816095620394","0.007250816095620394","0.007250816095620394"
"93227","0.006304620765149593","0.006304620765149593","0.006304620765149593"
"93228","0.00526865478605032","0.00526865478605032","0.00526865478605032"
"93230","0.00929784681648016","0.00929784681648016","0.00929784681648016"
"93238","0.00804883986711502","0.00804883986711502","0.00804883986711502"
"93244","0.009445907548069954","0.009445907548069954","0.009445907548069954"
"93250","0.01131848432123661","0.01131848432123661","0.01131848432123661"
"93262","0.008100617676973343","0.008100617676973343","0.008100617676973343"
"93265","0.009629905223846436","0.009629905223846436","0.009629905223846436"
"93271","0.007571976166218519","0.007571976166218519","0.007571976166218519"
"93274","0.008296596817672253","0.008296596817672253","0.008296596817672253"
"93283","0.008380749262869358","0.008380749262869358","0.008380749262869358"
"93287","0.007796758785843849","0.007796758785843849","0.007796758785843849"
"93296","0.007951276376843452","0.007951276376843452","0.007951276376843452"
"93313","0.008722040802240372","0.008722040802240372","0.008722040802240372"
"93315","0.008044539950788021","0.008044539950788021","0.008044539950788021"
"93319","0.006894094869494438","0.006894094869494438","0.006894094869494438"
"93330","0.009850961156189442","0.009850961156189442","0.009850961156189442"
"93333","0.009419284760951996","0.009419284760951996","0.009419284760951996"
"93336","0.008603631518781185","0.008603631518781185","0.008603631518781185"
"93338","0.009818079881370068","0.009818079881370068","0.009818079881370068"
"93345","0.00769489211961627","0.00769489211961627","0.00769489211961627"
"93363","0.007700134534388781","0.007700134534388781","0.007700134534388781"
"93370","0.00988371204584837","0.00988371204584837","0.00988371204584837"
"93387","0.008085562847554684","0.008085562847554684","0.008085562847554684"
"93393","0.004813154228031635","0.004813154228031635","0.004813154228031635"
"93397","0.005777736194431782","0.005777736194431782","0.005777736194431782"
"93407","0.008908286690711975","0.008908286690711975","0.008908286690711975"
"93413","0.007525109685957432","0.007525109685957432","0.007525109685957432"
"93421","0.005357632413506508","0.005357632413506508","0.005357632413506508"
"93428","0.009200096130371094","0.009200096130371094","0.009200096130371094"
"93429","0.009855891577899456","0.009855891577899456","0.009855891577899456"
"93464","0.007735874503850937","0.007735874503850937","0.007735874503850937"
"93475","0.00729616591706872","0.00729616591706872","0.00729616591706872"
"93483","0.007353675551712513","0.007353675551712513","0.007353675551712513"
"93492","0.006827248260378838","0.006827248260378838","0.006827248260378838"
"93504","0.00899308267980814","0.00899308267980814","0.00899308267980814"
"93508","0.007188204675912857","0.007188204675912857","0.007188204675912857"
"93509","0.005463483277708292","0.005463483277708292","0.005463483277708292"
"93514","0.006040588021278381","0.006040588021278381","0.006040588021278381"
"93531","0.007327425759285688","0.007327425759285688","0.007327425759285688"
"93538","0.00758396228775382","0.00758396228775382","0.00758396228775382"
"93550","0.007085497956722975","0.007085497956722975","0.007085497956722975"
"93573","0.006479592528194189","0.006479592528194189","0.006479592528194189"
"93590","0.006268511991947889","0.006268511991947889","0.006268511991947889"
"93602","0.0065613919869065285","0.0065613919869065285","0.0065613919869065285"
"93610","0.009339355863630772","0.009339355863630772","0.009339355863630772"
"93613","0.008800971321761608","0.008800971321761608","0.008800971321761608"
"93622","0.0066833533346652985","0.0066833533346652985","0.0066833533346652985"
"93644","0.008481013588607311","0.008481013588607311","0.008481013588607311"
"93648","0.00820913165807724","0.00820913165807724","0.00820913165807724"
"93675","0.006220029201358557","0.006220029201358557","0.006220029201358557"
"93693","0.00876370258629322","0.00876370258629322","0.00876370258629322"
"93702","0.006395512726157904","0.006395512726157904","0.006395512726157904"
"93743","0.005842066835612059","0.005842066835612059","0.005842066835612059"
"93750","0.0061686281114816666","0.0061686281114816666","0.0061686281114816666"
"93756","0.00756444176658988","0.00756444176658988","0.00756444176658988"
"93761","0.007008281536400318","0.007008281536400318","0.007008281536400318"
"93767","0.00856424868106842","0.00856424868106842","0.00856424868106842"
"93769","0.009188246913254261","0.009188246913254261","0.009188246913254261"
"93779","0.008331983350217342","0.008331983350217342","0.008331983350217342"
"93782","0.008816681802272797","0.008816681802272797","0.008816681802272797"
"93785","0.009334337897598743","0.009334337897598743","0.009334337897598743"
"93795","0.00813732948154211","0.00813732948154211","0.00813732948154211"
"93804","0.009640414267778397","0.009640414267778397","0.009640414267778397"
"93805","0.011938480660319328","0.011938480660319328","0.011938480660319328"
"93812","0.009110826998949051","0.009110826998949051","0.009110826998949051"
"93816","0.007690619211643934","0.007690619211643934","0.007690619211643934"
"93820","0.009937579743564129","0.009937579743564129","0.009937579743564129"
"93829","0.00954801868647337","0.00954801868647337","0.00954801868647337"
"93853","0.00894156377762556","0.00894156377762556","0.00894156377762556"
"93854","0.00725859310477972","0.00725859310477972","0.00725859310477972"
"93859","0.006762339733541012","0.006762339733541012","0.006762339733541012"
"93870","0.00861381646245718","0.00861381646245718","0.00861381646245718"
"93875","0.007298137992620468","0.007298137992620468","0.007298137992620468"
"93876","0.007213459815829992","0.007213459815829992","0.007213459815829992"
"93890","0.00947913434356451","0.00947913434356451","0.00947913434356451"
"93893","0.007328483276069164","0.007328483276069164","0.007328483276069164"
"93905","0.0065513234585523605","0.0065513234585523605","0.0065513234585523605"
"93917","0.0068209427408874035","0.0068209427408874035","0.0068209427408874035"
"93924","0.009276819415390491","0.009276819415390491","0.009276819415390491"
"93944","0.007399728987365961","0.007399728987365961","0.007399728987365961"
"93945","0.007466665003448725","0.007466665003448725","0.007466665003448725"
"93962","0.006398763973265886","0.006398763973265886","0.006398763973265886"
"93964","0.005532074719667435","0.005532074719667435","0.005532074719667435"
"93968","0.005494886077940464","0.005494886077940464","0.005494886077940464"
"93971","0.0053452253341674805","0.0053452253341674805","0.0053452253341674805"
"93972","0.009166021831333637","0.009166021831333637","0.009166021831333637"
"93994","0.010080120526254177","0.010080120526254177","0.010080120526254177"
"94005","0.00743011524900794","0.00743011524900794","0.00743011524900794"
"94026","0.0060985698364675045","0.0060985698364675045","0.0060985698364675045"
"94037","0.007230166811496019","0.007230166811496019","0.007230166811496019"
"94052","0.007246232125908136","0.007246232125908136","0.007246232125908136"
"94055","0.006955550517886877","0.006955550517886877","0.006955550517886877"
"94058","0.010053076781332493","0.010053076781332493","0.010053076781332493"
"94077","0.008644083514809608","0.008644083514809608","0.008644083514809608"
"94079","0.008955930359661579","0.008955930359661579","0.008955930359661579"
"94080","0.008229091763496399","0.008229091763496399","0.008229091763496399"
"94117","0.008599291555583477","0.008599291555583477","0.008599291555583477"
"94119","0.006757702678442001","0.006757702678442001","0.006757702678442001"
"94129","0.008633771911263466","0.008633771911263466","0.008633771911263466"
"94151","0.007563246879726648","0.007563246879726648","0.007563246879726648"
"94174","0.008418617770075798","0.008418617770075798","0.008418617770075798"
"94175","0.00749767292290926","0.00749767292290926","0.00749767292290926"
"94195","0.0064038243144750595","0.0064038243144750595","0.0064038243144750595"
"94212","0.006846729665994644","0.006846729665994644","0.006846729665994644"
"94215","0.007538225501775742","0.007538225501775742","0.007538225501775742"
"94217","0.007440791931003332","0.007440791931003332","0.007440791931003332"
"94232","0.006627904716879129","0.006627904716879129","0.006627904716879129"
"94237","0.008073383010923862","0.008073383010923862","0.008073383010923862"
"94241","0.0058145709335803986","0.0058145709335803986","0.0058145709335803986"
"94285","0.00741058774292469","0.00741058774292469","0.00741058774292469"
"94292","0.008414844051003456","0.008414844051003456","0.008414844051003456"
"94293","0.008497861213982105","0.008497861213982105","0.008497861213982105"
"94294","0.00697357440367341","0.00697357440367341","0.00697357440367341"
"94351","0.0093579962849617","0.0093579962849617","0.0093579962849617"
"94360","0.005971598904579878","0.005971598904579878","0.005971598904579878"
"94445","0.0088184280321002","0.0088184280321002","0.0088184280321002"
"94446","0.009073562920093536","0.009073562920093536","0.009073562920093536"
"94451","0.009012177586555481","0.009012177586555481","0.009012177586555481"
"94453","0.008344396948814392","0.008344396948814392","0.008344396948814392"
"94501","0.00788569450378418","0.00788569450378418","0.00788569450378418"
"94509","0.004731857683509588","0.004731857683509588","0.004731857683509588"
"94521","0.007371935527771711","0.007371935527771711","0.007371935527771711"
"94522","0.008133119903504848","0.008133119903504848","0.008133119903504848"
"94569","0.0065019624307751656","0.0065019624307751656","0.0065019624307751656"
"94581","0.006582603324204683","0.006582603324204683","0.006582603324204683"
"94607","0.006292723584920168","0.006292723584920168","0.006292723584920168"
"94621","0.00855992641299963","0.00855992641299963","0.00855992641299963"
"94629","0.008086333982646465","0.008086333982646465","0.008086333982646465"
"94646","0.007144824601709843","0.007144824601709843","0.007144824601709843"
"94658","0.007030897308140993","0.007030897308140993","0.007030897308140993"
"94672","0.008231478743255138","0.008231478743255138","0.008231478743255138"
"94689","0.007373999338597059","0.007373999338597059","0.007373999338597059"
"94695","0.007481662556529045","0.007481662556529045","0.007481662556529045"
"94705","0.007791031617671251","0.007791031617671251","0.007791031617671251"
"94706","0.006960696540772915","0.006960696540772915","0.006960696540772915"
"94723","0.007663459982722998","0.007663459982722998","0.007663459982722998"
"94756","0.008675881661474705","0.008675881661474705","0.008675881661474705"
"94767","0.009702147915959358","0.009702147915959358","0.009702147915959358"
"94785","0.008714343421161175","0.008714343421161175","0.008714343421161175"
"94795","0.006345788016915321","0.006345788016915321","0.006345788016915321"
"94813","0.007677128538489342","0.007677128538489342","0.007677128538489342"
"94818","0.006658070720732212","0.006658070720732212","0.006658070720732212"
"94824","0.007973778992891312","0.007973778992891312","0.007973778992891312"
"94832","0.008516862988471985","0.008516862988471985","0.008516862988471985"
"94837","0.007879252545535564","0.007879252545535564","0.007879252545535564"
"94843","0.006208706647157669","0.006208706647157669","0.006208706647157669"
"94862","0.00860621314495802","0.00860621314495802","0.00860621314495802"
"94876","0.007301156409084797","0.007301156409084797","0.007301156409084797"
"94878","0.005583388730883598","0.005583388730883598","0.005583388730883598"
"94889","0.008502824231982231","0.008502824231982231","0.008502824231982231"
"94895","0.007645951118320227","0.007645951118320227","0.007645951118320227"
"94899","0.00702145928516984","0.00702145928516984","0.00702145928516984"
"94911","0.006713899318128824","0.006713899318128824","0.006713899318128824"
"94913","0.007463855668902397","0.007463855668902397","0.007463855668902397"
"94924","0.005739114712923765","0.005739114712923765","0.005739114712923765"
"94934","0.010861453600227833","0.010861453600227833","0.010861453600227833"
"94942","0.007418399676680565","0.007418399676680565","0.007418399676680565"
"94956","0.006572519429028034","0.006572519429028034","0.006572519429028034"
"94963","0.009040679782629013","0.009040679782629013","0.009040679782629013"
"94977","0.007766187656670809","0.007766187656670809","0.007766187656670809"
"94978","0.008818605914711952","0.008818605914711952","0.008818605914711952"
"94979","0.009151021018624306","0.009151021018624306","0.009151021018624306"
"94987","0.00623018853366375","0.00623018853366375","0.00623018853366375"
"94988","0.010148007422685623","0.010148007422685623","0.010148007422685623"
"95001","0.008678020909428596","0.008678020909428596","0.008678020909428596"
"95004","0.007168564945459366","0.007168564945459366","0.007168564945459366"
"95010","0.007568798493593931","0.007568798493593931","0.007568798493593931"
"95020","0.0072287037037312984","0.0072287037037312984","0.0072287037037312984"
"95023","0.008414075709879398","0.008414075709879398","0.008414075709879398"
"95025","0.007730350363999605","0.007730350363999605","0.007730350363999605"
"95033","0.007915486581623554","0.007915486581623554","0.007915486581623554"
"95048","0.00693290401250124","0.00693290401250124","0.00693290401250124"
"95075","0.008119551464915276","0.008119551464915276","0.008119551464915276"
"95076","0.009578355588018894","0.009578355588018894","0.009578355588018894"
"95086","0.006646352354437113","0.006646352354437113","0.006646352354437113"
"95090","0.01003770437091589","0.01003770437091589","0.01003770437091589"
"95117","0.006070490926504135","0.006070490926504135","0.006070490926504135"
"95124","0.006907064933329821","0.006907064933329821","0.006907064933329821"
"95128","0.006769248284399509","0.006769248284399509","0.006769248284399509"
"95143","0.005908859893679619","0.005908859893679619","0.005908859893679619"
"95149","0.010238198563456535","0.010238198563456535","0.010238198563456535"
"95160","0.007567205931991339","0.007567205931991339","0.007567205931991339"
"95165","0.008392433635890484","0.008392433635890484","0.008392433635890484"
"95169","0.008214972913265228","0.008214972913265228","0.008214972913265228"
"95175","0.007722846698015928","0.007722846698015928","0.007722846698015928"
"95183","0.008132429793477058","0.008132429793477058","0.008132429793477058"
"95205","0.00935874879360199","0.00935874879360199","0.00935874879360199"
"95209","0.007618010509759188","0.007618010509759188","0.007618010509759188"
"95213","0.008731633424758911","0.008731633424758911","0.008731633424758911"
"95239","0.007441442925482988","0.007441442925482988","0.007441442925482988"
"95244","0.008006398566067219","0.008006398566067219","0.008006398566067219"
"95261","0.00817286130040884","0.00817286130040884","0.00817286130040884"
"95264","0.007595954462885857","0.007595954462885857","0.007595954462885857"
"95284","0.006021854002028704","0.006021854002028704","0.006021854002028704"
"95328","0.006868183147162199","0.006868183147162199","0.006868183147162199"
"95340","0.0073045347817242146","0.0073045347817242146","0.0073045347817242146"
"95342","0.008892500773072243","0.008892500773072243","0.008892500773072243"
"95343","0.010201133787631989","0.010201133787631989","0.010201133787631989"
"95380","0.007352914661169052","0.007352914661169052","0.007352914661169052"
"95385","0.00927977729588747","0.00927977729588747","0.00927977729588747"
"95386","0.007955635897815228","0.007955635897815228","0.007955635897815228"
"95397","0.00850635301321745","0.00850635301321745","0.00850635301321745"
"95402","0.00968439131975174","0.00968439131975174","0.00968439131975174"
"95403","0.008203137665987015","0.008203137665987015","0.008203137665987015"
"95409","0.00681842677295208","0.00681842677295208","0.00681842677295208"
"95424","0.006116507574915886","0.006116507574915886","0.006116507574915886"
"95436","0.0078068445436656475","0.0078068445436656475","0.0078068445436656475"
"95437","0.011645629070699215","0.011645629070699215","0.011645629070699215"
"95470","0.009338383562862873","0.009338383562862873","0.009338383562862873"
"95477","0.008338709361851215","0.008338709361851215","0.008338709361851215"
"95484","0.007480367086827755","0.007480367086827755","0.007480367086827755"
"95487","0.0072841886430978775","0.0072841886430978775","0.0072841886430978775"
"95509","0.006868209224194288","0.006868209224194288","0.006868209224194288"
"95515","0.006590244360268116","0.006590244360268116","0.006590244360268116"
"95524","0.009670629166066647","0.009670629166066647","0.009670629166066647"
"95540","0.008177148178219795","0.008177148178219795","0.008177148178219795"
"95555","0.00887962058186531","0.00887962058186531","0.00887962058186531"
"95557","0.00843115895986557","0.00843115895986557","0.00843115895986557"
"95583","0.006704563274979591","0.006704563274979591","0.006704563274979591"
"95590","0.0073409611359238625","0.0073409611359238625","0.0073409611359238625"
"95594","0.00903304573148489","0.00903304573148489","0.00903304573148489"
"95596","0.006025795824825764","0.006025795824825764","0.006025795824825764"
"95597","0.010289150290191174","0.010289150290191174","0.010289150290191174"
"95598","0.007892042398452759","0.007892042398452759","0.007892042398452759"
"95609","0.007118763402104378","0.007118763402104378","0.007118763402104378"
"95625","0.00921960361301899","0.00921960361301899","0.00921960361301899"
"95631","0.006893937475979328","0.006893937475979328","0.006893937475979328"
"95637","0.007793046068400145","0.007793046068400145","0.007793046068400145"
"95641","0.009818038903176785","0.009818038903176785","0.009818038903176785"
"95655","0.005658923648297787","0.005658923648297787","0.005658923648297787"
"95656","0.005710429046303034","0.005710429046303034","0.005710429046303034"
"95657","0.00723647978156805","0.00723647978156805","0.00723647978156805"
"95665","0.007962626405060291","0.007962626405060291","0.007962626405060291"
"95667","0.00805674772709608","0.00805674772709608","0.00805674772709608"
"95678","0.006112478207796812","0.006112478207796812","0.006112478207796812"
"95688","0.0061667123809456825","0.0061667123809456825","0.0061667123809456825"
"95690","0.00610847445204854","0.00610847445204854","0.00610847445204854"
"95727","0.0062431455589830875","0.0062431455589830875","0.0062431455589830875"
"95742","0.00680949492380023","0.00680949492380023","0.00680949492380023"
"95745","0.008242696523666382","0.008242696523666382","0.008242696523666382"
"95747","0.009193618781864643","0.009193618781864643","0.009193618781864643"
"95751","0.007216769270598888","0.007216769270598888","0.007216769270598888"
"95752","0.005336258094757795","0.005336258094757795","0.005336258094757795"
"95753","0.009982376359403133","0.009982376359403133","0.009982376359403133"
"95754","0.008272925391793251","0.008272925391793251","0.008272925391793251"
"95763","0.00939287431538105","0.00939287431538105","0.00939287431538105"
"95785","0.0067594838328659534","0.0067594838328659534","0.0067594838328659534"
"95793","0.005593287292867899","0.005593287292867899","0.005593287292867899"
"95796","0.011088894680142403","0.011088894680142403","0.011088894680142403"
"95805","0.010000474750995636","0.010000474750995636","0.010000474750995636"
"95809","0.009484592825174332","0.009484592825174332","0.009484592825174332"
"95819","0.009113671258091927","0.009113671258091927","0.009113671258091927"
"95821","0.010073589161038399","0.010073589161038399","0.010073589161038399"
"95830","0.008782031014561653","0.008782031014561653","0.008782031014561653"
"95847","0.008688065223395824","0.008688065223395824","0.008688065223395824"
"95851","0.008598805405199528","0.008598805405199528","0.008598805405199528"
"95855","0.007349372375756502","0.007349372375756502","0.007349372375756502"
"95858","0.006216058041900396","0.006216058041900396","0.006216058041900396"
"95863","0.008463730104267597","0.008463730104267597","0.008463730104267597"
"95865","0.00829157792031765","0.00829157792031765","0.00829157792031765"
"95893","0.009044636972248554","0.009044636972248554","0.009044636972248554"
"95903","0.006766225676983595","0.006766225676983595","0.006766225676983595"
"95929","0.004821543116122484","0.004821543116122484","0.004821543116122484"
"95947","0.007563974242657423","0.007563974242657423","0.007563974242657423"
"95951","0.005047565791755915","0.005047565791755915","0.005047565791755915"
"95953","0.00824720598757267","0.00824720598757267","0.00824720598757267"
"95971","0.005379468202590942","0.005379468202590942","0.005379468202590942"
"95976","0.007180145941674709","0.007180145941674709","0.007180145941674709"
"95979","0.00702747143805027","0.00702747143805027","0.00702747143805027"
"95982","0.008486044593155384","0.008486044593155384","0.008486044593155384"
"95987","0.007392030209302902","0.007392030209302902","0.007392030209302902"
"96012","0.00850349199026823","0.00850349199026823","0.00850349199026823"
"96018","0.005161579232662916","0.005161579232662916","0.005161579232662916"
"96026","0.007844576612114906","0.007844576612114906","0.007844576612114906"
"96037","0.00513723399490118","0.00513723399490118","0.00513723399490118"
"96041","0.008180070668458939","0.008180070668458939","0.008180070668458939"
"96044","0.008650422096252441","0.008650422096252441","0.008650422096252441"
"96046","0.008285975083708763","0.008285975083708763","0.008285975083708763"
"96057","0.009293238632380962","0.009293238632380962","0.009293238632380962"
"96071","0.0072725568898022175","0.0072725568898022175","0.0072725568898022175"
"96086","0.009698467329144478","0.009698467329144478","0.009698467329144478"
"96087","0.008091109804809093","0.008091109804809093","0.008091109804809093"
"96091","0.007766040973365307","0.007766040973365307","0.007766040973365307"
"96102","0.00729305949062109","0.00729305949062109","0.00729305949062109"
"96134","0.0096689248457551","0.0096689248457551","0.0096689248457551"
"96162","0.007634312380105257","0.007634312380105257","0.007634312380105257"
"96164","0.005858020391315222","0.005858020391315222","0.005858020391315222"
"96179","0.0076616741716861725","0.0076616741716861725","0.0076616741716861725"
"96187","0.008138286881148815","0.008138286881148815","0.008138286881148815"
"96208","0.006630090065300465","0.006630090065300465","0.006630090065300465"
"96209","0.009691089391708374","0.009691089391708374","0.009691089391708374"
"96216","0.006465557962656021","0.006465557962656021","0.006465557962656021"
"96217","0.005792493000626564","0.005792493000626564","0.005792493000626564"
"96223","0.008990751579403877","0.008990751579403877","0.008990751579403877"
"96225","0.007061696145683527","0.007061696145683527","0.007061696145683527"
"96227","0.009703496471047401","0.009703496471047401","0.009703496471047401"
"96229","0.009529441595077515","0.009529441595077515","0.009529441595077515"
"96230","0.00650067301467061","0.00650067301467061","0.00650067301467061"
"96260","0.007068915292620659","0.007068915292620659","0.007068915292620659"
"96276","0.008201045915484428","0.008201045915484428","0.008201045915484428"
"96291","0.00750022241845727","0.00750022241845727","0.00750022241845727"
"96293","0.006780026480555534","0.006780026480555534","0.006780026480555534"
"96297","0.007046529091894627","0.007046529091894627","0.007046529091894627"
"96300","0.007474689744412899","0.007474689744412899","0.007474689744412899"
"96301","0.009670102037489414","0.009670102037489414","0.009670102037489414"
"96307","0.005733156111091375","0.005733156111091375","0.005733156111091375"
"96308","0.006586017087101936","0.006586017087101936","0.006586017087101936"
"96339","0.007501381449401379","0.007501381449401379","0.007501381449401379"
"96345","0.008517065085470676","0.008517065085470676","0.008517065085470676"
"96352","0.007073564454913139","0.007073564454913139","0.007073564454913139"
"96358","0.008910457603633404","0.008910457603633404","0.008910457603633404"
"96361","0.009927789680659771","0.009927789680659771","0.009927789680659771"
"96380","0.006378171965479851","0.006378171965479851","0.006378171965479851"
"96389","0.006615550257265568","0.006615550257265568","0.006615550257265568"
"96400","0.00861937552690506","0.00861937552690506","0.00861937552690506"
"96404","0.008135739713907242","0.008135739713907242","0.008135739713907242"
"96413","0.006979364901781082","0.006979364901781082","0.006979364901781082"
"96462","0.009716982953250408","0.009716982953250408","0.009716982953250408"
"96470","0.006885529030114412","0.006885529030114412","0.006885529030114412"
"96487","0.006308373063802719","0.006308373063802719","0.006308373063802719"
"96488","0.007593660149723291","0.007593660149723291","0.007593660149723291"
"96497","0.006404503248631954","0.006404503248631954","0.006404503248631954"
"96521","0.008063693530857563","0.008063693530857563","0.008063693530857563"
"96525","0.008309902623295784","0.008309902623295784","0.008309902623295784"
"96529","0.008448751643300056","0.008448751643300056","0.008448751643300056"
"96540","0.007782828062772751","0.007782828062772751","0.007782828062772751"
"96568","0.00820997729897499","0.00820997729897499","0.00820997729897499"
"96569","0.008942755870521069","0.008942755870521069","0.008942755870521069"
"96575","0.008815664798021317","0.008815664798021317","0.008815664798021317"
"96577","0.007924811914563179","0.007924811914563179","0.007924811914563179"
"96581","0.007366018369793892","0.007366018369793892","0.007366018369793892"
"96582","0.007971777580678463","0.007971777580678463","0.007971777580678463"
"96589","0.006111616734415293","0.006111616734415293","0.006111616734415293"
"96591","0.010281129740178585","0.010281129740178585","0.010281129740178585"
"96598","0.005305673461407423","0.005305673461407423","0.005305673461407423"
"96604","0.00712373573333025","0.00712373573333025","0.00712373573333025"
"96616","0.009148769080638885","0.009148769080638885","0.009148769080638885"
"96619","0.007068621460348368","0.007068621460348368","0.007068621460348368"
"96634","0.007379696238785982","0.007379696238785982","0.007379696238785982"
"96640","0.009048891253769398","0.009048891253769398","0.009048891253769398"
"96642","0.007548837456852198","0.007548837456852198","0.007548837456852198"
"96656","0.008736618794500828","0.008736618794500828","0.008736618794500828"
"96662","0.006925112102180719","0.006925112102180719","0.006925112102180719"
"96669","0.007652045227587223","0.007652045227587223","0.007652045227587223"
"96672","0.008169406093657017","0.008169406093657017","0.008169406093657017"
"96676","0.008321323432028294","0.008321323432028294","0.008321323432028294"
"96691","0.008636469952762127","0.008636469952762127","0.008636469952762127"
"96694","0.0075753736309707165","0.0075753736309707165","0.0075753736309707165"
"96702","0.007357762660831213","0.007357762660831213","0.007357762660831213"
"96709","0.006975644268095493","0.006975644268095493","0.006975644268095493"
"96710","0.008866825141012669","0.008866825141012669","0.008866825141012669"
"96730","0.006425858940929174","0.006425858940929174","0.006425858940929174"
"96746","0.00800406001508236","0.00800406001508236","0.00800406001508236"
"96747","0.0062756622210145","0.0062756622210145","0.0062756622210145"
"96759","0.010095312260091305","0.010095312260091305","0.010095312260091305"
"96784","0.007705086842179298","0.007705086842179298","0.007705086842179298"
"96789","0.008077348582446575","0.008077348582446575","0.008077348582446575"
"96791","0.007092323619872332","0.007092323619872332","0.007092323619872332"
"96792","0.007978972047567368","0.007978972047567368","0.007978972047567368"
"96839","0.008398938924074173","0.008398938924074173","0.008398938924074173"
"96860","0.007771854288876057","0.007771854288876057","0.007771854288876057"
"96862","0.00930402334779501","0.00930402334779501","0.00930402334779501"
"96872","0.0101546049118042","0.0101546049118042","0.0101546049118042"
"96899","0.007816076278686523","0.007816076278686523","0.007816076278686523"
"96900","0.00816410593688488","0.00816410593688488","0.00816410593688488"
"96907","0.00663865078240633","0.00663865078240633","0.00663865078240633"
"96915","0.0056312792003154755","0.0056312792003154755","0.0056312792003154755"
"96920","0.008248589932918549","0.008248589932918549","0.008248589932918549"
"96927","0.007224182598292828","0.007224182598292828","0.007224182598292828"
"96945","0.006852935999631882","0.006852935999631882","0.006852935999631882"
"96953","0.008986803703010082","0.008986803703010082","0.008986803703010082"
"96956","0.007422239053994417","0.007422239053994417","0.007422239053994417"
"96962","0.009102645330131054","0.009102645330131054","0.009102645330131054"
"96986","0.010252428241074085","0.010252428241074085","0.010252428241074085"
"96988","0.006308270618319511","0.006308270618319511","0.006308270618319511"
"96995","0.007626751437783241","0.007626751437783241","0.007626751437783241"
"96998","0.009254390373826027","0.009254390373826027","0.009254390373826027"
"97003","0.004927480593323708","0.004927480593323708","0.004927480593323708"
"97010","0.00718500092625618","0.00718500092625618","0.00718500092625618"
"97033","0.008233411237597466","0.008233411237597466","0.008233411237597466"
"97034","0.009479494765400887","0.009479494765400887","0.009479494765400887"
"97037","0.009448432363569736","0.009448432363569736","0.009448432363569736"
"97042","0.006678604520857334","0.006678604520857334","0.006678604520857334"
"97053","0.00887762475758791","0.00887762475758791","0.00887762475758791"
"97061","0.0075689866207540035","0.0075689866207540035","0.0075689866207540035"
"97077","0.009017144329845905","0.009017144329845905","0.009017144329845905"
"97081","0.006241180002689362","0.006241180002689362","0.006241180002689362"
"97082","0.006482893135398626","0.006482893135398626","0.006482893135398626"
"97089","0.011247818358242512","0.011247818358242512","0.011247818358242512"
"97092","0.007894369773566723","0.007894369773566723","0.007894369773566723"
"97115","0.00902014970779419","0.00902014970779419","0.00902014970779419"
"97139","0.00834063719958067","0.00834063719958067","0.00834063719958067"
"97172","0.008444270119071007","0.008444270119071007","0.008444270119071007"
"97173","0.007252992130815983","0.007252992130815983","0.007252992130815983"
"97193","0.007638745475560427","0.007638745475560427","0.007638745475560427"
"97196","0.006163657642900944","0.006163657642900944","0.006163657642900944"
"97197","0.006320951506495476","0.006320951506495476","0.006320951506495476"
"97219","0.007053939625620842","0.007053939625620842","0.007053939625620842"
"97225","0.006520893890410662","0.006520893890410662","0.006520893890410662"
"97230","0.006821388378739357","0.006821388378739357","0.006821388378739357"
"97238","0.00723091559484601","0.00723091559484601","0.00723091559484601"
"97239","0.008191939443349838","0.008191939443349838","0.008191939443349838"
"97257","0.006972814444452524","0.006972814444452524","0.006972814444452524"
"97267","0.008302069269120693","0.008302069269120693","0.008302069269120693"
"97282","0.008930878713726997","0.008930878713726997","0.008930878713726997"
"97284","0.008095395751297474","0.008095395751297474","0.008095395751297474"
"97298","0.007805933244526386","0.007805933244526386","0.007805933244526386"
"97304","0.006977884564548731","0.006977884564548731","0.006977884564548731"
"97321","0.005081875715404749","0.005081875715404749","0.005081875715404749"
"97326","0.008217289112508297","0.008217289112508297","0.008217289112508297"
"97333","0.0067669362761080265","0.0067669362761080265","0.0067669362761080265"
"97338","0.008026573807001114","0.008026573807001114","0.008026573807001114"
"97342","0.009523197077214718","0.009523197077214718","0.009523197077214718"
"97346","0.008885546587407589","0.008885546587407589","0.008885546587407589"
"97348","0.008630087599158287","0.008630087599158287","0.008630087599158287"
"97349","0.006573017220944166","0.006573017220944166","0.006573017220944166"
"97351","0.009349904023110867","0.009349904023110867","0.009349904023110867"
"97353","0.007439750246703625","0.007439750246703625","0.007439750246703625"
"97354","0.006752303335815668","0.006752303335815668","0.006752303335815668"
"97360","0.008519914932549","0.008519914932549","0.008519914932549"
"97367","0.009783362038433552","0.009783362038433552","0.009783362038433552"
"97375","0.00646232720464468","0.00646232720464468","0.00646232720464468"
"97380","0.007684044074267149","0.007684044074267149","0.007684044074267149"
"97411","0.007756819017231464","0.007756819017231464","0.007756819017231464"
"97414","0.007476447150111198","0.007476447150111198","0.007476447150111198"
"97417","0.007168782874941826","0.007168782874941826","0.007168782874941826"
"97431","0.008094334043562412","0.008094334043562412","0.008094334043562412"
"97462","0.00673903850838542","0.00673903850838542","0.00673903850838542"
"97469","0.0067405374720692635","0.0067405374720692635","0.0067405374720692635"
"97475","0.00951229315251112","0.00951229315251112","0.00951229315251112"
"97480","0.009889204055070877","0.009889204055070877","0.009889204055070877"
"97487","0.008460893295705318","0.008460893295705318","0.008460893295705318"
"97491","0.0083930604159832","0.0083930604159832","0.0083930604159832"
"97494","0.008702084422111511","0.008702084422111511","0.008702084422111511"
"97495","0.007047918625175953","0.007047918625175953","0.007047918625175953"
"97496","0.008929096162319183","0.008929096162319183","0.008929096162319183"
"97506","0.00758781936019659","0.00758781936019659","0.00758781936019659"
"97520","0.007254303433001041","0.007254303433001041","0.007254303433001041"
"97522","0.005591218359768391","0.005591218359768391","0.005591218359768391"
"97528","0.007799984887242317","0.007799984887242317","0.007799984887242317"
"97534","0.009950150735676289","0.009950150735676289","0.009950150735676289"
"97540","0.006982734892517328","0.006982734892517328","0.006982734892517328"
"97544","0.008762430399656296","0.008762430399656296","0.008762430399656296"
"97567","0.006994377821683884","0.006994377821683884","0.006994377821683884"
"97590","0.006455239374190569","0.006455239374190569","0.006455239374190569"
"97602","0.006370865739881992","0.006370865739881992","0.006370865739881992"
"97623","0.004856992978602648","0.004856992978602648","0.004856992978602648"
"97644","0.008279688656330109","0.008279688656330109","0.008279688656330109"
"97651","0.007053152192384005","0.007053152192384005","0.007053152192384005"
"97657","0.007162644062191248","0.007162644062191248","0.007162644062191248"
"97703","0.007344744633883238","0.007344744633883238","0.007344744633883238"
"97705","0.009237690828740597","0.009237690828740597","0.009237690828740597"
"97711","0.007311638910323381","0.007311638910323381","0.007311638910323381"
"97718","0.008215059526264668","0.008215059526264668","0.008215059526264668"
"97727","0.0071630398742854595","0.0071630398742854595","0.0071630398742854595"
"97746","0.005771821364760399","0.005771821364760399","0.005771821364760399"
"97764","0.007264955900609493","0.007264955900609493","0.007264955900609493"
"97769","0.00747650908306241","0.00747650908306241","0.00747650908306241"
"97772","0.00834182184189558","0.00834182184189558","0.00834182184189558"
"97780","0.006198393180966377","0.006198393180966377","0.006198393180966377"
"97781","0.007248419336974621","0.007248419336974621","0.007248419336974621"
"97787","0.010741629637777805","0.010741629637777805","0.010741629637777805"
"97794","0.006894164718687534","0.006894164718687534","0.006894164718687534"
"97797","0.008319258689880371","0.008319258689880371","0.008319258689880371"
"97802","0.008801366202533245","0.008801366202533245","0.008801366202533245"
"97818","0.005551853682845831","0.005551853682845831","0.005551853682845831"
"97827","0.008375712670385838","0.008375712670385838","0.008375712670385838"
"97828","0.0073379334062337875","0.0073379334062337875","0.0073379334062337875"
"97838","0.009952916763722897","0.009952916763722897","0.009952916763722897"
"97862","0.00765271158888936","0.00765271158888936","0.00765271158888936"
"97871","0.004631927702575922","0.004631927702575922","0.004631927702575922"
"97877","0.007698028348386288","0.007698028348386288","0.007698028348386288"
"97916","0.006451081018894911","0.006451081018894911","0.006451081018894911"
"97917","0.007331150583922863","0.007331150583922863","0.007331150583922863"
"97922","0.006184748839586973","0.006184748839586973","0.006184748839586973"
"97923","0.007968378253281116","0.007968378253281116","0.007968378253281116"
"97933","0.006712493486702442","0.006712493486702442","0.006712493486702442"
"97941","0.007733360398560762","0.007733360398560762","0.007733360398560762"
"97943","0.007059208583086729","0.007059208583086729","0.007059208583086729"
"97986","0.007246996741741896","0.007246996741741896","0.007246996741741896"
"98001","0.008039512671530247","0.008039512671530247","0.008039512671530247"
"98018","0.007932372391223907","0.007932372391223907","0.007932372391223907"
"98055","0.010370551608502865","0.010370551608502865","0.010370551608502865"
"98062","0.00803697295486927","0.00803697295486927","0.00803697295486927"
"98083","0.008625238202512264","0.008625238202512264","0.008625238202512264"
"98087","0.011645159684121609","0.011645159684121609","0.011645159684121609"
"98094","0.008051161654293537","0.008051161654293537","0.008051161654293537"
"98096","0.008591560646891594","0.008591560646891594","0.008591560646891594"
"98100","0.01167445071041584","0.01167445071041584","0.01167445071041584"
"98105","0.007117212284356356","0.007117212284356356","0.007117212284356356"
"98131","0.005923108663409948","0.005923108663409948","0.005923108663409948"
"98134","0.006680120248347521","0.006680120248347521","0.006680120248347521"
"98141","0.009533523581922054","0.009533523581922054","0.009533523581922054"
"98148","0.006968905217945576","0.006968905217945576","0.006968905217945576"
"98151","0.008562436327338219","0.008562436327338219","0.008562436327338219"
"98181","0.007498275954276323","0.007498275954276323","0.007498275954276323"
"98186","0.008164092898368835","0.008164092898368835","0.008164092898368835"
"98193","0.006759779993444681","0.006759779993444681","0.006759779993444681"
"98197","0.0072701964527368546","0.0072701964527368546","0.0072701964527368546"
"98207","0.00553140277042985","0.00553140277042985","0.00553140277042985"
"98214","0.009037339128553867","0.009037339128553867","0.009037339128553867"
"98229","0.009771657176315784","0.009771657176315784","0.009771657176315784"
"98231","0.009354214183986187","0.009354214183986187","0.009354214183986187"
"98245","0.01101478561758995","0.01101478561758995","0.01101478561758995"
"98246","0.008323220536112785","0.008323220536112785","0.008323220536112785"
"98253","0.0087018683552742","0.0087018683552742","0.0087018683552742"
"98255","0.009469759650528431","0.009469759650528431","0.009469759650528431"
"98258","0.010130378417670727","0.010130378417670727","0.010130378417670727"
"98262","0.008663385175168514","0.008663385175168514","0.008663385175168514"
"98278","0.010365771129727364","0.010365771129727364","0.010365771129727364"
"98279","0.00799522828310728","0.00799522828310728","0.00799522828310728"
"98309","0.00821426697075367","0.00821426697075367","0.00821426697075367"
"98336","0.008742786943912506","0.008742786943912506","0.008742786943912506"
"98341","0.007228981703519821","0.007228981703519821","0.007228981703519821"
"98345","0.007825084961950779","0.007825084961950779","0.007825084961950779"
"98346","0.007397075183689594","0.007397075183689594","0.007397075183689594"
"98361","0.00836184062063694","0.00836184062063694","0.00836184062063694"
"98373","0.006333733443170786","0.006333733443170786","0.006333733443170786"
"98396","0.008263036608695984","0.008263036608695984","0.008263036608695984"
"98398","0.005022719502449036","0.005022719502449036","0.005022719502449036"
"98401","0.005371530074626207","0.005371530074626207","0.005371530074626207"
"98408","0.009013334289193153","0.009013334289193153","0.009013334289193153"
"98426","0.007685706485062838","0.007685706485062838","0.007685706485062838"
"98430","0.007148340810090303","0.007148340810090303","0.007148340810090303"
"98446","0.006951844785362482","0.006951844785362482","0.006951844785362482"
"98449","0.009153993800282478","0.009153993800282478","0.009153993800282478"
"98451","0.006578962784260511","0.006578962784260511","0.006578962784260511"
"98479","0.007923660799860954","0.007923660799860954","0.007923660799860954"
"98482","0.005682932212948799","0.005682932212948799","0.005682932212948799"
"98495","0.007572303991764784","0.007572303991764784","0.007572303991764784"
"98497","0.007835025899112225","0.007835025899112225","0.007835025899112225"
"98506","0.007392989005893469","0.007392989005893469","0.007392989005893469"
"98525","0.007323352620005608","0.007323352620005608","0.007323352620005608"
"98530","0.007688273675739765","0.007688273675739765","0.007688273675739765"
"98536","0.008869146928191185","0.008869146928191185","0.008869146928191185"
"98544","0.00778683228418231","0.00778683228418231","0.00778683228418231"
"98554","0.006543115712702274","0.006543115712702274","0.006543115712702274"
"98559","0.009263505227863789","0.009263505227863789","0.009263505227863789"
"98599","0.007364299148321152","0.007364299148321152","0.007364299148321152"
"98604","0.008630236610770226","0.008630236610770226","0.008630236610770226"
"98611","0.00727803073823452","0.00727803073823452","0.00727803073823452"
"98612","0.009429411962628365","0.009429411962628365","0.009429411962628365"
"98616","0.005180625710636377","0.005180625710636377","0.005180625710636377"
"98619","0.007641135714948177","0.007641135714948177","0.007641135714948177"
"98636","0.008604872971773148","0.008604872971773148","0.008604872971773148"
"98644","0.006306973285973072","0.006306973285973072","0.006306973285973072"
"98652","0.008463124744594097","0.008463124744594097","0.008463124744594097"
"98663","0.0067315236665308475","0.0067315236665308475","0.0067315236665308475"
"98664","0.006761327851563692","0.006761327851563692","0.006761327851563692"
"98665","0.008117834106087685","0.008117834106087685","0.008117834106087685"
"98669","0.006560501176863909","0.006560501176863909","0.006560501176863909"
"98688","0.006225063465535641","0.006225063465535641","0.006225063465535641"
"98713","0.00983824860304594","0.00983824860304594","0.00983824860304594"
"98715","0.006646143738180399","0.006646143738180399","0.006646143738180399"
"98734","0.010413546115159988","0.010413546115159988","0.010413546115159988"
"98746","0.009307718835771084","0.009307718835771084","0.009307718835771084"
"98753","0.008525175042450428","0.008525175042450428","0.008525175042450428"
"98757","0.009756732732057571","0.009756732732057571","0.009756732732057571"
"98766","0.007290857844054699","0.007290857844054699","0.007290857844054699"
"98767","0.011665688827633858","0.011665688827633858","0.011665688827633858"
"98772","0.00748487701639533","0.00748487701639533","0.00748487701639533"
"98799","0.007656774017959833","0.007656774017959833","0.007656774017959833"
"98802","0.007701984606683254","0.007701984606683254","0.007701984606683254"
"98807","0.007326583843678236","0.007326583843678236","0.007326583843678236"
"98811","0.00828548800200224","0.00828548800200224","0.00828548800200224"
"98816","0.004905062261968851","0.004905062261968851","0.004905062261968851"
"98837","0.0064831986092031","0.0064831986092031","0.0064831986092031"
"98840","0.008601595647633076","0.008601595647633076","0.008601595647633076"
"98846","0.007232872769236565","0.007232872769236565","0.007232872769236565"
"98850","0.006950254086405039","0.006950254086405039","0.006950254086405039"
"98858","0.007608851883560419","0.007608851883560419","0.007608851883560419"
"98874","0.008880237117409706","0.008880237117409706","0.008880237117409706"
"98884","0.006758000236004591","0.006758000236004591","0.006758000236004591"
"98886","0.006311055738478899","0.006311055738478899","0.006311055738478899"
"98891","0.007212571334093809","0.007212571334093809","0.007212571334093809"
"98900","0.0065820487216115","0.0065820487216115","0.0065820487216115"
"98910","0.00817937683314085","0.00817937683314085","0.00817937683314085"
"98912","0.007855652831494808","0.007855652831494808","0.007855652831494808"
"98914","0.007447730749845505","0.007447730749845505","0.007447730749845505"
"98916","0.00994637981057167","0.00994637981057167","0.00994637981057167"
"98936","0.007007158361375332","0.007007158361375332","0.007007158361375332"
"98945","0.007494616787880659","0.007494616787880659","0.007494616787880659"
"98957","0.007330187596380711","0.007330187596380711","0.007330187596380711"
"98958","0.00896558165550232","0.00896558165550232","0.00896558165550232"
"98964","0.007453052792698145","0.007453052792698145","0.007453052792698145"
"99033","0.009380999021232128","0.009380999021232128","0.009380999021232128"
"99063","0.006820854730904102","0.006820854730904102","0.006820854730904102"
"99076","0.008427584543824196","0.008427584543824196","0.008427584543824196"
"99089","0.008417097851634026","0.008417097851634026","0.008417097851634026"
"99107","0.0066548497416079044","0.0066548497416079044","0.0066548497416079044"
"99110","0.00717772776260972","0.00717772776260972","0.00717772776260972"
"99111","0.006555019412189722","0.006555019412189722","0.006555019412189722"
"99116","0.006126338616013527","0.006126338616013527","0.006126338616013527"
"99127","0.007475452031940222","0.007475452031940222","0.007475452031940222"
"99129","0.007769781164824963","0.007769781164824963","0.007769781164824963"
"99139","0.007858313620090485","0.007858313620090485","0.007858313620090485"
"99140","0.007362764794379473","0.007362764794379473","0.007362764794379473"
"99158","0.008435540832579136","0.008435540832579136","0.008435540832579136"
"99165","0.005202103406190872","0.005202103406190872","0.005202103406190872"
"99191","0.008604644797742367","0.008604644797742367","0.008604644797742367"
"99195","0.005514163989573717","0.005514163989573717","0.005514163989573717"
"99197","0.0063400897197425365","0.0063400897197425365","0.0063400897197425365"
"99198","0.005608563311398029","0.005608563311398029","0.005608563311398029"
"99218","0.00850261002779007","0.00850261002779007","0.00850261002779007"
"99230","0.010555664077401161","0.010555664077401161","0.010555664077401161"
"99235","0.008463558740913868","0.008463558740913868","0.008463558740913868"
"99236","0.008005071431398392","0.008005071431398392","0.008005071431398392"
"99246","0.008356081321835518","0.008356081321835518","0.008356081321835518"
"99248","0.01024707593023777","0.01024707593023777","0.01024707593023777"
"99254","0.009078649803996086","0.009078649803996086","0.009078649803996086"
"99255","0.010199074633419514","0.010199074633419514","0.010199074633419514"
"99264","0.007492253556847572","0.007492253556847572","0.007492253556847572"
"99270","0.009785627014935017","0.009785627014935017","0.009785627014935017"
"99274","0.008195332251489162","0.008195332251489162","0.008195332251489162"
"99300","0.008117083460092545","0.008117083460092545","0.008117083460092545"
"99305","0.007977419532835484","0.007977419532835484","0.007977419532835484"
"99306","0.008401875384151936","0.008401875384151936","0.008401875384151936"
"99307","0.009199824184179306","0.009199824184179306","0.009199824184179306"
"99321","0.008915371261537075","0.008915371261537075","0.008915371261537075"
"99323","0.007878909818828106","0.007878909818828106","0.007878909818828106"
"99349","0.008339809253811836","0.008339809253811836","0.008339809253811836"
"99354","0.008255409076809883","0.008255409076809883","0.008255409076809883"
"99361","0.009235669858753681","0.009235669858753681","0.009235669858753681"
"99367","0.009880952537059784","0.009880952537059784","0.009880952537059784"
"99382","0.008780507370829582","0.008780507370829582","0.008780507370829582"
"99383","0.009205798618495464","0.009205798618495464","0.009205798618495464"
"99385","0.007368560414761305","0.007368560414761305","0.007368560414761305"
"99389","0.006560883484780788","0.006560883484780788","0.006560883484780788"
"99390","0.007866451516747475","0.007866451516747475","0.007866451516747475"
"99403","0.0075818817131221294","0.0075818817131221294","0.0075818817131221294"
"99405","0.006973011884838343","0.006973011884838343","0.006973011884838343"
"99421","0.008057937026023865","0.008057937026023865","0.008057937026023865"
"99426","0.007976343855261803","0.007976343855261803","0.007976343855261803"
"99429","0.008580110967159271","0.008580110967159271","0.008580110967159271"
"99430","0.008988370187580585","0.008988370187580585","0.008988370187580585"
"99435","0.007449565455317497","0.007449565455317497","0.007449565455317497"
"99445","0.005854374263435602","0.005854374263435602","0.005854374263435602"
"99447","0.009221131913363934","0.009221131913363934","0.009221131913363934"
"99452","0.008666888810694218","0.008666888810694218","0.008666888810694218"
"99456","0.008278126828372478","0.008278126828372478","0.008278126828372478"
"99466","0.008455857634544373","0.008455857634544373","0.008455857634544373"
"99482","0.007348466198891401","0.007348466198891401","0.007348466198891401"
"99491","0.006519689690321684","0.006519689690321684","0.006519689690321684"
"99495","0.00746576301753521","0.00746576301753521","0.00746576301753521"
"99518","0.007609659805893898","0.007609659805893898","0.007609659805893898"
"99537","0.0050181737169623375","0.0050181737169623375","0.0050181737169623375"
"99547","0.009178431704640388","0.009178431704640388","0.009178431704640388"
"99551","0.007058255840092897","0.007058255840092897","0.007058255840092897"
"99565","0.007535350508987904","0.007535350508987904","0.007535350508987904"
"99573","0.006739380303770304","0.006739380303770304","0.006739380303770304"
"99585","0.00964636355638504","0.00964636355638504","0.00964636355638504"
"99595","0.0073632304556667805","0.0073632304556667805","0.0073632304556667805"
"99596","0.0071932184509932995","0.0071932184509932995","0.0071932184509932995"
"99607","0.0075491429306566715","0.0075491429306566715","0.0075491429306566715"
"99617","0.008527195081114769","0.008527195081114769","0.008527195081114769"
"99621","0.008022887632250786","0.008022887632250786","0.008022887632250786"
"99623","0.008638348430395126","0.008638348430395126","0.008638348430395126"
"99637","0.006442180369049311","0.006442180369049311","0.006442180369049311"
"99645","0.0060182600282132626","0.0060182600282132626","0.0060182600282132626"
"99653","0.006588067393749952","0.006588067393749952","0.006588067393749952"
"99654","0.00942347664386034","0.00942347664386034","0.00942347664386034"
"99660","0.005873236805200577","0.005873236805200577","0.005873236805200577"
"99668","0.006529024336487055","0.006529024336487055","0.006529024336487055"
"99678","0.007805500645190477","0.007805500645190477","0.007805500645190477"
"99682","0.004953331779688597","0.004953331779688597","0.004953331779688597"
"99685","0.01135698426514864","0.01135698426514864","0.01135698426514864"
"99686","0.006095750257372856","0.006095750257372856","0.006095750257372856"
"99690","0.009544813074171543","0.009544813074171543","0.009544813074171543"
"99716","0.009572270326316357","0.009572270326316357","0.009572270326316357"
"99720","0.00613674009218812","0.00613674009218812","0.00613674009218812"
"99721","0.005676413420587778","0.005676413420587778","0.005676413420587778"
"99727","0.0076458146795630455","0.0076458146795630455","0.0076458146795630455"
"99751","0.006297157611697912","0.006297157611697912","0.006297157611697912"
"99753","0.009517277590930462","0.009517277590930462","0.009517277590930462"
"99754","0.0080410810187459","0.0080410810187459","0.0080410810187459"
"99758","0.00772203179076314","0.00772203179076314","0.00772203179076314"
"99785","0.00876865815371275","0.00876865815371275","0.00876865815371275"
"99788","0.007868855260312557","0.007868855260312557","0.007868855260312557"
"99793","0.0078665092587471","0.0078665092587471","0.0078665092587471"
"99797","0.008454482071101665","0.008454482071101665","0.008454482071101665"
"99817","0.011156082153320312","0.011156082153320312","0.011156082153320312"
"99830","0.009850570932030678","0.009850570932030678","0.009850570932030678"
"99834","0.007265276741236448","0.007265276741236448","0.007265276741236448"
"99855","0.005993654020130634","0.005993654020130634","0.005993654020130634"
"99858","0.007878150790929794","0.007878150790929794","0.007878150790929794"
"99860","0.009480884298682213","0.009480884298682213","0.009480884298682213"
"99871","0.009291870519518852","0.009291870519518852","0.009291870519518852"
"99883","0.006165938451886177","0.006165938451886177","0.006165938451886177"
"99906","0.009611069224774837","0.009611069224774837","0.009611069224774837"
"99909","0.007728195283561945","0.007728195283561945","0.007728195283561945"
"99918","0.006598066072911024","0.006598066072911024","0.006598066072911024"
"99931","0.005453235935419798","0.005453235935419798","0.005453235935419798"
"99934","0.00987130869179964","0.00987130869179964","0.00987130869179964"
"99937","0.009658081457018852","0.009658081457018852","0.009658081457018852"
"99938","0.0061874897219240665","0.0061874897219240665","0.0061874897219240665"
"99943","0.009787612594664097","0.009787612594664097","0.009787612594664097"
"99947","0.006830396596342325","0.006830396596342325","0.006830396596342325"
"99948","0.009259368292987347","0.009259368292987347","0.009259368292987347"
"99969","0.009591086767613888","0.009591086767613888","0.009591086767613888"
"99982","0.00734985526651144","0.00734985526651144","0.00734985526651144"
"99991","0.009280267171561718","0.009280267171561718","0.009280267171561718"
"99992","0.0062289731577038765","0.0062289731577038765","0.0062289731577038765"
"100000","0.006612525321543217","0.006612525321543217","0.006612525321543217"
"100002","0.009301547892391682","0.009301547892391682","0.009301547892391682"
"100008","0.007083601783961058","0.007083601783961058","0.007083601783961058"
"100016","0.008508334867656231","0.008508334867656231","0.008508334867656231"
"100028","0.00995201338082552","0.00995201338082552","0.00995201338082552"
"100031","0.0070307268761098385","0.0070307268761098385","0.0070307268761098385"
"100047","0.008482848294079304","0.008482848294079304","0.008482848294079304"
"100060","0.009309913031756878","0.009309913031756878","0.009309913031756878"
"100071","0.0049375309608876705","0.0049375309608876705","0.0049375309608876705"
"100072","0.010047713294625282","0.010047713294625282","0.010047713294625282"
"100086","0.007066812831908464","0.007066812831908464","0.007066812831908464"
"100104","0.008392524905502796","0.008392524905502796","0.008392524905502796"
"100114","0.005724009126424789","0.005724009126424789","0.005724009126424789"
"100116","0.008546882309019566","0.008546882309019566","0.008546882309019566"
"100119","0.007642801851034164","0.007642801851034164","0.007642801851034164"
"100133","0.006526915356516838","0.006526915356516838","0.006526915356516838"
"100178","0.008686154149472713","0.008686154149472713","0.008686154149472713"
"100187","0.006767908111214638","0.006767908111214638","0.006767908111214638"
"100190","0.006863399408757687","0.006863399408757687","0.006863399408757687"
"100197","0.0044105942361056805","0.0044105942361056805","0.0044105942361056805"
"100208","0.008832716383039951","0.008832716383039951","0.008832716383039951"
"100222","0.005597645416855812","0.005597645416855812","0.005597645416855812"
"100223","0.008633330464363098","0.008633330464363098","0.008633330464363098"
"100228","0.006078188307583332","0.006078188307583332","0.006078188307583332"
"100258","0.008015476167201996","0.008015476167201996","0.008015476167201996"
"100260","0.010135747492313385","0.010135747492313385","0.010135747492313385"
"100267","0.005763199646025896","0.005763199646025896","0.005763199646025896"
"100271","0.006956568453460932","0.006956568453460932","0.006956568453460932"
"100292","0.00910391379147768","0.00910391379147768","0.00910391379147768"
"100293","0.008308010175824165","0.008308010175824165","0.008308010175824165"
"100298","0.006730133201926947","0.006730133201926947","0.006730133201926947"
"100302","0.007501290645450354","0.007501290645450354","0.007501290645450354"
"100311","0.005994086153805256","0.005994086153805256","0.005994086153805256"
"100333","0.006563876755535603","0.006563876755535603","0.006563876755535603"
"100353","0.00945297908037901","0.00945297908037901","0.00945297908037901"
"100354","0.0091658104211092","0.0091658104211092","0.0091658104211092"
"100358","0.006820844952017069","0.006820844952017069","0.006820844952017069"
"100377","0.00662132678553462","0.00662132678553462","0.00662132678553462"
"100381","0.010182628408074379","0.010182628408074379","0.010182628408074379"
"100397","0.007760851643979549","0.007760851643979549","0.007760851643979549"
"100405","0.008838930167257786","0.008838930167257786","0.008838930167257786"
"100414","0.005740440916270018","0.005740440916270018","0.005740440916270018"
"100434","0.005461528897285461","0.005461528897285461","0.005461528897285461"
"100436","0.00584340700879693","0.00584340700879693","0.00584340700879693"
"100439","0.008311979472637177","0.008311979472637177","0.008311979472637177"
"100446","0.0055089653469622135","0.0055089653469622135","0.0055089653469622135"
"100470","0.005171758588403463","0.005171758588403463","0.005171758588403463"
"100471","0.009193958714604378","0.009193958714604378","0.009193958714604378"
"100538","0.007956290617585182","0.007956290617585182","0.007956290617585182"
"100558","0.007047376129776239","0.007047376129776239","0.007047376129776239"
"100559","0.005383368581533432","0.005383368581533432","0.005383368581533432"
"100580","0.007137535139918327","0.007137535139918327","0.007137535139918327"
"100581","0.008664064109325409","0.008664064109325409","0.008664064109325409"
"100584","0.008139262907207012","0.008139262907207012","0.008139262907207012"
"100585","0.00745405862107873","0.00745405862107873","0.00745405862107873"
"100600","0.003777818288654089","0.003777818288654089","0.003777818288654089"
"100604","0.009248374029994011","0.009248374029994011","0.009248374029994011"